solid OpenSCAD_Model
  facet normal -0 0 1
    outer loop
      vertex 8 24 32
      vertex 17 -24 32
      vertex 17 24 32
    endloop
  endfacet
  facet normal 0 0 1
    outer loop
      vertex 17 -24 32
      vertex 8 24 32
      vertex 8 -24 32
    endloop
  endfacet
  facet normal -1 0 0
    outer loop
      vertex 0 -8 13.4
      vertex 0 8 15
      vertex 0 8 13.4
    endloop
  endfacet
  facet normal -1 -0 0
    outer loop
      vertex 0 8 15
      vertex 0 -8 13.4
      vertex 0 -8 15
    endloop
  endfacet
  facet normal -1 0 0
    outer loop
      vertex 0 -8 10.4
      vertex 0 8 12
      vertex 0 8 10.4
    endloop
  endfacet
  facet normal -1 -0 0
    outer loop
      vertex 0 8 12
      vertex 0 -8 10.4
      vertex 0 -8 12
    endloop
  endfacet
  facet normal -1 0 0
    outer loop
      vertex 0 18 0
      vertex 0 17 18
      vertex 0 18 24
    endloop
  endfacet
  facet normal -1 0 0
    outer loop
      vertex 0 8 9
      vertex 0 17 18
      vertex 0 18 0
    endloop
  endfacet
  facet normal -1 0 0
    outer loop
      vertex 0 8 12
      vertex 0 17 18
      vertex 0 8 10.4
    endloop
  endfacet
  facet normal -1 0 0
    outer loop
      vertex 0 17 18
      vertex 0 8 9
      vertex 0 8 10.4
    endloop
  endfacet
  facet normal -1 0 0
    outer loop
      vertex 0 18 0
      vertex 0 -8 9
      vertex 0 8 9
    endloop
  endfacet
  facet normal -1 0 0
    outer loop
      vertex 0 -17 18
      vertex 0 -8 10.4
      vertex 0 -8 9
    endloop
  endfacet
  facet normal -1 0 0
    outer loop
      vertex 0 -8 10.4
      vertex 0 -17 18
      vertex 0 -8 12
    endloop
  endfacet
  facet normal -1 0 0
    outer loop
      vertex 0 -8 12
      vertex 0 -17 18
      vertex 0 -8 13.4
    endloop
  endfacet
  facet normal -1 0 0
    outer loop
      vertex 0 -8 13.4
      vertex 0 -11 18
      vertex 0 -8 15
    endloop
  endfacet
  facet normal -1 0 0
    outer loop
      vertex 0 -8 15
      vertex 0 -11 18
      vertex 0 -8 16.4
    endloop
  endfacet
  facet normal -1 0 0
    outer loop
      vertex 0 -8 13.4
      vertex 0 -17 18
      vertex 0 -11 18
    endloop
  endfacet
  facet normal -1 0 0
    outer loop
      vertex 0 -18 24
      vertex 0 -17 18
      vertex 0 -18 0
    endloop
  endfacet
  facet normal -1 -0 0
    outer loop
      vertex 0 -8 9
      vertex 0 -18 0
      vertex 0 -17 18
    endloop
  endfacet
  facet normal -1 0 0
    outer loop
      vertex 0 -18 0
      vertex 0 -8 9
      vertex 0 18 0
    endloop
  endfacet
  facet normal -1 0 0
    outer loop
      vertex 0 17 22
      vertex 0 18 24
      vertex 0 17 18
    endloop
  endfacet
  facet normal -1 0 0
    outer loop
      vertex 0 11 22
      vertex 0 18 24
      vertex 0 17 22
    endloop
  endfacet
  facet normal -1 0 0
    outer loop
      vertex 0 8 13.4
      vertex 0 17 18
      vertex 0 8 12
    endloop
  endfacet
  facet normal -1 -0 0
    outer loop
      vertex 0 17 18
      vertex 0 8 13.4
      vertex 0 11 18
    endloop
  endfacet
  facet normal -1 0 0
    outer loop
      vertex 0 8 15
      vertex 0 11 18
      vertex 0 8 13.4
    endloop
  endfacet
  facet normal -1 0 0
    outer loop
      vertex 0 8 16.4
      vertex 0 11 18
      vertex 0 8 15
    endloop
  endfacet
  facet normal -1 -0 0
    outer loop
      vertex 0 11 18
      vertex 0 8 16.4
      vertex 0 11 22
    endloop
  endfacet
  facet normal -1 0 0
    outer loop
      vertex 0 -8 16.4
      vertex 0 11 22
      vertex 0 8 16.4
    endloop
  endfacet
  facet normal -1 0 0
    outer loop
      vertex 0 -11 22
      vertex 0 -8 16.4
      vertex 0 -11 18
    endloop
  endfacet
  facet normal -1 0 0
    outer loop
      vertex 0 -8 16.4
      vertex 0 -11 22
      vertex 0 11 22
    endloop
  endfacet
  facet normal -1 0 0
    outer loop
      vertex 0 11 22
      vertex 0 -11 22
      vertex 0 18 24
    endloop
  endfacet
  facet normal -1 0 0
    outer loop
      vertex 0 -18 24
      vertex 0 -11 22
      vertex 0 -17 22
    endloop
  endfacet
  facet normal -1 0 0
    outer loop
      vertex 0 -11 22
      vertex 0 -18 24
      vertex 0 18 24
    endloop
  endfacet
  facet normal -1 0 0
    outer loop
      vertex 0 -17 18
      vertex 0 -18 24
      vertex 0 -17 22
    endloop
  endfacet
  facet normal 1 0 0
    outer loop
      vertex 17 24 32
      vertex 17 23 23
      vertex 17 24 22
    endloop
  endfacet
  facet normal 1 0 0
    outer loop
      vertex 17 24 32
      vertex 17 -23 23
      vertex 17 23 23
    endloop
  endfacet
  facet normal 1 -0 0
    outer loop
      vertex 17 -24 32
      vertex 17 -23 23
      vertex 17 24 32
    endloop
  endfacet
  facet normal 1 0 0
    outer loop
      vertex 17 -23 23
      vertex 17 -24 32
      vertex 17 -24 22
    endloop
  endfacet
  facet normal -0.904342 0.00107912 0.426808
    outer loop
      vertex 0.608963 20.618 27.0615
      vertex 0.94463 21.2224 27.7712
      vertex 0.708466 20.8284 27.2718
    endloop
  endfacet
  facet normal -0.903987 0 0.427559
    outer loop
      vertex 0.608963 -20.618 27.0615
      vertex 0.94463 21.2224 27.7712
      vertex 0.608963 20.618 27.0615
    endloop
  endfacet
  facet normal -0.904342 -0.00107912 0.426808
    outer loop
      vertex 0.94463 -21.2224 27.7712
      vertex 0.608963 -20.618 27.0615
      vertex 0.708466 -20.8284 27.2718
    endloop
  endfacet
  facet normal -0.903987 0 0.427559
    outer loop
      vertex 0.608963 -20.618 27.0615
      vertex 0.94463 -21.2224 27.7712
      vertex 0.94463 21.2224 27.7712
    endloop
  endfacet
  facet normal -0.741065 0.000159068 0.671433
    outer loop
      vertex 1.81592 22.2957 29.0751
      vertex 2.34315 22.7489 29.6569
      vertex 2.19363 22.6381 29.4919
    endloop
  endfacet
  facet normal -0.741004 0 0.671501
    outer loop
      vertex 1.81592 -22.2957 29.0751
      vertex 2.34315 22.7489 29.6569
      vertex 1.81592 22.2957 29.0751
    endloop
  endfacet
  facet normal -0.741065 -0.000159068 0.671433
    outer loop
      vertex 2.34315 -22.7489 29.6569
      vertex 1.81592 -22.2957 29.0751
      vertex 2.19363 -22.6381 29.4919
    endloop
  endfacet
  facet normal -0.741004 0 0.671501
    outer loop
      vertex 1.81592 -22.2957 29.0751
      vertex 2.34315 -22.7489 29.6569
      vertex 2.34315 22.7489 29.6569
    endloop
  endfacet
  facet normal -0.146737 0 0.989176
    outer loop
      vertex 6.43928 24 31.8463
      vertex 7.21586 -24 31.9615
      vertex 7.21586 24 31.9615
    endloop
  endfacet
  facet normal -0.146737 0 0.989176
    outer loop
      vertex 7.21586 -24 31.9615
      vertex 6.43928 24 31.8463
      vertex 6.43928 -24 31.8463
    endloop
  endfacet
  facet normal -0.970061 0.000129532 0.242862
    outer loop
      vertex 0.153717 19.324 25.5607
      vertex 0.344477 19.9824 26.3223
      vertex 0.258347 19.7417 25.9784
    endloop
  endfacet
  facet normal -0.970035 0 0.242967
    outer loop
      vertex 0.153717 -19.324 25.5607
      vertex 0.344477 19.9824 26.3223
      vertex 0.153717 19.324 25.5607
    endloop
  endfacet
  facet normal -0.970061 -0.000129532 0.242862
    outer loop
      vertex 0.344477 -19.9824 26.3223
      vertex 0.153717 -19.324 25.5607
      vertex 0.258347 -19.7417 25.9784
    endloop
  endfacet
  facet normal -0.970035 0 0.242967
    outer loop
      vertex 0.153717 -19.324 25.5607
      vertex 0.344477 -19.9824 26.3223
      vertex 0.344477 19.9824 26.3223
    endloop
  endfacet
  facet normal 0 0 -1
    outer loop
      vertex 58.5 -24 0
      vertex 60 -22.5 0
      vertex 59.9928 -22.647 0
    endloop
  endfacet
  facet normal 0 0 -1
    outer loop
      vertex 58.5 -24 0
      vertex 59.9928 -22.647 0
      vertex 59.9712 -22.7926 0
    endloop
  endfacet
  facet normal 0 0 -1
    outer loop
      vertex 58.5 -24 0
      vertex 59.9712 -22.7926 0
      vertex 59.9354 -22.9354 0
    endloop
  endfacet
  facet normal 0 0 -1
    outer loop
      vertex 58.5 -24 0
      vertex 59.9354 -22.9354 0
      vertex 59.8858 -23.074 0
    endloop
  endfacet
  facet normal 0 0 -1
    outer loop
      vertex 58.5 -24 0
      vertex 59.8858 -23.074 0
      vertex 59.8229 -23.2071 0
    endloop
  endfacet
  facet normal 0 0 -1
    outer loop
      vertex 58.5 -24 0
      vertex 59.8229 -23.2071 0
      vertex 59.7472 -23.3333 0
    endloop
  endfacet
  facet normal 0 0 -1
    outer loop
      vertex 58.5 -24 0
      vertex 59.7472 -23.3333 0
      vertex 59.6595 -23.4516 0
    endloop
  endfacet
  facet normal 0 0 -1
    outer loop
      vertex 58.5 -24 0
      vertex 59.6595 -23.4516 0
      vertex 59.5607 -23.5607 0
    endloop
  endfacet
  facet normal 0 0 -1
    outer loop
      vertex 58.5 -24 0
      vertex 59.5607 -23.5607 0
      vertex 59.4516 -23.6595 0
    endloop
  endfacet
  facet normal 0 0 -1
    outer loop
      vertex 58.5 -24 0
      vertex 59.4516 -23.6595 0
      vertex 59.3333 -23.7472 0
    endloop
  endfacet
  facet normal 0 0 -1
    outer loop
      vertex 58.5 -24 0
      vertex 59.3333 -23.7472 0
      vertex 59.2071 -23.8229 0
    endloop
  endfacet
  facet normal 0 0 -1
    outer loop
      vertex 58.5 -24 0
      vertex 59.2071 -23.8229 0
      vertex 59.074 -23.8858 0
    endloop
  endfacet
  facet normal 0 0 -1
    outer loop
      vertex 58.5 -24 0
      vertex 59.074 -23.8858 0
      vertex 58.9354 -23.9354 0
    endloop
  endfacet
  facet normal 0 0 -1
    outer loop
      vertex 58.5 -24 0
      vertex 58.9354 -23.9354 0
      vertex 58.7926 -23.9712 0
    endloop
  endfacet
  facet normal 0 0 -1
    outer loop
      vertex 58.5 -24 0
      vertex 58.7926 -23.9712 0
      vertex 58.647 -23.9928 0
    endloop
  endfacet
  facet normal 0 0 -1
    outer loop
      vertex 60 -22.5 0
      vertex 58.5 -24 0
      vertex 57.5 -24 0
    endloop
  endfacet
  facet normal -0 0 -1
    outer loop
      vertex 60 -22.5 0
      vertex 57.5 -24 0
      vertex 57.5 -15 0
    endloop
  endfacet
  facet normal 0 0 -1
    outer loop
      vertex 60 -22.5 0
      vertex 57.5 -15 0
      vertex 60 -6.2 0
    endloop
  endfacet
  facet normal 0 0 -1
    outer loop
      vertex 57.5 -15 0
      vertex 53.8 -6.2 0
      vertex 60 -6.2 0
    endloop
  endfacet
  facet normal -0 0 -1
    outer loop
      vertex 53.8 -6.2 0
      vertex 32.5 -15 0
      vertex 53.8 6.2 0
    endloop
  endfacet
  facet normal 0 0 -1
    outer loop
      vertex 32.5 -15 0
      vertex 53.8 -6.2 0
      vertex 57.5 -15 0
    endloop
  endfacet
  facet normal 0 0 -1
    outer loop
      vertex 57.5 15 0
      vertex 60 22.5 0
      vertex 60 6.2 0
    endloop
  endfacet
  facet normal 0 0 -1
    outer loop
      vertex 57.5 24 0
      vertex 60 22.5 0
      vertex 57.5 15 0
    endloop
  endfacet
  facet normal -0 -0 -1
    outer loop
      vertex 58.5 24 0
      vertex 60 22.5 0
      vertex 57.5 24 0
    endloop
  endfacet
  facet normal 0 0 -1
    outer loop
      vertex 60 22.5 0
      vertex 58.5 24 0
      vertex 59.9928 22.647 0
    endloop
  endfacet
  facet normal 0 0 -1
    outer loop
      vertex 59.9928 22.647 0
      vertex 58.5 24 0
      vertex 59.9712 22.7926 0
    endloop
  endfacet
  facet normal 0 0 -1
    outer loop
      vertex 59.9712 22.7926 0
      vertex 58.5 24 0
      vertex 59.9354 22.9354 0
    endloop
  endfacet
  facet normal 0 0 -1
    outer loop
      vertex 59.9354 22.9354 0
      vertex 58.5 24 0
      vertex 59.8858 23.074 0
    endloop
  endfacet
  facet normal 0 0 -1
    outer loop
      vertex 59.8858 23.074 0
      vertex 58.5 24 0
      vertex 59.8229 23.2071 0
    endloop
  endfacet
  facet normal 0 0 -1
    outer loop
      vertex 59.8229 23.2071 0
      vertex 58.5 24 0
      vertex 59.7472 23.3333 0
    endloop
  endfacet
  facet normal 0 0 -1
    outer loop
      vertex 59.7472 23.3333 0
      vertex 58.5 24 0
      vertex 59.6595 23.4516 0
    endloop
  endfacet
  facet normal 0 0 -1
    outer loop
      vertex 59.6595 23.4516 0
      vertex 58.5 24 0
      vertex 59.5607 23.5607 0
    endloop
  endfacet
  facet normal 0 0 -1
    outer loop
      vertex 59.5607 23.5607 0
      vertex 58.5 24 0
      vertex 59.4516 23.6595 0
    endloop
  endfacet
  facet normal 0 0 -1
    outer loop
      vertex 59.4516 23.6595 0
      vertex 58.5 24 0
      vertex 59.3333 23.7472 0
    endloop
  endfacet
  facet normal 0 0 -1
    outer loop
      vertex 59.3333 23.7472 0
      vertex 58.5 24 0
      vertex 59.2071 23.8229 0
    endloop
  endfacet
  facet normal 0 0 -1
    outer loop
      vertex 59.074 23.8858 0
      vertex 58.5 24 0
      vertex 58.9354 23.9354 0
    endloop
  endfacet
  facet normal 0 0 -1
    outer loop
      vertex 58.9354 23.9354 0
      vertex 58.5 24 0
      vertex 58.7926 23.9712 0
    endloop
  endfacet
  facet normal 0 0 -1
    outer loop
      vertex 58.7926 23.9712 0
      vertex 58.5 24 0
      vertex 58.647 23.9928 0
    endloop
  endfacet
  facet normal 0 0 -1
    outer loop
      vertex 53.8 6.2 0
      vertex 57.5 15 0
      vertex 60 6.2 0
    endloop
  endfacet
  facet normal 0 0 -1
    outer loop
      vertex 32.5 15 0
      vertex 53.8 6.2 0
      vertex 32.5 -15 0
    endloop
  endfacet
  facet normal 0 0 -1
    outer loop
      vertex 53.8 6.2 0
      vertex 32.5 15 0
      vertex 57.5 15 0
    endloop
  endfacet
  facet normal 0 0 -1
    outer loop
      vertex 59.2071 23.8229 0
      vertex 58.5 24 0
      vertex 59.074 23.8858 0
    endloop
  endfacet
  facet normal 0 0 -1
    outer loop
      vertex 2.66656 -22.9888 0
      vertex 3.5 -15 0
      vertex 3.5 -23.4468 0
    endloop
  endfacet
  facet normal -0 0 -1
    outer loop
      vertex 3.5 -15 0
      vertex 0 -18 0
      vertex 3.5 15 0
    endloop
  endfacet
  facet normal 0 0 -1
    outer loop
      vertex 2.66656 -22.9888 0
      vertex 3.5 -23.4468 0
      vertex 3.17162 -23.2915 0
    endloop
  endfacet
  facet normal 0 0 -1
    outer loop
      vertex 0 18 0
      vertex 3.5 15 0
      vertex 0 -18 0
    endloop
  endfacet
  facet normal 0 0 -1
    outer loop
      vertex 2.19363 -22.6381 0
      vertex 3.5 -15 0
      vertex 2.66656 -22.9888 0
    endloop
  endfacet
  facet normal 0 -0 -1
    outer loop
      vertex 0.0288849 18.5881 0
      vertex 3.5 15 0
      vertex 0 18 0
    endloop
  endfacet
  facet normal 0 0 -1
    outer loop
      vertex 1.75735 -22.2426 0
      vertex 3.5 -15 0
      vertex 2.19363 -22.6381 0
    endloop
  endfacet
  facet normal 0 0 -1
    outer loop
      vertex 3.5 15 0
      vertex 2.66656 22.9888 0
      vertex 3.5 23.4468 0
    endloop
  endfacet
  facet normal 0 0 -1
    outer loop
      vertex 1.36192 -21.8064 0
      vertex 3.5 -15 0
      vertex 1.75735 -22.2426 0
    endloop
  endfacet
  facet normal 0 0 -1
    outer loop
      vertex 3.5 23.4468 0
      vertex 2.66656 22.9888 0
      vertex 3.17162 23.2915 0
    endloop
  endfacet
  facet normal 0 0 -1
    outer loop
      vertex 1.01117 -21.3334 0
      vertex 3.5 -15 0
      vertex 1.36192 -21.8064 0
    endloop
  endfacet
  facet normal 0 0 -1
    outer loop
      vertex 3.5 15 0
      vertex 2.19363 22.6381 0
      vertex 2.66656 22.9888 0
    endloop
  endfacet
  facet normal 0 0 -1
    outer loop
      vertex 0.708466 -20.8284 0
      vertex 3.5 -15 0
      vertex 1.01117 -21.3334 0
    endloop
  endfacet
  facet normal 0 0 -1
    outer loop
      vertex 3.5 15 0
      vertex 1.75735 22.2426 0
      vertex 2.19363 22.6381 0
    endloop
  endfacet
  facet normal 0 0 -1
    outer loop
      vertex 0.456711 -20.2961 0
      vertex 3.5 -15 0
      vertex 0.708466 -20.8284 0
    endloop
  endfacet
  facet normal 0 0 -1
    outer loop
      vertex 3.5 15 0
      vertex 1.36192 21.8064 0
      vertex 1.75735 22.2426 0
    endloop
  endfacet
  facet normal 0 0 -1
    outer loop
      vertex 0.258347 -19.7417 0
      vertex 3.5 -15 0
      vertex 0.456711 -20.2961 0
    endloop
  endfacet
  facet normal 0 0 -1
    outer loop
      vertex 3.5 15 0
      vertex 1.01117 21.3334 0
      vertex 1.36192 21.8064 0
    endloop
  endfacet
  facet normal 0 0 -1
    outer loop
      vertex 0.11528 -19.1705 0
      vertex 3.5 -15 0
      vertex 0.258347 -19.7417 0
    endloop
  endfacet
  facet normal 0 0 -1
    outer loop
      vertex 3.5 15 0
      vertex 0.708466 20.8284 0
      vertex 1.01117 21.3334 0
    endloop
  endfacet
  facet normal 0 0 -1
    outer loop
      vertex 0.0288849 -18.5881 0
      vertex 3.5 -15 0
      vertex 0.11528 -19.1705 0
    endloop
  endfacet
  facet normal 0 0 -1
    outer loop
      vertex 3.5 15 0
      vertex 0.456711 20.2961 0
      vertex 0.708466 20.8284 0
    endloop
  endfacet
  facet normal 0 0 -1
    outer loop
      vertex 3.5 -15 0
      vertex 0.0288849 -18.5881 0
      vertex 0 -18 0
    endloop
  endfacet
  facet normal 0 0 -1
    outer loop
      vertex 3.5 15 0
      vertex 0.258347 19.7417 0
      vertex 0.456711 20.2961 0
    endloop
  endfacet
  facet normal 0 0 -1
    outer loop
      vertex 3.5 15 0
      vertex 0.11528 19.1705 0
      vertex 0.258347 19.7417 0
    endloop
  endfacet
  facet normal 0 0 -1
    outer loop
      vertex 3.5 15 0
      vertex 0.0288849 18.5881 0
      vertex 0.11528 19.1705 0
    endloop
  endfacet
  facet normal 0 0 -1
    outer loop
      vertex 3.5 -15 0
      vertex 24.5 15 0
      vertex 24.5 -15 0
    endloop
  endfacet
  facet normal -0 0 -1
    outer loop
      vertex 24.5 15 0
      vertex 3.5 -15 0
      vertex 3.5 15 0
    endloop
  endfacet
  facet normal 0 0 -1
    outer loop
      vertex 24.5 -15 0
      vertex 32.5 -15 0
      vertex 32.5 -24 0
    endloop
  endfacet
  facet normal 0 0 -1
    outer loop
      vertex 32.5 -15 0
      vertex 24.5 -15 0
      vertex 32.5 15 0
    endloop
  endfacet
  facet normal 0 0 -1
    outer loop
      vertex 24.5 -15 0
      vertex 32.5 -24 0
      vertex 24.5 -24 0
    endloop
  endfacet
  facet normal 0 0 -1
    outer loop
      vertex 24.5 15 0
      vertex 32.5 15 0
      vertex 24.5 -15 0
    endloop
  endfacet
  facet normal 0 0 -1
    outer loop
      vertex 32.5 15 0
      vertex 24.5 15 0
      vertex 32.5 24 0
    endloop
  endfacet
  facet normal -0 0 -1
    outer loop
      vertex 32.5 24 0
      vertex 24.5 15 0
      vertex 24.5 24 0
    endloop
  endfacet
  facet normal -0.0490393 0 0.998797
    outer loop
      vertex 7.21586 24 31.9615
      vertex 8 -24 32
      vertex 8 24 32
    endloop
  endfacet
  facet normal -0.0490393 0 0.998797
    outer loop
      vertex 8 -24 32
      vertex 7.21586 24 31.9615
      vertex 7.21586 -24 31.9615
    endloop
  endfacet
  facet normal -0.80632 0.00801178 0.591426
    outer loop
      vertex 1.34824 21.7879 28.4446
      vertex 1.75735 22.2426 28.9962
      vertex 1.36192 21.8064 28.463
    endloop
  endfacet
  facet normal -0.801824 -0.0034617 0.59755
    outer loop
      vertex 1.75735 22.2426 28.9962
      vertex 1.34824 21.7879 28.4446
      vertex 1.81592 22.2957 29.0751
    endloop
  endfacet
  facet normal -0.803165 0 0.595756
    outer loop
      vertex 1.34824 -21.7879 28.4446
      vertex 1.81592 22.2957 29.0751
      vertex 1.34824 21.7879 28.4446
    endloop
  endfacet
  facet normal -0.80632 -0.00801178 0.591426
    outer loop
      vertex 1.75735 -22.2426 28.9962
      vertex 1.34824 -21.7879 28.4446
      vertex 1.36192 -21.8064 28.463
    endloop
  endfacet
  facet normal -0.801824 0.0034617 0.59755
    outer loop
      vertex 1.34824 -21.7879 28.4446
      vertex 1.75735 -22.2426 28.9962
      vertex 1.81592 -22.2957 29.0751
    endloop
  endfacet
  facet normal -0.803165 0 0.595756
    outer loop
      vertex 1.34824 -21.7879 28.4446
      vertex 1.81592 -22.2957 29.0751
      vertex 1.81592 22.2957 29.0751
    endloop
  endfacet
  facet normal -0.51543 0.00478026 0.856918
    outer loop
      vertex 3.55544 23.4731 30.6518
      vertex 4.22883 23.7311 31.0554
      vertex 3.70389 23.5433 30.7407
    endloop
  endfacet
  facet normal -0.514089 0 0.857737
    outer loop
      vertex 4.22883 23.7311 31.0554
      vertex 3.55544 23.4731 30.6518
      vertex 4.22883 -23.7311 31.0554
    endloop
  endfacet
  facet normal -0.514089 0 0.857737
    outer loop
      vertex 3.55544 -23.4731 30.6518
      vertex 4.22883 -23.7311 31.0554
      vertex 3.55544 23.4731 30.6518
    endloop
  endfacet
  facet normal -0.51543 -0.00478026 0.856918
    outer loop
      vertex 4.22883 -23.7311 31.0554
      vertex 3.55544 -23.4731 30.6518
      vertex 3.70389 -23.5433 30.7407
    endloop
  endfacet
  facet normal -0.336811 -0.000938668 0.941572
    outer loop
      vertex 4.93853 23.9009 31.391
      vertex 5.67772 23.9842 31.6555
      vertex 5.4119 23.9711 31.5604
    endloop
  endfacet
  facet normal -0.336905 0 0.941539
    outer loop
      vertex 5.67772 23.9842 31.6555
      vertex 4.93853 23.9009 31.391
      vertex 5.67772 -23.9842 31.6555
    endloop
  endfacet
  facet normal -0.336905 0 0.941539
    outer loop
      vertex 4.93853 -23.9009 31.391
      vertex 5.67772 -23.9842 31.6555
      vertex 4.93853 23.9009 31.391
    endloop
  endfacet
  facet normal -0.336811 0.000938668 0.941572
    outer loop
      vertex 5.67772 -23.9842 31.6555
      vertex 4.93853 -23.9009 31.391
      vertex 5.4119 -23.9711 31.5604
    endloop
  endfacet
  facet normal -0.427823 0.00170771 0.903861
    outer loop
      vertex 4.22883 23.7311 31.0554
      vertex 4.93853 23.9009 31.391
      vertex 4.82945 23.8847 31.3394
    endloop
  endfacet
  facet normal -0.427489 0 0.90402
    outer loop
      vertex 4.93853 23.9009 31.391
      vertex 4.22883 23.7311 31.0554
      vertex 4.93853 -23.9009 31.391
    endloop
  endfacet
  facet normal -0.429357 0.00913606 0.903089
    outer loop
      vertex 4.22883 23.7311 31.0554
      vertex 4.82945 23.8847 31.3394
      vertex 4.25829 23.7416 31.0693
    endloop
  endfacet
  facet normal -0.427489 0 0.90402
    outer loop
      vertex 4.22883 -23.7311 31.0554
      vertex 4.93853 -23.9009 31.391
      vertex 4.22883 23.7311 31.0554
    endloop
  endfacet
  facet normal -0.427823 -0.00170771 0.903861
    outer loop
      vertex 4.93853 -23.9009 31.391
      vertex 4.22883 -23.7311 31.0554
      vertex 4.82945 -23.8847 31.3394
    endloop
  endfacet
  facet normal -0.429357 -0.00913606 0.903089
    outer loop
      vertex 4.82945 -23.8847 31.3394
      vertex 4.22883 -23.7311 31.0554
      vertex 4.25829 -23.7416 31.0693
    endloop
  endfacet
  facet normal -0.596088 0.00109883 0.802918
    outer loop
      vertex 2.92485 23.1436 30.1841
      vertex 3.55544 23.4731 30.6518
      vertex 3.17162 23.2915 30.3671
    endloop
  endfacet
  facet normal -0.595718 0 0.803194
    outer loop
      vertex 3.55544 23.4731 30.6518
      vertex 2.92485 23.1436 30.1841
      vertex 3.55544 -23.4731 30.6518
    endloop
  endfacet
  facet normal -0.595718 0 0.803194
    outer loop
      vertex 2.92485 -23.1436 30.1841
      vertex 3.55544 -23.4731 30.6518
      vertex 2.92485 23.1436 30.1841
    endloop
  endfacet
  facet normal -0.596088 -0.00109883 0.802918
    outer loop
      vertex 3.55544 -23.4731 30.6518
      vertex 2.92485 -23.1436 30.1841
      vertex 3.17162 -23.2915 30.3671
    endloop
  endfacet
  facet normal -0.243115 0.00463036 0.969986
    outer loop
      vertex 5.67772 23.9842 31.6555
      vertex 6.43928 24 31.8463
      vertex 6 24 31.7362
    endloop
  endfacet
  facet normal -0.243027 0 0.970019
    outer loop
      vertex 6.43928 24 31.8463
      vertex 5.67772 23.9842 31.6555
      vertex 6.43928 -24 31.8463
    endloop
  endfacet
  facet normal -0.243027 0 0.970019
    outer loop
      vertex 5.67772 -23.9842 31.6555
      vertex 6.43928 -24 31.8463
      vertex 5.67772 23.9842 31.6555
    endloop
  endfacet
  facet normal -0.243115 -0.00463036 0.969986
    outer loop
      vertex 6.43928 -24 31.8463
      vertex 5.67772 -23.9842 31.6555
      vertex 6 -24 31.7362
    endloop
  endfacet
  facet normal -0.941499 -0.000170499 0.337015
    outer loop
      vertex 0.344477 19.9824 26.3223
      vertex 0.608963 20.618 27.0615
      vertex 0.456711 20.2961 26.636
    endloop
  endfacet
  facet normal -0.941546 0 0.336885
    outer loop
      vertex 0.344477 -19.9824 26.3223
      vertex 0.608963 20.618 27.0615
      vertex 0.344477 19.9824 26.3223
    endloop
  endfacet
  facet normal -0.941499 0.000170499 0.337015
    outer loop
      vertex 0.608963 -20.618 27.0615
      vertex 0.344477 -19.9824 26.3223
      vertex 0.456711 -20.2961 26.636
    endloop
  endfacet
  facet normal -0.941546 0 0.336885
    outer loop
      vertex 0.344477 -19.9824 26.3223
      vertex 0.608963 -20.618 27.0615
      vertex 0.608963 20.618 27.0615
    endloop
  endfacet
  facet normal -0.98917 -5.61006e-05 0.146775
    outer loop
      vertex 0.0385218 18.6531 24.7841
      vertex 0.153717 19.324 25.5607
      vertex 0.11528 19.1705 25.3016
    endloop
  endfacet
  facet normal -0.989177 0 0.146727
    outer loop
      vertex 0.0385218 -18.6531 24.7841
      vertex 0.153717 19.324 25.5607
      vertex 0.0385218 18.6531 24.7841
    endloop
  endfacet
  facet normal -0.98917 5.61006e-05 0.146775
    outer loop
      vertex 0.153717 -19.324 25.5607
      vertex 0.0385218 -18.6531 24.7841
      vertex 0.11528 -19.1705 25.3016
    endloop
  endfacet
  facet normal -0.989177 0 0.146727
    outer loop
      vertex 0.0385218 -18.6531 24.7841
      vertex 0.153717 -19.324 25.5607
      vertex 0.153717 19.324 25.5607
    endloop
  endfacet
  facet normal -0.998794 -2.80871e-05 0.0490928
    outer loop
      vertex 0 18 24
      vertex 0.0385218 18.6531 24.7841
      vertex 0.0288849 18.5881 24.588
    endloop
  endfacet
  facet normal -0.998795 0 0.0490695
    outer loop
      vertex 0 -18 24
      vertex 0.0385218 18.6531 24.7841
      vertex 0 18 24
    endloop
  endfacet
  facet normal -0.998794 2.80871e-05 0.0490928
    outer loop
      vertex 0.0385218 -18.6531 24.7841
      vertex 0 -18 24
      vertex 0.0288849 -18.5881 24.588
    endloop
  endfacet
  facet normal -0.998795 0 0.0490695
    outer loop
      vertex 0 -18 24
      vertex 0.0385218 -18.6531 24.7841
      vertex 0.0385218 18.6531 24.7841
    endloop
  endfacet
  facet normal -0.857929 0.000524776 0.513769
    outer loop
      vertex 0.94463 21.2224 27.7712
      vertex 1.34824 21.7879 28.4446
      vertex 1.01117 21.3334 27.8822
    endloop
  endfacet
  facet normal -0.857734 0 0.514093
    outer loop
      vertex 0.94463 -21.2224 27.7712
      vertex 1.34824 21.7879 28.4446
      vertex 0.94463 21.2224 27.7712
    endloop
  endfacet
  facet normal -0.857929 -0.000524776 0.513769
    outer loop
      vertex 1.34824 -21.7879 28.4446
      vertex 0.94463 -21.2224 27.7712
      vertex 1.01117 -21.3334 27.8822
    endloop
  endfacet
  facet normal -0.857734 0 0.514093
    outer loop
      vertex 0.94463 -21.2224 27.7712
      vertex 1.34824 -21.7879 28.4446
      vertex 1.34824 21.7879 28.4446
    endloop
  endfacet
  facet normal -0.671671 0.000341292 0.74085
    outer loop
      vertex 2.34315 22.7489 29.6569
      vertex 2.92485 23.1436 30.1841
      vertex 2.66656 22.9888 29.95
    endloop
  endfacet
  facet normal -0.671543 0 0.740965
    outer loop
      vertex 2.92485 23.1436 30.1841
      vertex 2.34315 22.7489 29.6569
      vertex 2.92485 -23.1436 30.1841
    endloop
  endfacet
  facet normal -0.671543 0 0.740965
    outer loop
      vertex 2.34315 -22.7489 29.6569
      vertex 2.92485 -23.1436 30.1841
      vertex 2.34315 22.7489 29.6569
    endloop
  endfacet
  facet normal -0.671671 -0.000341292 0.74085
    outer loop
      vertex 2.92485 -23.1436 30.1841
      vertex 2.34315 -22.7489 29.6569
      vertex 2.66656 -22.9888 29.95
    endloop
  endfacet
  facet normal -0.989175 -0.146737 0
    outer loop
      vertex 0.11528 -19.1705 0
      vertex 0.0288849 -18.5881 24.588
      vertex 0.0288849 -18.5881 0
    endloop
  endfacet
  facet normal -0.989175 -0.146737 -0
    outer loop
      vertex 0.11528 -19.1705 25.3016
      vertex 0.0288849 -18.5881 24.588
      vertex 0.11528 -19.1705 0
    endloop
  endfacet
  facet normal -0.989167 -0.146793 -4.59539e-05
    outer loop
      vertex 0.0288849 -18.5881 24.588
      vertex 0.11528 -19.1705 25.3016
      vertex 0.0385218 -18.6531 24.7841
    endloop
  endfacet
  facet normal -0.998796 -0.0490565 0
    outer loop
      vertex 0.0288849 -18.5881 0
      vertex 0 -18 24
      vertex 0 -18 0
    endloop
  endfacet
  facet normal -0.998796 -0.0490565 0
    outer loop
      vertex 0 -18 24
      vertex 0.0288849 -18.5881 0
      vertex 0.0288849 -18.5881 24.588
    endloop
  endfacet
  facet normal -0.740882 -0.671635 0
    outer loop
      vertex 1.75735 -22.2426 0
      vertex 1.36192 -21.8064 28.463
      vertex 1.36192 -21.8064 0
    endloop
  endfacet
  facet normal -0.740882 -0.671635 0
    outer loop
      vertex 1.36192 -21.8064 28.463
      vertex 1.75735 -22.2426 0
      vertex 1.75735 -22.2426 28.9962
    endloop
  endfacet
  facet normal -0.331565 0.943381 -0.00989921
    outer loop
      vertex 4.25829 23.7416 31.0693
      vertex 3.70389 23.5433 30.7407
      vertex 4.22883 23.7311 31.0554
    endloop
  endfacet
  facet normal -0.336788 0.94158 0
    outer loop
      vertex 4.25829 23.7416 10.4833
      vertex 3.70389 23.5433 30.7407
      vertex 4.25829 23.7416 31.0693
    endloop
  endfacet
  facet normal -0.336788 0.94158 0
    outer loop
      vertex 3.70389 23.5433 30.7407
      vertex 4.25829 23.7416 10.4833
      vertex 3.70389 23.5433 9.92888
    endloop
  endfacet
  facet normal -0.597534 0.801838 0.00302801
    outer loop
      vertex 2.66656 22.9888 29.95
      vertex 2.19363 22.6381 29.4919
      vertex 2.34315 22.7489 29.6569
    endloop
  endfacet
  facet normal -0.595646 0.803247 0
    outer loop
      vertex 2.66656 22.9888 0
      vertex 2.19363 22.6381 29.4919
      vertex 2.66656 22.9888 29.95
    endloop
  endfacet
  facet normal -0.595646 0.803247 0
    outer loop
      vertex 2.19363 22.6381 29.4919
      vertex 2.66656 22.9888 0
      vertex 2.19363 22.6381 0
    endloop
  endfacet
  facet normal -0.331565 -0.943381 -0.00989921
    outer loop
      vertex 3.70389 -23.5433 30.7407
      vertex 4.25829 -23.7416 31.0693
      vertex 4.22883 -23.7311 31.0554
    endloop
  endfacet
  facet normal -0.336788 -0.94158 0
    outer loop
      vertex 3.70389 -23.5433 30.7407
      vertex 4.25829 -23.7416 10.4833
      vertex 4.25829 -23.7416 31.0693
    endloop
  endfacet
  facet normal -0.336788 -0.94158 0
    outer loop
      vertex 4.25829 -23.7416 10.4833
      vertex 3.70389 -23.5433 30.7407
      vertex 3.70389 -23.5433 9.92888
    endloop
  endfacet
  facet normal 0 1 0
    outer loop
      vertex 32.5 24 12.625
      vertex 30.5553 24 11.9796
      vertex 30.4 24 12
    endloop
  endfacet
  facet normal 0 1 0
    outer loop
      vertex 32.5 24 12.625
      vertex 30.7 24 11.9196
      vertex 30.5553 24 11.9796
    endloop
  endfacet
  facet normal 0 1 0
    outer loop
      vertex 32.5 24 12.625
      vertex 30.8242 24 11.8242
      vertex 30.7 24 11.9196
    endloop
  endfacet
  facet normal 0 1 0
    outer loop
      vertex 32.5 24 12.625
      vertex 30.9196 24 11.7
      vertex 30.8242 24 11.8242
    endloop
  endfacet
  facet normal 0 1 0
    outer loop
      vertex 32.5 24 12.625
      vertex 30.9796 24 11.5553
      vertex 30.9196 24 11.7
    endloop
  endfacet
  facet normal 0 1 0
    outer loop
      vertex 32.5 24 12.625
      vertex 31 24 11.4
      vertex 30.9796 24 11.5553
    endloop
  endfacet
  facet normal 0 1 0
    outer loop
      vertex 32.5 24 12.625
      vertex 31 24 8.59999
      vertex 31 24 11.4
    endloop
  endfacet
  facet normal 0 1 0
    outer loop
      vertex 32.5 24 12.625
      vertex 30.9796 24 8.4447
      vertex 31 24 8.59999
    endloop
  endfacet
  facet normal 0 1 0
    outer loop
      vertex 30.4 24 8
      vertex 32.5 24 0
      vertex 26.6 24 8
    endloop
  endfacet
  facet normal 0 1 0
    outer loop
      vertex 30.5553 24 8.02043
      vertex 32.5 24 0
      vertex 30.4 24 8
    endloop
  endfacet
  facet normal 0 1 0
    outer loop
      vertex 30.7 24 8.08038
      vertex 32.5 24 0
      vertex 30.5553 24 8.02043
    endloop
  endfacet
  facet normal 0 1 0
    outer loop
      vertex 30.8242 24 8.17574
      vertex 32.5 24 0
      vertex 30.7 24 8.08038
    endloop
  endfacet
  facet normal 0 1 0
    outer loop
      vertex 30.9196 24 8.29999
      vertex 32.5 24 0
      vertex 30.8242 24 8.17574
    endloop
  endfacet
  facet normal 0 1 0
    outer loop
      vertex 30.9796 24 8.4447
      vertex 32.5 24 0
      vertex 30.9196 24 8.29999
    endloop
  endfacet
  facet normal 0 1 -0
    outer loop
      vertex 32.5 24 0
      vertex 30.9796 24 8.4447
      vertex 32.5 24 12.625
    endloop
  endfacet
  facet normal 0 1 -0
    outer loop
      vertex 26.6 24 12
      vertex 17 24 22
      vertex 32.5 24 12.625
    endloop
  endfacet
  facet normal 0 1 0
    outer loop
      vertex 26.6 24 12
      vertex 32.5 24 12.625
      vertex 30.4 24 12
    endloop
  endfacet
  facet normal 0 1 0
    outer loop
      vertex 17 24 22
      vertex 26.6 24 12
      vertex 18.725 24 15.5
    endloop
  endfacet
  facet normal 0 1 -0
    outer loop
      vertex 26.4447 24 11.9796
      vertex 18.725 24 15.5
      vertex 26.6 24 12
    endloop
  endfacet
  facet normal 0 1 -0
    outer loop
      vertex 26.3 24 11.9196
      vertex 18.725 24 15.5
      vertex 26.4447 24 11.9796
    endloop
  endfacet
  facet normal 0 1 -0
    outer loop
      vertex 26.1757 24 11.8242
      vertex 18.725 24 15.5
      vertex 26.3 24 11.9196
    endloop
  endfacet
  facet normal 0 1 -0
    outer loop
      vertex 26.0804 24 11.7
      vertex 18.725 24 15.5
      vertex 26.1757 24 11.8242
    endloop
  endfacet
  facet normal 0 1 -0
    outer loop
      vertex 26.0204 24 11.5553
      vertex 18.725 24 15.5
      vertex 26.0804 24 11.7
    endloop
  endfacet
  facet normal 0 1 0
    outer loop
      vertex 24.5 24 9.72499
      vertex 26.0204 24 11.5553
      vertex 26 24 11.4
    endloop
  endfacet
  facet normal 0 1 0
    outer loop
      vertex 26.0204 24 11.5553
      vertex 24.5 24 9.72499
      vertex 18.725 24 15.5
    endloop
  endfacet
  facet normal 0 1 -0
    outer loop
      vertex 26 24 8.59999
      vertex 24.5 24 9.72499
      vertex 26 24 11.4
    endloop
  endfacet
  facet normal 0 1 0
    outer loop
      vertex 26.0204 24 8.4447
      vertex 24.5 24 9.72499
      vertex 26 24 8.59999
    endloop
  endfacet
  facet normal 0 1 0
    outer loop
      vertex 26.0804 24 8.29999
      vertex 24.5 24 9.72499
      vertex 26.0204 24 8.4447
    endloop
  endfacet
  facet normal 0 1 0
    outer loop
      vertex 24.5 24 0
      vertex 26.0804 24 8.29999
      vertex 26.1757 24 8.17574
    endloop
  endfacet
  facet normal 0 1 0
    outer loop
      vertex 24.5 24 0
      vertex 26.6 24 8
      vertex 32.5 24 0
    endloop
  endfacet
  facet normal 0 1 0
    outer loop
      vertex 26.6 24 8
      vertex 24.5 24 0
      vertex 26.4447 24 8.02043
    endloop
  endfacet
  facet normal 0 1 0
    outer loop
      vertex 26.4447 24 8.02043
      vertex 24.5 24 0
      vertex 26.3 24 8.08038
    endloop
  endfacet
  facet normal 0 1 0
    outer loop
      vertex 26.3 24 8.08038
      vertex 24.5 24 0
      vertex 26.1757 24 8.17574
    endloop
  endfacet
  facet normal 0 1 0
    outer loop
      vertex 26.0804 24 8.29999
      vertex 24.5 24 0
      vertex 24.5 24 9.72499
    endloop
  endfacet
  facet normal 0 1 0
    outer loop
      vertex 39.375 24 19.5
      vertex 58.5 24 22
      vertex 50.625 24 19.5
    endloop
  endfacet
  facet normal 0 1 0
    outer loop
      vertex 58.5 24 22
      vertex 57.5 24 12.625
      vertex 50.625 24 19.5
    endloop
  endfacet
  facet normal 0 1 -0
    outer loop
      vertex 58.5 24 0
      vertex 57.5 24 12.625
      vertex 58.5 24 22
    endloop
  endfacet
  facet normal 0 1 0
    outer loop
      vertex 57.5 24 12.625
      vertex 58.5 24 0
      vertex 57.5 24 0
    endloop
  endfacet
  facet normal 0 1 -0
    outer loop
      vertex 17 24 22
      vertex 8 24 32
      vertex 17 24 32
    endloop
  endfacet
  facet normal 0 1 -0
    outer loop
      vertex 9.27499 24 15.5
      vertex 8 24 32
      vertex 17 24 22
    endloop
  endfacet
  facet normal -0 1 0
    outer loop
      vertex 6 24 31.7362
      vertex 8 24 32
      vertex 9.27499 24 15.5
    endloop
  endfacet
  facet normal 0 1 0
    outer loop
      vertex 8 24 32
      vertex 6 24 31.7362
      vertex 7.21586 24 31.9615
    endloop
  endfacet
  facet normal 0 1 0
    outer loop
      vertex 58.5 24 22
      vertex 39.375 24 19.5
      vertex 17 24 22
    endloop
  endfacet
  facet normal 0 1 -0
    outer loop
      vertex 32.5 24 12.625
      vertex 17 24 22
      vertex 39.375 24 19.5
    endloop
  endfacet
  facet normal 0 1 0
    outer loop
      vertex 9.27499 24 15.5
      vertex 17 24 22
      vertex 18.725 24 15.5
    endloop
  endfacet
  facet normal 0 1 0
    outer loop
      vertex 7.21586 24 31.9615
      vertex 6 24 31.7362
      vertex 6.43928 24 31.8463
    endloop
  endfacet
  facet normal 0 1 0
    outer loop
      vertex 6 24 31.7362
      vertex 9.27499 24 15.5
      vertex 6 24 12.225
    endloop
  endfacet
  facet normal -0.998796 0.0490565 0
    outer loop
      vertex 0 18 24
      vertex 0.0288849 18.5881 0
      vertex 0 18 0
    endloop
  endfacet
  facet normal -0.998796 0.0490565 0
    outer loop
      vertex 0.0288849 18.5881 0
      vertex 0 18 24
      vertex 0.0288849 18.5881 24.588
    endloop
  endfacet
  facet normal -0.146043 0.989277 -0.00185922
    outer loop
      vertex 5.4119 23.9711 31.5604
      vertex 4.82945 23.8847 31.3394
      vertex 4.93853 23.9009 31.391
    endloop
  endfacet
  facet normal -0.146733 0.989176 0
    outer loop
      vertex 5.4119 23.9711 11.6369
      vertex 4.82945 23.8847 31.3394
      vertex 5.4119 23.9711 31.5604
    endloop
  endfacet
  facet normal -0.146733 0.989176 0
    outer loop
      vertex 4.82945 23.8847 31.3394
      vertex 5.4119 23.9711 11.6369
      vertex 4.82945 23.8847 11.0544
    endloop
  endfacet
  facet normal -0.426716 -0.904384 -0.00159459
    outer loop
      vertex 3.17162 -23.2915 30.3671
      vertex 3.70389 -23.5433 30.7407
      vertex 3.55544 -23.4731 30.6518
    endloop
  endfacet
  facet normal -0.427631 -0.903953 0
    outer loop
      vertex 3.17162 -23.2915 30.3671
      vertex 3.70389 -23.5433 9.92888
      vertex 3.70389 -23.5433 30.7407
    endloop
  endfacet
  facet normal -0.427794 -0.903876 -5.1905e-06
    outer loop
      vertex 3.17162 -23.2915 30.3671
      vertex 3.5 -23.4468 9.72499
      vertex 3.70389 -23.5433 9.92888
    endloop
  endfacet
  facet normal -0.427528 -0.904002 0
    outer loop
      vertex 3.17162 -23.2915 0
      vertex 3.5 -23.4468 9.72499
      vertex 3.17162 -23.2915 30.3671
    endloop
  endfacet
  facet normal -0.427528 -0.904002 -0
    outer loop
      vertex 3.5 -23.4468 9.72499
      vertex 3.17162 -23.2915 0
      vertex 3.5 -23.4468 0
    endloop
  endfacet
  facet normal -0.0483723 -0.998827 -0.00237968
    outer loop
      vertex 5.4119 -23.9711 31.5604
      vertex 6 -24 31.7362
      vertex 5.67772 -23.9842 31.6555
    endloop
  endfacet
  facet normal -0.0490821 -0.998795 0
    outer loop
      vertex 5.4119 -23.9711 31.5604
      vertex 6 -24 12.225
      vertex 6 -24 31.7362
    endloop
  endfacet
  facet normal -0.0490821 -0.998795 0
    outer loop
      vertex 6 -24 12.225
      vertex 5.4119 -23.9711 31.5604
      vertex 5.4119 -23.9711 11.6369
    endloop
  endfacet
  facet normal -0.597534 -0.801838 0.00302801
    outer loop
      vertex 2.19363 -22.6381 29.4919
      vertex 2.66656 -22.9888 29.95
      vertex 2.34315 -22.7489 29.6569
    endloop
  endfacet
  facet normal -0.595646 -0.803247 0
    outer loop
      vertex 2.66656 -22.9888 0
      vertex 2.19363 -22.6381 29.4919
      vertex 2.19363 -22.6381 0
    endloop
  endfacet
  facet normal -0.595646 -0.803247 0
    outer loop
      vertex 2.19363 -22.6381 29.4919
      vertex 2.66656 -22.9888 0
      vertex 2.66656 -22.9888 29.95
    endloop
  endfacet
  facet normal -0.803249 0.595644 0
    outer loop
      vertex 1.01117 21.3334 27.8822
      vertex 1.36192 21.8064 28.463
      vertex 1.36192 21.8064 0
    endloop
  endfacet
  facet normal -0.803249 0.595644 0
    outer loop
      vertex 1.01117 21.3334 27.8822
      vertex 1.36192 21.8064 0
      vertex 1.01117 21.3334 0
    endloop
  endfacet
  facet normal -0.807444 0.5899 0.00721187
    outer loop
      vertex 1.36192 21.8064 28.463
      vertex 1.01117 21.3334 27.8822
      vertex 1.34824 21.7879 28.4446
    endloop
  endfacet
  facet normal -0.970036 0.242962 0
    outer loop
      vertex 0.11528 19.1705 25.3016
      vertex 0.258347 19.7417 25.9784
      vertex 0.258347 19.7417 0
    endloop
  endfacet
  facet normal -0.970036 0.242962 0
    outer loop
      vertex 0.11528 19.1705 25.3016
      vertex 0.258347 19.7417 0
      vertex 0.11528 19.1705 0
    endloop
  endfacet
  facet normal -0.970001 0.243099 -0.000122492
    outer loop
      vertex 0.258347 19.7417 25.9784
      vertex 0.11528 19.1705 25.3016
      vertex 0.153717 19.324 25.5607
    endloop
  endfacet
  facet normal 0 -1 0
    outer loop
      vertex 6 -24 31.7362
      vertex 8 -24 32
      vertex 7.21586 -24 31.9615
    endloop
  endfacet
  facet normal 0 -1 0
    outer loop
      vertex 6 -24 31.7362
      vertex 7.21586 -24 31.9615
      vertex 6.43928 -24 31.8463
    endloop
  endfacet
  facet normal 0 -1 -0
    outer loop
      vertex 8 -24 32
      vertex 6 -24 31.7362
      vertex 9.27499 -24 15.5
    endloop
  endfacet
  facet normal 0 -1 0
    outer loop
      vertex 8 -24 32
      vertex 17 -24 22
      vertex 17 -24 32
    endloop
  endfacet
  facet normal 0 -1 0
    outer loop
      vertex 17 -24 22
      vertex 39.375 -24 19.5
      vertex 58.5 -24 22
    endloop
  endfacet
  facet normal 0 -1 0
    outer loop
      vertex 18.725 -24 15.5
      vertex 17 -24 22
      vertex 9.27499 -24 15.5
    endloop
  endfacet
  facet normal 0 -1 0
    outer loop
      vertex 8 -24 32
      vertex 9.27499 -24 15.5
      vertex 17 -24 22
    endloop
  endfacet
  facet normal -0 -1 0
    outer loop
      vertex 9.27499 -24 15.5
      vertex 6 -24 31.7362
      vertex 6 -24 12.225
    endloop
  endfacet
  facet normal 0 -1 0
    outer loop
      vertex 50.625 -24 19.5
      vertex 58.5 -24 22
      vertex 39.375 -24 19.5
    endloop
  endfacet
  facet normal 0 -1 0
    outer loop
      vertex 57.5 -24 12.625
      vertex 58.5 -24 22
      vertex 50.625 -24 19.5
    endloop
  endfacet
  facet normal 0 -1 0
    outer loop
      vertex 58.5 -24 0
      vertex 57.5 -24 12.625
      vertex 57.5 -24 0
    endloop
  endfacet
  facet normal 0 -1 0
    outer loop
      vertex 57.5 -24 12.625
      vertex 58.5 -24 0
      vertex 58.5 -24 22
    endloop
  endfacet
  facet normal 0 -1 0
    outer loop
      vertex 26.6 -24 12
      vertex 17 -24 22
      vertex 18.725 -24 15.5
    endloop
  endfacet
  facet normal -0 -1 0
    outer loop
      vertex 32.5 -24 12.625
      vertex 17 -24 22
      vertex 26.6 -24 12
    endloop
  endfacet
  facet normal 0 -1 0
    outer loop
      vertex 17 -24 22
      vertex 32.5 -24 12.625
      vertex 39.375 -24 19.5
    endloop
  endfacet
  facet normal 0 -1 0
    outer loop
      vertex 18.725 -24 15.5
      vertex 26.4447 -24 11.9796
      vertex 26.6 -24 12
    endloop
  endfacet
  facet normal 0 -1 0
    outer loop
      vertex 18.725 -24 15.5
      vertex 26.3 -24 11.9196
      vertex 26.4447 -24 11.9796
    endloop
  endfacet
  facet normal 0 -1 0
    outer loop
      vertex 18.725 -24 15.5
      vertex 26.1757 -24 11.8242
      vertex 26.3 -24 11.9196
    endloop
  endfacet
  facet normal 0 -1 0
    outer loop
      vertex 18.725 -24 15.5
      vertex 26.0804 -24 11.7
      vertex 26.1757 -24 11.8242
    endloop
  endfacet
  facet normal 0 -1 0
    outer loop
      vertex 18.725 -24 15.5
      vertex 26.0204 -24 11.5553
      vertex 26.0804 -24 11.7
    endloop
  endfacet
  facet normal 0 -1 0
    outer loop
      vertex 24.5 -24 9.72499
      vertex 26.0204 -24 11.5553
      vertex 18.725 -24 15.5
    endloop
  endfacet
  facet normal 0 -1 0
    outer loop
      vertex 26.0204 -24 11.5553
      vertex 24.5 -24 9.72499
      vertex 26 -24 11.4
    endloop
  endfacet
  facet normal 0 -1 0
    outer loop
      vertex 24.5 -24 9.72499
      vertex 26 -24 8.59999
      vertex 26 -24 11.4
    endloop
  endfacet
  facet normal 0 -1 0
    outer loop
      vertex 24.5 -24 9.72499
      vertex 26.0204 -24 8.4447
      vertex 26 -24 8.59999
    endloop
  endfacet
  facet normal 0 -1 0
    outer loop
      vertex 24.5 -24 9.72499
      vertex 26.0804 -24 8.29999
      vertex 26.0204 -24 8.4447
    endloop
  endfacet
  facet normal 0 -1 0
    outer loop
      vertex 24.5 -24 0
      vertex 26.0804 -24 8.29999
      vertex 24.5 -24 9.72499
    endloop
  endfacet
  facet normal 0 -1 -0
    outer loop
      vertex 26.6 -24 8
      vertex 24.5 -24 0
      vertex 30.4 -24 8
    endloop
  endfacet
  facet normal 0 -1 -0
    outer loop
      vertex 26.4447 -24 8.02043
      vertex 24.5 -24 0
      vertex 26.6 -24 8
    endloop
  endfacet
  facet normal 0 -1 -0
    outer loop
      vertex 26.3 -24 8.08038
      vertex 24.5 -24 0
      vertex 26.4447 -24 8.02043
    endloop
  endfacet
  facet normal 0 -1 -0
    outer loop
      vertex 26.1757 -24 8.17574
      vertex 24.5 -24 0
      vertex 26.3 -24 8.08038
    endloop
  endfacet
  facet normal 0 -1 -0
    outer loop
      vertex 26.0804 -24 8.29999
      vertex 24.5 -24 0
      vertex 26.1757 -24 8.17574
    endloop
  endfacet
  facet normal 0 -1 0
    outer loop
      vertex 30.4 -24 12
      vertex 32.5 -24 12.625
      vertex 26.6 -24 12
    endloop
  endfacet
  facet normal 0 -1 0
    outer loop
      vertex 30.5553 -24 11.9796
      vertex 32.5 -24 12.625
      vertex 30.4 -24 12
    endloop
  endfacet
  facet normal 0 -1 0
    outer loop
      vertex 30.7 -24 11.9196
      vertex 32.5 -24 12.625
      vertex 30.5553 -24 11.9796
    endloop
  endfacet
  facet normal 0 -1 0
    outer loop
      vertex 30.8242 -24 11.8242
      vertex 32.5 -24 12.625
      vertex 30.7 -24 11.9196
    endloop
  endfacet
  facet normal 0 -1 0
    outer loop
      vertex 30.9196 -24 11.7
      vertex 32.5 -24 12.625
      vertex 30.8242 -24 11.8242
    endloop
  endfacet
  facet normal 0 -1 0
    outer loop
      vertex 30.9796 -24 11.5553
      vertex 32.5 -24 12.625
      vertex 30.9196 -24 11.7
    endloop
  endfacet
  facet normal 0 -1 0
    outer loop
      vertex 31 -24 11.4
      vertex 32.5 -24 12.625
      vertex 30.9796 -24 11.5553
    endloop
  endfacet
  facet normal 0 -1 0
    outer loop
      vertex 31 -24 8.59999
      vertex 32.5 -24 12.625
      vertex 31 -24 11.4
    endloop
  endfacet
  facet normal 0 -1 0
    outer loop
      vertex 30.9796 -24 8.4447
      vertex 32.5 -24 12.625
      vertex 31 -24 8.59999
    endloop
  endfacet
  facet normal 0 -1 0
    outer loop
      vertex 32.5 -24 0
      vertex 30.4 -24 8
      vertex 24.5 -24 0
    endloop
  endfacet
  facet normal 0 -1 0
    outer loop
      vertex 30.4 -24 8
      vertex 32.5 -24 0
      vertex 30.5553 -24 8.02043
    endloop
  endfacet
  facet normal 0 -1 0
    outer loop
      vertex 30.5553 -24 8.02043
      vertex 32.5 -24 0
      vertex 30.7 -24 8.08038
    endloop
  endfacet
  facet normal 0 -1 0
    outer loop
      vertex 30.9796 -24 8.4447
      vertex 32.5 -24 0
      vertex 32.5 -24 12.625
    endloop
  endfacet
  facet normal 0 -1 0
    outer loop
      vertex 30.9196 -24 8.29999
      vertex 32.5 -24 0
      vertex 30.9796 -24 8.4447
    endloop
  endfacet
  facet normal 0 -1 0
    outer loop
      vertex 30.8242 -24 8.17574
      vertex 32.5 -24 0
      vertex 30.9196 -24 8.29999
    endloop
  endfacet
  facet normal 0 -1 0
    outer loop
      vertex 30.7 -24 8.08038
      vertex 32.5 -24 0
      vertex 30.8242 -24 8.17574
    endloop
  endfacet
  facet normal -0.671458 0.741042 -0.00027954
    outer loop
      vertex 2.19363 22.6381 29.4919
      vertex 1.75735 22.2426 28.9962
      vertex 1.81592 22.2957 29.0751
    endloop
  endfacet
  facet normal -0.671632 0.740884 0
    outer loop
      vertex 2.19363 22.6381 0
      vertex 1.75735 22.2426 28.9962
      vertex 2.19363 22.6381 29.4919
    endloop
  endfacet
  facet normal -0.671632 0.740884 0
    outer loop
      vertex 1.75735 22.2426 28.9962
      vertex 2.19363 22.6381 0
      vertex 1.75735 22.2426 0
    endloop
  endfacet
  facet normal -0.903992 0.427549 0
    outer loop
      vertex 0.456711 20.2961 26.636
      vertex 0.708466 20.8284 27.2718
      vertex 0.708466 20.8284 0
    endloop
  endfacet
  facet normal -0.903992 0.427549 0
    outer loop
      vertex 0.456711 20.2961 26.636
      vertex 0.708466 20.8284 0
      vertex 0.456711 20.2961 0
    endloop
  endfacet
  facet normal -0.904065 0.427396 0.000157587
    outer loop
      vertex 0.708466 20.8284 27.2718
      vertex 0.456711 20.2961 26.636
      vertex 0.608963 20.618 27.0615
    endloop
  endfacet
  facet normal -0.803249 -0.595644 0
    outer loop
      vertex 1.36192 -21.8064 0
      vertex 1.01117 -21.3334 27.8822
      vertex 1.01117 -21.3334 0
    endloop
  endfacet
  facet normal -0.803249 -0.595644 -0
    outer loop
      vertex 1.36192 -21.8064 28.463
      vertex 1.01117 -21.3334 27.8822
      vertex 1.36192 -21.8064 0
    endloop
  endfacet
  facet normal -0.807444 -0.5899 0.00721187
    outer loop
      vertex 1.01117 -21.3334 27.8822
      vertex 1.36192 -21.8064 28.463
      vertex 1.34824 -21.7879 28.4446
    endloop
  endfacet
  facet normal -0.740882 0.671635 0
    outer loop
      vertex 1.36192 21.8064 28.463
      vertex 1.75735 22.2426 0
      vertex 1.36192 21.8064 0
    endloop
  endfacet
  facet normal -0.740882 0.671635 0
    outer loop
      vertex 1.75735 22.2426 0
      vertex 1.36192 21.8064 28.463
      vertex 1.75735 22.2426 28.9962
    endloop
  endfacet
  facet normal -0.0483723 0.998827 -0.00237968
    outer loop
      vertex 6 24 31.7362
      vertex 5.4119 23.9711 31.5604
      vertex 5.67772 23.9842 31.6555
    endloop
  endfacet
  facet normal -0.0490821 0.998795 0
    outer loop
      vertex 6 24 12.225
      vertex 5.4119 23.9711 31.5604
      vertex 6 24 31.7362
    endloop
  endfacet
  facet normal -0.0490821 0.998795 0
    outer loop
      vertex 5.4119 23.9711 31.5604
      vertex 6 24 12.225
      vertex 5.4119 23.9711 11.6369
    endloop
  endfacet
  facet normal -0.941546 0.336885 0
    outer loop
      vertex 0.258347 19.7417 25.9784
      vertex 0.456711 20.2961 26.636
      vertex 0.456711 20.2961 0
    endloop
  endfacet
  facet normal -0.941546 0.336885 0
    outer loop
      vertex 0.258347 19.7417 25.9784
      vertex 0.456711 20.2961 0
      vertex 0.258347 19.7417 0
    endloop
  endfacet
  facet normal -0.941593 0.336754 0.000123821
    outer loop
      vertex 0.456711 20.2961 26.636
      vertex 0.258347 19.7417 25.9784
      vertex 0.344477 19.9824 26.3223
    endloop
  endfacet
  facet normal -0.857715 0.514126 0
    outer loop
      vertex 0.708466 20.8284 27.2718
      vertex 1.01117 21.3334 27.8822
      vertex 1.01117 21.3334 0
    endloop
  endfacet
  facet normal -0.857715 0.514126 0
    outer loop
      vertex 0.708466 20.8284 27.2718
      vertex 1.01117 21.3334 0
      vertex 0.708466 20.8284 0
    endloop
  endfacet
  facet normal -0.857615 0.514293 -0.000187365
    outer loop
      vertex 1.01117 21.3334 27.8822
      vertex 0.708466 20.8284 27.2718
      vertex 0.94463 21.2224 27.7712
    endloop
  endfacet
  facet normal -0.989175 0.146737 0
    outer loop
      vertex 0.0288849 18.5881 24.588
      vertex 0.11528 19.1705 25.3016
      vertex 0.11528 19.1705 0
    endloop
  endfacet
  facet normal -0.989175 0.146737 0
    outer loop
      vertex 0.0288849 18.5881 24.588
      vertex 0.11528 19.1705 0
      vertex 0.0288849 18.5881 0
    endloop
  endfacet
  facet normal -0.989167 0.146793 -4.59539e-05
    outer loop
      vertex 0.11528 19.1705 25.3016
      vertex 0.0288849 18.5881 24.588
      vertex 0.0385218 18.6531 24.7841
    endloop
  endfacet
  facet normal -0.857715 -0.514126 0
    outer loop
      vertex 1.01117 -21.3334 0
      vertex 0.708466 -20.8284 27.2718
      vertex 0.708466 -20.8284 0
    endloop
  endfacet
  facet normal -0.857715 -0.514126 -0
    outer loop
      vertex 1.01117 -21.3334 27.8822
      vertex 0.708466 -20.8284 27.2718
      vertex 1.01117 -21.3334 0
    endloop
  endfacet
  facet normal -0.857615 -0.514293 -0.000187365
    outer loop
      vertex 0.708466 -20.8284 27.2718
      vertex 1.01117 -21.3334 27.8822
      vertex 0.94463 -21.2224 27.7712
    endloop
  endfacet
  facet normal -0.51413 0.857712 8.94319e-05
    outer loop
      vertex 3.17162 23.2915 30.3671
      vertex 2.66656 22.9888 29.95
      vertex 2.92485 23.1436 30.1841
    endloop
  endfacet
  facet normal -0.514076 0.857745 0
    outer loop
      vertex 3.17162 23.2915 0
      vertex 2.66656 22.9888 29.95
      vertex 3.17162 23.2915 30.3671
    endloop
  endfacet
  facet normal -0.514076 0.857745 0
    outer loop
      vertex 2.66656 22.9888 29.95
      vertex 3.17162 23.2915 0
      vertex 2.66656 22.9888 0
    endloop
  endfacet
  facet normal -0.243031 0.970018 0
    outer loop
      vertex 4.82945 23.8847 11.0544
      vertex 4.25829 23.7416 31.0693
      vertex 4.82945 23.8847 31.3394
    endloop
  endfacet
  facet normal -0.243031 0.970018 0
    outer loop
      vertex 4.25829 23.7416 31.0693
      vertex 4.82945 23.8847 11.0544
      vertex 4.25829 23.7416 10.4833
    endloop
  endfacet
  facet normal -0.903992 -0.427549 0
    outer loop
      vertex 0.708466 -20.8284 0
      vertex 0.456711 -20.2961 26.636
      vertex 0.456711 -20.2961 0
    endloop
  endfacet
  facet normal -0.903992 -0.427549 -0
    outer loop
      vertex 0.708466 -20.8284 27.2718
      vertex 0.456711 -20.2961 26.636
      vertex 0.708466 -20.8284 0
    endloop
  endfacet
  facet normal -0.904065 -0.427396 0.000157587
    outer loop
      vertex 0.456711 -20.2961 26.636
      vertex 0.708466 -20.8284 27.2718
      vertex 0.608963 -20.618 27.0615
    endloop
  endfacet
  facet normal -0.941546 -0.336885 0
    outer loop
      vertex 0.456711 -20.2961 0
      vertex 0.258347 -19.7417 25.9784
      vertex 0.258347 -19.7417 0
    endloop
  endfacet
  facet normal -0.941546 -0.336885 -0
    outer loop
      vertex 0.456711 -20.2961 26.636
      vertex 0.258347 -19.7417 25.9784
      vertex 0.456711 -20.2961 0
    endloop
  endfacet
  facet normal -0.941593 -0.336754 0.000123821
    outer loop
      vertex 0.258347 -19.7417 25.9784
      vertex 0.456711 -20.2961 26.636
      vertex 0.344477 -19.9824 26.3223
    endloop
  endfacet
  facet normal -0.970036 -0.242962 0
    outer loop
      vertex 0.258347 -19.7417 0
      vertex 0.11528 -19.1705 25.3016
      vertex 0.11528 -19.1705 0
    endloop
  endfacet
  facet normal -0.970036 -0.242962 -0
    outer loop
      vertex 0.258347 -19.7417 25.9784
      vertex 0.11528 -19.1705 25.3016
      vertex 0.258347 -19.7417 0
    endloop
  endfacet
  facet normal -0.970001 -0.243099 -0.000122492
    outer loop
      vertex 0.11528 -19.1705 25.3016
      vertex 0.258347 -19.7417 25.9784
      vertex 0.153717 -19.324 25.5607
    endloop
  endfacet
  facet normal -0.426716 0.904384 -0.00159459
    outer loop
      vertex 3.70389 23.5433 30.7407
      vertex 3.17162 23.2915 30.3671
      vertex 3.55544 23.4731 30.6518
    endloop
  endfacet
  facet normal -0.427631 0.903953 0
    outer loop
      vertex 3.70389 23.5433 9.92888
      vertex 3.17162 23.2915 30.3671
      vertex 3.70389 23.5433 30.7407
    endloop
  endfacet
  facet normal -0.427794 0.903876 -5.1905e-06
    outer loop
      vertex 3.5 23.4468 9.72499
      vertex 3.17162 23.2915 30.3671
      vertex 3.70389 23.5433 9.92888
    endloop
  endfacet
  facet normal -0.427528 0.904002 0
    outer loop
      vertex 3.17162 23.2915 0
      vertex 3.5 23.4468 9.72499
      vertex 3.5 23.4468 0
    endloop
  endfacet
  facet normal -0.427528 0.904002 0
    outer loop
      vertex 3.5 23.4468 9.72499
      vertex 3.17162 23.2915 0
      vertex 3.17162 23.2915 30.3671
    endloop
  endfacet
  facet normal -0.243031 -0.970018 0
    outer loop
      vertex 4.25829 -23.7416 31.0693
      vertex 4.82945 -23.8847 11.0544
      vertex 4.82945 -23.8847 31.3394
    endloop
  endfacet
  facet normal -0.243031 -0.970018 0
    outer loop
      vertex 4.82945 -23.8847 11.0544
      vertex 4.25829 -23.7416 31.0693
      vertex 4.25829 -23.7416 10.4833
    endloop
  endfacet
  facet normal -0.146043 -0.989277 -0.00185922
    outer loop
      vertex 4.82945 -23.8847 31.3394
      vertex 5.4119 -23.9711 31.5604
      vertex 4.93853 -23.9009 31.391
    endloop
  endfacet
  facet normal -0.146733 -0.989176 0
    outer loop
      vertex 4.82945 -23.8847 31.3394
      vertex 5.4119 -23.9711 11.6369
      vertex 5.4119 -23.9711 31.5604
    endloop
  endfacet
  facet normal -0.146733 -0.989176 0
    outer loop
      vertex 5.4119 -23.9711 11.6369
      vertex 4.82945 -23.8847 31.3394
      vertex 4.82945 -23.8847 11.0544
    endloop
  endfacet
  facet normal -0.671458 -0.741042 -0.00027954
    outer loop
      vertex 1.75735 -22.2426 28.9962
      vertex 2.19363 -22.6381 29.4919
      vertex 1.81592 -22.2957 29.0751
    endloop
  endfacet
  facet normal -0.671632 -0.740884 0
    outer loop
      vertex 2.19363 -22.6381 0
      vertex 1.75735 -22.2426 28.9962
      vertex 1.75735 -22.2426 0
    endloop
  endfacet
  facet normal -0.671632 -0.740884 0
    outer loop
      vertex 1.75735 -22.2426 28.9962
      vertex 2.19363 -22.6381 0
      vertex 2.19363 -22.6381 29.4919
    endloop
  endfacet
  facet normal -0.51413 -0.857712 8.94319e-05
    outer loop
      vertex 2.66656 -22.9888 29.95
      vertex 3.17162 -23.2915 30.3671
      vertex 2.92485 -23.1436 30.1841
    endloop
  endfacet
  facet normal -0.514076 -0.857745 0
    outer loop
      vertex 3.17162 -23.2915 0
      vertex 2.66656 -22.9888 29.95
      vertex 2.66656 -22.9888 0
    endloop
  endfacet
  facet normal -0.514076 -0.857745 0
    outer loop
      vertex 2.66656 -22.9888 29.95
      vertex 3.17162 -23.2915 0
      vertex 3.17162 -23.2915 30.3671
    endloop
  endfacet
  facet normal 1 0 0
    outer loop
      vertex 60 22.5 22
      vertex 60 6.2 14.2
      vertex 60 22.5 0
    endloop
  endfacet
  facet normal 1 0 0
    outer loop
      vertex 60 22.5 22
      vertex 60 -6.2 14.2
      vertex 60 6.2 14.2
    endloop
  endfacet
  facet normal 1 -0 0
    outer loop
      vertex 60 -22.5 22
      vertex 60 -6.2 14.2
      vertex 60 22.5 22
    endloop
  endfacet
  facet normal 1 0 0
    outer loop
      vertex 60 -22.5 0
      vertex 60 -6.2 14.2
      vertex 60 -22.5 22
    endloop
  endfacet
  facet normal 1 0 0
    outer loop
      vertex 60 -6.2 14.2
      vertex 60 -22.5 0
      vertex 60 -6.2 0
    endloop
  endfacet
  facet normal 1 0 0
    outer loop
      vertex 60 22.5 0
      vertex 60 6.2 14.2
      vertex 60 6.2 0
    endloop
  endfacet
  facet normal 0.989174 0.146746 0
    outer loop
      vertex 59.9928 22.647 22
      vertex 59.9712 22.7926 0
      vertex 59.9712 22.7926 22
    endloop
  endfacet
  facet normal 0.989174 0.146746 0
    outer loop
      vertex 59.9712 22.7926 0
      vertex 59.9928 22.647 22
      vertex 59.9928 22.647 0
    endloop
  endfacet
  facet normal 0.52455 0.474112 0.707153
    outer loop
      vertex 59.6595 23.4516 22
      vertex 58.8527 22.8527 23
      vertex 58.8856 22.8163 23
    endloop
  endfacet
  facet normal 0.422144 0.567211 0.707153
    outer loop
      vertex 59.4516 23.6595 22
      vertex 58.7772 22.9147 23
      vertex 58.8163 22.8856 23
    endloop
  endfacet
  facet normal 0.0345453 0.70626 0.70711
    outer loop
      vertex 58.5 24 22
      vertex 58.4754 23 23
      vertex 58.549 22.9964 23
    endloop
  endfacet
  facet normal 0.302269 -0.639248 0.707104
    outer loop
      vertex 58.7351 -22.9399 23
      vertex 58.6909 -22.9608 23
      vertex 59.074 -23.8858 22
    endloop
  endfacet
  facet normal 0.171836 -0.685901 0.707115
    outer loop
      vertex 58.6448 -22.9773 23
      vertex 58.5973 -22.9892 23
      vertex 58.7926 -23.9712 22
    endloop
  endfacet
  facet normal 0.74123 0.671251 0
    outer loop
      vertex 59.6595 23.4516 22
      vertex 59.5607 23.5607 0
      vertex 59.5607 23.5607 22
    endloop
  endfacet
  facet normal 0.74123 0.671251 0
    outer loop
      vertex 59.5607 23.5607 0
      vertex 59.6595 23.4516 22
      vertex 59.6595 23.4516 0
    endloop
  endfacet
  facet normal 0.70626 -0.0345923 0.707107
    outer loop
      vertex 60 -22.5 22
      vertex 58.9964 -22.549 23
      vertex 59.9928 -22.647 22
    endloop
  endfacet
  facet normal 0.639248 -0.302269 0.707104
    outer loop
      vertex 58.9608 -22.6909 23
      vertex 58.9399 -22.7351 23
      vertex 59.8858 -23.074 22
    endloop
  endfacet
  facet normal 0.707107 -0 0.707107
    outer loop
      vertex 59 -22.4754 23
      vertex 60 22.5 22
      vertex 59 22.4754 23
    endloop
  endfacet
  facet normal 0.707107 0 0.707107
    outer loop
      vertex 60 22.5 22
      vertex 59 -22.4754 23
      vertex 60 -22.5 22
    endloop
  endfacet
  facet normal -0 0.707107 0.707107
    outer loop
      vertex 17 24 22
      vertex 58.4754 23 23
      vertex 58.5 24 22
    endloop
  endfacet
  facet normal 0 0.707107 0.707107
    outer loop
      vertex 58.4754 23 23
      vertex 17 24 22
      vertex 17 23 23
    endloop
  endfacet
  facet normal 0 -0.707107 0.707107
    outer loop
      vertex 17 -24 22
      vertex 58.4754 -23 23
      vertex 17 -23 23
    endloop
  endfacet
  facet normal 0 -0.707107 0.707107
    outer loop
      vertex 58.4754 -23 23
      vertex 17 -24 22
      vertex 58.5 -24 22
    endloop
  endfacet
  facet normal 0.514396 0.857553 -0
    outer loop
      vertex 59.3333 23.7472 0
      vertex 59.2071 23.8229 22
      vertex 59.3333 23.7472 22
    endloop
  endfacet
  facet normal 0.514396 0.857553 0
    outer loop
      vertex 59.2071 23.8229 22
      vertex 59.3333 23.7472 0
      vertex 59.2071 23.8229 0
    endloop
  endfacet
  facet normal 0.363157 -0.606702 0.707128
    outer loop
      vertex 58.7772 -22.9147 23
      vertex 58.7351 -22.9399 23
      vertex 59.2071 -23.8229 22
    endloop
  endfacet
  facet normal 0.857553 0.514396 0
    outer loop
      vertex 59.8229 23.2071 22
      vertex 59.7472 23.3333 0
      vertex 59.7472 23.3333 22
    endloop
  endfacet
  facet normal 0.857553 0.514396 0
    outer loop
      vertex 59.7472 23.3333 0
      vertex 59.8229 23.2071 22
      vertex 59.8229 23.2071 0
    endloop
  endfacet
  facet normal 0.685901 -0.171836 0.707115
    outer loop
      vertex 58.9892 -22.5973 23
      vertex 58.9773 -22.6448 23
      vertex 59.9712 -22.7926 22
    endloop
  endfacet
  facet normal 0.665763 0.238253 0.707104
    outer loop
      vertex 59.8858 23.074 22
      vertex 58.9773 22.6448 23
      vertex 59.9354 22.9354 22
    endloop
  endfacet
  facet normal 0.969982 -0.243175 0
    outer loop
      vertex 59.9354 -22.9354 22
      vertex 59.9712 -22.7926 0
      vertex 59.9712 -22.7926 22
    endloop
  endfacet
  facet normal 0.969982 -0.243175 0
    outer loop
      vertex 59.9712 -22.7926 0
      vertex 59.9354 -22.9354 22
      vertex 59.9354 -22.9354 0
    endloop
  endfacet
  facet normal 0.70626 -0.0345453 0.70711
    outer loop
      vertex 59 -22.4754 23
      vertex 58.9964 -22.549 23
      vertex 60 -22.5 22
    endloop
  endfacet
  facet normal 0.639309 -0.302123 0.707111
    outer loop
      vertex 59.8858 -23.074 22
      vertex 58.9399 -22.7351 23
      vertex 59.8229 -23.2071 22
    endloop
  endfacet
  facet normal 0.969982 0.243175 0
    outer loop
      vertex 59.9712 22.7926 22
      vertex 59.9354 22.9354 0
      vertex 59.9354 22.9354 22
    endloop
  endfacet
  facet normal 0.969982 0.243175 0
    outer loop
      vertex 59.9354 22.9354 0
      vertex 59.9712 22.7926 22
      vertex 59.9712 22.7926 0
    endloop
  endfacet
  facet normal 0.0345923 -0.70626 0.707107
    outer loop
      vertex 58.549 -22.9964 23
      vertex 58.5 -24 22
      vertex 58.647 -23.9928 22
    endloop
  endfacet
  facet normal 0.904125 -0.427269 0
    outer loop
      vertex 59.8229 -23.2071 22
      vertex 59.8858 -23.074 0
      vertex 59.8858 -23.074 22
    endloop
  endfacet
  facet normal 0.904125 -0.427269 0
    outer loop
      vertex 59.8858 -23.074 0
      vertex 59.8229 -23.2071 22
      vertex 59.8229 -23.2071 0
    endloop
  endfacet
  facet normal 0.671251 0.74123 -0
    outer loop
      vertex 59.5607 23.5607 0
      vertex 59.4516 23.6595 22
      vertex 59.5607 23.5607 22
    endloop
  endfacet
  facet normal 0.671251 0.74123 0
    outer loop
      vertex 59.4516 23.6595 22
      vertex 59.5607 23.5607 0
      vertex 59.4516 23.6595 0
    endloop
  endfacet
  facet normal 0.336939 -0.941527 0
    outer loop
      vertex 58.9354 -23.9354 0
      vertex 59.074 -23.8858 22
      vertex 58.9354 -23.9354 22
    endloop
  endfacet
  facet normal 0.336939 -0.941527 0
    outer loop
      vertex 59.074 -23.8858 22
      vertex 58.9354 -23.9354 0
      vertex 59.074 -23.8858 0
    endloop
  endfacet
  facet normal 0.422144 -0.567211 0.707153
    outer loop
      vertex 58.8163 -22.8856 23
      vertex 58.7772 -22.9147 23
      vertex 59.4516 -23.6595 22
    endloop
  endfacet
  facet normal 0.514396 -0.857553 0
    outer loop
      vertex 59.2071 -23.8229 0
      vertex 59.3333 -23.7472 22
      vertex 59.2071 -23.8229 22
    endloop
  endfacet
  facet normal 0.514396 -0.857553 0
    outer loop
      vertex 59.3333 -23.7472 22
      vertex 59.2071 -23.8229 0
      vertex 59.3333 -23.7472 0
    endloop
  endfacet
  facet normal 0.606391 0.363739 0.707096
    outer loop
      vertex 59.7472 23.3333 22
      vertex 58.9147 22.7772 23
      vertex 59.8229 23.2071 22
    endloop
  endfacet
  facet normal 0.70626 0.0345453 0.70711
    outer loop
      vertex 60 22.5 22
      vertex 58.9964 22.549 23
      vertex 59 22.4754 23
    endloop
  endfacet
  facet normal 0.421118 0.568054 0.707089
    outer loop
      vertex 59.3333 23.7472 22
      vertex 58.7772 22.9147 23
      vertex 59.4516 23.6595 22
    endloop
  endfacet
  facet normal 0.0345453 -0.70626 0.70711
    outer loop
      vertex 58.549 -22.9964 23
      vertex 58.4754 -23 23
      vertex 58.5 -24 22
    endloop
  endfacet
  facet normal 0.238284 -0.66575 0.707105
    outer loop
      vertex 58.6909 -22.9608 23
      vertex 58.6448 -22.9773 23
      vertex 59.074 -23.8858 22
    endloop
  endfacet
  facet normal 0.146746 0.989174 -0
    outer loop
      vertex 58.7926 23.9712 0
      vertex 58.647 23.9928 22
      vertex 58.7926 23.9712 22
    endloop
  endfacet
  facet normal 0.146746 0.989174 0
    outer loop
      vertex 58.647 23.9928 22
      vertex 58.7926 23.9712 0
      vertex 58.647 23.9928 0
    endloop
  endfacet
  facet normal 0.421118 -0.568054 0.707089
    outer loop
      vertex 59.4516 -23.6595 22
      vertex 58.7772 -22.9147 23
      vertex 59.3333 -23.7472 22
    endloop
  endfacet
  facet normal 0.639248 0.302269 0.707104
    outer loop
      vertex 59.8858 23.074 22
      vertex 58.9399 22.7351 23
      vertex 58.9608 22.6909 23
    endloop
  endfacet
  facet normal 0.103765 -0.699454 0.707105
    outer loop
      vertex 58.7926 -23.9712 22
      vertex 58.549 -22.9964 23
      vertex 58.647 -23.9928 22
    endloop
  endfacet
  facet normal 0.699357 -0.104252 0.707129
    outer loop
      vertex 58.9964 -22.549 23
      vertex 58.9892 -22.5973 23
      vertex 59.9712 -22.7926 22
    endloop
  endfacet
  facet normal 0.524119 0.474638 0.70712
    outer loop
      vertex 59.5607 23.5607 22
      vertex 58.8527 22.8527 23
      vertex 59.6595 23.4516 22
    endloop
  endfacet
  facet normal 0.66575 -0.238284 0.707105
    outer loop
      vertex 58.9773 -22.6448 23
      vertex 58.9608 -22.6909 23
      vertex 59.8858 -23.074 22
    endloop
  endfacet
  facet normal 0.302123 -0.639309 0.707111
    outer loop
      vertex 59.2071 -23.8229 22
      vertex 58.7351 -22.9399 23
      vertex 59.074 -23.8858 22
    endloop
  endfacet
  facet normal 0.904125 0.427269 0
    outer loop
      vertex 59.8858 23.074 22
      vertex 59.8229 23.2071 0
      vertex 59.8229 23.2071 22
    endloop
  endfacet
  facet normal 0.904125 0.427269 0
    outer loop
      vertex 59.8229 23.2071 0
      vertex 59.8858 23.074 22
      vertex 59.8858 23.074 0
    endloop
  endfacet
  facet normal 0.567211 0.422144 0.707153
    outer loop
      vertex 59.6595 23.4516 22
      vertex 58.8856 22.8163 23
      vertex 58.9147 22.7772 23
    endloop
  endfacet
  facet normal 0.66575 0.238284 0.707105
    outer loop
      vertex 59.8858 23.074 22
      vertex 58.9608 22.6909 23
      vertex 58.9773 22.6448 23
    endloop
  endfacet
  facet normal 0.336939 0.941527 -0
    outer loop
      vertex 59.074 23.8858 0
      vertex 58.9354 23.9354 22
      vertex 59.074 23.8858 22
    endloop
  endfacet
  facet normal 0.336939 0.941527 0
    outer loop
      vertex 58.9354 23.9354 22
      vertex 59.074 23.8858 0
      vertex 58.9354 23.9354 0
    endloop
  endfacet
  facet normal 0.74123 -0.671251 0
    outer loop
      vertex 59.5607 -23.5607 22
      vertex 59.6595 -23.4516 0
      vertex 59.6595 -23.4516 22
    endloop
  endfacet
  facet normal 0.74123 -0.671251 0
    outer loop
      vertex 59.6595 -23.4516 0
      vertex 59.5607 -23.5607 22
      vertex 59.5607 -23.5607 0
    endloop
  endfacet
  facet normal 0.671251 -0.74123 0
    outer loop
      vertex 59.4516 -23.6595 0
      vertex 59.5607 -23.5607 22
      vertex 59.4516 -23.6595 22
    endloop
  endfacet
  facet normal 0.671251 -0.74123 0
    outer loop
      vertex 59.5607 -23.5607 22
      vertex 59.4516 -23.6595 0
      vertex 59.5607 -23.5607 0
    endloop
  endfacet
  facet normal 0.685879 -0.17195 0.707109
    outer loop
      vertex 59.9712 -22.7926 22
      vertex 58.9773 -22.6448 23
      vertex 59.9354 -22.9354 22
    endloop
  endfacet
  facet normal 0.363739 0.606391 0.707096
    outer loop
      vertex 59.2071 23.8229 22
      vertex 58.7772 22.9147 23
      vertex 59.3333 23.7472 22
    endloop
  endfacet
  facet normal 0.989174 -0.146746 0
    outer loop
      vertex 59.9712 -22.7926 22
      vertex 59.9928 -22.647 0
      vertex 59.9928 -22.647 22
    endloop
  endfacet
  facet normal 0.989174 -0.146746 0
    outer loop
      vertex 59.9928 -22.647 0
      vertex 59.9712 -22.7926 22
      vertex 59.9712 -22.7926 0
    endloop
  endfacet
  facet normal 0.699454 -0.103765 0.707105
    outer loop
      vertex 59.9928 -22.647 22
      vertex 58.9964 -22.549 23
      vertex 59.9712 -22.7926 22
    endloop
  endfacet
  facet normal 0.238284 0.66575 0.707105
    outer loop
      vertex 59.074 23.8858 22
      vertex 58.6448 22.9773 23
      vertex 58.6909 22.9608 23
    endloop
  endfacet
  facet normal 0.70626 0.0345923 0.707107
    outer loop
      vertex 59.9928 22.647 22
      vertex 58.9964 22.549 23
      vertex 60 22.5 22
    endloop
  endfacet
  facet normal 0.103765 0.699454 0.707105
    outer loop
      vertex 58.647 23.9928 22
      vertex 58.549 22.9964 23
      vertex 58.7926 23.9712 22
    endloop
  endfacet
  facet normal 0.474638 0.524119 0.70712
    outer loop
      vertex 59.4516 23.6595 22
      vertex 58.8527 22.8527 23
      vertex 59.5607 23.5607 22
    endloop
  endfacet
  facet normal 0.857553 -0.514396 0
    outer loop
      vertex 59.7472 -23.3333 22
      vertex 59.8229 -23.2071 0
      vertex 59.8229 -23.2071 22
    endloop
  endfacet
  facet normal 0.857553 -0.514396 0
    outer loop
      vertex 59.8229 -23.2071 0
      vertex 59.7472 -23.3333 22
      vertex 59.7472 -23.3333 0
    endloop
  endfacet
  facet normal 0.104252 -0.699357 0.707129
    outer loop
      vertex 58.5973 -22.9892 23
      vertex 58.549 -22.9964 23
      vertex 58.7926 -23.9712 22
    endloop
  endfacet
  facet normal 0.567211 -0.422144 0.707153
    outer loop
      vertex 58.9147 -22.7772 23
      vertex 58.8856 -22.8163 23
      vertex 59.6595 -23.4516 22
    endloop
  endfacet
  facet normal 0.699357 0.104252 0.707129
    outer loop
      vertex 59.9712 22.7926 22
      vertex 58.9892 22.5973 23
      vertex 58.9964 22.549 23
    endloop
  endfacet
  facet normal 0.427269 0.904125 -0
    outer loop
      vertex 59.2071 23.8229 0
      vertex 59.074 23.8858 22
      vertex 59.2071 23.8229 22
    endloop
  endfacet
  facet normal 0.427269 0.904125 0
    outer loop
      vertex 59.074 23.8858 22
      vertex 59.2071 23.8229 0
      vertex 59.074 23.8858 0
    endloop
  endfacet
  facet normal 0.685901 0.171836 0.707115
    outer loop
      vertex 59.9712 22.7926 22
      vertex 58.9773 22.6448 23
      vertex 58.9892 22.5973 23
    endloop
  endfacet
  facet normal 0.699454 0.103765 0.707105
    outer loop
      vertex 59.9712 22.7926 22
      vertex 58.9964 22.549 23
      vertex 59.9928 22.647 22
    endloop
  endfacet
  facet normal 0.0489209 -0.998803 0
    outer loop
      vertex 58.5 -24 0
      vertex 58.647 -23.9928 22
      vertex 58.5 -24 22
    endloop
  endfacet
  facet normal 0.0489209 -0.998803 0
    outer loop
      vertex 58.647 -23.9928 22
      vertex 58.5 -24 0
      vertex 58.647 -23.9928 0
    endloop
  endfacet
  facet normal 0.146746 -0.989174 0
    outer loop
      vertex 58.647 -23.9928 0
      vertex 58.7926 -23.9712 22
      vertex 58.647 -23.9928 22
    endloop
  endfacet
  facet normal 0.146746 -0.989174 0
    outer loop
      vertex 58.7926 -23.9712 22
      vertex 58.647 -23.9928 0
      vertex 58.7926 -23.9712 0
    endloop
  endfacet
  facet normal 0.0345923 0.70626 0.707107
    outer loop
      vertex 58.647 23.9928 22
      vertex 58.5 24 22
      vertex 58.549 22.9964 23
    endloop
  endfacet
  facet normal 0.474112 0.52455 0.707153
    outer loop
      vertex 59.4516 23.6595 22
      vertex 58.8163 22.8856 23
      vertex 58.8527 22.8527 23
    endloop
  endfacet
  facet normal 0.17195 -0.685879 0.707109
    outer loop
      vertex 58.9354 -23.9354 22
      vertex 58.6448 -22.9773 23
      vertex 58.7926 -23.9712 22
    endloop
  endfacet
  facet normal 0.243175 -0.969982 0
    outer loop
      vertex 58.7926 -23.9712 0
      vertex 58.9354 -23.9354 22
      vertex 58.7926 -23.9712 22
    endloop
  endfacet
  facet normal 0.243175 -0.969982 0
    outer loop
      vertex 58.9354 -23.9354 22
      vertex 58.7926 -23.9712 0
      vertex 58.9354 -23.9354 0
    endloop
  endfacet
  facet normal 0.595536 0.803329 -0
    outer loop
      vertex 59.4516 23.6595 0
      vertex 59.3333 23.7472 22
      vertex 59.4516 23.6595 22
    endloop
  endfacet
  facet normal 0.595536 0.803329 0
    outer loop
      vertex 59.3333 23.7472 22
      vertex 59.4516 23.6595 0
      vertex 59.3333 23.7472 0
    endloop
  endfacet
  facet normal 0 0 1
    outer loop
      vertex 58.4754 23 23
      vertex 59 22.4754 23
      vertex 58.9964 22.549 23
    endloop
  endfacet
  facet normal 0 0 1
    outer loop
      vertex 59 22.4754 23
      vertex 50 18 23
      vertex 59 -22.4754 23
    endloop
  endfacet
  facet normal 0 0 1
    outer loop
      vertex 58.549 22.9964 23
      vertex 58.9964 22.549 23
      vertex 58.9892 22.5973 23
    endloop
  endfacet
  facet normal -0 0 1
    outer loop
      vertex 50 -18 23
      vertex 59 -22.4754 23
      vertex 50 18 23
    endloop
  endfacet
  facet normal 0 0 1
    outer loop
      vertex 58.549 22.9964 23
      vertex 58.9892 22.5973 23
      vertex 58.9773 22.6448 23
    endloop
  endfacet
  facet normal -0 0 1
    outer loop
      vertex 49.9855 -18.294 23
      vertex 59 -22.4754 23
      vertex 50 -18 23
    endloop
  endfacet
  facet normal 0 0 1
    outer loop
      vertex 58.549 22.9964 23
      vertex 58.9773 22.6448 23
      vertex 58.9608 22.6909 23
    endloop
  endfacet
  facet normal 0 -0 1
    outer loop
      vertex 58.4754 -23 23
      vertex 59 -22.4754 23
      vertex 49.9855 -18.294 23
    endloop
  endfacet
  facet normal 0 0 1
    outer loop
      vertex 58.549 22.9964 23
      vertex 58.9608 22.6909 23
      vertex 58.9399 22.7351 23
    endloop
  endfacet
  facet normal 0 0 1
    outer loop
      vertex 59 -22.4754 23
      vertex 58.4754 -23 23
      vertex 58.9964 -22.549 23
    endloop
  endfacet
  facet normal 0 0 1
    outer loop
      vertex 58.549 22.9964 23
      vertex 58.9399 22.7351 23
      vertex 58.9147 22.7772 23
    endloop
  endfacet
  facet normal 0 0 1
    outer loop
      vertex 58.9964 -22.549 23
      vertex 58.549 -22.9964 23
      vertex 58.9892 -22.5973 23
    endloop
  endfacet
  facet normal 0 0 1
    outer loop
      vertex 58.549 22.9964 23
      vertex 58.9147 22.7772 23
      vertex 58.8856 22.8163 23
    endloop
  endfacet
  facet normal 0 0 1
    outer loop
      vertex 58.9892 -22.5973 23
      vertex 58.549 -22.9964 23
      vertex 58.9773 -22.6448 23
    endloop
  endfacet
  facet normal 0 0 1
    outer loop
      vertex 58.549 22.9964 23
      vertex 58.8856 22.8163 23
      vertex 58.8527 22.8527 23
    endloop
  endfacet
  facet normal 0 0 1
    outer loop
      vertex 58.9773 -22.6448 23
      vertex 58.549 -22.9964 23
      vertex 58.9608 -22.6909 23
    endloop
  endfacet
  facet normal 0 0 1
    outer loop
      vertex 58.549 22.9964 23
      vertex 58.8527 22.8527 23
      vertex 58.8163 22.8856 23
    endloop
  endfacet
  facet normal 0 0 1
    outer loop
      vertex 58.9608 -22.6909 23
      vertex 58.549 -22.9964 23
      vertex 58.9399 -22.7351 23
    endloop
  endfacet
  facet normal 0 0 1
    outer loop
      vertex 58.549 22.9964 23
      vertex 58.8163 22.8856 23
      vertex 58.7772 22.9147 23
    endloop
  endfacet
  facet normal 0 0 1
    outer loop
      vertex 58.9399 -22.7351 23
      vertex 58.549 -22.9964 23
      vertex 58.9147 -22.7772 23
    endloop
  endfacet
  facet normal 0 0 1
    outer loop
      vertex 58.549 22.9964 23
      vertex 58.7772 22.9147 23
      vertex 58.7351 22.9399 23
    endloop
  endfacet
  facet normal 0 0 1
    outer loop
      vertex 58.9147 -22.7772 23
      vertex 58.549 -22.9964 23
      vertex 58.8856 -22.8163 23
    endloop
  endfacet
  facet normal 0 0 1
    outer loop
      vertex 58.549 22.9964 23
      vertex 58.7351 22.9399 23
      vertex 58.6909 22.9608 23
    endloop
  endfacet
  facet normal 0 0 1
    outer loop
      vertex 58.8856 -22.8163 23
      vertex 58.549 -22.9964 23
      vertex 58.8527 -22.8527 23
    endloop
  endfacet
  facet normal 0 0 1
    outer loop
      vertex 58.549 22.9964 23
      vertex 58.6909 22.9608 23
      vertex 58.6448 22.9773 23
    endloop
  endfacet
  facet normal 0 0 1
    outer loop
      vertex 58.8527 -22.8527 23
      vertex 58.549 -22.9964 23
      vertex 58.8163 -22.8856 23
    endloop
  endfacet
  facet normal 0 0 1
    outer loop
      vertex 58.549 22.9964 23
      vertex 58.6448 22.9773 23
      vertex 58.5973 22.9892 23
    endloop
  endfacet
  facet normal 0 0 1
    outer loop
      vertex 58.8163 -22.8856 23
      vertex 58.549 -22.9964 23
      vertex 58.7772 -22.9147 23
    endloop
  endfacet
  facet normal 0 0 1
    outer loop
      vertex 58.9964 22.549 23
      vertex 58.549 22.9964 23
      vertex 58.4754 23 23
    endloop
  endfacet
  facet normal 0 0 1
    outer loop
      vertex 58.7772 -22.9147 23
      vertex 58.549 -22.9964 23
      vertex 58.7351 -22.9399 23
    endloop
  endfacet
  facet normal 0 0 1
    outer loop
      vertex 59 22.4754 23
      vertex 58.4754 23 23
      vertex 49.9855 18.294 23
    endloop
  endfacet
  facet normal 0 0 1
    outer loop
      vertex 58.7351 -22.9399 23
      vertex 58.549 -22.9964 23
      vertex 58.6909 -22.9608 23
    endloop
  endfacet
  facet normal 0 0 1
    outer loop
      vertex 58.6909 -22.9608 23
      vertex 58.549 -22.9964 23
      vertex 58.6448 -22.9773 23
    endloop
  endfacet
  facet normal 0 0 1
    outer loop
      vertex 59 22.4754 23
      vertex 49.9855 18.294 23
      vertex 50 18 23
    endloop
  endfacet
  facet normal 0 0 1
    outer loop
      vertex 58.4754 23 23
      vertex 49.9424 18.5853 23
      vertex 49.9855 18.294 23
    endloop
  endfacet
  facet normal 0 0 1
    outer loop
      vertex 58.4754 23 23
      vertex 49.8708 18.8708 23
      vertex 49.9424 18.5853 23
    endloop
  endfacet
  facet normal 0 0 1
    outer loop
      vertex 58.4754 23 23
      vertex 49.7716 19.148 23
      vertex 49.8708 18.8708 23
    endloop
  endfacet
  facet normal 0 0 1
    outer loop
      vertex 58.4754 23 23
      vertex 49.6458 19.4142 23
      vertex 49.7716 19.148 23
    endloop
  endfacet
  facet normal 0 0 1
    outer loop
      vertex 58.4754 23 23
      vertex 49.4944 19.6667 23
      vertex 49.6458 19.4142 23
    endloop
  endfacet
  facet normal 0 0 1
    outer loop
      vertex 58.4754 23 23
      vertex 49.319 19.9032 23
      vertex 49.4944 19.6667 23
    endloop
  endfacet
  facet normal 0 0 1
    outer loop
      vertex 58.4754 23 23
      vertex 49.1213 20.1213 23
      vertex 49.319 19.9032 23
    endloop
  endfacet
  facet normal 0 0 1
    outer loop
      vertex 58.4754 23 23
      vertex 48.9032 20.319 23
      vertex 49.1213 20.1213 23
    endloop
  endfacet
  facet normal 0 0 1
    outer loop
      vertex 58.4754 23 23
      vertex 48.6667 20.4944 23
      vertex 48.9032 20.319 23
    endloop
  endfacet
  facet normal 0 0 1
    outer loop
      vertex 58.4754 23 23
      vertex 48.4142 20.6458 23
      vertex 48.6667 20.4944 23
    endloop
  endfacet
  facet normal 0 0 1
    outer loop
      vertex 58.4754 23 23
      vertex 48.148 20.7716 23
      vertex 48.4142 20.6458 23
    endloop
  endfacet
  facet normal 0 0 1
    outer loop
      vertex 58.4754 23 23
      vertex 47.8708 20.8708 23
      vertex 48.148 20.7716 23
    endloop
  endfacet
  facet normal 0 0 1
    outer loop
      vertex 58.4754 23 23
      vertex 47.5853 20.9424 23
      vertex 47.8708 20.8708 23
    endloop
  endfacet
  facet normal 0 0 1
    outer loop
      vertex 58.4754 23 23
      vertex 47.294 20.9855 23
      vertex 47.5853 20.9424 23
    endloop
  endfacet
  facet normal 0 0 1
    outer loop
      vertex 58.4754 23 23
      vertex 47 21 23
      vertex 47.294 20.9855 23
    endloop
  endfacet
  facet normal -0 0 1
    outer loop
      vertex 17 23 23
      vertex 47 21 23
      vertex 58.4754 23 23
    endloop
  endfacet
  facet normal 0 0 1
    outer loop
      vertex 47 21 23
      vertex 17 23 23
      vertex 23 21 23
    endloop
  endfacet
  facet normal 0 0 1
    outer loop
      vertex 20 18 23
      vertex 17 23 23
      vertex 20 -18 23
    endloop
  endfacet
  facet normal 0 0 1
    outer loop
      vertex 20.0144 18.294 23
      vertex 17 23 23
      vertex 20 18 23
    endloop
  endfacet
  facet normal 0 0 1
    outer loop
      vertex 20.0576 18.5853 23
      vertex 17 23 23
      vertex 20.0144 18.294 23
    endloop
  endfacet
  facet normal 0 0 1
    outer loop
      vertex 20.1292 18.8708 23
      vertex 17 23 23
      vertex 20.0576 18.5853 23
    endloop
  endfacet
  facet normal 0 0 1
    outer loop
      vertex 20.2283 19.148 23
      vertex 17 23 23
      vertex 20.1292 18.8708 23
    endloop
  endfacet
  facet normal 0 0 1
    outer loop
      vertex 20.3542 19.4142 23
      vertex 17 23 23
      vertex 20.2283 19.148 23
    endloop
  endfacet
  facet normal 0 0 1
    outer loop
      vertex 20.5056 19.6667 23
      vertex 17 23 23
      vertex 20.3542 19.4142 23
    endloop
  endfacet
  facet normal 0 0 1
    outer loop
      vertex 20.681 19.9032 23
      vertex 17 23 23
      vertex 20.5056 19.6667 23
    endloop
  endfacet
  facet normal 0 0 1
    outer loop
      vertex 20.8787 20.1213 23
      vertex 17 23 23
      vertex 20.681 19.9032 23
    endloop
  endfacet
  facet normal 0 0 1
    outer loop
      vertex 21.0968 20.319 23
      vertex 17 23 23
      vertex 20.8787 20.1213 23
    endloop
  endfacet
  facet normal 0 0 1
    outer loop
      vertex 21.3333 20.4944 23
      vertex 17 23 23
      vertex 21.0968 20.319 23
    endloop
  endfacet
  facet normal 0 0 1
    outer loop
      vertex 21.5858 20.6458 23
      vertex 17 23 23
      vertex 21.3333 20.4944 23
    endloop
  endfacet
  facet normal 0 0 1
    outer loop
      vertex 21.8519 20.7716 23
      vertex 17 23 23
      vertex 21.5858 20.6458 23
    endloop
  endfacet
  facet normal 0 0 1
    outer loop
      vertex 22.1291 20.8708 23
      vertex 17 23 23
      vertex 21.8519 20.7716 23
    endloop
  endfacet
  facet normal 0 0 1
    outer loop
      vertex 22.4147 20.9424 23
      vertex 17 23 23
      vertex 22.1291 20.8708 23
    endloop
  endfacet
  facet normal 0 0 1
    outer loop
      vertex 22.7059 20.9855 23
      vertex 17 23 23
      vertex 22.4147 20.9424 23
    endloop
  endfacet
  facet normal 0 0 1
    outer loop
      vertex 23 21 23
      vertex 17 23 23
      vertex 22.7059 20.9855 23
    endloop
  endfacet
  facet normal 0 0 1
    outer loop
      vertex 58.6448 -22.9773 23
      vertex 58.549 -22.9964 23
      vertex 58.5973 -22.9892 23
    endloop
  endfacet
  facet normal 0 -0 1
    outer loop
      vertex 58.549 -22.9964 23
      vertex 58.9964 -22.549 23
      vertex 58.4754 -23 23
    endloop
  endfacet
  facet normal -0 0 1
    outer loop
      vertex 49.9424 -18.5853 23
      vertex 58.4754 -23 23
      vertex 49.9855 -18.294 23
    endloop
  endfacet
  facet normal -0 0 1
    outer loop
      vertex 49.8708 -18.8708 23
      vertex 58.4754 -23 23
      vertex 49.9424 -18.5853 23
    endloop
  endfacet
  facet normal -0 0 1
    outer loop
      vertex 49.7716 -19.148 23
      vertex 58.4754 -23 23
      vertex 49.8708 -18.8708 23
    endloop
  endfacet
  facet normal -0 0 1
    outer loop
      vertex 49.6458 -19.4142 23
      vertex 58.4754 -23 23
      vertex 49.7716 -19.148 23
    endloop
  endfacet
  facet normal -0 0 1
    outer loop
      vertex 49.4944 -19.6667 23
      vertex 58.4754 -23 23
      vertex 49.6458 -19.4142 23
    endloop
  endfacet
  facet normal -0 0 1
    outer loop
      vertex 49.319 -19.9032 23
      vertex 58.4754 -23 23
      vertex 49.4944 -19.6667 23
    endloop
  endfacet
  facet normal -0 0 1
    outer loop
      vertex 49.1213 -20.1213 23
      vertex 58.4754 -23 23
      vertex 49.319 -19.9032 23
    endloop
  endfacet
  facet normal -0 0 1
    outer loop
      vertex 48.9032 -20.319 23
      vertex 58.4754 -23 23
      vertex 49.1213 -20.1213 23
    endloop
  endfacet
  facet normal -0 0 1
    outer loop
      vertex 48.6667 -20.4944 23
      vertex 58.4754 -23 23
      vertex 48.9032 -20.319 23
    endloop
  endfacet
  facet normal -0 0 1
    outer loop
      vertex 48.4142 -20.6458 23
      vertex 58.4754 -23 23
      vertex 48.6667 -20.4944 23
    endloop
  endfacet
  facet normal -0 0 1
    outer loop
      vertex 48.148 -20.7716 23
      vertex 58.4754 -23 23
      vertex 48.4142 -20.6458 23
    endloop
  endfacet
  facet normal -0 0 1
    outer loop
      vertex 47.8708 -20.8708 23
      vertex 58.4754 -23 23
      vertex 48.148 -20.7716 23
    endloop
  endfacet
  facet normal -0 0 1
    outer loop
      vertex 47.5853 -20.9424 23
      vertex 58.4754 -23 23
      vertex 47.8708 -20.8708 23
    endloop
  endfacet
  facet normal -0 0 1
    outer loop
      vertex 47.294 -20.9855 23
      vertex 58.4754 -23 23
      vertex 47.5853 -20.9424 23
    endloop
  endfacet
  facet normal -0 0 1
    outer loop
      vertex 47 -21 23
      vertex 58.4754 -23 23
      vertex 47.294 -20.9855 23
    endloop
  endfacet
  facet normal 0 0 1
    outer loop
      vertex 17 -23 23
      vertex 47 -21 23
      vertex 23 -21 23
    endloop
  endfacet
  facet normal 0 0 1
    outer loop
      vertex 17 -23 23
      vertex 23 -21 23
      vertex 22.7059 -20.9855 23
    endloop
  endfacet
  facet normal 0 0 1
    outer loop
      vertex 17 -23 23
      vertex 20 -18 23
      vertex 17 23 23
    endloop
  endfacet
  facet normal 0 0 1
    outer loop
      vertex 47 -21 23
      vertex 17 -23 23
      vertex 58.4754 -23 23
    endloop
  endfacet
  facet normal 0 0 1
    outer loop
      vertex 22.4147 -20.9424 23
      vertex 17 -23 23
      vertex 22.7059 -20.9855 23
    endloop
  endfacet
  facet normal 0 0 1
    outer loop
      vertex 22.1291 -20.8708 23
      vertex 17 -23 23
      vertex 22.4147 -20.9424 23
    endloop
  endfacet
  facet normal 0 0 1
    outer loop
      vertex 21.8519 -20.7716 23
      vertex 17 -23 23
      vertex 22.1291 -20.8708 23
    endloop
  endfacet
  facet normal 0 0 1
    outer loop
      vertex 21.5858 -20.6458 23
      vertex 17 -23 23
      vertex 21.8519 -20.7716 23
    endloop
  endfacet
  facet normal 0 0 1
    outer loop
      vertex 21.3333 -20.4944 23
      vertex 17 -23 23
      vertex 21.5858 -20.6458 23
    endloop
  endfacet
  facet normal 0 0 1
    outer loop
      vertex 21.0968 -20.319 23
      vertex 17 -23 23
      vertex 21.3333 -20.4944 23
    endloop
  endfacet
  facet normal 0 0 1
    outer loop
      vertex 20.8787 -20.1213 23
      vertex 17 -23 23
      vertex 21.0968 -20.319 23
    endloop
  endfacet
  facet normal 0 0 1
    outer loop
      vertex 20.681 -19.9032 23
      vertex 17 -23 23
      vertex 20.8787 -20.1213 23
    endloop
  endfacet
  facet normal 0 0 1
    outer loop
      vertex 20.5056 -19.6667 23
      vertex 17 -23 23
      vertex 20.681 -19.9032 23
    endloop
  endfacet
  facet normal 0 0 1
    outer loop
      vertex 20.3542 -19.4142 23
      vertex 17 -23 23
      vertex 20.5056 -19.6667 23
    endloop
  endfacet
  facet normal 0 0 1
    outer loop
      vertex 20.2283 -19.148 23
      vertex 17 -23 23
      vertex 20.3542 -19.4142 23
    endloop
  endfacet
  facet normal 0 0 1
    outer loop
      vertex 20.1292 -18.8708 23
      vertex 17 -23 23
      vertex 20.2283 -19.148 23
    endloop
  endfacet
  facet normal 0 0 1
    outer loop
      vertex 20.0576 -18.5853 23
      vertex 17 -23 23
      vertex 20.1292 -18.8708 23
    endloop
  endfacet
  facet normal 0 0 1
    outer loop
      vertex 20.0144 -18.294 23
      vertex 17 -23 23
      vertex 20.0576 -18.5853 23
    endloop
  endfacet
  facet normal 0 0 1
    outer loop
      vertex 20 -18 23
      vertex 17 -23 23
      vertex 20.0144 -18.294 23
    endloop
  endfacet
  facet normal 0.568054 0.421118 0.707089
    outer loop
      vertex 59.6595 23.4516 22
      vertex 58.9147 22.7772 23
      vertex 59.7472 23.3333 22
    endloop
  endfacet
  facet normal 0.998803 -0.0489209 0
    outer loop
      vertex 59.9928 -22.647 22
      vertex 60 -22.5 0
      vertex 60 -22.5 22
    endloop
  endfacet
  facet normal 0.998803 -0.0489209 0
    outer loop
      vertex 60 -22.5 0
      vertex 59.9928 -22.647 22
      vertex 59.9928 -22.647 0
    endloop
  endfacet
  facet normal 0.0489209 0.998803 -0
    outer loop
      vertex 58.647 23.9928 0
      vertex 58.5 24 22
      vertex 58.647 23.9928 22
    endloop
  endfacet
  facet normal 0.0489209 0.998803 0
    outer loop
      vertex 58.5 24 22
      vertex 58.647 23.9928 0
      vertex 58.5 24 0
    endloop
  endfacet
  facet normal 0.665763 -0.238253 0.707104
    outer loop
      vertex 59.9354 -22.9354 22
      vertex 58.9773 -22.6448 23
      vertex 59.8858 -23.074 22
    endloop
  endfacet
  facet normal 0.941527 -0.336939 0
    outer loop
      vertex 59.8858 -23.074 22
      vertex 59.9354 -22.9354 0
      vertex 59.9354 -22.9354 22
    endloop
  endfacet
  facet normal 0.941527 -0.336939 0
    outer loop
      vertex 59.9354 -22.9354 0
      vertex 59.8858 -23.074 22
      vertex 59.8858 -23.074 0
    endloop
  endfacet
  facet normal 0.52455 -0.474112 0.707153
    outer loop
      vertex 58.8856 -22.8163 23
      vertex 58.8527 -22.8527 23
      vertex 59.6595 -23.4516 22
    endloop
  endfacet
  facet normal 0.524119 -0.474638 0.70712
    outer loop
      vertex 59.6595 -23.4516 22
      vertex 58.8527 -22.8527 23
      vertex 59.5607 -23.5607 22
    endloop
  endfacet
  facet normal 0.363739 -0.606391 0.707096
    outer loop
      vertex 59.3333 -23.7472 22
      vertex 58.7772 -22.9147 23
      vertex 59.2071 -23.8229 22
    endloop
  endfacet
  facet normal 0.243175 0.969982 -0
    outer loop
      vertex 58.9354 23.9354 0
      vertex 58.7926 23.9712 22
      vertex 58.9354 23.9354 22
    endloop
  endfacet
  facet normal 0.243175 0.969982 0
    outer loop
      vertex 58.7926 23.9712 22
      vertex 58.9354 23.9354 0
      vertex 58.7926 23.9712 0
    endloop
  endfacet
  facet normal 0.685879 0.17195 0.707109
    outer loop
      vertex 59.9354 22.9354 22
      vertex 58.9773 22.6448 23
      vertex 59.9712 22.7926 22
    endloop
  endfacet
  facet normal 0.998803 0.0489209 0
    outer loop
      vertex 60 22.5 22
      vertex 59.9928 22.647 0
      vertex 59.9928 22.647 22
    endloop
  endfacet
  facet normal 0.998803 0.0489209 0
    outer loop
      vertex 59.9928 22.647 0
      vertex 60 22.5 22
      vertex 60 22.5 0
    endloop
  endfacet
  facet normal 0.606702 -0.363157 0.707128
    outer loop
      vertex 58.9399 -22.7351 23
      vertex 58.9147 -22.7772 23
      vertex 59.8229 -23.2071 22
    endloop
  endfacet
  facet normal 0.606391 -0.363739 0.707096
    outer loop
      vertex 59.8229 -23.2071 22
      vertex 58.9147 -22.7772 23
      vertex 59.7472 -23.3333 22
    endloop
  endfacet
  facet normal 0.171836 0.685901 0.707115
    outer loop
      vertex 58.7926 23.9712 22
      vertex 58.5973 22.9892 23
      vertex 58.6448 22.9773 23
    endloop
  endfacet
  facet normal 0.17195 0.685879 0.707109
    outer loop
      vertex 58.7926 23.9712 22
      vertex 58.6448 22.9773 23
      vertex 58.9354 23.9354 22
    endloop
  endfacet
  facet normal 0.238253 0.665763 0.707104
    outer loop
      vertex 58.9354 23.9354 22
      vertex 58.6448 22.9773 23
      vertex 59.074 23.8858 22
    endloop
  endfacet
  facet normal 0.595536 -0.803329 0
    outer loop
      vertex 59.3333 -23.7472 0
      vertex 59.4516 -23.6595 22
      vertex 59.3333 -23.7472 22
    endloop
  endfacet
  facet normal 0.595536 -0.803329 0
    outer loop
      vertex 59.4516 -23.6595 22
      vertex 59.3333 -23.7472 0
      vertex 59.4516 -23.6595 0
    endloop
  endfacet
  facet normal 0.238253 -0.665763 0.707104
    outer loop
      vertex 59.074 -23.8858 22
      vertex 58.6448 -22.9773 23
      vertex 58.9354 -23.9354 22
    endloop
  endfacet
  facet normal 0.104252 0.699357 0.707129
    outer loop
      vertex 58.7926 23.9712 22
      vertex 58.549 22.9964 23
      vertex 58.5973 22.9892 23
    endloop
  endfacet
  facet normal 0.474638 -0.524119 0.70712
    outer loop
      vertex 59.5607 -23.5607 22
      vertex 58.8527 -22.8527 23
      vertex 59.4516 -23.6595 22
    endloop
  endfacet
  facet normal 0.474112 -0.52455 0.707153
    outer loop
      vertex 58.8527 -22.8527 23
      vertex 58.8163 -22.8856 23
      vertex 59.4516 -23.6595 22
    endloop
  endfacet
  facet normal 0.427269 -0.904125 0
    outer loop
      vertex 59.074 -23.8858 0
      vertex 59.2071 -23.8229 22
      vertex 59.074 -23.8858 22
    endloop
  endfacet
  facet normal 0.427269 -0.904125 0
    outer loop
      vertex 59.2071 -23.8229 22
      vertex 59.074 -23.8858 0
      vertex 59.2071 -23.8229 0
    endloop
  endfacet
  facet normal 0.803329 0.595536 0
    outer loop
      vertex 59.7472 23.3333 22
      vertex 59.6595 23.4516 0
      vertex 59.6595 23.4516 22
    endloop
  endfacet
  facet normal 0.803329 0.595536 0
    outer loop
      vertex 59.6595 23.4516 0
      vertex 59.7472 23.3333 22
      vertex 59.7472 23.3333 0
    endloop
  endfacet
  facet normal 0.606702 0.363157 0.707128
    outer loop
      vertex 59.8229 23.2071 22
      vertex 58.9147 22.7772 23
      vertex 58.9399 22.7351 23
    endloop
  endfacet
  facet normal 0.639309 0.302123 0.707111
    outer loop
      vertex 59.8229 23.2071 22
      vertex 58.9399 22.7351 23
      vertex 59.8858 23.074 22
    endloop
  endfacet
  facet normal 0.941527 0.336939 0
    outer loop
      vertex 59.9354 22.9354 22
      vertex 59.8858 23.074 0
      vertex 59.8858 23.074 22
    endloop
  endfacet
  facet normal 0.941527 0.336939 0
    outer loop
      vertex 59.8858 23.074 0
      vertex 59.9354 22.9354 22
      vertex 59.9354 22.9354 0
    endloop
  endfacet
  facet normal 0.302123 0.639309 0.707111
    outer loop
      vertex 59.074 23.8858 22
      vertex 58.7351 22.9399 23
      vertex 59.2071 23.8229 22
    endloop
  endfacet
  facet normal 0.363157 0.606702 0.707128
    outer loop
      vertex 59.2071 23.8229 22
      vertex 58.7351 22.9399 23
      vertex 58.7772 22.9147 23
    endloop
  endfacet
  facet normal 0.302269 0.639248 0.707104
    outer loop
      vertex 59.074 23.8858 22
      vertex 58.6909 22.9608 23
      vertex 58.7351 22.9399 23
    endloop
  endfacet
  facet normal 0.568054 -0.421118 0.707089
    outer loop
      vertex 59.7472 -23.3333 22
      vertex 58.9147 -22.7772 23
      vertex 59.6595 -23.4516 22
    endloop
  endfacet
  facet normal 0.803329 -0.595536 0
    outer loop
      vertex 59.6595 -23.4516 22
      vertex 59.7472 -23.3333 0
      vertex 59.7472 -23.3333 22
    endloop
  endfacet
  facet normal 0.803329 -0.595536 0
    outer loop
      vertex 59.7472 -23.3333 0
      vertex 59.6595 -23.4516 22
      vertex 59.6595 -23.4516 0
    endloop
  endfacet
  facet normal 0 1 0
    outer loop
      vertex 47 21 23
      vertex 38 21 29
      vertex 45 21 29
    endloop
  endfacet
  facet normal 0 1 0
    outer loop
      vertex 38 21 29
      vertex 47 21 23
      vertex 32 21 29
    endloop
  endfacet
  facet normal 0 1 0
    outer loop
      vertex 23 21 23
      vertex 32 21 29
      vertex 47 21 23
    endloop
  endfacet
  facet normal 0 1 0
    outer loop
      vertex 45.5176 21 29.0681
      vertex 47 21 23
      vertex 45 21 29
    endloop
  endfacet
  facet normal 0 1 0
    outer loop
      vertex 46 21 29.2679
      vertex 47 21 23
      vertex 45.5176 21 29.0681
    endloop
  endfacet
  facet normal 0 1 0
    outer loop
      vertex 46.4142 21 29.5858
      vertex 47 21 23
      vertex 46 21 29.2679
    endloop
  endfacet
  facet normal 0 1 0
    outer loop
      vertex 46.732 21 30
      vertex 47 21 23
      vertex 46.4142 21 29.5858
    endloop
  endfacet
  facet normal 0 1 0
    outer loop
      vertex 46.9318 21 30.4824
      vertex 47 21 23
      vertex 46.732 21 30
    endloop
  endfacet
  facet normal 0 1 -0
    outer loop
      vertex 47 21 23
      vertex 46.9318 21 30.4824
      vertex 47 21 31
    endloop
  endfacet
  facet normal 0 1 -0
    outer loop
      vertex 37.4824 21 46.9318
      vertex 32 21 47
      vertex 38 21 47
    endloop
  endfacet
  facet normal 0 1 0
    outer loop
      vertex 37.4824 21 46.9318
      vertex 32.5176 21 46.9318
      vertex 32 21 47
    endloop
  endfacet
  facet normal 0 1 -0
    outer loop
      vertex 37 21 46.732
      vertex 32.5176 21 46.9318
      vertex 37.4824 21 46.9318
    endloop
  endfacet
  facet normal 0 1 0
    outer loop
      vertex 37 21 46.732
      vertex 33 21 46.732
      vertex 32.5176 21 46.9318
    endloop
  endfacet
  facet normal 0 1 -0
    outer loop
      vertex 36.5858 21 46.4142
      vertex 33 21 46.732
      vertex 37 21 46.732
    endloop
  endfacet
  facet normal 0 1 0
    outer loop
      vertex 36.5858 21 46.4142
      vertex 33.4142 21 46.4142
      vertex 33 21 46.732
    endloop
  endfacet
  facet normal 0 1 -0
    outer loop
      vertex 36.2679 21 46
      vertex 33.4142 21 46.4142
      vertex 36.5858 21 46.4142
    endloop
  endfacet
  facet normal 0 1 0
    outer loop
      vertex 36.2679 21 46
      vertex 33.732 21 46
      vertex 33.4142 21 46.4142
    endloop
  endfacet
  facet normal 0 1 -0
    outer loop
      vertex 36.0681 21 45.5176
      vertex 33.732 21 46
      vertex 36.2679 21 46
    endloop
  endfacet
  facet normal 0 1 0
    outer loop
      vertex 36.0681 21 45.5176
      vertex 33.9318 21 45.5176
      vertex 33.732 21 46
    endloop
  endfacet
  facet normal 0 1 -0
    outer loop
      vertex 36 21 45
      vertex 33.9318 21 45.5176
      vertex 36.0681 21 45.5176
    endloop
  endfacet
  facet normal 0 1 0
    outer loop
      vertex 36 21 45
      vertex 34 21 45
      vertex 33.9318 21 45.5176
    endloop
  endfacet
  facet normal 0 1 -0
    outer loop
      vertex 36 21 31
      vertex 34 21 45
      vertex 36 21 45
    endloop
  endfacet
  facet normal 0 1 0
    outer loop
      vertex 36 21 31
      vertex 34 21 31
      vertex 34 21 45
    endloop
  endfacet
  facet normal 0 1 0
    outer loop
      vertex 36.0681 21 30.4824
      vertex 34 21 31
      vertex 36 21 31
    endloop
  endfacet
  facet normal 0 1 0
    outer loop
      vertex 36.0681 21 30.4824
      vertex 33.9318 21 30.4824
      vertex 34 21 31
    endloop
  endfacet
  facet normal 0 1 0
    outer loop
      vertex 36.2679 21 30
      vertex 33.9318 21 30.4824
      vertex 36.0681 21 30.4824
    endloop
  endfacet
  facet normal 0 1 0
    outer loop
      vertex 36.2679 21 30
      vertex 33.732 21 30
      vertex 33.9318 21 30.4824
    endloop
  endfacet
  facet normal 0 1 0
    outer loop
      vertex 36.5858 21 29.5858
      vertex 33.732 21 30
      vertex 36.2679 21 30
    endloop
  endfacet
  facet normal 0 1 0
    outer loop
      vertex 36.5858 21 29.5858
      vertex 33.4142 21 29.5858
      vertex 33.732 21 30
    endloop
  endfacet
  facet normal 0 1 0
    outer loop
      vertex 37 21 29.2679
      vertex 33.4142 21 29.5858
      vertex 36.5858 21 29.5858
    endloop
  endfacet
  facet normal 0 1 0
    outer loop
      vertex 37 21 29.2679
      vertex 33 21 29.2679
      vertex 33.4142 21 29.5858
    endloop
  endfacet
  facet normal 0 1 0
    outer loop
      vertex 37.4824 21 29.0681
      vertex 33 21 29.2679
      vertex 37 21 29.2679
    endloop
  endfacet
  facet normal 0 1 0
    outer loop
      vertex 37.4824 21 29.0681
      vertex 32.5176 21 29.0681
      vertex 33 21 29.2679
    endloop
  endfacet
  facet normal 0 1 0
    outer loop
      vertex 38 21 29
      vertex 32.5176 21 29.0681
      vertex 37.4824 21 29.0681
    endloop
  endfacet
  facet normal 0 1 0
    outer loop
      vertex 32.5176 21 29.0681
      vertex 38 21 29
      vertex 32 21 29
    endloop
  endfacet
  facet normal 0 1 0
    outer loop
      vertex 38 21 47
      vertex 47 21 50
      vertex 45 21 47
    endloop
  endfacet
  facet normal 0 1 0
    outer loop
      vertex 47 21 50
      vertex 45.5176 21 46.9318
      vertex 45 21 47
    endloop
  endfacet
  facet normal 0 1 0
    outer loop
      vertex 47 21 50
      vertex 46 21 46.732
      vertex 45.5176 21 46.9318
    endloop
  endfacet
  facet normal 0 1 0
    outer loop
      vertex 47 21 50
      vertex 46.4142 21 46.4142
      vertex 46 21 46.732
    endloop
  endfacet
  facet normal 0 1 0
    outer loop
      vertex 47 21 50
      vertex 46.732 21 46
      vertex 46.4142 21 46.4142
    endloop
  endfacet
  facet normal 0 1 0
    outer loop
      vertex 47 21 50
      vertex 46.9318 21 45.5176
      vertex 46.732 21 46
    endloop
  endfacet
  facet normal -0 1 0
    outer loop
      vertex 46.9318 21 45.5176
      vertex 47 21 50
      vertex 47 21 45
    endloop
  endfacet
  facet normal 0 1 0
    outer loop
      vertex 47 21 50
      vertex 38 21 47
      vertex 23 21 50
    endloop
  endfacet
  facet normal 0 1 -0
    outer loop
      vertex 32 21 47
      vertex 23 21 50
      vertex 38 21 47
    endloop
  endfacet
  facet normal 0 1 -0
    outer loop
      vertex 25 21 47
      vertex 23 21 50
      vertex 32 21 47
    endloop
  endfacet
  facet normal 0 1 -0
    outer loop
      vertex 24.4824 21 46.9318
      vertex 23 21 50
      vertex 25 21 47
    endloop
  endfacet
  facet normal 0 1 -0
    outer loop
      vertex 24 21 46.732
      vertex 23 21 50
      vertex 24.4824 21 46.9318
    endloop
  endfacet
  facet normal 0 1 -0
    outer loop
      vertex 23.5858 21 46.4142
      vertex 23 21 50
      vertex 24 21 46.732
    endloop
  endfacet
  facet normal 0 1 -0
    outer loop
      vertex 23.2679 21 46
      vertex 23 21 50
      vertex 23.5858 21 46.4142
    endloop
  endfacet
  facet normal 0 1 -0
    outer loop
      vertex 23.0681 21 45.5176
      vertex 23 21 50
      vertex 23.2679 21 46
    endloop
  endfacet
  facet normal 0 1 0
    outer loop
      vertex 23 21 50
      vertex 23.0681 21 45.5176
      vertex 23 21 45
    endloop
  endfacet
  facet normal 0 1 0
    outer loop
      vertex 32 21 29
      vertex 23 21 23
      vertex 25 21 29
    endloop
  endfacet
  facet normal 0 1 0
    outer loop
      vertex 23.0681 21 30.4824
      vertex 23 21 23
      vertex 23 21 31
    endloop
  endfacet
  facet normal 0 1 0
    outer loop
      vertex 23.2679 21 30
      vertex 23 21 23
      vertex 23.0681 21 30.4824
    endloop
  endfacet
  facet normal 0 1 0
    outer loop
      vertex 23.5858 21 29.5858
      vertex 23 21 23
      vertex 23.2679 21 30
    endloop
  endfacet
  facet normal 0 1 0
    outer loop
      vertex 24 21 29.2679
      vertex 23 21 23
      vertex 23.5858 21 29.5858
    endloop
  endfacet
  facet normal 0 1 0
    outer loop
      vertex 24.4824 21 29.0681
      vertex 23 21 23
      vertex 24 21 29.2679
    endloop
  endfacet
  facet normal 0 1 0
    outer loop
      vertex 25 21 29
      vertex 23 21 23
      vertex 24.4824 21 29.0681
    endloop
  endfacet
  facet normal -0.989182 -0.146696 0
    outer loop
      vertex 20.0576 -18.5853 23
      vertex 20.0144 -18.294 50
      vertex 20.0144 -18.294 23
    endloop
  endfacet
  facet normal -0.989182 -0.146696 0
    outer loop
      vertex 20.0144 -18.294 50
      vertex 20.0576 -18.5853 23
      vertex 20.0576 -18.5853 50
    endloop
  endfacet
  facet normal 0.969962 -0.243255 0
    outer loop
      vertex 49.8708 -18.8708 50
      vertex 49.9424 -18.5853 23
      vertex 49.9424 -18.5853 50
    endloop
  endfacet
  facet normal 0.969962 -0.243255 0
    outer loop
      vertex 49.9424 -18.5853 23
      vertex 49.8708 -18.8708 50
      vertex 49.8708 -18.8708 23
    endloop
  endfacet
  facet normal -0.998803 -0.0489209 0
    outer loop
      vertex 20.0144 -18.294 23
      vertex 20 -18 50
      vertex 20 -18 23
    endloop
  endfacet
  facet normal -0.998803 -0.0489209 0
    outer loop
      vertex 20 -18 50
      vertex 20.0144 -18.294 23
      vertex 20.0144 -18.294 50
    endloop
  endfacet
  facet normal 0.243255 0.969962 -0
    outer loop
      vertex 47.8708 20.8708 23
      vertex 47.5853 20.9424 50
      vertex 47.8708 20.8708 50
    endloop
  endfacet
  facet normal 0.243255 0.969962 0
    outer loop
      vertex 47.5853 20.9424 50
      vertex 47.8708 20.8708 23
      vertex 47.5853 20.9424 23
    endloop
  endfacet
  facet normal -0.243175 0.969982 0
    outer loop
      vertex 22.4147 20.9424 23
      vertex 22.1291 20.8708 50
      vertex 22.4147 20.9424 50
    endloop
  endfacet
  facet normal -0.243175 0.969982 0
    outer loop
      vertex 22.1291 20.8708 50
      vertex 22.4147 20.9424 23
      vertex 22.1291 20.8708 23
    endloop
  endfacet
  facet normal -0.803208 0.595699 0
    outer loop
      vertex 20.5056 19.6667 23
      vertex 20.681 19.9032 50
      vertex 20.681 19.9032 23
    endloop
  endfacet
  facet normal -0.803208 0.595699 0
    outer loop
      vertex 20.681 19.9032 50
      vertex 20.5056 19.6667 23
      vertex 20.5056 19.6667 50
    endloop
  endfacet
  facet normal 0.998786 -0.0492599 0
    outer loop
      vertex 49.9855 -18.294 50
      vertex 50 -18 23
      vertex 50 -18 50
    endloop
  endfacet
  facet normal 0.998786 -0.0492599 0
    outer loop
      vertex 50 -18 23
      vertex 49.9855 -18.294 50
      vertex 49.9855 -18.294 23
    endloop
  endfacet
  facet normal 1 0 0
    outer loop
      vertex 50 17.5 29
      vertex 50 18 50
      vertex 50 17.5 45
    endloop
  endfacet
  facet normal 1 0 0
    outer loop
      vertex 50 18 50
      vertex 50 17.4318 45.5176
      vertex 50 17.5 45
    endloop
  endfacet
  facet normal 1 0 0
    outer loop
      vertex 50 18 50
      vertex 50 17.232 46
      vertex 50 17.4318 45.5176
    endloop
  endfacet
  facet normal 1 0 0
    outer loop
      vertex 50 18 50
      vertex 50 16.9142 46.4142
      vertex 50 17.232 46
    endloop
  endfacet
  facet normal 1 0 0
    outer loop
      vertex 50 18 50
      vertex 50 16.5 46.732
      vertex 50 16.9142 46.4142
    endloop
  endfacet
  facet normal 1 0 0
    outer loop
      vertex 50 18 50
      vertex 50 16.0176 46.9318
      vertex 50 16.5 46.732
    endloop
  endfacet
  facet normal 1 0 0
    outer loop
      vertex 50 18 50
      vertex 50 15.5 47
      vertex 50 16.0176 46.9318
    endloop
  endfacet
  facet normal 1 0 0
    outer loop
      vertex 50 18 50
      vertex 50 -15.5 47
      vertex 50 15.5 47
    endloop
  endfacet
  facet normal 1 0 0
    outer loop
      vertex 50 -17.5 45
      vertex 50 -18 50
      vertex 50 -17.5 29
    endloop
  endfacet
  facet normal 1 0 0
    outer loop
      vertex 50 -17.4318 45.5176
      vertex 50 -18 50
      vertex 50 -17.5 45
    endloop
  endfacet
  facet normal 1 0 0
    outer loop
      vertex 50 -17.232 46
      vertex 50 -18 50
      vertex 50 -17.4318 45.5176
    endloop
  endfacet
  facet normal 1 0 0
    outer loop
      vertex 50 -16.9142 46.4142
      vertex 50 -18 50
      vertex 50 -17.232 46
    endloop
  endfacet
  facet normal 1 0 0
    outer loop
      vertex 50 -16.5 46.732
      vertex 50 -18 50
      vertex 50 -16.9142 46.4142
    endloop
  endfacet
  facet normal 1 0 0
    outer loop
      vertex 50 -16.0176 46.9318
      vertex 50 -18 50
      vertex 50 -16.5 46.732
    endloop
  endfacet
  facet normal 1 0 0
    outer loop
      vertex 50 -15.5 47
      vertex 50 -18 50
      vertex 50 -16.0176 46.9318
    endloop
  endfacet
  facet normal 1 -0 0
    outer loop
      vertex 50 -18 50
      vertex 50 -15.5 47
      vertex 50 18 50
    endloop
  endfacet
  facet normal 1 0 0
    outer loop
      vertex 50 18 50
      vertex 50 17.5 29
      vertex 50 18 23
    endloop
  endfacet
  facet normal 1 -0 0
    outer loop
      vertex 50 17.4318 28.4824
      vertex 50 18 23
      vertex 50 17.5 29
    endloop
  endfacet
  facet normal 1 -0 0
    outer loop
      vertex 50 17.232 28
      vertex 50 18 23
      vertex 50 17.4318 28.4824
    endloop
  endfacet
  facet normal 1 -0 0
    outer loop
      vertex 50 16.9142 27.5858
      vertex 50 18 23
      vertex 50 17.232 28
    endloop
  endfacet
  facet normal 1 -0 0
    outer loop
      vertex 50 16.5 27.2679
      vertex 50 18 23
      vertex 50 16.9142 27.5858
    endloop
  endfacet
  facet normal 1 -0 0
    outer loop
      vertex 50 16.0176 27.0681
      vertex 50 18 23
      vertex 50 16.5 27.2679
    endloop
  endfacet
  facet normal 1 -0 0
    outer loop
      vertex 50 15.5 27
      vertex 50 18 23
      vertex 50 16.0176 27.0681
    endloop
  endfacet
  facet normal 1 -0 0
    outer loop
      vertex 50 -15.5 27
      vertex 50 18 23
      vertex 50 15.5 27
    endloop
  endfacet
  facet normal 1 0 0
    outer loop
      vertex 50 -15.5 27
      vertex 50 -18 23
      vertex 50 18 23
    endloop
  endfacet
  facet normal 1 0 0
    outer loop
      vertex 50 -16.0176 27.0681
      vertex 50 -18 23
      vertex 50 -15.5 27
    endloop
  endfacet
  facet normal 1 0 0
    outer loop
      vertex 50 -16.5 27.2679
      vertex 50 -18 23
      vertex 50 -16.0176 27.0681
    endloop
  endfacet
  facet normal 1 0 0
    outer loop
      vertex 50 -16.9142 27.5858
      vertex 50 -18 23
      vertex 50 -16.5 27.2679
    endloop
  endfacet
  facet normal 1 0 0
    outer loop
      vertex 50 -17.232 28
      vertex 50 -18 23
      vertex 50 -16.9142 27.5858
    endloop
  endfacet
  facet normal 1 0 0
    outer loop
      vertex 50 -17.4318 28.4824
      vertex 50 -18 23
      vertex 50 -17.232 28
    endloop
  endfacet
  facet normal 1 0 0
    outer loop
      vertex 50 -17.5 29
      vertex 50 -18 23
      vertex 50 -17.4318 28.4824
    endloop
  endfacet
  facet normal 1 0 0
    outer loop
      vertex 50 -18 23
      vertex 50 -17.5 29
      vertex 50 -18 50
    endloop
  endfacet
  facet normal -1 0 0
    outer loop
      vertex 20 18 23
      vertex 20 17.5 35
      vertex 20 18 50
    endloop
  endfacet
  facet normal -1 0 0
    outer loop
      vertex 20 18 23
      vertex 20 17.4318 34.4824
      vertex 20 17.5 35
    endloop
  endfacet
  facet normal -1 0 0
    outer loop
      vertex 20 18 23
      vertex 20 17.232 34
      vertex 20 17.4318 34.4824
    endloop
  endfacet
  facet normal -1 0 0
    outer loop
      vertex 20 18 23
      vertex 20 16.9142 33.5858
      vertex 20 17.232 34
    endloop
  endfacet
  facet normal -1 0 0
    outer loop
      vertex 20 18 23
      vertex 20 16.5 33.2679
      vertex 20 16.9142 33.5858
    endloop
  endfacet
  facet normal -1 0 0
    outer loop
      vertex 20 18 23
      vertex 20 16.0176 33.0681
      vertex 20 16.5 33.2679
    endloop
  endfacet
  facet normal -1 0 0
    outer loop
      vertex 20 18 23
      vertex 20 15.5 33
      vertex 20 16.0176 33.0681
    endloop
  endfacet
  facet normal -1 0 0
    outer loop
      vertex 20 18 23
      vertex 20 -15.5 33
      vertex 20 15.5 33
    endloop
  endfacet
  facet normal -1 0 0
    outer loop
      vertex 20 -18 23
      vertex 20 -15.5 33
      vertex 20 18 23
    endloop
  endfacet
  facet normal -1 0 0
    outer loop
      vertex 20 -18 50
      vertex 20 -17.5 35
      vertex 20 -18 23
    endloop
  endfacet
  facet normal -1 -0 0
    outer loop
      vertex 20 -17.4318 34.4824
      vertex 20 -18 23
      vertex 20 -17.5 35
    endloop
  endfacet
  facet normal -1 -0 0
    outer loop
      vertex 20 -17.232 34
      vertex 20 -18 23
      vertex 20 -17.4318 34.4824
    endloop
  endfacet
  facet normal -1 -0 0
    outer loop
      vertex 20 -16.9142 33.5858
      vertex 20 -18 23
      vertex 20 -17.232 34
    endloop
  endfacet
  facet normal -1 -0 0
    outer loop
      vertex 20 -16.5 33.2679
      vertex 20 -18 23
      vertex 20 -16.9142 33.5858
    endloop
  endfacet
  facet normal -1 -0 0
    outer loop
      vertex 20 -16.0176 33.0681
      vertex 20 -18 23
      vertex 20 -16.5 33.2679
    endloop
  endfacet
  facet normal -1 -0 0
    outer loop
      vertex 20 -15.5 33
      vertex 20 -18 23
      vertex 20 -16.0176 33.0681
    endloop
  endfacet
  facet normal -1 0 0
    outer loop
      vertex 20 17.5 45
      vertex 20 18 50
      vertex 20 17.5 35
    endloop
  endfacet
  facet normal -1 0 0
    outer loop
      vertex 20 17.4318 45.5176
      vertex 20 18 50
      vertex 20 17.5 45
    endloop
  endfacet
  facet normal -1 0 0
    outer loop
      vertex 20 17.232 46
      vertex 20 18 50
      vertex 20 17.4318 45.5176
    endloop
  endfacet
  facet normal -1 0 0
    outer loop
      vertex 20 16.9142 46.4142
      vertex 20 18 50
      vertex 20 17.232 46
    endloop
  endfacet
  facet normal -1 0 0
    outer loop
      vertex 20 16.5 46.732
      vertex 20 18 50
      vertex 20 16.9142 46.4142
    endloop
  endfacet
  facet normal -1 0 0
    outer loop
      vertex 20 16.0176 46.9318
      vertex 20 18 50
      vertex 20 16.5 46.732
    endloop
  endfacet
  facet normal -1 0 0
    outer loop
      vertex 20 15.5 47
      vertex 20 18 50
      vertex 20 16.0176 46.9318
    endloop
  endfacet
  facet normal -1 0 0
    outer loop
      vertex 20 -15.5 47
      vertex 20 18 50
      vertex 20 15.5 47
    endloop
  endfacet
  facet normal -1 0 0
    outer loop
      vertex 20 -15.5 47
      vertex 20 -18 50
      vertex 20 18 50
    endloop
  endfacet
  facet normal -1 0 0
    outer loop
      vertex 20 -16.0176 46.9318
      vertex 20 -18 50
      vertex 20 -15.5 47
    endloop
  endfacet
  facet normal -1 0 0
    outer loop
      vertex 20 -16.5 46.732
      vertex 20 -18 50
      vertex 20 -16.0176 46.9318
    endloop
  endfacet
  facet normal -1 0 0
    outer loop
      vertex 20 -16.9142 46.4142
      vertex 20 -18 50
      vertex 20 -16.5 46.732
    endloop
  endfacet
  facet normal -1 0 0
    outer loop
      vertex 20 -17.232 46
      vertex 20 -18 50
      vertex 20 -16.9142 46.4142
    endloop
  endfacet
  facet normal -1 0 0
    outer loop
      vertex 20 -17.4318 45.5176
      vertex 20 -18 50
      vertex 20 -17.232 46
    endloop
  endfacet
  facet normal -1 0 0
    outer loop
      vertex 20 -17.5 45
      vertex 20 -18 50
      vertex 20 -17.4318 45.5176
    endloop
  endfacet
  facet normal -1 0 0
    outer loop
      vertex 20 -17.5 35
      vertex 20 -18 50
      vertex 20 -17.5 45
    endloop
  endfacet
  facet normal 0 -1 0
    outer loop
      vertex 23 -21 23
      vertex 32 -21 29
      vertex 25 -21 29
    endloop
  endfacet
  facet normal 0 -1 -0
    outer loop
      vertex 32 -21 29
      vertex 23 -21 23
      vertex 38 -21 29
    endloop
  endfacet
  facet normal 0 -1 0
    outer loop
      vertex 47 -21 23
      vertex 38 -21 29
      vertex 23 -21 23
    endloop
  endfacet
  facet normal 0 -1 -0
    outer loop
      vertex 24.4824 -21 29.0681
      vertex 23 -21 23
      vertex 25 -21 29
    endloop
  endfacet
  facet normal 0 -1 -0
    outer loop
      vertex 24 -21 29.2679
      vertex 23 -21 23
      vertex 24.4824 -21 29.0681
    endloop
  endfacet
  facet normal 0 -1 -0
    outer loop
      vertex 23.5858 -21 29.5858
      vertex 23 -21 23
      vertex 24 -21 29.2679
    endloop
  endfacet
  facet normal 0 -1 -0
    outer loop
      vertex 23.2679 -21 30
      vertex 23 -21 23
      vertex 23.5858 -21 29.5858
    endloop
  endfacet
  facet normal 0 -1 -0
    outer loop
      vertex 23.0681 -21 30.4824
      vertex 23 -21 23
      vertex 23.2679 -21 30
    endloop
  endfacet
  facet normal 0 -1 0
    outer loop
      vertex 23 -21 23
      vertex 23.0681 -21 30.4824
      vertex 23 -21 31
    endloop
  endfacet
  facet normal 0 -1 0
    outer loop
      vertex 32.5176 -21 46.9318
      vertex 38 -21 47
      vertex 32 -21 47
    endloop
  endfacet
  facet normal 0 -1 0
    outer loop
      vertex 32.5176 -21 46.9318
      vertex 37.4824 -21 46.9318
      vertex 38 -21 47
    endloop
  endfacet
  facet normal 0 -1 0
    outer loop
      vertex 33 -21 46.732
      vertex 37.4824 -21 46.9318
      vertex 32.5176 -21 46.9318
    endloop
  endfacet
  facet normal 0 -1 0
    outer loop
      vertex 33 -21 46.732
      vertex 37 -21 46.732
      vertex 37.4824 -21 46.9318
    endloop
  endfacet
  facet normal 0 -1 0
    outer loop
      vertex 33.4142 -21 46.4142
      vertex 37 -21 46.732
      vertex 33 -21 46.732
    endloop
  endfacet
  facet normal 0 -1 0
    outer loop
      vertex 33.4142 -21 46.4142
      vertex 36.5858 -21 46.4142
      vertex 37 -21 46.732
    endloop
  endfacet
  facet normal 0 -1 0
    outer loop
      vertex 33.732 -21 46
      vertex 36.5858 -21 46.4142
      vertex 33.4142 -21 46.4142
    endloop
  endfacet
  facet normal 0 -1 0
    outer loop
      vertex 33.732 -21 46
      vertex 36.2679 -21 46
      vertex 36.5858 -21 46.4142
    endloop
  endfacet
  facet normal 0 -1 0
    outer loop
      vertex 33.9318 -21 45.5176
      vertex 36.2679 -21 46
      vertex 33.732 -21 46
    endloop
  endfacet
  facet normal 0 -1 0
    outer loop
      vertex 33.9318 -21 45.5176
      vertex 36.0681 -21 45.5176
      vertex 36.2679 -21 46
    endloop
  endfacet
  facet normal 0 -1 0
    outer loop
      vertex 34 -21 45
      vertex 36.0681 -21 45.5176
      vertex 33.9318 -21 45.5176
    endloop
  endfacet
  facet normal 0 -1 0
    outer loop
      vertex 34 -21 45
      vertex 36 -21 45
      vertex 36.0681 -21 45.5176
    endloop
  endfacet
  facet normal 0 -1 0
    outer loop
      vertex 34 -21 31
      vertex 36 -21 45
      vertex 34 -21 45
    endloop
  endfacet
  facet normal 0 -1 0
    outer loop
      vertex 34 -21 31
      vertex 36 -21 31
      vertex 36 -21 45
    endloop
  endfacet
  facet normal 0 -1 0
    outer loop
      vertex 33.9318 -21 30.4824
      vertex 36 -21 31
      vertex 34 -21 31
    endloop
  endfacet
  facet normal 0 -1 0
    outer loop
      vertex 33.9318 -21 30.4824
      vertex 36.0681 -21 30.4824
      vertex 36 -21 31
    endloop
  endfacet
  facet normal 0 -1 0
    outer loop
      vertex 33.732 -21 30
      vertex 36.0681 -21 30.4824
      vertex 33.9318 -21 30.4824
    endloop
  endfacet
  facet normal 0 -1 0
    outer loop
      vertex 33.732 -21 30
      vertex 36.2679 -21 30
      vertex 36.0681 -21 30.4824
    endloop
  endfacet
  facet normal 0 -1 0
    outer loop
      vertex 33.4142 -21 29.5858
      vertex 36.2679 -21 30
      vertex 33.732 -21 30
    endloop
  endfacet
  facet normal 0 -1 0
    outer loop
      vertex 33.4142 -21 29.5858
      vertex 36.5858 -21 29.5858
      vertex 36.2679 -21 30
    endloop
  endfacet
  facet normal 0 -1 0
    outer loop
      vertex 33 -21 29.2679
      vertex 36.5858 -21 29.5858
      vertex 33.4142 -21 29.5858
    endloop
  endfacet
  facet normal 0 -1 0
    outer loop
      vertex 33 -21 29.2679
      vertex 37 -21 29.2679
      vertex 36.5858 -21 29.5858
    endloop
  endfacet
  facet normal 0 -1 0
    outer loop
      vertex 32.5176 -21 29.0681
      vertex 37 -21 29.2679
      vertex 33 -21 29.2679
    endloop
  endfacet
  facet normal 0 -1 0
    outer loop
      vertex 32.5176 -21 29.0681
      vertex 37.4824 -21 29.0681
      vertex 37 -21 29.2679
    endloop
  endfacet
  facet normal 0 -1 0
    outer loop
      vertex 32 -21 29
      vertex 37.4824 -21 29.0681
      vertex 32.5176 -21 29.0681
    endloop
  endfacet
  facet normal 0 -1 -0
    outer loop
      vertex 37.4824 -21 29.0681
      vertex 32 -21 29
      vertex 38 -21 29
    endloop
  endfacet
  facet normal 0 -1 0
    outer loop
      vertex 32 -21 47
      vertex 23 -21 50
      vertex 25 -21 47
    endloop
  endfacet
  facet normal 0 -1 0
    outer loop
      vertex 23 -21 50
      vertex 24.4824 -21 46.9318
      vertex 25 -21 47
    endloop
  endfacet
  facet normal 0 -1 0
    outer loop
      vertex 23 -21 50
      vertex 24 -21 46.732
      vertex 24.4824 -21 46.9318
    endloop
  endfacet
  facet normal 0 -1 0
    outer loop
      vertex 23 -21 50
      vertex 23.5858 -21 46.4142
      vertex 24 -21 46.732
    endloop
  endfacet
  facet normal 0 -1 0
    outer loop
      vertex 23 -21 50
      vertex 23.2679 -21 46
      vertex 23.5858 -21 46.4142
    endloop
  endfacet
  facet normal 0 -1 0
    outer loop
      vertex 23 -21 50
      vertex 23.0681 -21 45.5176
      vertex 23.2679 -21 46
    endloop
  endfacet
  facet normal -0 -1 0
    outer loop
      vertex 23.0681 -21 45.5176
      vertex 23 -21 50
      vertex 23 -21 45
    endloop
  endfacet
  facet normal 0 -1 0
    outer loop
      vertex 23 -21 50
      vertex 32 -21 47
      vertex 47 -21 50
    endloop
  endfacet
  facet normal 0 -1 0
    outer loop
      vertex 38 -21 47
      vertex 47 -21 50
      vertex 32 -21 47
    endloop
  endfacet
  facet normal 0 -1 0
    outer loop
      vertex 45 -21 47
      vertex 47 -21 50
      vertex 38 -21 47
    endloop
  endfacet
  facet normal 0 -1 0
    outer loop
      vertex 45.5176 -21 46.9318
      vertex 47 -21 50
      vertex 45 -21 47
    endloop
  endfacet
  facet normal 0 -1 0
    outer loop
      vertex 46 -21 46.732
      vertex 47 -21 50
      vertex 45.5176 -21 46.9318
    endloop
  endfacet
  facet normal 0 -1 0
    outer loop
      vertex 46.4142 -21 46.4142
      vertex 47 -21 50
      vertex 46 -21 46.732
    endloop
  endfacet
  facet normal 0 -1 0
    outer loop
      vertex 46.732 -21 46
      vertex 47 -21 50
      vertex 46.4142 -21 46.4142
    endloop
  endfacet
  facet normal 0 -1 0
    outer loop
      vertex 46.9318 -21 45.5176
      vertex 47 -21 50
      vertex 46.732 -21 46
    endloop
  endfacet
  facet normal 0 -1 -0
    outer loop
      vertex 47 -21 50
      vertex 46.9318 -21 45.5176
      vertex 47 -21 45
    endloop
  endfacet
  facet normal 0 -1 0
    outer loop
      vertex 38 -21 29
      vertex 47 -21 23
      vertex 45 -21 29
    endloop
  endfacet
  facet normal 0 -1 0
    outer loop
      vertex 46.9318 -21 30.4824
      vertex 47 -21 23
      vertex 47 -21 31
    endloop
  endfacet
  facet normal 0 -1 0
    outer loop
      vertex 46.732 -21 30
      vertex 47 -21 23
      vertex 46.9318 -21 30.4824
    endloop
  endfacet
  facet normal 0 -1 0
    outer loop
      vertex 46.4142 -21 29.5858
      vertex 47 -21 23
      vertex 46.732 -21 30
    endloop
  endfacet
  facet normal 0 -1 0
    outer loop
      vertex 46 -21 29.2679
      vertex 47 -21 23
      vertex 46.4142 -21 29.5858
    endloop
  endfacet
  facet normal 0 -1 0
    outer loop
      vertex 45.5176 -21 29.0681
      vertex 47 -21 23
      vertex 46 -21 29.2679
    endloop
  endfacet
  facet normal 0 -1 0
    outer loop
      vertex 45 -21 29
      vertex 47 -21 23
      vertex 45.5176 -21 29.0681
    endloop
  endfacet
  facet normal 0.336939 -0.941527 0
    outer loop
      vertex 47.8708 -20.8708 23
      vertex 48.148 -20.7716 50
      vertex 47.8708 -20.8708 50
    endloop
  endfacet
  facet normal 0.336939 -0.941527 0
    outer loop
      vertex 48.148 -20.7716 50
      vertex 47.8708 -20.8708 23
      vertex 48.148 -20.7716 23
    endloop
  endfacet
  facet normal 0.514246 0.857643 -0
    outer loop
      vertex 48.6667 20.4944 23
      vertex 48.4142 20.6458 50
      vertex 48.6667 20.4944 50
    endloop
  endfacet
  facet normal 0.514246 0.857643 0
    outer loop
      vertex 48.4142 20.6458 50
      vertex 48.6667 20.4944 23
      vertex 48.4142 20.6458 23
    endloop
  endfacet
  facet normal 0.146364 0.989231 -0
    outer loop
      vertex 47.5853 20.9424 23
      vertex 47.294 20.9855 50
      vertex 47.5853 20.9424 50
    endloop
  endfacet
  facet normal 0.146364 0.989231 0
    outer loop
      vertex 47.294 20.9855 50
      vertex 47.5853 20.9424 23
      vertex 47.294 20.9855 23
    endloop
  endfacet
  facet normal 0.941527 0.336939 0
    outer loop
      vertex 49.8708 18.8708 50
      vertex 49.7716 19.148 23
      vertex 49.7716 19.148 50
    endloop
  endfacet
  facet normal 0.941527 0.336939 0
    outer loop
      vertex 49.7716 19.148 23
      vertex 49.8708 18.8708 50
      vertex 49.8708 18.8708 23
    endloop
  endfacet
  facet normal -0.998803 0.0489209 0
    outer loop
      vertex 20 18 23
      vertex 20.0144 18.294 50
      vertex 20.0144 18.294 23
    endloop
  endfacet
  facet normal -0.998803 0.0489209 0
    outer loop
      vertex 20.0144 18.294 50
      vertex 20 18 23
      vertex 20 18 50
    endloop
  endfacet
  facet normal -0.243175 -0.969982 0
    outer loop
      vertex 22.1291 -20.8708 23
      vertex 22.4147 -20.9424 50
      vertex 22.1291 -20.8708 50
    endloop
  endfacet
  facet normal -0.243175 -0.969982 -0
    outer loop
      vertex 22.4147 -20.9424 50
      vertex 22.1291 -20.8708 23
      vertex 22.4147 -20.9424 23
    endloop
  endfacet
  facet normal -0.514246 -0.857643 0
    outer loop
      vertex 21.3333 -20.4944 23
      vertex 21.5858 -20.6458 50
      vertex 21.3333 -20.4944 50
    endloop
  endfacet
  facet normal -0.514246 -0.857643 -0
    outer loop
      vertex 21.5858 -20.6458 50
      vertex 21.3333 -20.4944 23
      vertex 21.5858 -20.6458 23
    endloop
  endfacet
  facet normal 0.904125 0.427269 0
    outer loop
      vertex 49.7716 19.148 50
      vertex 49.6458 19.4142 23
      vertex 49.6458 19.4142 50
    endloop
  endfacet
  facet normal 0.904125 0.427269 0
    outer loop
      vertex 49.6458 19.4142 23
      vertex 49.7716 19.148 50
      vertex 49.7716 19.148 23
    endloop
  endfacet
  facet normal 0.595699 0.803208 -0
    outer loop
      vertex 48.9032 20.319 23
      vertex 48.6667 20.4944 50
      vertex 48.9032 20.319 50
    endloop
  endfacet
  facet normal 0.595699 0.803208 0
    outer loop
      vertex 48.6667 20.4944 50
      vertex 48.9032 20.319 23
      vertex 48.6667 20.4944 23
    endloop
  endfacet
  facet normal -0.336939 -0.941527 0
    outer loop
      vertex 21.8519 -20.7716 23
      vertex 22.1291 -20.8708 50
      vertex 21.8519 -20.7716 50
    endloop
  endfacet
  facet normal -0.336939 -0.941527 -0
    outer loop
      vertex 22.1291 -20.8708 50
      vertex 21.8519 -20.7716 23
      vertex 22.1291 -20.8708 23
    endloop
  endfacet
  facet normal 0.595699 -0.803208 0
    outer loop
      vertex 48.6667 -20.4944 23
      vertex 48.9032 -20.319 50
      vertex 48.6667 -20.4944 50
    endloop
  endfacet
  facet normal 0.595699 -0.803208 0
    outer loop
      vertex 48.9032 -20.319 50
      vertex 48.6667 -20.4944 23
      vertex 48.9032 -20.319 23
    endloop
  endfacet
  facet normal 0.671607 -0.740908 0
    outer loop
      vertex 48.9032 -20.319 23
      vertex 49.1213 -20.1213 50
      vertex 48.9032 -20.319 50
    endloop
  endfacet
  facet normal 0.671607 -0.740908 0
    outer loop
      vertex 49.1213 -20.1213 50
      vertex 48.9032 -20.319 23
      vertex 49.1213 -20.1213 23
    endloop
  endfacet
  facet normal 0.803208 -0.595699 0
    outer loop
      vertex 49.319 -19.9032 50
      vertex 49.4944 -19.6667 23
      vertex 49.4944 -19.6667 50
    endloop
  endfacet
  facet normal 0.803208 -0.595699 0
    outer loop
      vertex 49.4944 -19.6667 23
      vertex 49.319 -19.9032 50
      vertex 49.319 -19.9032 23
    endloop
  endfacet
  facet normal 0.0492599 0.998786 0
    outer loop
      vertex 47.294 20.9855 50
      vertex 47 21 45
      vertex 47 21 50
    endloop
  endfacet
  facet normal 0.0492599 0.998786 0
    outer loop
      vertex 47.294 20.9855 50
      vertex 47 21 31
      vertex 47 21 45
    endloop
  endfacet
  facet normal 0.0492599 0.998786 -0
    outer loop
      vertex 47.294 20.9855 23
      vertex 47 21 31
      vertex 47.294 20.9855 50
    endloop
  endfacet
  facet normal 0.0492599 0.998786 0
    outer loop
      vertex 47 21 31
      vertex 47.294 20.9855 23
      vertex 47 21 23
    endloop
  endfacet
  facet normal -0.857643 0.514246 0
    outer loop
      vertex 20.3542 19.4142 23
      vertex 20.5056 19.6667 50
      vertex 20.5056 19.6667 23
    endloop
  endfacet
  facet normal -0.857643 0.514246 0
    outer loop
      vertex 20.5056 19.6667 50
      vertex 20.3542 19.4142 23
      vertex 20.3542 19.4142 50
    endloop
  endfacet
  facet normal 0.998786 0.0492599 0
    outer loop
      vertex 50 18 50
      vertex 49.9855 18.294 23
      vertex 49.9855 18.294 50
    endloop
  endfacet
  facet normal 0.998786 0.0492599 0
    outer loop
      vertex 49.9855 18.294 23
      vertex 50 18 50
      vertex 50 18 23
    endloop
  endfacet
  facet normal -0.989182 0.146696 0
    outer loop
      vertex 20.0144 18.294 23
      vertex 20.0576 18.5853 50
      vertex 20.0576 18.5853 23
    endloop
  endfacet
  facet normal -0.989182 0.146696 0
    outer loop
      vertex 20.0576 18.5853 50
      vertex 20.0144 18.294 23
      vertex 20.0144 18.294 50
    endloop
  endfacet
  facet normal -0.740908 -0.671607 0
    outer loop
      vertex 20.8787 -20.1213 23
      vertex 20.681 -19.9032 50
      vertex 20.681 -19.9032 23
    endloop
  endfacet
  facet normal -0.740908 -0.671607 0
    outer loop
      vertex 20.681 -19.9032 50
      vertex 20.8787 -20.1213 23
      vertex 20.8787 -20.1213 50
    endloop
  endfacet
  facet normal 0.336939 0.941527 -0
    outer loop
      vertex 48.148 20.7716 23
      vertex 47.8708 20.8708 50
      vertex 48.148 20.7716 50
    endloop
  endfacet
  facet normal 0.336939 0.941527 0
    outer loop
      vertex 47.8708 20.8708 50
      vertex 48.148 20.7716 23
      vertex 47.8708 20.8708 23
    endloop
  endfacet
  facet normal -0.969962 0.243255 0
    outer loop
      vertex 20.0576 18.5853 23
      vertex 20.1292 18.8708 50
      vertex 20.1292 18.8708 23
    endloop
  endfacet
  facet normal -0.969962 0.243255 0
    outer loop
      vertex 20.1292 18.8708 50
      vertex 20.0576 18.5853 23
      vertex 20.0576 18.5853 50
    endloop
  endfacet
  facet normal 0.941527 -0.336939 0
    outer loop
      vertex 49.7716 -19.148 50
      vertex 49.8708 -18.8708 23
      vertex 49.8708 -18.8708 50
    endloop
  endfacet
  facet normal 0.941527 -0.336939 0
    outer loop
      vertex 49.8708 -18.8708 23
      vertex 49.7716 -19.148 50
      vertex 49.7716 -19.148 23
    endloop
  endfacet
  facet normal 0.969962 0.243255 0
    outer loop
      vertex 49.9424 18.5853 50
      vertex 49.8708 18.8708 23
      vertex 49.8708 18.8708 50
    endloop
  endfacet
  facet normal 0.969962 0.243255 0
    outer loop
      vertex 49.8708 18.8708 23
      vertex 49.9424 18.5853 50
      vertex 49.9424 18.5853 23
    endloop
  endfacet
  facet normal -0.146413 0.989224 0
    outer loop
      vertex 22.7059 20.9855 23
      vertex 22.4147 20.9424 50
      vertex 22.7059 20.9855 50
    endloop
  endfacet
  facet normal -0.146413 0.989224 0
    outer loop
      vertex 22.4147 20.9424 50
      vertex 22.7059 20.9855 23
      vertex 22.4147 20.9424 23
    endloop
  endfacet
  facet normal 0.989231 0.146364 0
    outer loop
      vertex 49.9855 18.294 50
      vertex 49.9424 18.5853 23
      vertex 49.9424 18.5853 50
    endloop
  endfacet
  facet normal 0.989231 0.146364 0
    outer loop
      vertex 49.9424 18.5853 23
      vertex 49.9855 18.294 50
      vertex 49.9855 18.294 23
    endloop
  endfacet
  facet normal 0.427269 -0.904125 0
    outer loop
      vertex 48.148 -20.7716 23
      vertex 48.4142 -20.6458 50
      vertex 48.148 -20.7716 50
    endloop
  endfacet
  facet normal 0.427269 -0.904125 0
    outer loop
      vertex 48.4142 -20.6458 50
      vertex 48.148 -20.7716 23
      vertex 48.4142 -20.6458 23
    endloop
  endfacet
  facet normal 0.671607 0.740908 -0
    outer loop
      vertex 49.1213 20.1213 23
      vertex 48.9032 20.319 50
      vertex 49.1213 20.1213 50
    endloop
  endfacet
  facet normal 0.671607 0.740908 0
    outer loop
      vertex 48.9032 20.319 50
      vertex 49.1213 20.1213 23
      vertex 48.9032 20.319 23
    endloop
  endfacet
  facet normal -0.903994 0.427546 0
    outer loop
      vertex 20.2283 19.148 23
      vertex 20.3542 19.4142 50
      vertex 20.3542 19.4142 23
    endloop
  endfacet
  facet normal -0.903994 0.427546 0
    outer loop
      vertex 20.3542 19.4142 50
      vertex 20.2283 19.148 23
      vertex 20.2283 19.148 50
    endloop
  endfacet
  facet normal 0.427269 0.904125 -0
    outer loop
      vertex 48.4142 20.6458 23
      vertex 48.148 20.7716 50
      vertex 48.4142 20.6458 50
    endloop
  endfacet
  facet normal 0.427269 0.904125 0
    outer loop
      vertex 48.148 20.7716 50
      vertex 48.4142 20.6458 23
      vertex 48.148 20.7716 23
    endloop
  endfacet
  facet normal -0.941634 0.336638 0
    outer loop
      vertex 20.1292 18.8708 23
      vertex 20.2283 19.148 50
      vertex 20.2283 19.148 23
    endloop
  endfacet
  facet normal -0.941634 0.336638 0
    outer loop
      vertex 20.2283 19.148 50
      vertex 20.1292 18.8708 23
      vertex 20.1292 18.8708 50
    endloop
  endfacet
  facet normal 0.904125 -0.427269 0
    outer loop
      vertex 49.6458 -19.4142 50
      vertex 49.7716 -19.148 23
      vertex 49.7716 -19.148 50
    endloop
  endfacet
  facet normal 0.904125 -0.427269 0
    outer loop
      vertex 49.7716 -19.148 23
      vertex 49.6458 -19.4142 50
      vertex 49.6458 -19.4142 23
    endloop
  endfacet
  facet normal -0.903994 -0.427546 0
    outer loop
      vertex 20.3542 -19.4142 23
      vertex 20.2283 -19.148 50
      vertex 20.2283 -19.148 23
    endloop
  endfacet
  facet normal -0.903994 -0.427546 0
    outer loop
      vertex 20.2283 -19.148 50
      vertex 20.3542 -19.4142 23
      vertex 20.3542 -19.4142 50
    endloop
  endfacet
  facet normal 0.740908 0.671607 0
    outer loop
      vertex 49.319 19.9032 50
      vertex 49.1213 20.1213 23
      vertex 49.1213 20.1213 50
    endloop
  endfacet
  facet normal 0.740908 0.671607 0
    outer loop
      vertex 49.1213 20.1213 23
      vertex 49.319 19.9032 50
      vertex 49.319 19.9032 23
    endloop
  endfacet
  facet normal 0.857643 -0.514246 0
    outer loop
      vertex 49.4944 -19.6667 50
      vertex 49.6458 -19.4142 23
      vertex 49.6458 -19.4142 50
    endloop
  endfacet
  facet normal 0.857643 -0.514246 0
    outer loop
      vertex 49.6458 -19.4142 23
      vertex 49.4944 -19.6667 50
      vertex 49.4944 -19.6667 23
    endloop
  endfacet
  facet normal -0.803208 -0.595699 0
    outer loop
      vertex 20.681 -19.9032 23
      vertex 20.5056 -19.6667 50
      vertex 20.5056 -19.6667 23
    endloop
  endfacet
  facet normal -0.803208 -0.595699 0
    outer loop
      vertex 20.5056 -19.6667 50
      vertex 20.681 -19.9032 23
      vertex 20.681 -19.9032 50
    endloop
  endfacet
  facet normal 0.857643 0.514246 0
    outer loop
      vertex 49.6458 19.4142 50
      vertex 49.4944 19.6667 23
      vertex 49.4944 19.6667 50
    endloop
  endfacet
  facet normal 0.857643 0.514246 0
    outer loop
      vertex 49.4944 19.6667 23
      vertex 49.6458 19.4142 50
      vertex 49.6458 19.4142 23
    endloop
  endfacet
  facet normal -0.336939 0.941527 0
    outer loop
      vertex 22.1291 20.8708 23
      vertex 21.8519 20.7716 50
      vertex 22.1291 20.8708 50
    endloop
  endfacet
  facet normal -0.336939 0.941527 0
    outer loop
      vertex 21.8519 20.7716 50
      vertex 22.1291 20.8708 23
      vertex 21.8519 20.7716 23
    endloop
  endfacet
  facet normal 0.243255 -0.969962 0
    outer loop
      vertex 47.5853 -20.9424 23
      vertex 47.8708 -20.8708 50
      vertex 47.5853 -20.9424 50
    endloop
  endfacet
  facet normal 0.243255 -0.969962 0
    outer loop
      vertex 47.8708 -20.8708 50
      vertex 47.5853 -20.9424 23
      vertex 47.8708 -20.8708 23
    endloop
  endfacet
  facet normal -0.740908 0.671607 0
    outer loop
      vertex 20.681 19.9032 23
      vertex 20.8787 20.1213 50
      vertex 20.8787 20.1213 23
    endloop
  endfacet
  facet normal -0.740908 0.671607 0
    outer loop
      vertex 20.8787 20.1213 50
      vertex 20.681 19.9032 23
      vertex 20.681 19.9032 50
    endloop
  endfacet
  facet normal 0.740908 -0.671607 0
    outer loop
      vertex 49.1213 -20.1213 50
      vertex 49.319 -19.9032 23
      vertex 49.319 -19.9032 50
    endloop
  endfacet
  facet normal 0.740908 -0.671607 0
    outer loop
      vertex 49.319 -19.9032 23
      vertex 49.1213 -20.1213 50
      vertex 49.1213 -20.1213 23
    endloop
  endfacet
  facet normal -0.595699 0.803208 0
    outer loop
      vertex 21.3333 20.4944 23
      vertex 21.0968 20.319 50
      vertex 21.3333 20.4944 50
    endloop
  endfacet
  facet normal -0.595699 0.803208 0
    outer loop
      vertex 21.0968 20.319 50
      vertex 21.3333 20.4944 23
      vertex 21.0968 20.319 23
    endloop
  endfacet
  facet normal 0.514246 -0.857643 0
    outer loop
      vertex 48.4142 -20.6458 23
      vertex 48.6667 -20.4944 50
      vertex 48.4142 -20.6458 50
    endloop
  endfacet
  facet normal 0.514246 -0.857643 0
    outer loop
      vertex 48.6667 -20.4944 50
      vertex 48.4142 -20.6458 23
      vertex 48.6667 -20.4944 23
    endloop
  endfacet
  facet normal -0.595699 -0.803208 0
    outer loop
      vertex 21.0968 -20.319 23
      vertex 21.3333 -20.4944 50
      vertex 21.0968 -20.319 50
    endloop
  endfacet
  facet normal -0.595699 -0.803208 -0
    outer loop
      vertex 21.3333 -20.4944 50
      vertex 21.0968 -20.319 23
      vertex 21.3333 -20.4944 23
    endloop
  endfacet
  facet normal 0.803208 0.595699 0
    outer loop
      vertex 49.4944 19.6667 50
      vertex 49.319 19.9032 23
      vertex 49.319 19.9032 50
    endloop
  endfacet
  facet normal 0.803208 0.595699 0
    outer loop
      vertex 49.319 19.9032 23
      vertex 49.4944 19.6667 50
      vertex 49.4944 19.6667 23
    endloop
  endfacet
  facet normal 0.0492599 -0.998786 0
    outer loop
      vertex 47 -21 45
      vertex 47.294 -20.9855 50
      vertex 47 -21 50
    endloop
  endfacet
  facet normal 0.0492599 -0.998786 0
    outer loop
      vertex 47 -21 31
      vertex 47.294 -20.9855 50
      vertex 47 -21 45
    endloop
  endfacet
  facet normal 0.0492599 -0.998786 0
    outer loop
      vertex 47.294 -20.9855 23
      vertex 47 -21 31
      vertex 47 -21 23
    endloop
  endfacet
  facet normal 0.0492599 -0.998786 0
    outer loop
      vertex 47 -21 31
      vertex 47.294 -20.9855 23
      vertex 47.294 -20.9855 50
    endloop
  endfacet
  facet normal 0.146364 -0.989231 0
    outer loop
      vertex 47.294 -20.9855 23
      vertex 47.5853 -20.9424 50
      vertex 47.294 -20.9855 50
    endloop
  endfacet
  facet normal 0.146364 -0.989231 0
    outer loop
      vertex 47.5853 -20.9424 50
      vertex 47.294 -20.9855 23
      vertex 47.5853 -20.9424 23
    endloop
  endfacet
  facet normal -0.4274 0.904063 0
    outer loop
      vertex 21.8519 20.7716 23
      vertex 21.5858 20.6458 50
      vertex 21.8519 20.7716 50
    endloop
  endfacet
  facet normal -0.4274 0.904063 0
    outer loop
      vertex 21.5858 20.6458 50
      vertex 21.8519 20.7716 23
      vertex 21.5858 20.6458 23
    endloop
  endfacet
  facet normal 0.989231 -0.146364 0
    outer loop
      vertex 49.9424 -18.5853 50
      vertex 49.9855 -18.294 23
      vertex 49.9855 -18.294 50
    endloop
  endfacet
  facet normal 0.989231 -0.146364 0
    outer loop
      vertex 49.9855 -18.294 23
      vertex 49.9424 -18.5853 50
      vertex 49.9424 -18.5853 23
    endloop
  endfacet
  facet normal -0.671607 0.740908 0
    outer loop
      vertex 21.0968 20.319 23
      vertex 20.8787 20.1213 50
      vertex 21.0968 20.319 50
    endloop
  endfacet
  facet normal -0.671607 0.740908 0
    outer loop
      vertex 20.8787 20.1213 50
      vertex 21.0968 20.319 23
      vertex 20.8787 20.1213 23
    endloop
  endfacet
  facet normal -0.671607 -0.740908 0
    outer loop
      vertex 20.8787 -20.1213 23
      vertex 21.0968 -20.319 50
      vertex 20.8787 -20.1213 50
    endloop
  endfacet
  facet normal -0.671607 -0.740908 -0
    outer loop
      vertex 21.0968 -20.319 50
      vertex 20.8787 -20.1213 23
      vertex 21.0968 -20.319 23
    endloop
  endfacet
  facet normal -0.514246 0.857643 0
    outer loop
      vertex 21.5858 20.6458 23
      vertex 21.3333 20.4944 50
      vertex 21.5858 20.6458 50
    endloop
  endfacet
  facet normal -0.514246 0.857643 0
    outer loop
      vertex 21.3333 20.4944 50
      vertex 21.5858 20.6458 23
      vertex 21.3333 20.4944 23
    endloop
  endfacet
  facet normal -0.4274 -0.904063 0
    outer loop
      vertex 21.5858 -20.6458 23
      vertex 21.8519 -20.7716 50
      vertex 21.5858 -20.6458 50
    endloop
  endfacet
  facet normal -0.4274 -0.904063 -0
    outer loop
      vertex 21.8519 -20.7716 50
      vertex 21.5858 -20.6458 23
      vertex 21.8519 -20.7716 23
    endloop
  endfacet
  facet normal -0.0492431 0.998787 0
    outer loop
      vertex 23 21 45
      vertex 22.7059 20.9855 50
      vertex 23 21 50
    endloop
  endfacet
  facet normal -0.0492431 0.998787 0
    outer loop
      vertex 23 21 31
      vertex 22.7059 20.9855 50
      vertex 23 21 45
    endloop
  endfacet
  facet normal -0.0492431 0.998787 0
    outer loop
      vertex 22.7059 20.9855 23
      vertex 23 21 31
      vertex 23 21 23
    endloop
  endfacet
  facet normal -0.0492431 0.998787 0
    outer loop
      vertex 23 21 31
      vertex 22.7059 20.9855 23
      vertex 22.7059 20.9855 50
    endloop
  endfacet
  facet normal -0.0492431 -0.998787 0
    outer loop
      vertex 22.7059 -20.9855 50
      vertex 23 -21 45
      vertex 23 -21 50
    endloop
  endfacet
  facet normal -0.0492431 -0.998787 0
    outer loop
      vertex 22.7059 -20.9855 50
      vertex 23 -21 31
      vertex 23 -21 45
    endloop
  endfacet
  facet normal -0.0492431 -0.998787 0
    outer loop
      vertex 22.7059 -20.9855 23
      vertex 23 -21 31
      vertex 22.7059 -20.9855 50
    endloop
  endfacet
  facet normal -0.0492431 -0.998787 -0
    outer loop
      vertex 23 -21 31
      vertex 22.7059 -20.9855 23
      vertex 23 -21 23
    endloop
  endfacet
  facet normal -0.146413 -0.989224 0
    outer loop
      vertex 22.4147 -20.9424 23
      vertex 22.7059 -20.9855 50
      vertex 22.4147 -20.9424 50
    endloop
  endfacet
  facet normal -0.146413 -0.989224 -0
    outer loop
      vertex 22.7059 -20.9855 50
      vertex 22.4147 -20.9424 23
      vertex 22.7059 -20.9855 23
    endloop
  endfacet
  facet normal -0.857643 -0.514246 0
    outer loop
      vertex 20.5056 -19.6667 23
      vertex 20.3542 -19.4142 50
      vertex 20.3542 -19.4142 23
    endloop
  endfacet
  facet normal -0.857643 -0.514246 0
    outer loop
      vertex 20.3542 -19.4142 50
      vertex 20.5056 -19.6667 23
      vertex 20.5056 -19.6667 50
    endloop
  endfacet
  facet normal -0.941634 -0.336638 0
    outer loop
      vertex 20.2283 -19.148 23
      vertex 20.1292 -18.8708 50
      vertex 20.1292 -18.8708 23
    endloop
  endfacet
  facet normal -0.941634 -0.336638 0
    outer loop
      vertex 20.1292 -18.8708 50
      vertex 20.2283 -19.148 23
      vertex 20.2283 -19.148 50
    endloop
  endfacet
  facet normal -0.969962 -0.243255 0
    outer loop
      vertex 20.1292 -18.8708 23
      vertex 20.0576 -18.5853 50
      vertex 20.0576 -18.5853 23
    endloop
  endfacet
  facet normal -0.969962 -0.243255 0
    outer loop
      vertex 20.0576 -18.5853 50
      vertex 20.1292 -18.8708 23
      vertex 20.1292 -18.8708 50
    endloop
  endfacet
  facet normal -0.103815 0.699887 -0.706669
    outer loop
      vertex 22.4147 20.9424 50
      vertex 22.0245 22.9039 52
      vertex 22.5099 22.9759 52
    endloop
  endfacet
  facet normal 0.606826 -0.363836 0.706672
    outer loop
      vertex 51.4096 -20.357 53
      vertex 50.5277 -19.8856 54
      vertex 51.1573 -20.7778 53
    endloop
  endfacet
  facet normal -0.242967 -0.970034 0
    outer loop
      vertex 21.5486 -22.7847 52
      vertex 22.0245 -22.9039 53
      vertex 21.5486 -22.7847 53
    endloop
  endfacet
  facet normal -0.242967 -0.970034 -0
    outer loop
      vertex 22.0245 -22.9039 53
      vertex 21.5486 -22.7847 52
      vertex 22.0245 -22.9039 52
    endloop
  endfacet
  facet normal -0.103591 0.699898 -0.706691
    outer loop
      vertex 22.7059 20.9855 50
      vertex 22.4147 20.9424 50
      vertex 22.5099 22.9759 52
    endloop
  endfacet
  facet normal 0.03475 -0.70668 0.70668
    outer loop
      vertex 47 -22 54
      vertex 47 -23 53
      vertex 47.4901 -22.9759 53
    endloop
  endfacet
  facet normal 0.0348525 0.706665 -0.70669
    outer loop
      vertex 47.294 20.9855 50
      vertex 47 21 50
      vertex 47.4901 22.9759 52
    endloop
  endfacet
  facet normal 0.524218 -0.475185 -0.706678
    outer loop
      vertex 50.5355 -21.5355 52
      vertex 49.1213 -20.1213 50
      vertex 49.319 -19.9032 50
    endloop
  endfacet
  facet normal 0.103555 0.6999 -0.706694
    outer loop
      vertex 47.5853 20.9424 50
      vertex 47.294 20.9855 50
      vertex 47.4901 22.9759 52
    endloop
  endfacet
  facet normal -0.421553 0.568258 0.706665
    outer loop
      vertex 20.7777 21.3259 54
      vertex 20.2221 22.1573 53
      vertex 20.4624 21.092 54
    endloop
  endfacet
  facet normal 0.699867 -0.103844 0.706684
    outer loop
      vertex 50.9807 -18.3921 54
      vertex 50.9231 -18.7803 54
      vertex 51.9759 -18.4901 53
    endloop
  endfacet
  facet normal 0.03475 0.70668 -0.70668
    outer loop
      vertex 47.4901 22.9759 52
      vertex 47 21 50
      vertex 47 23 52
    endloop
  endfacet
  facet normal -0.70669 0.0347505 -0.70667
    outer loop
      vertex 20.0144 18.294 50
      vertex 18 18 52
      vertex 18.0241 18.4901 52
    endloop
  endfacet
  facet normal 0.0491143 0.998793 -0
    outer loop
      vertex 47.4901 22.9759 52
      vertex 47 23 53
      vertex 47.4901 22.9759 53
    endloop
  endfacet
  facet normal 0.0491143 0.998793 0
    outer loop
      vertex 47 23 53
      vertex 47.4901 22.9759 52
      vertex 47 23 52
    endloop
  endfacet
  facet normal -0.524139 -0.475257 -0.706689
    outer loop
      vertex 19.4645 -21.5355 52
      vertex 19.1349 -21.172 52
      vertex 20.681 -19.9032 50
    endloop
  endfacet
  facet normal -0.706683 -0.034613 -0.706683
    outer loop
      vertex 20.0144 -18.294 50
      vertex 18 -18 52
      vertex 20 -18 50
    endloop
  endfacet
  facet normal -0.0348407 0.706666 -0.706689
    outer loop
      vertex 22.7059 20.9855 50
      vertex 22.5099 22.9759 52
      vertex 23 21 50
    endloop
  endfacet
  facet normal -0.666228 -0.238179 -0.70669
    outer loop
      vertex 20.2283 -19.148 50
      vertex 18.2153 -19.4514 52
      vertex 20.1292 -18.8708 50
    endloop
  endfacet
  facet normal -0.172053 -0.686291 -0.706684
    outer loop
      vertex 22.4147 -20.9424 50
      vertex 21.5486 -22.7847 52
      vertex 22.1291 -20.8708 50
    endloop
  endfacet
  facet normal -0.421384 0.568334 0.706705
    outer loop
      vertex 20.2221 22.1573 53
      vertex 19.828 21.8651 53
      vertex 20.4624 21.092 54
    endloop
  endfacet
  facet normal -0.421476 -0.568295 -0.706681
    outer loop
      vertex 21.3333 -20.4944 50
      vertex 20.2221 -22.1573 52
      vertex 21.0968 -20.319 50
    endloop
  endfacet
  facet normal -0.989173 -0.146755 0
    outer loop
      vertex 18.0961 -18.9754 52
      vertex 18.0241 -18.4901 53
      vertex 18.0241 -18.4901 52
    endloop
  endfacet
  facet normal -0.989173 -0.146755 0
    outer loop
      vertex 18.0241 -18.4901 53
      vertex 18.0961 -18.9754 52
      vertex 18.0961 -18.9754 53
    endloop
  endfacet
  facet normal -0.363772 -0.606863 0.706674
    outer loop
      vertex 21.1144 -21.5277 54
      vertex 20.2221 -22.1573 53
      vertex 20.643 -22.4096 53
    endloop
  endfacet
  facet normal -0.0347838 0.70667 0.706687
    outer loop
      vertex 23 22 54
      vertex 22.5099 22.9759 53
      vertex 22.6079 21.9807 54
    endloop
  endfacet
  facet normal -0.989173 0.146755 0
    outer loop
      vertex 18.0241 18.4901 52
      vertex 18.0961 18.9754 53
      vertex 18.0961 18.9754 52
    endloop
  endfacet
  facet normal -0.989173 0.146755 0
    outer loop
      vertex 18.0961 18.9754 53
      vertex 18.0241 18.4901 52
      vertex 18.0241 18.4901 53
    endloop
  endfacet
  facet normal -0.421392 0.568346 -0.706691
    outer loop
      vertex 21.0968 20.319 50
      vertex 19.828 21.8651 52
      vertex 20.2221 22.1573 52
    endloop
  endfacet
  facet normal -0.686356 0.171769 0.70669
    outer loop
      vertex 19.1722 19.1611 54
      vertex 18.0961 18.9754 53
      vertex 19.0769 18.7803 54
    endloop
  endfacet
  facet normal -0.103813 -0.69987 0.706686
    outer loop
      vertex 22.2196 -21.9231 54
      vertex 22.0245 -22.9039 53
      vertex 22.5099 -22.9759 53
    endloop
  endfacet
  facet normal 0.639648 0.302432 0.706672
    outer loop
      vertex 51.4096 20.357 53
      vertex 50.5277 19.8856 54
      vertex 50.6955 19.5307 54
    endloop
  endfacet
  facet normal -0.706683 0.034613 -0.706683
    outer loop
      vertex 20 18 50
      vertex 18 18 52
      vertex 20.0144 18.294 50
    endloop
  endfacet
  facet normal -0.699866 -0.103833 0.706687
    outer loop
      vertex 19.0769 -18.7803 54
      vertex 18.0241 -18.4901 53
      vertex 18.0961 -18.9754 53
    endloop
  endfacet
  facet normal 0.146755 0.989173 -0
    outer loop
      vertex 47.9754 22.9039 52
      vertex 47.4901 22.9759 53
      vertex 47.9754 22.9039 53
    endloop
  endfacet
  facet normal 0.146755 0.989173 0
    outer loop
      vertex 47.4901 22.9759 53
      vertex 47.9754 22.9039 52
      vertex 47.4901 22.9759 52
    endloop
  endfacet
  facet normal 0 0.707107 0.707107
    outer loop
      vertex 47 23 53
      vertex 23 22 54
      vertex 47 22 54
    endloop
  endfacet
  facet normal 0 0.707107 0.707107
    outer loop
      vertex 23 22 54
      vertex 47 23 53
      vertex 23 23 53
    endloop
  endfacet
  facet normal -0.70669 -0.0347505 -0.70667
    outer loop
      vertex 18.0241 -18.4901 52
      vertex 18 -18 52
      vertex 20.0144 -18.294 50
    endloop
  endfacet
  facet normal -1 0 0
    outer loop
      vertex 18 -18 52
      vertex 18 18 53
      vertex 18 18 52
    endloop
  endfacet
  facet normal -1 -0 0
    outer loop
      vertex 18 18 53
      vertex 18 -18 52
      vertex 18 -18 53
    endloop
  endfacet
  facet normal 0.363835 0.606825 -0.706673
    outer loop
      vertex 49.7778 22.1573 52
      vertex 48.6667 20.4944 50
      vertex 49.357 22.4096 52
    endloop
  endfacet
  facet normal 0 -0.707107 -0.707107
    outer loop
      vertex 23 -21 50
      vertex 47 -23 52
      vertex 23 -23 52
    endloop
  endfacet
  facet normal 0 -0.707107 -0.707107
    outer loop
      vertex 47 -23 52
      vertex 23 -21 50
      vertex 47 -21 50
    endloop
  endfacet
  facet normal 0.639709 0.302312 -0.706669
    outer loop
      vertex 49.7716 19.148 50
      vertex 49.6458 19.4142 50
      vertex 51.4096 20.357 52
    endloop
  endfacet
  facet normal 0.0491143 -0.998793 0
    outer loop
      vertex 47 -23 52
      vertex 47.4901 -22.9759 53
      vertex 47 -23 53
    endloop
  endfacet
  facet normal 0.0491143 -0.998793 0
    outer loop
      vertex 47.4901 -22.9759 53
      vertex 47 -23 52
      vertex 47.4901 -22.9759 52
    endloop
  endfacet
  facet normal -0.857655 0.514226 0
    outer loop
      vertex 18.5904 20.357 52
      vertex 18.8427 20.7778 53
      vertex 18.8427 20.7778 52
    endloop
  endfacet
  facet normal -0.857655 0.514226 0
    outer loop
      vertex 18.8427 20.7778 53
      vertex 18.5904 20.357 52
      vertex 18.5904 20.357 53
    endloop
  endfacet
  facet normal 0.70668 0.03475 -0.70668
    outer loop
      vertex 52 18 52
      vertex 50 18 50
      vertex 51.9759 18.4901 52
    endloop
  endfacet
  facet normal 0.0347838 -0.70667 0.706687
    outer loop
      vertex 47.3921 -21.9807 54
      vertex 47 -22 54
      vertex 47.4901 -22.9759 53
    endloop
  endfacet
  facet normal -0.707107 0 -0.707107
    outer loop
      vertex 20 -18 50
      vertex 18 18 52
      vertex 20 18 50
    endloop
  endfacet
  facet normal -0.707107 -0 -0.707107
    outer loop
      vertex 18 18 52
      vertex 20 -18 50
      vertex 18 -18 52
    endloop
  endfacet
  facet normal 0.595491 0.803362 -0
    outer loop
      vertex 50.172 21.8651 52
      vertex 49.7778 22.1573 53
      vertex 50.172 21.8651 53
    endloop
  endfacet
  facet normal 0.595491 0.803362 0
    outer loop
      vertex 49.7778 22.1573 53
      vertex 50.172 21.8651 52
      vertex 49.7778 22.1573 52
    endloop
  endfacet
  facet normal -0.970047 0.242919 0
    outer loop
      vertex 18.0961 18.9754 52
      vertex 18.2153 19.4514 53
      vertex 18.2153 19.4514 52
    endloop
  endfacet
  facet normal -0.970047 0.242919 0
    outer loop
      vertex 18.2153 19.4514 53
      vertex 18.0961 18.9754 52
      vertex 18.0961 18.9754 53
    endloop
  endfacet
  facet normal 0.970047 -0.242919 0
    outer loop
      vertex 51.7847 -19.4514 53
      vertex 51.9039 -18.9754 52
      vertex 51.9039 -18.9754 53
    endloop
  endfacet
  facet normal 0.970047 -0.242919 0
    outer loop
      vertex 51.9039 -18.9754 52
      vertex 51.7847 -19.4514 53
      vertex 51.7847 -19.4514 52
    endloop
  endfacet
  facet normal 0.6999 0.103555 -0.706694
    outer loop
      vertex 49.9855 18.294 50
      vertex 49.9424 18.5853 50
      vertex 51.9759 18.4901 52
    endloop
  endfacet
  facet normal 0.857655 -0.514226 0
    outer loop
      vertex 51.1573 -20.7778 53
      vertex 51.4096 -20.357 52
      vertex 51.4096 -20.357 53
    endloop
  endfacet
  facet normal 0.857655 -0.514226 0
    outer loop
      vertex 51.4096 -20.357 52
      vertex 51.1573 -20.7778 53
      vertex 51.1573 -20.7778 52
    endloop
  endfacet
  facet normal -0.302432 -0.639648 0.706672
    outer loop
      vertex 21.1144 -21.5277 54
      vertex 20.643 -22.4096 53
      vertex 21.4693 -21.6955 54
    endloop
  endfacet
  facet normal 0.707107 -0 0.707107
    outer loop
      vertex 51 -18 54
      vertex 52 18 53
      vertex 51 18 54
    endloop
  endfacet
  facet normal 0.707107 0 0.707107
    outer loop
      vertex 52 18 53
      vertex 51 -18 54
      vertex 52 -18 53
    endloop
  endfacet
  facet normal 0.989173 0.146755 0
    outer loop
      vertex 51.9759 18.4901 53
      vertex 51.9039 18.9754 52
      vertex 51.9039 18.9754 53
    endloop
  endfacet
  facet normal 0.989173 0.146755 0
    outer loop
      vertex 51.9039 18.9754 52
      vertex 51.9759 18.4901 53
      vertex 51.9759 18.4901 52
    endloop
  endfacet
  facet normal 0.671719 0.740806 -0
    outer loop
      vertex 50.5355 21.5355 52
      vertex 50.172 21.8651 53
      vertex 50.5355 21.5355 53
    endloop
  endfacet
  facet normal 0.671719 0.740806 0
    outer loop
      vertex 50.172 21.8651 53
      vertex 50.5355 21.5355 52
      vertex 50.172 21.8651 52
    endloop
  endfacet
  facet normal -0.0348407 -0.706666 -0.706689
    outer loop
      vertex 23 -21 50
      vertex 22.5099 -22.9759 52
      vertex 22.7059 -20.9855 50
    endloop
  endfacet
  facet normal 0.903995 0.427543 0
    outer loop
      vertex 51.6194 19.9134 53
      vertex 51.4096 20.357 52
      vertex 51.4096 20.357 53
    endloop
  endfacet
  facet normal 0.903995 0.427543 0
    outer loop
      vertex 51.4096 20.357 52
      vertex 51.6194 19.9134 53
      vertex 51.6194 19.9134 52
    endloop
  endfacet
  facet normal -0.146726 -0.989177 0
    outer loop
      vertex 22.0245 -22.9039 52
      vertex 22.5099 -22.9759 53
      vertex 22.0245 -22.9039 53
    endloop
  endfacet
  facet normal -0.146726 -0.989177 -0
    outer loop
      vertex 22.5099 -22.9759 53
      vertex 22.0245 -22.9039 52
      vertex 22.5099 -22.9759 52
    endloop
  endfacet
  facet normal -0.666228 0.238179 -0.70669
    outer loop
      vertex 20.1292 18.8708 50
      vertex 18.2153 19.4514 52
      vertex 20.2283 19.148 50
    endloop
  endfacet
  facet normal 0.238394 0.666157 -0.706685
    outer loop
      vertex 48.148 20.7716 50
      vertex 47.8708 20.8708 50
      vertex 48.4514 22.7847 52
    endloop
  endfacet
  facet normal -0.606825 -0.363835 -0.706673
    outer loop
      vertex 18.8427 -20.7778 52
      vertex 18.5904 -20.357 52
      vertex 20.5056 -19.6667 50
    endloop
  endfacet
  facet normal -0.671719 -0.740806 0
    outer loop
      vertex 19.4645 -21.5355 52
      vertex 19.828 -21.8651 53
      vertex 19.4645 -21.5355 53
    endloop
  endfacet
  facet normal -0.671719 -0.740806 -0
    outer loop
      vertex 19.828 -21.8651 53
      vertex 19.4645 -21.5355 52
      vertex 19.828 -21.8651 52
    endloop
  endfacet
  facet normal -0.699886 -0.103836 -0.706667
    outer loop
      vertex 18.0961 -18.9754 52
      vertex 18.0241 -18.4901 52
      vertex 20.0576 -18.5853 50
    endloop
  endfacet
  facet normal 0.941548 0.336879 0
    outer loop
      vertex 51.7847 19.4514 53
      vertex 51.6194 19.9134 52
      vertex 51.6194 19.9134 53
    endloop
  endfacet
  facet normal 0.941548 0.336879 0
    outer loop
      vertex 51.6194 19.9134 52
      vertex 51.7847 19.4514 53
      vertex 51.7847 19.4514 52
    endloop
  endfacet
  facet normal 0.475249 -0.524129 0.706702
    outer loop
      vertex 50.5355 -21.5355 53
      vertex 49.5376 -21.092 54
      vertex 50.172 -21.8651 53
    endloop
  endfacet
  facet normal 0.686353 0.171877 0.706667
    outer loop
      vertex 51.7847 19.4514 53
      vertex 50.8278 19.1611 54
      vertex 51.9039 18.9754 53
    endloop
  endfacet
  facet normal -0.699867 -0.103844 0.706684
    outer loop
      vertex 19.0193 -18.3921 54
      vertex 18.0241 -18.4901 53
      vertex 19.0769 -18.7803 54
    endloop
  endfacet
  facet normal -0.363739 -0.606893 0.706664
    outer loop
      vertex 20.7777 -21.3259 54
      vertex 20.2221 -22.1573 53
      vertex 21.1144 -21.5277 54
    endloop
  endfacet
  facet normal -0.595588 0.80329 0
    outer loop
      vertex 20.2221 22.1573 52
      vertex 19.828 21.8651 53
      vertex 20.2221 22.1573 53
    endloop
  endfacet
  facet normal -0.595588 0.80329 0
    outer loop
      vertex 19.828 21.8651 53
      vertex 20.2221 22.1573 52
      vertex 19.828 21.8651 52
    endloop
  endfacet
  facet normal 0.686356 0.171769 0.70669
    outer loop
      vertex 51.9039 18.9754 53
      vertex 50.8278 19.1611 54
      vertex 50.9231 18.7803 54
    endloop
  endfacet
  facet normal -0.998793 0.0491143 0
    outer loop
      vertex 18 18 52
      vertex 18.0241 18.4901 53
      vertex 18.0241 18.4901 52
    endloop
  endfacet
  facet normal -0.998793 0.0491143 0
    outer loop
      vertex 18.0241 18.4901 53
      vertex 18 18 52
      vertex 18 18 53
    endloop
  endfacet
  facet normal -0.238453 0.666155 0.706667
    outer loop
      vertex 21.5486 22.7847 53
      vertex 21.4693 21.6955 54
      vertex 21.8389 21.8278 54
    endloop
  endfacet
  facet normal -0.803362 0.595491 0
    outer loop
      vertex 18.8427 20.7778 52
      vertex 19.1349 21.172 53
      vertex 19.1349 21.172 52
    endloop
  endfacet
  facet normal -0.803362 0.595491 0
    outer loop
      vertex 19.1349 21.172 53
      vertex 18.8427 20.7778 52
      vertex 18.8427 20.7778 53
    endloop
  endfacet
  facet normal 0 1 -0
    outer loop
      vertex 47 23 52
      vertex 23 23 53
      vertex 47 23 53
    endloop
  endfacet
  facet normal 0 1 0
    outer loop
      vertex 23 23 53
      vertex 47 23 52
      vertex 23 23 52
    endloop
  endfacet
  facet normal -0.707107 0 0.707107
    outer loop
      vertex 18 -18 53
      vertex 19 18 54
      vertex 18 18 53
    endloop
  endfacet
  facet normal -0.707107 0 0.707107
    outer loop
      vertex 19 18 54
      vertex 18 -18 53
      vertex 19 -18 54
    endloop
  endfacet
  facet normal 0.70668 0.03475 0.70668
    outer loop
      vertex 51.9759 18.4901 53
      vertex 51 18 54
      vertex 52 18 53
    endloop
  endfacet
  facet normal -0.103818 0.69987 0.706685
    outer loop
      vertex 22.5099 22.9759 53
      vertex 22.2196 21.9231 54
      vertex 22.6079 21.9807 54
    endloop
  endfacet
  facet normal -0.70668 0.03475 0.70668
    outer loop
      vertex 18.0241 18.4901 53
      vertex 18 18 53
      vertex 19 18 54
    endloop
  endfacet
  facet normal -0.363768 -0.606857 -0.706681
    outer loop
      vertex 20.643 -22.4096 52
      vertex 20.2221 -22.1573 52
      vertex 21.3333 -20.4944 50
    endloop
  endfacet
  facet normal -0.606826 0.363836 0.706672
    outer loop
      vertex 18.8427 20.7778 53
      vertex 18.5904 20.357 53
      vertex 19.4723 19.8856 54
    endloop
  endfacet
  facet normal -0.421553 -0.568258 0.706665
    outer loop
      vertex 20.4624 -21.092 54
      vertex 20.2221 -22.1573 53
      vertex 20.7777 -21.3259 54
    endloop
  endfacet
  facet normal 0.606909 0.363749 0.706646
    outer loop
      vertex 51.1573 20.7778 53
      vertex 50.3259 20.2223 54
      vertex 50.5277 19.8856 54
    endloop
  endfacet
  facet normal 0 -1 0
    outer loop
      vertex 23 -23 52
      vertex 47 -23 53
      vertex 23 -23 53
    endloop
  endfacet
  facet normal 0 -1 -0
    outer loop
      vertex 47 -23 53
      vertex 23 -23 52
      vertex 47 -23 52
    endloop
  endfacet
  facet normal 0.302312 0.639709 -0.706669
    outer loop
      vertex 48.4142 20.6458 50
      vertex 48.148 20.7716 50
      vertex 49.357 22.4096 52
    endloop
  endfacet
  facet normal -0.568304 -0.421482 -0.706671
    outer loop
      vertex 20.681 -19.9032 50
      vertex 18.8427 -20.7778 52
      vertex 20.5056 -19.6667 50
    endloop
  endfacet
  facet normal 0.421482 0.568304 -0.706671
    outer loop
      vertex 48.9032 20.319 50
      vertex 48.6667 20.4944 50
      vertex 49.7778 22.1573 52
    endloop
  endfacet
  facet normal -0.302403 -0.639662 -0.706671
    outer loop
      vertex 21.8519 -20.7716 50
      vertex 20.643 -22.4096 52
      vertex 21.5858 -20.6458 50
    endloop
  endfacet
  facet normal 0.707107 0 -0.707107
    outer loop
      vertex 52 -18 52
      vertex 50 18 50
      vertex 52 18 52
    endloop
  endfacet
  facet normal 0.707107 0 -0.707107
    outer loop
      vertex 50 18 50
      vertex 52 -18 52
      vertex 50 -18 50
    endloop
  endfacet
  facet normal 0.70667 -0.0347838 0.706687
    outer loop
      vertex 51 -18 54
      vertex 50.9807 -18.3921 54
      vertex 51.9759 -18.4901 53
    endloop
  endfacet
  facet normal 0.421324 -0.568399 -0.706689
    outer loop
      vertex 49.7778 -22.1573 52
      vertex 48.9032 -20.319 50
      vertex 50.172 -21.8651 52
    endloop
  endfacet
  facet normal -0.639612 0.302504 -0.706674
    outer loop
      vertex 20.2283 19.148 50
      vertex 18.3806 19.9134 52
      vertex 18.5904 20.357 52
    endloop
  endfacet
  facet normal -0.70667 0.0347838 0.706687
    outer loop
      vertex 19.0193 18.3921 54
      vertex 18.0241 18.4901 53
      vertex 19 18 54
    endloop
  endfacet
  facet normal 0.903995 -0.427543 0
    outer loop
      vertex 51.4096 -20.357 53
      vertex 51.6194 -19.9134 52
      vertex 51.6194 -19.9134 53
    endloop
  endfacet
  facet normal 0.903995 -0.427543 0
    outer loop
      vertex 51.6194 -19.9134 52
      vertex 51.4096 -20.357 53
      vertex 51.4096 -20.357 52
    endloop
  endfacet
  facet normal -0.475257 -0.524139 -0.706689
    outer loop
      vertex 19.828 -21.8651 52
      vertex 19.4645 -21.5355 52
      vertex 21.0968 -20.319 50
    endloop
  endfacet
  facet normal -0.857655 -0.514226 0
    outer loop
      vertex 18.8427 -20.7778 52
      vertex 18.5904 -20.357 53
      vertex 18.5904 -20.357 52
    endloop
  endfacet
  facet normal -0.857655 -0.514226 0
    outer loop
      vertex 18.5904 -20.357 53
      vertex 18.8427 -20.7778 52
      vertex 18.8427 -20.7778 53
    endloop
  endfacet
  facet normal 0.36385 0.606818 -0.706672
    outer loop
      vertex 48.6667 20.4944 50
      vertex 48.4142 20.6458 50
      vertex 49.357 22.4096 52
    endloop
  endfacet
  facet normal 0.23835 -0.666168 -0.706689
    outer loop
      vertex 48.4514 -22.7847 52
      vertex 48.148 -20.7716 50
      vertex 48.9134 -22.6194 52
    endloop
  endfacet
  facet normal 0.363836 -0.606826 0.706672
    outer loop
      vertex 49.7778 -22.1573 53
      vertex 48.8856 -21.5277 54
      vertex 49.357 -22.4096 53
    endloop
  endfacet
  facet normal 0.568399 0.421324 -0.706689
    outer loop
      vertex 51.1573 20.7778 52
      vertex 49.319 19.9032 50
      vertex 50.8651 21.172 52
    endloop
  endfacet
  facet normal 0.524139 0.475257 -0.706689
    outer loop
      vertex 50.8651 21.172 52
      vertex 49.319 19.9032 50
      vertex 50.5355 21.5355 52
    endloop
  endfacet
  facet normal -0.0491143 -0.998793 0
    outer loop
      vertex 22.5099 -22.9759 52
      vertex 23 -23 53
      vertex 22.5099 -22.9759 53
    endloop
  endfacet
  facet normal -0.0491143 -0.998793 -0
    outer loop
      vertex 23 -23 53
      vertex 22.5099 -22.9759 52
      vertex 23 -23 52
    endloop
  endfacet
  facet normal 1 -0 0
    outer loop
      vertex 52 -18 53
      vertex 52 18 52
      vertex 52 18 53
    endloop
  endfacet
  facet normal 1 0 0
    outer loop
      vertex 52 18 52
      vertex 52 -18 53
      vertex 52 -18 52
    endloop
  endfacet
  facet normal -0.56841 -0.421333 0.706674
    outer loop
      vertex 19.9079 -20.5376 54
      vertex 18.8427 -20.7778 53
      vertex 19.1349 -21.172 53
    endloop
  endfacet
  facet normal -0.941548 -0.336879 0
    outer loop
      vertex 18.3806 -19.9134 52
      vertex 18.2153 -19.4514 53
      vertex 18.2153 -19.4514 52
    endloop
  endfacet
  facet normal -0.941548 -0.336879 0
    outer loop
      vertex 18.2153 -19.4514 53
      vertex 18.3806 -19.9134 52
      vertex 18.3806 -19.9134 53
    endloop
  endfacet
  facet normal -0.666184 -0.238355 -0.706672
    outer loop
      vertex 18.3806 -19.9134 52
      vertex 18.2153 -19.4514 52
      vertex 20.2283 -19.148 50
    endloop
  endfacet
  facet normal 0.666168 -0.23835 -0.706689
    outer loop
      vertex 51.6194 -19.9134 52
      vertex 49.7716 -19.148 50
      vertex 51.7847 -19.4514 52
    endloop
  endfacet
  facet normal 0.475257 -0.524139 -0.706689
    outer loop
      vertex 50.172 -21.8651 52
      vertex 48.9032 -20.319 50
      vertex 50.5355 -21.5355 52
    endloop
  endfacet
  facet normal -0.302497 0.639598 0.70669
    outer loop
      vertex 21.0866 22.6194 53
      vertex 20.643 22.4096 53
      vertex 21.4693 21.6955 54
    endloop
  endfacet
  facet normal 0.666168 0.23835 0.706689
    outer loop
      vertex 51.6194 19.9134 53
      vertex 50.6955 19.5307 54
      vertex 51.7847 19.4514 53
    endloop
  endfacet
  facet normal -0.17191 -0.686344 0.706668
    outer loop
      vertex 21.8389 -21.8278 54
      vertex 21.5486 -22.7847 53
      vertex 22.0245 -22.9039 53
    endloop
  endfacet
  facet normal -0.56841 0.421333 0.706674
    outer loop
      vertex 19.1349 21.172 53
      vertex 18.8427 20.7778 53
      vertex 19.9079 20.5376 54
    endloop
  endfacet
  facet normal -0.903995 0.427543 0
    outer loop
      vertex 18.3806 19.9134 52
      vertex 18.5904 20.357 53
      vertex 18.5904 20.357 52
    endloop
  endfacet
  facet normal -0.903995 0.427543 0
    outer loop
      vertex 18.5904 20.357 53
      vertex 18.3806 19.9134 52
      vertex 18.3806 19.9134 53
    endloop
  endfacet
  facet normal -0.941548 0.336879 0
    outer loop
      vertex 18.2153 19.4514 52
      vertex 18.3806 19.9134 53
      vertex 18.3806 19.9134 52
    endloop
  endfacet
  facet normal -0.941548 0.336879 0
    outer loop
      vertex 18.3806 19.9134 53
      vertex 18.2153 19.4514 52
      vertex 18.2153 19.4514 53
    endloop
  endfacet
  facet normal -0.242967 0.970034 0
    outer loop
      vertex 22.0245 22.9039 52
      vertex 21.5486 22.7847 53
      vertex 22.0245 22.9039 53
    endloop
  endfacet
  facet normal -0.242967 0.970034 0
    outer loop
      vertex 21.5486 22.7847 53
      vertex 22.0245 22.9039 52
      vertex 21.5486 22.7847 52
    endloop
  endfacet
  facet normal 0 0.707107 -0.707107
    outer loop
      vertex 47 21 50
      vertex 23 23 52
      vertex 47 23 52
    endloop
  endfacet
  facet normal 0 0.707107 -0.707107
    outer loop
      vertex 23 23 52
      vertex 47 21 50
      vertex 23 21 50
    endloop
  endfacet
  facet normal -0.03475 0.70668 -0.70668
    outer loop
      vertex 23 21 50
      vertex 22.5099 22.9759 52
      vertex 23 23 52
    endloop
  endfacet
  facet normal 0.606826 0.363836 0.706672
    outer loop
      vertex 51.1573 20.7778 53
      vertex 50.5277 19.8856 54
      vertex 51.4096 20.357 53
    endloop
  endfacet
  facet normal 0.70668 -0.03475 0.70668
    outer loop
      vertex 52 -18 53
      vertex 51 -18 54
      vertex 51.9759 -18.4901 53
    endloop
  endfacet
  facet normal 0.23835 -0.666168 0.706689
    outer loop
      vertex 48.5307 -21.6955 54
      vertex 48.4514 -22.7847 53
      vertex 48.9134 -22.6194 53
    endloop
  endfacet
  facet normal -0.421384 -0.568334 0.706705
    outer loop
      vertex 20.4624 -21.092 54
      vertex 19.828 -21.8651 53
      vertex 20.2221 -22.1573 53
    endloop
  endfacet
  facet normal -0.336879 0.941548 0
    outer loop
      vertex 21.5486 22.7847 52
      vertex 21.0866 22.6194 53
      vertex 21.5486 22.7847 53
    endloop
  endfacet
  facet normal -0.336879 0.941548 0
    outer loop
      vertex 21.0866 22.6194 53
      vertex 21.5486 22.7847 52
      vertex 21.0866 22.6194 52
    endloop
  endfacet
  facet normal 0.568387 0.421316 0.706703
    outer loop
      vertex 50.8651 21.172 53
      vertex 50.092 20.5376 54
      vertex 51.1573 20.7778 53
    endloop
  endfacet
  facet normal -0.524148 0.475266 0.706676
    outer loop
      vertex 19.4645 21.5355 53
      vertex 19.1349 21.172 53
      vertex 19.9079 20.5376 54
    endloop
  endfacet
  facet normal -0.238396 -0.666163 -0.706679
    outer loop
      vertex 22.1291 -20.8708 50
      vertex 21.5486 -22.7847 52
      vertex 21.8519 -20.7716 50
    endloop
  endfacet
  facet normal -0.17191 -0.686342 -0.706669
    outer loop
      vertex 22.0245 -22.9039 52
      vertex 21.5486 -22.7847 52
      vertex 22.4147 -20.9424 50
    endloop
  endfacet
  facet normal 0.421566 -0.568275 0.706644
    outer loop
      vertex 49.5376 -21.092 54
      vertex 49.2223 -21.3259 54
      vertex 49.7778 -22.1573 53
    endloop
  endfacet
  facet normal -0.238352 -0.666174 -0.706683
    outer loop
      vertex 21.5486 -22.7847 52
      vertex 21.0866 -22.6194 52
      vertex 21.8519 -20.7716 50
    endloop
  endfacet
  facet normal -0.36385 -0.606818 -0.706672
    outer loop
      vertex 21.5858 -20.6458 50
      vertex 20.643 -22.4096 52
      vertex 21.3333 -20.4944 50
    endloop
  endfacet
  facet normal 0 -0.707107 0.707107
    outer loop
      vertex 23 -23 53
      vertex 47 -22 54
      vertex 23 -22 54
    endloop
  endfacet
  facet normal 0 -0.707107 0.707107
    outer loop
      vertex 47 -22 54
      vertex 23 -23 53
      vertex 47 -23 53
    endloop
  endfacet
  facet normal 0.639598 0.302497 0.70669
    outer loop
      vertex 51.4096 20.357 53
      vertex 50.6955 19.5307 54
      vertex 51.6194 19.9134 53
    endloop
  endfacet
  facet normal 0.03475 -0.70668 -0.70668
    outer loop
      vertex 47.4901 -22.9759 52
      vertex 47 -23 52
      vertex 47 -21 50
    endloop
  endfacet
  facet normal 0.998793 0.0491143 0
    outer loop
      vertex 52 18 53
      vertex 51.9759 18.4901 52
      vertex 51.9759 18.4901 53
    endloop
  endfacet
  facet normal 0.998793 0.0491143 0
    outer loop
      vertex 51.9759 18.4901 52
      vertex 52 18 53
      vertex 52 18 52
    endloop
  endfacet
  facet normal 0.421482 -0.568304 -0.706671
    outer loop
      vertex 49.7778 -22.1573 52
      vertex 48.6667 -20.4944 50
      vertex 48.9032 -20.319 50
    endloop
  endfacet
  facet normal 0.970047 0.242919 0
    outer loop
      vertex 51.9039 18.9754 53
      vertex 51.7847 19.4514 52
      vertex 51.7847 19.4514 53
    endloop
  endfacet
  facet normal 0.970047 0.242919 0
    outer loop
      vertex 51.7847 19.4514 52
      vertex 51.9039 18.9754 53
      vertex 51.9039 18.9754 52
    endloop
  endfacet
  facet normal -0.103591 -0.699898 -0.706691
    outer loop
      vertex 22.5099 -22.9759 52
      vertex 22.4147 -20.9424 50
      vertex 22.7059 -20.9855 50
    endloop
  endfacet
  facet normal -0.568399 -0.421324 -0.706689
    outer loop
      vertex 19.1349 -21.172 52
      vertex 18.8427 -20.7778 52
      vertex 20.681 -19.9032 50
    endloop
  endfacet
  facet normal -0.606818 -0.36385 -0.706672
    outer loop
      vertex 20.5056 -19.6667 50
      vertex 18.5904 -20.357 52
      vertex 20.3542 -19.4142 50
    endloop
  endfacet
  facet normal -0.686271 0.172109 -0.70669
    outer loop
      vertex 20.0576 18.5853 50
      vertex 18.2153 19.4514 52
      vertex 20.1292 18.8708 50
    endloop
  endfacet
  facet normal -0.639611 -0.302506 -0.706674
    outer loop
      vertex 20.3542 -19.4142 50
      vertex 18.5904 -20.357 52
      vertex 20.2283 -19.148 50
    endloop
  endfacet
  facet normal 0.475185 0.524218 -0.706678
    outer loop
      vertex 49.1213 20.1213 50
      vertex 48.9032 20.319 50
      vertex 50.5355 21.5355 52
    endloop
  endfacet
  facet normal 0.427543 -0.903995 0
    outer loop
      vertex 48.9134 -22.6194 52
      vertex 49.357 -22.4096 53
      vertex 48.9134 -22.6194 53
    endloop
  endfacet
  facet normal 0.427543 -0.903995 0
    outer loop
      vertex 49.357 -22.4096 53
      vertex 48.9134 -22.6194 52
      vertex 49.357 -22.4096 52
    endloop
  endfacet
  facet normal -0.666184 0.238355 -0.706672
    outer loop
      vertex 20.2283 19.148 50
      vertex 18.2153 19.4514 52
      vertex 18.3806 19.9134 52
    endloop
  endfacet
  facet normal -0.427543 0.903995 0
    outer loop
      vertex 21.0866 22.6194 52
      vertex 20.643 22.4096 53
      vertex 21.0866 22.6194 53
    endloop
  endfacet
  facet normal -0.427543 0.903995 0
    outer loop
      vertex 20.643 22.4096 53
      vertex 21.0866 22.6194 52
      vertex 20.643 22.4096 52
    endloop
  endfacet
  facet normal -0.36385 0.606818 -0.706672
    outer loop
      vertex 21.3333 20.4944 50
      vertex 20.643 22.4096 52
      vertex 21.5858 20.6458 50
    endloop
  endfacet
  facet normal -0.421392 -0.568346 -0.706691
    outer loop
      vertex 20.2221 -22.1573 52
      vertex 19.828 -21.8651 52
      vertex 21.0968 -20.319 50
    endloop
  endfacet
  facet normal -0.606909 -0.363749 0.706646
    outer loop
      vertex 19.4723 -19.8856 54
      vertex 18.8427 -20.7778 53
      vertex 19.6741 -20.2223 54
    endloop
  endfacet
  facet normal -0.803362 -0.595491 0
    outer loop
      vertex 19.1349 -21.172 52
      vertex 18.8427 -20.7778 53
      vertex 18.8427 -20.7778 52
    endloop
  endfacet
  facet normal -0.803362 -0.595491 0
    outer loop
      vertex 18.8427 -20.7778 53
      vertex 19.1349 -21.172 52
      vertex 19.1349 -21.172 53
    endloop
  endfacet
  facet normal 0.666157 0.238394 -0.706685
    outer loop
      vertex 49.8708 18.8708 50
      vertex 49.7716 19.148 50
      vertex 51.7847 19.4514 52
    endloop
  endfacet
  facet normal 0.568304 -0.421482 -0.706671
    outer loop
      vertex 51.1573 -20.7778 52
      vertex 49.319 -19.9032 50
      vertex 49.4944 -19.6667 50
    endloop
  endfacet
  facet normal -0.302403 0.639662 -0.706671
    outer loop
      vertex 21.5858 20.6458 50
      vertex 20.643 22.4096 52
      vertex 21.8519 20.7716 50
    endloop
  endfacet
  facet normal 0 0 1
    outer loop
      vertex 47 22 54
      vertex 51 18 54
      vertex 50.9807 18.3921 54
    endloop
  endfacet
  facet normal 0 0 1
    outer loop
      vertex 51 18 54
      vertex 28.1 0 54
      vertex 51 -18 54
    endloop
  endfacet
  facet normal 0 0 1
    outer loop
      vertex 47 22 54
      vertex 50.9807 18.3921 54
      vertex 50.9231 18.7803 54
    endloop
  endfacet
  facet normal -0 0 1
    outer loop
      vertex 28.0803 -0.40187 54
      vertex 51 -18 54
      vertex 28.1 0 54
    endloop
  endfacet
  facet normal 0 0 1
    outer loop
      vertex 47 22 54
      vertex 50.9231 18.7803 54
      vertex 50.8278 19.1611 54
    endloop
  endfacet
  facet normal -0 0 1
    outer loop
      vertex 28.0212 -0.79987 54
      vertex 51 -18 54
      vertex 28.0803 -0.40187 54
    endloop
  endfacet
  facet normal 0 0 1
    outer loop
      vertex 47 22 54
      vertex 50.8278 19.1611 54
      vertex 50.6955 19.5307 54
    endloop
  endfacet
  facet normal -0 0 1
    outer loop
      vertex 27.9235 -1.19017 54
      vertex 51 -18 54
      vertex 28.0212 -0.79987 54
    endloop
  endfacet
  facet normal 0 0 1
    outer loop
      vertex 47 22 54
      vertex 50.6955 19.5307 54
      vertex 50.5277 19.8856 54
    endloop
  endfacet
  facet normal -0 0 1
    outer loop
      vertex 27.7879 -1.569 54
      vertex 51 -18 54
      vertex 27.9235 -1.19017 54
    endloop
  endfacet
  facet normal 0 0 1
    outer loop
      vertex 47 22 54
      vertex 50.5277 19.8856 54
      vertex 50.3259 20.2223 54
    endloop
  endfacet
  facet normal -0 0 1
    outer loop
      vertex 27.6159 -1.93273 54
      vertex 51 -18 54
      vertex 27.7879 -1.569 54
    endloop
  endfacet
  facet normal 0 0 1
    outer loop
      vertex 47 22 54
      vertex 50.3259 20.2223 54
      vertex 50.092 20.5376 54
    endloop
  endfacet
  facet normal -0 0 1
    outer loop
      vertex 27.409 -2.27784 54
      vertex 51 -18 54
      vertex 27.6159 -1.93273 54
    endloop
  endfacet
  facet normal 0 0 1
    outer loop
      vertex 47 22 54
      vertex 50.092 20.5376 54
      vertex 49.8284 20.8284 54
    endloop
  endfacet
  facet normal 0 -0 1
    outer loop
      vertex 47 -22 54
      vertex 51 -18 54
      vertex 27.409 -2.27784 54
    endloop
  endfacet
  facet normal 0 0 1
    outer loop
      vertex 47 22 54
      vertex 49.8284 20.8284 54
      vertex 49.5376 21.092 54
    endloop
  endfacet
  facet normal 0 0 1
    outer loop
      vertex 50.9807 -18.3921 54
      vertex 47 -22 54
      vertex 50.9231 -18.7803 54
    endloop
  endfacet
  facet normal 0 0 1
    outer loop
      vertex 47 22 54
      vertex 49.5376 21.092 54
      vertex 49.2223 21.3259 54
    endloop
  endfacet
  facet normal 0 0 1
    outer loop
      vertex 50.9231 -18.7803 54
      vertex 47 -22 54
      vertex 50.8278 -19.1611 54
    endloop
  endfacet
  facet normal 0 0 1
    outer loop
      vertex 47 22 54
      vertex 49.2223 21.3259 54
      vertex 48.8856 21.5277 54
    endloop
  endfacet
  facet normal 0 0 1
    outer loop
      vertex 50.6955 -19.5307 54
      vertex 47 -22 54
      vertex 50.5277 -19.8856 54
    endloop
  endfacet
  facet normal 0 0 1
    outer loop
      vertex 47 22 54
      vertex 48.8856 21.5277 54
      vertex 48.5307 21.6955 54
    endloop
  endfacet
  facet normal 0 0 1
    outer loop
      vertex 50.5277 -19.8856 54
      vertex 47 -22 54
      vertex 50.3259 -20.2223 54
    endloop
  endfacet
  facet normal 0 0 1
    outer loop
      vertex 47 22 54
      vertex 48.5307 21.6955 54
      vertex 48.1611 21.8278 54
    endloop
  endfacet
  facet normal 0 0 1
    outer loop
      vertex 50.3259 -20.2223 54
      vertex 47 -22 54
      vertex 50.092 -20.5376 54
    endloop
  endfacet
  facet normal 0 0 1
    outer loop
      vertex 47 22 54
      vertex 48.1611 21.8278 54
      vertex 47.7803 21.9231 54
    endloop
  endfacet
  facet normal 0 0 1
    outer loop
      vertex 49.8284 -20.8284 54
      vertex 47 -22 54
      vertex 49.5376 -21.092 54
    endloop
  endfacet
  facet normal 0 0 1
    outer loop
      vertex 47 22 54
      vertex 47.7803 21.9231 54
      vertex 47.3921 21.9807 54
    endloop
  endfacet
  facet normal 0 0 1
    outer loop
      vertex 49.5376 -21.092 54
      vertex 47 -22 54
      vertex 49.2223 -21.3259 54
    endloop
  endfacet
  facet normal 0 0 1
    outer loop
      vertex 51 18 54
      vertex 47 22 54
      vertex 27.409 2.27784 54
    endloop
  endfacet
  facet normal 0 0 1
    outer loop
      vertex 48.8856 -21.5277 54
      vertex 47 -22 54
      vertex 48.5307 -21.6955 54
    endloop
  endfacet
  facet normal 0 0 1
    outer loop
      vertex 48.5307 -21.6955 54
      vertex 47 -22 54
      vertex 48.1611 -21.8278 54
    endloop
  endfacet
  facet normal 0 0 1
    outer loop
      vertex 51 18 54
      vertex 28.0803 0.40187 54
      vertex 28.1 0 54
    endloop
  endfacet
  facet normal 0 0 1
    outer loop
      vertex 51 18 54
      vertex 28.0212 0.79987 54
      vertex 28.0803 0.40187 54
    endloop
  endfacet
  facet normal 0 0 1
    outer loop
      vertex 51 18 54
      vertex 27.9235 1.19017 54
      vertex 28.0212 0.79987 54
    endloop
  endfacet
  facet normal 0 0 1
    outer loop
      vertex 51 18 54
      vertex 27.7879 1.569 54
      vertex 27.9235 1.19017 54
    endloop
  endfacet
  facet normal 0 0 1
    outer loop
      vertex 51 18 54
      vertex 27.6159 1.93273 54
      vertex 27.7879 1.569 54
    endloop
  endfacet
  facet normal 0 0 1
    outer loop
      vertex 51 18 54
      vertex 27.409 2.27784 54
      vertex 27.6159 1.93273 54
    endloop
  endfacet
  facet normal 0 0 1
    outer loop
      vertex 47 22 54
      vertex 27.1693 2.60101 54
      vertex 27.409 2.27784 54
    endloop
  endfacet
  facet normal 0 0 1
    outer loop
      vertex 47 22 54
      vertex 26.8991 2.89914 54
      vertex 27.1693 2.60101 54
    endloop
  endfacet
  facet normal 0 0 1
    outer loop
      vertex 47 22 54
      vertex 26.601 3.16934 54
      vertex 26.8991 2.89914 54
    endloop
  endfacet
  facet normal -0 0 1
    outer loop
      vertex 23 22 54
      vertex 26.601 3.16934 54
      vertex 47 22 54
    endloop
  endfacet
  facet normal 0 0 1
    outer loop
      vertex 26.601 3.16934 54
      vertex 23 22 54
      vertex 26.2778 3.40903 54
    endloop
  endfacet
  facet normal 0 0 1
    outer loop
      vertex 26.2778 3.40903 54
      vertex 23 22 54
      vertex 25.9327 3.61588 54
    endloop
  endfacet
  facet normal 0 0 1
    outer loop
      vertex 25.9327 3.61588 54
      vertex 23 22 54
      vertex 25.569 3.78791 54
    endloop
  endfacet
  facet normal 0 0 1
    outer loop
      vertex 25.569 3.78791 54
      vertex 23 22 54
      vertex 25.1902 3.92346 54
    endloop
  endfacet
  facet normal -0 0 1
    outer loop
      vertex 19 18 54
      vertex 25.1902 3.92346 54
      vertex 23 22 54
    endloop
  endfacet
  facet normal 0 0 1
    outer loop
      vertex 25.1902 3.92346 54
      vertex 19 18 54
      vertex 24.7999 4.02122 54
    endloop
  endfacet
  facet normal 0 0 1
    outer loop
      vertex 24.7999 4.02122 54
      vertex 19 18 54
      vertex 24.4019 4.08026 54
    endloop
  endfacet
  facet normal 0 0 1
    outer loop
      vertex 24.4019 4.08026 54
      vertex 19 18 54
      vertex 24 4.1 54
    endloop
  endfacet
  facet normal 0 0 1
    outer loop
      vertex 24 4.1 54
      vertex 19 18 54
      vertex 23.5981 4.08026 54
    endloop
  endfacet
  facet normal 0 0 1
    outer loop
      vertex 23.5981 4.08026 54
      vertex 19 18 54
      vertex 23.2001 4.02122 54
    endloop
  endfacet
  facet normal 0 0 1
    outer loop
      vertex 19 18 54
      vertex 23 22 54
      vertex 22.6079 21.9807 54
    endloop
  endfacet
  facet normal 0 0 1
    outer loop
      vertex 23.2001 4.02122 54
      vertex 19 18 54
      vertex 22.8098 3.92346 54
    endloop
  endfacet
  facet normal 0 0 1
    outer loop
      vertex 19 18 54
      vertex 22.6079 21.9807 54
      vertex 22.2196 21.9231 54
    endloop
  endfacet
  facet normal 0 0 1
    outer loop
      vertex 22.8098 3.92346 54
      vertex 19 18 54
      vertex 22.431 3.78791 54
    endloop
  endfacet
  facet normal 0 0 1
    outer loop
      vertex 19 18 54
      vertex 22.2196 21.9231 54
      vertex 21.8389 21.8278 54
    endloop
  endfacet
  facet normal 0 0 1
    outer loop
      vertex 22.431 3.78791 54
      vertex 19 18 54
      vertex 22.0673 3.61588 54
    endloop
  endfacet
  facet normal 0 0 1
    outer loop
      vertex 19 18 54
      vertex 21.8389 21.8278 54
      vertex 21.4693 21.6955 54
    endloop
  endfacet
  facet normal 0 0 1
    outer loop
      vertex 22.0673 3.61588 54
      vertex 19 18 54
      vertex 21.7222 3.40903 54
    endloop
  endfacet
  facet normal 0 0 1
    outer loop
      vertex 19 18 54
      vertex 21.4693 21.6955 54
      vertex 21.1144 21.5277 54
    endloop
  endfacet
  facet normal 0 0 1
    outer loop
      vertex 21.7222 3.40903 54
      vertex 19 18 54
      vertex 21.399 3.16934 54
    endloop
  endfacet
  facet normal 0 0 1
    outer loop
      vertex 21.399 3.16934 54
      vertex 19 18 54
      vertex 21.1009 2.89914 54
    endloop
  endfacet
  facet normal 0 0 1
    outer loop
      vertex 19 18 54
      vertex 21.1144 21.5277 54
      vertex 20.7777 21.3259 54
    endloop
  endfacet
  facet normal 0 0 1
    outer loop
      vertex 21.1009 2.89914 54
      vertex 19 18 54
      vertex 20.8307 2.60101 54
    endloop
  endfacet
  facet normal 0 0 1
    outer loop
      vertex 19 18 54
      vertex 20.7777 21.3259 54
      vertex 20.4624 21.092 54
    endloop
  endfacet
  facet normal 0 0 1
    outer loop
      vertex 20.8307 2.60101 54
      vertex 19 18 54
      vertex 20.591 2.27784 54
    endloop
  endfacet
  facet normal 0 0 1
    outer loop
      vertex 20.591 2.27784 54
      vertex 19 18 54
      vertex 20.3841 1.93273 54
    endloop
  endfacet
  facet normal 0 0 1
    outer loop
      vertex 19 18 54
      vertex 20.4624 21.092 54
      vertex 20.1716 20.8284 54
    endloop
  endfacet
  facet normal 0 0 1
    outer loop
      vertex 20.3841 1.93273 54
      vertex 19 18 54
      vertex 20.2121 1.569 54
    endloop
  endfacet
  facet normal 0 0 1
    outer loop
      vertex 20.2121 1.569 54
      vertex 19 18 54
      vertex 20.0765 1.19017 54
    endloop
  endfacet
  facet normal 0 0 1
    outer loop
      vertex 20.0765 1.19017 54
      vertex 19 18 54
      vertex 19.9788 0.79987 54
    endloop
  endfacet
  facet normal 0 0 1
    outer loop
      vertex 19 18 54
      vertex 20.1716 20.8284 54
      vertex 19.9079 20.5376 54
    endloop
  endfacet
  facet normal 0 0 1
    outer loop
      vertex 19.9788 0.79987 54
      vertex 19 18 54
      vertex 19.9197 0.40187 54
    endloop
  endfacet
  facet normal 0 0 1
    outer loop
      vertex 19 18 54
      vertex 19.9079 20.5376 54
      vertex 19.6741 20.2223 54
    endloop
  endfacet
  facet normal 0 0 1
    outer loop
      vertex 48.1611 -21.8278 54
      vertex 47 -22 54
      vertex 47.7803 -21.9231 54
    endloop
  endfacet
  facet normal 0 0 1
    outer loop
      vertex 47.7803 -21.9231 54
      vertex 47 -22 54
      vertex 47.3921 -21.9807 54
    endloop
  endfacet
  facet normal 0 0 1
    outer loop
      vertex 49.2223 -21.3259 54
      vertex 47 -22 54
      vertex 48.8856 -21.5277 54
    endloop
  endfacet
  facet normal 0 0 1
    outer loop
      vertex 50.092 -20.5376 54
      vertex 47 -22 54
      vertex 49.8284 -20.8284 54
    endloop
  endfacet
  facet normal 0 0 1
    outer loop
      vertex 50.8278 -19.1611 54
      vertex 47 -22 54
      vertex 50.6955 -19.5307 54
    endloop
  endfacet
  facet normal 0 0 1
    outer loop
      vertex 51 -18 54
      vertex 47 -22 54
      vertex 50.9807 -18.3921 54
    endloop
  endfacet
  facet normal -0 0 1
    outer loop
      vertex 27.1693 -2.60101 54
      vertex 47 -22 54
      vertex 27.409 -2.27784 54
    endloop
  endfacet
  facet normal -0 0 1
    outer loop
      vertex 26.8991 -2.89914 54
      vertex 47 -22 54
      vertex 27.1693 -2.60101 54
    endloop
  endfacet
  facet normal -0 0 1
    outer loop
      vertex 26.601 -3.16934 54
      vertex 47 -22 54
      vertex 26.8991 -2.89914 54
    endloop
  endfacet
  facet normal 0 0 1
    outer loop
      vertex 23 -22 54
      vertex 26.601 -3.16934 54
      vertex 26.2778 -3.40903 54
    endloop
  endfacet
  facet normal 0 0 1
    outer loop
      vertex 23 -22 54
      vertex 26.2778 -3.40903 54
      vertex 25.9327 -3.61588 54
    endloop
  endfacet
  facet normal 0 0 1
    outer loop
      vertex 23 -22 54
      vertex 25.9327 -3.61588 54
      vertex 25.569 -3.78791 54
    endloop
  endfacet
  facet normal 0 0 1
    outer loop
      vertex 23 -22 54
      vertex 25.569 -3.78791 54
      vertex 25.1902 -3.92346 54
    endloop
  endfacet
  facet normal 0 0 1
    outer loop
      vertex 19 -18 54
      vertex 25.1902 -3.92346 54
      vertex 24.7999 -4.02122 54
    endloop
  endfacet
  facet normal 0 0 1
    outer loop
      vertex 19 -18 54
      vertex 24.7999 -4.02122 54
      vertex 24.4019 -4.08026 54
    endloop
  endfacet
  facet normal 0 0 1
    outer loop
      vertex 19 -18 54
      vertex 24.4019 -4.08026 54
      vertex 24 -4.1 54
    endloop
  endfacet
  facet normal 0 0 1
    outer loop
      vertex 19 -18 54
      vertex 24 -4.1 54
      vertex 23.5981 -4.08026 54
    endloop
  endfacet
  facet normal 0 0 1
    outer loop
      vertex 19 -18 54
      vertex 23.5981 -4.08026 54
      vertex 23.2001 -4.02122 54
    endloop
  endfacet
  facet normal 0 0 1
    outer loop
      vertex 26.601 -3.16934 54
      vertex 23 -22 54
      vertex 47 -22 54
    endloop
  endfacet
  facet normal 0 0 1
    outer loop
      vertex 19 -18 54
      vertex 23.2001 -4.02122 54
      vertex 22.8098 -3.92346 54
    endloop
  endfacet
  facet normal 0 0 1
    outer loop
      vertex 25.1902 -3.92346 54
      vertex 19 -18 54
      vertex 23 -22 54
    endloop
  endfacet
  facet normal 0 0 1
    outer loop
      vertex 19 -18 54
      vertex 22.8098 -3.92346 54
      vertex 22.431 -3.78791 54
    endloop
  endfacet
  facet normal 0 0 1
    outer loop
      vertex 23 -22 54
      vertex 19 -18 54
      vertex 22.6079 -21.9807 54
    endloop
  endfacet
  facet normal 0 0 1
    outer loop
      vertex 19 -18 54
      vertex 22.431 -3.78791 54
      vertex 22.0673 -3.61588 54
    endloop
  endfacet
  facet normal 0 0 1
    outer loop
      vertex 22.6079 -21.9807 54
      vertex 19 -18 54
      vertex 22.2196 -21.9231 54
    endloop
  endfacet
  facet normal 0 0 1
    outer loop
      vertex 19 -18 54
      vertex 22.0673 -3.61588 54
      vertex 21.7222 -3.40903 54
    endloop
  endfacet
  facet normal 0 0 1
    outer loop
      vertex 22.2196 -21.9231 54
      vertex 19 -18 54
      vertex 21.8389 -21.8278 54
    endloop
  endfacet
  facet normal 0 0 1
    outer loop
      vertex 19 -18 54
      vertex 21.7222 -3.40903 54
      vertex 21.399 -3.16934 54
    endloop
  endfacet
  facet normal 0 0 1
    outer loop
      vertex 21.8389 -21.8278 54
      vertex 19 -18 54
      vertex 21.4693 -21.6955 54
    endloop
  endfacet
  facet normal 0 0 1
    outer loop
      vertex 19 -18 54
      vertex 21.399 -3.16934 54
      vertex 21.1009 -2.89914 54
    endloop
  endfacet
  facet normal 0 0 1
    outer loop
      vertex 19 -18 54
      vertex 21.1009 -2.89914 54
      vertex 20.8307 -2.60101 54
    endloop
  endfacet
  facet normal 0 0 1
    outer loop
      vertex 21.4693 -21.6955 54
      vertex 19 -18 54
      vertex 21.1144 -21.5277 54
    endloop
  endfacet
  facet normal 0 0 1
    outer loop
      vertex 19 -18 54
      vertex 20.8307 -2.60101 54
      vertex 20.591 -2.27784 54
    endloop
  endfacet
  facet normal 0 0 1
    outer loop
      vertex 21.1144 -21.5277 54
      vertex 19 -18 54
      vertex 20.7777 -21.3259 54
    endloop
  endfacet
  facet normal 0 0 1
    outer loop
      vertex 19 -18 54
      vertex 20.591 -2.27784 54
      vertex 20.3841 -1.93273 54
    endloop
  endfacet
  facet normal 0 0 1
    outer loop
      vertex 19 -18 54
      vertex 20.3841 -1.93273 54
      vertex 20.2121 -1.569 54
    endloop
  endfacet
  facet normal 0 0 1
    outer loop
      vertex 20.7777 -21.3259 54
      vertex 19 -18 54
      vertex 20.4624 -21.092 54
    endloop
  endfacet
  facet normal 0 0 1
    outer loop
      vertex 19 -18 54
      vertex 20.2121 -1.569 54
      vertex 20.0765 -1.19017 54
    endloop
  endfacet
  facet normal 0 0 1
    outer loop
      vertex 19 -18 54
      vertex 20.0765 -1.19017 54
      vertex 19.9788 -0.79987 54
    endloop
  endfacet
  facet normal 0 0 1
    outer loop
      vertex 19 -18 54
      vertex 19.9788 -0.79987 54
      vertex 19.9197 -0.40187 54
    endloop
  endfacet
  facet normal 0 0 1
    outer loop
      vertex 20.4624 -21.092 54
      vertex 19 -18 54
      vertex 20.1716 -20.8284 54
    endloop
  endfacet
  facet normal 0 0 1
    outer loop
      vertex 19 -18 54
      vertex 19.9197 -0.40187 54
      vertex 19.9 0 54
    endloop
  endfacet
  facet normal 0 0 1
    outer loop
      vertex 19.9197 0.40187 54
      vertex 19 18 54
      vertex 19.9 0 54
    endloop
  endfacet
  facet normal 0 0 1
    outer loop
      vertex 19 -18 54
      vertex 19.9 0 54
      vertex 19 18 54
    endloop
  endfacet
  facet normal 0 0 1
    outer loop
      vertex 19 18 54
      vertex 19.6741 20.2223 54
      vertex 19.4723 19.8856 54
    endloop
  endfacet
  facet normal 0 0 1
    outer loop
      vertex 20.1716 -20.8284 54
      vertex 19 -18 54
      vertex 19.9079 -20.5376 54
    endloop
  endfacet
  facet normal 0 0 1
    outer loop
      vertex 19 18 54
      vertex 19.4723 19.8856 54
      vertex 19.3045 19.5307 54
    endloop
  endfacet
  facet normal 0 0 1
    outer loop
      vertex 19.9079 -20.5376 54
      vertex 19 -18 54
      vertex 19.6741 -20.2223 54
    endloop
  endfacet
  facet normal 0 0 1
    outer loop
      vertex 19 18 54
      vertex 19.3045 19.5307 54
      vertex 19.1722 19.1611 54
    endloop
  endfacet
  facet normal 0 0 1
    outer loop
      vertex 19.6741 -20.2223 54
      vertex 19 -18 54
      vertex 19.4723 -19.8856 54
    endloop
  endfacet
  facet normal 0 0 1
    outer loop
      vertex 19 18 54
      vertex 19.1722 19.1611 54
      vertex 19.0769 18.7803 54
    endloop
  endfacet
  facet normal 0 0 1
    outer loop
      vertex 19.4723 -19.8856 54
      vertex 19 -18 54
      vertex 19.3045 -19.5307 54
    endloop
  endfacet
  facet normal 0 0 1
    outer loop
      vertex 19 18 54
      vertex 19.0769 18.7803 54
      vertex 19.0193 18.3921 54
    endloop
  endfacet
  facet normal 0 0 1
    outer loop
      vertex 19.3045 -19.5307 54
      vertex 19 -18 54
      vertex 19.1722 -19.1611 54
    endloop
  endfacet
  facet normal 0 0 1
    outer loop
      vertex 19.1722 -19.1611 54
      vertex 19 -18 54
      vertex 19.0769 -18.7803 54
    endloop
  endfacet
  facet normal 0 0 1
    outer loop
      vertex 19.0769 -18.7803 54
      vertex 19 -18 54
      vertex 19.0193 -18.3921 54
    endloop
  endfacet
  facet normal -0.970047 -0.242919 0
    outer loop
      vertex 18.2153 -19.4514 52
      vertex 18.0961 -18.9754 53
      vertex 18.0961 -18.9754 52
    endloop
  endfacet
  facet normal -0.970047 -0.242919 0
    outer loop
      vertex 18.0961 -18.9754 53
      vertex 18.2153 -19.4514 52
      vertex 18.2153 -19.4514 53
    endloop
  endfacet
  facet normal -0.686354 0.171877 -0.706666
    outer loop
      vertex 20.0576 18.5853 50
      vertex 18.0961 18.9754 52
      vertex 18.2153 19.4514 52
    endloop
  endfacet
  facet normal 0.514226 0.857655 -0
    outer loop
      vertex 49.7778 22.1573 52
      vertex 49.357 22.4096 53
      vertex 49.7778 22.1573 53
    endloop
  endfacet
  facet normal 0.514226 0.857655 0
    outer loop
      vertex 49.357 22.4096 53
      vertex 49.7778 22.1573 52
      vertex 49.357 22.4096 52
    endloop
  endfacet
  facet normal 0.803362 0.595491 0
    outer loop
      vertex 51.1573 20.7778 53
      vertex 50.8651 21.172 52
      vertex 50.8651 21.172 53
    endloop
  endfacet
  facet normal 0.803362 0.595491 0
    outer loop
      vertex 50.8651 21.172 52
      vertex 51.1573 20.7778 53
      vertex 51.1573 20.7778 52
    endloop
  endfacet
  facet normal 0.686271 -0.172109 -0.70669
    outer loop
      vertex 51.7847 -19.4514 52
      vertex 49.8708 -18.8708 50
      vertex 49.9424 -18.5853 50
    endloop
  endfacet
  facet normal -0.606909 0.363749 0.706646
    outer loop
      vertex 19.6741 20.2223 54
      vertex 18.8427 20.7778 53
      vertex 19.4723 19.8856 54
    endloop
  endfacet
  facet normal 0.363749 -0.606909 0.706646
    outer loop
      vertex 49.2223 -21.3259 54
      vertex 48.8856 -21.5277 54
      vertex 49.7778 -22.1573 53
    endloop
  endfacet
  facet normal -0.639648 -0.302432 0.706672
    outer loop
      vertex 19.3045 -19.5307 54
      vertex 18.5904 -20.357 53
      vertex 19.4723 -19.8856 54
    endloop
  endfacet
  facet normal -0.666155 0.238453 0.706667
    outer loop
      vertex 19.3045 19.5307 54
      vertex 18.2153 19.4514 53
      vertex 19.1722 19.1611 54
    endloop
  endfacet
  facet normal -0.70668 -0.03475 0.70668
    outer loop
      vertex 19 -18 54
      vertex 18 -18 53
      vertex 18.0241 -18.4901 53
    endloop
  endfacet
  facet normal -0.686356 -0.171769 0.70669
    outer loop
      vertex 19.0769 -18.7803 54
      vertex 18.0961 -18.9754 53
      vertex 19.1722 -19.1611 54
    endloop
  endfacet
  facet normal 0.606825 -0.363835 -0.706673
    outer loop
      vertex 51.1573 -20.7778 52
      vertex 49.4944 -19.6667 50
      vertex 51.4096 -20.357 52
    endloop
  endfacet
  facet normal 0.740806 0.671719 0
    outer loop
      vertex 50.8651 21.172 53
      vertex 50.5355 21.5355 52
      vertex 50.5355 21.5355 53
    endloop
  endfacet
  facet normal 0.740806 0.671719 0
    outer loop
      vertex 50.5355 21.5355 52
      vertex 50.8651 21.172 53
      vertex 50.8651 21.172 52
    endloop
  endfacet
  facet normal -0.699886 0.103836 -0.706667
    outer loop
      vertex 20.0576 18.5853 50
      vertex 18.0241 18.4901 52
      vertex 18.0961 18.9754 52
    endloop
  endfacet
  facet normal -0.568399 0.421324 -0.706689
    outer loop
      vertex 20.681 19.9032 50
      vertex 18.8427 20.7778 52
      vertex 19.1349 21.172 52
    endloop
  endfacet
  facet normal -0.686354 -0.171877 -0.706666
    outer loop
      vertex 18.2153 -19.4514 52
      vertex 18.0961 -18.9754 52
      vertex 20.0576 -18.5853 50
    endloop
  endfacet
  facet normal 0.172109 -0.686271 -0.70669
    outer loop
      vertex 48.4514 -22.7847 52
      vertex 47.5853 -20.9424 50
      vertex 47.8708 -20.8708 50
    endloop
  endfacet
  facet normal 0.524218 0.475185 -0.706678
    outer loop
      vertex 49.319 19.9032 50
      vertex 49.1213 20.1213 50
      vertex 50.5355 21.5355 52
    endloop
  endfacet
  facet normal -0.475249 0.524129 0.706702
    outer loop
      vertex 19.828 21.8651 53
      vertex 19.4645 21.5355 53
      vertex 20.4624 21.092 54
    endloop
  endfacet
  facet normal -0.421476 0.568295 -0.706681
    outer loop
      vertex 21.0968 20.319 50
      vertex 20.2221 22.1573 52
      vertex 21.3333 20.4944 50
    endloop
  endfacet
  facet normal -0.0347838 -0.70667 0.706687
    outer loop
      vertex 22.6079 -21.9807 54
      vertex 22.5099 -22.9759 53
      vertex 23 -22 54
    endloop
  endfacet
  facet normal 0.666155 -0.238453 0.706667
    outer loop
      vertex 50.8278 -19.1611 54
      vertex 50.6955 -19.5307 54
      vertex 51.7847 -19.4514 53
    endloop
  endfacet
  facet normal -0.238352 0.666174 -0.706683
    outer loop
      vertex 21.8519 20.7716 50
      vertex 21.0866 22.6194 52
      vertex 21.5486 22.7847 52
    endloop
  endfacet
  facet normal -0.23835 0.666168 0.706689
    outer loop
      vertex 21.5486 22.7847 53
      vertex 21.0866 22.6194 53
      vertex 21.4693 21.6955 54
    endloop
  endfacet
  facet normal -0.17191 0.686342 -0.706669
    outer loop
      vertex 22.4147 20.9424 50
      vertex 21.5486 22.7847 52
      vertex 22.0245 22.9039 52
    endloop
  endfacet
  facet normal -0.524126 0.475282 0.706682
    outer loop
      vertex 20.1716 20.8284 54
      vertex 19.4645 21.5355 53
      vertex 19.9079 20.5376 54
    endloop
  endfacet
  facet normal 0.686356 -0.171769 0.70669
    outer loop
      vertex 50.9231 -18.7803 54
      vertex 50.8278 -19.1611 54
      vertex 51.9039 -18.9754 53
    endloop
  endfacet
  facet normal -0.103813 0.69987 0.706686
    outer loop
      vertex 22.5099 22.9759 53
      vertex 22.0245 22.9039 53
      vertex 22.2196 21.9231 54
    endloop
  endfacet
  facet normal -0.03475 0.70668 0.70668
    outer loop
      vertex 23 23 53
      vertex 22.5099 22.9759 53
      vertex 23 22 54
    endloop
  endfacet
  facet normal 0.421316 -0.568387 0.706703
    outer loop
      vertex 50.172 -21.8651 53
      vertex 49.5376 -21.092 54
      vertex 49.7778 -22.1573 53
    endloop
  endfacet
  facet normal 0.706665 -0.0348525 -0.70669
    outer loop
      vertex 51.9759 -18.4901 52
      vertex 49.9855 -18.294 50
      vertex 50 -18 50
    endloop
  endfacet
  facet normal -0.238453 -0.666155 0.706667
    outer loop
      vertex 21.8389 -21.8278 54
      vertex 21.4693 -21.6955 54
      vertex 21.5486 -22.7847 53
    endloop
  endfacet
  facet normal -0.475185 0.524218 0.706678
    outer loop
      vertex 20.4624 21.092 54
      vertex 19.4645 21.5355 53
      vertex 20.1716 20.8284 54
    endloop
  endfacet
  facet normal 0.524218 0.475185 0.706678
    outer loop
      vertex 50.5355 21.5355 53
      vertex 49.8284 20.8284 54
      vertex 50.092 20.5376 54
    endloop
  endfacet
  facet normal -0.514136 -0.857709 0
    outer loop
      vertex 20.2221 -22.1573 52
      vertex 20.643 -22.4096 53
      vertex 20.2221 -22.1573 53
    endloop
  endfacet
  facet normal -0.514136 -0.857709 -0
    outer loop
      vertex 20.643 -22.4096 53
      vertex 20.2221 -22.1573 52
      vertex 20.643 -22.4096 52
    endloop
  endfacet
  facet normal -0.171812 -0.686346 0.706689
    outer loop
      vertex 22.2196 -21.9231 54
      vertex 21.8389 -21.8278 54
      vertex 22.0245 -22.9039 53
    endloop
  endfacet
  facet normal -0.699867 0.103844 0.706684
    outer loop
      vertex 19.0769 18.7803 54
      vertex 18.0241 18.4901 53
      vertex 19.0193 18.3921 54
    endloop
  endfacet
  facet normal -0.03475 -0.70668 0.70668
    outer loop
      vertex 23 -22 54
      vertex 22.5099 -22.9759 53
      vertex 23 -23 53
    endloop
  endfacet
  facet normal -0.568359 0.421447 0.706647
    outer loop
      vertex 19.9079 20.5376 54
      vertex 18.8427 20.7778 53
      vertex 19.6741 20.2223 54
    endloop
  endfacet
  facet normal 0.70667 0.0347838 0.706687
    outer loop
      vertex 51.9759 18.4901 53
      vertex 50.9807 18.3921 54
      vertex 51 18 54
    endloop
  endfacet
  facet normal 0.475257 0.524139 -0.706689
    outer loop
      vertex 50.5355 21.5355 52
      vertex 48.9032 20.319 50
      vertex 50.172 21.8651 52
    endloop
  endfacet
  facet normal 0.146755 -0.989173 0
    outer loop
      vertex 47.4901 -22.9759 52
      vertex 47.9754 -22.9039 53
      vertex 47.4901 -22.9759 53
    endloop
  endfacet
  facet normal 0.146755 -0.989173 0
    outer loop
      vertex 47.9754 -22.9039 53
      vertex 47.4901 -22.9759 52
      vertex 47.9754 -22.9039 52
    endloop
  endfacet
  facet normal -0.475185 0.524218 -0.706678
    outer loop
      vertex 20.8787 20.1213 50
      vertex 19.4645 21.5355 52
      vertex 21.0968 20.319 50
    endloop
  endfacet
  facet normal -0.03475 -0.70668 -0.70668
    outer loop
      vertex 23 -23 52
      vertex 22.5099 -22.9759 52
      vertex 23 -21 50
    endloop
  endfacet
  facet normal 0.686353 -0.171877 0.706667
    outer loop
      vertex 51.9039 -18.9754 53
      vertex 50.8278 -19.1611 54
      vertex 51.7847 -19.4514 53
    endloop
  endfacet
  facet normal -0.103815 -0.699887 -0.706669
    outer loop
      vertex 22.5099 -22.9759 52
      vertex 22.0245 -22.9039 52
      vertex 22.4147 -20.9424 50
    endloop
  endfacet
  facet normal -0.639612 -0.302504 -0.706674
    outer loop
      vertex 18.5904 -20.357 52
      vertex 18.3806 -19.9134 52
      vertex 20.2283 -19.148 50
    endloop
  endfacet
  facet normal 0.421324 0.568399 -0.706689
    outer loop
      vertex 50.172 21.8651 52
      vertex 48.9032 20.319 50
      vertex 49.7778 22.1573 52
    endloop
  endfacet
  facet normal 0.699886 -0.103836 -0.706667
    outer loop
      vertex 51.9039 -18.9754 52
      vertex 49.9424 -18.5853 50
      vertex 51.9759 -18.4901 52
    endloop
  endfacet
  facet normal 0.639648 -0.302432 0.706672
    outer loop
      vertex 50.6955 -19.5307 54
      vertex 50.5277 -19.8856 54
      vertex 51.4096 -20.357 53
    endloop
  endfacet
  facet normal -0.606826 -0.363836 0.706672
    outer loop
      vertex 19.4723 -19.8856 54
      vertex 18.5904 -20.357 53
      vertex 18.8427 -20.7778 53
    endloop
  endfacet
  facet normal -0.524218 -0.475185 -0.706678
    outer loop
      vertex 20.8787 -20.1213 50
      vertex 19.4645 -21.5355 52
      vertex 20.681 -19.9032 50
    endloop
  endfacet
  facet normal -0.475185 -0.524218 -0.706678
    outer loop
      vertex 21.0968 -20.319 50
      vertex 19.4645 -21.5355 52
      vertex 20.8787 -20.1213 50
    endloop
  endfacet
  facet normal -0.475249 -0.524129 0.706702
    outer loop
      vertex 20.4624 -21.092 54
      vertex 19.4645 -21.5355 53
      vertex 19.828 -21.8651 53
    endloop
  endfacet
  facet normal -0.595588 -0.80329 0
    outer loop
      vertex 19.828 -21.8651 52
      vertex 20.2221 -22.1573 53
      vertex 19.828 -21.8651 53
    endloop
  endfacet
  facet normal -0.595588 -0.80329 -0
    outer loop
      vertex 20.2221 -22.1573 53
      vertex 19.828 -21.8651 52
      vertex 20.2221 -22.1573 52
    endloop
  endfacet
  facet normal 0.803362 -0.595491 0
    outer loop
      vertex 50.8651 -21.172 53
      vertex 51.1573 -20.7778 52
      vertex 51.1573 -20.7778 53
    endloop
  endfacet
  facet normal 0.803362 -0.595491 0
    outer loop
      vertex 51.1573 -20.7778 52
      vertex 50.8651 -21.172 53
      vertex 50.8651 -21.172 52
    endloop
  endfacet
  facet normal 0.242919 -0.970047 0
    outer loop
      vertex 47.9754 -22.9039 52
      vertex 48.4514 -22.7847 53
      vertex 47.9754 -22.9039 53
    endloop
  endfacet
  facet normal 0.242919 -0.970047 0
    outer loop
      vertex 48.4514 -22.7847 53
      vertex 47.9754 -22.9039 52
      vertex 48.4514 -22.7847 52
    endloop
  endfacet
  facet normal 0.514226 -0.857655 0
    outer loop
      vertex 49.357 -22.4096 52
      vertex 49.7778 -22.1573 53
      vertex 49.357 -22.4096 53
    endloop
  endfacet
  facet normal 0.514226 -0.857655 0
    outer loop
      vertex 49.7778 -22.1573 53
      vertex 49.357 -22.4096 52
      vertex 49.7778 -22.1573 52
    endloop
  endfacet
  facet normal -0.639598 0.302497 0.70669
    outer loop
      vertex 18.5904 20.357 53
      vertex 18.3806 19.9134 53
      vertex 19.3045 19.5307 54
    endloop
  endfacet
  facet normal 0.171769 -0.686356 0.70669
    outer loop
      vertex 48.1611 -21.8278 54
      vertex 47.7803 -21.9231 54
      vertex 47.9754 -22.9039 53
    endloop
  endfacet
  facet normal -0.70667 -0.0347838 0.706687
    outer loop
      vertex 19 -18 54
      vertex 18.0241 -18.4901 53
      vertex 19.0193 -18.3921 54
    endloop
  endfacet
  facet normal -0.699888 0.103794 -0.706671
    outer loop
      vertex 20.0144 18.294 50
      vertex 18.0241 18.4901 52
      vertex 20.0576 18.5853 50
    endloop
  endfacet
  facet normal -0.666155 -0.238453 0.706667
    outer loop
      vertex 19.1722 -19.1611 54
      vertex 18.2153 -19.4514 53
      vertex 19.3045 -19.5307 54
    endloop
  endfacet
  facet normal 0.172109 0.686271 -0.70669
    outer loop
      vertex 47.8708 20.8708 50
      vertex 47.5853 20.9424 50
      vertex 48.4514 22.7847 52
    endloop
  endfacet
  facet normal 0.242919 0.970047 -0
    outer loop
      vertex 48.4514 22.7847 52
      vertex 47.9754 22.9039 53
      vertex 48.4514 22.7847 53
    endloop
  endfacet
  facet normal 0.242919 0.970047 0
    outer loop
      vertex 47.9754 22.9039 53
      vertex 48.4514 22.7847 52
      vertex 47.9754 22.9039 52
    endloop
  endfacet
  facet normal 0.03475 0.70668 0.70668
    outer loop
      vertex 47 23 53
      vertex 47 22 54
      vertex 47.4901 22.9759 53
    endloop
  endfacet
  facet normal 0.0347838 0.70667 0.706687
    outer loop
      vertex 47.4901 22.9759 53
      vertex 47 22 54
      vertex 47.3921 21.9807 54
    endloop
  endfacet
  facet normal -0.903995 -0.427543 0
    outer loop
      vertex 18.5904 -20.357 52
      vertex 18.3806 -19.9134 53
      vertex 18.3806 -19.9134 52
    endloop
  endfacet
  facet normal -0.903995 -0.427543 0
    outer loop
      vertex 18.3806 -19.9134 53
      vertex 18.5904 -20.357 52
      vertex 18.5904 -20.357 53
    endloop
  endfacet
  facet normal -0.998793 -0.0491143 0
    outer loop
      vertex 18.0241 -18.4901 52
      vertex 18 -18 53
      vertex 18 -18 52
    endloop
  endfacet
  facet normal -0.998793 -0.0491143 0
    outer loop
      vertex 18 -18 53
      vertex 18.0241 -18.4901 52
      vertex 18.0241 -18.4901 53
    endloop
  endfacet
  facet normal -0.427543 -0.903995 0
    outer loop
      vertex 20.643 -22.4096 52
      vertex 21.0866 -22.6194 53
      vertex 20.643 -22.4096 53
    endloop
  endfacet
  facet normal -0.427543 -0.903995 -0
    outer loop
      vertex 21.0866 -22.6194 53
      vertex 20.643 -22.4096 52
      vertex 21.0866 -22.6194 52
    endloop
  endfacet
  facet normal -0.568359 -0.421447 0.706647
    outer loop
      vertex 19.6741 -20.2223 54
      vertex 18.8427 -20.7778 53
      vertex 19.9079 -20.5376 54
    endloop
  endfacet
  facet normal 0.568304 0.421482 -0.706671
    outer loop
      vertex 49.4944 19.6667 50
      vertex 49.319 19.9032 50
      vertex 51.1573 20.7778 52
    endloop
  endfacet
  facet normal 0.606818 0.36385 -0.706672
    outer loop
      vertex 49.6458 19.4142 50
      vertex 49.4944 19.6667 50
      vertex 51.4096 20.357 52
    endloop
  endfacet
  facet normal -0.686353 0.171877 0.706667
    outer loop
      vertex 18.2153 19.4514 53
      vertex 18.0961 18.9754 53
      vertex 19.1722 19.1611 54
    endloop
  endfacet
  facet normal 0.568387 -0.421316 0.706703
    outer loop
      vertex 51.1573 -20.7778 53
      vertex 50.092 -20.5376 54
      vertex 50.8651 -21.172 53
    endloop
  endfacet
  facet normal -0.671719 0.740806 0
    outer loop
      vertex 19.828 21.8651 52
      vertex 19.4645 21.5355 53
      vertex 19.828 21.8651 53
    endloop
  endfacet
  facet normal -0.671719 0.740806 0
    outer loop
      vertex 19.4645 21.5355 53
      vertex 19.828 21.8651 52
      vertex 19.4645 21.5355 52
    endloop
  endfacet
  facet normal -0.475257 0.524139 -0.706689
    outer loop
      vertex 21.0968 20.319 50
      vertex 19.4645 21.5355 52
      vertex 19.828 21.8651 52
    endloop
  endfacet
  facet normal -0.3025 0.639605 -0.706682
    outer loop
      vertex 21.8519 20.7716 50
      vertex 20.643 22.4096 52
      vertex 21.0866 22.6194 52
    endloop
  endfacet
  facet normal -0.524139 0.475257 -0.706689
    outer loop
      vertex 20.681 19.9032 50
      vertex 19.1349 21.172 52
      vertex 19.4645 21.5355 52
    endloop
  endfacet
  facet normal -0.740806 0.671719 0
    outer loop
      vertex 19.1349 21.172 52
      vertex 19.4645 21.5355 53
      vertex 19.4645 21.5355 52
    endloop
  endfacet
  facet normal -0.740806 0.671719 0
    outer loop
      vertex 19.4645 21.5355 53
      vertex 19.1349 21.172 52
      vertex 19.1349 21.172 53
    endloop
  endfacet
  facet normal -0.171812 0.686346 0.706689
    outer loop
      vertex 22.0245 22.9039 53
      vertex 21.8389 21.8278 54
      vertex 22.2196 21.9231 54
    endloop
  endfacet
  facet normal -0.699866 0.103833 0.706687
    outer loop
      vertex 18.0961 18.9754 53
      vertex 18.0241 18.4901 53
      vertex 19.0769 18.7803 54
    endloop
  endfacet
  facet normal 0.639598 -0.302497 0.70669
    outer loop
      vertex 51.6194 -19.9134 53
      vertex 50.6955 -19.5307 54
      vertex 51.4096 -20.357 53
    endloop
  endfacet
  facet normal 0.941548 -0.336879 0
    outer loop
      vertex 51.6194 -19.9134 53
      vertex 51.7847 -19.4514 52
      vertex 51.7847 -19.4514 53
    endloop
  endfacet
  facet normal 0.941548 -0.336879 0
    outer loop
      vertex 51.7847 -19.4514 52
      vertex 51.6194 -19.9134 53
      vertex 51.6194 -19.9134 52
    endloop
  endfacet
  facet normal 0.0348525 -0.706665 -0.70669
    outer loop
      vertex 47.4901 -22.9759 52
      vertex 47 -21 50
      vertex 47.294 -20.9855 50
    endloop
  endfacet
  facet normal -0.363768 0.606857 -0.706681
    outer loop
      vertex 21.3333 20.4944 50
      vertex 20.2221 22.1573 52
      vertex 20.643 22.4096 52
    endloop
  endfacet
  facet normal -0.238396 0.666163 -0.706679
    outer loop
      vertex 21.8519 20.7716 50
      vertex 21.5486 22.7847 52
      vertex 22.1291 20.8708 50
    endloop
  endfacet
  facet normal -0.172053 0.686291 -0.706684
    outer loop
      vertex 22.1291 20.8708 50
      vertex 21.5486 22.7847 52
      vertex 22.4147 20.9424 50
    endloop
  endfacet
  facet normal -0.17191 0.686344 0.706668
    outer loop
      vertex 22.0245 22.9039 53
      vertex 21.5486 22.7847 53
      vertex 21.8389 21.8278 54
    endloop
  endfacet
  facet normal -0.0491143 0.998793 0
    outer loop
      vertex 23 23 52
      vertex 22.5099 22.9759 53
      vertex 23 23 53
    endloop
  endfacet
  facet normal -0.0491143 0.998793 0
    outer loop
      vertex 22.5099 22.9759 53
      vertex 23 23 52
      vertex 22.5099 22.9759 52
    endloop
  endfacet
  facet normal -0.146726 0.989177 0
    outer loop
      vertex 22.5099 22.9759 52
      vertex 22.0245 22.9039 53
      vertex 22.5099 22.9759 53
    endloop
  endfacet
  facet normal -0.146726 0.989177 0
    outer loop
      vertex 22.0245 22.9039 53
      vertex 22.5099 22.9759 52
      vertex 22.0245 22.9039 52
    endloop
  endfacet
  facet normal -0.699888 -0.103794 -0.706671
    outer loop
      vertex 20.0576 -18.5853 50
      vertex 18.0241 -18.4901 52
      vertex 20.0144 -18.294 50
    endloop
  endfacet
  facet normal 0.666157 -0.238394 -0.706685
    outer loop
      vertex 51.7847 -19.4514 52
      vertex 49.7716 -19.148 50
      vertex 49.8708 -18.8708 50
    endloop
  endfacet
  facet normal -0.524126 -0.475282 0.706682
    outer loop
      vertex 19.9079 -20.5376 54
      vertex 19.4645 -21.5355 53
      vertex 20.1716 -20.8284 54
    endloop
  endfacet
  facet normal -0.103818 -0.69987 0.706685
    outer loop
      vertex 22.6079 -21.9807 54
      vertex 22.2196 -21.9231 54
      vertex 22.5099 -22.9759 53
    endloop
  endfacet
  facet normal 0.699867 0.103844 0.706684
    outer loop
      vertex 51.9759 18.4901 53
      vertex 50.9231 18.7803 54
      vertex 50.9807 18.3921 54
    endloop
  endfacet
  facet normal -0.302432 0.639648 0.706672
    outer loop
      vertex 21.4693 21.6955 54
      vertex 20.643 22.4096 53
      vertex 21.1144 21.5277 54
    endloop
  endfacet
  facet normal 0.699866 0.103833 0.706687
    outer loop
      vertex 51.9039 18.9754 53
      vertex 50.9231 18.7803 54
      vertex 51.9759 18.4901 53
    endloop
  endfacet
  facet normal -0.3025 -0.639605 -0.706682
    outer loop
      vertex 21.0866 -22.6194 52
      vertex 20.643 -22.4096 52
      vertex 21.8519 -20.7716 50
    endloop
  endfacet
  facet normal -0.666168 0.23835 0.706689
    outer loop
      vertex 18.3806 19.9134 53
      vertex 18.2153 19.4514 53
      vertex 19.3045 19.5307 54
    endloop
  endfacet
  facet normal 0.699866 -0.103833 0.706687
    outer loop
      vertex 51.9759 -18.4901 53
      vertex 50.9231 -18.7803 54
      vertex 51.9039 -18.9754 53
    endloop
  endfacet
  facet normal -0.568304 0.421482 -0.706671
    outer loop
      vertex 20.5056 19.6667 50
      vertex 18.8427 20.7778 52
      vertex 20.681 19.9032 50
    endloop
  endfacet
  facet normal 0.686354 -0.171877 -0.706666
    outer loop
      vertex 51.7847 -19.4514 52
      vertex 49.9424 -18.5853 50
      vertex 51.9039 -18.9754 52
    endloop
  endfacet
  facet normal 0.857655 0.514226 0
    outer loop
      vertex 51.4096 20.357 53
      vertex 51.1573 20.7778 52
      vertex 51.1573 20.7778 53
    endloop
  endfacet
  facet normal 0.857655 0.514226 0
    outer loop
      vertex 51.1573 20.7778 52
      vertex 51.4096 20.357 53
      vertex 51.4096 20.357 52
    endloop
  endfacet
  facet normal 0.363835 -0.606825 -0.706673
    outer loop
      vertex 49.357 -22.4096 52
      vertex 48.6667 -20.4944 50
      vertex 49.7778 -22.1573 52
    endloop
  endfacet
  facet normal 0.666168 0.23835 -0.706689
    outer loop
      vertex 51.7847 19.4514 52
      vertex 49.7716 19.148 50
      vertex 51.6194 19.9134 52
    endloop
  endfacet
  facet normal 0.639598 0.302497 -0.70669
    outer loop
      vertex 51.6194 19.9134 52
      vertex 49.7716 19.148 50
      vertex 51.4096 20.357 52
    endloop
  endfacet
  facet normal 0.699886 0.103836 -0.706667
    outer loop
      vertex 51.9759 18.4901 52
      vertex 49.9424 18.5853 50
      vertex 51.9039 18.9754 52
    endloop
  endfacet
  facet normal 0.686354 0.171877 -0.706666
    outer loop
      vertex 51.9039 18.9754 52
      vertex 49.9424 18.5853 50
      vertex 51.7847 19.4514 52
    endloop
  endfacet
  facet normal 0.70668 -0.03475 -0.70668
    outer loop
      vertex 51.9759 -18.4901 52
      vertex 50 -18 50
      vertex 52 -18 52
    endloop
  endfacet
  facet normal 0.989173 -0.146755 0
    outer loop
      vertex 51.9039 -18.9754 53
      vertex 51.9759 -18.4901 52
      vertex 51.9759 -18.4901 53
    endloop
  endfacet
  facet normal 0.989173 -0.146755 0
    outer loop
      vertex 51.9759 -18.4901 52
      vertex 51.9039 -18.9754 53
      vertex 51.9039 -18.9754 52
    endloop
  endfacet
  facet normal -0.524218 0.475185 -0.706678
    outer loop
      vertex 20.681 19.9032 50
      vertex 19.4645 21.5355 52
      vertex 20.8787 20.1213 50
    endloop
  endfacet
  facet normal 0.238453 -0.666155 0.706667
    outer loop
      vertex 48.5307 -21.6955 54
      vertex 48.1611 -21.8278 54
      vertex 48.4514 -22.7847 53
    endloop
  endfacet
  facet normal 0.666168 -0.23835 0.706689
    outer loop
      vertex 51.7847 -19.4514 53
      vertex 50.6955 -19.5307 54
      vertex 51.6194 -19.9134 53
    endloop
  endfacet
  facet normal -0.524148 -0.475266 0.706676
    outer loop
      vertex 19.9079 -20.5376 54
      vertex 19.1349 -21.172 53
      vertex 19.4645 -21.5355 53
    endloop
  endfacet
  facet normal -0.740806 -0.671719 0
    outer loop
      vertex 19.4645 -21.5355 52
      vertex 19.1349 -21.172 53
      vertex 19.1349 -21.172 52
    endloop
  endfacet
  facet normal -0.740806 -0.671719 0
    outer loop
      vertex 19.1349 -21.172 53
      vertex 19.4645 -21.5355 52
      vertex 19.4645 -21.5355 53
    endloop
  endfacet
  facet normal -0.606825 0.363835 -0.706673
    outer loop
      vertex 20.5056 19.6667 50
      vertex 18.5904 20.357 52
      vertex 18.8427 20.7778 52
    endloop
  endfacet
  facet normal -0.606818 0.36385 -0.706672
    outer loop
      vertex 20.3542 19.4142 50
      vertex 18.5904 20.357 52
      vertex 20.5056 19.6667 50
    endloop
  endfacet
  facet normal 0.686271 0.172109 -0.70669
    outer loop
      vertex 49.9424 18.5853 50
      vertex 49.8708 18.8708 50
      vertex 51.7847 19.4514 52
    endloop
  endfacet
  facet normal 0.336879 -0.941548 0
    outer loop
      vertex 48.4514 -22.7847 52
      vertex 48.9134 -22.6194 53
      vertex 48.4514 -22.7847 53
    endloop
  endfacet
  facet normal 0.336879 -0.941548 0
    outer loop
      vertex 48.9134 -22.6194 53
      vertex 48.4514 -22.7847 52
      vertex 48.9134 -22.6194 52
    endloop
  endfacet
  facet normal 0.103844 -0.699867 0.706684
    outer loop
      vertex 47.7803 -21.9231 54
      vertex 47.3921 -21.9807 54
      vertex 47.4901 -22.9759 53
    endloop
  endfacet
  facet normal 0.103833 -0.699866 0.706687
    outer loop
      vertex 47.7803 -21.9231 54
      vertex 47.4901 -22.9759 53
      vertex 47.9754 -22.9039 53
    endloop
  endfacet
  facet normal 0.302432 -0.639648 0.706672
    outer loop
      vertex 48.8856 -21.5277 54
      vertex 48.5307 -21.6955 54
      vertex 49.357 -22.4096 53
    endloop
  endfacet
  facet normal -0.363772 0.606863 0.706674
    outer loop
      vertex 20.643 22.4096 53
      vertex 20.2221 22.1573 53
      vertex 21.1144 21.5277 54
    endloop
  endfacet
  facet normal 0.23835 0.666168 -0.706689
    outer loop
      vertex 48.9134 22.6194 52
      vertex 48.148 20.7716 50
      vertex 48.4514 22.7847 52
    endloop
  endfacet
  facet normal -0.666168 -0.23835 0.706689
    outer loop
      vertex 19.3045 -19.5307 54
      vertex 18.2153 -19.4514 53
      vertex 18.3806 -19.9134 53
    endloop
  endfacet
  facet normal -0.639598 -0.302497 0.70669
    outer loop
      vertex 19.3045 -19.5307 54
      vertex 18.3806 -19.9134 53
      vertex 18.5904 -20.357 53
    endloop
  endfacet
  facet normal 0.238394 -0.666157 -0.706685
    outer loop
      vertex 48.4514 -22.7847 52
      vertex 47.8708 -20.8708 50
      vertex 48.148 -20.7716 50
    endloop
  endfacet
  facet normal 0.302497 -0.639598 0.70669
    outer loop
      vertex 49.357 -22.4096 53
      vertex 48.5307 -21.6955 54
      vertex 48.9134 -22.6194 53
    endloop
  endfacet
  facet normal -0.514136 0.857709 0
    outer loop
      vertex 20.643 22.4096 52
      vertex 20.2221 22.1573 53
      vertex 20.643 22.4096 53
    endloop
  endfacet
  facet normal -0.514136 0.857709 0
    outer loop
      vertex 20.2221 22.1573 53
      vertex 20.643 22.4096 52
      vertex 20.2221 22.1573 52
    endloop
  endfacet
  facet normal -0.475185 -0.524218 0.706678
    outer loop
      vertex 20.1716 -20.8284 54
      vertex 19.4645 -21.5355 53
      vertex 20.4624 -21.092 54
    endloop
  endfacet
  facet normal 0.606825 0.363835 -0.706673
    outer loop
      vertex 51.4096 20.357 52
      vertex 49.4944 19.6667 50
      vertex 51.1573 20.7778 52
    endloop
  endfacet
  facet normal 0.998793 -0.0491143 0
    outer loop
      vertex 51.9759 -18.4901 53
      vertex 52 -18 52
      vertex 52 -18 53
    endloop
  endfacet
  facet normal 0.998793 -0.0491143 0
    outer loop
      vertex 52 -18 52
      vertex 51.9759 -18.4901 53
      vertex 51.9759 -18.4901 52
    endloop
  endfacet
  facet normal -0.302497 -0.639598 0.70669
    outer loop
      vertex 21.4693 -21.6955 54
      vertex 20.643 -22.4096 53
      vertex 21.0866 -22.6194 53
    endloop
  endfacet
  facet normal 0.524218 -0.475185 0.706678
    outer loop
      vertex 50.092 -20.5376 54
      vertex 49.8284 -20.8284 54
      vertex 50.5355 -21.5355 53
    endloop
  endfacet
  facet normal 0.606818 -0.36385 -0.706672
    outer loop
      vertex 51.4096 -20.357 52
      vertex 49.4944 -19.6667 50
      vertex 49.6458 -19.4142 50
    endloop
  endfacet
  facet normal 0.524129 -0.475249 0.706702
    outer loop
      vertex 50.8651 -21.172 53
      vertex 50.092 -20.5376 54
      vertex 50.5355 -21.5355 53
    endloop
  endfacet
  facet normal 0.568399 -0.421324 -0.706689
    outer loop
      vertex 50.8651 -21.172 52
      vertex 49.319 -19.9032 50
      vertex 51.1573 -20.7778 52
    endloop
  endfacet
  facet normal 0.666155 0.238453 0.706667
    outer loop
      vertex 51.7847 19.4514 53
      vertex 50.6955 19.5307 54
      vertex 50.8278 19.1611 54
    endloop
  endfacet
  facet normal -0.363739 0.606893 0.706664
    outer loop
      vertex 21.1144 21.5277 54
      vertex 20.2221 22.1573 53
      vertex 20.7777 21.3259 54
    endloop
  endfacet
  facet normal -0.336879 -0.941548 0
    outer loop
      vertex 21.0866 -22.6194 52
      vertex 21.5486 -22.7847 53
      vertex 21.0866 -22.6194 53
    endloop
  endfacet
  facet normal -0.336879 -0.941548 -0
    outer loop
      vertex 21.5486 -22.7847 53
      vertex 21.0866 -22.6194 52
      vertex 21.5486 -22.7847 52
    endloop
  endfacet
  facet normal 0.36385 -0.606818 -0.706672
    outer loop
      vertex 49.357 -22.4096 52
      vertex 48.4142 -20.6458 50
      vertex 48.6667 -20.4944 50
    endloop
  endfacet
  facet normal -0.639611 0.302506 -0.706674
    outer loop
      vertex 20.2283 19.148 50
      vertex 18.5904 20.357 52
      vertex 20.3542 19.4142 50
    endloop
  endfacet
  facet normal 0.171877 -0.686354 -0.706666
    outer loop
      vertex 47.9754 -22.9039 52
      vertex 47.5853 -20.9424 50
      vertex 48.4514 -22.7847 52
    endloop
  endfacet
  facet normal 0.103836 -0.699886 -0.706667
    outer loop
      vertex 47.9754 -22.9039 52
      vertex 47.4901 -22.9759 52
      vertex 47.5853 -20.9424 50
    endloop
  endfacet
  facet normal 0.706665 0.0348525 -0.70669
    outer loop
      vertex 50 18 50
      vertex 49.9855 18.294 50
      vertex 51.9759 18.4901 52
    endloop
  endfacet
  facet normal -0.686271 -0.172109 -0.70669
    outer loop
      vertex 20.1292 -18.8708 50
      vertex 18.2153 -19.4514 52
      vertex 20.0576 -18.5853 50
    endloop
  endfacet
  facet normal 0.421566 0.568275 0.706644
    outer loop
      vertex 49.7778 22.1573 53
      vertex 49.2223 21.3259 54
      vertex 49.5376 21.092 54
    endloop
  endfacet
  facet normal 0.302497 -0.639598 -0.70669
    outer loop
      vertex 48.9134 -22.6194 52
      vertex 48.148 -20.7716 50
      vertex 49.357 -22.4096 52
    endloop
  endfacet
  facet normal 0.171877 -0.686353 0.706667
    outer loop
      vertex 48.1611 -21.8278 54
      vertex 47.9754 -22.9039 53
      vertex 48.4514 -22.7847 53
    endloop
  endfacet
  facet normal -0.639648 0.302432 0.706672
    outer loop
      vertex 19.4723 19.8856 54
      vertex 18.5904 20.357 53
      vertex 19.3045 19.5307 54
    endloop
  endfacet
  facet normal 0.336879 0.941548 -0
    outer loop
      vertex 48.9134 22.6194 52
      vertex 48.4514 22.7847 53
      vertex 48.9134 22.6194 53
    endloop
  endfacet
  facet normal 0.336879 0.941548 0
    outer loop
      vertex 48.4514 22.7847 53
      vertex 48.9134 22.6194 52
      vertex 48.4514 22.7847 52
    endloop
  endfacet
  facet normal 0.171769 0.686356 0.70669
    outer loop
      vertex 47.9754 22.9039 53
      vertex 47.7803 21.9231 54
      vertex 48.1611 21.8278 54
    endloop
  endfacet
  facet normal 0.171877 0.686354 -0.706666
    outer loop
      vertex 48.4514 22.7847 52
      vertex 47.5853 20.9424 50
      vertex 47.9754 22.9039 52
    endloop
  endfacet
  facet normal 0.103836 0.699886 -0.706667
    outer loop
      vertex 47.5853 20.9424 50
      vertex 47.4901 22.9759 52
      vertex 47.9754 22.9039 52
    endloop
  endfacet
  facet normal -0.686353 -0.171877 0.706667
    outer loop
      vertex 19.1722 -19.1611 54
      vertex 18.0961 -18.9754 53
      vertex 18.2153 -19.4514 53
    endloop
  endfacet
  facet normal 0.475185 -0.524218 -0.706678
    outer loop
      vertex 50.5355 -21.5355 52
      vertex 48.9032 -20.319 50
      vertex 49.1213 -20.1213 50
    endloop
  endfacet
  facet normal 0.6999 -0.103555 -0.706694
    outer loop
      vertex 51.9759 -18.4901 52
      vertex 49.9424 -18.5853 50
      vertex 49.9855 -18.294 50
    endloop
  endfacet
  facet normal 0.524129 0.475249 0.706702
    outer loop
      vertex 50.5355 21.5355 53
      vertex 50.092 20.5376 54
      vertex 50.8651 21.172 53
    endloop
  endfacet
  facet normal 0.475185 -0.524218 0.706678
    outer loop
      vertex 49.8284 -20.8284 54
      vertex 49.5376 -21.092 54
      vertex 50.5355 -21.5355 53
    endloop
  endfacet
  facet normal -0.23835 -0.666168 0.706689
    outer loop
      vertex 21.4693 -21.6955 54
      vertex 21.0866 -22.6194 53
      vertex 21.5486 -22.7847 53
    endloop
  endfacet
  facet normal 0.595491 -0.803362 0
    outer loop
      vertex 49.7778 -22.1573 52
      vertex 50.172 -21.8651 53
      vertex 49.7778 -22.1573 53
    endloop
  endfacet
  facet normal 0.595491 -0.803362 0
    outer loop
      vertex 50.172 -21.8651 53
      vertex 49.7778 -22.1573 52
      vertex 50.172 -21.8651 52
    endloop
  endfacet
  facet normal 0.671719 -0.740806 0
    outer loop
      vertex 50.172 -21.8651 52
      vertex 50.5355 -21.5355 53
      vertex 50.172 -21.8651 53
    endloop
  endfacet
  facet normal 0.671719 -0.740806 0
    outer loop
      vertex 50.5355 -21.5355 53
      vertex 50.172 -21.8651 52
      vertex 50.5355 -21.5355 52
    endloop
  endfacet
  facet normal 0.639709 -0.302312 -0.706669
    outer loop
      vertex 51.4096 -20.357 52
      vertex 49.6458 -19.4142 50
      vertex 49.7716 -19.148 50
    endloop
  endfacet
  facet normal 0.639598 -0.302497 -0.70669
    outer loop
      vertex 51.4096 -20.357 52
      vertex 49.7716 -19.148 50
      vertex 51.6194 -19.9134 52
    endloop
  endfacet
  facet normal 0.606909 -0.363749 0.706646
    outer loop
      vertex 50.5277 -19.8856 54
      vertex 50.3259 -20.2223 54
      vertex 51.1573 -20.7778 53
    endloop
  endfacet
  facet normal 0.568275 -0.421566 0.706644
    outer loop
      vertex 50.3259 -20.2223 54
      vertex 50.092 -20.5376 54
      vertex 51.1573 -20.7778 53
    endloop
  endfacet
  facet normal 0.740806 -0.671719 0
    outer loop
      vertex 50.5355 -21.5355 53
      vertex 50.8651 -21.172 52
      vertex 50.8651 -21.172 53
    endloop
  endfacet
  facet normal 0.740806 -0.671719 0
    outer loop
      vertex 50.8651 -21.172 52
      vertex 50.5355 -21.5355 53
      vertex 50.5355 -21.5355 52
    endloop
  endfacet
  facet normal 0.524139 -0.475257 -0.706689
    outer loop
      vertex 50.5355 -21.5355 52
      vertex 49.319 -19.9032 50
      vertex 50.8651 -21.172 52
    endloop
  endfacet
  facet normal 0.363836 0.606826 0.706672
    outer loop
      vertex 49.357 22.4096 53
      vertex 48.8856 21.5277 54
      vertex 49.7778 22.1573 53
    endloop
  endfacet
  facet normal 0.302312 -0.639709 -0.706669
    outer loop
      vertex 49.357 -22.4096 52
      vertex 48.148 -20.7716 50
      vertex 48.4142 -20.6458 50
    endloop
  endfacet
  facet normal 0.103555 -0.6999 -0.706694
    outer loop
      vertex 47.4901 -22.9759 52
      vertex 47.294 -20.9855 50
      vertex 47.5853 -20.9424 50
    endloop
  endfacet
  facet normal 0.427543 0.903995 -0
    outer loop
      vertex 49.357 22.4096 52
      vertex 48.9134 22.6194 53
      vertex 49.357 22.4096 53
    endloop
  endfacet
  facet normal 0.427543 0.903995 0
    outer loop
      vertex 48.9134 22.6194 53
      vertex 49.357 22.4096 52
      vertex 48.9134 22.6194 52
    endloop
  endfacet
  facet normal 0.302497 0.639598 -0.70669
    outer loop
      vertex 49.357 22.4096 52
      vertex 48.148 20.7716 50
      vertex 48.9134 22.6194 52
    endloop
  endfacet
  facet normal 0.568275 0.421566 0.706644
    outer loop
      vertex 51.1573 20.7778 53
      vertex 50.092 20.5376 54
      vertex 50.3259 20.2223 54
    endloop
  endfacet
  facet normal 0.302497 0.639598 0.70669
    outer loop
      vertex 48.9134 22.6194 53
      vertex 48.5307 21.6955 54
      vertex 49.357 22.4096 53
    endloop
  endfacet
  facet normal 0.302432 0.639648 0.706672
    outer loop
      vertex 49.357 22.4096 53
      vertex 48.5307 21.6955 54
      vertex 48.8856 21.5277 54
    endloop
  endfacet
  facet normal 0.475185 0.524218 0.706678
    outer loop
      vertex 50.5355 21.5355 53
      vertex 49.5376 21.092 54
      vertex 49.8284 20.8284 54
    endloop
  endfacet
  facet normal 0.238453 0.666155 0.706667
    outer loop
      vertex 48.4514 22.7847 53
      vertex 48.1611 21.8278 54
      vertex 48.5307 21.6955 54
    endloop
  endfacet
  facet normal 0.421316 0.568387 0.706703
    outer loop
      vertex 49.7778 22.1573 53
      vertex 49.5376 21.092 54
      vertex 50.172 21.8651 53
    endloop
  endfacet
  facet normal 0.475249 0.524129 0.706702
    outer loop
      vertex 50.172 21.8651 53
      vertex 49.5376 21.092 54
      vertex 50.5355 21.5355 53
    endloop
  endfacet
  facet normal 0.363749 0.606909 0.706646
    outer loop
      vertex 49.7778 22.1573 53
      vertex 48.8856 21.5277 54
      vertex 49.2223 21.3259 54
    endloop
  endfacet
  facet normal 0.23835 0.666168 0.706689
    outer loop
      vertex 48.9134 22.6194 53
      vertex 48.4514 22.7847 53
      vertex 48.5307 21.6955 54
    endloop
  endfacet
  facet normal 0.171877 0.686353 0.706667
    outer loop
      vertex 48.4514 22.7847 53
      vertex 47.9754 22.9039 53
      vertex 48.1611 21.8278 54
    endloop
  endfacet
  facet normal 0.103833 0.699866 0.706687
    outer loop
      vertex 47.9754 22.9039 53
      vertex 47.4901 22.9759 53
      vertex 47.7803 21.9231 54
    endloop
  endfacet
  facet normal 0.103844 0.699867 0.706684
    outer loop
      vertex 47.4901 22.9759 53
      vertex 47.3921 21.9807 54
      vertex 47.7803 21.9231 54
    endloop
  endfacet
  facet normal 0 -1 0
    outer loop
      vertex 43.8686 -15 8.13137
      vertex 39.375 -15 19.5
      vertex 32.5 -15 12.625
    endloop
  endfacet
  facet normal 0 -1 0
    outer loop
      vertex 39.375 -15 19.5
      vertex 45 -15 9.24011
      vertex 50.625 -15 19.5
    endloop
  endfacet
  facet normal 0 -1 0
    outer loop
      vertex 46.1314 -15 8.13137
      vertex 50.625 -15 19.5
      vertex 45 -15 9.24011
    endloop
  endfacet
  facet normal 0 -1 0
    outer loop
      vertex 39.375 -15 19.5
      vertex 43.8686 -15 8.13137
      vertex 45 -15 9.24011
    endloop
  endfacet
  facet normal 0 -1 0
    outer loop
      vertex 32.5 -15 12.625
      vertex 43.6696 -15 7.88891
      vertex 43.8686 -15 8.13137
    endloop
  endfacet
  facet normal 0 -1 0
    outer loop
      vertex 32.5 -15 12.625
      vertex 43.5218 -15 7.61229
      vertex 43.6696 -15 7.88891
    endloop
  endfacet
  facet normal 0 -1 0
    outer loop
      vertex 32.5 -15 12.625
      vertex 43.4307 -15 7.31214
      vertex 43.5218 -15 7.61229
    endloop
  endfacet
  facet normal 0 -1 0
    outer loop
      vertex 32.5 -15 12.625
      vertex 43.4 -15 7
      vertex 43.4307 -15 7.31214
    endloop
  endfacet
  facet normal 0 -1 0
    outer loop
      vertex 32.5 -15 0
      vertex 43.4 -15 7
      vertex 32.5 -15 12.625
    endloop
  endfacet
  facet normal 0 -1 -0
    outer loop
      vertex 43.4 -15 7
      vertex 32.5 -15 0
      vertex 43.4307 -15 6.68786
    endloop
  endfacet
  facet normal 0 -1 -0
    outer loop
      vertex 43.4307 -15 6.68786
      vertex 32.5 -15 0
      vertex 43.5218 -15 6.38771
    endloop
  endfacet
  facet normal 0 -1 -0
    outer loop
      vertex 43.5218 -15 6.38771
      vertex 32.5 -15 0
      vertex 43.6696 -15 6.11109
    endloop
  endfacet
  facet normal 0 -1 -0
    outer loop
      vertex 43.6696 -15 6.11109
      vertex 32.5 -15 0
      vertex 43.8686 -15 5.86863
    endloop
  endfacet
  facet normal 0 -1 -0
    outer loop
      vertex 44.6879 -15 5.43074
      vertex 32.5 -15 0
      vertex 45 -15 5.4
    endloop
  endfacet
  facet normal 0 -1 -0
    outer loop
      vertex 44.3877 -15 5.52179
      vertex 32.5 -15 0
      vertex 44.6879 -15 5.43074
    endloop
  endfacet
  facet normal 0 -1 -0
    outer loop
      vertex 44.1111 -15 5.66965
      vertex 32.5 -15 0
      vertex 44.3877 -15 5.52179
    endloop
  endfacet
  facet normal 0 -1 -0
    outer loop
      vertex 43.8686 -15 5.86863
      vertex 32.5 -15 0
      vertex 44.1111 -15 5.66965
    endloop
  endfacet
  facet normal 0 -1 -0
    outer loop
      vertex 50.625 -15 19.5
      vertex 46.1314 -15 8.13137
      vertex 57.5 -15 12.625
    endloop
  endfacet
  facet normal 0 -1 0
    outer loop
      vertex 46.3304 -15 7.88891
      vertex 57.5 -15 12.625
      vertex 46.1314 -15 8.13137
    endloop
  endfacet
  facet normal 0 -1 0
    outer loop
      vertex 46.4782 -15 7.61229
      vertex 57.5 -15 12.625
      vertex 46.3304 -15 7.88891
    endloop
  endfacet
  facet normal 0 -1 0
    outer loop
      vertex 46.5693 -15 7.31214
      vertex 57.5 -15 12.625
      vertex 46.4782 -15 7.61229
    endloop
  endfacet
  facet normal 0 -1 0
    outer loop
      vertex 46.6 -15 7
      vertex 57.5 -15 12.625
      vertex 46.5693 -15 7.31214
    endloop
  endfacet
  facet normal 0 -1 0
    outer loop
      vertex 57.5 -15 0
      vertex 46.6 -15 7
      vertex 46.5693 -15 6.68786
    endloop
  endfacet
  facet normal 0 -1 0
    outer loop
      vertex 57.5 -15 0
      vertex 46.5693 -15 6.68786
      vertex 46.4782 -15 6.38771
    endloop
  endfacet
  facet normal 0 -1 0
    outer loop
      vertex 57.5 -15 0
      vertex 46.4782 -15 6.38771
      vertex 46.3304 -15 6.11109
    endloop
  endfacet
  facet normal 0 -1 0
    outer loop
      vertex 57.5 -15 0
      vertex 46.3304 -15 6.11109
      vertex 46.1314 -15 5.86863
    endloop
  endfacet
  facet normal 0 -1 0
    outer loop
      vertex 57.5 -15 0
      vertex 46.1314 -15 5.86863
      vertex 45.8889 -15 5.66965
    endloop
  endfacet
  facet normal 0 -1 0
    outer loop
      vertex 57.5 -15 0
      vertex 45 -15 5.4
      vertex 32.5 -15 0
    endloop
  endfacet
  facet normal 0 -1 0
    outer loop
      vertex 45 -15 5.4
      vertex 57.5 -15 0
      vertex 45.3121 -15 5.43074
    endloop
  endfacet
  facet normal 0 -1 0
    outer loop
      vertex 46.6 -15 7
      vertex 57.5 -15 0
      vertex 57.5 -15 12.625
    endloop
  endfacet
  facet normal 0 -1 0
    outer loop
      vertex 45.6123 -15 5.52179
      vertex 57.5 -15 0
      vertex 45.8889 -15 5.66965
    endloop
  endfacet
  facet normal 0 -1 0
    outer loop
      vertex 45.3121 -15 5.43074
      vertex 57.5 -15 0
      vertex 45.6123 -15 5.52179
    endloop
  endfacet
  facet normal 0 -1 0
    outer loop
      vertex 12.8686 -15 6.13137
      vertex 9.27499 -15 15.5
      vertex 3.5 -15 9.72499
    endloop
  endfacet
  facet normal 0 -1 0
    outer loop
      vertex 9.27499 -15 15.5
      vertex 14 -15 7.24011
      vertex 18.725 -15 15.5
    endloop
  endfacet
  facet normal 0 -1 0
    outer loop
      vertex 15.1314 -15 6.13137
      vertex 18.725 -15 15.5
      vertex 14 -15 7.24011
    endloop
  endfacet
  facet normal 0 -1 0
    outer loop
      vertex 9.27499 -15 15.5
      vertex 12.8686 -15 6.13137
      vertex 14 -15 7.24011
    endloop
  endfacet
  facet normal 0 -1 0
    outer loop
      vertex 3.5 -15 9.72499
      vertex 12.6696 -15 5.88891
      vertex 12.8686 -15 6.13137
    endloop
  endfacet
  facet normal 0 -1 0
    outer loop
      vertex 3.5 -15 9.72499
      vertex 12.5218 -15 5.61229
      vertex 12.6696 -15 5.88891
    endloop
  endfacet
  facet normal 0 -1 0
    outer loop
      vertex 3.5 -15 9.72499
      vertex 12.4307 -15 5.31214
      vertex 12.5218 -15 5.61229
    endloop
  endfacet
  facet normal 0 -1 0
    outer loop
      vertex 3.5 -15 9.72499
      vertex 12.4 -15 5
      vertex 12.4307 -15 5.31214
    endloop
  endfacet
  facet normal 0 -1 0
    outer loop
      vertex 3.5 -15 0
      vertex 12.4 -15 5
      vertex 3.5 -15 9.72499
    endloop
  endfacet
  facet normal 0 -1 -0
    outer loop
      vertex 12.4 -15 5
      vertex 3.5 -15 0
      vertex 12.4307 -15 4.68786
    endloop
  endfacet
  facet normal 0 -1 -0
    outer loop
      vertex 12.4307 -15 4.68786
      vertex 3.5 -15 0
      vertex 12.5218 -15 4.38771
    endloop
  endfacet
  facet normal 0 -1 -0
    outer loop
      vertex 12.5218 -15 4.38771
      vertex 3.5 -15 0
      vertex 12.6696 -15 4.11109
    endloop
  endfacet
  facet normal 0 -1 -0
    outer loop
      vertex 12.6696 -15 4.11109
      vertex 3.5 -15 0
      vertex 12.8686 -15 3.86863
    endloop
  endfacet
  facet normal 0 -1 -0
    outer loop
      vertex 13.6879 -15 3.43074
      vertex 3.5 -15 0
      vertex 14 -15 3.4
    endloop
  endfacet
  facet normal 0 -1 -0
    outer loop
      vertex 13.3877 -15 3.52179
      vertex 3.5 -15 0
      vertex 13.6879 -15 3.43074
    endloop
  endfacet
  facet normal 0 -1 -0
    outer loop
      vertex 13.1111 -15 3.66965
      vertex 3.5 -15 0
      vertex 13.3877 -15 3.52179
    endloop
  endfacet
  facet normal 0 -1 -0
    outer loop
      vertex 12.8686 -15 3.86863
      vertex 3.5 -15 0
      vertex 13.1111 -15 3.66965
    endloop
  endfacet
  facet normal 0 -1 -0
    outer loop
      vertex 18.725 -15 15.5
      vertex 15.1314 -15 6.13137
      vertex 24.5 -15 9.72499
    endloop
  endfacet
  facet normal 0 -1 0
    outer loop
      vertex 15.3304 -15 5.88891
      vertex 24.5 -15 9.72499
      vertex 15.1314 -15 6.13137
    endloop
  endfacet
  facet normal 0 -1 0
    outer loop
      vertex 15.4782 -15 5.61229
      vertex 24.5 -15 9.72499
      vertex 15.3304 -15 5.88891
    endloop
  endfacet
  facet normal 0 -1 0
    outer loop
      vertex 15.5693 -15 5.31214
      vertex 24.5 -15 9.72499
      vertex 15.4782 -15 5.61229
    endloop
  endfacet
  facet normal 0 -1 0
    outer loop
      vertex 15.6 -15 5
      vertex 24.5 -15 9.72499
      vertex 15.5693 -15 5.31214
    endloop
  endfacet
  facet normal 0 -1 0
    outer loop
      vertex 24.5 -15 0
      vertex 15.6 -15 5
      vertex 15.5693 -15 4.68786
    endloop
  endfacet
  facet normal 0 -1 0
    outer loop
      vertex 24.5 -15 0
      vertex 15.5693 -15 4.68786
      vertex 15.4782 -15 4.38771
    endloop
  endfacet
  facet normal 0 -1 0
    outer loop
      vertex 24.5 -15 0
      vertex 15.4782 -15 4.38771
      vertex 15.3304 -15 4.11109
    endloop
  endfacet
  facet normal 0 -1 0
    outer loop
      vertex 24.5 -15 0
      vertex 15.3304 -15 4.11109
      vertex 15.1314 -15 3.86863
    endloop
  endfacet
  facet normal 0 -1 0
    outer loop
      vertex 24.5 -15 0
      vertex 15.1314 -15 3.86863
      vertex 14.8889 -15 3.66965
    endloop
  endfacet
  facet normal 0 -1 0
    outer loop
      vertex 24.5 -15 0
      vertex 14 -15 3.4
      vertex 3.5 -15 0
    endloop
  endfacet
  facet normal 0 -1 0
    outer loop
      vertex 14 -15 3.4
      vertex 24.5 -15 0
      vertex 14.3121 -15 3.43074
    endloop
  endfacet
  facet normal 0 -1 0
    outer loop
      vertex 15.6 -15 5
      vertex 24.5 -15 0
      vertex 24.5 -15 9.72499
    endloop
  endfacet
  facet normal 0 -1 0
    outer loop
      vertex 14.6123 -15 3.52179
      vertex 24.5 -15 0
      vertex 14.8889 -15 3.66965
    endloop
  endfacet
  facet normal 0 -1 0
    outer loop
      vertex 14.3121 -15 3.43074
      vertex 24.5 -15 0
      vertex 14.6123 -15 3.52179
    endloop
  endfacet
  facet normal -0.707107 0 -0.707107
    outer loop
      vertex 57.5 -24 12.625
      vertex 50.625 -15 19.5
      vertex 57.5 -15 12.625
    endloop
  endfacet
  facet normal -0.707107 -0 -0.707107
    outer loop
      vertex 50.625 -15 19.5
      vertex 57.5 -24 12.625
      vertex 50.625 -24 19.5
    endloop
  endfacet
  facet normal 0 0 -1
    outer loop
      vertex 39.375 -24 19.5
      vertex 50.625 -15 19.5
      vertex 50.625 -24 19.5
    endloop
  endfacet
  facet normal -0 0 -1
    outer loop
      vertex 50.625 -15 19.5
      vertex 39.375 -24 19.5
      vertex 39.375 -15 19.5
    endloop
  endfacet
  facet normal 0.707107 0 -0.707107
    outer loop
      vertex 39.375 -24 19.5
      vertex 32.5 -15 12.625
      vertex 39.375 -15 19.5
    endloop
  endfacet
  facet normal 0.707107 0 -0.707107
    outer loop
      vertex 32.5 -15 12.625
      vertex 39.375 -24 19.5
      vertex 32.5 -24 12.625
    endloop
  endfacet
  facet normal 1 -0 0
    outer loop
      vertex 32.5 -24 12.625
      vertex 32.5 -15 0
      vertex 32.5 -15 12.625
    endloop
  endfacet
  facet normal 1 0 0
    outer loop
      vertex 32.5 -15 0
      vertex 32.5 -24 12.625
      vertex 32.5 -24 0
    endloop
  endfacet
  facet normal -1 0 0
    outer loop
      vertex 57.5 -24 0
      vertex 57.5 -15 12.625
      vertex 57.5 -15 0
    endloop
  endfacet
  facet normal -1 -0 0
    outer loop
      vertex 57.5 -15 12.625
      vertex 57.5 -24 0
      vertex 57.5 -24 12.625
    endloop
  endfacet
  facet normal -0.707107 0 -0.707106
    outer loop
      vertex 24.5 -24 9.72499
      vertex 18.725 -15 15.5
      vertex 24.5 -15 9.72499
    endloop
  endfacet
  facet normal -0.707107 -0 -0.707106
    outer loop
      vertex 18.725 -15 15.5
      vertex 24.5 -24 9.72499
      vertex 18.725 -24 15.5
    endloop
  endfacet
  facet normal 0 0 -1
    outer loop
      vertex 9.27499 -24 15.5
      vertex 18.725 -15 15.5
      vertex 18.725 -24 15.5
    endloop
  endfacet
  facet normal -0 0 -1
    outer loop
      vertex 18.725 -15 15.5
      vertex 9.27499 -24 15.5
      vertex 9.27499 -15 15.5
    endloop
  endfacet
  facet normal 0.707108 -1.05435e-07 -0.707106
    outer loop
      vertex 6 -24 12.225
      vertex 3.5 -15 9.72499
      vertex 9.27499 -15 15.5
    endloop
  endfacet
  facet normal 0.707116 0 -0.707097
    outer loop
      vertex 3.5 -15 9.72499
      vertex 4.25829 -23.7416 10.4833
      vertex 3.5 -23.4468 9.72499
    endloop
  endfacet
  facet normal 0.707159 0.000220629 -0.707055
    outer loop
      vertex 3.5 -23.4468 9.72499
      vertex 4.25829 -23.7416 10.4833
      vertex 3.70389 -23.5433 9.92888
    endloop
  endfacet
  facet normal 0.707069 -8.24085e-06 -0.707145
    outer loop
      vertex 3.5 -15 9.72499
      vertex 4.82945 -23.8847 11.0544
      vertex 4.25829 -23.7416 10.4833
    endloop
  endfacet
  facet normal 0.707138 1.25443e-05 -0.707076
    outer loop
      vertex 3.5 -15 9.72499
      vertex 5.4119 -23.9711 11.6369
      vertex 4.82945 -23.8847 11.0544
    endloop
  endfacet
  facet normal 0.707108 0 -0.707106
    outer loop
      vertex 6 -24 12.225
      vertex 9.27499 -15 15.5
      vertex 9.27499 -24 15.5
    endloop
  endfacet
  facet normal 0.707107 -7.96547e-07 -0.707107
    outer loop
      vertex 3.5 -15 9.72499
      vertex 6 -24 12.225
      vertex 5.4119 -23.9711 11.6369
    endloop
  endfacet
  facet normal 1 -0 0
    outer loop
      vertex 3.5 -23.4468 9.72499
      vertex 3.5 -15 0
      vertex 3.5 -15 9.72499
    endloop
  endfacet
  facet normal 1 0 0
    outer loop
      vertex 3.5 -15 0
      vertex 3.5 -23.4468 9.72499
      vertex 3.5 -23.4468 0
    endloop
  endfacet
  facet normal -1 0 0
    outer loop
      vertex 24.5 -24 0
      vertex 24.5 -15 9.72499
      vertex 24.5 -15 0
    endloop
  endfacet
  facet normal -1 -0 0
    outer loop
      vertex 24.5 -15 9.72499
      vertex 24.5 -24 0
      vertex 24.5 -24 9.72499
    endloop
  endfacet
  facet normal 0 1 0
    outer loop
      vertex 46.1314 15 8.13137
      vertex 50.625 15 19.5
      vertex 57.5 15 12.625
    endloop
  endfacet
  facet normal 0 1 0
    outer loop
      vertex 50.625 15 19.5
      vertex 45 15 9.24011
      vertex 39.375 15 19.5
    endloop
  endfacet
  facet normal 0 1 -0
    outer loop
      vertex 43.8686 15 8.13137
      vertex 39.375 15 19.5
      vertex 45 15 9.24011
    endloop
  endfacet
  facet normal 0 1 0
    outer loop
      vertex 50.625 15 19.5
      vertex 46.1314 15 8.13137
      vertex 45 15 9.24011
    endloop
  endfacet
  facet normal 0 1 0
    outer loop
      vertex 57.5 15 12.625
      vertex 46.3304 15 7.88891
      vertex 46.1314 15 8.13137
    endloop
  endfacet
  facet normal 0 1 0
    outer loop
      vertex 57.5 15 12.625
      vertex 46.4782 15 7.61229
      vertex 46.3304 15 7.88891
    endloop
  endfacet
  facet normal 0 1 0
    outer loop
      vertex 57.5 15 12.625
      vertex 46.5693 15 7.31214
      vertex 46.4782 15 7.61229
    endloop
  endfacet
  facet normal 0 1 0
    outer loop
      vertex 57.5 15 12.625
      vertex 46.6 15 7
      vertex 46.5693 15 7.31214
    endloop
  endfacet
  facet normal 0 1 -0
    outer loop
      vertex 57.5 15 0
      vertex 46.6 15 7
      vertex 57.5 15 12.625
    endloop
  endfacet
  facet normal 0 1 0
    outer loop
      vertex 46.6 15 7
      vertex 57.5 15 0
      vertex 46.5693 15 6.68786
    endloop
  endfacet
  facet normal 0 1 0
    outer loop
      vertex 46.5693 15 6.68786
      vertex 57.5 15 0
      vertex 46.4782 15 6.38771
    endloop
  endfacet
  facet normal 0 1 0
    outer loop
      vertex 46.4782 15 6.38771
      vertex 57.5 15 0
      vertex 46.3304 15 6.11109
    endloop
  endfacet
  facet normal 0 1 0
    outer loop
      vertex 46.3304 15 6.11109
      vertex 57.5 15 0
      vertex 46.1314 15 5.86863
    endloop
  endfacet
  facet normal 0 1 0
    outer loop
      vertex 45.3121 15 5.43074
      vertex 57.5 15 0
      vertex 45 15 5.4
    endloop
  endfacet
  facet normal 0 1 0
    outer loop
      vertex 45.6123 15 5.52179
      vertex 57.5 15 0
      vertex 45.3121 15 5.43074
    endloop
  endfacet
  facet normal 0 1 0
    outer loop
      vertex 45.8889 15 5.66965
      vertex 57.5 15 0
      vertex 45.6123 15 5.52179
    endloop
  endfacet
  facet normal 0 1 0
    outer loop
      vertex 46.1314 15 5.86863
      vertex 57.5 15 0
      vertex 45.8889 15 5.66965
    endloop
  endfacet
  facet normal 0 1 0
    outer loop
      vertex 39.375 15 19.5
      vertex 43.8686 15 8.13137
      vertex 32.5 15 12.625
    endloop
  endfacet
  facet normal 0 1 -0
    outer loop
      vertex 43.6696 15 7.88891
      vertex 32.5 15 12.625
      vertex 43.8686 15 8.13137
    endloop
  endfacet
  facet normal 0 1 -0
    outer loop
      vertex 43.5218 15 7.61229
      vertex 32.5 15 12.625
      vertex 43.6696 15 7.88891
    endloop
  endfacet
  facet normal 0 1 -0
    outer loop
      vertex 43.4307 15 7.31214
      vertex 32.5 15 12.625
      vertex 43.5218 15 7.61229
    endloop
  endfacet
  facet normal 0 1 -0
    outer loop
      vertex 43.4 15 7
      vertex 32.5 15 12.625
      vertex 43.4307 15 7.31214
    endloop
  endfacet
  facet normal 0 1 0
    outer loop
      vertex 32.5 15 0
      vertex 43.4 15 7
      vertex 43.4307 15 6.68786
    endloop
  endfacet
  facet normal 0 1 0
    outer loop
      vertex 32.5 15 0
      vertex 43.4307 15 6.68786
      vertex 43.5218 15 6.38771
    endloop
  endfacet
  facet normal 0 1 0
    outer loop
      vertex 32.5 15 0
      vertex 43.5218 15 6.38771
      vertex 43.6696 15 6.11109
    endloop
  endfacet
  facet normal 0 1 0
    outer loop
      vertex 32.5 15 0
      vertex 43.6696 15 6.11109
      vertex 43.8686 15 5.86863
    endloop
  endfacet
  facet normal 0 1 0
    outer loop
      vertex 32.5 15 0
      vertex 43.8686 15 5.86863
      vertex 44.1111 15 5.66965
    endloop
  endfacet
  facet normal 0 1 0
    outer loop
      vertex 32.5 15 0
      vertex 45 15 5.4
      vertex 57.5 15 0
    endloop
  endfacet
  facet normal 0 1 0
    outer loop
      vertex 45 15 5.4
      vertex 32.5 15 0
      vertex 44.6879 15 5.43074
    endloop
  endfacet
  facet normal 0 1 0
    outer loop
      vertex 43.4 15 7
      vertex 32.5 15 0
      vertex 32.5 15 12.625
    endloop
  endfacet
  facet normal 0 1 0
    outer loop
      vertex 44.3877 15 5.52179
      vertex 32.5 15 0
      vertex 44.1111 15 5.66965
    endloop
  endfacet
  facet normal 0 1 0
    outer loop
      vertex 44.6879 15 5.43074
      vertex 32.5 15 0
      vertex 44.3877 15 5.52179
    endloop
  endfacet
  facet normal 0 1 0
    outer loop
      vertex 15.1314 15 6.13137
      vertex 18.725 15 15.5
      vertex 24.5 15 9.72499
    endloop
  endfacet
  facet normal 0 1 0
    outer loop
      vertex 18.725 15 15.5
      vertex 14 15 7.24011
      vertex 9.27499 15 15.5
    endloop
  endfacet
  facet normal 0 1 -0
    outer loop
      vertex 12.8686 15 6.13137
      vertex 9.27499 15 15.5
      vertex 14 15 7.24011
    endloop
  endfacet
  facet normal 0 1 0
    outer loop
      vertex 18.725 15 15.5
      vertex 15.1314 15 6.13137
      vertex 14 15 7.24011
    endloop
  endfacet
  facet normal 0 1 0
    outer loop
      vertex 24.5 15 9.72499
      vertex 15.3304 15 5.88891
      vertex 15.1314 15 6.13137
    endloop
  endfacet
  facet normal 0 1 0
    outer loop
      vertex 24.5 15 9.72499
      vertex 15.4782 15 5.61229
      vertex 15.3304 15 5.88891
    endloop
  endfacet
  facet normal 0 1 0
    outer loop
      vertex 24.5 15 9.72499
      vertex 15.5693 15 5.31214
      vertex 15.4782 15 5.61229
    endloop
  endfacet
  facet normal 0 1 0
    outer loop
      vertex 24.5 15 9.72499
      vertex 15.6 15 5
      vertex 15.5693 15 5.31214
    endloop
  endfacet
  facet normal 0 1 -0
    outer loop
      vertex 24.5 15 0
      vertex 15.6 15 5
      vertex 24.5 15 9.72499
    endloop
  endfacet
  facet normal 0 1 0
    outer loop
      vertex 15.6 15 5
      vertex 24.5 15 0
      vertex 15.5693 15 4.68786
    endloop
  endfacet
  facet normal 0 1 0
    outer loop
      vertex 15.5693 15 4.68786
      vertex 24.5 15 0
      vertex 15.4782 15 4.38771
    endloop
  endfacet
  facet normal 0 1 0
    outer loop
      vertex 15.4782 15 4.38771
      vertex 24.5 15 0
      vertex 15.3304 15 4.11109
    endloop
  endfacet
  facet normal 0 1 0
    outer loop
      vertex 15.3304 15 4.11109
      vertex 24.5 15 0
      vertex 15.1314 15 3.86863
    endloop
  endfacet
  facet normal 0 1 0
    outer loop
      vertex 14.3121 15 3.43074
      vertex 24.5 15 0
      vertex 14 15 3.4
    endloop
  endfacet
  facet normal 0 1 0
    outer loop
      vertex 14.6123 15 3.52179
      vertex 24.5 15 0
      vertex 14.3121 15 3.43074
    endloop
  endfacet
  facet normal 0 1 0
    outer loop
      vertex 14.8889 15 3.66965
      vertex 24.5 15 0
      vertex 14.6123 15 3.52179
    endloop
  endfacet
  facet normal 0 1 0
    outer loop
      vertex 15.1314 15 3.86863
      vertex 24.5 15 0
      vertex 14.8889 15 3.66965
    endloop
  endfacet
  facet normal 0 1 0
    outer loop
      vertex 9.27499 15 15.5
      vertex 12.8686 15 6.13137
      vertex 3.5 15 9.72499
    endloop
  endfacet
  facet normal 0 1 -0
    outer loop
      vertex 12.6696 15 5.88891
      vertex 3.5 15 9.72499
      vertex 12.8686 15 6.13137
    endloop
  endfacet
  facet normal 0 1 -0
    outer loop
      vertex 12.5218 15 5.61229
      vertex 3.5 15 9.72499
      vertex 12.6696 15 5.88891
    endloop
  endfacet
  facet normal 0 1 -0
    outer loop
      vertex 12.4307 15 5.31214
      vertex 3.5 15 9.72499
      vertex 12.5218 15 5.61229
    endloop
  endfacet
  facet normal 0 1 -0
    outer loop
      vertex 12.4 15 5
      vertex 3.5 15 9.72499
      vertex 12.4307 15 5.31214
    endloop
  endfacet
  facet normal 0 1 0
    outer loop
      vertex 3.5 15 0
      vertex 12.4 15 5
      vertex 12.4307 15 4.68786
    endloop
  endfacet
  facet normal 0 1 0
    outer loop
      vertex 3.5 15 0
      vertex 12.4307 15 4.68786
      vertex 12.5218 15 4.38771
    endloop
  endfacet
  facet normal 0 1 0
    outer loop
      vertex 3.5 15 0
      vertex 12.5218 15 4.38771
      vertex 12.6696 15 4.11109
    endloop
  endfacet
  facet normal 0 1 0
    outer loop
      vertex 3.5 15 0
      vertex 12.6696 15 4.11109
      vertex 12.8686 15 3.86863
    endloop
  endfacet
  facet normal 0 1 0
    outer loop
      vertex 3.5 15 0
      vertex 12.8686 15 3.86863
      vertex 13.1111 15 3.66965
    endloop
  endfacet
  facet normal 0 1 0
    outer loop
      vertex 3.5 15 0
      vertex 14 15 3.4
      vertex 24.5 15 0
    endloop
  endfacet
  facet normal 0 1 0
    outer loop
      vertex 14 15 3.4
      vertex 3.5 15 0
      vertex 13.6879 15 3.43074
    endloop
  endfacet
  facet normal 0 1 0
    outer loop
      vertex 12.4 15 5
      vertex 3.5 15 0
      vertex 3.5 15 9.72499
    endloop
  endfacet
  facet normal 0 1 0
    outer loop
      vertex 13.3877 15 3.52179
      vertex 3.5 15 0
      vertex 13.1111 15 3.66965
    endloop
  endfacet
  facet normal 0 1 0
    outer loop
      vertex 13.6879 15 3.43074
      vertex 3.5 15 0
      vertex 13.3877 15 3.52179
    endloop
  endfacet
  facet normal -0.707107 0 -0.707107
    outer loop
      vertex 57.5 15 12.625
      vertex 50.625 24 19.5
      vertex 57.5 24 12.625
    endloop
  endfacet
  facet normal -0.707107 -0 -0.707107
    outer loop
      vertex 50.625 24 19.5
      vertex 57.5 15 12.625
      vertex 50.625 15 19.5
    endloop
  endfacet
  facet normal 0 0 -1
    outer loop
      vertex 39.375 15 19.5
      vertex 50.625 24 19.5
      vertex 50.625 15 19.5
    endloop
  endfacet
  facet normal -0 0 -1
    outer loop
      vertex 50.625 24 19.5
      vertex 39.375 15 19.5
      vertex 39.375 24 19.5
    endloop
  endfacet
  facet normal 0.707107 0 -0.707107
    outer loop
      vertex 39.375 15 19.5
      vertex 32.5 24 12.625
      vertex 39.375 24 19.5
    endloop
  endfacet
  facet normal 0.707107 0 -0.707107
    outer loop
      vertex 32.5 24 12.625
      vertex 39.375 15 19.5
      vertex 32.5 15 12.625
    endloop
  endfacet
  facet normal 1 -0 0
    outer loop
      vertex 32.5 15 12.625
      vertex 32.5 24 0
      vertex 32.5 24 12.625
    endloop
  endfacet
  facet normal 1 0 0
    outer loop
      vertex 32.5 24 0
      vertex 32.5 15 12.625
      vertex 32.5 15 0
    endloop
  endfacet
  facet normal -1 0 0
    outer loop
      vertex 57.5 15 0
      vertex 57.5 24 12.625
      vertex 57.5 24 0
    endloop
  endfacet
  facet normal -1 -0 0
    outer loop
      vertex 57.5 24 12.625
      vertex 57.5 15 0
      vertex 57.5 15 12.625
    endloop
  endfacet
  facet normal -0.707107 0 -0.707106
    outer loop
      vertex 24.5 15 9.72499
      vertex 18.725 24 15.5
      vertex 24.5 24 9.72499
    endloop
  endfacet
  facet normal -0.707107 -0 -0.707106
    outer loop
      vertex 18.725 24 15.5
      vertex 24.5 15 9.72499
      vertex 18.725 15 15.5
    endloop
  endfacet
  facet normal 0 0 -1
    outer loop
      vertex 9.27499 15 15.5
      vertex 18.725 24 15.5
      vertex 18.725 15 15.5
    endloop
  endfacet
  facet normal -0 0 -1
    outer loop
      vertex 18.725 24 15.5
      vertex 9.27499 15 15.5
      vertex 9.27499 24 15.5
    endloop
  endfacet
  facet normal 0.707108 0 -0.707106
    outer loop
      vertex 9.27499 15 15.5
      vertex 6 24 12.225
      vertex 9.27499 24 15.5
    endloop
  endfacet
  facet normal 0.707108 1.05435e-07 -0.707106
    outer loop
      vertex 3.5 15 9.72499
      vertex 6 24 12.225
      vertex 9.27499 15 15.5
    endloop
  endfacet
  facet normal 0.707107 7.96547e-07 -0.707107
    outer loop
      vertex 6 24 12.225
      vertex 3.5 15 9.72499
      vertex 5.4119 23.9711 11.6369
    endloop
  endfacet
  facet normal 0.707138 -1.25443e-05 -0.707076
    outer loop
      vertex 5.4119 23.9711 11.6369
      vertex 3.5 15 9.72499
      vertex 4.82945 23.8847 11.0544
    endloop
  endfacet
  facet normal 0.707069 8.24085e-06 -0.707145
    outer loop
      vertex 4.82945 23.8847 11.0544
      vertex 3.5 15 9.72499
      vertex 4.25829 23.7416 10.4833
    endloop
  endfacet
  facet normal 0.707116 0 -0.707097
    outer loop
      vertex 3.5 23.4468 9.72499
      vertex 4.25829 23.7416 10.4833
      vertex 3.5 15 9.72499
    endloop
  endfacet
  facet normal 0.707159 -0.000220629 -0.707055
    outer loop
      vertex 4.25829 23.7416 10.4833
      vertex 3.5 23.4468 9.72499
      vertex 3.70389 23.5433 9.92888
    endloop
  endfacet
  facet normal 1 -0 0
    outer loop
      vertex 3.5 15 9.72499
      vertex 3.5 23.4468 0
      vertex 3.5 23.4468 9.72499
    endloop
  endfacet
  facet normal 1 0 0
    outer loop
      vertex 3.5 23.4468 0
      vertex 3.5 15 9.72499
      vertex 3.5 15 0
    endloop
  endfacet
  facet normal -1 0 0
    outer loop
      vertex 24.5 15 0
      vertex 24.5 24 9.72499
      vertex 24.5 24 0
    endloop
  endfacet
  facet normal -1 -0 0
    outer loop
      vertex 24.5 24 9.72499
      vertex 24.5 15 0
      vertex 24.5 15 9.72499
    endloop
  endfacet
  facet normal -0.0980198 0 0.995184
    outer loop
      vertex 45 15 5.4
      vertex 45.3121 9 5.43074
      vertex 45.3121 15 5.43074
    endloop
  endfacet
  facet normal -0.0980198 0 0.995184
    outer loop
      vertex 45.3121 9 5.43074
      vertex 45 15 5.4
      vertex 45 9 5.4
    endloop
  endfacet
  facet normal 0.995198 0 -0.097881
    outer loop
      vertex 43.4307 9 7.31214
      vertex 43.4 15 7
      vertex 43.4307 15 7.31214
    endloop
  endfacet
  facet normal 0.995198 0 -0.097881
    outer loop
      vertex 43.4 15 7
      vertex 43.4307 9 7.31214
      vertex 43.4 9 7
    endloop
  endfacet
  facet normal -0.956896 0 -0.290432
    outer loop
      vertex 46.5693 9 7.31214
      vertex 46.4782 15 7.61229
      vertex 46.5693 15 7.31214
    endloop
  endfacet
  facet normal -0.956896 -0 -0.290432
    outer loop
      vertex 46.4782 15 7.61229
      vertex 46.5693 9 7.31214
      vertex 46.4782 9 7.61229
    endloop
  endfacet
  facet normal 0.956896 0 -0.290432
    outer loop
      vertex 43.5218 9 7.61229
      vertex 43.4307 15 7.31214
      vertex 43.5218 15 7.61229
    endloop
  endfacet
  facet normal 0.956896 0 -0.290432
    outer loop
      vertex 43.4307 15 7.31214
      vertex 43.5218 9 7.61229
      vertex 43.4307 9 7.31214
    endloop
  endfacet
  facet normal -0.772982 0 0.634428
    outer loop
      vertex 46.1314 9 5.86863
      vertex 46.3304 15 6.11109
      vertex 46.1314 15 5.86863
    endloop
  endfacet
  facet normal -0.772982 0 0.634428
    outer loop
      vertex 46.3304 15 6.11109
      vertex 46.1314 9 5.86863
      vertex 46.3304 9 6.11109
    endloop
  endfacet
  facet normal 0.471432 0 0.881902
    outer loop
      vertex 44.1111 15 5.66965
      vertex 44.3877 9 5.52179
      vertex 44.3877 15 5.52179
    endloop
  endfacet
  facet normal 0.471432 0 0.881902
    outer loop
      vertex 44.3877 9 5.52179
      vertex 44.1111 15 5.66965
      vertex 44.1111 9 5.66965
    endloop
  endfacet
  facet normal 0.290242 0 0.956953
    outer loop
      vertex 44.3877 15 5.52179
      vertex 44.6879 9 5.43074
      vertex 44.6879 15 5.43074
    endloop
  endfacet
  facet normal 0.290242 0 0.956953
    outer loop
      vertex 44.6879 9 5.43074
      vertex 44.3877 15 5.52179
      vertex 44.3877 9 5.52179
    endloop
  endfacet
  facet normal -0.956896 0 0.290432
    outer loop
      vertex 46.4782 9 6.38771
      vertex 46.5693 15 6.68786
      vertex 46.4782 15 6.38771
    endloop
  endfacet
  facet normal -0.956896 0 0.290432
    outer loop
      vertex 46.5693 15 6.68786
      vertex 46.4782 9 6.38771
      vertex 46.5693 9 6.68786
    endloop
  endfacet
  facet normal 0.699918 0 -0.714223
    outer loop
      vertex 43.8686 9 8.13137
      vertex 45 15 9.24011
      vertex 45 9 9.24011
    endloop
  endfacet
  facet normal 0.699918 0 -0.714223
    outer loop
      vertex 45 15 9.24011
      vertex 43.8686 9 8.13137
      vertex 43.8686 15 8.13137
    endloop
  endfacet
  facet normal -0.881996 0 0.471257
    outer loop
      vertex 46.3304 9 6.11109
      vertex 46.4782 15 6.38771
      vertex 46.3304 15 6.11109
    endloop
  endfacet
  facet normal -0.881996 0 0.471257
    outer loop
      vertex 46.4782 15 6.38771
      vertex 46.3304 9 6.11109
      vertex 46.4782 9 6.38771
    endloop
  endfacet
  facet normal -0.995198 0 0.097881
    outer loop
      vertex 46.5693 9 6.68786
      vertex 46.6 15 7
      vertex 46.5693 15 6.68786
    endloop
  endfacet
  facet normal -0.995198 0 0.097881
    outer loop
      vertex 46.6 15 7
      vertex 46.5693 9 6.68786
      vertex 46.6 9 7
    endloop
  endfacet
  facet normal 0.772982 0 -0.634428
    outer loop
      vertex 43.8686 9 8.13137
      vertex 43.6696 15 7.88891
      vertex 43.8686 15 8.13137
    endloop
  endfacet
  facet normal 0.772982 0 -0.634428
    outer loop
      vertex 43.6696 15 7.88891
      vertex 43.8686 9 8.13137
      vertex 43.6696 9 7.88891
    endloop
  endfacet
  facet normal 0 1 0
    outer loop
      vertex 46.1314 9 8.13137
      vertex 43.8686 9 8.13137
      vertex 45 9 9.24011
    endloop
  endfacet
  facet normal 0 1 0
    outer loop
      vertex 46.3304 9 7.88891
      vertex 43.8686 9 8.13137
      vertex 46.1314 9 8.13137
    endloop
  endfacet
  facet normal 0 1 0
    outer loop
      vertex 46.3304 9 7.88891
      vertex 43.6696 9 7.88891
      vertex 43.8686 9 8.13137
    endloop
  endfacet
  facet normal 0 1 0
    outer loop
      vertex 46.4782 9 7.61229
      vertex 43.6696 9 7.88891
      vertex 46.3304 9 7.88891
    endloop
  endfacet
  facet normal 0 1 0
    outer loop
      vertex 46.4782 9 7.61229
      vertex 43.5218 9 7.61229
      vertex 43.6696 9 7.88891
    endloop
  endfacet
  facet normal 0 1 0
    outer loop
      vertex 46.5693 9 7.31214
      vertex 43.5218 9 7.61229
      vertex 46.4782 9 7.61229
    endloop
  endfacet
  facet normal 0 1 0
    outer loop
      vertex 46.5693 9 7.31214
      vertex 43.4307 9 7.31214
      vertex 43.5218 9 7.61229
    endloop
  endfacet
  facet normal 0 1 0
    outer loop
      vertex 46.6 9 7
      vertex 43.4307 9 7.31214
      vertex 46.5693 9 7.31214
    endloop
  endfacet
  facet normal 0 1 0
    outer loop
      vertex 46.6 9 7
      vertex 43.4 9 7
      vertex 43.4307 9 7.31214
    endloop
  endfacet
  facet normal 0 1 -0
    outer loop
      vertex 46.5693 9 6.68786
      vertex 43.4 9 7
      vertex 46.6 9 7
    endloop
  endfacet
  facet normal 0 1 0
    outer loop
      vertex 46.5693 9 6.68786
      vertex 43.4307 9 6.68786
      vertex 43.4 9 7
    endloop
  endfacet
  facet normal 0 1 -0
    outer loop
      vertex 46.4782 9 6.38771
      vertex 43.4307 9 6.68786
      vertex 46.5693 9 6.68786
    endloop
  endfacet
  facet normal 0 1 0
    outer loop
      vertex 46.4782 9 6.38771
      vertex 43.5218 9 6.38771
      vertex 43.4307 9 6.68786
    endloop
  endfacet
  facet normal 0 1 -0
    outer loop
      vertex 46.3304 9 6.11109
      vertex 43.5218 9 6.38771
      vertex 46.4782 9 6.38771
    endloop
  endfacet
  facet normal 0 1 0
    outer loop
      vertex 46.3304 9 6.11109
      vertex 43.6696 9 6.11109
      vertex 43.5218 9 6.38771
    endloop
  endfacet
  facet normal 0 1 -0
    outer loop
      vertex 46.1314 9 5.86863
      vertex 43.6696 9 6.11109
      vertex 46.3304 9 6.11109
    endloop
  endfacet
  facet normal 0 1 0
    outer loop
      vertex 46.1314 9 5.86863
      vertex 43.8686 9 5.86863
      vertex 43.6696 9 6.11109
    endloop
  endfacet
  facet normal 0 1 -0
    outer loop
      vertex 45.8889 9 5.66965
      vertex 43.8686 9 5.86863
      vertex 46.1314 9 5.86863
    endloop
  endfacet
  facet normal 0 1 0
    outer loop
      vertex 45.8889 9 5.66965
      vertex 44.1111 9 5.66965
      vertex 43.8686 9 5.86863
    endloop
  endfacet
  facet normal 0 1 -0
    outer loop
      vertex 45.6123 9 5.52179
      vertex 44.1111 9 5.66965
      vertex 45.8889 9 5.66965
    endloop
  endfacet
  facet normal 0 1 0
    outer loop
      vertex 45.6123 9 5.52179
      vertex 44.3877 9 5.52179
      vertex 44.1111 9 5.66965
    endloop
  endfacet
  facet normal 0 1 -0
    outer loop
      vertex 45.3121 9 5.43074
      vertex 44.3877 9 5.52179
      vertex 45.6123 9 5.52179
    endloop
  endfacet
  facet normal 0 1 0
    outer loop
      vertex 45.3121 9 5.43074
      vertex 44.6879 9 5.43074
      vertex 44.3877 9 5.52179
    endloop
  endfacet
  facet normal -0 1 0
    outer loop
      vertex 44.6879 9 5.43074
      vertex 45.3121 9 5.43074
      vertex 45 9 5.4
    endloop
  endfacet
  facet normal 0.881996 -0 0.471257
    outer loop
      vertex 43.5218 9 6.38771
      vertex 43.6696 15 6.11109
      vertex 43.5218 15 6.38771
    endloop
  endfacet
  facet normal 0.881996 0 0.471257
    outer loop
      vertex 43.6696 15 6.11109
      vertex 43.5218 9 6.38771
      vertex 43.6696 9 6.11109
    endloop
  endfacet
  facet normal -0.699918 0 -0.714223
    outer loop
      vertex 45 9 9.24011
      vertex 46.1314 15 8.13137
      vertex 46.1314 9 8.13137
    endloop
  endfacet
  facet normal -0.699918 0 -0.714223
    outer loop
      vertex 46.1314 15 8.13137
      vertex 45 9 9.24011
      vertex 45 15 9.24011
    endloop
  endfacet
  facet normal -0.634327 0 0.773065
    outer loop
      vertex 45.8889 15 5.66965
      vertex 46.1314 9 5.86863
      vertex 46.1314 15 5.86863
    endloop
  endfacet
  facet normal -0.634327 0 0.773065
    outer loop
      vertex 46.1314 9 5.86863
      vertex 45.8889 15 5.66965
      vertex 45.8889 9 5.66965
    endloop
  endfacet
  facet normal -0.995198 0 -0.097881
    outer loop
      vertex 46.6 9 7
      vertex 46.5693 15 7.31214
      vertex 46.6 15 7
    endloop
  endfacet
  facet normal -0.995198 -0 -0.097881
    outer loop
      vertex 46.5693 15 7.31214
      vertex 46.6 9 7
      vertex 46.5693 9 7.31214
    endloop
  endfacet
  facet normal 0.881996 0 -0.471257
    outer loop
      vertex 43.6696 9 7.88891
      vertex 43.5218 15 7.61229
      vertex 43.6696 15 7.88891
    endloop
  endfacet
  facet normal 0.881996 0 -0.471257
    outer loop
      vertex 43.5218 15 7.61229
      vertex 43.6696 9 7.88891
      vertex 43.5218 9 7.61229
    endloop
  endfacet
  facet normal -0.772982 0 -0.634428
    outer loop
      vertex 46.3304 9 7.88891
      vertex 46.1314 15 8.13137
      vertex 46.3304 15 7.88891
    endloop
  endfacet
  facet normal -0.772982 -0 -0.634428
    outer loop
      vertex 46.1314 15 8.13137
      vertex 46.3304 9 7.88891
      vertex 46.1314 9 8.13137
    endloop
  endfacet
  facet normal 0.634327 0 0.773065
    outer loop
      vertex 43.8686 15 5.86863
      vertex 44.1111 9 5.66965
      vertex 44.1111 15 5.66965
    endloop
  endfacet
  facet normal 0.634327 0 0.773065
    outer loop
      vertex 44.1111 9 5.66965
      vertex 43.8686 15 5.86863
      vertex 43.8686 9 5.86863
    endloop
  endfacet
  facet normal -0.290242 0 0.956953
    outer loop
      vertex 45.3121 15 5.43074
      vertex 45.6123 9 5.52179
      vertex 45.6123 15 5.52179
    endloop
  endfacet
  facet normal -0.290242 0 0.956953
    outer loop
      vertex 45.6123 9 5.52179
      vertex 45.3121 15 5.43074
      vertex 45.3121 9 5.43074
    endloop
  endfacet
  facet normal -0.881996 0 -0.471257
    outer loop
      vertex 46.4782 9 7.61229
      vertex 46.3304 15 7.88891
      vertex 46.4782 15 7.61229
    endloop
  endfacet
  facet normal -0.881996 -0 -0.471257
    outer loop
      vertex 46.3304 15 7.88891
      vertex 46.4782 9 7.61229
      vertex 46.3304 9 7.88891
    endloop
  endfacet
  facet normal 0.0980198 0 0.995184
    outer loop
      vertex 44.6879 15 5.43074
      vertex 45 9 5.4
      vertex 45 15 5.4
    endloop
  endfacet
  facet normal 0.0980198 0 0.995184
    outer loop
      vertex 45 9 5.4
      vertex 44.6879 15 5.43074
      vertex 44.6879 9 5.43074
    endloop
  endfacet
  facet normal -0.471432 0 0.881902
    outer loop
      vertex 45.6123 15 5.52179
      vertex 45.8889 9 5.66965
      vertex 45.8889 15 5.66965
    endloop
  endfacet
  facet normal -0.471432 0 0.881902
    outer loop
      vertex 45.8889 9 5.66965
      vertex 45.6123 15 5.52179
      vertex 45.6123 9 5.52179
    endloop
  endfacet
  facet normal 0.772982 -0 0.634428
    outer loop
      vertex 43.6696 9 6.11109
      vertex 43.8686 15 5.86863
      vertex 43.6696 15 6.11109
    endloop
  endfacet
  facet normal 0.772982 0 0.634428
    outer loop
      vertex 43.8686 15 5.86863
      vertex 43.6696 9 6.11109
      vertex 43.8686 9 5.86863
    endloop
  endfacet
  facet normal 0.995198 -0 0.097881
    outer loop
      vertex 43.4 9 7
      vertex 43.4307 15 6.68786
      vertex 43.4 15 7
    endloop
  endfacet
  facet normal 0.995198 0 0.097881
    outer loop
      vertex 43.4307 15 6.68786
      vertex 43.4 9 7
      vertex 43.4307 9 6.68786
    endloop
  endfacet
  facet normal 0.956896 -0 0.290432
    outer loop
      vertex 43.4307 9 6.68786
      vertex 43.5218 15 6.38771
      vertex 43.4307 15 6.68786
    endloop
  endfacet
  facet normal 0.956896 0 0.290432
    outer loop
      vertex 43.5218 15 6.38771
      vertex 43.4307 9 6.68786
      vertex 43.5218 9 6.38771
    endloop
  endfacet
  facet normal -0.0980198 0 0.995184
    outer loop
      vertex 45 -9 5.4
      vertex 45.3121 -15 5.43074
      vertex 45.3121 -9 5.43074
    endloop
  endfacet
  facet normal -0.0980198 0 0.995184
    outer loop
      vertex 45.3121 -15 5.43074
      vertex 45 -9 5.4
      vertex 45 -15 5.4
    endloop
  endfacet
  facet normal 0.995198 0 -0.097881
    outer loop
      vertex 43.4307 -15 7.31214
      vertex 43.4 -9 7
      vertex 43.4307 -9 7.31214
    endloop
  endfacet
  facet normal 0.995198 0 -0.097881
    outer loop
      vertex 43.4 -9 7
      vertex 43.4307 -15 7.31214
      vertex 43.4 -15 7
    endloop
  endfacet
  facet normal -0.956896 0 -0.290432
    outer loop
      vertex 46.5693 -15 7.31214
      vertex 46.4782 -9 7.61229
      vertex 46.5693 -9 7.31214
    endloop
  endfacet
  facet normal -0.956896 -0 -0.290432
    outer loop
      vertex 46.4782 -9 7.61229
      vertex 46.5693 -15 7.31214
      vertex 46.4782 -15 7.61229
    endloop
  endfacet
  facet normal 0.956896 0 -0.290432
    outer loop
      vertex 43.5218 -15 7.61229
      vertex 43.4307 -9 7.31214
      vertex 43.5218 -9 7.61229
    endloop
  endfacet
  facet normal 0.956896 0 -0.290432
    outer loop
      vertex 43.4307 -9 7.31214
      vertex 43.5218 -15 7.61229
      vertex 43.4307 -15 7.31214
    endloop
  endfacet
  facet normal -0.772982 0 0.634428
    outer loop
      vertex 46.1314 -15 5.86863
      vertex 46.3304 -9 6.11109
      vertex 46.1314 -9 5.86863
    endloop
  endfacet
  facet normal -0.772982 0 0.634428
    outer loop
      vertex 46.3304 -9 6.11109
      vertex 46.1314 -15 5.86863
      vertex 46.3304 -15 6.11109
    endloop
  endfacet
  facet normal 0.772982 -0 0.634428
    outer loop
      vertex 43.6696 -15 6.11109
      vertex 43.8686 -9 5.86863
      vertex 43.6696 -9 6.11109
    endloop
  endfacet
  facet normal 0.772982 0 0.634428
    outer loop
      vertex 43.8686 -9 5.86863
      vertex 43.6696 -15 6.11109
      vertex 43.8686 -15 5.86863
    endloop
  endfacet
  facet normal 0.471432 0 0.881902
    outer loop
      vertex 44.1111 -9 5.66965
      vertex 44.3877 -15 5.52179
      vertex 44.3877 -9 5.52179
    endloop
  endfacet
  facet normal 0.471432 0 0.881902
    outer loop
      vertex 44.3877 -15 5.52179
      vertex 44.1111 -9 5.66965
      vertex 44.1111 -15 5.66965
    endloop
  endfacet
  facet normal 0.290242 0 0.956953
    outer loop
      vertex 44.3877 -9 5.52179
      vertex 44.6879 -15 5.43074
      vertex 44.6879 -9 5.43074
    endloop
  endfacet
  facet normal 0.290242 0 0.956953
    outer loop
      vertex 44.6879 -15 5.43074
      vertex 44.3877 -9 5.52179
      vertex 44.3877 -15 5.52179
    endloop
  endfacet
  facet normal -0.956896 0 0.290432
    outer loop
      vertex 46.4782 -15 6.38771
      vertex 46.5693 -9 6.68786
      vertex 46.4782 -9 6.38771
    endloop
  endfacet
  facet normal -0.956896 0 0.290432
    outer loop
      vertex 46.5693 -9 6.68786
      vertex 46.4782 -15 6.38771
      vertex 46.5693 -15 6.68786
    endloop
  endfacet
  facet normal 0.699918 0 -0.714223
    outer loop
      vertex 43.8686 -15 8.13137
      vertex 45 -9 9.24011
      vertex 45 -15 9.24011
    endloop
  endfacet
  facet normal 0.699918 0 -0.714223
    outer loop
      vertex 45 -9 9.24011
      vertex 43.8686 -15 8.13137
      vertex 43.8686 -9 8.13137
    endloop
  endfacet
  facet normal -0.881996 0 0.471257
    outer loop
      vertex 46.3304 -15 6.11109
      vertex 46.4782 -9 6.38771
      vertex 46.3304 -9 6.11109
    endloop
  endfacet
  facet normal -0.881996 0 0.471257
    outer loop
      vertex 46.4782 -9 6.38771
      vertex 46.3304 -15 6.11109
      vertex 46.4782 -15 6.38771
    endloop
  endfacet
  facet normal -0.995198 0 0.097881
    outer loop
      vertex 46.5693 -15 6.68786
      vertex 46.6 -9 7
      vertex 46.5693 -9 6.68786
    endloop
  endfacet
  facet normal -0.995198 0 0.097881
    outer loop
      vertex 46.6 -9 7
      vertex 46.5693 -15 6.68786
      vertex 46.6 -15 7
    endloop
  endfacet
  facet normal 0.772982 0 -0.634428
    outer loop
      vertex 43.8686 -15 8.13137
      vertex 43.6696 -9 7.88891
      vertex 43.8686 -9 8.13137
    endloop
  endfacet
  facet normal 0.772982 0 -0.634428
    outer loop
      vertex 43.6696 -9 7.88891
      vertex 43.8686 -15 8.13137
      vertex 43.6696 -15 7.88891
    endloop
  endfacet
  facet normal 0.881996 -0 0.471257
    outer loop
      vertex 43.5218 -15 6.38771
      vertex 43.6696 -9 6.11109
      vertex 43.5218 -9 6.38771
    endloop
  endfacet
  facet normal 0.881996 0 0.471257
    outer loop
      vertex 43.6696 -9 6.11109
      vertex 43.5218 -15 6.38771
      vertex 43.6696 -15 6.11109
    endloop
  endfacet
  facet normal -0.699918 0 -0.714223
    outer loop
      vertex 45 -15 9.24011
      vertex 46.1314 -9 8.13137
      vertex 46.1314 -15 8.13137
    endloop
  endfacet
  facet normal -0.699918 0 -0.714223
    outer loop
      vertex 46.1314 -9 8.13137
      vertex 45 -15 9.24011
      vertex 45 -9 9.24011
    endloop
  endfacet
  facet normal -0.634327 0 0.773065
    outer loop
      vertex 45.8889 -9 5.66965
      vertex 46.1314 -15 5.86863
      vertex 46.1314 -9 5.86863
    endloop
  endfacet
  facet normal -0.634327 0 0.773065
    outer loop
      vertex 46.1314 -15 5.86863
      vertex 45.8889 -9 5.66965
      vertex 45.8889 -15 5.66965
    endloop
  endfacet
  facet normal -0.995198 0 -0.097881
    outer loop
      vertex 46.6 -15 7
      vertex 46.5693 -9 7.31214
      vertex 46.6 -9 7
    endloop
  endfacet
  facet normal -0.995198 -0 -0.097881
    outer loop
      vertex 46.5693 -9 7.31214
      vertex 46.6 -15 7
      vertex 46.5693 -15 7.31214
    endloop
  endfacet
  facet normal 0.881996 0 -0.471257
    outer loop
      vertex 43.6696 -15 7.88891
      vertex 43.5218 -9 7.61229
      vertex 43.6696 -9 7.88891
    endloop
  endfacet
  facet normal 0.881996 0 -0.471257
    outer loop
      vertex 43.5218 -9 7.61229
      vertex 43.6696 -15 7.88891
      vertex 43.5218 -15 7.61229
    endloop
  endfacet
  facet normal -0.772982 0 -0.634428
    outer loop
      vertex 46.3304 -15 7.88891
      vertex 46.1314 -9 8.13137
      vertex 46.3304 -9 7.88891
    endloop
  endfacet
  facet normal -0.772982 -0 -0.634428
    outer loop
      vertex 46.1314 -9 8.13137
      vertex 46.3304 -15 7.88891
      vertex 46.1314 -15 8.13137
    endloop
  endfacet
  facet normal 0.634327 0 0.773065
    outer loop
      vertex 43.8686 -9 5.86863
      vertex 44.1111 -15 5.66965
      vertex 44.1111 -9 5.66965
    endloop
  endfacet
  facet normal 0.634327 0 0.773065
    outer loop
      vertex 44.1111 -15 5.66965
      vertex 43.8686 -9 5.86863
      vertex 43.8686 -15 5.86863
    endloop
  endfacet
  facet normal -0.290242 0 0.956953
    outer loop
      vertex 45.3121 -9 5.43074
      vertex 45.6123 -15 5.52179
      vertex 45.6123 -9 5.52179
    endloop
  endfacet
  facet normal -0.290242 0 0.956953
    outer loop
      vertex 45.6123 -15 5.52179
      vertex 45.3121 -9 5.43074
      vertex 45.3121 -15 5.43074
    endloop
  endfacet
  facet normal -0.881996 0 -0.471257
    outer loop
      vertex 46.4782 -15 7.61229
      vertex 46.3304 -9 7.88891
      vertex 46.4782 -9 7.61229
    endloop
  endfacet
  facet normal -0.881996 -0 -0.471257
    outer loop
      vertex 46.3304 -9 7.88891
      vertex 46.4782 -15 7.61229
      vertex 46.3304 -15 7.88891
    endloop
  endfacet
  facet normal 0 -1 0
    outer loop
      vertex 43.8686 -9 8.13137
      vertex 46.1314 -9 8.13137
      vertex 45 -9 9.24011
    endloop
  endfacet
  facet normal 0 -1 0
    outer loop
      vertex 43.6696 -9 7.88891
      vertex 46.1314 -9 8.13137
      vertex 43.8686 -9 8.13137
    endloop
  endfacet
  facet normal 0 -1 0
    outer loop
      vertex 43.6696 -9 7.88891
      vertex 46.3304 -9 7.88891
      vertex 46.1314 -9 8.13137
    endloop
  endfacet
  facet normal 0 -1 0
    outer loop
      vertex 43.5218 -9 7.61229
      vertex 46.3304 -9 7.88891
      vertex 43.6696 -9 7.88891
    endloop
  endfacet
  facet normal 0 -1 0
    outer loop
      vertex 43.5218 -9 7.61229
      vertex 46.4782 -9 7.61229
      vertex 46.3304 -9 7.88891
    endloop
  endfacet
  facet normal 0 -1 0
    outer loop
      vertex 43.4307 -9 7.31214
      vertex 46.4782 -9 7.61229
      vertex 43.5218 -9 7.61229
    endloop
  endfacet
  facet normal 0 -1 0
    outer loop
      vertex 43.4307 -9 7.31214
      vertex 46.5693 -9 7.31214
      vertex 46.4782 -9 7.61229
    endloop
  endfacet
  facet normal 0 -1 0
    outer loop
      vertex 43.4 -9 7
      vertex 46.5693 -9 7.31214
      vertex 43.4307 -9 7.31214
    endloop
  endfacet
  facet normal 0 -1 0
    outer loop
      vertex 43.4 -9 7
      vertex 46.6 -9 7
      vertex 46.5693 -9 7.31214
    endloop
  endfacet
  facet normal 0 -1 0
    outer loop
      vertex 43.4307 -9 6.68786
      vertex 46.6 -9 7
      vertex 43.4 -9 7
    endloop
  endfacet
  facet normal 0 -1 0
    outer loop
      vertex 43.4307 -9 6.68786
      vertex 46.5693 -9 6.68786
      vertex 46.6 -9 7
    endloop
  endfacet
  facet normal 0 -1 0
    outer loop
      vertex 43.5218 -9 6.38771
      vertex 46.5693 -9 6.68786
      vertex 43.4307 -9 6.68786
    endloop
  endfacet
  facet normal 0 -1 0
    outer loop
      vertex 43.5218 -9 6.38771
      vertex 46.4782 -9 6.38771
      vertex 46.5693 -9 6.68786
    endloop
  endfacet
  facet normal 0 -1 0
    outer loop
      vertex 43.6696 -9 6.11109
      vertex 46.4782 -9 6.38771
      vertex 43.5218 -9 6.38771
    endloop
  endfacet
  facet normal 0 -1 0
    outer loop
      vertex 43.6696 -9 6.11109
      vertex 46.3304 -9 6.11109
      vertex 46.4782 -9 6.38771
    endloop
  endfacet
  facet normal 0 -1 0
    outer loop
      vertex 43.8686 -9 5.86863
      vertex 46.3304 -9 6.11109
      vertex 43.6696 -9 6.11109
    endloop
  endfacet
  facet normal 0 -1 0
    outer loop
      vertex 43.8686 -9 5.86863
      vertex 46.1314 -9 5.86863
      vertex 46.3304 -9 6.11109
    endloop
  endfacet
  facet normal 0 -1 0
    outer loop
      vertex 44.1111 -9 5.66965
      vertex 46.1314 -9 5.86863
      vertex 43.8686 -9 5.86863
    endloop
  endfacet
  facet normal 0 -1 0
    outer loop
      vertex 44.1111 -9 5.66965
      vertex 45.8889 -9 5.66965
      vertex 46.1314 -9 5.86863
    endloop
  endfacet
  facet normal 0 -1 0
    outer loop
      vertex 44.3877 -9 5.52179
      vertex 45.8889 -9 5.66965
      vertex 44.1111 -9 5.66965
    endloop
  endfacet
  facet normal 0 -1 0
    outer loop
      vertex 44.3877 -9 5.52179
      vertex 45.6123 -9 5.52179
      vertex 45.8889 -9 5.66965
    endloop
  endfacet
  facet normal 0 -1 0
    outer loop
      vertex 44.6879 -9 5.43074
      vertex 45.6123 -9 5.52179
      vertex 44.3877 -9 5.52179
    endloop
  endfacet
  facet normal 0 -1 0
    outer loop
      vertex 44.6879 -9 5.43074
      vertex 45.3121 -9 5.43074
      vertex 45.6123 -9 5.52179
    endloop
  endfacet
  facet normal -0 -1 0
    outer loop
      vertex 45.3121 -9 5.43074
      vertex 44.6879 -9 5.43074
      vertex 45 -9 5.4
    endloop
  endfacet
  facet normal -0.471432 0 0.881902
    outer loop
      vertex 45.6123 -9 5.52179
      vertex 45.8889 -15 5.66965
      vertex 45.8889 -9 5.66965
    endloop
  endfacet
  facet normal -0.471432 0 0.881902
    outer loop
      vertex 45.8889 -15 5.66965
      vertex 45.6123 -9 5.52179
      vertex 45.6123 -15 5.52179
    endloop
  endfacet
  facet normal 0.995198 -0 0.097881
    outer loop
      vertex 43.4 -15 7
      vertex 43.4307 -9 6.68786
      vertex 43.4 -9 7
    endloop
  endfacet
  facet normal 0.995198 0 0.097881
    outer loop
      vertex 43.4307 -9 6.68786
      vertex 43.4 -15 7
      vertex 43.4307 -15 6.68786
    endloop
  endfacet
  facet normal 0.0980198 0 0.995184
    outer loop
      vertex 44.6879 -9 5.43074
      vertex 45 -15 5.4
      vertex 45 -9 5.4
    endloop
  endfacet
  facet normal 0.0980198 0 0.995184
    outer loop
      vertex 45 -15 5.4
      vertex 44.6879 -9 5.43074
      vertex 44.6879 -15 5.43074
    endloop
  endfacet
  facet normal 0.956896 -0 0.290432
    outer loop
      vertex 43.4307 -15 6.68786
      vertex 43.5218 -9 6.38771
      vertex 43.4307 -9 6.68786
    endloop
  endfacet
  facet normal 0.956896 0 0.290432
    outer loop
      vertex 43.5218 -9 6.38771
      vertex 43.4307 -15 6.68786
      vertex 43.5218 -15 6.38771
    endloop
  endfacet
  facet normal -0.0980198 0 0.995184
    outer loop
      vertex 14 15 3.4
      vertex 14.3121 9 3.43074
      vertex 14.3121 15 3.43074
    endloop
  endfacet
  facet normal -0.0980198 0 0.995184
    outer loop
      vertex 14.3121 9 3.43074
      vertex 14 15 3.4
      vertex 14 9 3.4
    endloop
  endfacet
  facet normal 0.995198 0 -0.097881
    outer loop
      vertex 12.4307 9 5.31214
      vertex 12.4 15 5
      vertex 12.4307 15 5.31214
    endloop
  endfacet
  facet normal 0.995198 0 -0.097881
    outer loop
      vertex 12.4 15 5
      vertex 12.4307 9 5.31214
      vertex 12.4 9 5
    endloop
  endfacet
  facet normal -0.956896 0 -0.290432
    outer loop
      vertex 15.5693 9 5.31214
      vertex 15.4782 15 5.61229
      vertex 15.5693 15 5.31214
    endloop
  endfacet
  facet normal -0.956896 -0 -0.290432
    outer loop
      vertex 15.4782 15 5.61229
      vertex 15.5693 9 5.31214
      vertex 15.4782 9 5.61229
    endloop
  endfacet
  facet normal 0.956896 0 -0.290432
    outer loop
      vertex 12.5218 9 5.61229
      vertex 12.4307 15 5.31214
      vertex 12.5218 15 5.61229
    endloop
  endfacet
  facet normal 0.956896 0 -0.290432
    outer loop
      vertex 12.4307 15 5.31214
      vertex 12.5218 9 5.61229
      vertex 12.4307 9 5.31214
    endloop
  endfacet
  facet normal -0.772982 0 0.634428
    outer loop
      vertex 15.1314 9 3.86863
      vertex 15.3304 15 4.11109
      vertex 15.1314 15 3.86863
    endloop
  endfacet
  facet normal -0.772982 0 0.634428
    outer loop
      vertex 15.3304 15 4.11109
      vertex 15.1314 9 3.86863
      vertex 15.3304 9 4.11109
    endloop
  endfacet
  facet normal 0.772982 -0 0.634428
    outer loop
      vertex 12.6696 9 4.11109
      vertex 12.8686 15 3.86863
      vertex 12.6696 15 4.11109
    endloop
  endfacet
  facet normal 0.772982 0 0.634428
    outer loop
      vertex 12.8686 15 3.86863
      vertex 12.6696 9 4.11109
      vertex 12.8686 9 3.86863
    endloop
  endfacet
  facet normal 0.471432 0 0.881902
    outer loop
      vertex 13.1111 15 3.66965
      vertex 13.3877 9 3.52179
      vertex 13.3877 15 3.52179
    endloop
  endfacet
  facet normal 0.471432 0 0.881902
    outer loop
      vertex 13.3877 9 3.52179
      vertex 13.1111 15 3.66965
      vertex 13.1111 9 3.66965
    endloop
  endfacet
  facet normal 0.290242 0 0.956953
    outer loop
      vertex 13.3877 15 3.52179
      vertex 13.6879 9 3.43074
      vertex 13.6879 15 3.43074
    endloop
  endfacet
  facet normal 0.290242 0 0.956953
    outer loop
      vertex 13.6879 9 3.43074
      vertex 13.3877 15 3.52179
      vertex 13.3877 9 3.52179
    endloop
  endfacet
  facet normal -0.956896 0 0.290432
    outer loop
      vertex 15.4782 9 4.38771
      vertex 15.5693 15 4.68786
      vertex 15.4782 15 4.38771
    endloop
  endfacet
  facet normal -0.956896 0 0.290432
    outer loop
      vertex 15.5693 15 4.68786
      vertex 15.4782 9 4.38771
      vertex 15.5693 9 4.68786
    endloop
  endfacet
  facet normal 0.699918 0 -0.714223
    outer loop
      vertex 12.8686 9 6.13137
      vertex 14 15 7.24011
      vertex 14 9 7.24011
    endloop
  endfacet
  facet normal 0.699918 0 -0.714223
    outer loop
      vertex 14 15 7.24011
      vertex 12.8686 9 6.13137
      vertex 12.8686 15 6.13137
    endloop
  endfacet
  facet normal -0.881996 0 0.471257
    outer loop
      vertex 15.3304 9 4.11109
      vertex 15.4782 15 4.38771
      vertex 15.3304 15 4.11109
    endloop
  endfacet
  facet normal -0.881996 0 0.471257
    outer loop
      vertex 15.4782 15 4.38771
      vertex 15.3304 9 4.11109
      vertex 15.4782 9 4.38771
    endloop
  endfacet
  facet normal -0.995198 0 0.097881
    outer loop
      vertex 15.5693 9 4.68786
      vertex 15.6 15 5
      vertex 15.5693 15 4.68786
    endloop
  endfacet
  facet normal -0.995198 0 0.097881
    outer loop
      vertex 15.6 15 5
      vertex 15.5693 9 4.68786
      vertex 15.6 9 5
    endloop
  endfacet
  facet normal 0.772982 0 -0.634428
    outer loop
      vertex 12.8686 9 6.13137
      vertex 12.6696 15 5.88891
      vertex 12.8686 15 6.13137
    endloop
  endfacet
  facet normal 0.772982 0 -0.634428
    outer loop
      vertex 12.6696 15 5.88891
      vertex 12.8686 9 6.13137
      vertex 12.6696 9 5.88891
    endloop
  endfacet
  facet normal 0 1 0
    outer loop
      vertex 15.1314 9 6.13137
      vertex 12.8686 9 6.13137
      vertex 14 9 7.24011
    endloop
  endfacet
  facet normal 0 1 0
    outer loop
      vertex 15.3304 9 5.88891
      vertex 12.8686 9 6.13137
      vertex 15.1314 9 6.13137
    endloop
  endfacet
  facet normal 0 1 0
    outer loop
      vertex 15.3304 9 5.88891
      vertex 12.6696 9 5.88891
      vertex 12.8686 9 6.13137
    endloop
  endfacet
  facet normal 0 1 0
    outer loop
      vertex 15.4782 9 5.61229
      vertex 12.6696 9 5.88891
      vertex 15.3304 9 5.88891
    endloop
  endfacet
  facet normal 0 1 0
    outer loop
      vertex 15.4782 9 5.61229
      vertex 12.5218 9 5.61229
      vertex 12.6696 9 5.88891
    endloop
  endfacet
  facet normal 0 1 0
    outer loop
      vertex 15.5693 9 5.31214
      vertex 12.5218 9 5.61229
      vertex 15.4782 9 5.61229
    endloop
  endfacet
  facet normal 0 1 0
    outer loop
      vertex 15.5693 9 5.31214
      vertex 12.4307 9 5.31214
      vertex 12.5218 9 5.61229
    endloop
  endfacet
  facet normal 0 1 0
    outer loop
      vertex 15.6 9 5
      vertex 12.4307 9 5.31214
      vertex 15.5693 9 5.31214
    endloop
  endfacet
  facet normal 0 1 0
    outer loop
      vertex 15.6 9 5
      vertex 12.4 9 5
      vertex 12.4307 9 5.31214
    endloop
  endfacet
  facet normal 0 1 -0
    outer loop
      vertex 15.5693 9 4.68786
      vertex 12.4 9 5
      vertex 15.6 9 5
    endloop
  endfacet
  facet normal 0 1 0
    outer loop
      vertex 15.5693 9 4.68786
      vertex 12.4307 9 4.68786
      vertex 12.4 9 5
    endloop
  endfacet
  facet normal 0 1 -0
    outer loop
      vertex 15.4782 9 4.38771
      vertex 12.4307 9 4.68786
      vertex 15.5693 9 4.68786
    endloop
  endfacet
  facet normal 0 1 0
    outer loop
      vertex 15.4782 9 4.38771
      vertex 12.5218 9 4.38771
      vertex 12.4307 9 4.68786
    endloop
  endfacet
  facet normal 0 1 -0
    outer loop
      vertex 15.3304 9 4.11109
      vertex 12.5218 9 4.38771
      vertex 15.4782 9 4.38771
    endloop
  endfacet
  facet normal 0 1 0
    outer loop
      vertex 15.3304 9 4.11109
      vertex 12.6696 9 4.11109
      vertex 12.5218 9 4.38771
    endloop
  endfacet
  facet normal 0 1 -0
    outer loop
      vertex 15.1314 9 3.86863
      vertex 12.6696 9 4.11109
      vertex 15.3304 9 4.11109
    endloop
  endfacet
  facet normal 0 1 0
    outer loop
      vertex 15.1314 9 3.86863
      vertex 12.8686 9 3.86863
      vertex 12.6696 9 4.11109
    endloop
  endfacet
  facet normal 0 1 -0
    outer loop
      vertex 14.8889 9 3.66965
      vertex 12.8686 9 3.86863
      vertex 15.1314 9 3.86863
    endloop
  endfacet
  facet normal 0 1 0
    outer loop
      vertex 14.8889 9 3.66965
      vertex 13.1111 9 3.66965
      vertex 12.8686 9 3.86863
    endloop
  endfacet
  facet normal 0 1 -0
    outer loop
      vertex 14.6123 9 3.52179
      vertex 13.1111 9 3.66965
      vertex 14.8889 9 3.66965
    endloop
  endfacet
  facet normal 0 1 0
    outer loop
      vertex 14.6123 9 3.52179
      vertex 13.3877 9 3.52179
      vertex 13.1111 9 3.66965
    endloop
  endfacet
  facet normal 0 1 -0
    outer loop
      vertex 14.3121 9 3.43074
      vertex 13.3877 9 3.52179
      vertex 14.6123 9 3.52179
    endloop
  endfacet
  facet normal 0 1 0
    outer loop
      vertex 14.3121 9 3.43074
      vertex 13.6879 9 3.43074
      vertex 13.3877 9 3.52179
    endloop
  endfacet
  facet normal -0 1 0
    outer loop
      vertex 13.6879 9 3.43074
      vertex 14.3121 9 3.43074
      vertex 14 9 3.4
    endloop
  endfacet
  facet normal 0.881996 -0 0.471257
    outer loop
      vertex 12.5218 9 4.38771
      vertex 12.6696 15 4.11109
      vertex 12.5218 15 4.38771
    endloop
  endfacet
  facet normal 0.881996 0 0.471257
    outer loop
      vertex 12.6696 15 4.11109
      vertex 12.5218 9 4.38771
      vertex 12.6696 9 4.11109
    endloop
  endfacet
  facet normal -0.699918 0 -0.714223
    outer loop
      vertex 14 9 7.24011
      vertex 15.1314 15 6.13137
      vertex 15.1314 9 6.13137
    endloop
  endfacet
  facet normal -0.699918 0 -0.714223
    outer loop
      vertex 15.1314 15 6.13137
      vertex 14 9 7.24011
      vertex 14 15 7.24011
    endloop
  endfacet
  facet normal -0.634327 0 0.773065
    outer loop
      vertex 14.8889 15 3.66965
      vertex 15.1314 9 3.86863
      vertex 15.1314 15 3.86863
    endloop
  endfacet
  facet normal -0.634327 0 0.773065
    outer loop
      vertex 15.1314 9 3.86863
      vertex 14.8889 15 3.66965
      vertex 14.8889 9 3.66965
    endloop
  endfacet
  facet normal -0.995198 0 -0.097881
    outer loop
      vertex 15.6 9 5
      vertex 15.5693 15 5.31214
      vertex 15.6 15 5
    endloop
  endfacet
  facet normal -0.995198 -0 -0.097881
    outer loop
      vertex 15.5693 15 5.31214
      vertex 15.6 9 5
      vertex 15.5693 9 5.31214
    endloop
  endfacet
  facet normal 0.881996 0 -0.471257
    outer loop
      vertex 12.6696 9 5.88891
      vertex 12.5218 15 5.61229
      vertex 12.6696 15 5.88891
    endloop
  endfacet
  facet normal 0.881996 0 -0.471257
    outer loop
      vertex 12.5218 15 5.61229
      vertex 12.6696 9 5.88891
      vertex 12.5218 9 5.61229
    endloop
  endfacet
  facet normal -0.772982 0 -0.634428
    outer loop
      vertex 15.3304 9 5.88891
      vertex 15.1314 15 6.13137
      vertex 15.3304 15 5.88891
    endloop
  endfacet
  facet normal -0.772982 -0 -0.634428
    outer loop
      vertex 15.1314 15 6.13137
      vertex 15.3304 9 5.88891
      vertex 15.1314 9 6.13137
    endloop
  endfacet
  facet normal 0.634327 0 0.773065
    outer loop
      vertex 12.8686 15 3.86863
      vertex 13.1111 9 3.66965
      vertex 13.1111 15 3.66965
    endloop
  endfacet
  facet normal 0.634327 0 0.773065
    outer loop
      vertex 13.1111 9 3.66965
      vertex 12.8686 15 3.86863
      vertex 12.8686 9 3.86863
    endloop
  endfacet
  facet normal -0.290242 0 0.956953
    outer loop
      vertex 14.3121 15 3.43074
      vertex 14.6123 9 3.52179
      vertex 14.6123 15 3.52179
    endloop
  endfacet
  facet normal -0.290242 0 0.956953
    outer loop
      vertex 14.6123 9 3.52179
      vertex 14.3121 15 3.43074
      vertex 14.3121 9 3.43074
    endloop
  endfacet
  facet normal -0.881996 0 -0.471257
    outer loop
      vertex 15.4782 9 5.61229
      vertex 15.3304 15 5.88891
      vertex 15.4782 15 5.61229
    endloop
  endfacet
  facet normal -0.881996 -0 -0.471257
    outer loop
      vertex 15.3304 15 5.88891
      vertex 15.4782 9 5.61229
      vertex 15.3304 9 5.88891
    endloop
  endfacet
  facet normal -0.471432 0 0.881902
    outer loop
      vertex 14.6123 15 3.52179
      vertex 14.8889 9 3.66965
      vertex 14.8889 15 3.66965
    endloop
  endfacet
  facet normal -0.471432 0 0.881902
    outer loop
      vertex 14.8889 9 3.66965
      vertex 14.6123 15 3.52179
      vertex 14.6123 9 3.52179
    endloop
  endfacet
  facet normal 0.995198 -0 0.097881
    outer loop
      vertex 12.4 9 5
      vertex 12.4307 15 4.68786
      vertex 12.4 15 5
    endloop
  endfacet
  facet normal 0.995198 0 0.097881
    outer loop
      vertex 12.4307 15 4.68786
      vertex 12.4 9 5
      vertex 12.4307 9 4.68786
    endloop
  endfacet
  facet normal 0.0980198 0 0.995184
    outer loop
      vertex 13.6879 15 3.43074
      vertex 14 9 3.4
      vertex 14 15 3.4
    endloop
  endfacet
  facet normal 0.0980198 0 0.995184
    outer loop
      vertex 14 9 3.4
      vertex 13.6879 15 3.43074
      vertex 13.6879 9 3.43074
    endloop
  endfacet
  facet normal 0.956896 -0 0.290432
    outer loop
      vertex 12.4307 9 4.68786
      vertex 12.5218 15 4.38771
      vertex 12.4307 15 4.68786
    endloop
  endfacet
  facet normal 0.956896 0 0.290432
    outer loop
      vertex 12.5218 15 4.38771
      vertex 12.4307 9 4.68786
      vertex 12.5218 9 4.38771
    endloop
  endfacet
  facet normal -0.0980198 0 0.995184
    outer loop
      vertex 14 -9 3.4
      vertex 14.3121 -15 3.43074
      vertex 14.3121 -9 3.43074
    endloop
  endfacet
  facet normal -0.0980198 0 0.995184
    outer loop
      vertex 14.3121 -15 3.43074
      vertex 14 -9 3.4
      vertex 14 -15 3.4
    endloop
  endfacet
  facet normal 0.995198 0 -0.097881
    outer loop
      vertex 12.4307 -15 5.31214
      vertex 12.4 -9 5
      vertex 12.4307 -9 5.31214
    endloop
  endfacet
  facet normal 0.995198 0 -0.097881
    outer loop
      vertex 12.4 -9 5
      vertex 12.4307 -15 5.31214
      vertex 12.4 -15 5
    endloop
  endfacet
  facet normal -0.956896 0 -0.290432
    outer loop
      vertex 15.5693 -15 5.31214
      vertex 15.4782 -9 5.61229
      vertex 15.5693 -9 5.31214
    endloop
  endfacet
  facet normal -0.956896 -0 -0.290432
    outer loop
      vertex 15.4782 -9 5.61229
      vertex 15.5693 -15 5.31214
      vertex 15.4782 -15 5.61229
    endloop
  endfacet
  facet normal 0.956896 0 -0.290432
    outer loop
      vertex 12.5218 -15 5.61229
      vertex 12.4307 -9 5.31214
      vertex 12.5218 -9 5.61229
    endloop
  endfacet
  facet normal 0.956896 0 -0.290432
    outer loop
      vertex 12.4307 -9 5.31214
      vertex 12.5218 -15 5.61229
      vertex 12.4307 -15 5.31214
    endloop
  endfacet
  facet normal -0.772982 0 0.634428
    outer loop
      vertex 15.1314 -15 3.86863
      vertex 15.3304 -9 4.11109
      vertex 15.1314 -9 3.86863
    endloop
  endfacet
  facet normal -0.772982 0 0.634428
    outer loop
      vertex 15.3304 -9 4.11109
      vertex 15.1314 -15 3.86863
      vertex 15.3304 -15 4.11109
    endloop
  endfacet
  facet normal 0.772982 -0 0.634428
    outer loop
      vertex 12.6696 -15 4.11109
      vertex 12.8686 -9 3.86863
      vertex 12.6696 -9 4.11109
    endloop
  endfacet
  facet normal 0.772982 0 0.634428
    outer loop
      vertex 12.8686 -9 3.86863
      vertex 12.6696 -15 4.11109
      vertex 12.8686 -15 3.86863
    endloop
  endfacet
  facet normal 0.471432 0 0.881902
    outer loop
      vertex 13.1111 -9 3.66965
      vertex 13.3877 -15 3.52179
      vertex 13.3877 -9 3.52179
    endloop
  endfacet
  facet normal 0.471432 0 0.881902
    outer loop
      vertex 13.3877 -15 3.52179
      vertex 13.1111 -9 3.66965
      vertex 13.1111 -15 3.66965
    endloop
  endfacet
  facet normal 0.290242 0 0.956953
    outer loop
      vertex 13.3877 -9 3.52179
      vertex 13.6879 -15 3.43074
      vertex 13.6879 -9 3.43074
    endloop
  endfacet
  facet normal 0.290242 0 0.956953
    outer loop
      vertex 13.6879 -15 3.43074
      vertex 13.3877 -9 3.52179
      vertex 13.3877 -15 3.52179
    endloop
  endfacet
  facet normal -0.956896 0 0.290432
    outer loop
      vertex 15.4782 -15 4.38771
      vertex 15.5693 -9 4.68786
      vertex 15.4782 -9 4.38771
    endloop
  endfacet
  facet normal -0.956896 0 0.290432
    outer loop
      vertex 15.5693 -9 4.68786
      vertex 15.4782 -15 4.38771
      vertex 15.5693 -15 4.68786
    endloop
  endfacet
  facet normal 0.699918 0 -0.714223
    outer loop
      vertex 12.8686 -15 6.13137
      vertex 14 -9 7.24011
      vertex 14 -15 7.24011
    endloop
  endfacet
  facet normal 0.699918 0 -0.714223
    outer loop
      vertex 14 -9 7.24011
      vertex 12.8686 -15 6.13137
      vertex 12.8686 -9 6.13137
    endloop
  endfacet
  facet normal -0.881996 0 0.471257
    outer loop
      vertex 15.3304 -15 4.11109
      vertex 15.4782 -9 4.38771
      vertex 15.3304 -9 4.11109
    endloop
  endfacet
  facet normal -0.881996 0 0.471257
    outer loop
      vertex 15.4782 -9 4.38771
      vertex 15.3304 -15 4.11109
      vertex 15.4782 -15 4.38771
    endloop
  endfacet
  facet normal -0.995198 0 0.097881
    outer loop
      vertex 15.5693 -15 4.68786
      vertex 15.6 -9 5
      vertex 15.5693 -9 4.68786
    endloop
  endfacet
  facet normal -0.995198 0 0.097881
    outer loop
      vertex 15.6 -9 5
      vertex 15.5693 -15 4.68786
      vertex 15.6 -15 5
    endloop
  endfacet
  facet normal 0.772982 0 -0.634428
    outer loop
      vertex 12.8686 -15 6.13137
      vertex 12.6696 -9 5.88891
      vertex 12.8686 -9 6.13137
    endloop
  endfacet
  facet normal 0.772982 0 -0.634428
    outer loop
      vertex 12.6696 -9 5.88891
      vertex 12.8686 -15 6.13137
      vertex 12.6696 -15 5.88891
    endloop
  endfacet
  facet normal 0.881996 -0 0.471257
    outer loop
      vertex 12.5218 -15 4.38771
      vertex 12.6696 -9 4.11109
      vertex 12.5218 -9 4.38771
    endloop
  endfacet
  facet normal 0.881996 0 0.471257
    outer loop
      vertex 12.6696 -9 4.11109
      vertex 12.5218 -15 4.38771
      vertex 12.6696 -15 4.11109
    endloop
  endfacet
  facet normal -0.699918 0 -0.714223
    outer loop
      vertex 14 -15 7.24011
      vertex 15.1314 -9 6.13137
      vertex 15.1314 -15 6.13137
    endloop
  endfacet
  facet normal -0.699918 0 -0.714223
    outer loop
      vertex 15.1314 -9 6.13137
      vertex 14 -15 7.24011
      vertex 14 -9 7.24011
    endloop
  endfacet
  facet normal -0.634327 0 0.773065
    outer loop
      vertex 14.8889 -9 3.66965
      vertex 15.1314 -15 3.86863
      vertex 15.1314 -9 3.86863
    endloop
  endfacet
  facet normal -0.634327 0 0.773065
    outer loop
      vertex 15.1314 -15 3.86863
      vertex 14.8889 -9 3.66965
      vertex 14.8889 -15 3.66965
    endloop
  endfacet
  facet normal -0.995198 0 -0.097881
    outer loop
      vertex 15.6 -15 5
      vertex 15.5693 -9 5.31214
      vertex 15.6 -9 5
    endloop
  endfacet
  facet normal -0.995198 -0 -0.097881
    outer loop
      vertex 15.5693 -9 5.31214
      vertex 15.6 -15 5
      vertex 15.5693 -15 5.31214
    endloop
  endfacet
  facet normal 0.881996 0 -0.471257
    outer loop
      vertex 12.6696 -15 5.88891
      vertex 12.5218 -9 5.61229
      vertex 12.6696 -9 5.88891
    endloop
  endfacet
  facet normal 0.881996 0 -0.471257
    outer loop
      vertex 12.5218 -9 5.61229
      vertex 12.6696 -15 5.88891
      vertex 12.5218 -15 5.61229
    endloop
  endfacet
  facet normal -0.772982 0 -0.634428
    outer loop
      vertex 15.3304 -15 5.88891
      vertex 15.1314 -9 6.13137
      vertex 15.3304 -9 5.88891
    endloop
  endfacet
  facet normal -0.772982 -0 -0.634428
    outer loop
      vertex 15.1314 -9 6.13137
      vertex 15.3304 -15 5.88891
      vertex 15.1314 -15 6.13137
    endloop
  endfacet
  facet normal 0.634327 0 0.773065
    outer loop
      vertex 12.8686 -9 3.86863
      vertex 13.1111 -15 3.66965
      vertex 13.1111 -9 3.66965
    endloop
  endfacet
  facet normal 0.634327 0 0.773065
    outer loop
      vertex 13.1111 -15 3.66965
      vertex 12.8686 -9 3.86863
      vertex 12.8686 -15 3.86863
    endloop
  endfacet
  facet normal -0.290242 0 0.956953
    outer loop
      vertex 14.3121 -9 3.43074
      vertex 14.6123 -15 3.52179
      vertex 14.6123 -9 3.52179
    endloop
  endfacet
  facet normal -0.290242 0 0.956953
    outer loop
      vertex 14.6123 -15 3.52179
      vertex 14.3121 -9 3.43074
      vertex 14.3121 -15 3.43074
    endloop
  endfacet
  facet normal -0.881996 0 -0.471257
    outer loop
      vertex 15.4782 -15 5.61229
      vertex 15.3304 -9 5.88891
      vertex 15.4782 -9 5.61229
    endloop
  endfacet
  facet normal -0.881996 -0 -0.471257
    outer loop
      vertex 15.3304 -9 5.88891
      vertex 15.4782 -15 5.61229
      vertex 15.3304 -15 5.88891
    endloop
  endfacet
  facet normal 0 -1 0
    outer loop
      vertex 12.8686 -9 6.13137
      vertex 15.1314 -9 6.13137
      vertex 14 -9 7.24011
    endloop
  endfacet
  facet normal 0 -1 0
    outer loop
      vertex 12.6696 -9 5.88891
      vertex 15.1314 -9 6.13137
      vertex 12.8686 -9 6.13137
    endloop
  endfacet
  facet normal 0 -1 0
    outer loop
      vertex 12.6696 -9 5.88891
      vertex 15.3304 -9 5.88891
      vertex 15.1314 -9 6.13137
    endloop
  endfacet
  facet normal 0 -1 0
    outer loop
      vertex 12.5218 -9 5.61229
      vertex 15.3304 -9 5.88891
      vertex 12.6696 -9 5.88891
    endloop
  endfacet
  facet normal 0 -1 0
    outer loop
      vertex 12.5218 -9 5.61229
      vertex 15.4782 -9 5.61229
      vertex 15.3304 -9 5.88891
    endloop
  endfacet
  facet normal 0 -1 0
    outer loop
      vertex 12.4307 -9 5.31214
      vertex 15.4782 -9 5.61229
      vertex 12.5218 -9 5.61229
    endloop
  endfacet
  facet normal 0 -1 0
    outer loop
      vertex 12.4307 -9 5.31214
      vertex 15.5693 -9 5.31214
      vertex 15.4782 -9 5.61229
    endloop
  endfacet
  facet normal 0 -1 0
    outer loop
      vertex 12.4 -9 5
      vertex 15.5693 -9 5.31214
      vertex 12.4307 -9 5.31214
    endloop
  endfacet
  facet normal 0 -1 0
    outer loop
      vertex 12.4 -9 5
      vertex 15.6 -9 5
      vertex 15.5693 -9 5.31214
    endloop
  endfacet
  facet normal 0 -1 0
    outer loop
      vertex 12.4307 -9 4.68786
      vertex 15.6 -9 5
      vertex 12.4 -9 5
    endloop
  endfacet
  facet normal 0 -1 0
    outer loop
      vertex 12.4307 -9 4.68786
      vertex 15.5693 -9 4.68786
      vertex 15.6 -9 5
    endloop
  endfacet
  facet normal 0 -1 0
    outer loop
      vertex 12.5218 -9 4.38771
      vertex 15.5693 -9 4.68786
      vertex 12.4307 -9 4.68786
    endloop
  endfacet
  facet normal 0 -1 0
    outer loop
      vertex 12.5218 -9 4.38771
      vertex 15.4782 -9 4.38771
      vertex 15.5693 -9 4.68786
    endloop
  endfacet
  facet normal 0 -1 0
    outer loop
      vertex 12.6696 -9 4.11109
      vertex 15.4782 -9 4.38771
      vertex 12.5218 -9 4.38771
    endloop
  endfacet
  facet normal 0 -1 0
    outer loop
      vertex 12.6696 -9 4.11109
      vertex 15.3304 -9 4.11109
      vertex 15.4782 -9 4.38771
    endloop
  endfacet
  facet normal 0 -1 0
    outer loop
      vertex 12.8686 -9 3.86863
      vertex 15.3304 -9 4.11109
      vertex 12.6696 -9 4.11109
    endloop
  endfacet
  facet normal 0 -1 0
    outer loop
      vertex 12.8686 -9 3.86863
      vertex 15.1314 -9 3.86863
      vertex 15.3304 -9 4.11109
    endloop
  endfacet
  facet normal 0 -1 0
    outer loop
      vertex 13.1111 -9 3.66965
      vertex 15.1314 -9 3.86863
      vertex 12.8686 -9 3.86863
    endloop
  endfacet
  facet normal 0 -1 0
    outer loop
      vertex 13.1111 -9 3.66965
      vertex 14.8889 -9 3.66965
      vertex 15.1314 -9 3.86863
    endloop
  endfacet
  facet normal 0 -1 0
    outer loop
      vertex 13.3877 -9 3.52179
      vertex 14.8889 -9 3.66965
      vertex 13.1111 -9 3.66965
    endloop
  endfacet
  facet normal 0 -1 0
    outer loop
      vertex 13.3877 -9 3.52179
      vertex 14.6123 -9 3.52179
      vertex 14.8889 -9 3.66965
    endloop
  endfacet
  facet normal 0 -1 0
    outer loop
      vertex 13.6879 -9 3.43074
      vertex 14.6123 -9 3.52179
      vertex 13.3877 -9 3.52179
    endloop
  endfacet
  facet normal 0 -1 0
    outer loop
      vertex 13.6879 -9 3.43074
      vertex 14.3121 -9 3.43074
      vertex 14.6123 -9 3.52179
    endloop
  endfacet
  facet normal -0 -1 0
    outer loop
      vertex 14.3121 -9 3.43074
      vertex 13.6879 -9 3.43074
      vertex 14 -9 3.4
    endloop
  endfacet
  facet normal 0.0980198 0 0.995184
    outer loop
      vertex 13.6879 -9 3.43074
      vertex 14 -15 3.4
      vertex 14 -9 3.4
    endloop
  endfacet
  facet normal 0.0980198 0 0.995184
    outer loop
      vertex 14 -15 3.4
      vertex 13.6879 -9 3.43074
      vertex 13.6879 -15 3.43074
    endloop
  endfacet
  facet normal -0.471432 0 0.881902
    outer loop
      vertex 14.6123 -9 3.52179
      vertex 14.8889 -15 3.66965
      vertex 14.8889 -9 3.66965
    endloop
  endfacet
  facet normal -0.471432 0 0.881902
    outer loop
      vertex 14.8889 -15 3.66965
      vertex 14.6123 -9 3.52179
      vertex 14.6123 -15 3.52179
    endloop
  endfacet
  facet normal 0.995198 -0 0.097881
    outer loop
      vertex 12.4 -15 5
      vertex 12.4307 -9 4.68786
      vertex 12.4 -9 5
    endloop
  endfacet
  facet normal 0.995198 0 0.097881
    outer loop
      vertex 12.4307 -9 4.68786
      vertex 12.4 -15 5
      vertex 12.4307 -15 4.68786
    endloop
  endfacet
  facet normal 0.956896 -0 0.290432
    outer loop
      vertex 12.4307 -15 4.68786
      vertex 12.5218 -9 4.38771
      vertex 12.4307 -9 4.68786
    endloop
  endfacet
  facet normal 0.956896 0 0.290432
    outer loop
      vertex 12.5218 -9 4.38771
      vertex 12.4307 -15 4.68786
      vertex 12.5218 -15 4.38771
    endloop
  endfacet
  facet normal 0 0 -1
    outer loop
      vertex 53.8 -6.2 14.2
      vertex 60 6.2 14.2
      vertex 60 -6.2 14.2
    endloop
  endfacet
  facet normal -0 0 -1
    outer loop
      vertex 60 6.2 14.2
      vertex 53.8 -6.2 14.2
      vertex 53.8 6.2 14.2
    endloop
  endfacet
  facet normal 1 -0 0
    outer loop
      vertex 53.8 -6.2 14.2
      vertex 53.8 6.2 0
      vertex 53.8 6.2 14.2
    endloop
  endfacet
  facet normal 1 0 0
    outer loop
      vertex 53.8 6.2 0
      vertex 53.8 -6.2 14.2
      vertex 53.8 -6.2 0
    endloop
  endfacet
  facet normal 0 -1 0
    outer loop
      vertex 53.8 6.2 0
      vertex 60 6.2 14.2
      vertex 53.8 6.2 14.2
    endloop
  endfacet
  facet normal 0 -1 -0
    outer loop
      vertex 60 6.2 14.2
      vertex 53.8 6.2 0
      vertex 60 6.2 0
    endloop
  endfacet
  facet normal 0 1 -0
    outer loop
      vertex 60 -6.2 0
      vertex 53.8 -6.2 14.2
      vertex 60 -6.2 14.2
    endloop
  endfacet
  facet normal 0 1 0
    outer loop
      vertex 53.8 -6.2 14.2
      vertex 60 -6.2 0
      vertex 53.8 -6.2 0
    endloop
  endfacet
  facet normal 0 -1 0
    outer loop
      vertex 23 -20 45
      vertex 25 -20 47
      vertex 24.4824 -20 46.9318
    endloop
  endfacet
  facet normal 0 -1 -0
    outer loop
      vertex 25 -20 47
      vertex 23 -20 45
      vertex 32 -20 47
    endloop
  endfacet
  facet normal 0 -1 0
    outer loop
      vertex 23 -20 45
      vertex 24.4824 -20 46.9318
      vertex 24 -20 46.732
    endloop
  endfacet
  facet normal 0 -1 0
    outer loop
      vertex 34 -20 45
      vertex 32 -20 47
      vertex 23 -20 45
    endloop
  endfacet
  facet normal 0 -1 0
    outer loop
      vertex 23 -20 45
      vertex 24 -20 46.732
      vertex 23.5858 -20 46.4142
    endloop
  endfacet
  facet normal 0 -1 0
    outer loop
      vertex 32 -20 47
      vertex 34 -20 45
      vertex 32.5176 -20 46.9318
    endloop
  endfacet
  facet normal 0 -1 0
    outer loop
      vertex 23 -20 45
      vertex 23.5858 -20 46.4142
      vertex 23.2679 -20 46
    endloop
  endfacet
  facet normal 0 -1 0
    outer loop
      vertex 32.5176 -20 46.9318
      vertex 34 -20 45
      vertex 33 -20 46.732
    endloop
  endfacet
  facet normal 0 -1 0
    outer loop
      vertex 23 -20 45
      vertex 23.2679 -20 46
      vertex 23.0681 -20 45.5176
    endloop
  endfacet
  facet normal 0 -1 0
    outer loop
      vertex 33 -20 46.732
      vertex 34 -20 45
      vertex 33.4142 -20 46.4142
    endloop
  endfacet
  facet normal 0 -1 0
    outer loop
      vertex 33.4142 -20 46.4142
      vertex 34 -20 45
      vertex 33.732 -20 46
    endloop
  endfacet
  facet normal 0 -1 0
    outer loop
      vertex 33.732 -20 46
      vertex 34 -20 45
      vertex 33.9318 -20 45.5176
    endloop
  endfacet
  facet normal 0 -1 0
    outer loop
      vertex 23 -20 31
      vertex 34 -20 45
      vertex 23 -20 45
    endloop
  endfacet
  facet normal 0 -1 0
    outer loop
      vertex 23 -20 31
      vertex 34 -20 31
      vertex 34 -20 45
    endloop
  endfacet
  facet normal 0 -1 0
    outer loop
      vertex 25 -20 29
      vertex 23 -20 31
      vertex 23.0681 -20 30.4824
    endloop
  endfacet
  facet normal 0 -1 0
    outer loop
      vertex 23 -20 31
      vertex 25 -20 29
      vertex 34 -20 31
    endloop
  endfacet
  facet normal 0 -1 0
    outer loop
      vertex 25 -20 29
      vertex 23.0681 -20 30.4824
      vertex 23.2679 -20 30
    endloop
  endfacet
  facet normal 0 -1 0
    outer loop
      vertex 32 -20 29
      vertex 34 -20 31
      vertex 25 -20 29
    endloop
  endfacet
  facet normal 0 -1 0
    outer loop
      vertex 25 -20 29
      vertex 23.2679 -20 30
      vertex 23.5858 -20 29.5858
    endloop
  endfacet
  facet normal 0 -1 0
    outer loop
      vertex 34 -20 31
      vertex 32 -20 29
      vertex 33.9318 -20 30.4824
    endloop
  endfacet
  facet normal 0 -1 0
    outer loop
      vertex 25 -20 29
      vertex 23.5858 -20 29.5858
      vertex 24 -20 29.2679
    endloop
  endfacet
  facet normal 0 -1 0
    outer loop
      vertex 33.9318 -20 30.4824
      vertex 32 -20 29
      vertex 33.732 -20 30
    endloop
  endfacet
  facet normal 0 -1 0
    outer loop
      vertex 25 -20 29
      vertex 24 -20 29.2679
      vertex 24.4824 -20 29.0681
    endloop
  endfacet
  facet normal 0 -1 0
    outer loop
      vertex 33.732 -20 30
      vertex 32 -20 29
      vertex 33.4142 -20 29.5858
    endloop
  endfacet
  facet normal 0 -1 0
    outer loop
      vertex 33.4142 -20 29.5858
      vertex 32 -20 29
      vertex 33 -20 29.2679
    endloop
  endfacet
  facet normal 0 -1 0
    outer loop
      vertex 33 -20 29.2679
      vertex 32 -20 29
      vertex 32.5176 -20 29.0681
    endloop
  endfacet
  facet normal 0 -1 0
    outer loop
      vertex 36 -20 45
      vertex 38 -20 47
      vertex 37.4824 -20 46.9318
    endloop
  endfacet
  facet normal 0 -1 -0
    outer loop
      vertex 38 -20 47
      vertex 36 -20 45
      vertex 45 -20 47
    endloop
  endfacet
  facet normal 0 -1 0
    outer loop
      vertex 36 -20 45
      vertex 37.4824 -20 46.9318
      vertex 37 -20 46.732
    endloop
  endfacet
  facet normal 0 -1 0
    outer loop
      vertex 47 -20 45
      vertex 45 -20 47
      vertex 36 -20 45
    endloop
  endfacet
  facet normal 0 -1 0
    outer loop
      vertex 36 -20 45
      vertex 37 -20 46.732
      vertex 36.5858 -20 46.4142
    endloop
  endfacet
  facet normal 0 -1 0
    outer loop
      vertex 45 -20 47
      vertex 47 -20 45
      vertex 45.5176 -20 46.9318
    endloop
  endfacet
  facet normal 0 -1 0
    outer loop
      vertex 36 -20 45
      vertex 36.5858 -20 46.4142
      vertex 36.2679 -20 46
    endloop
  endfacet
  facet normal 0 -1 0
    outer loop
      vertex 45.5176 -20 46.9318
      vertex 47 -20 45
      vertex 46 -20 46.732
    endloop
  endfacet
  facet normal 0 -1 0
    outer loop
      vertex 36 -20 45
      vertex 36.2679 -20 46
      vertex 36.0681 -20 45.5176
    endloop
  endfacet
  facet normal 0 -1 0
    outer loop
      vertex 46 -20 46.732
      vertex 47 -20 45
      vertex 46.4142 -20 46.4142
    endloop
  endfacet
  facet normal 0 -1 0
    outer loop
      vertex 46.4142 -20 46.4142
      vertex 47 -20 45
      vertex 46.732 -20 46
    endloop
  endfacet
  facet normal 0 -1 0
    outer loop
      vertex 46.732 -20 46
      vertex 47 -20 45
      vertex 46.9318 -20 45.5176
    endloop
  endfacet
  facet normal 0 -1 0
    outer loop
      vertex 36 -20 31
      vertex 47 -20 45
      vertex 36 -20 45
    endloop
  endfacet
  facet normal 0 -1 0
    outer loop
      vertex 36 -20 31
      vertex 47 -20 31
      vertex 47 -20 45
    endloop
  endfacet
  facet normal 0 -1 0
    outer loop
      vertex 38 -20 29
      vertex 36 -20 31
      vertex 36.0681 -20 30.4824
    endloop
  endfacet
  facet normal 0 -1 0
    outer loop
      vertex 36 -20 31
      vertex 38 -20 29
      vertex 47 -20 31
    endloop
  endfacet
  facet normal 0 -1 0
    outer loop
      vertex 38 -20 29
      vertex 36.0681 -20 30.4824
      vertex 36.2679 -20 30
    endloop
  endfacet
  facet normal 0 -1 0
    outer loop
      vertex 45 -20 29
      vertex 47 -20 31
      vertex 38 -20 29
    endloop
  endfacet
  facet normal 0 -1 0
    outer loop
      vertex 38 -20 29
      vertex 36.2679 -20 30
      vertex 36.5858 -20 29.5858
    endloop
  endfacet
  facet normal 0 -1 0
    outer loop
      vertex 47 -20 31
      vertex 45 -20 29
      vertex 46.9318 -20 30.4824
    endloop
  endfacet
  facet normal 0 -1 0
    outer loop
      vertex 38 -20 29
      vertex 36.5858 -20 29.5858
      vertex 37 -20 29.2679
    endloop
  endfacet
  facet normal 0 -1 0
    outer loop
      vertex 46.9318 -20 30.4824
      vertex 45 -20 29
      vertex 46.732 -20 30
    endloop
  endfacet
  facet normal 0 -1 0
    outer loop
      vertex 38 -20 29
      vertex 37 -20 29.2679
      vertex 37.4824 -20 29.0681
    endloop
  endfacet
  facet normal 0 -1 0
    outer loop
      vertex 46.732 -20 30
      vertex 45 -20 29
      vertex 46.4142 -20 29.5858
    endloop
  endfacet
  facet normal 0 -1 0
    outer loop
      vertex 46.4142 -20 29.5858
      vertex 45 -20 29
      vertex 46 -20 29.2679
    endloop
  endfacet
  facet normal 0 -1 0
    outer loop
      vertex 46 -20 29.2679
      vertex 45 -20 29
      vertex 45.5176 -20 29.0681
    endloop
  endfacet
  facet normal -0.382656 0 0.923891
    outer loop
      vertex 32.5176 -20 29.0681
      vertex 33 -21 29.2679
      vertex 33 -20 29.2679
    endloop
  endfacet
  facet normal -0.382656 0 0.923891
    outer loop
      vertex 33 -21 29.2679
      vertex 32.5176 -20 29.0681
      vertex 32.5176 -21 29.0681
    endloop
  endfacet
  facet normal -0.60885 0 0.793286
    outer loop
      vertex 33 -20 29.2679
      vertex 33.4142 -21 29.5858
      vertex 33.4142 -20 29.5858
    endloop
  endfacet
  facet normal -0.60885 0 0.793286
    outer loop
      vertex 33.4142 -21 29.5858
      vertex 33 -20 29.2679
      vertex 33 -21 29.2679
    endloop
  endfacet
  facet normal -0.793378 0 0.608729
    outer loop
      vertex 33.4142 -21 29.5858
      vertex 33.732 -20 30
      vertex 33.4142 -20 29.5858
    endloop
  endfacet
  facet normal -0.793378 0 0.608729
    outer loop
      vertex 33.732 -20 30
      vertex 33.4142 -21 29.5858
      vertex 33.732 -21 30
    endloop
  endfacet
  facet normal -0.923891 0 0.382656
    outer loop
      vertex 33.732 -21 30
      vertex 33.9318 -20 30.4824
      vertex 33.732 -20 30
    endloop
  endfacet
  facet normal -0.923891 0 0.382656
    outer loop
      vertex 33.9318 -20 30.4824
      vertex 33.732 -21 30
      vertex 33.9318 -21 30.4824
    endloop
  endfacet
  facet normal -0.991431 0 0.130633
    outer loop
      vertex 33.9318 -21 30.4824
      vertex 34 -20 31
      vertex 33.9318 -20 30.4824
    endloop
  endfacet
  facet normal -0.991431 0 0.130633
    outer loop
      vertex 34 -20 31
      vertex 33.9318 -21 30.4824
      vertex 34 -21 31
    endloop
  endfacet
  facet normal -1 0 0
    outer loop
      vertex 34 -21 31
      vertex 34 -20 45
      vertex 34 -20 31
    endloop
  endfacet
  facet normal -1 -0 0
    outer loop
      vertex 34 -20 45
      vertex 34 -21 31
      vertex 34 -21 45
    endloop
  endfacet
  facet normal -0.991431 0 -0.130633
    outer loop
      vertex 34 -21 45
      vertex 33.9318 -20 45.5176
      vertex 34 -20 45
    endloop
  endfacet
  facet normal -0.991431 -0 -0.130633
    outer loop
      vertex 33.9318 -20 45.5176
      vertex 34 -21 45
      vertex 33.9318 -21 45.5176
    endloop
  endfacet
  facet normal -0.923891 0 -0.382656
    outer loop
      vertex 33.9318 -21 45.5176
      vertex 33.732 -20 46
      vertex 33.9318 -20 45.5176
    endloop
  endfacet
  facet normal -0.923891 -0 -0.382656
    outer loop
      vertex 33.732 -20 46
      vertex 33.9318 -21 45.5176
      vertex 33.732 -21 46
    endloop
  endfacet
  facet normal -0.793378 0 -0.608729
    outer loop
      vertex 33.732 -21 46
      vertex 33.4142 -20 46.4142
      vertex 33.732 -20 46
    endloop
  endfacet
  facet normal -0.793378 -0 -0.608729
    outer loop
      vertex 33.4142 -20 46.4142
      vertex 33.732 -21 46
      vertex 33.4142 -21 46.4142
    endloop
  endfacet
  facet normal -0.608729 0 -0.793378
    outer loop
      vertex 33 -21 46.732
      vertex 33.4142 -20 46.4142
      vertex 33.4142 -21 46.4142
    endloop
  endfacet
  facet normal -0.608729 0 -0.793378
    outer loop
      vertex 33.4142 -20 46.4142
      vertex 33 -21 46.732
      vertex 33 -20 46.732
    endloop
  endfacet
  facet normal -0.382656 0 -0.923891
    outer loop
      vertex 32.5176 -21 46.9318
      vertex 33 -20 46.732
      vertex 33 -21 46.732
    endloop
  endfacet
  facet normal -0.382656 0 -0.923891
    outer loop
      vertex 33 -20 46.732
      vertex 32.5176 -21 46.9318
      vertex 32.5176 -20 46.9318
    endloop
  endfacet
  facet normal -0.130633 0 -0.991431
    outer loop
      vertex 32 -21 47
      vertex 32.5176 -20 46.9318
      vertex 32.5176 -21 46.9318
    endloop
  endfacet
  facet normal -0.130633 0 -0.991431
    outer loop
      vertex 32.5176 -20 46.9318
      vertex 32 -21 47
      vertex 32 -20 47
    endloop
  endfacet
  facet normal 0 0 -1
    outer loop
      vertex 25 -21 47
      vertex 32 -20 47
      vertex 32 -21 47
    endloop
  endfacet
  facet normal -0 0 -1
    outer loop
      vertex 32 -20 47
      vertex 25 -21 47
      vertex 25 -20 47
    endloop
  endfacet
  facet normal 0.130633 0 -0.991431
    outer loop
      vertex 24.4824 -21 46.9318
      vertex 25 -20 47
      vertex 25 -21 47
    endloop
  endfacet
  facet normal 0.130633 0 -0.991431
    outer loop
      vertex 25 -20 47
      vertex 24.4824 -21 46.9318
      vertex 24.4824 -20 46.9318
    endloop
  endfacet
  facet normal 0.382656 0 -0.923891
    outer loop
      vertex 24 -21 46.732
      vertex 24.4824 -20 46.9318
      vertex 24.4824 -21 46.9318
    endloop
  endfacet
  facet normal 0.382656 0 -0.923891
    outer loop
      vertex 24.4824 -20 46.9318
      vertex 24 -21 46.732
      vertex 24 -20 46.732
    endloop
  endfacet
  facet normal 0.608729 0 -0.793378
    outer loop
      vertex 23.5858 -21 46.4142
      vertex 24 -20 46.732
      vertex 24 -21 46.732
    endloop
  endfacet
  facet normal 0.608729 0 -0.793378
    outer loop
      vertex 24 -20 46.732
      vertex 23.5858 -21 46.4142
      vertex 23.5858 -20 46.4142
    endloop
  endfacet
  facet normal 0.793286 0 -0.60885
    outer loop
      vertex 23.5858 -21 46.4142
      vertex 23.2679 -20 46
      vertex 23.5858 -20 46.4142
    endloop
  endfacet
  facet normal 0.793286 0 -0.60885
    outer loop
      vertex 23.2679 -20 46
      vertex 23.5858 -21 46.4142
      vertex 23.2679 -21 46
    endloop
  endfacet
  facet normal 0.923891 0 -0.382656
    outer loop
      vertex 23.2679 -21 46
      vertex 23.0681 -20 45.5176
      vertex 23.2679 -20 46
    endloop
  endfacet
  facet normal 0.923891 0 -0.382656
    outer loop
      vertex 23.0681 -20 45.5176
      vertex 23.2679 -21 46
      vertex 23.0681 -21 45.5176
    endloop
  endfacet
  facet normal 0.991456 0 -0.130445
    outer loop
      vertex 23.0681 -21 45.5176
      vertex 23 -20 45
      vertex 23.0681 -20 45.5176
    endloop
  endfacet
  facet normal 0.991456 0 -0.130445
    outer loop
      vertex 23 -20 45
      vertex 23.0681 -21 45.5176
      vertex 23 -21 45
    endloop
  endfacet
  facet normal 1 -0 0
    outer loop
      vertex 23 -21 45
      vertex 23 -20 31
      vertex 23 -20 45
    endloop
  endfacet
  facet normal 1 0 0
    outer loop
      vertex 23 -20 31
      vertex 23 -21 45
      vertex 23 -21 31
    endloop
  endfacet
  facet normal 0.991456 -0 0.130445
    outer loop
      vertex 23 -21 31
      vertex 23.0681 -20 30.4824
      vertex 23 -20 31
    endloop
  endfacet
  facet normal 0.991456 0 0.130445
    outer loop
      vertex 23.0681 -20 30.4824
      vertex 23 -21 31
      vertex 23.0681 -21 30.4824
    endloop
  endfacet
  facet normal 0.923891 -0 0.382656
    outer loop
      vertex 23.0681 -21 30.4824
      vertex 23.2679 -20 30
      vertex 23.0681 -20 30.4824
    endloop
  endfacet
  facet normal 0.923891 0 0.382656
    outer loop
      vertex 23.2679 -20 30
      vertex 23.0681 -21 30.4824
      vertex 23.2679 -21 30
    endloop
  endfacet
  facet normal 0.793286 -0 0.60885
    outer loop
      vertex 23.2679 -21 30
      vertex 23.5858 -20 29.5858
      vertex 23.2679 -20 30
    endloop
  endfacet
  facet normal 0.793286 0 0.60885
    outer loop
      vertex 23.5858 -20 29.5858
      vertex 23.2679 -21 30
      vertex 23.5858 -21 29.5858
    endloop
  endfacet
  facet normal 0.60885 0 0.793286
    outer loop
      vertex 23.5858 -20 29.5858
      vertex 24 -21 29.2679
      vertex 24 -20 29.2679
    endloop
  endfacet
  facet normal 0.60885 0 0.793286
    outer loop
      vertex 24 -21 29.2679
      vertex 23.5858 -20 29.5858
      vertex 23.5858 -21 29.5858
    endloop
  endfacet
  facet normal 0.382656 0 0.923891
    outer loop
      vertex 24 -20 29.2679
      vertex 24.4824 -21 29.0681
      vertex 24.4824 -20 29.0681
    endloop
  endfacet
  facet normal 0.382656 0 0.923891
    outer loop
      vertex 24.4824 -21 29.0681
      vertex 24 -20 29.2679
      vertex 24 -21 29.2679
    endloop
  endfacet
  facet normal 0.130445 0 0.991456
    outer loop
      vertex 24.4824 -20 29.0681
      vertex 25 -21 29
      vertex 25 -20 29
    endloop
  endfacet
  facet normal 0.130445 0 0.991456
    outer loop
      vertex 25 -21 29
      vertex 24.4824 -20 29.0681
      vertex 24.4824 -21 29.0681
    endloop
  endfacet
  facet normal -0 0 1
    outer loop
      vertex 25 -20 29
      vertex 32 -21 29
      vertex 32 -20 29
    endloop
  endfacet
  facet normal 0 0 1
    outer loop
      vertex 32 -21 29
      vertex 25 -20 29
      vertex 25 -21 29
    endloop
  endfacet
  facet normal -0.130445 0 0.991456
    outer loop
      vertex 32 -20 29
      vertex 32.5176 -21 29.0681
      vertex 32.5176 -20 29.0681
    endloop
  endfacet
  facet normal -0.130445 0 0.991456
    outer loop
      vertex 32.5176 -21 29.0681
      vertex 32 -20 29
      vertex 32 -21 29
    endloop
  endfacet
  facet normal -0.382656 0 0.923891
    outer loop
      vertex 45.5176 -20 29.0681
      vertex 46 -21 29.2679
      vertex 46 -20 29.2679
    endloop
  endfacet
  facet normal -0.382656 0 0.923891
    outer loop
      vertex 46 -21 29.2679
      vertex 45.5176 -20 29.0681
      vertex 45.5176 -21 29.0681
    endloop
  endfacet
  facet normal -0.60885 0 0.793286
    outer loop
      vertex 46 -20 29.2679
      vertex 46.4142 -21 29.5858
      vertex 46.4142 -20 29.5858
    endloop
  endfacet
  facet normal -0.60885 0 0.793286
    outer loop
      vertex 46.4142 -21 29.5858
      vertex 46 -20 29.2679
      vertex 46 -21 29.2679
    endloop
  endfacet
  facet normal -0.793378 0 0.608729
    outer loop
      vertex 46.4142 -21 29.5858
      vertex 46.732 -20 30
      vertex 46.4142 -20 29.5858
    endloop
  endfacet
  facet normal -0.793378 0 0.608729
    outer loop
      vertex 46.732 -20 30
      vertex 46.4142 -21 29.5858
      vertex 46.732 -21 30
    endloop
  endfacet
  facet normal -0.923891 0 0.382656
    outer loop
      vertex 46.732 -21 30
      vertex 46.9318 -20 30.4824
      vertex 46.732 -20 30
    endloop
  endfacet
  facet normal -0.923891 0 0.382656
    outer loop
      vertex 46.9318 -20 30.4824
      vertex 46.732 -21 30
      vertex 46.9318 -21 30.4824
    endloop
  endfacet
  facet normal -0.991431 0 0.130633
    outer loop
      vertex 46.9318 -21 30.4824
      vertex 47 -20 31
      vertex 46.9318 -20 30.4824
    endloop
  endfacet
  facet normal -0.991431 0 0.130633
    outer loop
      vertex 47 -20 31
      vertex 46.9318 -21 30.4824
      vertex 47 -21 31
    endloop
  endfacet
  facet normal -1 0 0
    outer loop
      vertex 47 -21 31
      vertex 47 -20 45
      vertex 47 -20 31
    endloop
  endfacet
  facet normal -1 -0 0
    outer loop
      vertex 47 -20 45
      vertex 47 -21 31
      vertex 47 -21 45
    endloop
  endfacet
  facet normal -0.991431 0 -0.130633
    outer loop
      vertex 47 -21 45
      vertex 46.9318 -20 45.5176
      vertex 47 -20 45
    endloop
  endfacet
  facet normal -0.991431 -0 -0.130633
    outer loop
      vertex 46.9318 -20 45.5176
      vertex 47 -21 45
      vertex 46.9318 -21 45.5176
    endloop
  endfacet
  facet normal -0.923891 0 -0.382656
    outer loop
      vertex 46.9318 -21 45.5176
      vertex 46.732 -20 46
      vertex 46.9318 -20 45.5176
    endloop
  endfacet
  facet normal -0.923891 -0 -0.382656
    outer loop
      vertex 46.732 -20 46
      vertex 46.9318 -21 45.5176
      vertex 46.732 -21 46
    endloop
  endfacet
  facet normal -0.793378 0 -0.608729
    outer loop
      vertex 46.732 -21 46
      vertex 46.4142 -20 46.4142
      vertex 46.732 -20 46
    endloop
  endfacet
  facet normal -0.793378 -0 -0.608729
    outer loop
      vertex 46.4142 -20 46.4142
      vertex 46.732 -21 46
      vertex 46.4142 -21 46.4142
    endloop
  endfacet
  facet normal -0.608729 0 -0.793378
    outer loop
      vertex 46 -21 46.732
      vertex 46.4142 -20 46.4142
      vertex 46.4142 -21 46.4142
    endloop
  endfacet
  facet normal -0.608729 0 -0.793378
    outer loop
      vertex 46.4142 -20 46.4142
      vertex 46 -21 46.732
      vertex 46 -20 46.732
    endloop
  endfacet
  facet normal -0.382656 0 -0.923891
    outer loop
      vertex 45.5176 -21 46.9318
      vertex 46 -20 46.732
      vertex 46 -21 46.732
    endloop
  endfacet
  facet normal -0.382656 0 -0.923891
    outer loop
      vertex 46 -20 46.732
      vertex 45.5176 -21 46.9318
      vertex 45.5176 -20 46.9318
    endloop
  endfacet
  facet normal -0.130633 0 -0.991431
    outer loop
      vertex 45 -21 47
      vertex 45.5176 -20 46.9318
      vertex 45.5176 -21 46.9318
    endloop
  endfacet
  facet normal -0.130633 0 -0.991431
    outer loop
      vertex 45.5176 -20 46.9318
      vertex 45 -21 47
      vertex 45 -20 47
    endloop
  endfacet
  facet normal 0 0 -1
    outer loop
      vertex 38 -21 47
      vertex 45 -20 47
      vertex 45 -21 47
    endloop
  endfacet
  facet normal -0 0 -1
    outer loop
      vertex 45 -20 47
      vertex 38 -21 47
      vertex 38 -20 47
    endloop
  endfacet
  facet normal 0.130633 0 -0.991431
    outer loop
      vertex 37.4824 -21 46.9318
      vertex 38 -20 47
      vertex 38 -21 47
    endloop
  endfacet
  facet normal 0.130633 0 -0.991431
    outer loop
      vertex 38 -20 47
      vertex 37.4824 -21 46.9318
      vertex 37.4824 -20 46.9318
    endloop
  endfacet
  facet normal 0.382656 0 -0.923891
    outer loop
      vertex 37 -21 46.732
      vertex 37.4824 -20 46.9318
      vertex 37.4824 -21 46.9318
    endloop
  endfacet
  facet normal 0.382656 0 -0.923891
    outer loop
      vertex 37.4824 -20 46.9318
      vertex 37 -21 46.732
      vertex 37 -20 46.732
    endloop
  endfacet
  facet normal 0.608729 0 -0.793378
    outer loop
      vertex 36.5858 -21 46.4142
      vertex 37 -20 46.732
      vertex 37 -21 46.732
    endloop
  endfacet
  facet normal 0.608729 0 -0.793378
    outer loop
      vertex 37 -20 46.732
      vertex 36.5858 -21 46.4142
      vertex 36.5858 -20 46.4142
    endloop
  endfacet
  facet normal 0.793286 0 -0.60885
    outer loop
      vertex 36.5858 -21 46.4142
      vertex 36.2679 -20 46
      vertex 36.5858 -20 46.4142
    endloop
  endfacet
  facet normal 0.793286 0 -0.60885
    outer loop
      vertex 36.2679 -20 46
      vertex 36.5858 -21 46.4142
      vertex 36.2679 -21 46
    endloop
  endfacet
  facet normal 0.923891 0 -0.382656
    outer loop
      vertex 36.2679 -21 46
      vertex 36.0681 -20 45.5176
      vertex 36.2679 -20 46
    endloop
  endfacet
  facet normal 0.923891 0 -0.382656
    outer loop
      vertex 36.0681 -20 45.5176
      vertex 36.2679 -21 46
      vertex 36.0681 -21 45.5176
    endloop
  endfacet
  facet normal 0.991456 0 -0.130445
    outer loop
      vertex 36.0681 -21 45.5176
      vertex 36 -20 45
      vertex 36.0681 -20 45.5176
    endloop
  endfacet
  facet normal 0.991456 0 -0.130445
    outer loop
      vertex 36 -20 45
      vertex 36.0681 -21 45.5176
      vertex 36 -21 45
    endloop
  endfacet
  facet normal 1 -0 0
    outer loop
      vertex 36 -21 45
      vertex 36 -20 31
      vertex 36 -20 45
    endloop
  endfacet
  facet normal 1 0 0
    outer loop
      vertex 36 -20 31
      vertex 36 -21 45
      vertex 36 -21 31
    endloop
  endfacet
  facet normal 0.991456 -0 0.130445
    outer loop
      vertex 36 -21 31
      vertex 36.0681 -20 30.4824
      vertex 36 -20 31
    endloop
  endfacet
  facet normal 0.991456 0 0.130445
    outer loop
      vertex 36.0681 -20 30.4824
      vertex 36 -21 31
      vertex 36.0681 -21 30.4824
    endloop
  endfacet
  facet normal 0.923891 -0 0.382656
    outer loop
      vertex 36.0681 -21 30.4824
      vertex 36.2679 -20 30
      vertex 36.0681 -20 30.4824
    endloop
  endfacet
  facet normal 0.923891 0 0.382656
    outer loop
      vertex 36.2679 -20 30
      vertex 36.0681 -21 30.4824
      vertex 36.2679 -21 30
    endloop
  endfacet
  facet normal 0.793286 -0 0.60885
    outer loop
      vertex 36.2679 -21 30
      vertex 36.5858 -20 29.5858
      vertex 36.2679 -20 30
    endloop
  endfacet
  facet normal 0.793286 0 0.60885
    outer loop
      vertex 36.5858 -20 29.5858
      vertex 36.2679 -21 30
      vertex 36.5858 -21 29.5858
    endloop
  endfacet
  facet normal 0.60885 0 0.793286
    outer loop
      vertex 36.5858 -20 29.5858
      vertex 37 -21 29.2679
      vertex 37 -20 29.2679
    endloop
  endfacet
  facet normal 0.60885 0 0.793286
    outer loop
      vertex 37 -21 29.2679
      vertex 36.5858 -20 29.5858
      vertex 36.5858 -21 29.5858
    endloop
  endfacet
  facet normal 0.382656 0 0.923891
    outer loop
      vertex 37 -20 29.2679
      vertex 37.4824 -21 29.0681
      vertex 37.4824 -20 29.0681
    endloop
  endfacet
  facet normal 0.382656 0 0.923891
    outer loop
      vertex 37.4824 -21 29.0681
      vertex 37 -20 29.2679
      vertex 37 -21 29.2679
    endloop
  endfacet
  facet normal 0.130445 0 0.991456
    outer loop
      vertex 37.4824 -20 29.0681
      vertex 38 -21 29
      vertex 38 -20 29
    endloop
  endfacet
  facet normal 0.130445 0 0.991456
    outer loop
      vertex 38 -21 29
      vertex 37.4824 -20 29.0681
      vertex 37.4824 -21 29.0681
    endloop
  endfacet
  facet normal -0 0 1
    outer loop
      vertex 38 -20 29
      vertex 45 -21 29
      vertex 45 -20 29
    endloop
  endfacet
  facet normal 0 0 1
    outer loop
      vertex 45 -21 29
      vertex 38 -20 29
      vertex 38 -21 29
    endloop
  endfacet
  facet normal -0.130445 0 0.991456
    outer loop
      vertex 45 -20 29
      vertex 45.5176 -21 29.0681
      vertex 45.5176 -20 29.0681
    endloop
  endfacet
  facet normal -0.130445 0 0.991456
    outer loop
      vertex 45.5176 -21 29.0681
      vertex 45 -20 29
      vertex 45 -21 29
    endloop
  endfacet
  facet normal 0 1 0
    outer loop
      vertex 47 20 45
      vertex 45 20 47
      vertex 45.5176 20 46.9318
    endloop
  endfacet
  facet normal 0 1 0
    outer loop
      vertex 45 20 47
      vertex 47 20 45
      vertex 38 20 47
    endloop
  endfacet
  facet normal 0 1 0
    outer loop
      vertex 47 20 45
      vertex 45.5176 20 46.9318
      vertex 46 20 46.732
    endloop
  endfacet
  facet normal 0 1 0
    outer loop
      vertex 36 20 45
      vertex 38 20 47
      vertex 47 20 45
    endloop
  endfacet
  facet normal 0 1 0
    outer loop
      vertex 47 20 45
      vertex 46 20 46.732
      vertex 46.4142 20 46.4142
    endloop
  endfacet
  facet normal 0 1 0
    outer loop
      vertex 38 20 47
      vertex 36 20 45
      vertex 37.4824 20 46.9318
    endloop
  endfacet
  facet normal 0 1 0
    outer loop
      vertex 47 20 45
      vertex 46.4142 20 46.4142
      vertex 46.732 20 46
    endloop
  endfacet
  facet normal 0 1 0
    outer loop
      vertex 37.4824 20 46.9318
      vertex 36 20 45
      vertex 37 20 46.732
    endloop
  endfacet
  facet normal 0 1 0
    outer loop
      vertex 47 20 45
      vertex 46.732 20 46
      vertex 46.9318 20 45.5176
    endloop
  endfacet
  facet normal 0 1 0
    outer loop
      vertex 37 20 46.732
      vertex 36 20 45
      vertex 36.5858 20 46.4142
    endloop
  endfacet
  facet normal 0 1 0
    outer loop
      vertex 36.5858 20 46.4142
      vertex 36 20 45
      vertex 36.2679 20 46
    endloop
  endfacet
  facet normal 0 1 0
    outer loop
      vertex 36.2679 20 46
      vertex 36 20 45
      vertex 36.0681 20 45.5176
    endloop
  endfacet
  facet normal 0 1 -0
    outer loop
      vertex 47 20 31
      vertex 36 20 45
      vertex 47 20 45
    endloop
  endfacet
  facet normal 0 1 0
    outer loop
      vertex 47 20 31
      vertex 36 20 31
      vertex 36 20 45
    endloop
  endfacet
  facet normal 0 1 0
    outer loop
      vertex 45 20 29
      vertex 47 20 31
      vertex 46.9318 20 30.4824
    endloop
  endfacet
  facet normal 0 1 0
    outer loop
      vertex 47 20 31
      vertex 45 20 29
      vertex 36 20 31
    endloop
  endfacet
  facet normal 0 1 0
    outer loop
      vertex 45 20 29
      vertex 46.9318 20 30.4824
      vertex 46.732 20 30
    endloop
  endfacet
  facet normal 0 1 -0
    outer loop
      vertex 38 20 29
      vertex 36 20 31
      vertex 45 20 29
    endloop
  endfacet
  facet normal 0 1 0
    outer loop
      vertex 45 20 29
      vertex 46.732 20 30
      vertex 46.4142 20 29.5858
    endloop
  endfacet
  facet normal 0 1 0
    outer loop
      vertex 36 20 31
      vertex 38 20 29
      vertex 36.0681 20 30.4824
    endloop
  endfacet
  facet normal 0 1 0
    outer loop
      vertex 45 20 29
      vertex 46.4142 20 29.5858
      vertex 46 20 29.2679
    endloop
  endfacet
  facet normal 0 1 0
    outer loop
      vertex 36.0681 20 30.4824
      vertex 38 20 29
      vertex 36.2679 20 30
    endloop
  endfacet
  facet normal 0 1 0
    outer loop
      vertex 45 20 29
      vertex 46 20 29.2679
      vertex 45.5176 20 29.0681
    endloop
  endfacet
  facet normal 0 1 0
    outer loop
      vertex 36.2679 20 30
      vertex 38 20 29
      vertex 36.5858 20 29.5858
    endloop
  endfacet
  facet normal 0 1 0
    outer loop
      vertex 36.5858 20 29.5858
      vertex 38 20 29
      vertex 37 20 29.2679
    endloop
  endfacet
  facet normal 0 1 0
    outer loop
      vertex 37 20 29.2679
      vertex 38 20 29
      vertex 37.4824 20 29.0681
    endloop
  endfacet
  facet normal 0 1 0
    outer loop
      vertex 34 20 45
      vertex 32 20 47
      vertex 32.5176 20 46.9318
    endloop
  endfacet
  facet normal 0 1 0
    outer loop
      vertex 32 20 47
      vertex 34 20 45
      vertex 25 20 47
    endloop
  endfacet
  facet normal 0 1 0
    outer loop
      vertex 34 20 45
      vertex 32.5176 20 46.9318
      vertex 33 20 46.732
    endloop
  endfacet
  facet normal 0 1 0
    outer loop
      vertex 23 20 45
      vertex 25 20 47
      vertex 34 20 45
    endloop
  endfacet
  facet normal 0 1 0
    outer loop
      vertex 34 20 45
      vertex 33 20 46.732
      vertex 33.4142 20 46.4142
    endloop
  endfacet
  facet normal 0 1 0
    outer loop
      vertex 25 20 47
      vertex 23 20 45
      vertex 24.4824 20 46.9318
    endloop
  endfacet
  facet normal 0 1 0
    outer loop
      vertex 34 20 45
      vertex 33.4142 20 46.4142
      vertex 33.732 20 46
    endloop
  endfacet
  facet normal 0 1 0
    outer loop
      vertex 24.4824 20 46.9318
      vertex 23 20 45
      vertex 24 20 46.732
    endloop
  endfacet
  facet normal 0 1 0
    outer loop
      vertex 34 20 45
      vertex 33.732 20 46
      vertex 33.9318 20 45.5176
    endloop
  endfacet
  facet normal 0 1 0
    outer loop
      vertex 24 20 46.732
      vertex 23 20 45
      vertex 23.5858 20 46.4142
    endloop
  endfacet
  facet normal 0 1 0
    outer loop
      vertex 23.5858 20 46.4142
      vertex 23 20 45
      vertex 23.2679 20 46
    endloop
  endfacet
  facet normal 0 1 0
    outer loop
      vertex 23.2679 20 46
      vertex 23 20 45
      vertex 23.0681 20 45.5176
    endloop
  endfacet
  facet normal 0 1 -0
    outer loop
      vertex 34 20 31
      vertex 23 20 45
      vertex 34 20 45
    endloop
  endfacet
  facet normal 0 1 0
    outer loop
      vertex 34 20 31
      vertex 23 20 31
      vertex 23 20 45
    endloop
  endfacet
  facet normal 0 1 0
    outer loop
      vertex 32 20 29
      vertex 34 20 31
      vertex 33.9318 20 30.4824
    endloop
  endfacet
  facet normal 0 1 0
    outer loop
      vertex 34 20 31
      vertex 32 20 29
      vertex 23 20 31
    endloop
  endfacet
  facet normal 0 1 0
    outer loop
      vertex 32 20 29
      vertex 33.9318 20 30.4824
      vertex 33.732 20 30
    endloop
  endfacet
  facet normal 0 1 -0
    outer loop
      vertex 25 20 29
      vertex 23 20 31
      vertex 32 20 29
    endloop
  endfacet
  facet normal 0 1 0
    outer loop
      vertex 32 20 29
      vertex 33.732 20 30
      vertex 33.4142 20 29.5858
    endloop
  endfacet
  facet normal 0 1 0
    outer loop
      vertex 23 20 31
      vertex 25 20 29
      vertex 23.0681 20 30.4824
    endloop
  endfacet
  facet normal 0 1 0
    outer loop
      vertex 32 20 29
      vertex 33.4142 20 29.5858
      vertex 33 20 29.2679
    endloop
  endfacet
  facet normal 0 1 0
    outer loop
      vertex 23.0681 20 30.4824
      vertex 25 20 29
      vertex 23.2679 20 30
    endloop
  endfacet
  facet normal 0 1 0
    outer loop
      vertex 32 20 29
      vertex 33 20 29.2679
      vertex 32.5176 20 29.0681
    endloop
  endfacet
  facet normal 0 1 0
    outer loop
      vertex 23.2679 20 30
      vertex 25 20 29
      vertex 23.5858 20 29.5858
    endloop
  endfacet
  facet normal 0 1 0
    outer loop
      vertex 23.5858 20 29.5858
      vertex 25 20 29
      vertex 24 20 29.2679
    endloop
  endfacet
  facet normal 0 1 0
    outer loop
      vertex 24 20 29.2679
      vertex 25 20 29
      vertex 24.4824 20 29.0681
    endloop
  endfacet
  facet normal -0.382656 0 0.923891
    outer loop
      vertex 32.5176 21 29.0681
      vertex 33 20 29.2679
      vertex 33 21 29.2679
    endloop
  endfacet
  facet normal -0.382656 0 0.923891
    outer loop
      vertex 33 20 29.2679
      vertex 32.5176 21 29.0681
      vertex 32.5176 20 29.0681
    endloop
  endfacet
  facet normal -0.60885 0 0.793286
    outer loop
      vertex 33 21 29.2679
      vertex 33.4142 20 29.5858
      vertex 33.4142 21 29.5858
    endloop
  endfacet
  facet normal -0.60885 0 0.793286
    outer loop
      vertex 33.4142 20 29.5858
      vertex 33 21 29.2679
      vertex 33 20 29.2679
    endloop
  endfacet
  facet normal -0.793378 0 0.608729
    outer loop
      vertex 33.4142 20 29.5858
      vertex 33.732 21 30
      vertex 33.4142 21 29.5858
    endloop
  endfacet
  facet normal -0.793378 0 0.608729
    outer loop
      vertex 33.732 21 30
      vertex 33.4142 20 29.5858
      vertex 33.732 20 30
    endloop
  endfacet
  facet normal -0.923891 0 0.382656
    outer loop
      vertex 33.732 20 30
      vertex 33.9318 21 30.4824
      vertex 33.732 21 30
    endloop
  endfacet
  facet normal -0.923891 0 0.382656
    outer loop
      vertex 33.9318 21 30.4824
      vertex 33.732 20 30
      vertex 33.9318 20 30.4824
    endloop
  endfacet
  facet normal -0.991431 0 0.130633
    outer loop
      vertex 33.9318 20 30.4824
      vertex 34 21 31
      vertex 33.9318 21 30.4824
    endloop
  endfacet
  facet normal -0.991431 0 0.130633
    outer loop
      vertex 34 21 31
      vertex 33.9318 20 30.4824
      vertex 34 20 31
    endloop
  endfacet
  facet normal -1 0 0
    outer loop
      vertex 34 20 31
      vertex 34 21 45
      vertex 34 21 31
    endloop
  endfacet
  facet normal -1 -0 0
    outer loop
      vertex 34 21 45
      vertex 34 20 31
      vertex 34 20 45
    endloop
  endfacet
  facet normal -0.991431 0 -0.130633
    outer loop
      vertex 34 20 45
      vertex 33.9318 21 45.5176
      vertex 34 21 45
    endloop
  endfacet
  facet normal -0.991431 -0 -0.130633
    outer loop
      vertex 33.9318 21 45.5176
      vertex 34 20 45
      vertex 33.9318 20 45.5176
    endloop
  endfacet
  facet normal -0.923891 0 -0.382656
    outer loop
      vertex 33.9318 20 45.5176
      vertex 33.732 21 46
      vertex 33.9318 21 45.5176
    endloop
  endfacet
  facet normal -0.923891 -0 -0.382656
    outer loop
      vertex 33.732 21 46
      vertex 33.9318 20 45.5176
      vertex 33.732 20 46
    endloop
  endfacet
  facet normal -0.793378 0 -0.608729
    outer loop
      vertex 33.732 20 46
      vertex 33.4142 21 46.4142
      vertex 33.732 21 46
    endloop
  endfacet
  facet normal -0.793378 -0 -0.608729
    outer loop
      vertex 33.4142 21 46.4142
      vertex 33.732 20 46
      vertex 33.4142 20 46.4142
    endloop
  endfacet
  facet normal -0.608729 0 -0.793378
    outer loop
      vertex 33 20 46.732
      vertex 33.4142 21 46.4142
      vertex 33.4142 20 46.4142
    endloop
  endfacet
  facet normal -0.608729 0 -0.793378
    outer loop
      vertex 33.4142 21 46.4142
      vertex 33 20 46.732
      vertex 33 21 46.732
    endloop
  endfacet
  facet normal -0.382656 0 -0.923891
    outer loop
      vertex 32.5176 20 46.9318
      vertex 33 21 46.732
      vertex 33 20 46.732
    endloop
  endfacet
  facet normal -0.382656 0 -0.923891
    outer loop
      vertex 33 21 46.732
      vertex 32.5176 20 46.9318
      vertex 32.5176 21 46.9318
    endloop
  endfacet
  facet normal -0.130633 0 -0.991431
    outer loop
      vertex 32 20 47
      vertex 32.5176 21 46.9318
      vertex 32.5176 20 46.9318
    endloop
  endfacet
  facet normal -0.130633 0 -0.991431
    outer loop
      vertex 32.5176 21 46.9318
      vertex 32 20 47
      vertex 32 21 47
    endloop
  endfacet
  facet normal 0 0 -1
    outer loop
      vertex 25 20 47
      vertex 32 21 47
      vertex 32 20 47
    endloop
  endfacet
  facet normal -0 0 -1
    outer loop
      vertex 32 21 47
      vertex 25 20 47
      vertex 25 21 47
    endloop
  endfacet
  facet normal 0.130633 0 -0.991431
    outer loop
      vertex 24.4824 20 46.9318
      vertex 25 21 47
      vertex 25 20 47
    endloop
  endfacet
  facet normal 0.130633 0 -0.991431
    outer loop
      vertex 25 21 47
      vertex 24.4824 20 46.9318
      vertex 24.4824 21 46.9318
    endloop
  endfacet
  facet normal 0.382656 0 -0.923891
    outer loop
      vertex 24 20 46.732
      vertex 24.4824 21 46.9318
      vertex 24.4824 20 46.9318
    endloop
  endfacet
  facet normal 0.382656 0 -0.923891
    outer loop
      vertex 24.4824 21 46.9318
      vertex 24 20 46.732
      vertex 24 21 46.732
    endloop
  endfacet
  facet normal 0.608729 0 -0.793378
    outer loop
      vertex 23.5858 20 46.4142
      vertex 24 21 46.732
      vertex 24 20 46.732
    endloop
  endfacet
  facet normal 0.608729 0 -0.793378
    outer loop
      vertex 24 21 46.732
      vertex 23.5858 20 46.4142
      vertex 23.5858 21 46.4142
    endloop
  endfacet
  facet normal 0.793286 0 -0.60885
    outer loop
      vertex 23.5858 20 46.4142
      vertex 23.2679 21 46
      vertex 23.5858 21 46.4142
    endloop
  endfacet
  facet normal 0.793286 0 -0.60885
    outer loop
      vertex 23.2679 21 46
      vertex 23.5858 20 46.4142
      vertex 23.2679 20 46
    endloop
  endfacet
  facet normal 0.923891 0 -0.382656
    outer loop
      vertex 23.2679 20 46
      vertex 23.0681 21 45.5176
      vertex 23.2679 21 46
    endloop
  endfacet
  facet normal 0.923891 0 -0.382656
    outer loop
      vertex 23.0681 21 45.5176
      vertex 23.2679 20 46
      vertex 23.0681 20 45.5176
    endloop
  endfacet
  facet normal 0.991456 0 -0.130445
    outer loop
      vertex 23.0681 20 45.5176
      vertex 23 21 45
      vertex 23.0681 21 45.5176
    endloop
  endfacet
  facet normal 0.991456 0 -0.130445
    outer loop
      vertex 23 21 45
      vertex 23.0681 20 45.5176
      vertex 23 20 45
    endloop
  endfacet
  facet normal 1 -0 0
    outer loop
      vertex 23 20 45
      vertex 23 21 31
      vertex 23 21 45
    endloop
  endfacet
  facet normal 1 0 0
    outer loop
      vertex 23 21 31
      vertex 23 20 45
      vertex 23 20 31
    endloop
  endfacet
  facet normal 0.991456 -0 0.130445
    outer loop
      vertex 23 20 31
      vertex 23.0681 21 30.4824
      vertex 23 21 31
    endloop
  endfacet
  facet normal 0.991456 0 0.130445
    outer loop
      vertex 23.0681 21 30.4824
      vertex 23 20 31
      vertex 23.0681 20 30.4824
    endloop
  endfacet
  facet normal 0.923891 -0 0.382656
    outer loop
      vertex 23.0681 20 30.4824
      vertex 23.2679 21 30
      vertex 23.0681 21 30.4824
    endloop
  endfacet
  facet normal 0.923891 0 0.382656
    outer loop
      vertex 23.2679 21 30
      vertex 23.0681 20 30.4824
      vertex 23.2679 20 30
    endloop
  endfacet
  facet normal 0.793286 -0 0.60885
    outer loop
      vertex 23.2679 20 30
      vertex 23.5858 21 29.5858
      vertex 23.2679 21 30
    endloop
  endfacet
  facet normal 0.793286 0 0.60885
    outer loop
      vertex 23.5858 21 29.5858
      vertex 23.2679 20 30
      vertex 23.5858 20 29.5858
    endloop
  endfacet
  facet normal 0.60885 0 0.793286
    outer loop
      vertex 23.5858 21 29.5858
      vertex 24 20 29.2679
      vertex 24 21 29.2679
    endloop
  endfacet
  facet normal 0.60885 0 0.793286
    outer loop
      vertex 24 20 29.2679
      vertex 23.5858 21 29.5858
      vertex 23.5858 20 29.5858
    endloop
  endfacet
  facet normal 0.382656 0 0.923891
    outer loop
      vertex 24 21 29.2679
      vertex 24.4824 20 29.0681
      vertex 24.4824 21 29.0681
    endloop
  endfacet
  facet normal 0.382656 0 0.923891
    outer loop
      vertex 24.4824 20 29.0681
      vertex 24 21 29.2679
      vertex 24 20 29.2679
    endloop
  endfacet
  facet normal 0.130445 0 0.991456
    outer loop
      vertex 24.4824 21 29.0681
      vertex 25 20 29
      vertex 25 21 29
    endloop
  endfacet
  facet normal 0.130445 0 0.991456
    outer loop
      vertex 25 20 29
      vertex 24.4824 21 29.0681
      vertex 24.4824 20 29.0681
    endloop
  endfacet
  facet normal -0 0 1
    outer loop
      vertex 25 21 29
      vertex 32 20 29
      vertex 32 21 29
    endloop
  endfacet
  facet normal 0 0 1
    outer loop
      vertex 32 20 29
      vertex 25 21 29
      vertex 25 20 29
    endloop
  endfacet
  facet normal -0.130445 0 0.991456
    outer loop
      vertex 32 21 29
      vertex 32.5176 20 29.0681
      vertex 32.5176 21 29.0681
    endloop
  endfacet
  facet normal -0.130445 0 0.991456
    outer loop
      vertex 32.5176 20 29.0681
      vertex 32 21 29
      vertex 32 20 29
    endloop
  endfacet
  facet normal -0.382656 0 0.923891
    outer loop
      vertex 45.5176 21 29.0681
      vertex 46 20 29.2679
      vertex 46 21 29.2679
    endloop
  endfacet
  facet normal -0.382656 0 0.923891
    outer loop
      vertex 46 20 29.2679
      vertex 45.5176 21 29.0681
      vertex 45.5176 20 29.0681
    endloop
  endfacet
  facet normal -0.60885 0 0.793286
    outer loop
      vertex 46 21 29.2679
      vertex 46.4142 20 29.5858
      vertex 46.4142 21 29.5858
    endloop
  endfacet
  facet normal -0.60885 0 0.793286
    outer loop
      vertex 46.4142 20 29.5858
      vertex 46 21 29.2679
      vertex 46 20 29.2679
    endloop
  endfacet
  facet normal -0.793378 0 0.608729
    outer loop
      vertex 46.4142 20 29.5858
      vertex 46.732 21 30
      vertex 46.4142 21 29.5858
    endloop
  endfacet
  facet normal -0.793378 0 0.608729
    outer loop
      vertex 46.732 21 30
      vertex 46.4142 20 29.5858
      vertex 46.732 20 30
    endloop
  endfacet
  facet normal -0.923891 0 0.382656
    outer loop
      vertex 46.732 20 30
      vertex 46.9318 21 30.4824
      vertex 46.732 21 30
    endloop
  endfacet
  facet normal -0.923891 0 0.382656
    outer loop
      vertex 46.9318 21 30.4824
      vertex 46.732 20 30
      vertex 46.9318 20 30.4824
    endloop
  endfacet
  facet normal -0.991431 0 0.130633
    outer loop
      vertex 46.9318 20 30.4824
      vertex 47 21 31
      vertex 46.9318 21 30.4824
    endloop
  endfacet
  facet normal -0.991431 0 0.130633
    outer loop
      vertex 47 21 31
      vertex 46.9318 20 30.4824
      vertex 47 20 31
    endloop
  endfacet
  facet normal -1 0 0
    outer loop
      vertex 47 20 31
      vertex 47 21 45
      vertex 47 21 31
    endloop
  endfacet
  facet normal -1 -0 0
    outer loop
      vertex 47 21 45
      vertex 47 20 31
      vertex 47 20 45
    endloop
  endfacet
  facet normal -0.991431 0 -0.130633
    outer loop
      vertex 47 20 45
      vertex 46.9318 21 45.5176
      vertex 47 21 45
    endloop
  endfacet
  facet normal -0.991431 -0 -0.130633
    outer loop
      vertex 46.9318 21 45.5176
      vertex 47 20 45
      vertex 46.9318 20 45.5176
    endloop
  endfacet
  facet normal -0.923891 0 -0.382656
    outer loop
      vertex 46.9318 20 45.5176
      vertex 46.732 21 46
      vertex 46.9318 21 45.5176
    endloop
  endfacet
  facet normal -0.923891 -0 -0.382656
    outer loop
      vertex 46.732 21 46
      vertex 46.9318 20 45.5176
      vertex 46.732 20 46
    endloop
  endfacet
  facet normal -0.793378 0 -0.608729
    outer loop
      vertex 46.732 20 46
      vertex 46.4142 21 46.4142
      vertex 46.732 21 46
    endloop
  endfacet
  facet normal -0.793378 -0 -0.608729
    outer loop
      vertex 46.4142 21 46.4142
      vertex 46.732 20 46
      vertex 46.4142 20 46.4142
    endloop
  endfacet
  facet normal -0.608729 0 -0.793378
    outer loop
      vertex 46 20 46.732
      vertex 46.4142 21 46.4142
      vertex 46.4142 20 46.4142
    endloop
  endfacet
  facet normal -0.608729 0 -0.793378
    outer loop
      vertex 46.4142 21 46.4142
      vertex 46 20 46.732
      vertex 46 21 46.732
    endloop
  endfacet
  facet normal -0.382656 0 -0.923891
    outer loop
      vertex 45.5176 20 46.9318
      vertex 46 21 46.732
      vertex 46 20 46.732
    endloop
  endfacet
  facet normal -0.382656 0 -0.923891
    outer loop
      vertex 46 21 46.732
      vertex 45.5176 20 46.9318
      vertex 45.5176 21 46.9318
    endloop
  endfacet
  facet normal -0.130633 0 -0.991431
    outer loop
      vertex 45 20 47
      vertex 45.5176 21 46.9318
      vertex 45.5176 20 46.9318
    endloop
  endfacet
  facet normal -0.130633 0 -0.991431
    outer loop
      vertex 45.5176 21 46.9318
      vertex 45 20 47
      vertex 45 21 47
    endloop
  endfacet
  facet normal 0 0 -1
    outer loop
      vertex 38 20 47
      vertex 45 21 47
      vertex 45 20 47
    endloop
  endfacet
  facet normal -0 0 -1
    outer loop
      vertex 45 21 47
      vertex 38 20 47
      vertex 38 21 47
    endloop
  endfacet
  facet normal 0.130633 0 -0.991431
    outer loop
      vertex 37.4824 20 46.9318
      vertex 38 21 47
      vertex 38 20 47
    endloop
  endfacet
  facet normal 0.130633 0 -0.991431
    outer loop
      vertex 38 21 47
      vertex 37.4824 20 46.9318
      vertex 37.4824 21 46.9318
    endloop
  endfacet
  facet normal 0.382656 0 -0.923891
    outer loop
      vertex 37 20 46.732
      vertex 37.4824 21 46.9318
      vertex 37.4824 20 46.9318
    endloop
  endfacet
  facet normal 0.382656 0 -0.923891
    outer loop
      vertex 37.4824 21 46.9318
      vertex 37 20 46.732
      vertex 37 21 46.732
    endloop
  endfacet
  facet normal 0.608729 0 -0.793378
    outer loop
      vertex 36.5858 20 46.4142
      vertex 37 21 46.732
      vertex 37 20 46.732
    endloop
  endfacet
  facet normal 0.608729 0 -0.793378
    outer loop
      vertex 37 21 46.732
      vertex 36.5858 20 46.4142
      vertex 36.5858 21 46.4142
    endloop
  endfacet
  facet normal 0.793286 0 -0.60885
    outer loop
      vertex 36.5858 20 46.4142
      vertex 36.2679 21 46
      vertex 36.5858 21 46.4142
    endloop
  endfacet
  facet normal 0.793286 0 -0.60885
    outer loop
      vertex 36.2679 21 46
      vertex 36.5858 20 46.4142
      vertex 36.2679 20 46
    endloop
  endfacet
  facet normal 0.923891 0 -0.382656
    outer loop
      vertex 36.2679 20 46
      vertex 36.0681 21 45.5176
      vertex 36.2679 21 46
    endloop
  endfacet
  facet normal 0.923891 0 -0.382656
    outer loop
      vertex 36.0681 21 45.5176
      vertex 36.2679 20 46
      vertex 36.0681 20 45.5176
    endloop
  endfacet
  facet normal 0.991456 0 -0.130445
    outer loop
      vertex 36.0681 20 45.5176
      vertex 36 21 45
      vertex 36.0681 21 45.5176
    endloop
  endfacet
  facet normal 0.991456 0 -0.130445
    outer loop
      vertex 36 21 45
      vertex 36.0681 20 45.5176
      vertex 36 20 45
    endloop
  endfacet
  facet normal 1 -0 0
    outer loop
      vertex 36 20 45
      vertex 36 21 31
      vertex 36 21 45
    endloop
  endfacet
  facet normal 1 0 0
    outer loop
      vertex 36 21 31
      vertex 36 20 45
      vertex 36 20 31
    endloop
  endfacet
  facet normal 0.991456 -0 0.130445
    outer loop
      vertex 36 20 31
      vertex 36.0681 21 30.4824
      vertex 36 21 31
    endloop
  endfacet
  facet normal 0.991456 0 0.130445
    outer loop
      vertex 36.0681 21 30.4824
      vertex 36 20 31
      vertex 36.0681 20 30.4824
    endloop
  endfacet
  facet normal 0.923891 -0 0.382656
    outer loop
      vertex 36.0681 20 30.4824
      vertex 36.2679 21 30
      vertex 36.0681 21 30.4824
    endloop
  endfacet
  facet normal 0.923891 0 0.382656
    outer loop
      vertex 36.2679 21 30
      vertex 36.0681 20 30.4824
      vertex 36.2679 20 30
    endloop
  endfacet
  facet normal 0.793286 -0 0.60885
    outer loop
      vertex 36.2679 20 30
      vertex 36.5858 21 29.5858
      vertex 36.2679 21 30
    endloop
  endfacet
  facet normal 0.793286 0 0.60885
    outer loop
      vertex 36.5858 21 29.5858
      vertex 36.2679 20 30
      vertex 36.5858 20 29.5858
    endloop
  endfacet
  facet normal 0.60885 0 0.793286
    outer loop
      vertex 36.5858 21 29.5858
      vertex 37 20 29.2679
      vertex 37 21 29.2679
    endloop
  endfacet
  facet normal 0.60885 0 0.793286
    outer loop
      vertex 37 20 29.2679
      vertex 36.5858 21 29.5858
      vertex 36.5858 20 29.5858
    endloop
  endfacet
  facet normal 0.382656 0 0.923891
    outer loop
      vertex 37 21 29.2679
      vertex 37.4824 20 29.0681
      vertex 37.4824 21 29.0681
    endloop
  endfacet
  facet normal 0.382656 0 0.923891
    outer loop
      vertex 37.4824 20 29.0681
      vertex 37 21 29.2679
      vertex 37 20 29.2679
    endloop
  endfacet
  facet normal 0.130445 0 0.991456
    outer loop
      vertex 37.4824 21 29.0681
      vertex 38 20 29
      vertex 38 21 29
    endloop
  endfacet
  facet normal 0.130445 0 0.991456
    outer loop
      vertex 38 20 29
      vertex 37.4824 21 29.0681
      vertex 37.4824 20 29.0681
    endloop
  endfacet
  facet normal -0 0 1
    outer loop
      vertex 38 21 29
      vertex 45 20 29
      vertex 45 21 29
    endloop
  endfacet
  facet normal 0 0 1
    outer loop
      vertex 45 20 29
      vertex 38 21 29
      vertex 38 20 29
    endloop
  endfacet
  facet normal -0.130445 0 0.991456
    outer loop
      vertex 45 21 29
      vertex 45.5176 20 29.0681
      vertex 45.5176 21 29.0681
    endloop
  endfacet
  facet normal -0.130445 0 0.991456
    outer loop
      vertex 45.5176 20 29.0681
      vertex 45 21 29
      vertex 45 20 29
    endloop
  endfacet
  facet normal 0.923746 -0 0.383006
    outer loop
      vertex 26.0204 -24 8.4447
      vertex 26.0804 -23 8.29999
      vertex 26.0204 -23 8.4447
    endloop
  endfacet
  facet normal 0.923746 0 0.383006
    outer loop
      vertex 26.0804 -23 8.29999
      vertex 26.0204 -24 8.4447
      vertex 26.0804 -24 8.29999
    endloop
  endfacet
  facet normal -1 0 0
    outer loop
      vertex 31 -24 8.59999
      vertex 31 -23 11.4
      vertex 31 -23 8.59999
    endloop
  endfacet
  facet normal -1 -0 0
    outer loop
      vertex 31 -23 11.4
      vertex 31 -24 8.59999
      vertex 31 -24 11.4
    endloop
  endfacet
  facet normal 0 -1 0
    outer loop
      vertex 26 -23 11.4
      vertex 26.6 -23 12
      vertex 26.4447 -23 11.9796
    endloop
  endfacet
  facet normal 0 -1 0
    outer loop
      vertex 26.6 -23 12
      vertex 26.6 -23 8
      vertex 30.4 -23 12
    endloop
  endfacet
  facet normal 0 -1 0
    outer loop
      vertex 26 -23 11.4
      vertex 26.4447 -23 11.9796
      vertex 26.3 -23 11.9196
    endloop
  endfacet
  facet normal 0 -1 -0
    outer loop
      vertex 26.6 -23 12
      vertex 26 -23 11.4
      vertex 26.6 -23 8
    endloop
  endfacet
  facet normal 0 -1 0
    outer loop
      vertex 26 -23 11.4
      vertex 26.3 -23 11.9196
      vertex 26.1757 -23 11.8242
    endloop
  endfacet
  facet normal 0 -1 0
    outer loop
      vertex 30.4 -23 8
      vertex 30.4 -23 12
      vertex 26.6 -23 8
    endloop
  endfacet
  facet normal 0 -1 0
    outer loop
      vertex 26 -23 11.4
      vertex 26.1757 -23 11.8242
      vertex 26.0804 -23 11.7
    endloop
  endfacet
  facet normal 0 -1 0
    outer loop
      vertex 30.5553 -23 11.9796
      vertex 31 -23 11.4
      vertex 30.7 -23 11.9196
    endloop
  endfacet
  facet normal 0 -1 0
    outer loop
      vertex 26 -23 11.4
      vertex 26.0804 -23 11.7
      vertex 26.0204 -23 11.5553
    endloop
  endfacet
  facet normal 0 -1 0
    outer loop
      vertex 30.7 -23 11.9196
      vertex 31 -23 11.4
      vertex 30.8242 -23 11.8242
    endloop
  endfacet
  facet normal 0 -1 0
    outer loop
      vertex 30.8242 -23 11.8242
      vertex 31 -23 11.4
      vertex 30.9196 -23 11.7
    endloop
  endfacet
  facet normal 0 -1 0
    outer loop
      vertex 30.9196 -23 11.7
      vertex 31 -23 11.4
      vertex 30.9796 -23 11.5553
    endloop
  endfacet
  facet normal 0 -1 0
    outer loop
      vertex 26.6 -23 8
      vertex 26 -23 11.4
      vertex 26 -23 8.59999
    endloop
  endfacet
  facet normal -0 -1 0
    outer loop
      vertex 31 -23 11.4
      vertex 30.4 -23 12
      vertex 30.4 -23 8
    endloop
  endfacet
  facet normal 0 -1 0
    outer loop
      vertex 26.6 -23 8
      vertex 26 -23 8.59999
      vertex 26.0204 -23 8.4447
    endloop
  endfacet
  facet normal 0 -1 0
    outer loop
      vertex 30.4 -23 12
      vertex 31 -23 11.4
      vertex 30.5553 -23 11.9796
    endloop
  endfacet
  facet normal 0 -1 0
    outer loop
      vertex 26.6 -23 8
      vertex 26.0204 -23 8.4447
      vertex 26.0804 -23 8.29999
    endloop
  endfacet
  facet normal 0 -1 -0
    outer loop
      vertex 31 -23 11.4
      vertex 30.4 -23 8
      vertex 31 -23 8.59999
    endloop
  endfacet
  facet normal 0 -1 0
    outer loop
      vertex 26.6 -23 8
      vertex 26.0804 -23 8.29999
      vertex 26.1757 -23 8.17574
    endloop
  endfacet
  facet normal 0 -1 0
    outer loop
      vertex 31 -23 8.59999
      vertex 30.4 -23 8
      vertex 30.9796 -23 8.4447
    endloop
  endfacet
  facet normal 0 -1 0
    outer loop
      vertex 26.6 -23 8
      vertex 26.1757 -23 8.17574
      vertex 26.3 -23 8.08038
    endloop
  endfacet
  facet normal 0 -1 0
    outer loop
      vertex 30.9796 -23 8.4447
      vertex 30.4 -23 8
      vertex 30.9196 -23 8.29999
    endloop
  endfacet
  facet normal 0 -1 0
    outer loop
      vertex 26.6 -23 8
      vertex 26.3 -23 8.08038
      vertex 26.4447 -23 8.02043
    endloop
  endfacet
  facet normal 0 -1 0
    outer loop
      vertex 30.9196 -23 8.29999
      vertex 30.4 -23 8
      vertex 30.8242 -23 8.17574
    endloop
  endfacet
  facet normal 0 -1 0
    outer loop
      vertex 30.8242 -23 8.17574
      vertex 30.4 -23 8
      vertex 30.7 -23 8.08038
    endloop
  endfacet
  facet normal 0 -1 0
    outer loop
      vertex 30.7 -23 8.08038
      vertex 30.4 -23 8
      vertex 30.5553 -23 8.02043
    endloop
  endfacet
  facet normal -0.923746 0 0.383006
    outer loop
      vertex 30.9196 -24 8.29999
      vertex 30.9796 -23 8.4447
      vertex 30.9196 -23 8.29999
    endloop
  endfacet
  facet normal -0.923746 0 0.383006
    outer loop
      vertex 30.9796 -23 8.4447
      vertex 30.9196 -24 8.29999
      vertex 30.9796 -24 8.4447
    endloop
  endfacet
  facet normal 0.79336 0 -0.608753
    outer loop
      vertex 26.1757 -24 11.8242
      vertex 26.0804 -23 11.7
      vertex 26.1757 -23 11.8242
    endloop
  endfacet
  facet normal 0.79336 0 -0.608753
    outer loop
      vertex 26.0804 -23 11.7
      vertex 26.1757 -24 11.8242
      vertex 26.0804 -24 11.7
    endloop
  endfacet
  facet normal -0 0 1
    outer loop
      vertex 26.6 -23 8
      vertex 30.4 -24 8
      vertex 30.4 -23 8
    endloop
  endfacet
  facet normal 0 0 1
    outer loop
      vertex 30.4 -24 8
      vertex 26.6 -23 8
      vertex 26.6 -24 8
    endloop
  endfacet
  facet normal 0.991481 -0 0.130248
    outer loop
      vertex 26 -24 8.59999
      vertex 26.0204 -23 8.4447
      vertex 26 -23 8.59999
    endloop
  endfacet
  facet normal 0.991481 0 0.130248
    outer loop
      vertex 26.0204 -23 8.4447
      vertex 26 -24 8.59999
      vertex 26.0204 -24 8.4447
    endloop
  endfacet
  facet normal 1 -0 0
    outer loop
      vertex 26 -24 11.4
      vertex 26 -23 8.59999
      vertex 26 -23 11.4
    endloop
  endfacet
  facet normal 1 0 0
    outer loop
      vertex 26 -23 8.59999
      vertex 26 -24 11.4
      vertex 26 -24 8.59999
    endloop
  endfacet
  facet normal -0.793051 0 -0.609155
    outer loop
      vertex 30.9196 -24 11.7
      vertex 30.8242 -23 11.8242
      vertex 30.9196 -23 11.7
    endloop
  endfacet
  facet normal -0.793051 -0 -0.609155
    outer loop
      vertex 30.8242 -23 11.8242
      vertex 30.9196 -24 11.7
      vertex 30.8242 -24 11.8242
    endloop
  endfacet
  facet normal 0.608847 0 -0.793288
    outer loop
      vertex 26.1757 -24 11.8242
      vertex 26.3 -23 11.9196
      vertex 26.3 -24 11.9196
    endloop
  endfacet
  facet normal 0.608847 0 -0.793288
    outer loop
      vertex 26.3 -23 11.9196
      vertex 26.1757 -24 11.8242
      vertex 26.1757 -23 11.8242
    endloop
  endfacet
  facet normal -0.991481 0 0.130248
    outer loop
      vertex 30.9796 -24 8.4447
      vertex 31 -23 8.59999
      vertex 30.9796 -23 8.4447
    endloop
  endfacet
  facet normal -0.991481 0 0.130248
    outer loop
      vertex 31 -23 8.59999
      vertex 30.9796 -24 8.4447
      vertex 31 -24 8.59999
    endloop
  endfacet
  facet normal 0.923737 0 -0.383028
    outer loop
      vertex 26.0804 -24 11.7
      vertex 26.0204 -23 11.5553
      vertex 26.0804 -23 11.7
    endloop
  endfacet
  facet normal 0.923737 0 -0.383028
    outer loop
      vertex 26.0204 -23 11.5553
      vertex 26.0804 -24 11.7
      vertex 26.0204 -24 11.5553
    endloop
  endfacet
  facet normal 0.13024 0 -0.991483
    outer loop
      vertex 26.4447 -24 11.9796
      vertex 26.6 -23 12
      vertex 26.6 -24 12
    endloop
  endfacet
  facet normal 0.13024 0 -0.991483
    outer loop
      vertex 26.6 -23 12
      vertex 26.4447 -24 11.9796
      vertex 26.4447 -23 11.9796
    endloop
  endfacet
  facet normal -0.13024 0 -0.991483
    outer loop
      vertex 30.4 -24 12
      vertex 30.5553 -23 11.9796
      vertex 30.5553 -24 11.9796
    endloop
  endfacet
  facet normal -0.13024 0 -0.991483
    outer loop
      vertex 30.5553 -23 11.9796
      vertex 30.4 -24 12
      vertex 30.4 -23 12
    endloop
  endfacet
  facet normal -0.383028 0 -0.923737
    outer loop
      vertex 30.5553 -24 11.9796
      vertex 30.7 -23 11.9196
      vertex 30.7 -24 11.9196
    endloop
  endfacet
  facet normal -0.383028 0 -0.923737
    outer loop
      vertex 30.7 -23 11.9196
      vertex 30.5553 -24 11.9796
      vertex 30.5553 -23 11.9796
    endloop
  endfacet
  facet normal 0.991483 0 -0.13024
    outer loop
      vertex 26.0204 -24 11.5553
      vertex 26 -23 11.4
      vertex 26.0204 -23 11.5553
    endloop
  endfacet
  facet normal 0.991483 0 -0.13024
    outer loop
      vertex 26 -23 11.4
      vertex 26.0204 -24 11.5553
      vertex 26 -24 11.4
    endloop
  endfacet
  facet normal -0.793169 0 0.609001
    outer loop
      vertex 30.8242 -24 8.17574
      vertex 30.9196 -23 8.29999
      vertex 30.8242 -23 8.17574
    endloop
  endfacet
  facet normal -0.793169 0 0.609001
    outer loop
      vertex 30.9196 -23 8.29999
      vertex 30.8242 -24 8.17574
      vertex 30.9196 -24 8.29999
    endloop
  endfacet
  facet normal 0 0 -1
    outer loop
      vertex 26.6 -24 12
      vertex 30.4 -23 12
      vertex 30.4 -24 12
    endloop
  endfacet
  facet normal -0 0 -1
    outer loop
      vertex 30.4 -23 12
      vertex 26.6 -24 12
      vertex 26.6 -23 12
    endloop
  endfacet
  facet normal -0.130428 0 0.991458
    outer loop
      vertex 30.4 -23 8
      vertex 30.5553 -24 8.02043
      vertex 30.5553 -23 8.02043
    endloop
  endfacet
  facet normal -0.130428 0 0.991458
    outer loop
      vertex 30.5553 -24 8.02043
      vertex 30.4 -23 8
      vertex 30.4 -24 8
    endloop
  endfacet
  facet normal -0.923737 0 -0.383028
    outer loop
      vertex 30.9796 -24 11.5553
      vertex 30.9196 -23 11.7
      vertex 30.9796 -23 11.5553
    endloop
  endfacet
  facet normal -0.923737 -0 -0.383028
    outer loop
      vertex 30.9196 -23 11.7
      vertex 30.9796 -24 11.5553
      vertex 30.9196 -24 11.7
    endloop
  endfacet
  facet normal -0.608994 0 0.793174
    outer loop
      vertex 30.7 -23 8.08038
      vertex 30.8242 -24 8.17574
      vertex 30.8242 -23 8.17574
    endloop
  endfacet
  facet normal -0.608994 0 0.793174
    outer loop
      vertex 30.8242 -24 8.17574
      vertex 30.7 -23 8.08038
      vertex 30.7 -24 8.08038
    endloop
  endfacet
  facet normal -0.609155 0 -0.793051
    outer loop
      vertex 30.7 -24 11.9196
      vertex 30.8242 -23 11.8242
      vertex 30.8242 -24 11.8242
    endloop
  endfacet
  facet normal -0.609155 0 -0.793051
    outer loop
      vertex 30.8242 -23 11.8242
      vertex 30.7 -24 11.9196
      vertex 30.7 -23 11.9196
    endloop
  endfacet
  facet normal 0.383028 0 -0.923737
    outer loop
      vertex 26.3 -24 11.9196
      vertex 26.4447 -23 11.9796
      vertex 26.4447 -24 11.9796
    endloop
  endfacet
  facet normal 0.383028 0 -0.923737
    outer loop
      vertex 26.4447 -23 11.9796
      vertex 26.3 -24 11.9196
      vertex 26.3 -23 11.9196
    endloop
  endfacet
  facet normal -0.991483 0 -0.13024
    outer loop
      vertex 31 -24 11.4
      vertex 30.9796 -23 11.5553
      vertex 31 -23 11.4
    endloop
  endfacet
  facet normal -0.991483 -0 -0.13024
    outer loop
      vertex 30.9796 -23 11.5553
      vertex 31 -24 11.4
      vertex 30.9796 -24 11.5553
    endloop
  endfacet
  facet normal 0.382756 0 0.92385
    outer loop
      vertex 26.3 -23 8.08038
      vertex 26.4447 -24 8.02043
      vertex 26.4447 -23 8.02043
    endloop
  endfacet
  facet normal 0.382756 0 0.92385
    outer loop
      vertex 26.4447 -24 8.02043
      vertex 26.3 -23 8.08038
      vertex 26.3 -24 8.08038
    endloop
  endfacet
  facet normal 0.130428 0 0.991458
    outer loop
      vertex 26.4447 -23 8.02043
      vertex 26.6 -24 8
      vertex 26.6 -23 8
    endloop
  endfacet
  facet normal 0.130428 0 0.991458
    outer loop
      vertex 26.6 -24 8
      vertex 26.4447 -23 8.02043
      vertex 26.4447 -24 8.02043
    endloop
  endfacet
  facet normal 0.608686 0 0.793411
    outer loop
      vertex 26.1757 -23 8.17574
      vertex 26.3 -24 8.08038
      vertex 26.3 -23 8.08038
    endloop
  endfacet
  facet normal 0.608686 0 0.793411
    outer loop
      vertex 26.3 -24 8.08038
      vertex 26.1757 -23 8.17574
      vertex 26.1757 -24 8.17574
    endloop
  endfacet
  facet normal 0.793478 -0 0.608599
    outer loop
      vertex 26.0804 -24 8.29999
      vertex 26.1757 -23 8.17574
      vertex 26.0804 -23 8.29999
    endloop
  endfacet
  facet normal 0.793478 0 0.608599
    outer loop
      vertex 26.1757 -23 8.17574
      vertex 26.0804 -24 8.29999
      vertex 26.1757 -24 8.17574
    endloop
  endfacet
  facet normal -0.382756 0 0.92385
    outer loop
      vertex 30.5553 -23 8.02043
      vertex 30.7 -24 8.08038
      vertex 30.7 -23 8.08038
    endloop
  endfacet
  facet normal -0.382756 0 0.92385
    outer loop
      vertex 30.7 -24 8.08038
      vertex 30.5553 -23 8.02043
      vertex 30.5553 -24 8.02043
    endloop
  endfacet
  facet normal 0.923746 -0 0.383006
    outer loop
      vertex 26.0204 23 8.4447
      vertex 26.0804 24 8.29999
      vertex 26.0204 24 8.4447
    endloop
  endfacet
  facet normal 0.923746 0 0.383006
    outer loop
      vertex 26.0804 24 8.29999
      vertex 26.0204 23 8.4447
      vertex 26.0804 23 8.29999
    endloop
  endfacet
  facet normal -1 0 0
    outer loop
      vertex 31 23 8.59999
      vertex 31 24 11.4
      vertex 31 24 8.59999
    endloop
  endfacet
  facet normal -1 -0 0
    outer loop
      vertex 31 24 11.4
      vertex 31 23 8.59999
      vertex 31 23 11.4
    endloop
  endfacet
  facet normal -0.923746 0 0.383006
    outer loop
      vertex 30.9196 23 8.29999
      vertex 30.9796 24 8.4447
      vertex 30.9196 24 8.29999
    endloop
  endfacet
  facet normal -0.923746 0 0.383006
    outer loop
      vertex 30.9796 24 8.4447
      vertex 30.9196 23 8.29999
      vertex 30.9796 23 8.4447
    endloop
  endfacet
  facet normal 0.79336 0 -0.608753
    outer loop
      vertex 26.1757 23 11.8242
      vertex 26.0804 24 11.7
      vertex 26.1757 24 11.8242
    endloop
  endfacet
  facet normal 0.79336 0 -0.608753
    outer loop
      vertex 26.0804 24 11.7
      vertex 26.1757 23 11.8242
      vertex 26.0804 23 11.7
    endloop
  endfacet
  facet normal -0 0 1
    outer loop
      vertex 26.6 24 8
      vertex 30.4 23 8
      vertex 30.4 24 8
    endloop
  endfacet
  facet normal 0 0 1
    outer loop
      vertex 30.4 23 8
      vertex 26.6 24 8
      vertex 26.6 23 8
    endloop
  endfacet
  facet normal 0.991481 -0 0.130248
    outer loop
      vertex 26 23 8.59999
      vertex 26.0204 24 8.4447
      vertex 26 24 8.59999
    endloop
  endfacet
  facet normal 0.991481 0 0.130248
    outer loop
      vertex 26.0204 24 8.4447
      vertex 26 23 8.59999
      vertex 26.0204 23 8.4447
    endloop
  endfacet
  facet normal 1 -0 0
    outer loop
      vertex 26 23 11.4
      vertex 26 24 8.59999
      vertex 26 24 11.4
    endloop
  endfacet
  facet normal 1 0 0
    outer loop
      vertex 26 24 8.59999
      vertex 26 23 11.4
      vertex 26 23 8.59999
    endloop
  endfacet
  facet normal -0.793051 0 -0.609155
    outer loop
      vertex 30.9196 23 11.7
      vertex 30.8242 24 11.8242
      vertex 30.9196 24 11.7
    endloop
  endfacet
  facet normal -0.793051 -0 -0.609155
    outer loop
      vertex 30.8242 24 11.8242
      vertex 30.9196 23 11.7
      vertex 30.8242 23 11.8242
    endloop
  endfacet
  facet normal 0.608847 0 -0.793288
    outer loop
      vertex 26.1757 23 11.8242
      vertex 26.3 24 11.9196
      vertex 26.3 23 11.9196
    endloop
  endfacet
  facet normal 0.608847 0 -0.793288
    outer loop
      vertex 26.3 24 11.9196
      vertex 26.1757 23 11.8242
      vertex 26.1757 24 11.8242
    endloop
  endfacet
  facet normal -0.991481 0 0.130248
    outer loop
      vertex 30.9796 23 8.4447
      vertex 31 24 8.59999
      vertex 30.9796 24 8.4447
    endloop
  endfacet
  facet normal -0.991481 0 0.130248
    outer loop
      vertex 31 24 8.59999
      vertex 30.9796 23 8.4447
      vertex 31 23 8.59999
    endloop
  endfacet
  facet normal 0.923737 0 -0.383028
    outer loop
      vertex 26.0804 23 11.7
      vertex 26.0204 24 11.5553
      vertex 26.0804 24 11.7
    endloop
  endfacet
  facet normal 0.923737 0 -0.383028
    outer loop
      vertex 26.0204 24 11.5553
      vertex 26.0804 23 11.7
      vertex 26.0204 23 11.5553
    endloop
  endfacet
  facet normal 0.991483 0 -0.13024
    outer loop
      vertex 26.0204 23 11.5553
      vertex 26 24 11.4
      vertex 26.0204 24 11.5553
    endloop
  endfacet
  facet normal 0.991483 0 -0.13024
    outer loop
      vertex 26 24 11.4
      vertex 26.0204 23 11.5553
      vertex 26 23 11.4
    endloop
  endfacet
  facet normal 0.13024 0 -0.991483
    outer loop
      vertex 26.4447 23 11.9796
      vertex 26.6 24 12
      vertex 26.6 23 12
    endloop
  endfacet
  facet normal 0.13024 0 -0.991483
    outer loop
      vertex 26.6 24 12
      vertex 26.4447 23 11.9796
      vertex 26.4447 24 11.9796
    endloop
  endfacet
  facet normal -0.13024 0 -0.991483
    outer loop
      vertex 30.4 23 12
      vertex 30.5553 24 11.9796
      vertex 30.5553 23 11.9796
    endloop
  endfacet
  facet normal -0.13024 0 -0.991483
    outer loop
      vertex 30.5553 24 11.9796
      vertex 30.4 23 12
      vertex 30.4 24 12
    endloop
  endfacet
  facet normal -0.383028 0 -0.923737
    outer loop
      vertex 30.5553 23 11.9796
      vertex 30.7 24 11.9196
      vertex 30.7 23 11.9196
    endloop
  endfacet
  facet normal -0.383028 0 -0.923737
    outer loop
      vertex 30.7 24 11.9196
      vertex 30.5553 23 11.9796
      vertex 30.5553 24 11.9796
    endloop
  endfacet
  facet normal 0 1 0
    outer loop
      vertex 31 23 11.4
      vertex 30.4 23 12
      vertex 30.5553 23 11.9796
    endloop
  endfacet
  facet normal 0 1 0
    outer loop
      vertex 30.4 23 12
      vertex 30.4 23 8
      vertex 26.6 23 12
    endloop
  endfacet
  facet normal 0 1 0
    outer loop
      vertex 31 23 11.4
      vertex 30.5553 23 11.9796
      vertex 30.7 23 11.9196
    endloop
  endfacet
  facet normal 0 1 0
    outer loop
      vertex 30.4 23 12
      vertex 31 23 11.4
      vertex 30.4 23 8
    endloop
  endfacet
  facet normal 0 1 0
    outer loop
      vertex 31 23 11.4
      vertex 30.7 23 11.9196
      vertex 30.8242 23 11.8242
    endloop
  endfacet
  facet normal 0 1 0
    outer loop
      vertex 26.6 23 8
      vertex 26.6 23 12
      vertex 30.4 23 8
    endloop
  endfacet
  facet normal 0 1 0
    outer loop
      vertex 31 23 11.4
      vertex 30.8242 23 11.8242
      vertex 30.9196 23 11.7
    endloop
  endfacet
  facet normal 0 1 0
    outer loop
      vertex 26.4447 23 11.9796
      vertex 26 23 11.4
      vertex 26.3 23 11.9196
    endloop
  endfacet
  facet normal 0 1 0
    outer loop
      vertex 31 23 11.4
      vertex 30.9196 23 11.7
      vertex 30.9796 23 11.5553
    endloop
  endfacet
  facet normal 0 1 0
    outer loop
      vertex 26.3 23 11.9196
      vertex 26 23 11.4
      vertex 26.1757 23 11.8242
    endloop
  endfacet
  facet normal 0 1 0
    outer loop
      vertex 26.1757 23 11.8242
      vertex 26 23 11.4
      vertex 26.0804 23 11.7
    endloop
  endfacet
  facet normal 0 1 0
    outer loop
      vertex 26.0804 23 11.7
      vertex 26 23 11.4
      vertex 26.0204 23 11.5553
    endloop
  endfacet
  facet normal 0 1 0
    outer loop
      vertex 30.4 23 8
      vertex 31 23 11.4
      vertex 31 23 8.59999
    endloop
  endfacet
  facet normal -0 1 0
    outer loop
      vertex 26 23 11.4
      vertex 26.6 23 12
      vertex 26.6 23 8
    endloop
  endfacet
  facet normal 0 1 0
    outer loop
      vertex 30.4 23 8
      vertex 31 23 8.59999
      vertex 30.9796 23 8.4447
    endloop
  endfacet
  facet normal 0 1 0
    outer loop
      vertex 26.6 23 12
      vertex 26 23 11.4
      vertex 26.4447 23 11.9796
    endloop
  endfacet
  facet normal 0 1 0
    outer loop
      vertex 30.4 23 8
      vertex 30.9796 23 8.4447
      vertex 30.9196 23 8.29999
    endloop
  endfacet
  facet normal 0 1 0
    outer loop
      vertex 26 23 11.4
      vertex 26.6 23 8
      vertex 26 23 8.59999
    endloop
  endfacet
  facet normal 0 1 0
    outer loop
      vertex 30.4 23 8
      vertex 30.9196 23 8.29999
      vertex 30.8242 23 8.17574
    endloop
  endfacet
  facet normal 0 1 0
    outer loop
      vertex 26 23 8.59999
      vertex 26.6 23 8
      vertex 26.0204 23 8.4447
    endloop
  endfacet
  facet normal 0 1 0
    outer loop
      vertex 30.4 23 8
      vertex 30.8242 23 8.17574
      vertex 30.7 23 8.08038
    endloop
  endfacet
  facet normal 0 1 0
    outer loop
      vertex 26.0204 23 8.4447
      vertex 26.6 23 8
      vertex 26.0804 23 8.29999
    endloop
  endfacet
  facet normal 0 1 0
    outer loop
      vertex 30.4 23 8
      vertex 30.7 23 8.08038
      vertex 30.5553 23 8.02043
    endloop
  endfacet
  facet normal 0 1 0
    outer loop
      vertex 26.0804 23 8.29999
      vertex 26.6 23 8
      vertex 26.1757 23 8.17574
    endloop
  endfacet
  facet normal 0 1 0
    outer loop
      vertex 26.1757 23 8.17574
      vertex 26.6 23 8
      vertex 26.3 23 8.08038
    endloop
  endfacet
  facet normal 0 1 0
    outer loop
      vertex 26.3 23 8.08038
      vertex 26.6 23 8
      vertex 26.4447 23 8.02043
    endloop
  endfacet
  facet normal -0.793169 0 0.609001
    outer loop
      vertex 30.8242 23 8.17574
      vertex 30.9196 24 8.29999
      vertex 30.8242 24 8.17574
    endloop
  endfacet
  facet normal -0.793169 0 0.609001
    outer loop
      vertex 30.9196 24 8.29999
      vertex 30.8242 23 8.17574
      vertex 30.9196 23 8.29999
    endloop
  endfacet
  facet normal 0 0 -1
    outer loop
      vertex 26.6 23 12
      vertex 30.4 24 12
      vertex 30.4 23 12
    endloop
  endfacet
  facet normal -0 0 -1
    outer loop
      vertex 30.4 24 12
      vertex 26.6 23 12
      vertex 26.6 24 12
    endloop
  endfacet
  facet normal -0.130428 0 0.991458
    outer loop
      vertex 30.4 24 8
      vertex 30.5553 23 8.02043
      vertex 30.5553 24 8.02043
    endloop
  endfacet
  facet normal -0.130428 0 0.991458
    outer loop
      vertex 30.5553 23 8.02043
      vertex 30.4 24 8
      vertex 30.4 23 8
    endloop
  endfacet
  facet normal -0.923737 0 -0.383028
    outer loop
      vertex 30.9796 23 11.5553
      vertex 30.9196 24 11.7
      vertex 30.9796 24 11.5553
    endloop
  endfacet
  facet normal -0.923737 -0 -0.383028
    outer loop
      vertex 30.9196 24 11.7
      vertex 30.9796 23 11.5553
      vertex 30.9196 23 11.7
    endloop
  endfacet
  facet normal -0.608994 0 0.793174
    outer loop
      vertex 30.7 24 8.08038
      vertex 30.8242 23 8.17574
      vertex 30.8242 24 8.17574
    endloop
  endfacet
  facet normal -0.608994 0 0.793174
    outer loop
      vertex 30.8242 23 8.17574
      vertex 30.7 24 8.08038
      vertex 30.7 23 8.08038
    endloop
  endfacet
  facet normal -0.609155 0 -0.793051
    outer loop
      vertex 30.7 23 11.9196
      vertex 30.8242 24 11.8242
      vertex 30.8242 23 11.8242
    endloop
  endfacet
  facet normal -0.609155 0 -0.793051
    outer loop
      vertex 30.8242 24 11.8242
      vertex 30.7 23 11.9196
      vertex 30.7 24 11.9196
    endloop
  endfacet
  facet normal 0.383028 0 -0.923737
    outer loop
      vertex 26.3 23 11.9196
      vertex 26.4447 24 11.9796
      vertex 26.4447 23 11.9796
    endloop
  endfacet
  facet normal 0.383028 0 -0.923737
    outer loop
      vertex 26.4447 24 11.9796
      vertex 26.3 23 11.9196
      vertex 26.3 24 11.9196
    endloop
  endfacet
  facet normal -0.991483 0 -0.13024
    outer loop
      vertex 31 23 11.4
      vertex 30.9796 24 11.5553
      vertex 31 24 11.4
    endloop
  endfacet
  facet normal -0.991483 -0 -0.13024
    outer loop
      vertex 30.9796 24 11.5553
      vertex 31 23 11.4
      vertex 30.9796 23 11.5553
    endloop
  endfacet
  facet normal 0.382756 0 0.92385
    outer loop
      vertex 26.3 24 8.08038
      vertex 26.4447 23 8.02043
      vertex 26.4447 24 8.02043
    endloop
  endfacet
  facet normal 0.382756 0 0.92385
    outer loop
      vertex 26.4447 23 8.02043
      vertex 26.3 24 8.08038
      vertex 26.3 23 8.08038
    endloop
  endfacet
  facet normal 0.130428 0 0.991458
    outer loop
      vertex 26.4447 24 8.02043
      vertex 26.6 23 8
      vertex 26.6 24 8
    endloop
  endfacet
  facet normal 0.130428 0 0.991458
    outer loop
      vertex 26.6 23 8
      vertex 26.4447 24 8.02043
      vertex 26.4447 23 8.02043
    endloop
  endfacet
  facet normal 0.608686 0 0.793411
    outer loop
      vertex 26.1757 24 8.17574
      vertex 26.3 23 8.08038
      vertex 26.3 24 8.08038
    endloop
  endfacet
  facet normal 0.608686 0 0.793411
    outer loop
      vertex 26.3 23 8.08038
      vertex 26.1757 24 8.17574
      vertex 26.1757 23 8.17574
    endloop
  endfacet
  facet normal 0.793478 -0 0.608599
    outer loop
      vertex 26.0804 23 8.29999
      vertex 26.1757 24 8.17574
      vertex 26.0804 24 8.29999
    endloop
  endfacet
  facet normal 0.793478 0 0.608599
    outer loop
      vertex 26.1757 24 8.17574
      vertex 26.0804 23 8.29999
      vertex 26.1757 23 8.17574
    endloop
  endfacet
  facet normal -0.382756 0 0.92385
    outer loop
      vertex 30.5553 24 8.02043
      vertex 30.7 23 8.08038
      vertex 30.7 24 8.08038
    endloop
  endfacet
  facet normal -0.382756 0 0.92385
    outer loop
      vertex 30.7 23 8.08038
      vertex 30.5553 24 8.02043
      vertex 30.5553 23 8.02043
    endloop
  endfacet
  facet normal -1 0 0
    outer loop
      vertex 1 -8 9
      vertex 1 8 10.4
      vertex 1 8 9
    endloop
  endfacet
  facet normal -1 -0 0
    outer loop
      vertex 1 8 10.4
      vertex 1 -8 9
      vertex 1 -8 10.4
    endloop
  endfacet
  facet normal 0 0 -1
    outer loop
      vertex 0 -8 10.4
      vertex 1 8 10.4
      vertex 1 -8 10.4
    endloop
  endfacet
  facet normal -0 0 -1
    outer loop
      vertex 1 8 10.4
      vertex 0 -8 10.4
      vertex 0 8 10.4
    endloop
  endfacet
  facet normal -0 0 1
    outer loop
      vertex 0 8 9
      vertex 1 -8 9
      vertex 1 8 9
    endloop
  endfacet
  facet normal 0 0 1
    outer loop
      vertex 1 -8 9
      vertex 0 8 9
      vertex 0 -8 9
    endloop
  endfacet
  facet normal 0 -1 0
    outer loop
      vertex 0 8 9
      vertex 1 8 10.4
      vertex 0 8 10.4
    endloop
  endfacet
  facet normal 0 -1 -0
    outer loop
      vertex 1 8 10.4
      vertex 0 8 9
      vertex 1 8 9
    endloop
  endfacet
  facet normal 0 1 -0
    outer loop
      vertex 1 -8 9
      vertex 0 -8 10.4
      vertex 1 -8 10.4
    endloop
  endfacet
  facet normal 0 1 0
    outer loop
      vertex 0 -8 10.4
      vertex 1 -8 9
      vertex 0 -8 9
    endloop
  endfacet
  facet normal -1 0 0
    outer loop
      vertex 1 -8 12
      vertex 1 8 13.4
      vertex 1 8 12
    endloop
  endfacet
  facet normal -1 -0 0
    outer loop
      vertex 1 8 13.4
      vertex 1 -8 12
      vertex 1 -8 13.4
    endloop
  endfacet
  facet normal 0 0 -1
    outer loop
      vertex 0 -8 13.4
      vertex 1 8 13.4
      vertex 1 -8 13.4
    endloop
  endfacet
  facet normal -0 0 -1
    outer loop
      vertex 1 8 13.4
      vertex 0 -8 13.4
      vertex 0 8 13.4
    endloop
  endfacet
  facet normal -0 0 1
    outer loop
      vertex 0 8 12
      vertex 1 -8 12
      vertex 1 8 12
    endloop
  endfacet
  facet normal 0 0 1
    outer loop
      vertex 1 -8 12
      vertex 0 8 12
      vertex 0 -8 12
    endloop
  endfacet
  facet normal 0 -1 0
    outer loop
      vertex 0 8 12
      vertex 1 8 13.4
      vertex 0 8 13.4
    endloop
  endfacet
  facet normal 0 -1 -0
    outer loop
      vertex 1 8 13.4
      vertex 0 8 12
      vertex 1 8 12
    endloop
  endfacet
  facet normal 0 1 -0
    outer loop
      vertex 1 -8 12
      vertex 0 -8 13.4
      vertex 1 -8 13.4
    endloop
  endfacet
  facet normal 0 1 0
    outer loop
      vertex 0 -8 13.4
      vertex 1 -8 12
      vertex 0 -8 12
    endloop
  endfacet
  facet normal -1 0 0
    outer loop
      vertex 1 -8 15
      vertex 1 8 16.4
      vertex 1 8 15
    endloop
  endfacet
  facet normal -1 -0 0
    outer loop
      vertex 1 8 16.4
      vertex 1 -8 15
      vertex 1 -8 16.4
    endloop
  endfacet
  facet normal 0 0 -1
    outer loop
      vertex 0 -8 16.4
      vertex 1 8 16.4
      vertex 1 -8 16.4
    endloop
  endfacet
  facet normal -0 0 -1
    outer loop
      vertex 1 8 16.4
      vertex 0 -8 16.4
      vertex 0 8 16.4
    endloop
  endfacet
  facet normal -0 0 1
    outer loop
      vertex 0 8 15
      vertex 1 -8 15
      vertex 1 8 15
    endloop
  endfacet
  facet normal 0 0 1
    outer loop
      vertex 1 -8 15
      vertex 0 8 15
      vertex 0 -8 15
    endloop
  endfacet
  facet normal 0 -1 0
    outer loop
      vertex 0 8 15
      vertex 1 8 16.4
      vertex 0 8 16.4
    endloop
  endfacet
  facet normal 0 -1 -0
    outer loop
      vertex 1 8 16.4
      vertex 0 8 15
      vertex 1 8 15
    endloop
  endfacet
  facet normal 0 1 -0
    outer loop
      vertex 1 -8 15
      vertex 0 -8 16.4
      vertex 1 -8 16.4
    endloop
  endfacet
  facet normal 0 1 0
    outer loop
      vertex 0 -8 16.4
      vertex 1 -8 15
      vertex 0 -8 15
    endloop
  endfacet
  facet normal 0 0.923891 0.382656
    outer loop
      vertex 50 -17.232 28
      vertex 49 -17.4318 28.4824
      vertex 50 -17.4318 28.4824
    endloop
  endfacet
  facet normal 0 0.923891 0.382656
    outer loop
      vertex 49 -17.4318 28.4824
      vertex 50 -17.232 28
      vertex 49 -17.232 28
    endloop
  endfacet
  facet normal 0 0.991431 0.130633
    outer loop
      vertex 50 -17.4318 28.4824
      vertex 49 -17.5 29
      vertex 50 -17.5 29
    endloop
  endfacet
  facet normal 0 0.991431 0.130633
    outer loop
      vertex 49 -17.5 29
      vertex 50 -17.4318 28.4824
      vertex 49 -17.4318 28.4824
    endloop
  endfacet
  facet normal 0 0.382656 -0.923891
    outer loop
      vertex 49 -16.5 46.732
      vertex 50 -16.0176 46.9318
      vertex 50 -16.5 46.732
    endloop
  endfacet
  facet normal 0 0.382656 -0.923891
    outer loop
      vertex 50 -16.0176 46.9318
      vertex 49 -16.5 46.732
      vertex 49 -16.0176 46.9318
    endloop
  endfacet
  facet normal 0 -0.793378 -0.608729
    outer loop
      vertex 49 17.232 46
      vertex 50 16.9142 46.4142
      vertex 49 16.9142 46.4142
    endloop
  endfacet
  facet normal 0 -0.793378 -0.608729
    outer loop
      vertex 50 16.9142 46.4142
      vertex 49 17.232 46
      vertex 50 17.232 46
    endloop
  endfacet
  facet normal 0 -0.923891 0.382656
    outer loop
      vertex 49 17.232 28
      vertex 50 17.4318 28.4824
      vertex 49 17.4318 28.4824
    endloop
  endfacet
  facet normal 0 -0.923891 0.382656
    outer loop
      vertex 50 17.4318 28.4824
      vertex 49 17.232 28
      vertex 50 17.232 28
    endloop
  endfacet
  facet normal 0 -0.60885 0.793286
    outer loop
      vertex 49 16.9142 27.5858
      vertex 50 16.5 27.2679
      vertex 50 16.9142 27.5858
    endloop
  endfacet
  facet normal 0 -0.60885 0.793286
    outer loop
      vertex 50 16.5 27.2679
      vertex 49 16.9142 27.5858
      vertex 49 16.5 27.2679
    endloop
  endfacet
  facet normal 0 1 -0
    outer loop
      vertex 50 -17.5 29
      vertex 49 -17.5 45
      vertex 50 -17.5 45
    endloop
  endfacet
  facet normal 0 1 0
    outer loop
      vertex 49 -17.5 45
      vertex 50 -17.5 29
      vertex 49 -17.5 29
    endloop
  endfacet
  facet normal 0 0.608729 -0.793378
    outer loop
      vertex 49 -16.9142 46.4142
      vertex 50 -16.5 46.732
      vertex 50 -16.9142 46.4142
    endloop
  endfacet
  facet normal 0 0.608729 -0.793378
    outer loop
      vertex 50 -16.5 46.732
      vertex 49 -16.9142 46.4142
      vertex 49 -16.5 46.732
    endloop
  endfacet
  facet normal 0 -0.793378 0.608729
    outer loop
      vertex 49 16.9142 27.5858
      vertex 50 17.232 28
      vertex 49 17.232 28
    endloop
  endfacet
  facet normal 0 -0.793378 0.608729
    outer loop
      vertex 50 17.232 28
      vertex 49 16.9142 27.5858
      vertex 50 16.9142 27.5858
    endloop
  endfacet
  facet normal 0 0.793378 0.608729
    outer loop
      vertex 50 -16.9142 27.5858
      vertex 49 -17.232 28
      vertex 50 -17.232 28
    endloop
  endfacet
  facet normal 0 0.793378 0.608729
    outer loop
      vertex 49 -17.232 28
      vertex 50 -16.9142 27.5858
      vertex 49 -16.9142 27.5858
    endloop
  endfacet
  facet normal -0 0 1
    outer loop
      vertex 49 15.5 27
      vertex 50 -15.5 27
      vertex 50 15.5 27
    endloop
  endfacet
  facet normal 0 0 1
    outer loop
      vertex 50 -15.5 27
      vertex 49 15.5 27
      vertex 49 -15.5 27
    endloop
  endfacet
  facet normal 0 -1 0
    outer loop
      vertex 49 17.5 29
      vertex 50 17.5 45
      vertex 49 17.5 45
    endloop
  endfacet
  facet normal 0 -1 -0
    outer loop
      vertex 50 17.5 45
      vertex 49 17.5 29
      vertex 50 17.5 29
    endloop
  endfacet
  facet normal 0 0 -1
    outer loop
      vertex 49 -15.5 47
      vertex 50 15.5 47
      vertex 50 -15.5 47
    endloop
  endfacet
  facet normal -0 0 -1
    outer loop
      vertex 50 15.5 47
      vertex 49 -15.5 47
      vertex 49 15.5 47
    endloop
  endfacet
  facet normal 0 -0.382656 -0.923891
    outer loop
      vertex 49 16.0176 46.9318
      vertex 50 16.5 46.732
      vertex 50 16.0176 46.9318
    endloop
  endfacet
  facet normal -0 -0.382656 -0.923891
    outer loop
      vertex 50 16.5 46.732
      vertex 49 16.0176 46.9318
      vertex 49 16.5 46.732
    endloop
  endfacet
  facet normal 0 -0.130633 -0.991431
    outer loop
      vertex 49 15.5 47
      vertex 50 16.0176 46.9318
      vertex 50 15.5 47
    endloop
  endfacet
  facet normal -0 -0.130633 -0.991431
    outer loop
      vertex 50 16.0176 46.9318
      vertex 49 15.5 47
      vertex 49 16.0176 46.9318
    endloop
  endfacet
  facet normal -0 0.130445 0.991456
    outer loop
      vertex 49 -15.5 27
      vertex 50 -16.0176 27.0681
      vertex 50 -15.5 27
    endloop
  endfacet
  facet normal 0 0.130445 0.991456
    outer loop
      vertex 50 -16.0176 27.0681
      vertex 49 -15.5 27
      vertex 49 -16.0176 27.0681
    endloop
  endfacet
  facet normal 0 0.130633 -0.991431
    outer loop
      vertex 49 -16.0176 46.9318
      vertex 50 -15.5 47
      vertex 50 -16.0176 46.9318
    endloop
  endfacet
  facet normal 0 0.130633 -0.991431
    outer loop
      vertex 50 -15.5 47
      vertex 49 -16.0176 46.9318
      vertex 49 -15.5 47
    endloop
  endfacet
  facet normal -0 0.382656 0.923891
    outer loop
      vertex 49 -16.0176 27.0681
      vertex 50 -16.5 27.2679
      vertex 50 -16.0176 27.0681
    endloop
  endfacet
  facet normal 0 0.382656 0.923891
    outer loop
      vertex 50 -16.5 27.2679
      vertex 49 -16.0176 27.0681
      vertex 49 -16.5 27.2679
    endloop
  endfacet
  facet normal 0 -0.382656 0.923891
    outer loop
      vertex 49 16.5 27.2679
      vertex 50 16.0176 27.0681
      vertex 50 16.5 27.2679
    endloop
  endfacet
  facet normal 0 -0.382656 0.923891
    outer loop
      vertex 50 16.0176 27.0681
      vertex 49 16.5 27.2679
      vertex 49 16.0176 27.0681
    endloop
  endfacet
  facet normal 0 0.991431 -0.130633
    outer loop
      vertex 50 -17.5 45
      vertex 49 -17.4318 45.5176
      vertex 50 -17.4318 45.5176
    endloop
  endfacet
  facet normal 0 0.991431 -0.130633
    outer loop
      vertex 49 -17.4318 45.5176
      vertex 50 -17.5 45
      vertex 49 -17.5 45
    endloop
  endfacet
  facet normal 0 -0.991431 -0.130633
    outer loop
      vertex 49 17.5 45
      vertex 50 17.4318 45.5176
      vertex 49 17.4318 45.5176
    endloop
  endfacet
  facet normal 0 -0.991431 -0.130633
    outer loop
      vertex 50 17.4318 45.5176
      vertex 49 17.5 45
      vertex 50 17.5 45
    endloop
  endfacet
  facet normal 0 -0.923891 -0.382656
    outer loop
      vertex 49 17.4318 45.5176
      vertex 50 17.232 46
      vertex 49 17.232 46
    endloop
  endfacet
  facet normal 0 -0.923891 -0.382656
    outer loop
      vertex 50 17.232 46
      vertex 49 17.4318 45.5176
      vertex 50 17.4318 45.5176
    endloop
  endfacet
  facet normal 0 0.923891 -0.382656
    outer loop
      vertex 50 -17.4318 45.5176
      vertex 49 -17.232 46
      vertex 50 -17.232 46
    endloop
  endfacet
  facet normal 0 0.923891 -0.382656
    outer loop
      vertex 49 -17.232 46
      vertex 50 -17.4318 45.5176
      vertex 49 -17.4318 45.5176
    endloop
  endfacet
  facet normal 0 -0.130445 0.991456
    outer loop
      vertex 49 16.0176 27.0681
      vertex 50 15.5 27
      vertex 50 16.0176 27.0681
    endloop
  endfacet
  facet normal 0 -0.130445 0.991456
    outer loop
      vertex 50 15.5 27
      vertex 49 16.0176 27.0681
      vertex 49 15.5 27
    endloop
  endfacet
  facet normal -0 0.60885 0.793286
    outer loop
      vertex 49 -16.5 27.2679
      vertex 50 -16.9142 27.5858
      vertex 50 -16.5 27.2679
    endloop
  endfacet
  facet normal 0 0.60885 0.793286
    outer loop
      vertex 50 -16.9142 27.5858
      vertex 49 -16.5 27.2679
      vertex 49 -16.9142 27.5858
    endloop
  endfacet
  facet normal 1 0 0
    outer loop
      vertex 49 15.5 47
      vertex 49 17.5 45
      vertex 49 17.4318 45.5176
    endloop
  endfacet
  facet normal 1 0 0
    outer loop
      vertex 49 17.5 45
      vertex 49 15.5 47
      vertex 49 17.5 29
    endloop
  endfacet
  facet normal 1 0 0
    outer loop
      vertex 49 15.5 47
      vertex 49 17.4318 45.5176
      vertex 49 17.232 46
    endloop
  endfacet
  facet normal 1 0 0
    outer loop
      vertex 49 15.5 27
      vertex 49 17.5 29
      vertex 49 15.5 47
    endloop
  endfacet
  facet normal 1 0 0
    outer loop
      vertex 49 15.5 47
      vertex 49 17.232 46
      vertex 49 16.9142 46.4142
    endloop
  endfacet
  facet normal 1 0 0
    outer loop
      vertex 49 17.5 29
      vertex 49 15.5 27
      vertex 49 17.4318 28.4824
    endloop
  endfacet
  facet normal 1 0 0
    outer loop
      vertex 49 15.5 47
      vertex 49 16.9142 46.4142
      vertex 49 16.5 46.732
    endloop
  endfacet
  facet normal 1 0 0
    outer loop
      vertex 49 17.4318 28.4824
      vertex 49 15.5 27
      vertex 49 17.232 28
    endloop
  endfacet
  facet normal 1 0 0
    outer loop
      vertex 49 15.5 47
      vertex 49 16.5 46.732
      vertex 49 16.0176 46.9318
    endloop
  endfacet
  facet normal 1 0 0
    outer loop
      vertex 49 17.232 28
      vertex 49 15.5 27
      vertex 49 16.9142 27.5858
    endloop
  endfacet
  facet normal 1 0 0
    outer loop
      vertex 49 16.9142 27.5858
      vertex 49 15.5 27
      vertex 49 16.5 27.2679
    endloop
  endfacet
  facet normal 1 0 0
    outer loop
      vertex 49 16.5 27.2679
      vertex 49 15.5 27
      vertex 49 16.0176 27.0681
    endloop
  endfacet
  facet normal 1 -0 0
    outer loop
      vertex 49 -15.5 47
      vertex 49 15.5 27
      vertex 49 15.5 47
    endloop
  endfacet
  facet normal 1 0 0
    outer loop
      vertex 49 -15.5 47
      vertex 49 -15.5 27
      vertex 49 15.5 27
    endloop
  endfacet
  facet normal 1 0 0
    outer loop
      vertex 49 -17.5 45
      vertex 49 -15.5 47
      vertex 49 -16.0176 46.9318
    endloop
  endfacet
  facet normal 1 0 0
    outer loop
      vertex 49 -15.5 47
      vertex 49 -17.5 45
      vertex 49 -15.5 27
    endloop
  endfacet
  facet normal 1 0 0
    outer loop
      vertex 49 -17.5 45
      vertex 49 -16.0176 46.9318
      vertex 49 -16.5 46.732
    endloop
  endfacet
  facet normal 1 -0 0
    outer loop
      vertex 49 -17.5 29
      vertex 49 -15.5 27
      vertex 49 -17.5 45
    endloop
  endfacet
  facet normal 1 0 0
    outer loop
      vertex 49 -17.5 45
      vertex 49 -16.5 46.732
      vertex 49 -16.9142 46.4142
    endloop
  endfacet
  facet normal 1 0 0
    outer loop
      vertex 49 -15.5 27
      vertex 49 -17.5 29
      vertex 49 -16.0176 27.0681
    endloop
  endfacet
  facet normal 1 0 0
    outer loop
      vertex 49 -17.5 45
      vertex 49 -16.9142 46.4142
      vertex 49 -17.232 46
    endloop
  endfacet
  facet normal 1 0 0
    outer loop
      vertex 49 -16.0176 27.0681
      vertex 49 -17.5 29
      vertex 49 -16.5 27.2679
    endloop
  endfacet
  facet normal 1 0 0
    outer loop
      vertex 49 -17.5 45
      vertex 49 -17.232 46
      vertex 49 -17.4318 45.5176
    endloop
  endfacet
  facet normal 1 0 0
    outer loop
      vertex 49 -16.5 27.2679
      vertex 49 -17.5 29
      vertex 49 -16.9142 27.5858
    endloop
  endfacet
  facet normal 1 0 0
    outer loop
      vertex 49 -16.9142 27.5858
      vertex 49 -17.5 29
      vertex 49 -17.232 28
    endloop
  endfacet
  facet normal 1 0 0
    outer loop
      vertex 49 -17.232 28
      vertex 49 -17.5 29
      vertex 49 -17.4318 28.4824
    endloop
  endfacet
  facet normal 0 0.793378 -0.608729
    outer loop
      vertex 50 -17.232 46
      vertex 49 -16.9142 46.4142
      vertex 50 -16.9142 46.4142
    endloop
  endfacet
  facet normal 0 0.793378 -0.608729
    outer loop
      vertex 49 -16.9142 46.4142
      vertex 50 -17.232 46
      vertex 49 -17.232 46
    endloop
  endfacet
  facet normal 0 -0.991431 0.130633
    outer loop
      vertex 49 17.4318 28.4824
      vertex 50 17.5 29
      vertex 49 17.5 29
    endloop
  endfacet
  facet normal 0 -0.991431 0.130633
    outer loop
      vertex 50 17.5 29
      vertex 49 17.4318 28.4824
      vertex 50 17.4318 28.4824
    endloop
  endfacet
  facet normal 0 -0.608729 -0.793378
    outer loop
      vertex 49 16.5 46.732
      vertex 50 16.9142 46.4142
      vertex 50 16.5 46.732
    endloop
  endfacet
  facet normal -0 -0.608729 -0.793378
    outer loop
      vertex 50 16.9142 46.4142
      vertex 49 16.5 46.732
      vertex 49 16.9142 46.4142
    endloop
  endfacet
  facet normal 0 0.923891 0.382656
    outer loop
      vertex 21 -17.232 34
      vertex 20 -17.4318 34.4824
      vertex 21 -17.4318 34.4824
    endloop
  endfacet
  facet normal 0 0.923891 0.382656
    outer loop
      vertex 20 -17.4318 34.4824
      vertex 21 -17.232 34
      vertex 20 -17.232 34
    endloop
  endfacet
  facet normal 0 0.608729 -0.793378
    outer loop
      vertex 20 -16.9142 46.4142
      vertex 21 -16.5 46.732
      vertex 21 -16.9142 46.4142
    endloop
  endfacet
  facet normal 0 0.608729 -0.793378
    outer loop
      vertex 21 -16.5 46.732
      vertex 20 -16.9142 46.4142
      vertex 20 -16.5 46.732
    endloop
  endfacet
  facet normal 0 0.991431 0.130633
    outer loop
      vertex 21 -17.4318 34.4824
      vertex 20 -17.5 35
      vertex 21 -17.5 35
    endloop
  endfacet
  facet normal 0 0.991431 0.130633
    outer loop
      vertex 20 -17.5 35
      vertex 21 -17.4318 34.4824
      vertex 20 -17.4318 34.4824
    endloop
  endfacet
  facet normal 0 0.923891 -0.382656
    outer loop
      vertex 21 -17.4318 45.5176
      vertex 20 -17.232 46
      vertex 21 -17.232 46
    endloop
  endfacet
  facet normal 0 0.923891 -0.382656
    outer loop
      vertex 20 -17.232 46
      vertex 21 -17.4318 45.5176
      vertex 20 -17.4318 45.5176
    endloop
  endfacet
  facet normal 0 -0.130633 -0.991431
    outer loop
      vertex 20 15.5 47
      vertex 21 16.0176 46.9318
      vertex 21 15.5 47
    endloop
  endfacet
  facet normal -0 -0.130633 -0.991431
    outer loop
      vertex 21 16.0176 46.9318
      vertex 20 15.5 47
      vertex 20 16.0176 46.9318
    endloop
  endfacet
  facet normal 0 0.991431 -0.130633
    outer loop
      vertex 21 -17.5 45
      vertex 20 -17.4318 45.5176
      vertex 21 -17.4318 45.5176
    endloop
  endfacet
  facet normal 0 0.991431 -0.130633
    outer loop
      vertex 20 -17.4318 45.5176
      vertex 21 -17.5 45
      vertex 20 -17.5 45
    endloop
  endfacet
  facet normal -0 0.60885 0.793286
    outer loop
      vertex 20 -16.5 33.2679
      vertex 21 -16.9142 33.5858
      vertex 21 -16.5 33.2679
    endloop
  endfacet
  facet normal 0 0.60885 0.793286
    outer loop
      vertex 21 -16.9142 33.5858
      vertex 20 -16.5 33.2679
      vertex 20 -16.9142 33.5858
    endloop
  endfacet
  facet normal 0 0 -1
    outer loop
      vertex 20 -15.5 47
      vertex 21 15.5 47
      vertex 21 -15.5 47
    endloop
  endfacet
  facet normal -0 0 -1
    outer loop
      vertex 21 15.5 47
      vertex 20 -15.5 47
      vertex 20 15.5 47
    endloop
  endfacet
  facet normal 0 -0.382656 0.923891
    outer loop
      vertex 20 16.5 33.2679
      vertex 21 16.0176 33.0681
      vertex 21 16.5 33.2679
    endloop
  endfacet
  facet normal 0 -0.382656 0.923891
    outer loop
      vertex 21 16.0176 33.0681
      vertex 20 16.5 33.2679
      vertex 20 16.0176 33.0681
    endloop
  endfacet
  facet normal 0 -0.130445 0.991456
    outer loop
      vertex 20 16.0176 33.0681
      vertex 21 15.5 33
      vertex 21 16.0176 33.0681
    endloop
  endfacet
  facet normal 0 -0.130445 0.991456
    outer loop
      vertex 21 15.5 33
      vertex 20 16.0176 33.0681
      vertex 20 15.5 33
    endloop
  endfacet
  facet normal 0 -0.991431 0.130633
    outer loop
      vertex 20 17.4318 34.4824
      vertex 21 17.5 35
      vertex 20 17.5 35
    endloop
  endfacet
  facet normal 0 -0.991431 0.130633
    outer loop
      vertex 21 17.5 35
      vertex 20 17.4318 34.4824
      vertex 21 17.4318 34.4824
    endloop
  endfacet
  facet normal 0 -0.60885 0.793286
    outer loop
      vertex 20 16.9142 33.5858
      vertex 21 16.5 33.2679
      vertex 21 16.9142 33.5858
    endloop
  endfacet
  facet normal 0 -0.60885 0.793286
    outer loop
      vertex 21 16.5 33.2679
      vertex 20 16.9142 33.5858
      vertex 20 16.5 33.2679
    endloop
  endfacet
  facet normal 0 -0.793378 -0.608729
    outer loop
      vertex 20 17.232 46
      vertex 21 16.9142 46.4142
      vertex 20 16.9142 46.4142
    endloop
  endfacet
  facet normal 0 -0.793378 -0.608729
    outer loop
      vertex 21 16.9142 46.4142
      vertex 20 17.232 46
      vertex 21 17.232 46
    endloop
  endfacet
  facet normal 0 1 -0
    outer loop
      vertex 21 -17.5 35
      vertex 20 -17.5 45
      vertex 21 -17.5 45
    endloop
  endfacet
  facet normal 0 1 0
    outer loop
      vertex 20 -17.5 45
      vertex 21 -17.5 35
      vertex 20 -17.5 35
    endloop
  endfacet
  facet normal -0 0.130445 0.991456
    outer loop
      vertex 20 -15.5 33
      vertex 21 -16.0176 33.0681
      vertex 21 -15.5 33
    endloop
  endfacet
  facet normal 0 0.130445 0.991456
    outer loop
      vertex 21 -16.0176 33.0681
      vertex 20 -15.5 33
      vertex 20 -16.0176 33.0681
    endloop
  endfacet
  facet normal 0 0.793378 0.608729
    outer loop
      vertex 21 -16.9142 33.5858
      vertex 20 -17.232 34
      vertex 21 -17.232 34
    endloop
  endfacet
  facet normal 0 0.793378 0.608729
    outer loop
      vertex 20 -17.232 34
      vertex 21 -16.9142 33.5858
      vertex 20 -16.9142 33.5858
    endloop
  endfacet
  facet normal -0 0 1
    outer loop
      vertex 20 15.5 33
      vertex 21 -15.5 33
      vertex 21 15.5 33
    endloop
  endfacet
  facet normal 0 0 1
    outer loop
      vertex 21 -15.5 33
      vertex 20 15.5 33
      vertex 20 -15.5 33
    endloop
  endfacet
  facet normal 0 -1 0
    outer loop
      vertex 20 17.5 35
      vertex 21 17.5 45
      vertex 20 17.5 45
    endloop
  endfacet
  facet normal 0 -1 -0
    outer loop
      vertex 21 17.5 45
      vertex 20 17.5 35
      vertex 21 17.5 35
    endloop
  endfacet
  facet normal 0 -0.991431 -0.130633
    outer loop
      vertex 20 17.5 45
      vertex 21 17.4318 45.5176
      vertex 20 17.4318 45.5176
    endloop
  endfacet
  facet normal 0 -0.991431 -0.130633
    outer loop
      vertex 21 17.4318 45.5176
      vertex 20 17.5 45
      vertex 21 17.5 45
    endloop
  endfacet
  facet normal 0 0.130633 -0.991431
    outer loop
      vertex 20 -16.0176 46.9318
      vertex 21 -15.5 47
      vertex 21 -16.0176 46.9318
    endloop
  endfacet
  facet normal 0 0.130633 -0.991431
    outer loop
      vertex 21 -15.5 47
      vertex 20 -16.0176 46.9318
      vertex 20 -15.5 47
    endloop
  endfacet
  facet normal 0 -0.923891 0.382656
    outer loop
      vertex 20 17.232 34
      vertex 21 17.4318 34.4824
      vertex 20 17.4318 34.4824
    endloop
  endfacet
  facet normal 0 -0.923891 0.382656
    outer loop
      vertex 21 17.4318 34.4824
      vertex 20 17.232 34
      vertex 21 17.232 34
    endloop
  endfacet
  facet normal 0 0.382656 -0.923891
    outer loop
      vertex 20 -16.5 46.732
      vertex 21 -16.0176 46.9318
      vertex 21 -16.5 46.732
    endloop
  endfacet
  facet normal 0 0.382656 -0.923891
    outer loop
      vertex 21 -16.0176 46.9318
      vertex 20 -16.5 46.732
      vertex 20 -16.0176 46.9318
    endloop
  endfacet
  facet normal 0 0.793378 -0.608729
    outer loop
      vertex 21 -17.232 46
      vertex 20 -16.9142 46.4142
      vertex 21 -16.9142 46.4142
    endloop
  endfacet
  facet normal 0 0.793378 -0.608729
    outer loop
      vertex 20 -16.9142 46.4142
      vertex 21 -17.232 46
      vertex 20 -17.232 46
    endloop
  endfacet
  facet normal 0 -0.793378 0.608729
    outer loop
      vertex 20 16.9142 33.5858
      vertex 21 17.232 34
      vertex 20 17.232 34
    endloop
  endfacet
  facet normal 0 -0.793378 0.608729
    outer loop
      vertex 21 17.232 34
      vertex 20 16.9142 33.5858
      vertex 21 16.9142 33.5858
    endloop
  endfacet
  facet normal 0 -0.923891 -0.382656
    outer loop
      vertex 20 17.4318 45.5176
      vertex 21 17.232 46
      vertex 20 17.232 46
    endloop
  endfacet
  facet normal 0 -0.923891 -0.382656
    outer loop
      vertex 21 17.232 46
      vertex 20 17.4318 45.5176
      vertex 21 17.4318 45.5176
    endloop
  endfacet
  facet normal -0 0.382656 0.923891
    outer loop
      vertex 20 -16.0176 33.0681
      vertex 21 -16.5 33.2679
      vertex 21 -16.0176 33.0681
    endloop
  endfacet
  facet normal 0 0.382656 0.923891
    outer loop
      vertex 21 -16.5 33.2679
      vertex 20 -16.0176 33.0681
      vertex 20 -16.5 33.2679
    endloop
  endfacet
  facet normal 0 -0.382656 -0.923891
    outer loop
      vertex 20 16.0176 46.9318
      vertex 21 16.5 46.732
      vertex 21 16.0176 46.9318
    endloop
  endfacet
  facet normal -0 -0.382656 -0.923891
    outer loop
      vertex 21 16.5 46.732
      vertex 20 16.0176 46.9318
      vertex 20 16.5 46.732
    endloop
  endfacet
  facet normal 0 -0.608729 -0.793378
    outer loop
      vertex 20 16.5 46.732
      vertex 21 16.9142 46.4142
      vertex 21 16.5 46.732
    endloop
  endfacet
  facet normal -0 -0.608729 -0.793378
    outer loop
      vertex 21 16.9142 46.4142
      vertex 20 16.5 46.732
      vertex 20 16.9142 46.4142
    endloop
  endfacet
  facet normal -1 0 0
    outer loop
      vertex 21 15.5 33
      vertex 21 17.5 35
      vertex 21 17.4318 34.4824
    endloop
  endfacet
  facet normal -1 -0 0
    outer loop
      vertex 21 17.5 35
      vertex 21 15.5 33
      vertex 21 17.5 45
    endloop
  endfacet
  facet normal -1 0 0
    outer loop
      vertex 21 15.5 33
      vertex 21 17.4318 34.4824
      vertex 21 17.232 34
    endloop
  endfacet
  facet normal -1 0 0
    outer loop
      vertex 21 15.5 47
      vertex 21 17.5 45
      vertex 21 15.5 33
    endloop
  endfacet
  facet normal -1 0 0
    outer loop
      vertex 21 15.5 33
      vertex 21 17.232 34
      vertex 21 16.9142 33.5858
    endloop
  endfacet
  facet normal -1 0 0
    outer loop
      vertex 21 17.5 45
      vertex 21 15.5 47
      vertex 21 17.4318 45.5176
    endloop
  endfacet
  facet normal -1 0 0
    outer loop
      vertex 21 15.5 33
      vertex 21 16.9142 33.5858
      vertex 21 16.5 33.2679
    endloop
  endfacet
  facet normal -1 0 0
    outer loop
      vertex 21 17.4318 45.5176
      vertex 21 15.5 47
      vertex 21 17.232 46
    endloop
  endfacet
  facet normal -1 0 0
    outer loop
      vertex 21 15.5 33
      vertex 21 16.5 33.2679
      vertex 21 16.0176 33.0681
    endloop
  endfacet
  facet normal -1 0 0
    outer loop
      vertex 21 17.232 46
      vertex 21 15.5 47
      vertex 21 16.9142 46.4142
    endloop
  endfacet
  facet normal -1 0 0
    outer loop
      vertex 21 16.9142 46.4142
      vertex 21 15.5 47
      vertex 21 16.5 46.732
    endloop
  endfacet
  facet normal -1 0 0
    outer loop
      vertex 21 16.5 46.732
      vertex 21 15.5 47
      vertex 21 16.0176 46.9318
    endloop
  endfacet
  facet normal -1 0 0
    outer loop
      vertex 21 -15.5 33
      vertex 21 15.5 47
      vertex 21 15.5 33
    endloop
  endfacet
  facet normal -1 0 0
    outer loop
      vertex 21 -15.5 33
      vertex 21 -15.5 47
      vertex 21 15.5 47
    endloop
  endfacet
  facet normal -1 0 0
    outer loop
      vertex 21 -17.5 35
      vertex 21 -15.5 33
      vertex 21 -16.0176 33.0681
    endloop
  endfacet
  facet normal -1 0 0
    outer loop
      vertex 21 -15.5 33
      vertex 21 -17.5 35
      vertex 21 -15.5 47
    endloop
  endfacet
  facet normal -1 0 0
    outer loop
      vertex 21 -17.5 35
      vertex 21 -16.0176 33.0681
      vertex 21 -16.5 33.2679
    endloop
  endfacet
  facet normal -1 0 0
    outer loop
      vertex 21 -17.5 45
      vertex 21 -15.5 47
      vertex 21 -17.5 35
    endloop
  endfacet
  facet normal -1 0 0
    outer loop
      vertex 21 -17.5 35
      vertex 21 -16.5 33.2679
      vertex 21 -16.9142 33.5858
    endloop
  endfacet
  facet normal -1 0 0
    outer loop
      vertex 21 -15.5 47
      vertex 21 -17.5 45
      vertex 21 -16.0176 46.9318
    endloop
  endfacet
  facet normal -1 0 0
    outer loop
      vertex 21 -17.5 35
      vertex 21 -16.9142 33.5858
      vertex 21 -17.232 34
    endloop
  endfacet
  facet normal -1 0 0
    outer loop
      vertex 21 -16.0176 46.9318
      vertex 21 -17.5 45
      vertex 21 -16.5 46.732
    endloop
  endfacet
  facet normal -1 0 0
    outer loop
      vertex 21 -17.5 35
      vertex 21 -17.232 34
      vertex 21 -17.4318 34.4824
    endloop
  endfacet
  facet normal -1 0 0
    outer loop
      vertex 21 -16.5 46.732
      vertex 21 -17.5 45
      vertex 21 -16.9142 46.4142
    endloop
  endfacet
  facet normal -1 0 0
    outer loop
      vertex 21 -16.9142 46.4142
      vertex 21 -17.5 45
      vertex 21 -17.232 46
    endloop
  endfacet
  facet normal -1 0 0
    outer loop
      vertex 21 -17.232 46
      vertex 21 -17.5 45
      vertex 21 -17.4318 45.5176
    endloop
  endfacet
  facet normal -0.740963 -0.671546 0
    outer loop
      vertex 27.1693 2.60101 53.99
      vertex 26.8991 2.89914 54
      vertex 26.8991 2.89914 53.99
    endloop
  endfacet
  facet normal -0.740963 -0.671546 0
    outer loop
      vertex 26.8991 2.89914 54
      vertex 27.1693 2.60101 53.99
      vertex 27.1693 2.60101 54
    endloop
  endfacet
  facet normal -0.989154 -0.146882 0
    outer loop
      vertex 28.0803 0.40187 53.99
      vertex 28.0212 0.79987 54
      vertex 28.0212 0.79987 53.99
    endloop
  endfacet
  facet normal -0.989154 -0.146882 0
    outer loop
      vertex 28.0212 0.79987 54
      vertex 28.0803 0.40187 53.99
      vertex 28.0803 0.40187 54
    endloop
  endfacet
  facet normal -0.998801 -0.048962 0
    outer loop
      vertex 28.1 0 53.99
      vertex 28.0803 0.40187 54
      vertex 28.0803 0.40187 53.99
    endloop
  endfacet
  facet normal -0.998801 -0.048962 0
    outer loop
      vertex 28.0803 0.40187 54
      vertex 28.1 0 53.99
      vertex 28.1 0 54
    endloop
  endfacet
  facet normal -0.970069 -0.242828 0
    outer loop
      vertex 28.0212 0.79987 53.99
      vertex 27.9235 1.19017 54
      vertex 27.9235 1.19017 53.99
    endloop
  endfacet
  facet normal -0.970069 -0.242828 0
    outer loop
      vertex 27.9235 1.19017 54
      vertex 28.0212 0.79987 53.99
      vertex 28.0212 0.79987 54
    endloop
  endfacet
  facet normal -0.336919 0.941534 0
    outer loop
      vertex 25.569 -3.78791 53.99
      vertex 25.1902 -3.92346 54
      vertex 25.569 -3.78791 54
    endloop
  endfacet
  facet normal -0.336919 0.941534 0
    outer loop
      vertex 25.1902 -3.92346 54
      vertex 25.569 -3.78791 53.99
      vertex 25.1902 -3.92346 53.99
    endloop
  endfacet
  facet normal -0.857675 -0.514192 0
    outer loop
      vertex 27.6159 1.93273 53.99
      vertex 27.409 2.27784 54
      vertex 27.409 2.27784 53.99
    endloop
  endfacet
  facet normal -0.857675 -0.514192 0
    outer loop
      vertex 27.409 2.27784 54
      vertex 27.6159 1.93273 53.99
      vertex 27.6159 1.93273 54
    endloop
  endfacet
  facet normal -0.941503 -0.337005 0
    outer loop
      vertex 27.9235 1.19017 53.99
      vertex 27.7879 1.569 54
      vertex 27.7879 1.569 53.99
    endloop
  endfacet
  facet normal -0.941503 -0.337005 0
    outer loop
      vertex 27.7879 1.569 54
      vertex 27.9235 1.19017 53.99
      vertex 27.9235 1.19017 54
    endloop
  endfacet
  facet normal -0.242968 -0.970034 0
    outer loop
      vertex 24.7999 4.02122 53.99
      vertex 25.1902 3.92346 54
      vertex 24.7999 4.02122 54
    endloop
  endfacet
  facet normal -0.242968 -0.970034 -0
    outer loop
      vertex 25.1902 3.92346 54
      vertex 24.7999 4.02122 53.99
      vertex 25.1902 3.92346 53.99
    endloop
  endfacet
  facet normal 0.740963 -0.671546 0
    outer loop
      vertex 20.8307 2.60101 54
      vertex 21.1009 2.89914 53.99
      vertex 21.1009 2.89914 54
    endloop
  endfacet
  facet normal 0.740963 -0.671546 0
    outer loop
      vertex 21.1009 2.89914 53.99
      vertex 20.8307 2.60101 54
      vertex 20.8307 2.60101 53.99
    endloop
  endfacet
  facet normal -0.0490576 0.998796 0
    outer loop
      vertex 24.4019 -4.08026 53.99
      vertex 24 -4.1 54
      vertex 24.4019 -4.08026 54
    endloop
  endfacet
  facet normal -0.0490576 0.998796 0
    outer loop
      vertex 24 -4.1 54
      vertex 24.4019 -4.08026 53.99
      vertex 24 -4.1 53.99
    endloop
  endfacet
  facet normal -0.427581 -0.903977 0
    outer loop
      vertex 25.569 3.78791 53.99
      vertex 25.9327 3.61588 54
      vertex 25.569 3.78791 54
    endloop
  endfacet
  facet normal -0.427581 -0.903977 -0
    outer loop
      vertex 25.9327 3.61588 54
      vertex 25.569 3.78791 53.99
      vertex 25.9327 3.61588 53.99
    endloop
  endfacet
  facet normal -0.671583 -0.740929 0
    outer loop
      vertex 26.601 3.16934 53.99
      vertex 26.8991 2.89914 54
      vertex 26.601 3.16934 54
    endloop
  endfacet
  facet normal -0.671583 -0.740929 -0
    outer loop
      vertex 26.8991 2.89914 54
      vertex 26.601 3.16934 53.99
      vertex 26.8991 2.89914 53.99
    endloop
  endfacet
  facet normal 0.595681 0.803221 -0
    outer loop
      vertex 21.7222 -3.40903 53.99
      vertex 21.399 -3.16934 54
      vertex 21.7222 -3.40903 54
    endloop
  endfacet
  facet normal 0.595681 0.803221 0
    outer loop
      vertex 21.399 -3.16934 54
      vertex 21.7222 -3.40903 53.99
      vertex 21.399 -3.16934 53.99
    endloop
  endfacet
  facet normal -0.0490576 -0.998796 0
    outer loop
      vertex 24 4.1 53.99
      vertex 24.4019 4.08026 54
      vertex 24 4.1 54
    endloop
  endfacet
  facet normal -0.0490576 -0.998796 -0
    outer loop
      vertex 24.4019 4.08026 54
      vertex 24 4.1 53.99
      vertex 24.4019 4.08026 53.99
    endloop
  endfacet
  facet normal -0.242968 0.970034 0
    outer loop
      vertex 25.1902 -3.92346 53.99
      vertex 24.7999 -4.02122 54
      vertex 25.1902 -3.92346 54
    endloop
  endfacet
  facet normal -0.242968 0.970034 0
    outer loop
      vertex 24.7999 -4.02122 54
      vertex 25.1902 -3.92346 53.99
      vertex 24.7999 -4.02122 53.99
    endloop
  endfacet
  facet normal -0.989154 0.146882 0
    outer loop
      vertex 28.0212 -0.79987 53.99
      vertex 28.0803 -0.40187 54
      vertex 28.0803 -0.40187 53.99
    endloop
  endfacet
  facet normal -0.989154 0.146882 0
    outer loop
      vertex 28.0803 -0.40187 54
      vertex 28.0212 -0.79987 53.99
      vertex 28.0212 -0.79987 54
    endloop
  endfacet
  facet normal -0.514112 0.857723 0
    outer loop
      vertex 26.2778 -3.40903 53.99
      vertex 25.9327 -3.61588 54
      vertex 26.2778 -3.40903 54
    endloop
  endfacet
  facet normal -0.514112 0.857723 0
    outer loop
      vertex 25.9327 -3.61588 54
      vertex 26.2778 -3.40903 53.99
      vertex 25.9327 -3.61588 53.99
    endloop
  endfacet
  facet normal 0.242968 0.970034 -0
    outer loop
      vertex 23.2001 -4.02122 53.99
      vertex 22.8098 -3.92346 54
      vertex 23.2001 -4.02122 54
    endloop
  endfacet
  facet normal 0.242968 0.970034 0
    outer loop
      vertex 22.8098 -3.92346 54
      vertex 23.2001 -4.02122 53.99
      vertex 22.8098 -3.92346 53.99
    endloop
  endfacet
  facet normal 0.595681 -0.803221 0
    outer loop
      vertex 21.399 3.16934 53.99
      vertex 21.7222 3.40903 54
      vertex 21.399 3.16934 54
    endloop
  endfacet
  facet normal 0.595681 -0.803221 0
    outer loop
      vertex 21.7222 3.40903 54
      vertex 21.399 3.16934 53.99
      vertex 21.7222 3.40903 53.99
    endloop
  endfacet
  facet normal 0.998801 0.048962 0
    outer loop
      vertex 19.9197 -0.40187 54
      vertex 19.9 0 53.99
      vertex 19.9 0 54
    endloop
  endfacet
  facet normal 0.998801 0.048962 0
    outer loop
      vertex 19.9 0 53.99
      vertex 19.9197 -0.40187 54
      vertex 19.9197 -0.40187 53.99
    endloop
  endfacet
  facet normal 0.970069 0.242828 0
    outer loop
      vertex 20.0765 -1.19017 54
      vertex 19.9788 -0.79987 53.99
      vertex 19.9788 -0.79987 54
    endloop
  endfacet
  facet normal 0.970069 0.242828 0
    outer loop
      vertex 19.9788 -0.79987 53.99
      vertex 20.0765 -1.19017 54
      vertex 20.0765 -1.19017 53.99
    endloop
  endfacet
  facet normal -0.970069 0.242828 0
    outer loop
      vertex 27.9235 -1.19017 53.99
      vertex 28.0212 -0.79987 54
      vertex 28.0212 -0.79987 53.99
    endloop
  endfacet
  facet normal -0.970069 0.242828 0
    outer loop
      vertex 28.0212 -0.79987 54
      vertex 27.9235 -1.19017 53.99
      vertex 27.9235 -1.19017 54
    endloop
  endfacet
  facet normal 0.514112 -0.857723 0
    outer loop
      vertex 21.7222 3.40903 53.99
      vertex 22.0673 3.61588 54
      vertex 21.7222 3.40903 54
    endloop
  endfacet
  facet normal 0.514112 -0.857723 0
    outer loop
      vertex 22.0673 3.61588 54
      vertex 21.7222 3.40903 53.99
      vertex 22.0673 3.61588 53.99
    endloop
  endfacet
  facet normal -0.595681 -0.803221 0
    outer loop
      vertex 26.2778 3.40903 53.99
      vertex 26.601 3.16934 54
      vertex 26.2778 3.40903 54
    endloop
  endfacet
  facet normal -0.595681 -0.803221 -0
    outer loop
      vertex 26.601 3.16934 54
      vertex 26.2778 3.40903 53.99
      vertex 26.601 3.16934 53.99
    endloop
  endfacet
  facet normal 0.90402 0.427491 0
    outer loop
      vertex 20.3841 -1.93273 54
      vertex 20.2121 -1.569 53.99
      vertex 20.2121 -1.569 54
    endloop
  endfacet
  facet normal 0.90402 0.427491 0
    outer loop
      vertex 20.2121 -1.569 53.99
      vertex 20.3841 -1.93273 54
      vertex 20.3841 -1.93273 53.99
    endloop
  endfacet
  facet normal -0.941503 0.337005 0
    outer loop
      vertex 27.7879 -1.569 53.99
      vertex 27.9235 -1.19017 54
      vertex 27.9235 -1.19017 53.99
    endloop
  endfacet
  facet normal -0.941503 0.337005 0
    outer loop
      vertex 27.9235 -1.19017 54
      vertex 27.7879 -1.569 53.99
      vertex 27.7879 -1.569 54
    endloop
  endfacet
  facet normal -0.146736 -0.989176 0
    outer loop
      vertex 24.4019 4.08026 53.99
      vertex 24.7999 4.02122 54
      vertex 24.4019 4.08026 54
    endloop
  endfacet
  facet normal -0.146736 -0.989176 -0
    outer loop
      vertex 24.7999 4.02122 54
      vertex 24.4019 4.08026 53.99
      vertex 24.7999 4.02122 53.99
    endloop
  endfacet
  facet normal 0.427581 -0.903977 0
    outer loop
      vertex 22.0673 3.61588 53.99
      vertex 22.431 3.78791 54
      vertex 22.0673 3.61588 54
    endloop
  endfacet
  facet normal 0.427581 -0.903977 0
    outer loop
      vertex 22.431 3.78791 54
      vertex 22.0673 3.61588 53.99
      vertex 22.431 3.78791 53.99
    endloop
  endfacet
  facet normal -0.514112 -0.857723 0
    outer loop
      vertex 25.9327 3.61588 53.99
      vertex 26.2778 3.40903 54
      vertex 25.9327 3.61588 54
    endloop
  endfacet
  facet normal -0.514112 -0.857723 -0
    outer loop
      vertex 26.2778 3.40903 54
      vertex 25.9327 3.61588 53.99
      vertex 26.2778 3.40903 53.99
    endloop
  endfacet
  facet normal -0.427581 0.903977 0
    outer loop
      vertex 25.9327 -3.61588 53.99
      vertex 25.569 -3.78791 54
      vertex 25.9327 -3.61588 54
    endloop
  endfacet
  facet normal -0.427581 0.903977 0
    outer loop
      vertex 25.569 -3.78791 54
      vertex 25.9327 -3.61588 53.99
      vertex 25.569 -3.78791 53.99
    endloop
  endfacet
  facet normal 0.941503 0.337005 0
    outer loop
      vertex 20.2121 -1.569 54
      vertex 20.0765 -1.19017 53.99
      vertex 20.0765 -1.19017 54
    endloop
  endfacet
  facet normal 0.941503 0.337005 0
    outer loop
      vertex 20.0765 -1.19017 53.99
      vertex 20.2121 -1.569 54
      vertex 20.2121 -1.569 53.99
    endloop
  endfacet
  facet normal -0.857675 0.514192 0
    outer loop
      vertex 27.409 -2.27784 53.99
      vertex 27.6159 -1.93273 54
      vertex 27.6159 -1.93273 53.99
    endloop
  endfacet
  facet normal -0.857675 0.514192 0
    outer loop
      vertex 27.6159 -1.93273 54
      vertex 27.409 -2.27784 53.99
      vertex 27.409 -2.27784 54
    endloop
  endfacet
  facet normal -0.90402 0.427491 0
    outer loop
      vertex 27.6159 -1.93273 53.99
      vertex 27.7879 -1.569 54
      vertex 27.7879 -1.569 53.99
    endloop
  endfacet
  facet normal -0.90402 0.427491 0
    outer loop
      vertex 27.7879 -1.569 54
      vertex 27.6159 -1.93273 53.99
      vertex 27.6159 -1.93273 54
    endloop
  endfacet
  facet normal -0.998801 0.048962 0
    outer loop
      vertex 28.0803 -0.40187 53.99
      vertex 28.1 0 54
      vertex 28.1 0 53.99
    endloop
  endfacet
  facet normal -0.998801 0.048962 0
    outer loop
      vertex 28.1 0 54
      vertex 28.0803 -0.40187 53.99
      vertex 28.0803 -0.40187 54
    endloop
  endfacet
  facet normal 0.146736 -0.989176 0
    outer loop
      vertex 23.2001 4.02122 53.99
      vertex 23.5981 4.08026 54
      vertex 23.2001 4.02122 54
    endloop
  endfacet
  facet normal 0.146736 -0.989176 0
    outer loop
      vertex 23.5981 4.08026 54
      vertex 23.2001 4.02122 53.99
      vertex 23.5981 4.08026 53.99
    endloop
  endfacet
  facet normal -0.146736 0.989176 0
    outer loop
      vertex 24.7999 -4.02122 53.99
      vertex 24.4019 -4.08026 54
      vertex 24.7999 -4.02122 54
    endloop
  endfacet
  facet normal -0.146736 0.989176 0
    outer loop
      vertex 24.4019 -4.08026 54
      vertex 24.7999 -4.02122 53.99
      vertex 24.4019 -4.08026 53.99
    endloop
  endfacet
  facet normal -0.740963 0.671546 0
    outer loop
      vertex 26.8991 -2.89914 53.99
      vertex 27.1693 -2.60101 54
      vertex 27.1693 -2.60101 53.99
    endloop
  endfacet
  facet normal -0.740963 0.671546 0
    outer loop
      vertex 27.1693 -2.60101 54
      vertex 26.8991 -2.89914 53.99
      vertex 26.8991 -2.89914 54
    endloop
  endfacet
  facet normal -0.803183 0.595733 0
    outer loop
      vertex 27.1693 -2.60101 53.99
      vertex 27.409 -2.27784 54
      vertex 27.409 -2.27784 53.99
    endloop
  endfacet
  facet normal -0.803183 0.595733 0
    outer loop
      vertex 27.409 -2.27784 54
      vertex 27.1693 -2.60101 53.99
      vertex 27.1693 -2.60101 54
    endloop
  endfacet
  facet normal 0.242968 -0.970034 0
    outer loop
      vertex 22.8098 3.92346 53.99
      vertex 23.2001 4.02122 54
      vertex 22.8098 3.92346 54
    endloop
  endfacet
  facet normal 0.242968 -0.970034 0
    outer loop
      vertex 23.2001 4.02122 54
      vertex 22.8098 3.92346 53.99
      vertex 23.2001 4.02122 53.99
    endloop
  endfacet
  facet normal -0.803183 -0.595733 0
    outer loop
      vertex 27.409 2.27784 53.99
      vertex 27.1693 2.60101 54
      vertex 27.1693 2.60101 53.99
    endloop
  endfacet
  facet normal -0.803183 -0.595733 0
    outer loop
      vertex 27.1693 2.60101 54
      vertex 27.409 2.27784 53.99
      vertex 27.409 2.27784 54
    endloop
  endfacet
  facet normal -0.90402 -0.427491 0
    outer loop
      vertex 27.7879 1.569 53.99
      vertex 27.6159 1.93273 54
      vertex 27.6159 1.93273 53.99
    endloop
  endfacet
  facet normal -0.90402 -0.427491 0
    outer loop
      vertex 27.6159 1.93273 54
      vertex 27.7879 1.569 53.99
      vertex 27.7879 1.569 54
    endloop
  endfacet
  facet normal 0.857675 -0.514192 0
    outer loop
      vertex 20.3841 1.93273 54
      vertex 20.591 2.27784 53.99
      vertex 20.591 2.27784 54
    endloop
  endfacet
  facet normal 0.857675 -0.514192 0
    outer loop
      vertex 20.591 2.27784 53.99
      vertex 20.3841 1.93273 54
      vertex 20.3841 1.93273 53.99
    endloop
  endfacet
  facet normal 0.671583 -0.740929 0
    outer loop
      vertex 21.1009 2.89914 53.99
      vertex 21.399 3.16934 54
      vertex 21.1009 2.89914 54
    endloop
  endfacet
  facet normal 0.671583 -0.740929 0
    outer loop
      vertex 21.399 3.16934 54
      vertex 21.1009 2.89914 53.99
      vertex 21.399 3.16934 53.99
    endloop
  endfacet
  facet normal 0.857675 0.514192 0
    outer loop
      vertex 20.591 -2.27784 54
      vertex 20.3841 -1.93273 53.99
      vertex 20.3841 -1.93273 54
    endloop
  endfacet
  facet normal 0.857675 0.514192 0
    outer loop
      vertex 20.3841 -1.93273 53.99
      vertex 20.591 -2.27784 54
      vertex 20.591 -2.27784 53.99
    endloop
  endfacet
  facet normal 0.427581 0.903977 -0
    outer loop
      vertex 22.431 -3.78791 53.99
      vertex 22.0673 -3.61588 54
      vertex 22.431 -3.78791 54
    endloop
  endfacet
  facet normal 0.427581 0.903977 0
    outer loop
      vertex 22.0673 -3.61588 54
      vertex 22.431 -3.78791 53.99
      vertex 22.0673 -3.61588 53.99
    endloop
  endfacet
  facet normal 0.740963 0.671546 0
    outer loop
      vertex 21.1009 -2.89914 54
      vertex 20.8307 -2.60101 53.99
      vertex 20.8307 -2.60101 54
    endloop
  endfacet
  facet normal 0.740963 0.671546 0
    outer loop
      vertex 20.8307 -2.60101 53.99
      vertex 21.1009 -2.89914 54
      vertex 21.1009 -2.89914 53.99
    endloop
  endfacet
  facet normal 0.336919 -0.941534 0
    outer loop
      vertex 22.431 3.78791 53.99
      vertex 22.8098 3.92346 54
      vertex 22.431 3.78791 54
    endloop
  endfacet
  facet normal 0.336919 -0.941534 0
    outer loop
      vertex 22.8098 3.92346 54
      vertex 22.431 3.78791 53.99
      vertex 22.8098 3.92346 53.99
    endloop
  endfacet
  facet normal 0.514112 0.857723 -0
    outer loop
      vertex 22.0673 -3.61588 53.99
      vertex 21.7222 -3.40903 54
      vertex 22.0673 -3.61588 54
    endloop
  endfacet
  facet normal 0.514112 0.857723 0
    outer loop
      vertex 21.7222 -3.40903 54
      vertex 22.0673 -3.61588 53.99
      vertex 21.7222 -3.40903 53.99
    endloop
  endfacet
  facet normal -0.595681 0.803221 0
    outer loop
      vertex 26.601 -3.16934 53.99
      vertex 26.2778 -3.40903 54
      vertex 26.601 -3.16934 54
    endloop
  endfacet
  facet normal -0.595681 0.803221 0
    outer loop
      vertex 26.2778 -3.40903 54
      vertex 26.601 -3.16934 53.99
      vertex 26.2778 -3.40903 53.99
    endloop
  endfacet
  facet normal 0.0490576 -0.998796 0
    outer loop
      vertex 23.5981 4.08026 53.99
      vertex 24 4.1 54
      vertex 23.5981 4.08026 54
    endloop
  endfacet
  facet normal 0.0490576 -0.998796 0
    outer loop
      vertex 24 4.1 54
      vertex 23.5981 4.08026 53.99
      vertex 24 4.1 53.99
    endloop
  endfacet
  facet normal 0.970069 -0.242828 0
    outer loop
      vertex 19.9788 0.79987 54
      vertex 20.0765 1.19017 53.99
      vertex 20.0765 1.19017 54
    endloop
  endfacet
  facet normal 0.970069 -0.242828 0
    outer loop
      vertex 20.0765 1.19017 53.99
      vertex 19.9788 0.79987 54
      vertex 19.9788 0.79987 53.99
    endloop
  endfacet
  facet normal 0.941503 -0.337005 0
    outer loop
      vertex 20.0765 1.19017 54
      vertex 20.2121 1.569 53.99
      vertex 20.2121 1.569 54
    endloop
  endfacet
  facet normal 0.941503 -0.337005 0
    outer loop
      vertex 20.2121 1.569 53.99
      vertex 20.0765 1.19017 54
      vertex 20.0765 1.19017 53.99
    endloop
  endfacet
  facet normal 0.989154 0.146882 0
    outer loop
      vertex 19.9788 -0.79987 54
      vertex 19.9197 -0.40187 53.99
      vertex 19.9197 -0.40187 54
    endloop
  endfacet
  facet normal 0.989154 0.146882 0
    outer loop
      vertex 19.9197 -0.40187 53.99
      vertex 19.9788 -0.79987 54
      vertex 19.9788 -0.79987 53.99
    endloop
  endfacet
  facet normal -0.336919 -0.941534 0
    outer loop
      vertex 25.1902 3.92346 53.99
      vertex 25.569 3.78791 54
      vertex 25.1902 3.92346 54
    endloop
  endfacet
  facet normal -0.336919 -0.941534 -0
    outer loop
      vertex 25.569 3.78791 54
      vertex 25.1902 3.92346 53.99
      vertex 25.569 3.78791 53.99
    endloop
  endfacet
  facet normal 0.803183 0.595733 0
    outer loop
      vertex 20.8307 -2.60101 54
      vertex 20.591 -2.27784 53.99
      vertex 20.591 -2.27784 54
    endloop
  endfacet
  facet normal 0.803183 0.595733 0
    outer loop
      vertex 20.591 -2.27784 53.99
      vertex 20.8307 -2.60101 54
      vertex 20.8307 -2.60101 53.99
    endloop
  endfacet
  facet normal 0.90402 -0.427491 0
    outer loop
      vertex 20.2121 1.569 54
      vertex 20.3841 1.93273 53.99
      vertex 20.3841 1.93273 54
    endloop
  endfacet
  facet normal 0.90402 -0.427491 0
    outer loop
      vertex 20.3841 1.93273 53.99
      vertex 20.2121 1.569 54
      vertex 20.2121 1.569 53.99
    endloop
  endfacet
  facet normal 0 0 1
    outer loop
      vertex 28.0803 0.40187 53.99
      vertex 28.0803 -0.40187 53.99
      vertex 28.1 0 53.99
    endloop
  endfacet
  facet normal 0 0 1
    outer loop
      vertex 28.0212 0.79987 53.99
      vertex 28.0803 -0.40187 53.99
      vertex 28.0803 0.40187 53.99
    endloop
  endfacet
  facet normal 0 0 1
    outer loop
      vertex 28.0212 0.79987 53.99
      vertex 28.0212 -0.79987 53.99
      vertex 28.0803 -0.40187 53.99
    endloop
  endfacet
  facet normal 0 0 1
    outer loop
      vertex 27.9235 1.19017 53.99
      vertex 28.0212 -0.79987 53.99
      vertex 28.0212 0.79987 53.99
    endloop
  endfacet
  facet normal 0 0 1
    outer loop
      vertex 27.9235 1.19017 53.99
      vertex 27.9235 -1.19017 53.99
      vertex 28.0212 -0.79987 53.99
    endloop
  endfacet
  facet normal 0 0 1
    outer loop
      vertex 27.7879 1.569 53.99
      vertex 27.9235 -1.19017 53.99
      vertex 27.9235 1.19017 53.99
    endloop
  endfacet
  facet normal 0 0 1
    outer loop
      vertex 27.7879 1.569 53.99
      vertex 27.7879 -1.569 53.99
      vertex 27.9235 -1.19017 53.99
    endloop
  endfacet
  facet normal 0 0 1
    outer loop
      vertex 27.6159 1.93273 53.99
      vertex 27.7879 -1.569 53.99
      vertex 27.7879 1.569 53.99
    endloop
  endfacet
  facet normal 0 0 1
    outer loop
      vertex 27.6159 1.93273 53.99
      vertex 27.6159 -1.93273 53.99
      vertex 27.7879 -1.569 53.99
    endloop
  endfacet
  facet normal 0 0 1
    outer loop
      vertex 27.409 2.27784 53.99
      vertex 27.6159 -1.93273 53.99
      vertex 27.6159 1.93273 53.99
    endloop
  endfacet
  facet normal 0 0 1
    outer loop
      vertex 27.409 2.27784 53.99
      vertex 27.409 -2.27784 53.99
      vertex 27.6159 -1.93273 53.99
    endloop
  endfacet
  facet normal 0 0 1
    outer loop
      vertex 27.1693 2.60101 53.99
      vertex 27.409 -2.27784 53.99
      vertex 27.409 2.27784 53.99
    endloop
  endfacet
  facet normal 0 0 1
    outer loop
      vertex 27.1693 2.60101 53.99
      vertex 27.1693 -2.60101 53.99
      vertex 27.409 -2.27784 53.99
    endloop
  endfacet
  facet normal 0 0 1
    outer loop
      vertex 26.8991 2.89914 53.99
      vertex 27.1693 -2.60101 53.99
      vertex 27.1693 2.60101 53.99
    endloop
  endfacet
  facet normal 0 0 1
    outer loop
      vertex 26.8991 2.89914 53.99
      vertex 26.8991 -2.89914 53.99
      vertex 27.1693 -2.60101 53.99
    endloop
  endfacet
  facet normal 0 0 1
    outer loop
      vertex 26.601 3.16934 53.99
      vertex 26.8991 -2.89914 53.99
      vertex 26.8991 2.89914 53.99
    endloop
  endfacet
  facet normal 0 0 1
    outer loop
      vertex 26.601 3.16934 53.99
      vertex 26.601 -3.16934 53.99
      vertex 26.8991 -2.89914 53.99
    endloop
  endfacet
  facet normal 0 0 1
    outer loop
      vertex 26.2778 3.40903 53.99
      vertex 26.601 -3.16934 53.99
      vertex 26.601 3.16934 53.99
    endloop
  endfacet
  facet normal 0 0 1
    outer loop
      vertex 26.2778 3.40903 53.99
      vertex 26.2778 -3.40903 53.99
      vertex 26.601 -3.16934 53.99
    endloop
  endfacet
  facet normal 0 0 1
    outer loop
      vertex 25.9327 3.61588 53.99
      vertex 26.2778 -3.40903 53.99
      vertex 26.2778 3.40903 53.99
    endloop
  endfacet
  facet normal 0 0 1
    outer loop
      vertex 25.9327 3.61588 53.99
      vertex 25.9327 -3.61588 53.99
      vertex 26.2778 -3.40903 53.99
    endloop
  endfacet
  facet normal 0 0 1
    outer loop
      vertex 25.569 3.78791 53.99
      vertex 25.9327 -3.61588 53.99
      vertex 25.9327 3.61588 53.99
    endloop
  endfacet
  facet normal 0 0 1
    outer loop
      vertex 25.569 3.78791 53.99
      vertex 25.569 -3.78791 53.99
      vertex 25.9327 -3.61588 53.99
    endloop
  endfacet
  facet normal 0 0 1
    outer loop
      vertex 25.1902 3.92346 53.99
      vertex 25.569 -3.78791 53.99
      vertex 25.569 3.78791 53.99
    endloop
  endfacet
  facet normal 0 0 1
    outer loop
      vertex 25.1902 3.92346 53.99
      vertex 25.1902 -3.92346 53.99
      vertex 25.569 -3.78791 53.99
    endloop
  endfacet
  facet normal 0 0 1
    outer loop
      vertex 24.7999 4.02122 53.99
      vertex 25.1902 -3.92346 53.99
      vertex 25.1902 3.92346 53.99
    endloop
  endfacet
  facet normal 0 0 1
    outer loop
      vertex 24.7999 4.02122 53.99
      vertex 24.7999 -4.02122 53.99
      vertex 25.1902 -3.92346 53.99
    endloop
  endfacet
  facet normal 0 0 1
    outer loop
      vertex 24.4019 4.08026 53.99
      vertex 24.7999 -4.02122 53.99
      vertex 24.7999 4.02122 53.99
    endloop
  endfacet
  facet normal 0 0 1
    outer loop
      vertex 24.4019 4.08026 53.99
      vertex 24.4019 -4.08026 53.99
      vertex 24.7999 -4.02122 53.99
    endloop
  endfacet
  facet normal 0 0 1
    outer loop
      vertex 24 4.1 53.99
      vertex 24.4019 -4.08026 53.99
      vertex 24.4019 4.08026 53.99
    endloop
  endfacet
  facet normal 0 0 1
    outer loop
      vertex 24 4.1 53.99
      vertex 24 -4.1 53.99
      vertex 24.4019 -4.08026 53.99
    endloop
  endfacet
  facet normal -0 0 1
    outer loop
      vertex 23.5981 4.08026 53.99
      vertex 24 -4.1 53.99
      vertex 24 4.1 53.99
    endloop
  endfacet
  facet normal 0 0 1
    outer loop
      vertex 23.5981 4.08026 53.99
      vertex 23.5981 -4.08026 53.99
      vertex 24 -4.1 53.99
    endloop
  endfacet
  facet normal -0 0 1
    outer loop
      vertex 23.2001 4.02122 53.99
      vertex 23.5981 -4.08026 53.99
      vertex 23.5981 4.08026 53.99
    endloop
  endfacet
  facet normal 0 0 1
    outer loop
      vertex 23.2001 4.02122 53.99
      vertex 23.2001 -4.02122 53.99
      vertex 23.5981 -4.08026 53.99
    endloop
  endfacet
  facet normal -0 0 1
    outer loop
      vertex 22.8098 3.92346 53.99
      vertex 23.2001 -4.02122 53.99
      vertex 23.2001 4.02122 53.99
    endloop
  endfacet
  facet normal 0 0 1
    outer loop
      vertex 22.8098 3.92346 53.99
      vertex 22.8098 -3.92346 53.99
      vertex 23.2001 -4.02122 53.99
    endloop
  endfacet
  facet normal -0 0 1
    outer loop
      vertex 22.431 3.78791 53.99
      vertex 22.8098 -3.92346 53.99
      vertex 22.8098 3.92346 53.99
    endloop
  endfacet
  facet normal 0 0 1
    outer loop
      vertex 22.431 3.78791 53.99
      vertex 22.431 -3.78791 53.99
      vertex 22.8098 -3.92346 53.99
    endloop
  endfacet
  facet normal -0 0 1
    outer loop
      vertex 22.0673 3.61588 53.99
      vertex 22.431 -3.78791 53.99
      vertex 22.431 3.78791 53.99
    endloop
  endfacet
  facet normal 0 0 1
    outer loop
      vertex 22.0673 3.61588 53.99
      vertex 22.0673 -3.61588 53.99
      vertex 22.431 -3.78791 53.99
    endloop
  endfacet
  facet normal -0 0 1
    outer loop
      vertex 21.7222 3.40903 53.99
      vertex 22.0673 -3.61588 53.99
      vertex 22.0673 3.61588 53.99
    endloop
  endfacet
  facet normal 0 0 1
    outer loop
      vertex 21.7222 3.40903 53.99
      vertex 21.7222 -3.40903 53.99
      vertex 22.0673 -3.61588 53.99
    endloop
  endfacet
  facet normal -0 0 1
    outer loop
      vertex 21.399 3.16934 53.99
      vertex 21.7222 -3.40903 53.99
      vertex 21.7222 3.40903 53.99
    endloop
  endfacet
  facet normal 0 0 1
    outer loop
      vertex 21.399 3.16934 53.99
      vertex 21.399 -3.16934 53.99
      vertex 21.7222 -3.40903 53.99
    endloop
  endfacet
  facet normal -0 0 1
    outer loop
      vertex 21.1009 2.89914 53.99
      vertex 21.399 -3.16934 53.99
      vertex 21.399 3.16934 53.99
    endloop
  endfacet
  facet normal 0 0 1
    outer loop
      vertex 21.1009 2.89914 53.99
      vertex 21.1009 -2.89914 53.99
      vertex 21.399 -3.16934 53.99
    endloop
  endfacet
  facet normal -0 0 1
    outer loop
      vertex 20.8307 2.60101 53.99
      vertex 21.1009 -2.89914 53.99
      vertex 21.1009 2.89914 53.99
    endloop
  endfacet
  facet normal 0 0 1
    outer loop
      vertex 20.8307 2.60101 53.99
      vertex 20.8307 -2.60101 53.99
      vertex 21.1009 -2.89914 53.99
    endloop
  endfacet
  facet normal -0 0 1
    outer loop
      vertex 20.591 2.27784 53.99
      vertex 20.8307 -2.60101 53.99
      vertex 20.8307 2.60101 53.99
    endloop
  endfacet
  facet normal 0 0 1
    outer loop
      vertex 20.591 2.27784 53.99
      vertex 20.591 -2.27784 53.99
      vertex 20.8307 -2.60101 53.99
    endloop
  endfacet
  facet normal -0 0 1
    outer loop
      vertex 20.3841 1.93273 53.99
      vertex 20.591 -2.27784 53.99
      vertex 20.591 2.27784 53.99
    endloop
  endfacet
  facet normal 0 0 1
    outer loop
      vertex 20.3841 1.93273 53.99
      vertex 20.3841 -1.93273 53.99
      vertex 20.591 -2.27784 53.99
    endloop
  endfacet
  facet normal -0 0 1
    outer loop
      vertex 20.2121 1.569 53.99
      vertex 20.3841 -1.93273 53.99
      vertex 20.3841 1.93273 53.99
    endloop
  endfacet
  facet normal 0 0 1
    outer loop
      vertex 20.2121 1.569 53.99
      vertex 20.2121 -1.569 53.99
      vertex 20.3841 -1.93273 53.99
    endloop
  endfacet
  facet normal -0 0 1
    outer loop
      vertex 20.0765 1.19017 53.99
      vertex 20.2121 -1.569 53.99
      vertex 20.2121 1.569 53.99
    endloop
  endfacet
  facet normal 0 0 1
    outer loop
      vertex 20.0765 1.19017 53.99
      vertex 20.0765 -1.19017 53.99
      vertex 20.2121 -1.569 53.99
    endloop
  endfacet
  facet normal -0 0 1
    outer loop
      vertex 19.9788 0.79987 53.99
      vertex 20.0765 -1.19017 53.99
      vertex 20.0765 1.19017 53.99
    endloop
  endfacet
  facet normal 0 0 1
    outer loop
      vertex 19.9788 0.79987 53.99
      vertex 19.9788 -0.79987 53.99
      vertex 20.0765 -1.19017 53.99
    endloop
  endfacet
  facet normal -0 0 1
    outer loop
      vertex 19.9197 0.40187 53.99
      vertex 19.9788 -0.79987 53.99
      vertex 19.9788 0.79987 53.99
    endloop
  endfacet
  facet normal 0 0 1
    outer loop
      vertex 19.9197 0.40187 53.99
      vertex 19.9197 -0.40187 53.99
      vertex 19.9788 -0.79987 53.99
    endloop
  endfacet
  facet normal 0 -0 1
    outer loop
      vertex 19.9197 -0.40187 53.99
      vertex 19.9197 0.40187 53.99
      vertex 19.9 0 53.99
    endloop
  endfacet
  facet normal 0.671583 0.740929 -0
    outer loop
      vertex 21.399 -3.16934 53.99
      vertex 21.1009 -2.89914 54
      vertex 21.399 -3.16934 54
    endloop
  endfacet
  facet normal 0.671583 0.740929 0
    outer loop
      vertex 21.1009 -2.89914 54
      vertex 21.399 -3.16934 53.99
      vertex 21.1009 -2.89914 53.99
    endloop
  endfacet
  facet normal 0.803183 -0.595733 0
    outer loop
      vertex 20.591 2.27784 54
      vertex 20.8307 2.60101 53.99
      vertex 20.8307 2.60101 54
    endloop
  endfacet
  facet normal 0.803183 -0.595733 0
    outer loop
      vertex 20.8307 2.60101 53.99
      vertex 20.591 2.27784 54
      vertex 20.591 2.27784 53.99
    endloop
  endfacet
  facet normal 0.0490576 0.998796 -0
    outer loop
      vertex 24 -4.1 53.99
      vertex 23.5981 -4.08026 54
      vertex 24 -4.1 54
    endloop
  endfacet
  facet normal 0.0490576 0.998796 0
    outer loop
      vertex 23.5981 -4.08026 54
      vertex 24 -4.1 53.99
      vertex 23.5981 -4.08026 53.99
    endloop
  endfacet
  facet normal 0.146736 0.989176 -0
    outer loop
      vertex 23.5981 -4.08026 53.99
      vertex 23.2001 -4.02122 54
      vertex 23.5981 -4.08026 54
    endloop
  endfacet
  facet normal 0.146736 0.989176 0
    outer loop
      vertex 23.2001 -4.02122 54
      vertex 23.5981 -4.08026 53.99
      vertex 23.2001 -4.02122 53.99
    endloop
  endfacet
  facet normal 0.989154 -0.146882 0
    outer loop
      vertex 19.9197 0.40187 54
      vertex 19.9788 0.79987 53.99
      vertex 19.9788 0.79987 54
    endloop
  endfacet
  facet normal 0.989154 -0.146882 0
    outer loop
      vertex 19.9788 0.79987 53.99
      vertex 19.9197 0.40187 54
      vertex 19.9197 0.40187 53.99
    endloop
  endfacet
  facet normal 0.998801 -0.048962 0
    outer loop
      vertex 19.9 0 54
      vertex 19.9197 0.40187 53.99
      vertex 19.9197 0.40187 54
    endloop
  endfacet
  facet normal 0.998801 -0.048962 0
    outer loop
      vertex 19.9197 0.40187 53.99
      vertex 19.9 0 54
      vertex 19.9 0 53.99
    endloop
  endfacet
  facet normal 0.336919 0.941534 -0
    outer loop
      vertex 22.8098 -3.92346 53.99
      vertex 22.431 -3.78791 54
      vertex 22.8098 -3.92346 54
    endloop
  endfacet
  facet normal 0.336919 0.941534 0
    outer loop
      vertex 22.431 -3.78791 54
      vertex 22.8098 -3.92346 53.99
      vertex 22.431 -3.78791 53.99
    endloop
  endfacet
  facet normal -0.671583 0.740929 0
    outer loop
      vertex 26.8991 -2.89914 53.99
      vertex 26.601 -3.16934 54
      vertex 26.8991 -2.89914 54
    endloop
  endfacet
  facet normal -0.671583 0.740929 0
    outer loop
      vertex 26.601 -3.16934 54
      vertex 26.8991 -2.89914 53.99
      vertex 26.601 -3.16934 53.99
    endloop
  endfacet
  facet normal -1 0 0
    outer loop
      vertex 1 -17 18
      vertex 1 -11 22
      vertex 1 -11 18
    endloop
  endfacet
  facet normal -1 -0 0
    outer loop
      vertex 1 -11 22
      vertex 1 -17 18
      vertex 1 -17 22
    endloop
  endfacet
  facet normal 0 0 -1
    outer loop
      vertex 0 -17 22
      vertex 1 -11 22
      vertex 1 -17 22
    endloop
  endfacet
  facet normal -0 0 -1
    outer loop
      vertex 1 -11 22
      vertex 0 -17 22
      vertex 0 -11 22
    endloop
  endfacet
  facet normal -0 0 1
    outer loop
      vertex 0 -11 18
      vertex 1 -17 18
      vertex 1 -11 18
    endloop
  endfacet
  facet normal 0 0 1
    outer loop
      vertex 1 -17 18
      vertex 0 -11 18
      vertex 0 -17 18
    endloop
  endfacet
  facet normal 0 -1 0
    outer loop
      vertex 0 -11 18
      vertex 1 -11 22
      vertex 0 -11 22
    endloop
  endfacet
  facet normal 0 -1 -0
    outer loop
      vertex 1 -11 22
      vertex 0 -11 18
      vertex 1 -11 18
    endloop
  endfacet
  facet normal 0 1 -0
    outer loop
      vertex 1 -17 18
      vertex 0 -17 22
      vertex 1 -17 22
    endloop
  endfacet
  facet normal 0 1 0
    outer loop
      vertex 0 -17 22
      vertex 1 -17 18
      vertex 0 -17 18
    endloop
  endfacet
  facet normal -1 0 0
    outer loop
      vertex 1 11 18
      vertex 1 17 22
      vertex 1 17 18
    endloop
  endfacet
  facet normal -1 -0 0
    outer loop
      vertex 1 17 22
      vertex 1 11 18
      vertex 1 11 22
    endloop
  endfacet
  facet normal 0 0 -1
    outer loop
      vertex 0 11 22
      vertex 1 17 22
      vertex 1 11 22
    endloop
  endfacet
  facet normal -0 0 -1
    outer loop
      vertex 1 17 22
      vertex 0 11 22
      vertex 0 17 22
    endloop
  endfacet
  facet normal -0 0 1
    outer loop
      vertex 0 17 18
      vertex 1 11 18
      vertex 1 17 18
    endloop
  endfacet
  facet normal 0 0 1
    outer loop
      vertex 1 11 18
      vertex 0 17 18
      vertex 0 11 18
    endloop
  endfacet
  facet normal 0 -1 0
    outer loop
      vertex 0 17 18
      vertex 1 17 22
      vertex 0 17 22
    endloop
  endfacet
  facet normal 0 -1 -0
    outer loop
      vertex 1 17 22
      vertex 0 17 18
      vertex 1 17 18
    endloop
  endfacet
  facet normal 0 1 -0
    outer loop
      vertex 1 11 18
      vertex 0 11 22
      vertex 1 11 22
    endloop
  endfacet
  facet normal 0 1 0
    outer loop
      vertex 0 11 22
      vertex 1 11 18
      vertex 0 11 18
    endloop
  endfacet
endsolid OpenSCAD_Model
