solid OpenSCAD_Model
  facet normal -1 0 0
    outer loop
      vertex 0 -8 9
      vertex 0 8 10.4
      vertex 0 8 9
    endloop
  endfacet
  facet normal -1 -0 0
    outer loop
      vertex 0 8 10.4
      vertex 0 -8 9
      vertex 0 -8 10.4
    endloop
  endfacet
  facet normal -1 0 0
    outer loop
      vertex 0 -8 15
      vertex 0 8 16.4
      vertex 0 8 15
    endloop
  endfacet
  facet normal -1 -0 0
    outer loop
      vertex 0 8 16.4
      vertex 0 -8 15
      vertex 0 -8 16.4
    endloop
  endfacet
  facet normal -1 0 0
    outer loop
      vertex 0 -8 12
      vertex 0 8 13.4
      vertex 0 8 12
    endloop
  endfacet
  facet normal -1 -0 0
    outer loop
      vertex 0 8 13.4
      vertex 0 -8 12
      vertex 0 -8 13.4
    endloop
  endfacet
  facet normal 0 1 0
    outer loop
      vertex 31 24 11.4
      vertex 30.4 24 12
      vertex 30.5553 24 11.9796
    endloop
  endfacet
  facet normal 0 1 0
    outer loop
      vertex 30.4 24 12
      vertex 30.4 24 8
      vertex 26.6 24 12
    endloop
  endfacet
  facet normal 0 1 0
    outer loop
      vertex 31 24 11.4
      vertex 30.5553 24 11.9796
      vertex 30.7 24 11.9196
    endloop
  endfacet
  facet normal 0 1 0
    outer loop
      vertex 30.4 24 12
      vertex 31 24 11.4
      vertex 30.4 24 8
    endloop
  endfacet
  facet normal 0 1 0
    outer loop
      vertex 31 24 11.4
      vertex 30.7 24 11.9196
      vertex 30.8242 24 11.8242
    endloop
  endfacet
  facet normal 0 1 0
    outer loop
      vertex 26.6 24 8
      vertex 26.6 24 12
      vertex 30.4 24 8
    endloop
  endfacet
  facet normal 0 1 0
    outer loop
      vertex 31 24 11.4
      vertex 30.8242 24 11.8242
      vertex 30.9196 24 11.7
    endloop
  endfacet
  facet normal 0 1 0
    outer loop
      vertex 26.4447 24 11.9796
      vertex 26 24 11.4
      vertex 26.3 24 11.9196
    endloop
  endfacet
  facet normal 0 1 0
    outer loop
      vertex 31 24 11.4
      vertex 30.9196 24 11.7
      vertex 30.9796 24 11.5553
    endloop
  endfacet
  facet normal 0 1 0
    outer loop
      vertex 26.3 24 11.9196
      vertex 26 24 11.4
      vertex 26.1757 24 11.8242
    endloop
  endfacet
  facet normal 0 1 0
    outer loop
      vertex 26.1757 24 11.8242
      vertex 26 24 11.4
      vertex 26.0804 24 11.7
    endloop
  endfacet
  facet normal 0 1 0
    outer loop
      vertex 26.0804 24 11.7
      vertex 26 24 11.4
      vertex 26.0204 24 11.5553
    endloop
  endfacet
  facet normal 0 1 0
    outer loop
      vertex 30.4 24 8
      vertex 31 24 11.4
      vertex 31 24 8.59999
    endloop
  endfacet
  facet normal -0 1 0
    outer loop
      vertex 26 24 11.4
      vertex 26.6 24 12
      vertex 26.6 24 8
    endloop
  endfacet
  facet normal 0 1 0
    outer loop
      vertex 30.4 24 8
      vertex 31 24 8.59999
      vertex 30.9796 24 8.4447
    endloop
  endfacet
  facet normal 0 1 0
    outer loop
      vertex 26.6 24 12
      vertex 26 24 11.4
      vertex 26.4447 24 11.9796
    endloop
  endfacet
  facet normal 0 1 0
    outer loop
      vertex 30.4 24 8
      vertex 30.9796 24 8.4447
      vertex 30.9196 24 8.29999
    endloop
  endfacet
  facet normal 0 1 0
    outer loop
      vertex 26 24 11.4
      vertex 26.6 24 8
      vertex 26 24 8.59999
    endloop
  endfacet
  facet normal 0 1 0
    outer loop
      vertex 30.4 24 8
      vertex 30.9196 24 8.29999
      vertex 30.8242 24 8.17574
    endloop
  endfacet
  facet normal 0 1 0
    outer loop
      vertex 26 24 8.59999
      vertex 26.6 24 8
      vertex 26.0204 24 8.4447
    endloop
  endfacet
  facet normal 0 1 0
    outer loop
      vertex 30.4 24 8
      vertex 30.8242 24 8.17574
      vertex 30.7 24 8.08038
    endloop
  endfacet
  facet normal 0 1 0
    outer loop
      vertex 26.0204 24 8.4447
      vertex 26.6 24 8
      vertex 26.0804 24 8.29999
    endloop
  endfacet
  facet normal 0 1 0
    outer loop
      vertex 30.4 24 8
      vertex 30.7 24 8.08038
      vertex 30.5553 24 8.02043
    endloop
  endfacet
  facet normal 0 1 0
    outer loop
      vertex 26.0804 24 8.29999
      vertex 26.6 24 8
      vertex 26.1757 24 8.17574
    endloop
  endfacet
  facet normal 0 1 0
    outer loop
      vertex 26.1757 24 8.17574
      vertex 26.6 24 8
      vertex 26.3 24 8.08038
    endloop
  endfacet
  facet normal 0 1 0
    outer loop
      vertex 26.3 24 8.08038
      vertex 26.6 24 8
      vertex 26.4447 24 8.02043
    endloop
  endfacet
  facet normal 0 -1 0
    outer loop
      vertex 26 -24 11.4
      vertex 26.6 -24 12
      vertex 26.4447 -24 11.9796
    endloop
  endfacet
  facet normal 0 -1 0
    outer loop
      vertex 26.6 -24 12
      vertex 26.6 -24 8
      vertex 30.4 -24 12
    endloop
  endfacet
  facet normal 0 -1 0
    outer loop
      vertex 26 -24 11.4
      vertex 26.4447 -24 11.9796
      vertex 26.3 -24 11.9196
    endloop
  endfacet
  facet normal 0 -1 -0
    outer loop
      vertex 26.6 -24 12
      vertex 26 -24 11.4
      vertex 26.6 -24 8
    endloop
  endfacet
  facet normal 0 -1 0
    outer loop
      vertex 26 -24 11.4
      vertex 26.3 -24 11.9196
      vertex 26.1757 -24 11.8242
    endloop
  endfacet
  facet normal 0 -1 0
    outer loop
      vertex 30.4 -24 8
      vertex 30.4 -24 12
      vertex 26.6 -24 8
    endloop
  endfacet
  facet normal 0 -1 0
    outer loop
      vertex 26 -24 11.4
      vertex 26.1757 -24 11.8242
      vertex 26.0804 -24 11.7
    endloop
  endfacet
  facet normal 0 -1 0
    outer loop
      vertex 30.5553 -24 11.9796
      vertex 31 -24 11.4
      vertex 30.7 -24 11.9196
    endloop
  endfacet
  facet normal 0 -1 0
    outer loop
      vertex 26 -24 11.4
      vertex 26.0804 -24 11.7
      vertex 26.0204 -24 11.5553
    endloop
  endfacet
  facet normal 0 -1 0
    outer loop
      vertex 30.7 -24 11.9196
      vertex 31 -24 11.4
      vertex 30.8242 -24 11.8242
    endloop
  endfacet
  facet normal 0 -1 0
    outer loop
      vertex 30.8242 -24 11.8242
      vertex 31 -24 11.4
      vertex 30.9196 -24 11.7
    endloop
  endfacet
  facet normal 0 -1 0
    outer loop
      vertex 30.9196 -24 11.7
      vertex 31 -24 11.4
      vertex 30.9796 -24 11.5553
    endloop
  endfacet
  facet normal 0 -1 0
    outer loop
      vertex 26.6 -24 8
      vertex 26 -24 11.4
      vertex 26 -24 8.59999
    endloop
  endfacet
  facet normal -0 -1 0
    outer loop
      vertex 31 -24 11.4
      vertex 30.4 -24 12
      vertex 30.4 -24 8
    endloop
  endfacet
  facet normal 0 -1 0
    outer loop
      vertex 26.6 -24 8
      vertex 26 -24 8.59999
      vertex 26.0204 -24 8.4447
    endloop
  endfacet
  facet normal 0 -1 0
    outer loop
      vertex 30.4 -24 12
      vertex 31 -24 11.4
      vertex 30.5553 -24 11.9796
    endloop
  endfacet
  facet normal 0 -1 0
    outer loop
      vertex 26.6 -24 8
      vertex 26.0204 -24 8.4447
      vertex 26.0804 -24 8.29999
    endloop
  endfacet
  facet normal 0 -1 -0
    outer loop
      vertex 31 -24 11.4
      vertex 30.4 -24 8
      vertex 31 -24 8.59999
    endloop
  endfacet
  facet normal 0 -1 0
    outer loop
      vertex 26.6 -24 8
      vertex 26.0804 -24 8.29999
      vertex 26.1757 -24 8.17574
    endloop
  endfacet
  facet normal 0 -1 0
    outer loop
      vertex 31 -24 8.59999
      vertex 30.4 -24 8
      vertex 30.9796 -24 8.4447
    endloop
  endfacet
  facet normal 0 -1 0
    outer loop
      vertex 26.6 -24 8
      vertex 26.1757 -24 8.17574
      vertex 26.3 -24 8.08038
    endloop
  endfacet
  facet normal 0 -1 0
    outer loop
      vertex 30.9796 -24 8.4447
      vertex 30.4 -24 8
      vertex 30.9196 -24 8.29999
    endloop
  endfacet
  facet normal 0 -1 0
    outer loop
      vertex 26.6 -24 8
      vertex 26.3 -24 8.08038
      vertex 26.4447 -24 8.02043
    endloop
  endfacet
  facet normal 0 -1 0
    outer loop
      vertex 30.9196 -24 8.29999
      vertex 30.4 -24 8
      vertex 30.8242 -24 8.17574
    endloop
  endfacet
  facet normal 0 -1 0
    outer loop
      vertex 30.8242 -24 8.17574
      vertex 30.4 -24 8
      vertex 30.7 -24 8.08038
    endloop
  endfacet
  facet normal 0 -1 0
    outer loop
      vertex 30.7 -24 8.08038
      vertex 30.4 -24 8
      vertex 30.5553 -24 8.02043
    endloop
  endfacet
  facet normal -0.427523 -0.904004 0
    outer loop
      vertex 22.1144 -3.52768 54
      vertex 22.4693 -3.69552 55.5
      vertex 22.1144 -3.52768 55.5
    endloop
  endfacet
  facet normal -0.427523 -0.904004 -0
    outer loop
      vertex 22.4693 -3.69552 55.5
      vertex 22.1144 -3.52768 54
      vertex 22.4693 -3.69552 54
    endloop
  endfacet
  facet normal 0.989176 0.146736 0
    outer loop
      vertex 27.9807 0.392068 55.5
      vertex 27.9231 0.780361 54
      vertex 27.9231 0.780361 55.5
    endloop
  endfacet
  facet normal 0.989176 0.146736 0
    outer loop
      vertex 27.9231 0.780361 54
      vertex 27.9807 0.392068 55.5
      vertex 27.9807 0.392068 54
    endloop
  endfacet
  facet normal 0.998791 0.0491666 0
    outer loop
      vertex 28 0 55.5
      vertex 27.9807 0.392068 54
      vertex 27.9807 0.392068 55.5
    endloop
  endfacet
  facet normal 0.998791 0.0491666 0
    outer loop
      vertex 27.9807 0.392068 54
      vertex 28 0 55.5
      vertex 28 0 54
    endloop
  endfacet
  facet normal 0.970079 0.242788 0
    outer loop
      vertex 27.9231 0.780361 55.5
      vertex 27.8278 1.16114 54
      vertex 27.8278 1.16114 55.5
    endloop
  endfacet
  facet normal 0.970079 0.242788 0
    outer loop
      vertex 27.8278 1.16114 54
      vertex 27.9231 0.780361 55.5
      vertex 27.9231 0.780361 54
    endloop
  endfacet
  facet normal 0.427523 -0.904004 0
    outer loop
      vertex 25.5307 -3.69552 54
      vertex 25.8856 -3.52768 55.5
      vertex 25.5307 -3.69552 55.5
    endloop
  endfacet
  facet normal 0.427523 -0.904004 0
    outer loop
      vertex 25.8856 -3.52768 55.5
      vertex 25.5307 -3.69552 54
      vertex 25.8856 -3.52768 54
    endloop
  endfacet
  facet normal -0.671621 0.740895 0
    outer loop
      vertex 21.4624 3.09204 54
      vertex 21.1716 2.82843 55.5
      vertex 21.4624 3.09204 55.5
    endloop
  endfacet
  facet normal -0.671621 0.740895 0
    outer loop
      vertex 21.1716 2.82843 55.5
      vertex 21.4624 3.09204 54
      vertex 21.1716 2.82843 54
    endloop
  endfacet
  facet normal -0.970079 -0.242788 0
    outer loop
      vertex 20.1722 -1.16114 54
      vertex 20.0769 -0.780361 55.5
      vertex 20.0769 -0.780361 54
    endloop
  endfacet
  facet normal -0.970079 -0.242788 0
    outer loop
      vertex 20.0769 -0.780361 55.5
      vertex 20.1722 -1.16114 54
      vertex 20.1722 -1.16114 55.5
    endloop
  endfacet
  facet normal 0.427523 0.904004 -0
    outer loop
      vertex 25.8856 3.52768 54
      vertex 25.5307 3.69552 55.5
      vertex 25.8856 3.52768 55.5
    endloop
  endfacet
  facet normal 0.427523 0.904004 0
    outer loop
      vertex 25.5307 3.69552 55.5
      vertex 25.8856 3.52768 54
      vertex 25.5307 3.69552 54
    endloop
  endfacet
  facet normal -0.989176 0.146736 0
    outer loop
      vertex 20.0193 0.392068 54
      vertex 20.0769 0.780361 55.5
      vertex 20.0769 0.780361 54
    endloop
  endfacet
  facet normal -0.989176 0.146736 0
    outer loop
      vertex 20.0769 0.780361 55.5
      vertex 20.0193 0.392068 54
      vertex 20.0193 0.392068 55.5
    endloop
  endfacet
  facet normal -0.146733 -0.989176 0
    outer loop
      vertex 23.2196 -3.92314 54
      vertex 23.6079 -3.98074 55.5
      vertex 23.2196 -3.92314 55.5
    endloop
  endfacet
  facet normal -0.146733 -0.989176 -0
    outer loop
      vertex 23.6079 -3.98074 55.5
      vertex 23.2196 -3.92314 54
      vertex 23.6079 -3.98074 54
    endloop
  endfacet
  facet normal 0.243027 0.970019 -0
    outer loop
      vertex 25.1611 3.82776 54
      vertex 24.7804 3.92314 55.5
      vertex 25.1611 3.82776 55.5
    endloop
  endfacet
  facet normal 0.243027 0.970019 0
    outer loop
      vertex 24.7804 3.92314 55.5
      vertex 25.1611 3.82776 54
      vertex 24.7804 3.92314 54
    endloop
  endfacet
  facet normal -0.740977 0.671531 0
    outer loop
      vertex 20.908 2.53757 54
      vertex 21.1716 2.82843 55.5
      vertex 21.1716 2.82843 54
    endloop
  endfacet
  facet normal -0.740977 0.671531 0
    outer loop
      vertex 21.1716 2.82843 55.5
      vertex 20.908 2.53757 54
      vertex 20.908 2.53757 55.5
    endloop
  endfacet
  facet normal 0.514084 -0.85774 0
    outer loop
      vertex 25.8856 -3.52768 54
      vertex 26.2223 -3.32588 55.5
      vertex 25.8856 -3.52768 55.5
    endloop
  endfacet
  facet normal 0.514084 -0.85774 0
    outer loop
      vertex 26.2223 -3.32588 55.5
      vertex 25.8856 -3.52768 54
      vertex 26.2223 -3.32588 54
    endloop
  endfacet
  facet normal -0.243027 -0.970019 0
    outer loop
      vertex 22.8389 -3.82776 54
      vertex 23.2196 -3.92314 55.5
      vertex 22.8389 -3.82776 55.5
    endloop
  endfacet
  facet normal -0.243027 -0.970019 -0
    outer loop
      vertex 23.2196 -3.92314 55.5
      vertex 22.8389 -3.82776 54
      vertex 23.2196 -3.92314 54
    endloop
  endfacet
  facet normal -0.336879 0.941548 0
    outer loop
      vertex 22.8389 3.82776 54
      vertex 22.4693 3.69552 55.5
      vertex 22.8389 3.82776 55.5
    endloop
  endfacet
  facet normal -0.336879 0.941548 0
    outer loop
      vertex 22.4693 3.69552 55.5
      vertex 22.8389 3.82776 54
      vertex 22.4693 3.69552 54
    endloop
  endfacet
  facet normal 0.049061 -0.998796 0
    outer loop
      vertex 24 -4 54
      vertex 24.3921 -3.98074 55.5
      vertex 24 -4 55.5
    endloop
  endfacet
  facet normal 0.049061 -0.998796 0
    outer loop
      vertex 24.3921 -3.98074 55.5
      vertex 24 -4 54
      vertex 24.3921 -3.98074 54
    endloop
  endfacet
  facet normal 0.146733 -0.989176 0
    outer loop
      vertex 24.3921 -3.98074 54
      vertex 24.7804 -3.92314 55.5
      vertex 24.3921 -3.98074 55.5
    endloop
  endfacet
  facet normal 0.146733 -0.989176 0
    outer loop
      vertex 24.7804 -3.92314 55.5
      vertex 24.3921 -3.98074 54
      vertex 24.7804 -3.92314 54
    endloop
  endfacet
  facet normal -0.049061 0.998796 0
    outer loop
      vertex 24 4 54
      vertex 23.6079 3.98074 55.5
      vertex 24 4 55.5
    endloop
  endfacet
  facet normal -0.049061 0.998796 0
    outer loop
      vertex 23.6079 3.98074 55.5
      vertex 24 4 54
      vertex 23.6079 3.98074 54
    endloop
  endfacet
  facet normal -0.595695 -0.80321 0
    outer loop
      vertex 21.4624 -3.09204 54
      vertex 21.7777 -3.32588 55.5
      vertex 21.4624 -3.09204 55.5
    endloop
  endfacet
  facet normal -0.595695 -0.80321 -0
    outer loop
      vertex 21.7777 -3.32588 55.5
      vertex 21.4624 -3.09204 54
      vertex 21.7777 -3.32588 54
    endloop
  endfacet
  facet normal -0.904025 -0.42748 0
    outer loop
      vertex 20.4723 -1.88559 54
      vertex 20.3045 -1.53073 55.5
      vertex 20.3045 -1.53073 54
    endloop
  endfacet
  facet normal -0.904025 -0.42748 0
    outer loop
      vertex 20.3045 -1.53073 55.5
      vertex 20.4723 -1.88559 54
      vertex 20.4723 -1.88559 55.5
    endloop
  endfacet
  facet normal -0.146733 0.989176 0
    outer loop
      vertex 23.6079 3.98074 54
      vertex 23.2196 3.92314 55.5
      vertex 23.6079 3.98074 55.5
    endloop
  endfacet
  facet normal -0.146733 0.989176 0
    outer loop
      vertex 23.2196 3.92314 55.5
      vertex 23.6079 3.98074 54
      vertex 23.2196 3.92314 54
    endloop
  endfacet
  facet normal 0.049061 0.998796 -0
    outer loop
      vertex 24.3921 3.98074 54
      vertex 24 4 55.5
      vertex 24.3921 3.98074 55.5
    endloop
  endfacet
  facet normal 0.049061 0.998796 0
    outer loop
      vertex 24 4 55.5
      vertex 24.3921 3.98074 54
      vertex 24 4 54
    endloop
  endfacet
  facet normal 0.514084 0.85774 -0
    outer loop
      vertex 26.2223 3.32588 54
      vertex 25.8856 3.52768 55.5
      vertex 26.2223 3.32588 55.5
    endloop
  endfacet
  facet normal 0.514084 0.85774 0
    outer loop
      vertex 25.8856 3.52768 55.5
      vertex 26.2223 3.32588 54
      vertex 25.8856 3.52768 54
    endloop
  endfacet
  facet normal -0.998791 -0.0491666 0
    outer loop
      vertex 20.0193 -0.392068 54
      vertex 20 0 55.5
      vertex 20 0 54
    endloop
  endfacet
  facet normal -0.998791 -0.0491666 0
    outer loop
      vertex 20 0 55.5
      vertex 20.0193 -0.392068 54
      vertex 20.0193 -0.392068 55.5
    endloop
  endfacet
  facet normal 0.970079 -0.242788 0
    outer loop
      vertex 27.8278 -1.16114 55.5
      vertex 27.9231 -0.780361 54
      vertex 27.9231 -0.780361 55.5
    endloop
  endfacet
  facet normal 0.970079 -0.242788 0
    outer loop
      vertex 27.9231 -0.780361 54
      vertex 27.8278 -1.16114 55.5
      vertex 27.8278 -1.16114 54
    endloop
  endfacet
  facet normal 0.740977 0.671531 0
    outer loop
      vertex 27.092 2.53757 55.5
      vertex 26.8284 2.82843 54
      vertex 26.8284 2.82843 55.5
    endloop
  endfacet
  facet normal 0.740977 0.671531 0
    outer loop
      vertex 26.8284 2.82843 54
      vertex 27.092 2.53757 55.5
      vertex 27.092 2.53757 54
    endloop
  endfacet
  facet normal 0.595695 0.80321 -0
    outer loop
      vertex 26.5376 3.09204 54
      vertex 26.2223 3.32588 55.5
      vertex 26.5376 3.09204 55.5
    endloop
  endfacet
  facet normal 0.595695 0.80321 0
    outer loop
      vertex 26.2223 3.32588 55.5
      vertex 26.5376 3.09204 54
      vertex 26.2223 3.32588 54
    endloop
  endfacet
  facet normal -0.595695 0.80321 0
    outer loop
      vertex 21.7777 3.32588 54
      vertex 21.4624 3.09204 55.5
      vertex 21.7777 3.32588 55.5
    endloop
  endfacet
  facet normal -0.595695 0.80321 0
    outer loop
      vertex 21.4624 3.09204 55.5
      vertex 21.7777 3.32588 54
      vertex 21.4624 3.09204 54
    endloop
  endfacet
  facet normal 0.803128 0.595806 0
    outer loop
      vertex 27.3259 2.22228 55.5
      vertex 27.092 2.53757 54
      vertex 27.092 2.53757 55.5
    endloop
  endfacet
  facet normal 0.803128 0.595806 0
    outer loop
      vertex 27.092 2.53757 54
      vertex 27.3259 2.22228 55.5
      vertex 27.3259 2.22228 54
    endloop
  endfacet
  facet normal 0.989176 -0.146736 0
    outer loop
      vertex 27.9231 -0.780361 55.5
      vertex 27.9807 -0.392068 54
      vertex 27.9807 -0.392068 55.5
    endloop
  endfacet
  facet normal 0.989176 -0.146736 0
    outer loop
      vertex 27.9807 -0.392068 54
      vertex 27.9231 -0.780361 55.5
      vertex 27.9231 -0.780361 54
    endloop
  endfacet
  facet normal -0.941497 0.337022 0
    outer loop
      vertex 20.1722 1.16114 54
      vertex 20.3045 1.53073 55.5
      vertex 20.3045 1.53073 54
    endloop
  endfacet
  facet normal -0.941497 0.337022 0
    outer loop
      vertex 20.3045 1.53073 55.5
      vertex 20.1722 1.16114 54
      vertex 20.1722 1.16114 55.5
    endloop
  endfacet
  facet normal 0.904025 -0.42748 0
    outer loop
      vertex 27.5277 -1.88559 55.5
      vertex 27.6955 -1.53073 54
      vertex 27.6955 -1.53073 55.5
    endloop
  endfacet
  facet normal 0.904025 -0.42748 0
    outer loop
      vertex 27.6955 -1.53073 54
      vertex 27.5277 -1.88559 55.5
      vertex 27.5277 -1.88559 54
    endloop
  endfacet
  facet normal 0.336879 0.941548 -0
    outer loop
      vertex 25.5307 3.69552 54
      vertex 25.1611 3.82776 55.5
      vertex 25.5307 3.69552 55.5
    endloop
  endfacet
  facet normal 0.336879 0.941548 0
    outer loop
      vertex 25.1611 3.82776 55.5
      vertex 25.5307 3.69552 54
      vertex 25.1611 3.82776 54
    endloop
  endfacet
  facet normal 0.998791 -0.0491666 0
    outer loop
      vertex 27.9807 -0.392068 55.5
      vertex 28 0 54
      vertex 28 0 55.5
    endloop
  endfacet
  facet normal 0.998791 -0.0491666 0
    outer loop
      vertex 28 0 54
      vertex 27.9807 -0.392068 55.5
      vertex 27.9807 -0.392068 54
    endloop
  endfacet
  facet normal 0.336879 -0.941548 0
    outer loop
      vertex 25.1611 -3.82776 54
      vertex 25.5307 -3.69552 55.5
      vertex 25.1611 -3.82776 55.5
    endloop
  endfacet
  facet normal 0.336879 -0.941548 0
    outer loop
      vertex 25.5307 -3.69552 55.5
      vertex 25.1611 -3.82776 54
      vertex 25.5307 -3.69552 54
    endloop
  endfacet
  facet normal 0.941497 0.337022 0
    outer loop
      vertex 27.8278 1.16114 55.5
      vertex 27.6955 1.53073 54
      vertex 27.6955 1.53073 55.5
    endloop
  endfacet
  facet normal 0.941497 0.337022 0
    outer loop
      vertex 27.6955 1.53073 54
      vertex 27.8278 1.16114 55.5
      vertex 27.8278 1.16114 54
    endloop
  endfacet
  facet normal 0.803128 -0.595806 0
    outer loop
      vertex 27.092 -2.53757 55.5
      vertex 27.3259 -2.22228 54
      vertex 27.3259 -2.22228 55.5
    endloop
  endfacet
  facet normal 0.803128 -0.595806 0
    outer loop
      vertex 27.3259 -2.22228 54
      vertex 27.092 -2.53757 55.5
      vertex 27.092 -2.53757 54
    endloop
  endfacet
  facet normal 0.857733 -0.514095 0
    outer loop
      vertex 27.3259 -2.22228 55.5
      vertex 27.5277 -1.88559 54
      vertex 27.5277 -1.88559 55.5
    endloop
  endfacet
  facet normal 0.857733 -0.514095 0
    outer loop
      vertex 27.5277 -1.88559 54
      vertex 27.3259 -2.22228 55.5
      vertex 27.3259 -2.22228 54
    endloop
  endfacet
  facet normal 0.941497 -0.337022 0
    outer loop
      vertex 27.6955 -1.53073 55.5
      vertex 27.8278 -1.16114 54
      vertex 27.8278 -1.16114 55.5
    endloop
  endfacet
  facet normal 0.941497 -0.337022 0
    outer loop
      vertex 27.8278 -1.16114 54
      vertex 27.6955 -1.53073 55.5
      vertex 27.6955 -1.53073 54
    endloop
  endfacet
  facet normal -0.904025 0.42748 0
    outer loop
      vertex 20.3045 1.53073 54
      vertex 20.4723 1.88559 55.5
      vertex 20.4723 1.88559 54
    endloop
  endfacet
  facet normal -0.904025 0.42748 0
    outer loop
      vertex 20.4723 1.88559 55.5
      vertex 20.3045 1.53073 54
      vertex 20.3045 1.53073 55.5
    endloop
  endfacet
  facet normal -0.243027 0.970019 0
    outer loop
      vertex 23.2196 3.92314 54
      vertex 22.8389 3.82776 55.5
      vertex 23.2196 3.92314 55.5
    endloop
  endfacet
  facet normal -0.243027 0.970019 0
    outer loop
      vertex 22.8389 3.82776 55.5
      vertex 23.2196 3.92314 54
      vertex 22.8389 3.82776 54
    endloop
  endfacet
  facet normal 0.904025 0.42748 0
    outer loop
      vertex 27.6955 1.53073 55.5
      vertex 27.5277 1.88559 54
      vertex 27.5277 1.88559 55.5
    endloop
  endfacet
  facet normal 0.904025 0.42748 0
    outer loop
      vertex 27.5277 1.88559 54
      vertex 27.6955 1.53073 55.5
      vertex 27.6955 1.53073 54
    endloop
  endfacet
  facet normal 0.146733 0.989176 -0
    outer loop
      vertex 24.7804 3.92314 54
      vertex 24.3921 3.98074 55.5
      vertex 24.7804 3.92314 55.5
    endloop
  endfacet
  facet normal 0.146733 0.989176 0
    outer loop
      vertex 24.3921 3.98074 55.5
      vertex 24.7804 3.92314 54
      vertex 24.3921 3.98074 54
    endloop
  endfacet
  facet normal -0.857733 -0.514095 0
    outer loop
      vertex 20.6741 -2.22228 54
      vertex 20.4723 -1.88559 55.5
      vertex 20.4723 -1.88559 54
    endloop
  endfacet
  facet normal -0.857733 -0.514095 0
    outer loop
      vertex 20.4723 -1.88559 55.5
      vertex 20.6741 -2.22228 54
      vertex 20.6741 -2.22228 55.5
    endloop
  endfacet
  facet normal 0.857733 0.514095 0
    outer loop
      vertex 27.5277 1.88559 55.5
      vertex 27.3259 2.22228 54
      vertex 27.3259 2.22228 55.5
    endloop
  endfacet
  facet normal 0.857733 0.514095 0
    outer loop
      vertex 27.3259 2.22228 54
      vertex 27.5277 1.88559 55.5
      vertex 27.5277 1.88559 54
    endloop
  endfacet
  facet normal -0.740977 -0.671531 0
    outer loop
      vertex 21.1716 -2.82843 54
      vertex 20.908 -2.53757 55.5
      vertex 20.908 -2.53757 54
    endloop
  endfacet
  facet normal -0.740977 -0.671531 0
    outer loop
      vertex 20.908 -2.53757 55.5
      vertex 21.1716 -2.82843 54
      vertex 21.1716 -2.82843 55.5
    endloop
  endfacet
  facet normal 0.243027 -0.970019 0
    outer loop
      vertex 24.7804 -3.92314 54
      vertex 25.1611 -3.82776 55.5
      vertex 24.7804 -3.92314 55.5
    endloop
  endfacet
  facet normal 0.243027 -0.970019 0
    outer loop
      vertex 25.1611 -3.82776 55.5
      vertex 24.7804 -3.92314 54
      vertex 25.1611 -3.82776 54
    endloop
  endfacet
  facet normal -0.514084 0.85774 0
    outer loop
      vertex 22.1144 3.52768 54
      vertex 21.7777 3.32588 55.5
      vertex 22.1144 3.52768 55.5
    endloop
  endfacet
  facet normal -0.514084 0.85774 0
    outer loop
      vertex 21.7777 3.32588 55.5
      vertex 22.1144 3.52768 54
      vertex 21.7777 3.32588 54
    endloop
  endfacet
  facet normal -0.427523 0.904004 0
    outer loop
      vertex 22.4693 3.69552 54
      vertex 22.1144 3.52768 55.5
      vertex 22.4693 3.69552 55.5
    endloop
  endfacet
  facet normal -0.427523 0.904004 0
    outer loop
      vertex 22.1144 3.52768 55.5
      vertex 22.4693 3.69552 54
      vertex 22.1144 3.52768 54
    endloop
  endfacet
  facet normal -0.941497 -0.337022 0
    outer loop
      vertex 20.3045 -1.53073 54
      vertex 20.1722 -1.16114 55.5
      vertex 20.1722 -1.16114 54
    endloop
  endfacet
  facet normal -0.941497 -0.337022 0
    outer loop
      vertex 20.1722 -1.16114 55.5
      vertex 20.3045 -1.53073 54
      vertex 20.3045 -1.53073 55.5
    endloop
  endfacet
  facet normal -0.514084 -0.85774 0
    outer loop
      vertex 21.7777 -3.32588 54
      vertex 22.1144 -3.52768 55.5
      vertex 21.7777 -3.32588 55.5
    endloop
  endfacet
  facet normal -0.514084 -0.85774 -0
    outer loop
      vertex 22.1144 -3.52768 55.5
      vertex 21.7777 -3.32588 54
      vertex 22.1144 -3.52768 54
    endloop
  endfacet
  facet normal 0.671621 0.740895 -0
    outer loop
      vertex 26.8284 2.82843 54
      vertex 26.5376 3.09204 55.5
      vertex 26.8284 2.82843 55.5
    endloop
  endfacet
  facet normal 0.671621 0.740895 0
    outer loop
      vertex 26.5376 3.09204 55.5
      vertex 26.8284 2.82843 54
      vertex 26.5376 3.09204 54
    endloop
  endfacet
  facet normal -0.970079 0.242788 0
    outer loop
      vertex 20.0769 0.780361 54
      vertex 20.1722 1.16114 55.5
      vertex 20.1722 1.16114 54
    endloop
  endfacet
  facet normal -0.970079 0.242788 0
    outer loop
      vertex 20.1722 1.16114 55.5
      vertex 20.0769 0.780361 54
      vertex 20.0769 0.780361 55.5
    endloop
  endfacet
  facet normal -0.803128 -0.595806 0
    outer loop
      vertex 20.908 -2.53757 54
      vertex 20.6741 -2.22228 55.5
      vertex 20.6741 -2.22228 54
    endloop
  endfacet
  facet normal -0.803128 -0.595806 0
    outer loop
      vertex 20.6741 -2.22228 55.5
      vertex 20.908 -2.53757 54
      vertex 20.908 -2.53757 55.5
    endloop
  endfacet
  facet normal -0.989176 -0.146736 0
    outer loop
      vertex 20.0769 -0.780361 54
      vertex 20.0193 -0.392068 55.5
      vertex 20.0193 -0.392068 54
    endloop
  endfacet
  facet normal -0.989176 -0.146736 0
    outer loop
      vertex 20.0193 -0.392068 55.5
      vertex 20.0769 -0.780361 54
      vertex 20.0769 -0.780361 55.5
    endloop
  endfacet
  facet normal 0.595695 -0.80321 0
    outer loop
      vertex 26.2223 -3.32588 54
      vertex 26.5376 -3.09204 55.5
      vertex 26.2223 -3.32588 55.5
    endloop
  endfacet
  facet normal 0.595695 -0.80321 0
    outer loop
      vertex 26.5376 -3.09204 55.5
      vertex 26.2223 -3.32588 54
      vertex 26.5376 -3.09204 54
    endloop
  endfacet
  facet normal -0.671621 -0.740895 0
    outer loop
      vertex 21.1716 -2.82843 54
      vertex 21.4624 -3.09204 55.5
      vertex 21.1716 -2.82843 55.5
    endloop
  endfacet
  facet normal -0.671621 -0.740895 -0
    outer loop
      vertex 21.4624 -3.09204 55.5
      vertex 21.1716 -2.82843 54
      vertex 21.4624 -3.09204 54
    endloop
  endfacet
  facet normal -0.803128 0.595806 0
    outer loop
      vertex 20.6741 2.22228 54
      vertex 20.908 2.53757 55.5
      vertex 20.908 2.53757 54
    endloop
  endfacet
  facet normal -0.803128 0.595806 0
    outer loop
      vertex 20.908 2.53757 55.5
      vertex 20.6741 2.22228 54
      vertex 20.6741 2.22228 55.5
    endloop
  endfacet
  facet normal -0.857733 0.514095 0
    outer loop
      vertex 20.4723 1.88559 54
      vertex 20.6741 2.22228 55.5
      vertex 20.6741 2.22228 54
    endloop
  endfacet
  facet normal -0.857733 0.514095 0
    outer loop
      vertex 20.6741 2.22228 55.5
      vertex 20.4723 1.88559 54
      vertex 20.4723 1.88559 55.5
    endloop
  endfacet
  facet normal 0 0 1
    outer loop
      vertex 26.5 0 55.5
      vertex 28 0 55.5
      vertex 27.9807 0.392068 55.5
    endloop
  endfacet
  facet normal 0 0 1
    outer loop
      vertex 26.488 0.245043 55.5
      vertex 27.9807 0.392068 55.5
      vertex 27.9231 0.780361 55.5
    endloop
  endfacet
  facet normal 0 0 1
    outer loop
      vertex 28 0 55.5
      vertex 26.5 0 55.5
      vertex 27.9807 -0.392068 55.5
    endloop
  endfacet
  facet normal 0 0 1
    outer loop
      vertex 26.452 0.487725 55.5
      vertex 27.9231 0.780361 55.5
      vertex 27.8278 1.16114 55.5
    endloop
  endfacet
  facet normal -0 0 1
    outer loop
      vertex 26.488 -0.245043 55.5
      vertex 27.9807 -0.392068 55.5
      vertex 26.5 0 55.5
    endloop
  endfacet
  facet normal 0 0 1
    outer loop
      vertex 26.3923 0.725711 55.5
      vertex 27.8278 1.16114 55.5
      vertex 27.6955 1.53073 55.5
    endloop
  endfacet
  facet normal 0 0 1
    outer loop
      vertex 27.9807 -0.392068 55.5
      vertex 26.488 -0.245043 55.5
      vertex 27.9231 -0.780361 55.5
    endloop
  endfacet
  facet normal 0 0 1
    outer loop
      vertex 26.3097 0.956708 55.5
      vertex 27.6955 1.53073 55.5
      vertex 27.5277 1.88559 55.5
    endloop
  endfacet
  facet normal -0 0 1
    outer loop
      vertex 26.452 -0.487725 55.5
      vertex 27.9231 -0.780361 55.5
      vertex 26.488 -0.245043 55.5
    endloop
  endfacet
  facet normal 0 0 1
    outer loop
      vertex 26.2048 1.17849 55.5
      vertex 27.5277 1.88559 55.5
      vertex 27.3259 2.22228 55.5
    endloop
  endfacet
  facet normal 0 0 1
    outer loop
      vertex 27.9231 -0.780361 55.5
      vertex 26.452 -0.487725 55.5
      vertex 27.8278 -1.16114 55.5
    endloop
  endfacet
  facet normal 0 0 1
    outer loop
      vertex 26.0787 1.38893 55.5
      vertex 27.3259 2.22228 55.5
      vertex 27.092 2.53757 55.5
    endloop
  endfacet
  facet normal -0 0 1
    outer loop
      vertex 26.3923 -0.725711 55.5
      vertex 27.8278 -1.16114 55.5
      vertex 26.452 -0.487725 55.5
    endloop
  endfacet
  facet normal 0 0 1
    outer loop
      vertex 25.9325 1.58598 55.5
      vertex 27.092 2.53757 55.5
      vertex 26.8284 2.82843 55.5
    endloop
  endfacet
  facet normal 0 0 1
    outer loop
      vertex 27.8278 -1.16114 55.5
      vertex 26.3923 -0.725711 55.5
      vertex 27.6955 -1.53073 55.5
    endloop
  endfacet
  facet normal 0 0 1
    outer loop
      vertex 25.7678 1.76777 55.5
      vertex 26.8284 2.82843 55.5
      vertex 26.5376 3.09204 55.5
    endloop
  endfacet
  facet normal -0 0 1
    outer loop
      vertex 26.3097 -0.956708 55.5
      vertex 27.6955 -1.53073 55.5
      vertex 26.3923 -0.725711 55.5
    endloop
  endfacet
  facet normal 0 0 1
    outer loop
      vertex 27.6955 -1.53073 55.5
      vertex 26.3097 -0.956708 55.5
      vertex 27.5277 -1.88559 55.5
    endloop
  endfacet
  facet normal 0 0 1
    outer loop
      vertex 27.9807 0.392068 55.5
      vertex 26.488 0.245043 55.5
      vertex 26.5 0 55.5
    endloop
  endfacet
  facet normal 0 0 1
    outer loop
      vertex 27.9231 0.780361 55.5
      vertex 26.452 0.487725 55.5
      vertex 26.488 0.245043 55.5
    endloop
  endfacet
  facet normal 0 0 1
    outer loop
      vertex 27.8278 1.16114 55.5
      vertex 26.3923 0.725711 55.5
      vertex 26.452 0.487725 55.5
    endloop
  endfacet
  facet normal 0 0 1
    outer loop
      vertex 27.6955 1.53073 55.5
      vertex 26.3097 0.956708 55.5
      vertex 26.3923 0.725711 55.5
    endloop
  endfacet
  facet normal 0 0 1
    outer loop
      vertex 25.586 1.93253 55.5
      vertex 26.5376 3.09204 55.5
      vertex 26.2223 3.32588 55.5
    endloop
  endfacet
  facet normal 0 0 1
    outer loop
      vertex 27.5277 1.88559 55.5
      vertex 26.2048 1.17849 55.5
      vertex 26.3097 0.956708 55.5
    endloop
  endfacet
  facet normal 0 0 1
    outer loop
      vertex 27.3259 2.22228 55.5
      vertex 26.0787 1.38893 55.5
      vertex 26.2048 1.17849 55.5
    endloop
  endfacet
  facet normal 0 0 1
    outer loop
      vertex 27.092 2.53757 55.5
      vertex 25.9325 1.58598 55.5
      vertex 26.0787 1.38893 55.5
    endloop
  endfacet
  facet normal 0 0 1
    outer loop
      vertex 25.3889 2.07867 55.5
      vertex 26.2223 3.32588 55.5
      vertex 25.8856 3.52768 55.5
    endloop
  endfacet
  facet normal 0 0 1
    outer loop
      vertex 26.8284 2.82843 55.5
      vertex 25.7678 1.76777 55.5
      vertex 25.9325 1.58598 55.5
    endloop
  endfacet
  facet normal 0 0 1
    outer loop
      vertex 26.5376 3.09204 55.5
      vertex 25.586 1.93253 55.5
      vertex 25.7678 1.76777 55.5
    endloop
  endfacet
  facet normal 0 0 1
    outer loop
      vertex 25.1785 2.2048 55.5
      vertex 25.8856 3.52768 55.5
      vertex 25.5307 3.69552 55.5
    endloop
  endfacet
  facet normal 0 0 1
    outer loop
      vertex 26.2223 3.32588 55.5
      vertex 25.3889 2.07867 55.5
      vertex 25.586 1.93253 55.5
    endloop
  endfacet
  facet normal 0 0 1
    outer loop
      vertex 25.8856 3.52768 55.5
      vertex 25.1785 2.2048 55.5
      vertex 25.3889 2.07867 55.5
    endloop
  endfacet
  facet normal 0 0 1
    outer loop
      vertex 24.9567 2.3097 55.5
      vertex 25.5307 3.69552 55.5
      vertex 25.1611 3.82776 55.5
    endloop
  endfacet
  facet normal 0 0 1
    outer loop
      vertex 25.5307 3.69552 55.5
      vertex 24.9567 2.3097 55.5
      vertex 25.1785 2.2048 55.5
    endloop
  endfacet
  facet normal 0 0 1
    outer loop
      vertex 24.7257 2.39235 55.5
      vertex 25.1611 3.82776 55.5
      vertex 24.7804 3.92314 55.5
    endloop
  endfacet
  facet normal 0 0 1
    outer loop
      vertex 25.1611 3.82776 55.5
      vertex 24.7257 2.39235 55.5
      vertex 24.9567 2.3097 55.5
    endloop
  endfacet
  facet normal 0 0 1
    outer loop
      vertex 24.7804 3.92314 55.5
      vertex 24.4877 2.45196 55.5
      vertex 24.7257 2.39235 55.5
    endloop
  endfacet
  facet normal 0 0 1
    outer loop
      vertex 24.3921 3.98074 55.5
      vertex 24.4877 2.45196 55.5
      vertex 24.7804 3.92314 55.5
    endloop
  endfacet
  facet normal 0 0 1
    outer loop
      vertex 24.3921 3.98074 55.5
      vertex 24.245 2.48796 55.5
      vertex 24.4877 2.45196 55.5
    endloop
  endfacet
  facet normal 0 0 1
    outer loop
      vertex 24 4 55.5
      vertex 24.245 2.48796 55.5
      vertex 24.3921 3.98074 55.5
    endloop
  endfacet
  facet normal 0 0 1
    outer loop
      vertex 24 4 55.5
      vertex 24 2.5 55.5
      vertex 24.245 2.48796 55.5
    endloop
  endfacet
  facet normal 0 0 1
    outer loop
      vertex 24 4 55.5
      vertex 23.755 2.48796 55.5
      vertex 24 2.5 55.5
    endloop
  endfacet
  facet normal -0 0 1
    outer loop
      vertex 23.6079 3.98074 55.5
      vertex 23.755 2.48796 55.5
      vertex 24 4 55.5
    endloop
  endfacet
  facet normal 0 0 1
    outer loop
      vertex 23.6079 3.98074 55.5
      vertex 23.5123 2.45196 55.5
      vertex 23.755 2.48796 55.5
    endloop
  endfacet
  facet normal -0 0 1
    outer loop
      vertex 23.2196 3.92314 55.5
      vertex 23.5123 2.45196 55.5
      vertex 23.6079 3.98074 55.5
    endloop
  endfacet
  facet normal 0 0 1
    outer loop
      vertex 23.5123 2.45196 55.5
      vertex 23.2196 3.92314 55.5
      vertex 23.2743 2.39235 55.5
    endloop
  endfacet
  facet normal -0 0 1
    outer loop
      vertex 22.8389 3.82776 55.5
      vertex 23.2743 2.39235 55.5
      vertex 23.2196 3.92314 55.5
    endloop
  endfacet
  facet normal 0 0 1
    outer loop
      vertex 23.2743 2.39235 55.5
      vertex 22.8389 3.82776 55.5
      vertex 23.0433 2.3097 55.5
    endloop
  endfacet
  facet normal -0 0 1
    outer loop
      vertex 22.4693 3.69552 55.5
      vertex 23.0433 2.3097 55.5
      vertex 22.8389 3.82776 55.5
    endloop
  endfacet
  facet normal 0 0 1
    outer loop
      vertex 23.0433 2.3097 55.5
      vertex 22.4693 3.69552 55.5
      vertex 22.8215 2.2048 55.5
    endloop
  endfacet
  facet normal -0 0 1
    outer loop
      vertex 22.1144 3.52768 55.5
      vertex 22.8215 2.2048 55.5
      vertex 22.4693 3.69552 55.5
    endloop
  endfacet
  facet normal 0 0 1
    outer loop
      vertex 22.8215 2.2048 55.5
      vertex 22.1144 3.52768 55.5
      vertex 22.6111 2.07867 55.5
    endloop
  endfacet
  facet normal -0 0 1
    outer loop
      vertex 21.7777 3.32588 55.5
      vertex 22.6111 2.07867 55.5
      vertex 22.1144 3.52768 55.5
    endloop
  endfacet
  facet normal 0 0 1
    outer loop
      vertex 22.6111 2.07867 55.5
      vertex 21.7777 3.32588 55.5
      vertex 22.414 1.93253 55.5
    endloop
  endfacet
  facet normal -0 0 1
    outer loop
      vertex 21.4624 3.09204 55.5
      vertex 22.414 1.93253 55.5
      vertex 21.7777 3.32588 55.5
    endloop
  endfacet
  facet normal 0 0 1
    outer loop
      vertex 22.414 1.93253 55.5
      vertex 21.4624 3.09204 55.5
      vertex 22.2322 1.76777 55.5
    endloop
  endfacet
  facet normal -0 0 1
    outer loop
      vertex 21.1716 2.82843 55.5
      vertex 22.2322 1.76777 55.5
      vertex 21.4624 3.09204 55.5
    endloop
  endfacet
  facet normal 0 0 1
    outer loop
      vertex 22.2322 1.76777 55.5
      vertex 21.1716 2.82843 55.5
      vertex 22.0675 1.58598 55.5
    endloop
  endfacet
  facet normal -0 0 1
    outer loop
      vertex 20.908 2.53757 55.5
      vertex 22.0675 1.58598 55.5
      vertex 21.1716 2.82843 55.5
    endloop
  endfacet
  facet normal 0 0 1
    outer loop
      vertex 22.0675 1.58598 55.5
      vertex 20.908 2.53757 55.5
      vertex 21.9213 1.38893 55.5
    endloop
  endfacet
  facet normal -0 0 1
    outer loop
      vertex 20.6741 2.22228 55.5
      vertex 21.9213 1.38893 55.5
      vertex 20.908 2.53757 55.5
    endloop
  endfacet
  facet normal 0 0 1
    outer loop
      vertex 21.9213 1.38893 55.5
      vertex 20.6741 2.22228 55.5
      vertex 21.7952 1.17849 55.5
    endloop
  endfacet
  facet normal 0 0 1
    outer loop
      vertex 21.7952 1.17849 55.5
      vertex 20.4723 1.88559 55.5
      vertex 21.6903 0.956708 55.5
    endloop
  endfacet
  facet normal -0 0 1
    outer loop
      vertex 20.4723 1.88559 55.5
      vertex 21.7952 1.17849 55.5
      vertex 20.6741 2.22228 55.5
    endloop
  endfacet
  facet normal -0 0 1
    outer loop
      vertex 26.2048 -1.17849 55.5
      vertex 27.5277 -1.88559 55.5
      vertex 26.3097 -0.956708 55.5
    endloop
  endfacet
  facet normal 0 0 1
    outer loop
      vertex 27.5277 -1.88559 55.5
      vertex 26.2048 -1.17849 55.5
      vertex 27.3259 -2.22228 55.5
    endloop
  endfacet
  facet normal -0 0 1
    outer loop
      vertex 26.0787 -1.38893 55.5
      vertex 27.3259 -2.22228 55.5
      vertex 26.2048 -1.17849 55.5
    endloop
  endfacet
  facet normal 0 0 1
    outer loop
      vertex 27.3259 -2.22228 55.5
      vertex 26.0787 -1.38893 55.5
      vertex 27.092 -2.53757 55.5
    endloop
  endfacet
  facet normal -0 0 1
    outer loop
      vertex 25.9325 -1.58598 55.5
      vertex 27.092 -2.53757 55.5
      vertex 26.0787 -1.38893 55.5
    endloop
  endfacet
  facet normal 0 0 1
    outer loop
      vertex 27.092 -2.53757 55.5
      vertex 25.9325 -1.58598 55.5
      vertex 26.8284 -2.82843 55.5
    endloop
  endfacet
  facet normal -0 0 1
    outer loop
      vertex 25.7678 -1.76777 55.5
      vertex 26.8284 -2.82843 55.5
      vertex 25.9325 -1.58598 55.5
    endloop
  endfacet
  facet normal 0 0 1
    outer loop
      vertex 26.8284 -2.82843 55.5
      vertex 25.7678 -1.76777 55.5
      vertex 26.5376 -3.09204 55.5
    endloop
  endfacet
  facet normal -0 0 1
    outer loop
      vertex 25.586 -1.93253 55.5
      vertex 26.5376 -3.09204 55.5
      vertex 25.7678 -1.76777 55.5
    endloop
  endfacet
  facet normal 0 0 1
    outer loop
      vertex 26.5376 -3.09204 55.5
      vertex 25.586 -1.93253 55.5
      vertex 26.2223 -3.32588 55.5
    endloop
  endfacet
  facet normal -0 0 1
    outer loop
      vertex 25.3889 -2.07867 55.5
      vertex 26.2223 -3.32588 55.5
      vertex 25.586 -1.93253 55.5
    endloop
  endfacet
  facet normal 0 0 1
    outer loop
      vertex 26.2223 -3.32588 55.5
      vertex 25.3889 -2.07867 55.5
      vertex 25.8856 -3.52768 55.5
    endloop
  endfacet
  facet normal -0 0 1
    outer loop
      vertex 25.1785 -2.2048 55.5
      vertex 25.8856 -3.52768 55.5
      vertex 25.3889 -2.07867 55.5
    endloop
  endfacet
  facet normal 0 0 1
    outer loop
      vertex 25.8856 -3.52768 55.5
      vertex 25.1785 -2.2048 55.5
      vertex 25.5307 -3.69552 55.5
    endloop
  endfacet
  facet normal -0 0 1
    outer loop
      vertex 24.9567 -2.3097 55.5
      vertex 25.5307 -3.69552 55.5
      vertex 25.1785 -2.2048 55.5
    endloop
  endfacet
  facet normal 0 0 1
    outer loop
      vertex 25.5307 -3.69552 55.5
      vertex 24.9567 -2.3097 55.5
      vertex 25.1611 -3.82776 55.5
    endloop
  endfacet
  facet normal -0 0 1
    outer loop
      vertex 24.7257 -2.39235 55.5
      vertex 25.1611 -3.82776 55.5
      vertex 24.9567 -2.3097 55.5
    endloop
  endfacet
  facet normal 0 0 1
    outer loop
      vertex 25.1611 -3.82776 55.5
      vertex 24.7257 -2.39235 55.5
      vertex 24.7804 -3.92314 55.5
    endloop
  endfacet
  facet normal -0 0 1
    outer loop
      vertex 24.4877 -2.45196 55.5
      vertex 24.7804 -3.92314 55.5
      vertex 24.7257 -2.39235 55.5
    endloop
  endfacet
  facet normal 0 0 1
    outer loop
      vertex 24.4877 -2.45196 55.5
      vertex 24.3921 -3.98074 55.5
      vertex 24.7804 -3.92314 55.5
    endloop
  endfacet
  facet normal -0 0 1
    outer loop
      vertex 24.245 -2.48796 55.5
      vertex 24.3921 -3.98074 55.5
      vertex 24.4877 -2.45196 55.5
    endloop
  endfacet
  facet normal -0 0 1
    outer loop
      vertex 24 -2.5 55.5
      vertex 24.3921 -3.98074 55.5
      vertex 24.245 -2.48796 55.5
    endloop
  endfacet
  facet normal 0 0 1
    outer loop
      vertex 24 -2.5 55.5
      vertex 24 -4 55.5
      vertex 24.3921 -3.98074 55.5
    endloop
  endfacet
  facet normal 0 0 1
    outer loop
      vertex 23.755 -2.48796 55.5
      vertex 24 -4 55.5
      vertex 24 -2.5 55.5
    endloop
  endfacet
  facet normal 0 0 1
    outer loop
      vertex 23.755 -2.48796 55.5
      vertex 23.6079 -3.98074 55.5
      vertex 24 -4 55.5
    endloop
  endfacet
  facet normal 0 0 1
    outer loop
      vertex 23.5123 -2.45196 55.5
      vertex 23.6079 -3.98074 55.5
      vertex 23.755 -2.48796 55.5
    endloop
  endfacet
  facet normal 0 0 1
    outer loop
      vertex 23.2196 -3.92314 55.5
      vertex 23.5123 -2.45196 55.5
      vertex 23.2743 -2.39235 55.5
    endloop
  endfacet
  facet normal 0 0 1
    outer loop
      vertex 23.5123 -2.45196 55.5
      vertex 23.2196 -3.92314 55.5
      vertex 23.6079 -3.98074 55.5
    endloop
  endfacet
  facet normal 0 0 1
    outer loop
      vertex 22.8389 -3.82776 55.5
      vertex 23.2743 -2.39235 55.5
      vertex 23.0433 -2.3097 55.5
    endloop
  endfacet
  facet normal 0 0 1
    outer loop
      vertex 23.2743 -2.39235 55.5
      vertex 22.8389 -3.82776 55.5
      vertex 23.2196 -3.92314 55.5
    endloop
  endfacet
  facet normal 0 0 1
    outer loop
      vertex 22.4693 -3.69552 55.5
      vertex 23.0433 -2.3097 55.5
      vertex 22.8215 -2.2048 55.5
    endloop
  endfacet
  facet normal 0 0 1
    outer loop
      vertex 22.1144 -3.52768 55.5
      vertex 22.8215 -2.2048 55.5
      vertex 22.6111 -2.07867 55.5
    endloop
  endfacet
  facet normal 0 0 1
    outer loop
      vertex 23.0433 -2.3097 55.5
      vertex 22.4693 -3.69552 55.5
      vertex 22.8389 -3.82776 55.5
    endloop
  endfacet
  facet normal 0 0 1
    outer loop
      vertex 21.7777 -3.32588 55.5
      vertex 22.6111 -2.07867 55.5
      vertex 22.414 -1.93253 55.5
    endloop
  endfacet
  facet normal 0 0 1
    outer loop
      vertex 21.4624 -3.09204 55.5
      vertex 22.414 -1.93253 55.5
      vertex 22.2322 -1.76777 55.5
    endloop
  endfacet
  facet normal 0 0 1
    outer loop
      vertex 22.8215 -2.2048 55.5
      vertex 22.1144 -3.52768 55.5
      vertex 22.4693 -3.69552 55.5
    endloop
  endfacet
  facet normal 0 0 1
    outer loop
      vertex 21.1716 -2.82843 55.5
      vertex 22.2322 -1.76777 55.5
      vertex 22.0675 -1.58598 55.5
    endloop
  endfacet
  facet normal 0 0 1
    outer loop
      vertex 20.908 -2.53757 55.5
      vertex 22.0675 -1.58598 55.5
      vertex 21.9213 -1.38893 55.5
    endloop
  endfacet
  facet normal 0 0 1
    outer loop
      vertex 20.6741 -2.22228 55.5
      vertex 21.9213 -1.38893 55.5
      vertex 21.7952 -1.17849 55.5
    endloop
  endfacet
  facet normal 0 0 1
    outer loop
      vertex 22.6111 -2.07867 55.5
      vertex 21.7777 -3.32588 55.5
      vertex 22.1144 -3.52768 55.5
    endloop
  endfacet
  facet normal 0 0 1
    outer loop
      vertex 20.4723 -1.88559 55.5
      vertex 21.7952 -1.17849 55.5
      vertex 21.6903 -0.956708 55.5
    endloop
  endfacet
  facet normal 0 0 1
    outer loop
      vertex 20.3045 -1.53073 55.5
      vertex 21.6903 -0.956708 55.5
      vertex 21.6077 -0.725711 55.5
    endloop
  endfacet
  facet normal 0 0 1
    outer loop
      vertex 20.1722 -1.16114 55.5
      vertex 21.6077 -0.725711 55.5
      vertex 21.548 -0.487725 55.5
    endloop
  endfacet
  facet normal 0 0 1
    outer loop
      vertex 20.0769 -0.780361 55.5
      vertex 21.548 -0.487725 55.5
      vertex 21.512 -0.245043 55.5
    endloop
  endfacet
  facet normal 0 0 1
    outer loop
      vertex 22.414 -1.93253 55.5
      vertex 21.4624 -3.09204 55.5
      vertex 21.7777 -3.32588 55.5
    endloop
  endfacet
  facet normal 0 0 1
    outer loop
      vertex 20.0193 -0.392068 55.5
      vertex 21.512 -0.245043 55.5
      vertex 21.5 0 55.5
    endloop
  endfacet
  facet normal -0 0 1
    outer loop
      vertex 20.3045 1.53073 55.5
      vertex 21.6903 0.956708 55.5
      vertex 20.4723 1.88559 55.5
    endloop
  endfacet
  facet normal 0 0 1
    outer loop
      vertex 21.6903 0.956708 55.5
      vertex 20.3045 1.53073 55.5
      vertex 21.6077 0.725711 55.5
    endloop
  endfacet
  facet normal 0 0 1
    outer loop
      vertex 22.2322 -1.76777 55.5
      vertex 21.1716 -2.82843 55.5
      vertex 21.4624 -3.09204 55.5
    endloop
  endfacet
  facet normal -0 0 1
    outer loop
      vertex 20.1722 1.16114 55.5
      vertex 21.6077 0.725711 55.5
      vertex 20.3045 1.53073 55.5
    endloop
  endfacet
  facet normal 0 0 1
    outer loop
      vertex 22.0675 -1.58598 55.5
      vertex 20.908 -2.53757 55.5
      vertex 21.1716 -2.82843 55.5
    endloop
  endfacet
  facet normal 0 0 1
    outer loop
      vertex 21.6077 0.725711 55.5
      vertex 20.1722 1.16114 55.5
      vertex 21.548 0.487725 55.5
    endloop
  endfacet
  facet normal 0 0 1
    outer loop
      vertex 21.9213 -1.38893 55.5
      vertex 20.6741 -2.22228 55.5
      vertex 20.908 -2.53757 55.5
    endloop
  endfacet
  facet normal -0 0 1
    outer loop
      vertex 20.0769 0.780361 55.5
      vertex 21.548 0.487725 55.5
      vertex 20.1722 1.16114 55.5
    endloop
  endfacet
  facet normal 0 0 1
    outer loop
      vertex 21.7952 -1.17849 55.5
      vertex 20.4723 -1.88559 55.5
      vertex 20.6741 -2.22228 55.5
    endloop
  endfacet
  facet normal 0 0 1
    outer loop
      vertex 21.548 0.487725 55.5
      vertex 20.0769 0.780361 55.5
      vertex 21.512 0.245043 55.5
    endloop
  endfacet
  facet normal 0 0 1
    outer loop
      vertex 21.6903 -0.956708 55.5
      vertex 20.3045 -1.53073 55.5
      vertex 20.4723 -1.88559 55.5
    endloop
  endfacet
  facet normal -0 0 1
    outer loop
      vertex 20.0193 0.392068 55.5
      vertex 21.512 0.245043 55.5
      vertex 20.0769 0.780361 55.5
    endloop
  endfacet
  facet normal 0 0 1
    outer loop
      vertex 21.6077 -0.725711 55.5
      vertex 20.1722 -1.16114 55.5
      vertex 20.3045 -1.53073 55.5
    endloop
  endfacet
  facet normal 0 0 1
    outer loop
      vertex 21.512 0.245043 55.5
      vertex 20.0193 0.392068 55.5
      vertex 21.5 0 55.5
    endloop
  endfacet
  facet normal 0 0 1
    outer loop
      vertex 21.548 -0.487725 55.5
      vertex 20.0769 -0.780361 55.5
      vertex 20.1722 -1.16114 55.5
    endloop
  endfacet
  facet normal 0 0 1
    outer loop
      vertex 20 0 55.5
      vertex 21.5 0 55.5
      vertex 20.0193 0.392068 55.5
    endloop
  endfacet
  facet normal 0 0 1
    outer loop
      vertex 21.512 -0.245043 55.5
      vertex 20.0193 -0.392068 55.5
      vertex 20.0769 -0.780361 55.5
    endloop
  endfacet
  facet normal 0 0 1
    outer loop
      vertex 21.5 0 55.5
      vertex 20 0 55.5
      vertex 20.0193 -0.392068 55.5
    endloop
  endfacet
  facet normal -0.049061 -0.998796 0
    outer loop
      vertex 23.6079 -3.98074 54
      vertex 24 -4 55.5
      vertex 23.6079 -3.98074 55.5
    endloop
  endfacet
  facet normal -0.049061 -0.998796 -0
    outer loop
      vertex 24 -4 55.5
      vertex 23.6079 -3.98074 54
      vertex 24 -4 54
    endloop
  endfacet
  facet normal -0.998791 0.0491666 0
    outer loop
      vertex 20 0 54
      vertex 20.0193 0.392068 55.5
      vertex 20.0193 0.392068 54
    endloop
  endfacet
  facet normal -0.998791 0.0491666 0
    outer loop
      vertex 20.0193 0.392068 55.5
      vertex 20 0 54
      vertex 20 0 55.5
    endloop
  endfacet
  facet normal -0.336879 -0.941548 0
    outer loop
      vertex 22.4693 -3.69552 54
      vertex 22.8389 -3.82776 55.5
      vertex 22.4693 -3.69552 55.5
    endloop
  endfacet
  facet normal -0.336879 -0.941548 -0
    outer loop
      vertex 22.8389 -3.82776 55.5
      vertex 22.4693 -3.69552 54
      vertex 22.8389 -3.82776 54
    endloop
  endfacet
  facet normal 0.740977 -0.671531 0
    outer loop
      vertex 26.8284 -2.82843 55.5
      vertex 27.092 -2.53757 54
      vertex 27.092 -2.53757 55.5
    endloop
  endfacet
  facet normal 0.740977 -0.671531 0
    outer loop
      vertex 27.092 -2.53757 54
      vertex 26.8284 -2.82843 55.5
      vertex 26.8284 -2.82843 54
    endloop
  endfacet
  facet normal 0.671621 -0.740895 0
    outer loop
      vertex 26.5376 -3.09204 54
      vertex 26.8284 -2.82843 55.5
      vertex 26.5376 -3.09204 55.5
    endloop
  endfacet
  facet normal 0.671621 -0.740895 0
    outer loop
      vertex 26.8284 -2.82843 55.5
      vertex 26.5376 -3.09204 54
      vertex 26.8284 -2.82843 54
    endloop
  endfacet
  facet normal 0 1 0
    outer loop
      vertex 34 21 45
      vertex 32 21 47
      vertex 32.5176 21 46.9318
    endloop
  endfacet
  facet normal 0 1 0
    outer loop
      vertex 32 21 47
      vertex 34 21 45
      vertex 25 21 47
    endloop
  endfacet
  facet normal 0 1 0
    outer loop
      vertex 34 21 45
      vertex 32.5176 21 46.9318
      vertex 33 21 46.732
    endloop
  endfacet
  facet normal 0 1 0
    outer loop
      vertex 23 21 45
      vertex 25 21 47
      vertex 34 21 45
    endloop
  endfacet
  facet normal 0 1 0
    outer loop
      vertex 34 21 45
      vertex 33 21 46.732
      vertex 33.4142 21 46.4142
    endloop
  endfacet
  facet normal 0 1 0
    outer loop
      vertex 25 21 47
      vertex 23 21 45
      vertex 24.4824 21 46.9318
    endloop
  endfacet
  facet normal 0 1 0
    outer loop
      vertex 34 21 45
      vertex 33.4142 21 46.4142
      vertex 33.732 21 46
    endloop
  endfacet
  facet normal 0 1 0
    outer loop
      vertex 24.4824 21 46.9318
      vertex 23 21 45
      vertex 24 21 46.732
    endloop
  endfacet
  facet normal 0 1 0
    outer loop
      vertex 34 21 45
      vertex 33.732 21 46
      vertex 33.9318 21 45.5176
    endloop
  endfacet
  facet normal 0 1 0
    outer loop
      vertex 24 21 46.732
      vertex 23 21 45
      vertex 23.5858 21 46.4142
    endloop
  endfacet
  facet normal 0 1 0
    outer loop
      vertex 23.5858 21 46.4142
      vertex 23 21 45
      vertex 23.2679 21 46
    endloop
  endfacet
  facet normal 0 1 0
    outer loop
      vertex 23.2679 21 46
      vertex 23 21 45
      vertex 23.0681 21 45.5176
    endloop
  endfacet
  facet normal 0 1 -0
    outer loop
      vertex 34 21 31
      vertex 23 21 45
      vertex 34 21 45
    endloop
  endfacet
  facet normal 0 1 0
    outer loop
      vertex 34 21 31
      vertex 23 21 31
      vertex 23 21 45
    endloop
  endfacet
  facet normal 0 1 0
    outer loop
      vertex 32 21 29
      vertex 34 21 31
      vertex 33.9318 21 30.4824
    endloop
  endfacet
  facet normal 0 1 0
    outer loop
      vertex 34 21 31
      vertex 32 21 29
      vertex 23 21 31
    endloop
  endfacet
  facet normal 0 1 0
    outer loop
      vertex 32 21 29
      vertex 33.9318 21 30.4824
      vertex 33.732 21 30
    endloop
  endfacet
  facet normal 0 1 -0
    outer loop
      vertex 25 21 29
      vertex 23 21 31
      vertex 32 21 29
    endloop
  endfacet
  facet normal 0 1 0
    outer loop
      vertex 32 21 29
      vertex 33.732 21 30
      vertex 33.4142 21 29.5858
    endloop
  endfacet
  facet normal 0 1 0
    outer loop
      vertex 23 21 31
      vertex 25 21 29
      vertex 23.0681 21 30.4824
    endloop
  endfacet
  facet normal 0 1 0
    outer loop
      vertex 32 21 29
      vertex 33.4142 21 29.5858
      vertex 33 21 29.2679
    endloop
  endfacet
  facet normal 0 1 0
    outer loop
      vertex 23.0681 21 30.4824
      vertex 25 21 29
      vertex 23.2679 21 30
    endloop
  endfacet
  facet normal 0 1 0
    outer loop
      vertex 32 21 29
      vertex 33 21 29.2679
      vertex 32.5176 21 29.0681
    endloop
  endfacet
  facet normal 0 1 0
    outer loop
      vertex 23.2679 21 30
      vertex 25 21 29
      vertex 23.5858 21 29.5858
    endloop
  endfacet
  facet normal 0 1 0
    outer loop
      vertex 23.5858 21 29.5858
      vertex 25 21 29
      vertex 24 21 29.2679
    endloop
  endfacet
  facet normal 0 1 0
    outer loop
      vertex 24 21 29.2679
      vertex 25 21 29
      vertex 24.4824 21 29.0681
    endloop
  endfacet
  facet normal 0 1 0
    outer loop
      vertex 47 21 45
      vertex 45 21 47
      vertex 45.5176 21 46.9318
    endloop
  endfacet
  facet normal 0 1 0
    outer loop
      vertex 45 21 47
      vertex 47 21 45
      vertex 38 21 47
    endloop
  endfacet
  facet normal 0 1 0
    outer loop
      vertex 47 21 45
      vertex 45.5176 21 46.9318
      vertex 46 21 46.732
    endloop
  endfacet
  facet normal 0 1 0
    outer loop
      vertex 36 21 45
      vertex 38 21 47
      vertex 47 21 45
    endloop
  endfacet
  facet normal 0 1 0
    outer loop
      vertex 47 21 45
      vertex 46 21 46.732
      vertex 46.4142 21 46.4142
    endloop
  endfacet
  facet normal 0 1 0
    outer loop
      vertex 38 21 47
      vertex 36 21 45
      vertex 37.4824 21 46.9318
    endloop
  endfacet
  facet normal 0 1 0
    outer loop
      vertex 47 21 45
      vertex 46.4142 21 46.4142
      vertex 46.732 21 46
    endloop
  endfacet
  facet normal 0 1 0
    outer loop
      vertex 37.4824 21 46.9318
      vertex 36 21 45
      vertex 37 21 46.732
    endloop
  endfacet
  facet normal 0 1 0
    outer loop
      vertex 47 21 45
      vertex 46.732 21 46
      vertex 46.9318 21 45.5176
    endloop
  endfacet
  facet normal 0 1 0
    outer loop
      vertex 37 21 46.732
      vertex 36 21 45
      vertex 36.5858 21 46.4142
    endloop
  endfacet
  facet normal 0 1 0
    outer loop
      vertex 36.5858 21 46.4142
      vertex 36 21 45
      vertex 36.2679 21 46
    endloop
  endfacet
  facet normal 0 1 0
    outer loop
      vertex 36.2679 21 46
      vertex 36 21 45
      vertex 36.0681 21 45.5176
    endloop
  endfacet
  facet normal 0 1 -0
    outer loop
      vertex 47 21 31
      vertex 36 21 45
      vertex 47 21 45
    endloop
  endfacet
  facet normal 0 1 0
    outer loop
      vertex 47 21 31
      vertex 36 21 31
      vertex 36 21 45
    endloop
  endfacet
  facet normal 0 1 0
    outer loop
      vertex 45 21 29
      vertex 47 21 31
      vertex 46.9318 21 30.4824
    endloop
  endfacet
  facet normal 0 1 0
    outer loop
      vertex 47 21 31
      vertex 45 21 29
      vertex 36 21 31
    endloop
  endfacet
  facet normal 0 1 0
    outer loop
      vertex 45 21 29
      vertex 46.9318 21 30.4824
      vertex 46.732 21 30
    endloop
  endfacet
  facet normal 0 1 -0
    outer loop
      vertex 38 21 29
      vertex 36 21 31
      vertex 45 21 29
    endloop
  endfacet
  facet normal 0 1 0
    outer loop
      vertex 45 21 29
      vertex 46.732 21 30
      vertex 46.4142 21 29.5858
    endloop
  endfacet
  facet normal 0 1 0
    outer loop
      vertex 36 21 31
      vertex 38 21 29
      vertex 36.0681 21 30.4824
    endloop
  endfacet
  facet normal 0 1 0
    outer loop
      vertex 45 21 29
      vertex 46.4142 21 29.5858
      vertex 46 21 29.2679
    endloop
  endfacet
  facet normal 0 1 0
    outer loop
      vertex 36.0681 21 30.4824
      vertex 38 21 29
      vertex 36.2679 21 30
    endloop
  endfacet
  facet normal 0 1 0
    outer loop
      vertex 45 21 29
      vertex 46 21 29.2679
      vertex 45.5176 21 29.0681
    endloop
  endfacet
  facet normal 0 1 0
    outer loop
      vertex 36.2679 21 30
      vertex 38 21 29
      vertex 36.5858 21 29.5858
    endloop
  endfacet
  facet normal 0 1 0
    outer loop
      vertex 36.5858 21 29.5858
      vertex 38 21 29
      vertex 37 21 29.2679
    endloop
  endfacet
  facet normal 0 1 0
    outer loop
      vertex 37 21 29.2679
      vertex 38 21 29
      vertex 37.4824 21 29.0681
    endloop
  endfacet
  facet normal 1 0 0
    outer loop
      vertex 50 15.5 47
      vertex 50 17.5 45
      vertex 50 17.4318 45.5176
    endloop
  endfacet
  facet normal 1 0 0
    outer loop
      vertex 50 17.5 45
      vertex 50 15.5 47
      vertex 50 17.5 29
    endloop
  endfacet
  facet normal 1 0 0
    outer loop
      vertex 50 15.5 47
      vertex 50 17.4318 45.5176
      vertex 50 17.232 46
    endloop
  endfacet
  facet normal 1 0 0
    outer loop
      vertex 50 15.5 27
      vertex 50 17.5 29
      vertex 50 15.5 47
    endloop
  endfacet
  facet normal 1 0 0
    outer loop
      vertex 50 15.5 47
      vertex 50 17.232 46
      vertex 50 16.9142 46.4142
    endloop
  endfacet
  facet normal 1 0 0
    outer loop
      vertex 50 17.5 29
      vertex 50 15.5 27
      vertex 50 17.4318 28.4824
    endloop
  endfacet
  facet normal 1 0 0
    outer loop
      vertex 50 15.5 47
      vertex 50 16.9142 46.4142
      vertex 50 16.5 46.732
    endloop
  endfacet
  facet normal 1 0 0
    outer loop
      vertex 50 17.4318 28.4824
      vertex 50 15.5 27
      vertex 50 17.232 28
    endloop
  endfacet
  facet normal 1 0 0
    outer loop
      vertex 50 15.5 47
      vertex 50 16.5 46.732
      vertex 50 16.0176 46.9318
    endloop
  endfacet
  facet normal 1 0 0
    outer loop
      vertex 50 17.232 28
      vertex 50 15.5 27
      vertex 50 16.9142 27.5858
    endloop
  endfacet
  facet normal 1 0 0
    outer loop
      vertex 50 16.9142 27.5858
      vertex 50 15.5 27
      vertex 50 16.5 27.2679
    endloop
  endfacet
  facet normal 1 0 0
    outer loop
      vertex 50 16.5 27.2679
      vertex 50 15.5 27
      vertex 50 16.0176 27.0681
    endloop
  endfacet
  facet normal 1 -0 0
    outer loop
      vertex 50 -15.5 47
      vertex 50 15.5 27
      vertex 50 15.5 47
    endloop
  endfacet
  facet normal 1 0 0
    outer loop
      vertex 50 -15.5 47
      vertex 50 -15.5 27
      vertex 50 15.5 27
    endloop
  endfacet
  facet normal 1 0 0
    outer loop
      vertex 50 -17.5 45
      vertex 50 -15.5 47
      vertex 50 -16.0176 46.9318
    endloop
  endfacet
  facet normal 1 0 0
    outer loop
      vertex 50 -15.5 47
      vertex 50 -17.5 45
      vertex 50 -15.5 27
    endloop
  endfacet
  facet normal 1 0 0
    outer loop
      vertex 50 -17.5 45
      vertex 50 -16.0176 46.9318
      vertex 50 -16.5 46.732
    endloop
  endfacet
  facet normal 1 -0 0
    outer loop
      vertex 50 -17.5 29
      vertex 50 -15.5 27
      vertex 50 -17.5 45
    endloop
  endfacet
  facet normal 1 0 0
    outer loop
      vertex 50 -17.5 45
      vertex 50 -16.5 46.732
      vertex 50 -16.9142 46.4142
    endloop
  endfacet
  facet normal 1 0 0
    outer loop
      vertex 50 -15.5 27
      vertex 50 -17.5 29
      vertex 50 -16.0176 27.0681
    endloop
  endfacet
  facet normal 1 0 0
    outer loop
      vertex 50 -17.5 45
      vertex 50 -16.9142 46.4142
      vertex 50 -17.232 46
    endloop
  endfacet
  facet normal 1 0 0
    outer loop
      vertex 50 -16.0176 27.0681
      vertex 50 -17.5 29
      vertex 50 -16.5 27.2679
    endloop
  endfacet
  facet normal 1 0 0
    outer loop
      vertex 50 -17.5 45
      vertex 50 -17.232 46
      vertex 50 -17.4318 45.5176
    endloop
  endfacet
  facet normal 1 0 0
    outer loop
      vertex 50 -16.5 27.2679
      vertex 50 -17.5 29
      vertex 50 -16.9142 27.5858
    endloop
  endfacet
  facet normal 1 0 0
    outer loop
      vertex 50 -16.9142 27.5858
      vertex 50 -17.5 29
      vertex 50 -17.232 28
    endloop
  endfacet
  facet normal 1 0 0
    outer loop
      vertex 50 -17.232 28
      vertex 50 -17.5 29
      vertex 50 -17.4318 28.4824
    endloop
  endfacet
  facet normal -1 0 0
    outer loop
      vertex 20 15.5 33
      vertex 20 17.5 35
      vertex 20 17.4318 34.4824
    endloop
  endfacet
  facet normal -1 -0 0
    outer loop
      vertex 20 17.5 35
      vertex 20 15.5 33
      vertex 20 17.5 45
    endloop
  endfacet
  facet normal -1 0 0
    outer loop
      vertex 20 15.5 33
      vertex 20 17.4318 34.4824
      vertex 20 17.232 34
    endloop
  endfacet
  facet normal -1 0 0
    outer loop
      vertex 20 15.5 47
      vertex 20 17.5 45
      vertex 20 15.5 33
    endloop
  endfacet
  facet normal -1 0 0
    outer loop
      vertex 20 15.5 33
      vertex 20 17.232 34
      vertex 20 16.9142 33.5858
    endloop
  endfacet
  facet normal -1 0 0
    outer loop
      vertex 20 17.5 45
      vertex 20 15.5 47
      vertex 20 17.4318 45.5176
    endloop
  endfacet
  facet normal -1 0 0
    outer loop
      vertex 20 15.5 33
      vertex 20 16.9142 33.5858
      vertex 20 16.5 33.2679
    endloop
  endfacet
  facet normal -1 0 0
    outer loop
      vertex 20 17.4318 45.5176
      vertex 20 15.5 47
      vertex 20 17.232 46
    endloop
  endfacet
  facet normal -1 0 0
    outer loop
      vertex 20 15.5 33
      vertex 20 16.5 33.2679
      vertex 20 16.0176 33.0681
    endloop
  endfacet
  facet normal -1 0 0
    outer loop
      vertex 20 17.232 46
      vertex 20 15.5 47
      vertex 20 16.9142 46.4142
    endloop
  endfacet
  facet normal -1 0 0
    outer loop
      vertex 20 16.9142 46.4142
      vertex 20 15.5 47
      vertex 20 16.5 46.732
    endloop
  endfacet
  facet normal -1 0 0
    outer loop
      vertex 20 16.5 46.732
      vertex 20 15.5 47
      vertex 20 16.0176 46.9318
    endloop
  endfacet
  facet normal -1 0 0
    outer loop
      vertex 20 -15.5 33
      vertex 20 15.5 47
      vertex 20 15.5 33
    endloop
  endfacet
  facet normal -1 0 0
    outer loop
      vertex 20 -15.5 33
      vertex 20 -15.5 47
      vertex 20 15.5 47
    endloop
  endfacet
  facet normal -1 0 0
    outer loop
      vertex 20 -17.5 35
      vertex 20 -15.5 33
      vertex 20 -16.0176 33.0681
    endloop
  endfacet
  facet normal -1 0 0
    outer loop
      vertex 20 -15.5 33
      vertex 20 -17.5 35
      vertex 20 -15.5 47
    endloop
  endfacet
  facet normal -1 0 0
    outer loop
      vertex 20 -17.5 35
      vertex 20 -16.0176 33.0681
      vertex 20 -16.5 33.2679
    endloop
  endfacet
  facet normal -1 0 0
    outer loop
      vertex 20 -17.5 45
      vertex 20 -15.5 47
      vertex 20 -17.5 35
    endloop
  endfacet
  facet normal -1 0 0
    outer loop
      vertex 20 -17.5 35
      vertex 20 -16.5 33.2679
      vertex 20 -16.9142 33.5858
    endloop
  endfacet
  facet normal -1 0 0
    outer loop
      vertex 20 -15.5 47
      vertex 20 -17.5 45
      vertex 20 -16.0176 46.9318
    endloop
  endfacet
  facet normal -1 0 0
    outer loop
      vertex 20 -17.5 35
      vertex 20 -16.9142 33.5858
      vertex 20 -17.232 34
    endloop
  endfacet
  facet normal -1 0 0
    outer loop
      vertex 20 -16.0176 46.9318
      vertex 20 -17.5 45
      vertex 20 -16.5 46.732
    endloop
  endfacet
  facet normal -1 0 0
    outer loop
      vertex 20 -17.5 35
      vertex 20 -17.232 34
      vertex 20 -17.4318 34.4824
    endloop
  endfacet
  facet normal -1 0 0
    outer loop
      vertex 20 -16.5 46.732
      vertex 20 -17.5 45
      vertex 20 -16.9142 46.4142
    endloop
  endfacet
  facet normal -1 0 0
    outer loop
      vertex 20 -16.9142 46.4142
      vertex 20 -17.5 45
      vertex 20 -17.232 46
    endloop
  endfacet
  facet normal -1 0 0
    outer loop
      vertex 20 -17.232 46
      vertex 20 -17.5 45
      vertex 20 -17.4318 45.5176
    endloop
  endfacet
  facet normal 0 -1 0
    outer loop
      vertex 23 -21 45
      vertex 25 -21 47
      vertex 24.4824 -21 46.9318
    endloop
  endfacet
  facet normal 0 -1 -0
    outer loop
      vertex 25 -21 47
      vertex 23 -21 45
      vertex 32 -21 47
    endloop
  endfacet
  facet normal 0 -1 0
    outer loop
      vertex 23 -21 45
      vertex 24.4824 -21 46.9318
      vertex 24 -21 46.732
    endloop
  endfacet
  facet normal 0 -1 0
    outer loop
      vertex 34 -21 45
      vertex 32 -21 47
      vertex 23 -21 45
    endloop
  endfacet
  facet normal 0 -1 0
    outer loop
      vertex 23 -21 45
      vertex 24 -21 46.732
      vertex 23.5858 -21 46.4142
    endloop
  endfacet
  facet normal 0 -1 0
    outer loop
      vertex 32 -21 47
      vertex 34 -21 45
      vertex 32.5176 -21 46.9318
    endloop
  endfacet
  facet normal 0 -1 0
    outer loop
      vertex 23 -21 45
      vertex 23.5858 -21 46.4142
      vertex 23.2679 -21 46
    endloop
  endfacet
  facet normal 0 -1 0
    outer loop
      vertex 32.5176 -21 46.9318
      vertex 34 -21 45
      vertex 33 -21 46.732
    endloop
  endfacet
  facet normal 0 -1 0
    outer loop
      vertex 23 -21 45
      vertex 23.2679 -21 46
      vertex 23.0681 -21 45.5176
    endloop
  endfacet
  facet normal 0 -1 0
    outer loop
      vertex 33 -21 46.732
      vertex 34 -21 45
      vertex 33.4142 -21 46.4142
    endloop
  endfacet
  facet normal 0 -1 0
    outer loop
      vertex 33.4142 -21 46.4142
      vertex 34 -21 45
      vertex 33.732 -21 46
    endloop
  endfacet
  facet normal 0 -1 0
    outer loop
      vertex 33.732 -21 46
      vertex 34 -21 45
      vertex 33.9318 -21 45.5176
    endloop
  endfacet
  facet normal 0 -1 0
    outer loop
      vertex 23 -21 31
      vertex 34 -21 45
      vertex 23 -21 45
    endloop
  endfacet
  facet normal 0 -1 0
    outer loop
      vertex 23 -21 31
      vertex 34 -21 31
      vertex 34 -21 45
    endloop
  endfacet
  facet normal 0 -1 0
    outer loop
      vertex 25 -21 29
      vertex 23 -21 31
      vertex 23.0681 -21 30.4824
    endloop
  endfacet
  facet normal 0 -1 0
    outer loop
      vertex 23 -21 31
      vertex 25 -21 29
      vertex 34 -21 31
    endloop
  endfacet
  facet normal 0 -1 0
    outer loop
      vertex 25 -21 29
      vertex 23.0681 -21 30.4824
      vertex 23.2679 -21 30
    endloop
  endfacet
  facet normal 0 -1 0
    outer loop
      vertex 32 -21 29
      vertex 34 -21 31
      vertex 25 -21 29
    endloop
  endfacet
  facet normal 0 -1 0
    outer loop
      vertex 25 -21 29
      vertex 23.2679 -21 30
      vertex 23.5858 -21 29.5858
    endloop
  endfacet
  facet normal 0 -1 0
    outer loop
      vertex 34 -21 31
      vertex 32 -21 29
      vertex 33.9318 -21 30.4824
    endloop
  endfacet
  facet normal 0 -1 0
    outer loop
      vertex 25 -21 29
      vertex 23.5858 -21 29.5858
      vertex 24 -21 29.2679
    endloop
  endfacet
  facet normal 0 -1 0
    outer loop
      vertex 33.9318 -21 30.4824
      vertex 32 -21 29
      vertex 33.732 -21 30
    endloop
  endfacet
  facet normal 0 -1 0
    outer loop
      vertex 25 -21 29
      vertex 24 -21 29.2679
      vertex 24.4824 -21 29.0681
    endloop
  endfacet
  facet normal 0 -1 0
    outer loop
      vertex 33.732 -21 30
      vertex 32 -21 29
      vertex 33.4142 -21 29.5858
    endloop
  endfacet
  facet normal 0 -1 0
    outer loop
      vertex 33.4142 -21 29.5858
      vertex 32 -21 29
      vertex 33 -21 29.2679
    endloop
  endfacet
  facet normal 0 -1 0
    outer loop
      vertex 33 -21 29.2679
      vertex 32 -21 29
      vertex 32.5176 -21 29.0681
    endloop
  endfacet
  facet normal 0 -1 0
    outer loop
      vertex 36 -21 45
      vertex 38 -21 47
      vertex 37.4824 -21 46.9318
    endloop
  endfacet
  facet normal 0 -1 -0
    outer loop
      vertex 38 -21 47
      vertex 36 -21 45
      vertex 45 -21 47
    endloop
  endfacet
  facet normal 0 -1 0
    outer loop
      vertex 36 -21 45
      vertex 37.4824 -21 46.9318
      vertex 37 -21 46.732
    endloop
  endfacet
  facet normal 0 -1 0
    outer loop
      vertex 47 -21 45
      vertex 45 -21 47
      vertex 36 -21 45
    endloop
  endfacet
  facet normal 0 -1 0
    outer loop
      vertex 36 -21 45
      vertex 37 -21 46.732
      vertex 36.5858 -21 46.4142
    endloop
  endfacet
  facet normal 0 -1 0
    outer loop
      vertex 45 -21 47
      vertex 47 -21 45
      vertex 45.5176 -21 46.9318
    endloop
  endfacet
  facet normal 0 -1 0
    outer loop
      vertex 36 -21 45
      vertex 36.5858 -21 46.4142
      vertex 36.2679 -21 46
    endloop
  endfacet
  facet normal 0 -1 0
    outer loop
      vertex 45.5176 -21 46.9318
      vertex 47 -21 45
      vertex 46 -21 46.732
    endloop
  endfacet
  facet normal 0 -1 0
    outer loop
      vertex 36 -21 45
      vertex 36.2679 -21 46
      vertex 36.0681 -21 45.5176
    endloop
  endfacet
  facet normal 0 -1 0
    outer loop
      vertex 46 -21 46.732
      vertex 47 -21 45
      vertex 46.4142 -21 46.4142
    endloop
  endfacet
  facet normal 0 -1 0
    outer loop
      vertex 46.4142 -21 46.4142
      vertex 47 -21 45
      vertex 46.732 -21 46
    endloop
  endfacet
  facet normal 0 -1 0
    outer loop
      vertex 46.732 -21 46
      vertex 47 -21 45
      vertex 46.9318 -21 45.5176
    endloop
  endfacet
  facet normal 0 -1 0
    outer loop
      vertex 36 -21 31
      vertex 47 -21 45
      vertex 36 -21 45
    endloop
  endfacet
  facet normal 0 -1 0
    outer loop
      vertex 36 -21 31
      vertex 47 -21 31
      vertex 47 -21 45
    endloop
  endfacet
  facet normal 0 -1 0
    outer loop
      vertex 38 -21 29
      vertex 36 -21 31
      vertex 36.0681 -21 30.4824
    endloop
  endfacet
  facet normal 0 -1 0
    outer loop
      vertex 36 -21 31
      vertex 38 -21 29
      vertex 47 -21 31
    endloop
  endfacet
  facet normal 0 -1 0
    outer loop
      vertex 38 -21 29
      vertex 36.0681 -21 30.4824
      vertex 36.2679 -21 30
    endloop
  endfacet
  facet normal 0 -1 0
    outer loop
      vertex 45 -21 29
      vertex 47 -21 31
      vertex 38 -21 29
    endloop
  endfacet
  facet normal 0 -1 0
    outer loop
      vertex 38 -21 29
      vertex 36.2679 -21 30
      vertex 36.5858 -21 29.5858
    endloop
  endfacet
  facet normal 0 -1 0
    outer loop
      vertex 47 -21 31
      vertex 45 -21 29
      vertex 46.9318 -21 30.4824
    endloop
  endfacet
  facet normal 0 -1 0
    outer loop
      vertex 38 -21 29
      vertex 36.5858 -21 29.5858
      vertex 37 -21 29.2679
    endloop
  endfacet
  facet normal 0 -1 0
    outer loop
      vertex 46.9318 -21 30.4824
      vertex 45 -21 29
      vertex 46.732 -21 30
    endloop
  endfacet
  facet normal 0 -1 0
    outer loop
      vertex 38 -21 29
      vertex 37 -21 29.2679
      vertex 37.4824 -21 29.0681
    endloop
  endfacet
  facet normal 0 -1 0
    outer loop
      vertex 46.732 -21 30
      vertex 45 -21 29
      vertex 46.4142 -21 29.5858
    endloop
  endfacet
  facet normal 0 -1 0
    outer loop
      vertex 46.4142 -21 29.5858
      vertex 45 -21 29
      vertex 46 -21 29.2679
    endloop
  endfacet
  facet normal 0 -1 0
    outer loop
      vertex 46 -21 29.2679
      vertex 45 -21 29
      vertex 45.5176 -21 29.0681
    endloop
  endfacet
  facet normal 0 0 1
    outer loop
      vertex 28 0 54
      vertex 28.1 0 54
      vertex 28.0803 0.40187 54
    endloop
  endfacet
  facet normal 0 0 1
    outer loop
      vertex 27.9807 0.392068 54
      vertex 28.0803 0.40187 54
      vertex 28.0212 0.79987 54
    endloop
  endfacet
  facet normal 0 0 1
    outer loop
      vertex 28.1 0 54
      vertex 28 0 54
      vertex 28.0803 -0.40187 54
    endloop
  endfacet
  facet normal -0 0 1
    outer loop
      vertex 27.9807 -0.392068 54
      vertex 28.0803 -0.40187 54
      vertex 28 0 54
    endloop
  endfacet
  facet normal 0 0 1
    outer loop
      vertex 28.0803 0.40187 54
      vertex 27.9807 0.392068 54
      vertex 28 0 54
    endloop
  endfacet
  facet normal 0 0 1
    outer loop
      vertex 27.9231 0.780361 54
      vertex 28.0212 0.79987 54
      vertex 27.9235 1.19017 54
    endloop
  endfacet
  facet normal 0 0 1
    outer loop
      vertex 28.0212 0.79987 54
      vertex 27.9231 0.780361 54
      vertex 27.9807 0.392068 54
    endloop
  endfacet
  facet normal 0 0 1
    outer loop
      vertex 27.9235 1.19017 54
      vertex 27.8278 1.16114 54
      vertex 27.9231 0.780361 54
    endloop
  endfacet
  facet normal 0 0 1
    outer loop
      vertex 27.7879 1.569 54
      vertex 27.8278 1.16114 54
      vertex 27.9235 1.19017 54
    endloop
  endfacet
  facet normal 0 0 1
    outer loop
      vertex 27.7879 1.569 54
      vertex 27.6955 1.53073 54
      vertex 27.8278 1.16114 54
    endloop
  endfacet
  facet normal 0 0 1
    outer loop
      vertex 27.6159 1.93273 54
      vertex 27.6955 1.53073 54
      vertex 27.7879 1.569 54
    endloop
  endfacet
  facet normal 0 0 1
    outer loop
      vertex 27.6159 1.93273 54
      vertex 27.5277 1.88559 54
      vertex 27.6955 1.53073 54
    endloop
  endfacet
  facet normal 0 0 1
    outer loop
      vertex 27.409 2.27784 54
      vertex 27.5277 1.88559 54
      vertex 27.6159 1.93273 54
    endloop
  endfacet
  facet normal 0 0 1
    outer loop
      vertex 27.409 2.27784 54
      vertex 27.3259 2.22228 54
      vertex 27.5277 1.88559 54
    endloop
  endfacet
  facet normal 0 0 1
    outer loop
      vertex 27.1693 2.60101 54
      vertex 27.3259 2.22228 54
      vertex 27.409 2.27784 54
    endloop
  endfacet
  facet normal 0 0 1
    outer loop
      vertex 27.1693 2.60101 54
      vertex 27.092 2.53757 54
      vertex 27.3259 2.22228 54
    endloop
  endfacet
  facet normal 0 0 1
    outer loop
      vertex 26.8991 2.89914 54
      vertex 27.092 2.53757 54
      vertex 27.1693 2.60101 54
    endloop
  endfacet
  facet normal 0 0 1
    outer loop
      vertex 26.8991 2.89914 54
      vertex 26.8284 2.82843 54
      vertex 27.092 2.53757 54
    endloop
  endfacet
  facet normal 0 0 1
    outer loop
      vertex 26.601 3.16934 54
      vertex 26.8284 2.82843 54
      vertex 26.8991 2.89914 54
    endloop
  endfacet
  facet normal 0 0 1
    outer loop
      vertex 26.601 3.16934 54
      vertex 26.5376 3.09204 54
      vertex 26.8284 2.82843 54
    endloop
  endfacet
  facet normal 0 0 1
    outer loop
      vertex 26.2778 3.40903 54
      vertex 26.5376 3.09204 54
      vertex 26.601 3.16934 54
    endloop
  endfacet
  facet normal 0 0 1
    outer loop
      vertex 26.2778 3.40903 54
      vertex 26.2223 3.32588 54
      vertex 26.5376 3.09204 54
    endloop
  endfacet
  facet normal 0 0 1
    outer loop
      vertex 25.9327 3.61588 54
      vertex 26.2223 3.32588 54
      vertex 26.2778 3.40903 54
    endloop
  endfacet
  facet normal 0 0 1
    outer loop
      vertex 25.9327 3.61588 54
      vertex 25.8856 3.52768 54
      vertex 26.2223 3.32588 54
    endloop
  endfacet
  facet normal 0 0 1
    outer loop
      vertex 25.569 3.78791 54
      vertex 25.8856 3.52768 54
      vertex 25.9327 3.61588 54
    endloop
  endfacet
  facet normal 0 0 1
    outer loop
      vertex 25.569 3.78791 54
      vertex 25.5307 3.69552 54
      vertex 25.8856 3.52768 54
    endloop
  endfacet
  facet normal 0 0 1
    outer loop
      vertex 25.1902 3.92346 54
      vertex 25.5307 3.69552 54
      vertex 25.569 3.78791 54
    endloop
  endfacet
  facet normal 0 0 1
    outer loop
      vertex 25.1902 3.92346 54
      vertex 25.1611 3.82776 54
      vertex 25.5307 3.69552 54
    endloop
  endfacet
  facet normal 0 0 1
    outer loop
      vertex 24.7999 4.02122 54
      vertex 25.1611 3.82776 54
      vertex 25.1902 3.92346 54
    endloop
  endfacet
  facet normal 0 0 1
    outer loop
      vertex 24.7999 4.02122 54
      vertex 24.7804 3.92314 54
      vertex 25.1611 3.82776 54
    endloop
  endfacet
  facet normal 0 0 1
    outer loop
      vertex 24.4019 4.08026 54
      vertex 24.7804 3.92314 54
      vertex 24.7999 4.02122 54
    endloop
  endfacet
  facet normal 0 0 1
    outer loop
      vertex 24.4019 4.08026 54
      vertex 24.3921 3.98074 54
      vertex 24.7804 3.92314 54
    endloop
  endfacet
  facet normal 0 0 1
    outer loop
      vertex 24 4.1 54
      vertex 24.3921 3.98074 54
      vertex 24.4019 4.08026 54
    endloop
  endfacet
  facet normal 0 0 1
    outer loop
      vertex 24 4.1 54
      vertex 24 4 54
      vertex 24.3921 3.98074 54
    endloop
  endfacet
  facet normal 0 0 1
    outer loop
      vertex 24 4.1 54
      vertex 23.6079 3.98074 54
      vertex 24 4 54
    endloop
  endfacet
  facet normal -0 0 1
    outer loop
      vertex 23.5981 4.08026 54
      vertex 23.6079 3.98074 54
      vertex 24 4.1 54
    endloop
  endfacet
  facet normal 0 0 1
    outer loop
      vertex 23.5981 4.08026 54
      vertex 23.2196 3.92314 54
      vertex 23.6079 3.98074 54
    endloop
  endfacet
  facet normal -0 0 1
    outer loop
      vertex 23.2001 4.02122 54
      vertex 23.2196 3.92314 54
      vertex 23.5981 4.08026 54
    endloop
  endfacet
  facet normal 0 0 1
    outer loop
      vertex 23.2001 4.02122 54
      vertex 22.8389 3.82776 54
      vertex 23.2196 3.92314 54
    endloop
  endfacet
  facet normal -0 0 1
    outer loop
      vertex 22.8098 3.92346 54
      vertex 22.8389 3.82776 54
      vertex 23.2001 4.02122 54
    endloop
  endfacet
  facet normal 0 0 1
    outer loop
      vertex 22.8098 3.92346 54
      vertex 22.4693 3.69552 54
      vertex 22.8389 3.82776 54
    endloop
  endfacet
  facet normal -0 0 1
    outer loop
      vertex 22.431 3.78791 54
      vertex 22.4693 3.69552 54
      vertex 22.8098 3.92346 54
    endloop
  endfacet
  facet normal 0 0 1
    outer loop
      vertex 22.431 3.78791 54
      vertex 22.1144 3.52768 54
      vertex 22.4693 3.69552 54
    endloop
  endfacet
  facet normal -0 0 1
    outer loop
      vertex 22.0673 3.61588 54
      vertex 22.1144 3.52768 54
      vertex 22.431 3.78791 54
    endloop
  endfacet
  facet normal 0 0 1
    outer loop
      vertex 22.0673 3.61588 54
      vertex 21.7777 3.32588 54
      vertex 22.1144 3.52768 54
    endloop
  endfacet
  facet normal -0 0 1
    outer loop
      vertex 21.7222 3.40903 54
      vertex 21.7777 3.32588 54
      vertex 22.0673 3.61588 54
    endloop
  endfacet
  facet normal 0 0 1
    outer loop
      vertex 21.7222 3.40903 54
      vertex 21.4624 3.09204 54
      vertex 21.7777 3.32588 54
    endloop
  endfacet
  facet normal -0 0 1
    outer loop
      vertex 21.399 3.16934 54
      vertex 21.4624 3.09204 54
      vertex 21.7222 3.40903 54
    endloop
  endfacet
  facet normal 0 0 1
    outer loop
      vertex 21.399 3.16934 54
      vertex 21.1716 2.82843 54
      vertex 21.4624 3.09204 54
    endloop
  endfacet
  facet normal -0 0 1
    outer loop
      vertex 21.1009 2.89914 54
      vertex 21.1716 2.82843 54
      vertex 21.399 3.16934 54
    endloop
  endfacet
  facet normal 0 0 1
    outer loop
      vertex 21.1009 2.89914 54
      vertex 20.908 2.53757 54
      vertex 21.1716 2.82843 54
    endloop
  endfacet
  facet normal -0 0 1
    outer loop
      vertex 20.8307 2.60101 54
      vertex 20.908 2.53757 54
      vertex 21.1009 2.89914 54
    endloop
  endfacet
  facet normal 0 0 1
    outer loop
      vertex 20.8307 2.60101 54
      vertex 20.6741 2.22228 54
      vertex 20.908 2.53757 54
    endloop
  endfacet
  facet normal -0 0 1
    outer loop
      vertex 20.591 2.27784 54
      vertex 20.6741 2.22228 54
      vertex 20.8307 2.60101 54
    endloop
  endfacet
  facet normal 0 0 1
    outer loop
      vertex 20.591 2.27784 54
      vertex 20.4723 1.88559 54
      vertex 20.6741 2.22228 54
    endloop
  endfacet
  facet normal -0 0 1
    outer loop
      vertex 20.3841 1.93273 54
      vertex 20.4723 1.88559 54
      vertex 20.591 2.27784 54
    endloop
  endfacet
  facet normal 0 0 1
    outer loop
      vertex 20.3841 1.93273 54
      vertex 20.3045 1.53073 54
      vertex 20.4723 1.88559 54
    endloop
  endfacet
  facet normal -0 0 1
    outer loop
      vertex 20.2121 1.569 54
      vertex 20.3045 1.53073 54
      vertex 20.3841 1.93273 54
    endloop
  endfacet
  facet normal 0 0 1
    outer loop
      vertex 20.2121 1.569 54
      vertex 20.1722 1.16114 54
      vertex 20.3045 1.53073 54
    endloop
  endfacet
  facet normal -0 0 1
    outer loop
      vertex 20.0765 1.19017 54
      vertex 20.1722 1.16114 54
      vertex 20.2121 1.569 54
    endloop
  endfacet
  facet normal 0 0 1
    outer loop
      vertex 20.1722 1.16114 54
      vertex 20.0765 1.19017 54
      vertex 20.0769 0.780361 54
    endloop
  endfacet
  facet normal -0 0 1
    outer loop
      vertex 19.9788 0.79987 54
      vertex 20.0769 0.780361 54
      vertex 20.0765 1.19017 54
    endloop
  endfacet
  facet normal -0 0 1
    outer loop
      vertex 19.9197 0.40187 54
      vertex 20.0193 0.392068 54
      vertex 19.9788 0.79987 54
    endloop
  endfacet
  facet normal 0 0 1
    outer loop
      vertex 20.0769 0.780361 54
      vertex 19.9788 0.79987 54
      vertex 20.0193 0.392068 54
    endloop
  endfacet
  facet normal 0 0 1
    outer loop
      vertex 28.0803 -0.40187 54
      vertex 27.9807 -0.392068 54
      vertex 28.0212 -0.79987 54
    endloop
  endfacet
  facet normal -0 0 1
    outer loop
      vertex 27.9231 -0.780361 54
      vertex 28.0212 -0.79987 54
      vertex 27.9807 -0.392068 54
    endloop
  endfacet
  facet normal 0 0 1
    outer loop
      vertex 28.0212 -0.79987 54
      vertex 27.9231 -0.780361 54
      vertex 27.9235 -1.19017 54
    endloop
  endfacet
  facet normal -0 0 1
    outer loop
      vertex 27.8278 -1.16114 54
      vertex 27.9235 -1.19017 54
      vertex 27.9231 -0.780361 54
    endloop
  endfacet
  facet normal 0 0 1
    outer loop
      vertex 27.8278 -1.16114 54
      vertex 27.7879 -1.569 54
      vertex 27.9235 -1.19017 54
    endloop
  endfacet
  facet normal -0 0 1
    outer loop
      vertex 27.6955 -1.53073 54
      vertex 27.7879 -1.569 54
      vertex 27.8278 -1.16114 54
    endloop
  endfacet
  facet normal 0 0 1
    outer loop
      vertex 27.6955 -1.53073 54
      vertex 27.6159 -1.93273 54
      vertex 27.7879 -1.569 54
    endloop
  endfacet
  facet normal -0 0 1
    outer loop
      vertex 27.5277 -1.88559 54
      vertex 27.6159 -1.93273 54
      vertex 27.6955 -1.53073 54
    endloop
  endfacet
  facet normal 0 0 1
    outer loop
      vertex 27.5277 -1.88559 54
      vertex 27.409 -2.27784 54
      vertex 27.6159 -1.93273 54
    endloop
  endfacet
  facet normal -0 0 1
    outer loop
      vertex 27.3259 -2.22228 54
      vertex 27.409 -2.27784 54
      vertex 27.5277 -1.88559 54
    endloop
  endfacet
  facet normal 0 0 1
    outer loop
      vertex 27.3259 -2.22228 54
      vertex 27.1693 -2.60101 54
      vertex 27.409 -2.27784 54
    endloop
  endfacet
  facet normal -0 0 1
    outer loop
      vertex 27.092 -2.53757 54
      vertex 27.1693 -2.60101 54
      vertex 27.3259 -2.22228 54
    endloop
  endfacet
  facet normal 0 0 1
    outer loop
      vertex 27.092 -2.53757 54
      vertex 26.8991 -2.89914 54
      vertex 27.1693 -2.60101 54
    endloop
  endfacet
  facet normal -0 0 1
    outer loop
      vertex 26.8284 -2.82843 54
      vertex 26.8991 -2.89914 54
      vertex 27.092 -2.53757 54
    endloop
  endfacet
  facet normal 0 0 1
    outer loop
      vertex 26.8284 -2.82843 54
      vertex 26.601 -3.16934 54
      vertex 26.8991 -2.89914 54
    endloop
  endfacet
  facet normal -0 0 1
    outer loop
      vertex 26.5376 -3.09204 54
      vertex 26.601 -3.16934 54
      vertex 26.8284 -2.82843 54
    endloop
  endfacet
  facet normal 0 0 1
    outer loop
      vertex 26.5376 -3.09204 54
      vertex 26.2778 -3.40903 54
      vertex 26.601 -3.16934 54
    endloop
  endfacet
  facet normal -0 0 1
    outer loop
      vertex 26.2223 -3.32588 54
      vertex 26.2778 -3.40903 54
      vertex 26.5376 -3.09204 54
    endloop
  endfacet
  facet normal 0 0 1
    outer loop
      vertex 26.2223 -3.32588 54
      vertex 25.9327 -3.61588 54
      vertex 26.2778 -3.40903 54
    endloop
  endfacet
  facet normal -0 0 1
    outer loop
      vertex 25.8856 -3.52768 54
      vertex 25.9327 -3.61588 54
      vertex 26.2223 -3.32588 54
    endloop
  endfacet
  facet normal 0 0 1
    outer loop
      vertex 25.8856 -3.52768 54
      vertex 25.569 -3.78791 54
      vertex 25.9327 -3.61588 54
    endloop
  endfacet
  facet normal -0 0 1
    outer loop
      vertex 25.5307 -3.69552 54
      vertex 25.569 -3.78791 54
      vertex 25.8856 -3.52768 54
    endloop
  endfacet
  facet normal 0 0 1
    outer loop
      vertex 25.5307 -3.69552 54
      vertex 25.1902 -3.92346 54
      vertex 25.569 -3.78791 54
    endloop
  endfacet
  facet normal -0 0 1
    outer loop
      vertex 25.1611 -3.82776 54
      vertex 25.1902 -3.92346 54
      vertex 25.5307 -3.69552 54
    endloop
  endfacet
  facet normal 0 0 1
    outer loop
      vertex 25.1611 -3.82776 54
      vertex 24.7999 -4.02122 54
      vertex 25.1902 -3.92346 54
    endloop
  endfacet
  facet normal -0 0 1
    outer loop
      vertex 24.7804 -3.92314 54
      vertex 24.7999 -4.02122 54
      vertex 25.1611 -3.82776 54
    endloop
  endfacet
  facet normal 0 0 1
    outer loop
      vertex 24.7804 -3.92314 54
      vertex 24.4019 -4.08026 54
      vertex 24.7999 -4.02122 54
    endloop
  endfacet
  facet normal -0 0 1
    outer loop
      vertex 24.3921 -3.98074 54
      vertex 24.4019 -4.08026 54
      vertex 24.7804 -3.92314 54
    endloop
  endfacet
  facet normal -0 0 1
    outer loop
      vertex 24 -4 54
      vertex 24.4019 -4.08026 54
      vertex 24.3921 -3.98074 54
    endloop
  endfacet
  facet normal 0 0 1
    outer loop
      vertex 24 -4 54
      vertex 24 -4.1 54
      vertex 24.4019 -4.08026 54
    endloop
  endfacet
  facet normal 0 0 1
    outer loop
      vertex 23.6079 -3.98074 54
      vertex 24 -4.1 54
      vertex 24 -4 54
    endloop
  endfacet
  facet normal 0 0 1
    outer loop
      vertex 23.6079 -3.98074 54
      vertex 23.5981 -4.08026 54
      vertex 24 -4.1 54
    endloop
  endfacet
  facet normal 0 0 1
    outer loop
      vertex 23.2196 -3.92314 54
      vertex 23.5981 -4.08026 54
      vertex 23.6079 -3.98074 54
    endloop
  endfacet
  facet normal 0 0 1
    outer loop
      vertex 23.2196 -3.92314 54
      vertex 23.2001 -4.02122 54
      vertex 23.5981 -4.08026 54
    endloop
  endfacet
  facet normal 0 0 1
    outer loop
      vertex 22.8389 -3.82776 54
      vertex 23.2001 -4.02122 54
      vertex 23.2196 -3.92314 54
    endloop
  endfacet
  facet normal 0 0 1
    outer loop
      vertex 22.8389 -3.82776 54
      vertex 22.8098 -3.92346 54
      vertex 23.2001 -4.02122 54
    endloop
  endfacet
  facet normal 0 0 1
    outer loop
      vertex 22.4693 -3.69552 54
      vertex 22.8098 -3.92346 54
      vertex 22.8389 -3.82776 54
    endloop
  endfacet
  facet normal 0 0 1
    outer loop
      vertex 22.4693 -3.69552 54
      vertex 22.431 -3.78791 54
      vertex 22.8098 -3.92346 54
    endloop
  endfacet
  facet normal 0 0 1
    outer loop
      vertex 22.1144 -3.52768 54
      vertex 22.431 -3.78791 54
      vertex 22.4693 -3.69552 54
    endloop
  endfacet
  facet normal 0 0 1
    outer loop
      vertex 22.1144 -3.52768 54
      vertex 22.0673 -3.61588 54
      vertex 22.431 -3.78791 54
    endloop
  endfacet
  facet normal 0 0 1
    outer loop
      vertex 21.7777 -3.32588 54
      vertex 22.0673 -3.61588 54
      vertex 22.1144 -3.52768 54
    endloop
  endfacet
  facet normal 0 0 1
    outer loop
      vertex 21.7777 -3.32588 54
      vertex 21.7222 -3.40903 54
      vertex 22.0673 -3.61588 54
    endloop
  endfacet
  facet normal 0 0 1
    outer loop
      vertex 21.4624 -3.09204 54
      vertex 21.7222 -3.40903 54
      vertex 21.7777 -3.32588 54
    endloop
  endfacet
  facet normal 0 0 1
    outer loop
      vertex 21.4624 -3.09204 54
      vertex 21.399 -3.16934 54
      vertex 21.7222 -3.40903 54
    endloop
  endfacet
  facet normal 0 0 1
    outer loop
      vertex 21.1716 -2.82843 54
      vertex 21.399 -3.16934 54
      vertex 21.4624 -3.09204 54
    endloop
  endfacet
  facet normal 0 0 1
    outer loop
      vertex 21.1716 -2.82843 54
      vertex 21.1009 -2.89914 54
      vertex 21.399 -3.16934 54
    endloop
  endfacet
  facet normal 0 0 1
    outer loop
      vertex 20.908 -2.53757 54
      vertex 21.1009 -2.89914 54
      vertex 21.1716 -2.82843 54
    endloop
  endfacet
  facet normal 0 0 1
    outer loop
      vertex 20.908 -2.53757 54
      vertex 20.8307 -2.60101 54
      vertex 21.1009 -2.89914 54
    endloop
  endfacet
  facet normal 0 0 1
    outer loop
      vertex 20.6741 -2.22228 54
      vertex 20.8307 -2.60101 54
      vertex 20.908 -2.53757 54
    endloop
  endfacet
  facet normal 0 0 1
    outer loop
      vertex 20.6741 -2.22228 54
      vertex 20.591 -2.27784 54
      vertex 20.8307 -2.60101 54
    endloop
  endfacet
  facet normal 0 0 1
    outer loop
      vertex 20.4723 -1.88559 54
      vertex 20.591 -2.27784 54
      vertex 20.6741 -2.22228 54
    endloop
  endfacet
  facet normal 0 0 1
    outer loop
      vertex 20.4723 -1.88559 54
      vertex 20.3841 -1.93273 54
      vertex 20.591 -2.27784 54
    endloop
  endfacet
  facet normal 0 0 1
    outer loop
      vertex 20.3045 -1.53073 54
      vertex 20.3841 -1.93273 54
      vertex 20.4723 -1.88559 54
    endloop
  endfacet
  facet normal 0 0 1
    outer loop
      vertex 20.3045 -1.53073 54
      vertex 20.2121 -1.569 54
      vertex 20.3841 -1.93273 54
    endloop
  endfacet
  facet normal 0 0 1
    outer loop
      vertex 20.1722 -1.16114 54
      vertex 20.2121 -1.569 54
      vertex 20.3045 -1.53073 54
    endloop
  endfacet
  facet normal 0 0 1
    outer loop
      vertex 20.0765 -1.19017 54
      vertex 20.1722 -1.16114 54
      vertex 20.0769 -0.780361 54
    endloop
  endfacet
  facet normal 0 0 1
    outer loop
      vertex 20.1722 -1.16114 54
      vertex 20.0765 -1.19017 54
      vertex 20.2121 -1.569 54
    endloop
  endfacet
  facet normal 0 0 1
    outer loop
      vertex 19.9788 -0.79987 54
      vertex 20.0769 -0.780361 54
      vertex 20.0193 -0.392068 54
    endloop
  endfacet
  facet normal 0 0 1
    outer loop
      vertex 20.0769 -0.780361 54
      vertex 19.9788 -0.79987 54
      vertex 20.0765 -1.19017 54
    endloop
  endfacet
  facet normal 0 0 1
    outer loop
      vertex 19.9197 -0.40187 54
      vertex 20.0193 -0.392068 54
      vertex 20 0 54
    endloop
  endfacet
  facet normal 0 0 1
    outer loop
      vertex 20.0193 0.392068 54
      vertex 19.9197 0.40187 54
      vertex 20 0 54
    endloop
  endfacet
  facet normal 0 0 1
    outer loop
      vertex 19.9 0 54
      vertex 20 0 54
      vertex 19.9197 0.40187 54
    endloop
  endfacet
  facet normal 0 0 1
    outer loop
      vertex 20.0193 -0.392068 54
      vertex 19.9197 -0.40187 54
      vertex 19.9788 -0.79987 54
    endloop
  endfacet
  facet normal 0 0 1
    outer loop
      vertex 20 0 54
      vertex 19.9 0 54
      vertex 19.9197 -0.40187 54
    endloop
  endfacet
  facet normal 0 1 0
    outer loop
      vertex 34 -20 45
      vertex 32 -20 47
      vertex 32.5176 -20 46.9318
    endloop
  endfacet
  facet normal 0 1 0
    outer loop
      vertex 32 -20 47
      vertex 34 -20 45
      vertex 25 -20 47
    endloop
  endfacet
  facet normal 0 1 0
    outer loop
      vertex 34 -20 45
      vertex 32.5176 -20 46.9318
      vertex 33 -20 46.732
    endloop
  endfacet
  facet normal 0 1 0
    outer loop
      vertex 23 -20 45
      vertex 25 -20 47
      vertex 34 -20 45
    endloop
  endfacet
  facet normal 0 1 0
    outer loop
      vertex 34 -20 45
      vertex 33 -20 46.732
      vertex 33.4142 -20 46.4142
    endloop
  endfacet
  facet normal 0 1 0
    outer loop
      vertex 25 -20 47
      vertex 23 -20 45
      vertex 24.4824 -20 46.9318
    endloop
  endfacet
  facet normal 0 1 0
    outer loop
      vertex 34 -20 45
      vertex 33.4142 -20 46.4142
      vertex 33.732 -20 46
    endloop
  endfacet
  facet normal 0 1 0
    outer loop
      vertex 24.4824 -20 46.9318
      vertex 23 -20 45
      vertex 24 -20 46.732
    endloop
  endfacet
  facet normal 0 1 0
    outer loop
      vertex 34 -20 45
      vertex 33.732 -20 46
      vertex 33.9318 -20 45.5176
    endloop
  endfacet
  facet normal 0 1 0
    outer loop
      vertex 24 -20 46.732
      vertex 23 -20 45
      vertex 23.5858 -20 46.4142
    endloop
  endfacet
  facet normal 0 1 0
    outer loop
      vertex 23.5858 -20 46.4142
      vertex 23 -20 45
      vertex 23.2679 -20 46
    endloop
  endfacet
  facet normal 0 1 0
    outer loop
      vertex 23.2679 -20 46
      vertex 23 -20 45
      vertex 23.0681 -20 45.5176
    endloop
  endfacet
  facet normal 0 1 -0
    outer loop
      vertex 34 -20 31
      vertex 23 -20 45
      vertex 34 -20 45
    endloop
  endfacet
  facet normal 0 1 0
    outer loop
      vertex 34 -20 31
      vertex 23 -20 31
      vertex 23 -20 45
    endloop
  endfacet
  facet normal 0 1 0
    outer loop
      vertex 32 -20 29
      vertex 34 -20 31
      vertex 33.9318 -20 30.4824
    endloop
  endfacet
  facet normal 0 1 0
    outer loop
      vertex 34 -20 31
      vertex 32 -20 29
      vertex 23 -20 31
    endloop
  endfacet
  facet normal 0 1 0
    outer loop
      vertex 32 -20 29
      vertex 33.9318 -20 30.4824
      vertex 33.732 -20 30
    endloop
  endfacet
  facet normal 0 1 -0
    outer loop
      vertex 25 -20 29
      vertex 23 -20 31
      vertex 32 -20 29
    endloop
  endfacet
  facet normal 0 1 0
    outer loop
      vertex 32 -20 29
      vertex 33.732 -20 30
      vertex 33.4142 -20 29.5858
    endloop
  endfacet
  facet normal 0 1 0
    outer loop
      vertex 23 -20 31
      vertex 25 -20 29
      vertex 23.0681 -20 30.4824
    endloop
  endfacet
  facet normal 0 1 0
    outer loop
      vertex 32 -20 29
      vertex 33.4142 -20 29.5858
      vertex 33 -20 29.2679
    endloop
  endfacet
  facet normal 0 1 0
    outer loop
      vertex 23.0681 -20 30.4824
      vertex 25 -20 29
      vertex 23.2679 -20 30
    endloop
  endfacet
  facet normal 0 1 0
    outer loop
      vertex 32 -20 29
      vertex 33 -20 29.2679
      vertex 32.5176 -20 29.0681
    endloop
  endfacet
  facet normal 0 1 0
    outer loop
      vertex 23.2679 -20 30
      vertex 25 -20 29
      vertex 23.5858 -20 29.5858
    endloop
  endfacet
  facet normal 0 1 0
    outer loop
      vertex 23.5858 -20 29.5858
      vertex 25 -20 29
      vertex 24 -20 29.2679
    endloop
  endfacet
  facet normal 0 1 0
    outer loop
      vertex 24 -20 29.2679
      vertex 25 -20 29
      vertex 24.4824 -20 29.0681
    endloop
  endfacet
  facet normal 0 1 0
    outer loop
      vertex 47 -20 45
      vertex 45 -20 47
      vertex 45.5176 -20 46.9318
    endloop
  endfacet
  facet normal 0 1 0
    outer loop
      vertex 45 -20 47
      vertex 47 -20 45
      vertex 38 -20 47
    endloop
  endfacet
  facet normal 0 1 0
    outer loop
      vertex 47 -20 45
      vertex 45.5176 -20 46.9318
      vertex 46 -20 46.732
    endloop
  endfacet
  facet normal 0 1 0
    outer loop
      vertex 36 -20 45
      vertex 38 -20 47
      vertex 47 -20 45
    endloop
  endfacet
  facet normal 0 1 0
    outer loop
      vertex 47 -20 45
      vertex 46 -20 46.732
      vertex 46.4142 -20 46.4142
    endloop
  endfacet
  facet normal 0 1 0
    outer loop
      vertex 38 -20 47
      vertex 36 -20 45
      vertex 37.4824 -20 46.9318
    endloop
  endfacet
  facet normal 0 1 0
    outer loop
      vertex 47 -20 45
      vertex 46.4142 -20 46.4142
      vertex 46.732 -20 46
    endloop
  endfacet
  facet normal 0 1 0
    outer loop
      vertex 37.4824 -20 46.9318
      vertex 36 -20 45
      vertex 37 -20 46.732
    endloop
  endfacet
  facet normal 0 1 0
    outer loop
      vertex 47 -20 45
      vertex 46.732 -20 46
      vertex 46.9318 -20 45.5176
    endloop
  endfacet
  facet normal 0 1 0
    outer loop
      vertex 37 -20 46.732
      vertex 36 -20 45
      vertex 36.5858 -20 46.4142
    endloop
  endfacet
  facet normal 0 1 0
    outer loop
      vertex 36.5858 -20 46.4142
      vertex 36 -20 45
      vertex 36.2679 -20 46
    endloop
  endfacet
  facet normal 0 1 0
    outer loop
      vertex 36.2679 -20 46
      vertex 36 -20 45
      vertex 36.0681 -20 45.5176
    endloop
  endfacet
  facet normal 0 1 -0
    outer loop
      vertex 47 -20 31
      vertex 36 -20 45
      vertex 47 -20 45
    endloop
  endfacet
  facet normal 0 1 0
    outer loop
      vertex 47 -20 31
      vertex 36 -20 31
      vertex 36 -20 45
    endloop
  endfacet
  facet normal 0 1 0
    outer loop
      vertex 45 -20 29
      vertex 47 -20 31
      vertex 46.9318 -20 30.4824
    endloop
  endfacet
  facet normal 0 1 0
    outer loop
      vertex 47 -20 31
      vertex 45 -20 29
      vertex 36 -20 31
    endloop
  endfacet
  facet normal 0 1 0
    outer loop
      vertex 45 -20 29
      vertex 46.9318 -20 30.4824
      vertex 46.732 -20 30
    endloop
  endfacet
  facet normal 0 1 -0
    outer loop
      vertex 38 -20 29
      vertex 36 -20 31
      vertex 45 -20 29
    endloop
  endfacet
  facet normal 0 1 0
    outer loop
      vertex 45 -20 29
      vertex 46.732 -20 30
      vertex 46.4142 -20 29.5858
    endloop
  endfacet
  facet normal 0 1 0
    outer loop
      vertex 36 -20 31
      vertex 38 -20 29
      vertex 36.0681 -20 30.4824
    endloop
  endfacet
  facet normal 0 1 0
    outer loop
      vertex 45 -20 29
      vertex 46.4142 -20 29.5858
      vertex 46 -20 29.2679
    endloop
  endfacet
  facet normal 0 1 0
    outer loop
      vertex 36.0681 -20 30.4824
      vertex 38 -20 29
      vertex 36.2679 -20 30
    endloop
  endfacet
  facet normal 0 1 0
    outer loop
      vertex 45 -20 29
      vertex 46 -20 29.2679
      vertex 45.5176 -20 29.0681
    endloop
  endfacet
  facet normal 0 1 0
    outer loop
      vertex 36.2679 -20 30
      vertex 38 -20 29
      vertex 36.5858 -20 29.5858
    endloop
  endfacet
  facet normal 0 1 0
    outer loop
      vertex 36.5858 -20 29.5858
      vertex 38 -20 29
      vertex 37 -20 29.2679
    endloop
  endfacet
  facet normal 0 1 0
    outer loop
      vertex 37 -20 29.2679
      vertex 38 -20 29
      vertex 37.4824 -20 29.0681
    endloop
  endfacet
  facet normal 0.382656 0 -0.923891
    outer loop
      vertex 32.5176 -21 29.0681
      vertex 33 -20 29.2679
      vertex 33 -21 29.2679
    endloop
  endfacet
  facet normal 0.382656 0 -0.923891
    outer loop
      vertex 33 -20 29.2679
      vertex 32.5176 -21 29.0681
      vertex 32.5176 -20 29.0681
    endloop
  endfacet
  facet normal 0.60885 0 -0.793286
    outer loop
      vertex 33 -21 29.2679
      vertex 33.4142 -20 29.5858
      vertex 33.4142 -21 29.5858
    endloop
  endfacet
  facet normal 0.60885 0 -0.793286
    outer loop
      vertex 33.4142 -20 29.5858
      vertex 33 -21 29.2679
      vertex 33 -20 29.2679
    endloop
  endfacet
  facet normal 0.793378 0 -0.608729
    outer loop
      vertex 33.732 -21 30
      vertex 33.4142 -20 29.5858
      vertex 33.732 -20 30
    endloop
  endfacet
  facet normal 0.793378 0 -0.608729
    outer loop
      vertex 33.4142 -20 29.5858
      vertex 33.732 -21 30
      vertex 33.4142 -21 29.5858
    endloop
  endfacet
  facet normal 0.923891 0 -0.382656
    outer loop
      vertex 33.9318 -21 30.4824
      vertex 33.732 -20 30
      vertex 33.9318 -20 30.4824
    endloop
  endfacet
  facet normal 0.923891 0 -0.382656
    outer loop
      vertex 33.732 -20 30
      vertex 33.9318 -21 30.4824
      vertex 33.732 -21 30
    endloop
  endfacet
  facet normal 0.991431 0 -0.130633
    outer loop
      vertex 34 -21 31
      vertex 33.9318 -20 30.4824
      vertex 34 -20 31
    endloop
  endfacet
  facet normal 0.991431 0 -0.130633
    outer loop
      vertex 33.9318 -20 30.4824
      vertex 34 -21 31
      vertex 33.9318 -21 30.4824
    endloop
  endfacet
  facet normal 1 -0 0
    outer loop
      vertex 34 -21 45
      vertex 34 -20 31
      vertex 34 -20 45
    endloop
  endfacet
  facet normal 1 0 0
    outer loop
      vertex 34 -20 31
      vertex 34 -21 45
      vertex 34 -21 31
    endloop
  endfacet
  facet normal 0.991431 -0 0.130633
    outer loop
      vertex 33.9318 -21 45.5176
      vertex 34 -20 45
      vertex 33.9318 -20 45.5176
    endloop
  endfacet
  facet normal 0.991431 0 0.130633
    outer loop
      vertex 34 -20 45
      vertex 33.9318 -21 45.5176
      vertex 34 -21 45
    endloop
  endfacet
  facet normal 0.923891 -0 0.382656
    outer loop
      vertex 33.732 -21 46
      vertex 33.9318 -20 45.5176
      vertex 33.732 -20 46
    endloop
  endfacet
  facet normal 0.923891 0 0.382656
    outer loop
      vertex 33.9318 -20 45.5176
      vertex 33.732 -21 46
      vertex 33.9318 -21 45.5176
    endloop
  endfacet
  facet normal 0.793378 -0 0.608729
    outer loop
      vertex 33.4142 -21 46.4142
      vertex 33.732 -20 46
      vertex 33.4142 -20 46.4142
    endloop
  endfacet
  facet normal 0.793378 0 0.608729
    outer loop
      vertex 33.732 -20 46
      vertex 33.4142 -21 46.4142
      vertex 33.732 -21 46
    endloop
  endfacet
  facet normal 0.608729 0 0.793378
    outer loop
      vertex 33 -20 46.732
      vertex 33.4142 -21 46.4142
      vertex 33.4142 -20 46.4142
    endloop
  endfacet
  facet normal 0.608729 0 0.793378
    outer loop
      vertex 33.4142 -21 46.4142
      vertex 33 -20 46.732
      vertex 33 -21 46.732
    endloop
  endfacet
  facet normal 0.382656 0 0.923891
    outer loop
      vertex 32.5176 -20 46.9318
      vertex 33 -21 46.732
      vertex 33 -20 46.732
    endloop
  endfacet
  facet normal 0.382656 0 0.923891
    outer loop
      vertex 33 -21 46.732
      vertex 32.5176 -20 46.9318
      vertex 32.5176 -21 46.9318
    endloop
  endfacet
  facet normal 0.130633 0 0.991431
    outer loop
      vertex 32 -20 47
      vertex 32.5176 -21 46.9318
      vertex 32.5176 -20 46.9318
    endloop
  endfacet
  facet normal 0.130633 0 0.991431
    outer loop
      vertex 32.5176 -21 46.9318
      vertex 32 -20 47
      vertex 32 -21 47
    endloop
  endfacet
  facet normal -0 0 1
    outer loop
      vertex 25 -20 47
      vertex 32 -21 47
      vertex 32 -20 47
    endloop
  endfacet
  facet normal 0 0 1
    outer loop
      vertex 32 -21 47
      vertex 25 -20 47
      vertex 25 -21 47
    endloop
  endfacet
  facet normal -0.130633 0 0.991431
    outer loop
      vertex 24.4824 -20 46.9318
      vertex 25 -21 47
      vertex 25 -20 47
    endloop
  endfacet
  facet normal -0.130633 0 0.991431
    outer loop
      vertex 25 -21 47
      vertex 24.4824 -20 46.9318
      vertex 24.4824 -21 46.9318
    endloop
  endfacet
  facet normal -0.382656 0 0.923891
    outer loop
      vertex 24 -20 46.732
      vertex 24.4824 -21 46.9318
      vertex 24.4824 -20 46.9318
    endloop
  endfacet
  facet normal -0.382656 0 0.923891
    outer loop
      vertex 24.4824 -21 46.9318
      vertex 24 -20 46.732
      vertex 24 -21 46.732
    endloop
  endfacet
  facet normal -0.608729 0 0.793378
    outer loop
      vertex 23.5858 -20 46.4142
      vertex 24 -21 46.732
      vertex 24 -20 46.732
    endloop
  endfacet
  facet normal -0.608729 0 0.793378
    outer loop
      vertex 24 -21 46.732
      vertex 23.5858 -20 46.4142
      vertex 23.5858 -21 46.4142
    endloop
  endfacet
  facet normal -0.793286 0 0.60885
    outer loop
      vertex 23.2679 -21 46
      vertex 23.5858 -20 46.4142
      vertex 23.2679 -20 46
    endloop
  endfacet
  facet normal -0.793286 0 0.60885
    outer loop
      vertex 23.5858 -20 46.4142
      vertex 23.2679 -21 46
      vertex 23.5858 -21 46.4142
    endloop
  endfacet
  facet normal -0.923891 0 0.382656
    outer loop
      vertex 23.0681 -21 45.5176
      vertex 23.2679 -20 46
      vertex 23.0681 -20 45.5176
    endloop
  endfacet
  facet normal -0.923891 0 0.382656
    outer loop
      vertex 23.2679 -20 46
      vertex 23.0681 -21 45.5176
      vertex 23.2679 -21 46
    endloop
  endfacet
  facet normal -0.991456 0 0.130445
    outer loop
      vertex 23 -21 45
      vertex 23.0681 -20 45.5176
      vertex 23 -20 45
    endloop
  endfacet
  facet normal -0.991456 0 0.130445
    outer loop
      vertex 23.0681 -20 45.5176
      vertex 23 -21 45
      vertex 23.0681 -21 45.5176
    endloop
  endfacet
  facet normal -1 0 0
    outer loop
      vertex 23 -21 31
      vertex 23 -20 45
      vertex 23 -20 31
    endloop
  endfacet
  facet normal -1 -0 0
    outer loop
      vertex 23 -20 45
      vertex 23 -21 31
      vertex 23 -21 45
    endloop
  endfacet
  facet normal -0.991456 0 -0.130445
    outer loop
      vertex 23.0681 -21 30.4824
      vertex 23 -20 31
      vertex 23.0681 -20 30.4824
    endloop
  endfacet
  facet normal -0.991456 -0 -0.130445
    outer loop
      vertex 23 -20 31
      vertex 23.0681 -21 30.4824
      vertex 23 -21 31
    endloop
  endfacet
  facet normal -0.923891 0 -0.382656
    outer loop
      vertex 23.2679 -21 30
      vertex 23.0681 -20 30.4824
      vertex 23.2679 -20 30
    endloop
  endfacet
  facet normal -0.923891 -0 -0.382656
    outer loop
      vertex 23.0681 -20 30.4824
      vertex 23.2679 -21 30
      vertex 23.0681 -21 30.4824
    endloop
  endfacet
  facet normal -0.793286 0 -0.60885
    outer loop
      vertex 23.5858 -21 29.5858
      vertex 23.2679 -20 30
      vertex 23.5858 -20 29.5858
    endloop
  endfacet
  facet normal -0.793286 -0 -0.60885
    outer loop
      vertex 23.2679 -20 30
      vertex 23.5858 -21 29.5858
      vertex 23.2679 -21 30
    endloop
  endfacet
  facet normal -0.60885 0 -0.793286
    outer loop
      vertex 23.5858 -21 29.5858
      vertex 24 -20 29.2679
      vertex 24 -21 29.2679
    endloop
  endfacet
  facet normal -0.60885 0 -0.793286
    outer loop
      vertex 24 -20 29.2679
      vertex 23.5858 -21 29.5858
      vertex 23.5858 -20 29.5858
    endloop
  endfacet
  facet normal -0.382656 0 -0.923891
    outer loop
      vertex 24 -21 29.2679
      vertex 24.4824 -20 29.0681
      vertex 24.4824 -21 29.0681
    endloop
  endfacet
  facet normal -0.382656 0 -0.923891
    outer loop
      vertex 24.4824 -20 29.0681
      vertex 24 -21 29.2679
      vertex 24 -20 29.2679
    endloop
  endfacet
  facet normal -0.130445 0 -0.991456
    outer loop
      vertex 24.4824 -21 29.0681
      vertex 25 -20 29
      vertex 25 -21 29
    endloop
  endfacet
  facet normal -0.130445 0 -0.991456
    outer loop
      vertex 25 -20 29
      vertex 24.4824 -21 29.0681
      vertex 24.4824 -20 29.0681
    endloop
  endfacet
  facet normal 0 0 -1
    outer loop
      vertex 25 -21 29
      vertex 32 -20 29
      vertex 32 -21 29
    endloop
  endfacet
  facet normal -0 0 -1
    outer loop
      vertex 32 -20 29
      vertex 25 -21 29
      vertex 25 -20 29
    endloop
  endfacet
  facet normal 0.130445 0 -0.991456
    outer loop
      vertex 32 -21 29
      vertex 32.5176 -20 29.0681
      vertex 32.5176 -21 29.0681
    endloop
  endfacet
  facet normal 0.130445 0 -0.991456
    outer loop
      vertex 32.5176 -20 29.0681
      vertex 32 -21 29
      vertex 32 -20 29
    endloop
  endfacet
  facet normal 0.382656 0 -0.923891
    outer loop
      vertex 45.5176 -21 29.0681
      vertex 46 -20 29.2679
      vertex 46 -21 29.2679
    endloop
  endfacet
  facet normal 0.382656 0 -0.923891
    outer loop
      vertex 46 -20 29.2679
      vertex 45.5176 -21 29.0681
      vertex 45.5176 -20 29.0681
    endloop
  endfacet
  facet normal 0.60885 0 -0.793286
    outer loop
      vertex 46 -21 29.2679
      vertex 46.4142 -20 29.5858
      vertex 46.4142 -21 29.5858
    endloop
  endfacet
  facet normal 0.60885 0 -0.793286
    outer loop
      vertex 46.4142 -20 29.5858
      vertex 46 -21 29.2679
      vertex 46 -20 29.2679
    endloop
  endfacet
  facet normal 0.793378 0 -0.608729
    outer loop
      vertex 46.732 -21 30
      vertex 46.4142 -20 29.5858
      vertex 46.732 -20 30
    endloop
  endfacet
  facet normal 0.793378 0 -0.608729
    outer loop
      vertex 46.4142 -20 29.5858
      vertex 46.732 -21 30
      vertex 46.4142 -21 29.5858
    endloop
  endfacet
  facet normal 0.923891 0 -0.382656
    outer loop
      vertex 46.9318 -21 30.4824
      vertex 46.732 -20 30
      vertex 46.9318 -20 30.4824
    endloop
  endfacet
  facet normal 0.923891 0 -0.382656
    outer loop
      vertex 46.732 -20 30
      vertex 46.9318 -21 30.4824
      vertex 46.732 -21 30
    endloop
  endfacet
  facet normal 0.991431 0 -0.130633
    outer loop
      vertex 47 -21 31
      vertex 46.9318 -20 30.4824
      vertex 47 -20 31
    endloop
  endfacet
  facet normal 0.991431 0 -0.130633
    outer loop
      vertex 46.9318 -20 30.4824
      vertex 47 -21 31
      vertex 46.9318 -21 30.4824
    endloop
  endfacet
  facet normal 1 -0 0
    outer loop
      vertex 47 -21 45
      vertex 47 -20 31
      vertex 47 -20 45
    endloop
  endfacet
  facet normal 1 0 0
    outer loop
      vertex 47 -20 31
      vertex 47 -21 45
      vertex 47 -21 31
    endloop
  endfacet
  facet normal 0.991431 -0 0.130633
    outer loop
      vertex 46.9318 -21 45.5176
      vertex 47 -20 45
      vertex 46.9318 -20 45.5176
    endloop
  endfacet
  facet normal 0.991431 0 0.130633
    outer loop
      vertex 47 -20 45
      vertex 46.9318 -21 45.5176
      vertex 47 -21 45
    endloop
  endfacet
  facet normal 0.923891 -0 0.382656
    outer loop
      vertex 46.732 -21 46
      vertex 46.9318 -20 45.5176
      vertex 46.732 -20 46
    endloop
  endfacet
  facet normal 0.923891 0 0.382656
    outer loop
      vertex 46.9318 -20 45.5176
      vertex 46.732 -21 46
      vertex 46.9318 -21 45.5176
    endloop
  endfacet
  facet normal 0.793378 -0 0.608729
    outer loop
      vertex 46.4142 -21 46.4142
      vertex 46.732 -20 46
      vertex 46.4142 -20 46.4142
    endloop
  endfacet
  facet normal 0.793378 0 0.608729
    outer loop
      vertex 46.732 -20 46
      vertex 46.4142 -21 46.4142
      vertex 46.732 -21 46
    endloop
  endfacet
  facet normal 0.608729 0 0.793378
    outer loop
      vertex 46 -20 46.732
      vertex 46.4142 -21 46.4142
      vertex 46.4142 -20 46.4142
    endloop
  endfacet
  facet normal 0.608729 0 0.793378
    outer loop
      vertex 46.4142 -21 46.4142
      vertex 46 -20 46.732
      vertex 46 -21 46.732
    endloop
  endfacet
  facet normal 0.382656 0 0.923891
    outer loop
      vertex 45.5176 -20 46.9318
      vertex 46 -21 46.732
      vertex 46 -20 46.732
    endloop
  endfacet
  facet normal 0.382656 0 0.923891
    outer loop
      vertex 46 -21 46.732
      vertex 45.5176 -20 46.9318
      vertex 45.5176 -21 46.9318
    endloop
  endfacet
  facet normal 0.130633 0 0.991431
    outer loop
      vertex 45 -20 47
      vertex 45.5176 -21 46.9318
      vertex 45.5176 -20 46.9318
    endloop
  endfacet
  facet normal 0.130633 0 0.991431
    outer loop
      vertex 45.5176 -21 46.9318
      vertex 45 -20 47
      vertex 45 -21 47
    endloop
  endfacet
  facet normal -0 0 1
    outer loop
      vertex 38 -20 47
      vertex 45 -21 47
      vertex 45 -20 47
    endloop
  endfacet
  facet normal 0 0 1
    outer loop
      vertex 45 -21 47
      vertex 38 -20 47
      vertex 38 -21 47
    endloop
  endfacet
  facet normal -0.130633 0 0.991431
    outer loop
      vertex 37.4824 -20 46.9318
      vertex 38 -21 47
      vertex 38 -20 47
    endloop
  endfacet
  facet normal -0.130633 0 0.991431
    outer loop
      vertex 38 -21 47
      vertex 37.4824 -20 46.9318
      vertex 37.4824 -21 46.9318
    endloop
  endfacet
  facet normal -0.382656 0 0.923891
    outer loop
      vertex 37 -20 46.732
      vertex 37.4824 -21 46.9318
      vertex 37.4824 -20 46.9318
    endloop
  endfacet
  facet normal -0.382656 0 0.923891
    outer loop
      vertex 37.4824 -21 46.9318
      vertex 37 -20 46.732
      vertex 37 -21 46.732
    endloop
  endfacet
  facet normal -0.608729 0 0.793378
    outer loop
      vertex 36.5858 -20 46.4142
      vertex 37 -21 46.732
      vertex 37 -20 46.732
    endloop
  endfacet
  facet normal -0.608729 0 0.793378
    outer loop
      vertex 37 -21 46.732
      vertex 36.5858 -20 46.4142
      vertex 36.5858 -21 46.4142
    endloop
  endfacet
  facet normal -0.793286 0 0.60885
    outer loop
      vertex 36.2679 -21 46
      vertex 36.5858 -20 46.4142
      vertex 36.2679 -20 46
    endloop
  endfacet
  facet normal -0.793286 0 0.60885
    outer loop
      vertex 36.5858 -20 46.4142
      vertex 36.2679 -21 46
      vertex 36.5858 -21 46.4142
    endloop
  endfacet
  facet normal -0.923891 0 0.382656
    outer loop
      vertex 36.0681 -21 45.5176
      vertex 36.2679 -20 46
      vertex 36.0681 -20 45.5176
    endloop
  endfacet
  facet normal -0.923891 0 0.382656
    outer loop
      vertex 36.2679 -20 46
      vertex 36.0681 -21 45.5176
      vertex 36.2679 -21 46
    endloop
  endfacet
  facet normal -0.991456 0 0.130445
    outer loop
      vertex 36 -21 45
      vertex 36.0681 -20 45.5176
      vertex 36 -20 45
    endloop
  endfacet
  facet normal -0.991456 0 0.130445
    outer loop
      vertex 36.0681 -20 45.5176
      vertex 36 -21 45
      vertex 36.0681 -21 45.5176
    endloop
  endfacet
  facet normal -1 0 0
    outer loop
      vertex 36 -21 31
      vertex 36 -20 45
      vertex 36 -20 31
    endloop
  endfacet
  facet normal -1 -0 0
    outer loop
      vertex 36 -20 45
      vertex 36 -21 31
      vertex 36 -21 45
    endloop
  endfacet
  facet normal -0.991456 0 -0.130445
    outer loop
      vertex 36.0681 -21 30.4824
      vertex 36 -20 31
      vertex 36.0681 -20 30.4824
    endloop
  endfacet
  facet normal -0.991456 -0 -0.130445
    outer loop
      vertex 36 -20 31
      vertex 36.0681 -21 30.4824
      vertex 36 -21 31
    endloop
  endfacet
  facet normal -0.923891 0 -0.382656
    outer loop
      vertex 36.2679 -21 30
      vertex 36.0681 -20 30.4824
      vertex 36.2679 -20 30
    endloop
  endfacet
  facet normal -0.923891 -0 -0.382656
    outer loop
      vertex 36.0681 -20 30.4824
      vertex 36.2679 -21 30
      vertex 36.0681 -21 30.4824
    endloop
  endfacet
  facet normal -0.793286 0 -0.60885
    outer loop
      vertex 36.5858 -21 29.5858
      vertex 36.2679 -20 30
      vertex 36.5858 -20 29.5858
    endloop
  endfacet
  facet normal -0.793286 -0 -0.60885
    outer loop
      vertex 36.2679 -20 30
      vertex 36.5858 -21 29.5858
      vertex 36.2679 -21 30
    endloop
  endfacet
  facet normal -0.60885 0 -0.793286
    outer loop
      vertex 36.5858 -21 29.5858
      vertex 37 -20 29.2679
      vertex 37 -21 29.2679
    endloop
  endfacet
  facet normal -0.60885 0 -0.793286
    outer loop
      vertex 37 -20 29.2679
      vertex 36.5858 -21 29.5858
      vertex 36.5858 -20 29.5858
    endloop
  endfacet
  facet normal -0.382656 0 -0.923891
    outer loop
      vertex 37 -21 29.2679
      vertex 37.4824 -20 29.0681
      vertex 37.4824 -21 29.0681
    endloop
  endfacet
  facet normal -0.382656 0 -0.923891
    outer loop
      vertex 37.4824 -20 29.0681
      vertex 37 -21 29.2679
      vertex 37 -20 29.2679
    endloop
  endfacet
  facet normal -0.130445 0 -0.991456
    outer loop
      vertex 37.4824 -21 29.0681
      vertex 38 -20 29
      vertex 38 -21 29
    endloop
  endfacet
  facet normal -0.130445 0 -0.991456
    outer loop
      vertex 38 -20 29
      vertex 37.4824 -21 29.0681
      vertex 37.4824 -20 29.0681
    endloop
  endfacet
  facet normal 0 0 -1
    outer loop
      vertex 38 -21 29
      vertex 45 -20 29
      vertex 45 -21 29
    endloop
  endfacet
  facet normal -0 0 -1
    outer loop
      vertex 45 -20 29
      vertex 38 -21 29
      vertex 38 -20 29
    endloop
  endfacet
  facet normal 0.130445 0 -0.991456
    outer loop
      vertex 45 -21 29
      vertex 45.5176 -20 29.0681
      vertex 45.5176 -21 29.0681
    endloop
  endfacet
  facet normal 0.130445 0 -0.991456
    outer loop
      vertex 45.5176 -20 29.0681
      vertex 45 -21 29
      vertex 45 -20 29
    endloop
  endfacet
  facet normal 0 -1 0
    outer loop
      vertex 36 20 45
      vertex 38 20 47
      vertex 37.4824 20 46.9318
    endloop
  endfacet
  facet normal 0 -1 -0
    outer loop
      vertex 38 20 47
      vertex 36 20 45
      vertex 45 20 47
    endloop
  endfacet
  facet normal 0 -1 0
    outer loop
      vertex 36 20 45
      vertex 37.4824 20 46.9318
      vertex 37 20 46.732
    endloop
  endfacet
  facet normal 0 -1 0
    outer loop
      vertex 47 20 45
      vertex 45 20 47
      vertex 36 20 45
    endloop
  endfacet
  facet normal 0 -1 0
    outer loop
      vertex 36 20 45
      vertex 37 20 46.732
      vertex 36.5858 20 46.4142
    endloop
  endfacet
  facet normal 0 -1 0
    outer loop
      vertex 45 20 47
      vertex 47 20 45
      vertex 45.5176 20 46.9318
    endloop
  endfacet
  facet normal 0 -1 0
    outer loop
      vertex 36 20 45
      vertex 36.5858 20 46.4142
      vertex 36.2679 20 46
    endloop
  endfacet
  facet normal 0 -1 0
    outer loop
      vertex 45.5176 20 46.9318
      vertex 47 20 45
      vertex 46 20 46.732
    endloop
  endfacet
  facet normal 0 -1 0
    outer loop
      vertex 36 20 45
      vertex 36.2679 20 46
      vertex 36.0681 20 45.5176
    endloop
  endfacet
  facet normal 0 -1 0
    outer loop
      vertex 46 20 46.732
      vertex 47 20 45
      vertex 46.4142 20 46.4142
    endloop
  endfacet
  facet normal 0 -1 0
    outer loop
      vertex 46.4142 20 46.4142
      vertex 47 20 45
      vertex 46.732 20 46
    endloop
  endfacet
  facet normal 0 -1 0
    outer loop
      vertex 46.732 20 46
      vertex 47 20 45
      vertex 46.9318 20 45.5176
    endloop
  endfacet
  facet normal 0 -1 0
    outer loop
      vertex 36 20 31
      vertex 47 20 45
      vertex 36 20 45
    endloop
  endfacet
  facet normal 0 -1 0
    outer loop
      vertex 36 20 31
      vertex 47 20 31
      vertex 47 20 45
    endloop
  endfacet
  facet normal 0 -1 0
    outer loop
      vertex 38 20 29
      vertex 36 20 31
      vertex 36.0681 20 30.4824
    endloop
  endfacet
  facet normal 0 -1 0
    outer loop
      vertex 36 20 31
      vertex 38 20 29
      vertex 47 20 31
    endloop
  endfacet
  facet normal 0 -1 0
    outer loop
      vertex 38 20 29
      vertex 36.0681 20 30.4824
      vertex 36.2679 20 30
    endloop
  endfacet
  facet normal 0 -1 0
    outer loop
      vertex 45 20 29
      vertex 47 20 31
      vertex 38 20 29
    endloop
  endfacet
  facet normal 0 -1 0
    outer loop
      vertex 38 20 29
      vertex 36.2679 20 30
      vertex 36.5858 20 29.5858
    endloop
  endfacet
  facet normal 0 -1 0
    outer loop
      vertex 47 20 31
      vertex 45 20 29
      vertex 46.9318 20 30.4824
    endloop
  endfacet
  facet normal 0 -1 0
    outer loop
      vertex 38 20 29
      vertex 36.5858 20 29.5858
      vertex 37 20 29.2679
    endloop
  endfacet
  facet normal 0 -1 0
    outer loop
      vertex 46.9318 20 30.4824
      vertex 45 20 29
      vertex 46.732 20 30
    endloop
  endfacet
  facet normal 0 -1 0
    outer loop
      vertex 38 20 29
      vertex 37 20 29.2679
      vertex 37.4824 20 29.0681
    endloop
  endfacet
  facet normal 0 -1 0
    outer loop
      vertex 46.732 20 30
      vertex 45 20 29
      vertex 46.4142 20 29.5858
    endloop
  endfacet
  facet normal 0 -1 0
    outer loop
      vertex 46.4142 20 29.5858
      vertex 45 20 29
      vertex 46 20 29.2679
    endloop
  endfacet
  facet normal 0 -1 0
    outer loop
      vertex 46 20 29.2679
      vertex 45 20 29
      vertex 45.5176 20 29.0681
    endloop
  endfacet
  facet normal 0 -1 0
    outer loop
      vertex 23 20 45
      vertex 25 20 47
      vertex 24.4824 20 46.9318
    endloop
  endfacet
  facet normal 0 -1 -0
    outer loop
      vertex 25 20 47
      vertex 23 20 45
      vertex 32 20 47
    endloop
  endfacet
  facet normal 0 -1 0
    outer loop
      vertex 23 20 45
      vertex 24.4824 20 46.9318
      vertex 24 20 46.732
    endloop
  endfacet
  facet normal 0 -1 0
    outer loop
      vertex 34 20 45
      vertex 32 20 47
      vertex 23 20 45
    endloop
  endfacet
  facet normal 0 -1 0
    outer loop
      vertex 23 20 45
      vertex 24 20 46.732
      vertex 23.5858 20 46.4142
    endloop
  endfacet
  facet normal 0 -1 0
    outer loop
      vertex 32 20 47
      vertex 34 20 45
      vertex 32.5176 20 46.9318
    endloop
  endfacet
  facet normal 0 -1 0
    outer loop
      vertex 23 20 45
      vertex 23.5858 20 46.4142
      vertex 23.2679 20 46
    endloop
  endfacet
  facet normal 0 -1 0
    outer loop
      vertex 32.5176 20 46.9318
      vertex 34 20 45
      vertex 33 20 46.732
    endloop
  endfacet
  facet normal 0 -1 0
    outer loop
      vertex 23 20 45
      vertex 23.2679 20 46
      vertex 23.0681 20 45.5176
    endloop
  endfacet
  facet normal 0 -1 0
    outer loop
      vertex 33 20 46.732
      vertex 34 20 45
      vertex 33.4142 20 46.4142
    endloop
  endfacet
  facet normal 0 -1 0
    outer loop
      vertex 33.4142 20 46.4142
      vertex 34 20 45
      vertex 33.732 20 46
    endloop
  endfacet
  facet normal 0 -1 0
    outer loop
      vertex 33.732 20 46
      vertex 34 20 45
      vertex 33.9318 20 45.5176
    endloop
  endfacet
  facet normal 0 -1 0
    outer loop
      vertex 23 20 31
      vertex 34 20 45
      vertex 23 20 45
    endloop
  endfacet
  facet normal 0 -1 0
    outer loop
      vertex 23 20 31
      vertex 34 20 31
      vertex 34 20 45
    endloop
  endfacet
  facet normal 0 -1 0
    outer loop
      vertex 25 20 29
      vertex 23 20 31
      vertex 23.0681 20 30.4824
    endloop
  endfacet
  facet normal 0 -1 0
    outer loop
      vertex 23 20 31
      vertex 25 20 29
      vertex 34 20 31
    endloop
  endfacet
  facet normal 0 -1 0
    outer loop
      vertex 25 20 29
      vertex 23.0681 20 30.4824
      vertex 23.2679 20 30
    endloop
  endfacet
  facet normal 0 -1 0
    outer loop
      vertex 32 20 29
      vertex 34 20 31
      vertex 25 20 29
    endloop
  endfacet
  facet normal 0 -1 0
    outer loop
      vertex 25 20 29
      vertex 23.2679 20 30
      vertex 23.5858 20 29.5858
    endloop
  endfacet
  facet normal 0 -1 0
    outer loop
      vertex 34 20 31
      vertex 32 20 29
      vertex 33.9318 20 30.4824
    endloop
  endfacet
  facet normal 0 -1 0
    outer loop
      vertex 25 20 29
      vertex 23.5858 20 29.5858
      vertex 24 20 29.2679
    endloop
  endfacet
  facet normal 0 -1 0
    outer loop
      vertex 33.9318 20 30.4824
      vertex 32 20 29
      vertex 33.732 20 30
    endloop
  endfacet
  facet normal 0 -1 0
    outer loop
      vertex 25 20 29
      vertex 24 20 29.2679
      vertex 24.4824 20 29.0681
    endloop
  endfacet
  facet normal 0 -1 0
    outer loop
      vertex 33.732 20 30
      vertex 32 20 29
      vertex 33.4142 20 29.5858
    endloop
  endfacet
  facet normal 0 -1 0
    outer loop
      vertex 33.4142 20 29.5858
      vertex 32 20 29
      vertex 33 20 29.2679
    endloop
  endfacet
  facet normal 0 -1 0
    outer loop
      vertex 33 20 29.2679
      vertex 32 20 29
      vertex 32.5176 20 29.0681
    endloop
  endfacet
  facet normal 0.382656 0 -0.923891
    outer loop
      vertex 32.5176 20 29.0681
      vertex 33 21 29.2679
      vertex 33 20 29.2679
    endloop
  endfacet
  facet normal 0.382656 0 -0.923891
    outer loop
      vertex 33 21 29.2679
      vertex 32.5176 20 29.0681
      vertex 32.5176 21 29.0681
    endloop
  endfacet
  facet normal 0.60885 0 -0.793286
    outer loop
      vertex 33 20 29.2679
      vertex 33.4142 21 29.5858
      vertex 33.4142 20 29.5858
    endloop
  endfacet
  facet normal 0.60885 0 -0.793286
    outer loop
      vertex 33.4142 21 29.5858
      vertex 33 20 29.2679
      vertex 33 21 29.2679
    endloop
  endfacet
  facet normal 0.793378 0 -0.608729
    outer loop
      vertex 33.732 20 30
      vertex 33.4142 21 29.5858
      vertex 33.732 21 30
    endloop
  endfacet
  facet normal 0.793378 0 -0.608729
    outer loop
      vertex 33.4142 21 29.5858
      vertex 33.732 20 30
      vertex 33.4142 20 29.5858
    endloop
  endfacet
  facet normal 0.923891 0 -0.382656
    outer loop
      vertex 33.9318 20 30.4824
      vertex 33.732 21 30
      vertex 33.9318 21 30.4824
    endloop
  endfacet
  facet normal 0.923891 0 -0.382656
    outer loop
      vertex 33.732 21 30
      vertex 33.9318 20 30.4824
      vertex 33.732 20 30
    endloop
  endfacet
  facet normal 0.991431 0 -0.130633
    outer loop
      vertex 34 20 31
      vertex 33.9318 21 30.4824
      vertex 34 21 31
    endloop
  endfacet
  facet normal 0.991431 0 -0.130633
    outer loop
      vertex 33.9318 21 30.4824
      vertex 34 20 31
      vertex 33.9318 20 30.4824
    endloop
  endfacet
  facet normal 1 -0 0
    outer loop
      vertex 34 20 45
      vertex 34 21 31
      vertex 34 21 45
    endloop
  endfacet
  facet normal 1 0 0
    outer loop
      vertex 34 21 31
      vertex 34 20 45
      vertex 34 20 31
    endloop
  endfacet
  facet normal 0.991431 -0 0.130633
    outer loop
      vertex 33.9318 20 45.5176
      vertex 34 21 45
      vertex 33.9318 21 45.5176
    endloop
  endfacet
  facet normal 0.991431 0 0.130633
    outer loop
      vertex 34 21 45
      vertex 33.9318 20 45.5176
      vertex 34 20 45
    endloop
  endfacet
  facet normal 0.923891 -0 0.382656
    outer loop
      vertex 33.732 20 46
      vertex 33.9318 21 45.5176
      vertex 33.732 21 46
    endloop
  endfacet
  facet normal 0.923891 0 0.382656
    outer loop
      vertex 33.9318 21 45.5176
      vertex 33.732 20 46
      vertex 33.9318 20 45.5176
    endloop
  endfacet
  facet normal 0.793378 -0 0.608729
    outer loop
      vertex 33.4142 20 46.4142
      vertex 33.732 21 46
      vertex 33.4142 21 46.4142
    endloop
  endfacet
  facet normal 0.793378 0 0.608729
    outer loop
      vertex 33.732 21 46
      vertex 33.4142 20 46.4142
      vertex 33.732 20 46
    endloop
  endfacet
  facet normal 0.608729 0 0.793378
    outer loop
      vertex 33 21 46.732
      vertex 33.4142 20 46.4142
      vertex 33.4142 21 46.4142
    endloop
  endfacet
  facet normal 0.608729 0 0.793378
    outer loop
      vertex 33.4142 20 46.4142
      vertex 33 21 46.732
      vertex 33 20 46.732
    endloop
  endfacet
  facet normal 0.382656 0 0.923891
    outer loop
      vertex 32.5176 21 46.9318
      vertex 33 20 46.732
      vertex 33 21 46.732
    endloop
  endfacet
  facet normal 0.382656 0 0.923891
    outer loop
      vertex 33 20 46.732
      vertex 32.5176 21 46.9318
      vertex 32.5176 20 46.9318
    endloop
  endfacet
  facet normal 0.130633 0 0.991431
    outer loop
      vertex 32 21 47
      vertex 32.5176 20 46.9318
      vertex 32.5176 21 46.9318
    endloop
  endfacet
  facet normal 0.130633 0 0.991431
    outer loop
      vertex 32.5176 20 46.9318
      vertex 32 21 47
      vertex 32 20 47
    endloop
  endfacet
  facet normal -0 0 1
    outer loop
      vertex 25 21 47
      vertex 32 20 47
      vertex 32 21 47
    endloop
  endfacet
  facet normal 0 0 1
    outer loop
      vertex 32 20 47
      vertex 25 21 47
      vertex 25 20 47
    endloop
  endfacet
  facet normal -0.130633 0 0.991431
    outer loop
      vertex 24.4824 21 46.9318
      vertex 25 20 47
      vertex 25 21 47
    endloop
  endfacet
  facet normal -0.130633 0 0.991431
    outer loop
      vertex 25 20 47
      vertex 24.4824 21 46.9318
      vertex 24.4824 20 46.9318
    endloop
  endfacet
  facet normal -0.382656 0 0.923891
    outer loop
      vertex 24 21 46.732
      vertex 24.4824 20 46.9318
      vertex 24.4824 21 46.9318
    endloop
  endfacet
  facet normal -0.382656 0 0.923891
    outer loop
      vertex 24.4824 20 46.9318
      vertex 24 21 46.732
      vertex 24 20 46.732
    endloop
  endfacet
  facet normal -0.608729 0 0.793378
    outer loop
      vertex 23.5858 21 46.4142
      vertex 24 20 46.732
      vertex 24 21 46.732
    endloop
  endfacet
  facet normal -0.608729 0 0.793378
    outer loop
      vertex 24 20 46.732
      vertex 23.5858 21 46.4142
      vertex 23.5858 20 46.4142
    endloop
  endfacet
  facet normal -0.793286 0 0.60885
    outer loop
      vertex 23.2679 20 46
      vertex 23.5858 21 46.4142
      vertex 23.2679 21 46
    endloop
  endfacet
  facet normal -0.793286 0 0.60885
    outer loop
      vertex 23.5858 21 46.4142
      vertex 23.2679 20 46
      vertex 23.5858 20 46.4142
    endloop
  endfacet
  facet normal -0.923891 0 0.382656
    outer loop
      vertex 23.0681 20 45.5176
      vertex 23.2679 21 46
      vertex 23.0681 21 45.5176
    endloop
  endfacet
  facet normal -0.923891 0 0.382656
    outer loop
      vertex 23.2679 21 46
      vertex 23.0681 20 45.5176
      vertex 23.2679 20 46
    endloop
  endfacet
  facet normal -0.991456 0 0.130445
    outer loop
      vertex 23 20 45
      vertex 23.0681 21 45.5176
      vertex 23 21 45
    endloop
  endfacet
  facet normal -0.991456 0 0.130445
    outer loop
      vertex 23.0681 21 45.5176
      vertex 23 20 45
      vertex 23.0681 20 45.5176
    endloop
  endfacet
  facet normal -1 0 0
    outer loop
      vertex 23 20 31
      vertex 23 21 45
      vertex 23 21 31
    endloop
  endfacet
  facet normal -1 -0 0
    outer loop
      vertex 23 21 45
      vertex 23 20 31
      vertex 23 20 45
    endloop
  endfacet
  facet normal -0.991456 0 -0.130445
    outer loop
      vertex 23.0681 20 30.4824
      vertex 23 21 31
      vertex 23.0681 21 30.4824
    endloop
  endfacet
  facet normal -0.991456 -0 -0.130445
    outer loop
      vertex 23 21 31
      vertex 23.0681 20 30.4824
      vertex 23 20 31
    endloop
  endfacet
  facet normal -0.923891 0 -0.382656
    outer loop
      vertex 23.2679 20 30
      vertex 23.0681 21 30.4824
      vertex 23.2679 21 30
    endloop
  endfacet
  facet normal -0.923891 -0 -0.382656
    outer loop
      vertex 23.0681 21 30.4824
      vertex 23.2679 20 30
      vertex 23.0681 20 30.4824
    endloop
  endfacet
  facet normal -0.793286 0 -0.60885
    outer loop
      vertex 23.5858 20 29.5858
      vertex 23.2679 21 30
      vertex 23.5858 21 29.5858
    endloop
  endfacet
  facet normal -0.793286 -0 -0.60885
    outer loop
      vertex 23.2679 21 30
      vertex 23.5858 20 29.5858
      vertex 23.2679 20 30
    endloop
  endfacet
  facet normal -0.60885 0 -0.793286
    outer loop
      vertex 23.5858 20 29.5858
      vertex 24 21 29.2679
      vertex 24 20 29.2679
    endloop
  endfacet
  facet normal -0.60885 0 -0.793286
    outer loop
      vertex 24 21 29.2679
      vertex 23.5858 20 29.5858
      vertex 23.5858 21 29.5858
    endloop
  endfacet
  facet normal -0.382656 0 -0.923891
    outer loop
      vertex 24 20 29.2679
      vertex 24.4824 21 29.0681
      vertex 24.4824 20 29.0681
    endloop
  endfacet
  facet normal -0.382656 0 -0.923891
    outer loop
      vertex 24.4824 21 29.0681
      vertex 24 20 29.2679
      vertex 24 21 29.2679
    endloop
  endfacet
  facet normal -0.130445 0 -0.991456
    outer loop
      vertex 24.4824 20 29.0681
      vertex 25 21 29
      vertex 25 20 29
    endloop
  endfacet
  facet normal -0.130445 0 -0.991456
    outer loop
      vertex 25 21 29
      vertex 24.4824 20 29.0681
      vertex 24.4824 21 29.0681
    endloop
  endfacet
  facet normal 0 0 -1
    outer loop
      vertex 25 20 29
      vertex 32 21 29
      vertex 32 20 29
    endloop
  endfacet
  facet normal -0 0 -1
    outer loop
      vertex 32 21 29
      vertex 25 20 29
      vertex 25 21 29
    endloop
  endfacet
  facet normal 0.130445 0 -0.991456
    outer loop
      vertex 32 20 29
      vertex 32.5176 21 29.0681
      vertex 32.5176 20 29.0681
    endloop
  endfacet
  facet normal 0.130445 0 -0.991456
    outer loop
      vertex 32.5176 21 29.0681
      vertex 32 20 29
      vertex 32 21 29
    endloop
  endfacet
  facet normal 0.382656 0 -0.923891
    outer loop
      vertex 45.5176 20 29.0681
      vertex 46 21 29.2679
      vertex 46 20 29.2679
    endloop
  endfacet
  facet normal 0.382656 0 -0.923891
    outer loop
      vertex 46 21 29.2679
      vertex 45.5176 20 29.0681
      vertex 45.5176 21 29.0681
    endloop
  endfacet
  facet normal 0.60885 0 -0.793286
    outer loop
      vertex 46 20 29.2679
      vertex 46.4142 21 29.5858
      vertex 46.4142 20 29.5858
    endloop
  endfacet
  facet normal 0.60885 0 -0.793286
    outer loop
      vertex 46.4142 21 29.5858
      vertex 46 20 29.2679
      vertex 46 21 29.2679
    endloop
  endfacet
  facet normal 0.793378 0 -0.608729
    outer loop
      vertex 46.732 20 30
      vertex 46.4142 21 29.5858
      vertex 46.732 21 30
    endloop
  endfacet
  facet normal 0.793378 0 -0.608729
    outer loop
      vertex 46.4142 21 29.5858
      vertex 46.732 20 30
      vertex 46.4142 20 29.5858
    endloop
  endfacet
  facet normal 0.923891 0 -0.382656
    outer loop
      vertex 46.9318 20 30.4824
      vertex 46.732 21 30
      vertex 46.9318 21 30.4824
    endloop
  endfacet
  facet normal 0.923891 0 -0.382656
    outer loop
      vertex 46.732 21 30
      vertex 46.9318 20 30.4824
      vertex 46.732 20 30
    endloop
  endfacet
  facet normal 0.991431 0 -0.130633
    outer loop
      vertex 47 20 31
      vertex 46.9318 21 30.4824
      vertex 47 21 31
    endloop
  endfacet
  facet normal 0.991431 0 -0.130633
    outer loop
      vertex 46.9318 21 30.4824
      vertex 47 20 31
      vertex 46.9318 20 30.4824
    endloop
  endfacet
  facet normal 1 -0 0
    outer loop
      vertex 47 20 45
      vertex 47 21 31
      vertex 47 21 45
    endloop
  endfacet
  facet normal 1 0 0
    outer loop
      vertex 47 21 31
      vertex 47 20 45
      vertex 47 20 31
    endloop
  endfacet
  facet normal 0.991431 -0 0.130633
    outer loop
      vertex 46.9318 20 45.5176
      vertex 47 21 45
      vertex 46.9318 21 45.5176
    endloop
  endfacet
  facet normal 0.991431 0 0.130633
    outer loop
      vertex 47 21 45
      vertex 46.9318 20 45.5176
      vertex 47 20 45
    endloop
  endfacet
  facet normal 0.923891 -0 0.382656
    outer loop
      vertex 46.732 20 46
      vertex 46.9318 21 45.5176
      vertex 46.732 21 46
    endloop
  endfacet
  facet normal 0.923891 0 0.382656
    outer loop
      vertex 46.9318 21 45.5176
      vertex 46.732 20 46
      vertex 46.9318 20 45.5176
    endloop
  endfacet
  facet normal 0.793378 -0 0.608729
    outer loop
      vertex 46.4142 20 46.4142
      vertex 46.732 21 46
      vertex 46.4142 21 46.4142
    endloop
  endfacet
  facet normal 0.793378 0 0.608729
    outer loop
      vertex 46.732 21 46
      vertex 46.4142 20 46.4142
      vertex 46.732 20 46
    endloop
  endfacet
  facet normal 0.608729 0 0.793378
    outer loop
      vertex 46 21 46.732
      vertex 46.4142 20 46.4142
      vertex 46.4142 21 46.4142
    endloop
  endfacet
  facet normal 0.608729 0 0.793378
    outer loop
      vertex 46.4142 20 46.4142
      vertex 46 21 46.732
      vertex 46 20 46.732
    endloop
  endfacet
  facet normal 0.382656 0 0.923891
    outer loop
      vertex 45.5176 21 46.9318
      vertex 46 20 46.732
      vertex 46 21 46.732
    endloop
  endfacet
  facet normal 0.382656 0 0.923891
    outer loop
      vertex 46 20 46.732
      vertex 45.5176 21 46.9318
      vertex 45.5176 20 46.9318
    endloop
  endfacet
  facet normal 0.130633 0 0.991431
    outer loop
      vertex 45 21 47
      vertex 45.5176 20 46.9318
      vertex 45.5176 21 46.9318
    endloop
  endfacet
  facet normal 0.130633 0 0.991431
    outer loop
      vertex 45.5176 20 46.9318
      vertex 45 21 47
      vertex 45 20 47
    endloop
  endfacet
  facet normal -0 0 1
    outer loop
      vertex 38 21 47
      vertex 45 20 47
      vertex 45 21 47
    endloop
  endfacet
  facet normal 0 0 1
    outer loop
      vertex 45 20 47
      vertex 38 21 47
      vertex 38 20 47
    endloop
  endfacet
  facet normal -0.130633 0 0.991431
    outer loop
      vertex 37.4824 21 46.9318
      vertex 38 20 47
      vertex 38 21 47
    endloop
  endfacet
  facet normal -0.130633 0 0.991431
    outer loop
      vertex 38 20 47
      vertex 37.4824 21 46.9318
      vertex 37.4824 20 46.9318
    endloop
  endfacet
  facet normal -0.382656 0 0.923891
    outer loop
      vertex 37 21 46.732
      vertex 37.4824 20 46.9318
      vertex 37.4824 21 46.9318
    endloop
  endfacet
  facet normal -0.382656 0 0.923891
    outer loop
      vertex 37.4824 20 46.9318
      vertex 37 21 46.732
      vertex 37 20 46.732
    endloop
  endfacet
  facet normal -0.608729 0 0.793378
    outer loop
      vertex 36.5858 21 46.4142
      vertex 37 20 46.732
      vertex 37 21 46.732
    endloop
  endfacet
  facet normal -0.608729 0 0.793378
    outer loop
      vertex 37 20 46.732
      vertex 36.5858 21 46.4142
      vertex 36.5858 20 46.4142
    endloop
  endfacet
  facet normal -0.793286 0 0.60885
    outer loop
      vertex 36.2679 20 46
      vertex 36.5858 21 46.4142
      vertex 36.2679 21 46
    endloop
  endfacet
  facet normal -0.793286 0 0.60885
    outer loop
      vertex 36.5858 21 46.4142
      vertex 36.2679 20 46
      vertex 36.5858 20 46.4142
    endloop
  endfacet
  facet normal -0.923891 0 0.382656
    outer loop
      vertex 36.0681 20 45.5176
      vertex 36.2679 21 46
      vertex 36.0681 21 45.5176
    endloop
  endfacet
  facet normal -0.923891 0 0.382656
    outer loop
      vertex 36.2679 21 46
      vertex 36.0681 20 45.5176
      vertex 36.2679 20 46
    endloop
  endfacet
  facet normal -0.991456 0 0.130445
    outer loop
      vertex 36 20 45
      vertex 36.0681 21 45.5176
      vertex 36 21 45
    endloop
  endfacet
  facet normal -0.991456 0 0.130445
    outer loop
      vertex 36.0681 21 45.5176
      vertex 36 20 45
      vertex 36.0681 20 45.5176
    endloop
  endfacet
  facet normal -1 0 0
    outer loop
      vertex 36 20 31
      vertex 36 21 45
      vertex 36 21 31
    endloop
  endfacet
  facet normal -1 -0 0
    outer loop
      vertex 36 21 45
      vertex 36 20 31
      vertex 36 20 45
    endloop
  endfacet
  facet normal -0.991456 0 -0.130445
    outer loop
      vertex 36.0681 20 30.4824
      vertex 36 21 31
      vertex 36.0681 21 30.4824
    endloop
  endfacet
  facet normal -0.991456 -0 -0.130445
    outer loop
      vertex 36 21 31
      vertex 36.0681 20 30.4824
      vertex 36 20 31
    endloop
  endfacet
  facet normal -0.923891 0 -0.382656
    outer loop
      vertex 36.2679 20 30
      vertex 36.0681 21 30.4824
      vertex 36.2679 21 30
    endloop
  endfacet
  facet normal -0.923891 -0 -0.382656
    outer loop
      vertex 36.0681 21 30.4824
      vertex 36.2679 20 30
      vertex 36.0681 20 30.4824
    endloop
  endfacet
  facet normal -0.793286 0 -0.60885
    outer loop
      vertex 36.5858 20 29.5858
      vertex 36.2679 21 30
      vertex 36.5858 21 29.5858
    endloop
  endfacet
  facet normal -0.793286 -0 -0.60885
    outer loop
      vertex 36.2679 21 30
      vertex 36.5858 20 29.5858
      vertex 36.2679 20 30
    endloop
  endfacet
  facet normal -0.60885 0 -0.793286
    outer loop
      vertex 36.5858 20 29.5858
      vertex 37 21 29.2679
      vertex 37 20 29.2679
    endloop
  endfacet
  facet normal -0.60885 0 -0.793286
    outer loop
      vertex 37 21 29.2679
      vertex 36.5858 20 29.5858
      vertex 36.5858 21 29.5858
    endloop
  endfacet
  facet normal -0.382656 0 -0.923891
    outer loop
      vertex 37 20 29.2679
      vertex 37.4824 21 29.0681
      vertex 37.4824 20 29.0681
    endloop
  endfacet
  facet normal -0.382656 0 -0.923891
    outer loop
      vertex 37.4824 21 29.0681
      vertex 37 20 29.2679
      vertex 37 21 29.2679
    endloop
  endfacet
  facet normal -0.130445 0 -0.991456
    outer loop
      vertex 37.4824 20 29.0681
      vertex 38 21 29
      vertex 38 20 29
    endloop
  endfacet
  facet normal -0.130445 0 -0.991456
    outer loop
      vertex 38 21 29
      vertex 37.4824 20 29.0681
      vertex 37.4824 21 29.0681
    endloop
  endfacet
  facet normal 0 0 -1
    outer loop
      vertex 38 20 29
      vertex 45 21 29
      vertex 45 20 29
    endloop
  endfacet
  facet normal -0 0 -1
    outer loop
      vertex 45 21 29
      vertex 38 20 29
      vertex 38 21 29
    endloop
  endfacet
  facet normal 0.130445 0 -0.991456
    outer loop
      vertex 45 20 29
      vertex 45.5176 21 29.0681
      vertex 45.5176 20 29.0681
    endloop
  endfacet
  facet normal 0.130445 0 -0.991456
    outer loop
      vertex 45.5176 21 29.0681
      vertex 45 20 29
      vertex 45 21 29
    endloop
  endfacet
  facet normal -0.923746 0 -0.383006
    outer loop
      vertex 26.0804 -24 8.29999
      vertex 26.0204 -23 8.4447
      vertex 26.0804 -23 8.29999
    endloop
  endfacet
  facet normal -0.923746 -0 -0.383006
    outer loop
      vertex 26.0204 -23 8.4447
      vertex 26.0804 -24 8.29999
      vertex 26.0204 -24 8.4447
    endloop
  endfacet
  facet normal 1 -0 0
    outer loop
      vertex 31 -24 11.4
      vertex 31 -23 8.59999
      vertex 31 -23 11.4
    endloop
  endfacet
  facet normal 1 0 0
    outer loop
      vertex 31 -23 8.59999
      vertex 31 -24 11.4
      vertex 31 -24 8.59999
    endloop
  endfacet
  facet normal 0 1 0
    outer loop
      vertex 31 -23 11.4
      vertex 30.4 -23 12
      vertex 30.5553 -23 11.9796
    endloop
  endfacet
  facet normal 0 1 0
    outer loop
      vertex 30.4 -23 12
      vertex 30.4 -23 8
      vertex 26.6 -23 12
    endloop
  endfacet
  facet normal 0 1 0
    outer loop
      vertex 31 -23 11.4
      vertex 30.5553 -23 11.9796
      vertex 30.7 -23 11.9196
    endloop
  endfacet
  facet normal 0 1 0
    outer loop
      vertex 30.4 -23 12
      vertex 31 -23 11.4
      vertex 30.4 -23 8
    endloop
  endfacet
  facet normal 0 1 0
    outer loop
      vertex 31 -23 11.4
      vertex 30.7 -23 11.9196
      vertex 30.8242 -23 11.8242
    endloop
  endfacet
  facet normal 0 1 0
    outer loop
      vertex 26.6 -23 8
      vertex 26.6 -23 12
      vertex 30.4 -23 8
    endloop
  endfacet
  facet normal 0 1 0
    outer loop
      vertex 31 -23 11.4
      vertex 30.8242 -23 11.8242
      vertex 30.9196 -23 11.7
    endloop
  endfacet
  facet normal 0 1 0
    outer loop
      vertex 26.4447 -23 11.9796
      vertex 26 -23 11.4
      vertex 26.3 -23 11.9196
    endloop
  endfacet
  facet normal 0 1 0
    outer loop
      vertex 31 -23 11.4
      vertex 30.9196 -23 11.7
      vertex 30.9796 -23 11.5553
    endloop
  endfacet
  facet normal 0 1 0
    outer loop
      vertex 26.3 -23 11.9196
      vertex 26 -23 11.4
      vertex 26.1757 -23 11.8242
    endloop
  endfacet
  facet normal 0 1 0
    outer loop
      vertex 26.1757 -23 11.8242
      vertex 26 -23 11.4
      vertex 26.0804 -23 11.7
    endloop
  endfacet
  facet normal 0 1 0
    outer loop
      vertex 26.0804 -23 11.7
      vertex 26 -23 11.4
      vertex 26.0204 -23 11.5553
    endloop
  endfacet
  facet normal 0 1 0
    outer loop
      vertex 30.4 -23 8
      vertex 31 -23 11.4
      vertex 31 -23 8.59999
    endloop
  endfacet
  facet normal -0 1 0
    outer loop
      vertex 26 -23 11.4
      vertex 26.6 -23 12
      vertex 26.6 -23 8
    endloop
  endfacet
  facet normal 0 1 0
    outer loop
      vertex 30.4 -23 8
      vertex 31 -23 8.59999
      vertex 30.9796 -23 8.4447
    endloop
  endfacet
  facet normal 0 1 0
    outer loop
      vertex 26.6 -23 12
      vertex 26 -23 11.4
      vertex 26.4447 -23 11.9796
    endloop
  endfacet
  facet normal 0 1 0
    outer loop
      vertex 30.4 -23 8
      vertex 30.9796 -23 8.4447
      vertex 30.9196 -23 8.29999
    endloop
  endfacet
  facet normal 0 1 0
    outer loop
      vertex 26 -23 11.4
      vertex 26.6 -23 8
      vertex 26 -23 8.59999
    endloop
  endfacet
  facet normal 0 1 0
    outer loop
      vertex 30.4 -23 8
      vertex 30.9196 -23 8.29999
      vertex 30.8242 -23 8.17574
    endloop
  endfacet
  facet normal 0 1 0
    outer loop
      vertex 26 -23 8.59999
      vertex 26.6 -23 8
      vertex 26.0204 -23 8.4447
    endloop
  endfacet
  facet normal 0 1 0
    outer loop
      vertex 30.4 -23 8
      vertex 30.8242 -23 8.17574
      vertex 30.7 -23 8.08038
    endloop
  endfacet
  facet normal 0 1 0
    outer loop
      vertex 26.0204 -23 8.4447
      vertex 26.6 -23 8
      vertex 26.0804 -23 8.29999
    endloop
  endfacet
  facet normal 0 1 0
    outer loop
      vertex 30.4 -23 8
      vertex 30.7 -23 8.08038
      vertex 30.5553 -23 8.02043
    endloop
  endfacet
  facet normal 0 1 0
    outer loop
      vertex 26.0804 -23 8.29999
      vertex 26.6 -23 8
      vertex 26.1757 -23 8.17574
    endloop
  endfacet
  facet normal 0 1 0
    outer loop
      vertex 26.1757 -23 8.17574
      vertex 26.6 -23 8
      vertex 26.3 -23 8.08038
    endloop
  endfacet
  facet normal 0 1 0
    outer loop
      vertex 26.3 -23 8.08038
      vertex 26.6 -23 8
      vertex 26.4447 -23 8.02043
    endloop
  endfacet
  facet normal 0.923746 0 -0.383006
    outer loop
      vertex 30.9796 -24 8.4447
      vertex 30.9196 -23 8.29999
      vertex 30.9796 -23 8.4447
    endloop
  endfacet
  facet normal 0.923746 0 -0.383006
    outer loop
      vertex 30.9196 -23 8.29999
      vertex 30.9796 -24 8.4447
      vertex 30.9196 -24 8.29999
    endloop
  endfacet
  facet normal -0.79336 0 0.608753
    outer loop
      vertex 26.0804 -24 11.7
      vertex 26.1757 -23 11.8242
      vertex 26.0804 -23 11.7
    endloop
  endfacet
  facet normal -0.79336 0 0.608753
    outer loop
      vertex 26.1757 -23 11.8242
      vertex 26.0804 -24 11.7
      vertex 26.1757 -24 11.8242
    endloop
  endfacet
  facet normal 0 0 -1
    outer loop
      vertex 26.6 -24 8
      vertex 30.4 -23 8
      vertex 30.4 -24 8
    endloop
  endfacet
  facet normal -0 0 -1
    outer loop
      vertex 30.4 -23 8
      vertex 26.6 -24 8
      vertex 26.6 -23 8
    endloop
  endfacet
  facet normal -0.991481 0 -0.130248
    outer loop
      vertex 26.0204 -24 8.4447
      vertex 26 -23 8.59999
      vertex 26.0204 -23 8.4447
    endloop
  endfacet
  facet normal -0.991481 -0 -0.130248
    outer loop
      vertex 26 -23 8.59999
      vertex 26.0204 -24 8.4447
      vertex 26 -24 8.59999
    endloop
  endfacet
  facet normal -1 0 0
    outer loop
      vertex 26 -24 8.59999
      vertex 26 -23 11.4
      vertex 26 -23 8.59999
    endloop
  endfacet
  facet normal -1 -0 0
    outer loop
      vertex 26 -23 11.4
      vertex 26 -24 8.59999
      vertex 26 -24 11.4
    endloop
  endfacet
  facet normal 0.793051 -0 0.609155
    outer loop
      vertex 30.8242 -24 11.8242
      vertex 30.9196 -23 11.7
      vertex 30.8242 -23 11.8242
    endloop
  endfacet
  facet normal 0.793051 0 0.609155
    outer loop
      vertex 30.9196 -23 11.7
      vertex 30.8242 -24 11.8242
      vertex 30.9196 -24 11.7
    endloop
  endfacet
  facet normal -0.608847 0 0.793288
    outer loop
      vertex 26.1757 -23 11.8242
      vertex 26.3 -24 11.9196
      vertex 26.3 -23 11.9196
    endloop
  endfacet
  facet normal -0.608847 0 0.793288
    outer loop
      vertex 26.3 -24 11.9196
      vertex 26.1757 -23 11.8242
      vertex 26.1757 -24 11.8242
    endloop
  endfacet
  facet normal 0.991481 0 -0.130248
    outer loop
      vertex 31 -24 8.59999
      vertex 30.9796 -23 8.4447
      vertex 31 -23 8.59999
    endloop
  endfacet
  facet normal 0.991481 0 -0.130248
    outer loop
      vertex 30.9796 -23 8.4447
      vertex 31 -24 8.59999
      vertex 30.9796 -24 8.4447
    endloop
  endfacet
  facet normal -0.923737 0 0.383028
    outer loop
      vertex 26.0204 -24 11.5553
      vertex 26.0804 -23 11.7
      vertex 26.0204 -23 11.5553
    endloop
  endfacet
  facet normal -0.923737 0 0.383028
    outer loop
      vertex 26.0804 -23 11.7
      vertex 26.0204 -24 11.5553
      vertex 26.0804 -24 11.7
    endloop
  endfacet
  facet normal -0.13024 0 0.991483
    outer loop
      vertex 26.4447 -23 11.9796
      vertex 26.6 -24 12
      vertex 26.6 -23 12
    endloop
  endfacet
  facet normal -0.13024 0 0.991483
    outer loop
      vertex 26.6 -24 12
      vertex 26.4447 -23 11.9796
      vertex 26.4447 -24 11.9796
    endloop
  endfacet
  facet normal 0.13024 0 0.991483
    outer loop
      vertex 30.4 -23 12
      vertex 30.5553 -24 11.9796
      vertex 30.5553 -23 11.9796
    endloop
  endfacet
  facet normal 0.13024 0 0.991483
    outer loop
      vertex 30.5553 -24 11.9796
      vertex 30.4 -23 12
      vertex 30.4 -24 12
    endloop
  endfacet
  facet normal 0.383028 0 0.923737
    outer loop
      vertex 30.5553 -23 11.9796
      vertex 30.7 -24 11.9196
      vertex 30.7 -23 11.9196
    endloop
  endfacet
  facet normal 0.383028 0 0.923737
    outer loop
      vertex 30.7 -24 11.9196
      vertex 30.5553 -23 11.9796
      vertex 30.5553 -24 11.9796
    endloop
  endfacet
  facet normal -0.991483 0 0.13024
    outer loop
      vertex 26 -24 11.4
      vertex 26.0204 -23 11.5553
      vertex 26 -23 11.4
    endloop
  endfacet
  facet normal -0.991483 0 0.13024
    outer loop
      vertex 26.0204 -23 11.5553
      vertex 26 -24 11.4
      vertex 26.0204 -24 11.5553
    endloop
  endfacet
  facet normal 0.793169 0 -0.609001
    outer loop
      vertex 30.9196 -24 8.29999
      vertex 30.8242 -23 8.17574
      vertex 30.9196 -23 8.29999
    endloop
  endfacet
  facet normal 0.793169 0 -0.609001
    outer loop
      vertex 30.8242 -23 8.17574
      vertex 30.9196 -24 8.29999
      vertex 30.8242 -24 8.17574
    endloop
  endfacet
  facet normal -0 0 1
    outer loop
      vertex 26.6 -23 12
      vertex 30.4 -24 12
      vertex 30.4 -23 12
    endloop
  endfacet
  facet normal 0 0 1
    outer loop
      vertex 30.4 -24 12
      vertex 26.6 -23 12
      vertex 26.6 -24 12
    endloop
  endfacet
  facet normal 0.130428 0 -0.991458
    outer loop
      vertex 30.4 -24 8
      vertex 30.5553 -23 8.02043
      vertex 30.5553 -24 8.02043
    endloop
  endfacet
  facet normal 0.130428 0 -0.991458
    outer loop
      vertex 30.5553 -23 8.02043
      vertex 30.4 -24 8
      vertex 30.4 -23 8
    endloop
  endfacet
  facet normal 0.923737 -0 0.383028
    outer loop
      vertex 30.9196 -24 11.7
      vertex 30.9796 -23 11.5553
      vertex 30.9196 -23 11.7
    endloop
  endfacet
  facet normal 0.923737 0 0.383028
    outer loop
      vertex 30.9796 -23 11.5553
      vertex 30.9196 -24 11.7
      vertex 30.9796 -24 11.5553
    endloop
  endfacet
  facet normal 0.608994 0 -0.793174
    outer loop
      vertex 30.7 -24 8.08038
      vertex 30.8242 -23 8.17574
      vertex 30.8242 -24 8.17574
    endloop
  endfacet
  facet normal 0.608994 0 -0.793174
    outer loop
      vertex 30.8242 -23 8.17574
      vertex 30.7 -24 8.08038
      vertex 30.7 -23 8.08038
    endloop
  endfacet
  facet normal 0.609155 0 0.793051
    outer loop
      vertex 30.7 -23 11.9196
      vertex 30.8242 -24 11.8242
      vertex 30.8242 -23 11.8242
    endloop
  endfacet
  facet normal 0.609155 0 0.793051
    outer loop
      vertex 30.8242 -24 11.8242
      vertex 30.7 -23 11.9196
      vertex 30.7 -24 11.9196
    endloop
  endfacet
  facet normal -0.383028 0 0.923737
    outer loop
      vertex 26.3 -23 11.9196
      vertex 26.4447 -24 11.9796
      vertex 26.4447 -23 11.9796
    endloop
  endfacet
  facet normal -0.383028 0 0.923737
    outer loop
      vertex 26.4447 -24 11.9796
      vertex 26.3 -23 11.9196
      vertex 26.3 -24 11.9196
    endloop
  endfacet
  facet normal 0.991483 -0 0.13024
    outer loop
      vertex 30.9796 -24 11.5553
      vertex 31 -23 11.4
      vertex 30.9796 -23 11.5553
    endloop
  endfacet
  facet normal 0.991483 0 0.13024
    outer loop
      vertex 31 -23 11.4
      vertex 30.9796 -24 11.5553
      vertex 31 -24 11.4
    endloop
  endfacet
  facet normal -0.382756 0 -0.92385
    outer loop
      vertex 26.3 -24 8.08038
      vertex 26.4447 -23 8.02043
      vertex 26.4447 -24 8.02043
    endloop
  endfacet
  facet normal -0.382756 0 -0.92385
    outer loop
      vertex 26.4447 -23 8.02043
      vertex 26.3 -24 8.08038
      vertex 26.3 -23 8.08038
    endloop
  endfacet
  facet normal -0.130428 0 -0.991458
    outer loop
      vertex 26.4447 -24 8.02043
      vertex 26.6 -23 8
      vertex 26.6 -24 8
    endloop
  endfacet
  facet normal -0.130428 0 -0.991458
    outer loop
      vertex 26.6 -23 8
      vertex 26.4447 -24 8.02043
      vertex 26.4447 -23 8.02043
    endloop
  endfacet
  facet normal -0.608686 0 -0.793411
    outer loop
      vertex 26.1757 -24 8.17574
      vertex 26.3 -23 8.08038
      vertex 26.3 -24 8.08038
    endloop
  endfacet
  facet normal -0.608686 0 -0.793411
    outer loop
      vertex 26.3 -23 8.08038
      vertex 26.1757 -24 8.17574
      vertex 26.1757 -23 8.17574
    endloop
  endfacet
  facet normal -0.793478 0 -0.608599
    outer loop
      vertex 26.1757 -24 8.17574
      vertex 26.0804 -23 8.29999
      vertex 26.1757 -23 8.17574
    endloop
  endfacet
  facet normal -0.793478 -0 -0.608599
    outer loop
      vertex 26.0804 -23 8.29999
      vertex 26.1757 -24 8.17574
      vertex 26.0804 -24 8.29999
    endloop
  endfacet
  facet normal 0.382756 0 -0.92385
    outer loop
      vertex 30.5553 -24 8.02043
      vertex 30.7 -23 8.08038
      vertex 30.7 -24 8.08038
    endloop
  endfacet
  facet normal 0.382756 0 -0.92385
    outer loop
      vertex 30.7 -23 8.08038
      vertex 30.5553 -24 8.02043
      vertex 30.5553 -23 8.02043
    endloop
  endfacet
  facet normal -0.923746 0 -0.383006
    outer loop
      vertex 26.0804 23 8.29999
      vertex 26.0204 24 8.4447
      vertex 26.0804 24 8.29999
    endloop
  endfacet
  facet normal -0.923746 -0 -0.383006
    outer loop
      vertex 26.0204 24 8.4447
      vertex 26.0804 23 8.29999
      vertex 26.0204 23 8.4447
    endloop
  endfacet
  facet normal 1 -0 0
    outer loop
      vertex 31 23 11.4
      vertex 31 24 8.59999
      vertex 31 24 11.4
    endloop
  endfacet
  facet normal 1 0 0
    outer loop
      vertex 31 24 8.59999
      vertex 31 23 11.4
      vertex 31 23 8.59999
    endloop
  endfacet
  facet normal 0.923746 0 -0.383006
    outer loop
      vertex 30.9796 23 8.4447
      vertex 30.9196 24 8.29999
      vertex 30.9796 24 8.4447
    endloop
  endfacet
  facet normal 0.923746 0 -0.383006
    outer loop
      vertex 30.9196 24 8.29999
      vertex 30.9796 23 8.4447
      vertex 30.9196 23 8.29999
    endloop
  endfacet
  facet normal -0.79336 0 0.608753
    outer loop
      vertex 26.0804 23 11.7
      vertex 26.1757 24 11.8242
      vertex 26.0804 24 11.7
    endloop
  endfacet
  facet normal -0.79336 0 0.608753
    outer loop
      vertex 26.1757 24 11.8242
      vertex 26.0804 23 11.7
      vertex 26.1757 23 11.8242
    endloop
  endfacet
  facet normal 0 0 -1
    outer loop
      vertex 26.6 23 8
      vertex 30.4 24 8
      vertex 30.4 23 8
    endloop
  endfacet
  facet normal -0 0 -1
    outer loop
      vertex 30.4 24 8
      vertex 26.6 23 8
      vertex 26.6 24 8
    endloop
  endfacet
  facet normal -0.991481 0 -0.130248
    outer loop
      vertex 26.0204 23 8.4447
      vertex 26 24 8.59999
      vertex 26.0204 24 8.4447
    endloop
  endfacet
  facet normal -0.991481 -0 -0.130248
    outer loop
      vertex 26 24 8.59999
      vertex 26.0204 23 8.4447
      vertex 26 23 8.59999
    endloop
  endfacet
  facet normal -1 0 0
    outer loop
      vertex 26 23 8.59999
      vertex 26 24 11.4
      vertex 26 24 8.59999
    endloop
  endfacet
  facet normal -1 -0 0
    outer loop
      vertex 26 24 11.4
      vertex 26 23 8.59999
      vertex 26 23 11.4
    endloop
  endfacet
  facet normal 0.793051 -0 0.609155
    outer loop
      vertex 30.8242 23 11.8242
      vertex 30.9196 24 11.7
      vertex 30.8242 24 11.8242
    endloop
  endfacet
  facet normal 0.793051 0 0.609155
    outer loop
      vertex 30.9196 24 11.7
      vertex 30.8242 23 11.8242
      vertex 30.9196 23 11.7
    endloop
  endfacet
  facet normal -0.608847 0 0.793288
    outer loop
      vertex 26.1757 24 11.8242
      vertex 26.3 23 11.9196
      vertex 26.3 24 11.9196
    endloop
  endfacet
  facet normal -0.608847 0 0.793288
    outer loop
      vertex 26.3 23 11.9196
      vertex 26.1757 24 11.8242
      vertex 26.1757 23 11.8242
    endloop
  endfacet
  facet normal 0.991481 0 -0.130248
    outer loop
      vertex 31 23 8.59999
      vertex 30.9796 24 8.4447
      vertex 31 24 8.59999
    endloop
  endfacet
  facet normal 0.991481 0 -0.130248
    outer loop
      vertex 30.9796 24 8.4447
      vertex 31 23 8.59999
      vertex 30.9796 23 8.4447
    endloop
  endfacet
  facet normal -0.923737 0 0.383028
    outer loop
      vertex 26.0204 23 11.5553
      vertex 26.0804 24 11.7
      vertex 26.0204 24 11.5553
    endloop
  endfacet
  facet normal -0.923737 0 0.383028
    outer loop
      vertex 26.0804 24 11.7
      vertex 26.0204 23 11.5553
      vertex 26.0804 23 11.7
    endloop
  endfacet
  facet normal -0.991483 0 0.13024
    outer loop
      vertex 26 23 11.4
      vertex 26.0204 24 11.5553
      vertex 26 24 11.4
    endloop
  endfacet
  facet normal -0.991483 0 0.13024
    outer loop
      vertex 26.0204 24 11.5553
      vertex 26 23 11.4
      vertex 26.0204 23 11.5553
    endloop
  endfacet
  facet normal -0.13024 0 0.991483
    outer loop
      vertex 26.4447 24 11.9796
      vertex 26.6 23 12
      vertex 26.6 24 12
    endloop
  endfacet
  facet normal -0.13024 0 0.991483
    outer loop
      vertex 26.6 23 12
      vertex 26.4447 24 11.9796
      vertex 26.4447 23 11.9796
    endloop
  endfacet
  facet normal 0.13024 0 0.991483
    outer loop
      vertex 30.4 24 12
      vertex 30.5553 23 11.9796
      vertex 30.5553 24 11.9796
    endloop
  endfacet
  facet normal 0.13024 0 0.991483
    outer loop
      vertex 30.5553 23 11.9796
      vertex 30.4 24 12
      vertex 30.4 23 12
    endloop
  endfacet
  facet normal 0.383028 0 0.923737
    outer loop
      vertex 30.5553 24 11.9796
      vertex 30.7 23 11.9196
      vertex 30.7 24 11.9196
    endloop
  endfacet
  facet normal 0.383028 0 0.923737
    outer loop
      vertex 30.7 23 11.9196
      vertex 30.5553 24 11.9796
      vertex 30.5553 23 11.9796
    endloop
  endfacet
  facet normal 0.793169 0 -0.609001
    outer loop
      vertex 30.9196 23 8.29999
      vertex 30.8242 24 8.17574
      vertex 30.9196 24 8.29999
    endloop
  endfacet
  facet normal 0.793169 0 -0.609001
    outer loop
      vertex 30.8242 24 8.17574
      vertex 30.9196 23 8.29999
      vertex 30.8242 23 8.17574
    endloop
  endfacet
  facet normal -0 0 1
    outer loop
      vertex 26.6 24 12
      vertex 30.4 23 12
      vertex 30.4 24 12
    endloop
  endfacet
  facet normal 0 0 1
    outer loop
      vertex 30.4 23 12
      vertex 26.6 24 12
      vertex 26.6 23 12
    endloop
  endfacet
  facet normal 0.130428 0 -0.991458
    outer loop
      vertex 30.4 23 8
      vertex 30.5553 24 8.02043
      vertex 30.5553 23 8.02043
    endloop
  endfacet
  facet normal 0.130428 0 -0.991458
    outer loop
      vertex 30.5553 24 8.02043
      vertex 30.4 23 8
      vertex 30.4 24 8
    endloop
  endfacet
  facet normal 0.923737 -0 0.383028
    outer loop
      vertex 30.9196 23 11.7
      vertex 30.9796 24 11.5553
      vertex 30.9196 24 11.7
    endloop
  endfacet
  facet normal 0.923737 0 0.383028
    outer loop
      vertex 30.9796 24 11.5553
      vertex 30.9196 23 11.7
      vertex 30.9796 23 11.5553
    endloop
  endfacet
  facet normal 0.608994 0 -0.793174
    outer loop
      vertex 30.7 23 8.08038
      vertex 30.8242 24 8.17574
      vertex 30.8242 23 8.17574
    endloop
  endfacet
  facet normal 0.608994 0 -0.793174
    outer loop
      vertex 30.8242 24 8.17574
      vertex 30.7 23 8.08038
      vertex 30.7 24 8.08038
    endloop
  endfacet
  facet normal 0.609155 0 0.793051
    outer loop
      vertex 30.7 24 11.9196
      vertex 30.8242 23 11.8242
      vertex 30.8242 24 11.8242
    endloop
  endfacet
  facet normal 0.609155 0 0.793051
    outer loop
      vertex 30.8242 23 11.8242
      vertex 30.7 24 11.9196
      vertex 30.7 23 11.9196
    endloop
  endfacet
  facet normal -0.383028 0 0.923737
    outer loop
      vertex 26.3 24 11.9196
      vertex 26.4447 23 11.9796
      vertex 26.4447 24 11.9796
    endloop
  endfacet
  facet normal -0.383028 0 0.923737
    outer loop
      vertex 26.4447 23 11.9796
      vertex 26.3 24 11.9196
      vertex 26.3 23 11.9196
    endloop
  endfacet
  facet normal 0.991483 -0 0.13024
    outer loop
      vertex 30.9796 23 11.5553
      vertex 31 24 11.4
      vertex 30.9796 24 11.5553
    endloop
  endfacet
  facet normal 0.991483 0 0.13024
    outer loop
      vertex 31 24 11.4
      vertex 30.9796 23 11.5553
      vertex 31 23 11.4
    endloop
  endfacet
  facet normal -0.382756 0 -0.92385
    outer loop
      vertex 26.3 23 8.08038
      vertex 26.4447 24 8.02043
      vertex 26.4447 23 8.02043
    endloop
  endfacet
  facet normal -0.382756 0 -0.92385
    outer loop
      vertex 26.4447 24 8.02043
      vertex 26.3 23 8.08038
      vertex 26.3 24 8.08038
    endloop
  endfacet
  facet normal -0.130428 0 -0.991458
    outer loop
      vertex 26.4447 23 8.02043
      vertex 26.6 24 8
      vertex 26.6 23 8
    endloop
  endfacet
  facet normal -0.130428 0 -0.991458
    outer loop
      vertex 26.6 24 8
      vertex 26.4447 23 8.02043
      vertex 26.4447 24 8.02043
    endloop
  endfacet
  facet normal -0.608686 0 -0.793411
    outer loop
      vertex 26.1757 23 8.17574
      vertex 26.3 24 8.08038
      vertex 26.3 23 8.08038
    endloop
  endfacet
  facet normal -0.608686 0 -0.793411
    outer loop
      vertex 26.3 24 8.08038
      vertex 26.1757 23 8.17574
      vertex 26.1757 24 8.17574
    endloop
  endfacet
  facet normal -0.793478 0 -0.608599
    outer loop
      vertex 26.1757 23 8.17574
      vertex 26.0804 24 8.29999
      vertex 26.1757 24 8.17574
    endloop
  endfacet
  facet normal -0.793478 -0 -0.608599
    outer loop
      vertex 26.0804 24 8.29999
      vertex 26.1757 23 8.17574
      vertex 26.0804 23 8.29999
    endloop
  endfacet
  facet normal 0.382756 0 -0.92385
    outer loop
      vertex 30.5553 23 8.02043
      vertex 30.7 24 8.08038
      vertex 30.7 23 8.08038
    endloop
  endfacet
  facet normal 0.382756 0 -0.92385
    outer loop
      vertex 30.7 24 8.08038
      vertex 30.5553 23 8.02043
      vertex 30.5553 24 8.02043
    endloop
  endfacet
  facet normal 0 -1 0
    outer loop
      vertex 26 23 11.4
      vertex 26.6 23 12
      vertex 26.4447 23 11.9796
    endloop
  endfacet
  facet normal 0 -1 0
    outer loop
      vertex 26.6 23 12
      vertex 26.6 23 8
      vertex 30.4 23 12
    endloop
  endfacet
  facet normal 0 -1 0
    outer loop
      vertex 26 23 11.4
      vertex 26.4447 23 11.9796
      vertex 26.3 23 11.9196
    endloop
  endfacet
  facet normal 0 -1 -0
    outer loop
      vertex 26.6 23 12
      vertex 26 23 11.4
      vertex 26.6 23 8
    endloop
  endfacet
  facet normal 0 -1 0
    outer loop
      vertex 26 23 11.4
      vertex 26.3 23 11.9196
      vertex 26.1757 23 11.8242
    endloop
  endfacet
  facet normal 0 -1 0
    outer loop
      vertex 30.4 23 8
      vertex 30.4 23 12
      vertex 26.6 23 8
    endloop
  endfacet
  facet normal 0 -1 0
    outer loop
      vertex 26 23 11.4
      vertex 26.1757 23 11.8242
      vertex 26.0804 23 11.7
    endloop
  endfacet
  facet normal 0 -1 0
    outer loop
      vertex 30.5553 23 11.9796
      vertex 31 23 11.4
      vertex 30.7 23 11.9196
    endloop
  endfacet
  facet normal 0 -1 0
    outer loop
      vertex 26 23 11.4
      vertex 26.0804 23 11.7
      vertex 26.0204 23 11.5553
    endloop
  endfacet
  facet normal 0 -1 0
    outer loop
      vertex 30.7 23 11.9196
      vertex 31 23 11.4
      vertex 30.8242 23 11.8242
    endloop
  endfacet
  facet normal 0 -1 0
    outer loop
      vertex 30.8242 23 11.8242
      vertex 31 23 11.4
      vertex 30.9196 23 11.7
    endloop
  endfacet
  facet normal 0 -1 0
    outer loop
      vertex 30.9196 23 11.7
      vertex 31 23 11.4
      vertex 30.9796 23 11.5553
    endloop
  endfacet
  facet normal 0 -1 0
    outer loop
      vertex 26.6 23 8
      vertex 26 23 11.4
      vertex 26 23 8.59999
    endloop
  endfacet
  facet normal -0 -1 0
    outer loop
      vertex 31 23 11.4
      vertex 30.4 23 12
      vertex 30.4 23 8
    endloop
  endfacet
  facet normal 0 -1 0
    outer loop
      vertex 26.6 23 8
      vertex 26 23 8.59999
      vertex 26.0204 23 8.4447
    endloop
  endfacet
  facet normal 0 -1 0
    outer loop
      vertex 30.4 23 12
      vertex 31 23 11.4
      vertex 30.5553 23 11.9796
    endloop
  endfacet
  facet normal 0 -1 0
    outer loop
      vertex 26.6 23 8
      vertex 26.0204 23 8.4447
      vertex 26.0804 23 8.29999
    endloop
  endfacet
  facet normal 0 -1 -0
    outer loop
      vertex 31 23 11.4
      vertex 30.4 23 8
      vertex 31 23 8.59999
    endloop
  endfacet
  facet normal 0 -1 0
    outer loop
      vertex 26.6 23 8
      vertex 26.0804 23 8.29999
      vertex 26.1757 23 8.17574
    endloop
  endfacet
  facet normal 0 -1 0
    outer loop
      vertex 31 23 8.59999
      vertex 30.4 23 8
      vertex 30.9796 23 8.4447
    endloop
  endfacet
  facet normal 0 -1 0
    outer loop
      vertex 26.6 23 8
      vertex 26.1757 23 8.17574
      vertex 26.3 23 8.08038
    endloop
  endfacet
  facet normal 0 -1 0
    outer loop
      vertex 30.9796 23 8.4447
      vertex 30.4 23 8
      vertex 30.9196 23 8.29999
    endloop
  endfacet
  facet normal 0 -1 0
    outer loop
      vertex 26.6 23 8
      vertex 26.3 23 8.08038
      vertex 26.4447 23 8.02043
    endloop
  endfacet
  facet normal 0 -1 0
    outer loop
      vertex 30.9196 23 8.29999
      vertex 30.4 23 8
      vertex 30.8242 23 8.17574
    endloop
  endfacet
  facet normal 0 -1 0
    outer loop
      vertex 30.8242 23 8.17574
      vertex 30.4 23 8
      vertex 30.7 23 8.08038
    endloop
  endfacet
  facet normal 0 -1 0
    outer loop
      vertex 30.7 23 8.08038
      vertex 30.4 23 8
      vertex 30.5553 23 8.02043
    endloop
  endfacet
  facet normal 1 -0 0
    outer loop
      vertex 1 -8 10.4
      vertex 1 8 9
      vertex 1 8 10.4
    endloop
  endfacet
  facet normal 1 0 0
    outer loop
      vertex 1 8 9
      vertex 1 -8 10.4
      vertex 1 -8 9
    endloop
  endfacet
  facet normal -0 0 1
    outer loop
      vertex 0 8 10.4
      vertex 1 -8 10.4
      vertex 1 8 10.4
    endloop
  endfacet
  facet normal 0 0 1
    outer loop
      vertex 1 -8 10.4
      vertex 0 8 10.4
      vertex 0 -8 10.4
    endloop
  endfacet
  facet normal 0 0 -1
    outer loop
      vertex 0 -8 9
      vertex 1 8 9
      vertex 1 -8 9
    endloop
  endfacet
  facet normal -0 0 -1
    outer loop
      vertex 1 8 9
      vertex 0 -8 9
      vertex 0 8 9
    endloop
  endfacet
  facet normal 0 1 -0
    outer loop
      vertex 1 8 9
      vertex 0 8 10.4
      vertex 1 8 10.4
    endloop
  endfacet
  facet normal 0 1 0
    outer loop
      vertex 0 8 10.4
      vertex 1 8 9
      vertex 0 8 9
    endloop
  endfacet
  facet normal 0 -1 0
    outer loop
      vertex 0 -8 9
      vertex 1 -8 10.4
      vertex 0 -8 10.4
    endloop
  endfacet
  facet normal 0 -1 -0
    outer loop
      vertex 1 -8 10.4
      vertex 0 -8 9
      vertex 1 -8 9
    endloop
  endfacet
  facet normal 1 -0 0
    outer loop
      vertex 1 -8 13.4
      vertex 1 8 12
      vertex 1 8 13.4
    endloop
  endfacet
  facet normal 1 0 0
    outer loop
      vertex 1 8 12
      vertex 1 -8 13.4
      vertex 1 -8 12
    endloop
  endfacet
  facet normal -0 0 1
    outer loop
      vertex 0 8 13.4
      vertex 1 -8 13.4
      vertex 1 8 13.4
    endloop
  endfacet
  facet normal 0 0 1
    outer loop
      vertex 1 -8 13.4
      vertex 0 8 13.4
      vertex 0 -8 13.4
    endloop
  endfacet
  facet normal 0 0 -1
    outer loop
      vertex 0 -8 12
      vertex 1 8 12
      vertex 1 -8 12
    endloop
  endfacet
  facet normal -0 0 -1
    outer loop
      vertex 1 8 12
      vertex 0 -8 12
      vertex 0 8 12
    endloop
  endfacet
  facet normal 0 1 -0
    outer loop
      vertex 1 8 12
      vertex 0 8 13.4
      vertex 1 8 13.4
    endloop
  endfacet
  facet normal 0 1 0
    outer loop
      vertex 0 8 13.4
      vertex 1 8 12
      vertex 0 8 12
    endloop
  endfacet
  facet normal 0 -1 0
    outer loop
      vertex 0 -8 12
      vertex 1 -8 13.4
      vertex 0 -8 13.4
    endloop
  endfacet
  facet normal 0 -1 -0
    outer loop
      vertex 1 -8 13.4
      vertex 0 -8 12
      vertex 1 -8 12
    endloop
  endfacet
  facet normal 1 -0 0
    outer loop
      vertex 1 -8 16.4
      vertex 1 8 15
      vertex 1 8 16.4
    endloop
  endfacet
  facet normal 1 0 0
    outer loop
      vertex 1 8 15
      vertex 1 -8 16.4
      vertex 1 -8 15
    endloop
  endfacet
  facet normal -0 0 1
    outer loop
      vertex 0 8 16.4
      vertex 1 -8 16.4
      vertex 1 8 16.4
    endloop
  endfacet
  facet normal 0 0 1
    outer loop
      vertex 1 -8 16.4
      vertex 0 8 16.4
      vertex 0 -8 16.4
    endloop
  endfacet
  facet normal 0 0 -1
    outer loop
      vertex 0 -8 15
      vertex 1 8 15
      vertex 1 -8 15
    endloop
  endfacet
  facet normal -0 0 -1
    outer loop
      vertex 1 8 15
      vertex 0 -8 15
      vertex 0 8 15
    endloop
  endfacet
  facet normal 0 1 -0
    outer loop
      vertex 1 8 15
      vertex 0 8 16.4
      vertex 1 8 16.4
    endloop
  endfacet
  facet normal 0 1 0
    outer loop
      vertex 0 8 16.4
      vertex 1 8 15
      vertex 0 8 15
    endloop
  endfacet
  facet normal 0 -1 0
    outer loop
      vertex 0 -8 15
      vertex 1 -8 16.4
      vertex 0 -8 16.4
    endloop
  endfacet
  facet normal 0 -1 -0
    outer loop
      vertex 1 -8 16.4
      vertex 0 -8 15
      vertex 1 -8 15
    endloop
  endfacet
  facet normal 0 -0.923891 -0.382656
    outer loop
      vertex 49 -17.232 28
      vertex 50 -17.4318 28.4824
      vertex 49 -17.4318 28.4824
    endloop
  endfacet
  facet normal 0 -0.923891 -0.382656
    outer loop
      vertex 50 -17.4318 28.4824
      vertex 49 -17.232 28
      vertex 50 -17.232 28
    endloop
  endfacet
  facet normal 0 -0.991431 -0.130633
    outer loop
      vertex 49 -17.4318 28.4824
      vertex 50 -17.5 29
      vertex 49 -17.5 29
    endloop
  endfacet
  facet normal 0 -0.991431 -0.130633
    outer loop
      vertex 50 -17.5 29
      vertex 49 -17.4318 28.4824
      vertex 50 -17.4318 28.4824
    endloop
  endfacet
  facet normal 0 -0.382656 0.923891
    outer loop
      vertex 49 -16.0176 46.9318
      vertex 50 -16.5 46.732
      vertex 50 -16.0176 46.9318
    endloop
  endfacet
  facet normal 0 -0.382656 0.923891
    outer loop
      vertex 50 -16.5 46.732
      vertex 49 -16.0176 46.9318
      vertex 49 -16.5 46.732
    endloop
  endfacet
  facet normal 0 0.793378 0.608729
    outer loop
      vertex 50 17.232 46
      vertex 49 16.9142 46.4142
      vertex 50 16.9142 46.4142
    endloop
  endfacet
  facet normal 0 0.793378 0.608729
    outer loop
      vertex 49 16.9142 46.4142
      vertex 50 17.232 46
      vertex 49 17.232 46
    endloop
  endfacet
  facet normal 0 0.923891 -0.382656
    outer loop
      vertex 50 17.232 28
      vertex 49 17.4318 28.4824
      vertex 50 17.4318 28.4824
    endloop
  endfacet
  facet normal 0 0.923891 -0.382656
    outer loop
      vertex 49 17.4318 28.4824
      vertex 50 17.232 28
      vertex 49 17.232 28
    endloop
  endfacet
  facet normal 0 0.60885 -0.793286
    outer loop
      vertex 49 16.5 27.2679
      vertex 50 16.9142 27.5858
      vertex 50 16.5 27.2679
    endloop
  endfacet
  facet normal 0 0.60885 -0.793286
    outer loop
      vertex 50 16.9142 27.5858
      vertex 49 16.5 27.2679
      vertex 49 16.9142 27.5858
    endloop
  endfacet
  facet normal 0 -1 0
    outer loop
      vertex 49 -17.5 29
      vertex 50 -17.5 45
      vertex 49 -17.5 45
    endloop
  endfacet
  facet normal 0 -1 -0
    outer loop
      vertex 50 -17.5 45
      vertex 49 -17.5 29
      vertex 50 -17.5 29
    endloop
  endfacet
  facet normal 0 0.793378 -0.608729
    outer loop
      vertex 50 16.9142 27.5858
      vertex 49 17.232 28
      vertex 50 17.232 28
    endloop
  endfacet
  facet normal 0 0.793378 -0.608729
    outer loop
      vertex 49 17.232 28
      vertex 50 16.9142 27.5858
      vertex 49 16.9142 27.5858
    endloop
  endfacet
  facet normal 0 -0.793378 -0.608729
    outer loop
      vertex 49 -16.9142 27.5858
      vertex 50 -17.232 28
      vertex 49 -17.232 28
    endloop
  endfacet
  facet normal 0 -0.793378 -0.608729
    outer loop
      vertex 50 -17.232 28
      vertex 49 -16.9142 27.5858
      vertex 50 -16.9142 27.5858
    endloop
  endfacet
  facet normal 0 0 -1
    outer loop
      vertex 49 -15.5 27
      vertex 50 15.5 27
      vertex 50 -15.5 27
    endloop
  endfacet
  facet normal -0 0 -1
    outer loop
      vertex 50 15.5 27
      vertex 49 -15.5 27
      vertex 49 15.5 27
    endloop
  endfacet
  facet normal 0 1 -0
    outer loop
      vertex 50 17.5 29
      vertex 49 17.5 45
      vertex 50 17.5 45
    endloop
  endfacet
  facet normal 0 1 0
    outer loop
      vertex 49 17.5 45
      vertex 50 17.5 29
      vertex 49 17.5 29
    endloop
  endfacet
  facet normal -0 0 1
    outer loop
      vertex 49 15.5 47
      vertex 50 -15.5 47
      vertex 50 15.5 47
    endloop
  endfacet
  facet normal 0 0 1
    outer loop
      vertex 50 -15.5 47
      vertex 49 15.5 47
      vertex 49 -15.5 47
    endloop
  endfacet
  facet normal -0 0.382656 0.923891
    outer loop
      vertex 49 16.5 46.732
      vertex 50 16.0176 46.9318
      vertex 50 16.5 46.732
    endloop
  endfacet
  facet normal 0 0.382656 0.923891
    outer loop
      vertex 50 16.0176 46.9318
      vertex 49 16.5 46.732
      vertex 49 16.0176 46.9318
    endloop
  endfacet
  facet normal -0 0.130633 0.991431
    outer loop
      vertex 49 16.0176 46.9318
      vertex 50 15.5 47
      vertex 50 16.0176 46.9318
    endloop
  endfacet
  facet normal 0 0.130633 0.991431
    outer loop
      vertex 50 15.5 47
      vertex 49 16.0176 46.9318
      vertex 49 15.5 47
    endloop
  endfacet
  facet normal 0 -0.130445 -0.991456
    outer loop
      vertex 49 -16.0176 27.0681
      vertex 50 -15.5 27
      vertex 50 -16.0176 27.0681
    endloop
  endfacet
  facet normal -0 -0.130445 -0.991456
    outer loop
      vertex 50 -15.5 27
      vertex 49 -16.0176 27.0681
      vertex 49 -15.5 27
    endloop
  endfacet
  facet normal 0 -0.130633 0.991431
    outer loop
      vertex 49 -15.5 47
      vertex 50 -16.0176 46.9318
      vertex 50 -15.5 47
    endloop
  endfacet
  facet normal 0 -0.130633 0.991431
    outer loop
      vertex 50 -16.0176 46.9318
      vertex 49 -15.5 47
      vertex 49 -16.0176 46.9318
    endloop
  endfacet
  facet normal 0 -0.382656 -0.923891
    outer loop
      vertex 49 -16.5 27.2679
      vertex 50 -16.0176 27.0681
      vertex 50 -16.5 27.2679
    endloop
  endfacet
  facet normal -0 -0.382656 -0.923891
    outer loop
      vertex 50 -16.0176 27.0681
      vertex 49 -16.5 27.2679
      vertex 49 -16.0176 27.0681
    endloop
  endfacet
  facet normal 0 0.382656 -0.923891
    outer loop
      vertex 49 16.0176 27.0681
      vertex 50 16.5 27.2679
      vertex 50 16.0176 27.0681
    endloop
  endfacet
  facet normal 0 0.382656 -0.923891
    outer loop
      vertex 50 16.5 27.2679
      vertex 49 16.0176 27.0681
      vertex 49 16.5 27.2679
    endloop
  endfacet
  facet normal 0 -0.991431 0.130633
    outer loop
      vertex 49 -17.5 45
      vertex 50 -17.4318 45.5176
      vertex 49 -17.4318 45.5176
    endloop
  endfacet
  facet normal 0 -0.991431 0.130633
    outer loop
      vertex 50 -17.4318 45.5176
      vertex 49 -17.5 45
      vertex 50 -17.5 45
    endloop
  endfacet
  facet normal 0 0.991431 0.130633
    outer loop
      vertex 50 17.5 45
      vertex 49 17.4318 45.5176
      vertex 50 17.4318 45.5176
    endloop
  endfacet
  facet normal 0 0.991431 0.130633
    outer loop
      vertex 49 17.4318 45.5176
      vertex 50 17.5 45
      vertex 49 17.5 45
    endloop
  endfacet
  facet normal 0 0.923891 0.382656
    outer loop
      vertex 50 17.4318 45.5176
      vertex 49 17.232 46
      vertex 50 17.232 46
    endloop
  endfacet
  facet normal 0 0.923891 0.382656
    outer loop
      vertex 49 17.232 46
      vertex 50 17.4318 45.5176
      vertex 49 17.4318 45.5176
    endloop
  endfacet
  facet normal 0 -0.923891 0.382656
    outer loop
      vertex 49 -17.4318 45.5176
      vertex 50 -17.232 46
      vertex 49 -17.232 46
    endloop
  endfacet
  facet normal 0 -0.923891 0.382656
    outer loop
      vertex 50 -17.232 46
      vertex 49 -17.4318 45.5176
      vertex 50 -17.4318 45.5176
    endloop
  endfacet
  facet normal 0 0.130445 -0.991456
    outer loop
      vertex 49 15.5 27
      vertex 50 16.0176 27.0681
      vertex 50 15.5 27
    endloop
  endfacet
  facet normal 0 0.130445 -0.991456
    outer loop
      vertex 50 16.0176 27.0681
      vertex 49 15.5 27
      vertex 49 16.0176 27.0681
    endloop
  endfacet
  facet normal 0 -0.60885 -0.793286
    outer loop
      vertex 49 -16.9142 27.5858
      vertex 50 -16.5 27.2679
      vertex 50 -16.9142 27.5858
    endloop
  endfacet
  facet normal -0 -0.60885 -0.793286
    outer loop
      vertex 50 -16.5 27.2679
      vertex 49 -16.9142 27.5858
      vertex 49 -16.5 27.2679
    endloop
  endfacet
  facet normal -1 0 0
    outer loop
      vertex 49 15.5 27
      vertex 49 17.5 29
      vertex 49 17.4318 28.4824
    endloop
  endfacet
  facet normal -1 -0 0
    outer loop
      vertex 49 17.5 29
      vertex 49 15.5 27
      vertex 49 17.5 45
    endloop
  endfacet
  facet normal -1 0 0
    outer loop
      vertex 49 15.5 27
      vertex 49 17.4318 28.4824
      vertex 49 17.232 28
    endloop
  endfacet
  facet normal -1 0 0
    outer loop
      vertex 49 15.5 47
      vertex 49 17.5 45
      vertex 49 15.5 27
    endloop
  endfacet
  facet normal -1 0 0
    outer loop
      vertex 49 15.5 27
      vertex 49 17.232 28
      vertex 49 16.9142 27.5858
    endloop
  endfacet
  facet normal -1 0 0
    outer loop
      vertex 49 17.5 45
      vertex 49 15.5 47
      vertex 49 17.4318 45.5176
    endloop
  endfacet
  facet normal -1 0 0
    outer loop
      vertex 49 15.5 27
      vertex 49 16.9142 27.5858
      vertex 49 16.5 27.2679
    endloop
  endfacet
  facet normal -1 0 0
    outer loop
      vertex 49 17.4318 45.5176
      vertex 49 15.5 47
      vertex 49 17.232 46
    endloop
  endfacet
  facet normal -1 0 0
    outer loop
      vertex 49 15.5 27
      vertex 49 16.5 27.2679
      vertex 49 16.0176 27.0681
    endloop
  endfacet
  facet normal -1 0 0
    outer loop
      vertex 49 17.232 46
      vertex 49 15.5 47
      vertex 49 16.9142 46.4142
    endloop
  endfacet
  facet normal -1 0 0
    outer loop
      vertex 49 16.9142 46.4142
      vertex 49 15.5 47
      vertex 49 16.5 46.732
    endloop
  endfacet
  facet normal -1 0 0
    outer loop
      vertex 49 16.5 46.732
      vertex 49 15.5 47
      vertex 49 16.0176 46.9318
    endloop
  endfacet
  facet normal -1 0 0
    outer loop
      vertex 49 -15.5 27
      vertex 49 15.5 47
      vertex 49 15.5 27
    endloop
  endfacet
  facet normal -1 0 0
    outer loop
      vertex 49 -15.5 27
      vertex 49 -15.5 47
      vertex 49 15.5 47
    endloop
  endfacet
  facet normal -1 0 0
    outer loop
      vertex 49 -17.5 29
      vertex 49 -15.5 27
      vertex 49 -16.0176 27.0681
    endloop
  endfacet
  facet normal -1 0 0
    outer loop
      vertex 49 -15.5 27
      vertex 49 -17.5 29
      vertex 49 -15.5 47
    endloop
  endfacet
  facet normal -1 0 0
    outer loop
      vertex 49 -17.5 29
      vertex 49 -16.0176 27.0681
      vertex 49 -16.5 27.2679
    endloop
  endfacet
  facet normal -1 0 0
    outer loop
      vertex 49 -17.5 45
      vertex 49 -15.5 47
      vertex 49 -17.5 29
    endloop
  endfacet
  facet normal -1 0 0
    outer loop
      vertex 49 -17.5 29
      vertex 49 -16.5 27.2679
      vertex 49 -16.9142 27.5858
    endloop
  endfacet
  facet normal -1 0 0
    outer loop
      vertex 49 -15.5 47
      vertex 49 -17.5 45
      vertex 49 -16.0176 46.9318
    endloop
  endfacet
  facet normal -1 0 0
    outer loop
      vertex 49 -17.5 29
      vertex 49 -16.9142 27.5858
      vertex 49 -17.232 28
    endloop
  endfacet
  facet normal -1 0 0
    outer loop
      vertex 49 -16.0176 46.9318
      vertex 49 -17.5 45
      vertex 49 -16.5 46.732
    endloop
  endfacet
  facet normal -1 0 0
    outer loop
      vertex 49 -17.5 29
      vertex 49 -17.232 28
      vertex 49 -17.4318 28.4824
    endloop
  endfacet
  facet normal -1 0 0
    outer loop
      vertex 49 -16.5 46.732
      vertex 49 -17.5 45
      vertex 49 -16.9142 46.4142
    endloop
  endfacet
  facet normal -1 0 0
    outer loop
      vertex 49 -16.9142 46.4142
      vertex 49 -17.5 45
      vertex 49 -17.232 46
    endloop
  endfacet
  facet normal -1 0 0
    outer loop
      vertex 49 -17.232 46
      vertex 49 -17.5 45
      vertex 49 -17.4318 45.5176
    endloop
  endfacet
  facet normal 0 -0.793378 0.608729
    outer loop
      vertex 49 -17.232 46
      vertex 50 -16.9142 46.4142
      vertex 49 -16.9142 46.4142
    endloop
  endfacet
  facet normal 0 -0.793378 0.608729
    outer loop
      vertex 50 -16.9142 46.4142
      vertex 49 -17.232 46
      vertex 50 -17.232 46
    endloop
  endfacet
  facet normal 0 0.991431 -0.130633
    outer loop
      vertex 50 17.4318 28.4824
      vertex 49 17.5 29
      vertex 50 17.5 29
    endloop
  endfacet
  facet normal 0 0.991431 -0.130633
    outer loop
      vertex 49 17.5 29
      vertex 50 17.4318 28.4824
      vertex 49 17.4318 28.4824
    endloop
  endfacet
  facet normal 0 -0.608729 0.793378
    outer loop
      vertex 49 -16.5 46.732
      vertex 50 -16.9142 46.4142
      vertex 50 -16.5 46.732
    endloop
  endfacet
  facet normal 0 -0.608729 0.793378
    outer loop
      vertex 50 -16.9142 46.4142
      vertex 49 -16.5 46.732
      vertex 49 -16.9142 46.4142
    endloop
  endfacet
  facet normal -0 0.608729 0.793378
    outer loop
      vertex 49 16.9142 46.4142
      vertex 50 16.5 46.732
      vertex 50 16.9142 46.4142
    endloop
  endfacet
  facet normal 0 0.608729 0.793378
    outer loop
      vertex 50 16.5 46.732
      vertex 49 16.9142 46.4142
      vertex 49 16.5 46.732
    endloop
  endfacet
  facet normal 0 -0.923891 -0.382656
    outer loop
      vertex 20 -17.232 34
      vertex 21 -17.4318 34.4824
      vertex 20 -17.4318 34.4824
    endloop
  endfacet
  facet normal 0 -0.923891 -0.382656
    outer loop
      vertex 21 -17.4318 34.4824
      vertex 20 -17.232 34
      vertex 21 -17.232 34
    endloop
  endfacet
  facet normal 0 -0.608729 0.793378
    outer loop
      vertex 20 -16.5 46.732
      vertex 21 -16.9142 46.4142
      vertex 21 -16.5 46.732
    endloop
  endfacet
  facet normal 0 -0.608729 0.793378
    outer loop
      vertex 21 -16.9142 46.4142
      vertex 20 -16.5 46.732
      vertex 20 -16.9142 46.4142
    endloop
  endfacet
  facet normal 0 -0.991431 -0.130633
    outer loop
      vertex 20 -17.4318 34.4824
      vertex 21 -17.5 35
      vertex 20 -17.5 35
    endloop
  endfacet
  facet normal 0 -0.991431 -0.130633
    outer loop
      vertex 21 -17.5 35
      vertex 20 -17.4318 34.4824
      vertex 21 -17.4318 34.4824
    endloop
  endfacet
  facet normal 0 -0.130633 0.991431
    outer loop
      vertex 20 -15.5 47
      vertex 21 -16.0176 46.9318
      vertex 21 -15.5 47
    endloop
  endfacet
  facet normal 0 -0.130633 0.991431
    outer loop
      vertex 21 -16.0176 46.9318
      vertex 20 -15.5 47
      vertex 20 -16.0176 46.9318
    endloop
  endfacet
  facet normal 0 -0.923891 0.382656
    outer loop
      vertex 20 -17.4318 45.5176
      vertex 21 -17.232 46
      vertex 20 -17.232 46
    endloop
  endfacet
  facet normal 0 -0.923891 0.382656
    outer loop
      vertex 21 -17.232 46
      vertex 20 -17.4318 45.5176
      vertex 21 -17.4318 45.5176
    endloop
  endfacet
  facet normal -0 0.130633 0.991431
    outer loop
      vertex 20 16.0176 46.9318
      vertex 21 15.5 47
      vertex 21 16.0176 46.9318
    endloop
  endfacet
  facet normal 0 0.130633 0.991431
    outer loop
      vertex 21 15.5 47
      vertex 20 16.0176 46.9318
      vertex 20 15.5 47
    endloop
  endfacet
  facet normal 0 -0.991431 0.130633
    outer loop
      vertex 20 -17.5 45
      vertex 21 -17.4318 45.5176
      vertex 20 -17.4318 45.5176
    endloop
  endfacet
  facet normal 0 -0.991431 0.130633
    outer loop
      vertex 21 -17.4318 45.5176
      vertex 20 -17.5 45
      vertex 21 -17.5 45
    endloop
  endfacet
  facet normal 0 -0.60885 -0.793286
    outer loop
      vertex 20 -16.9142 33.5858
      vertex 21 -16.5 33.2679
      vertex 21 -16.9142 33.5858
    endloop
  endfacet
  facet normal -0 -0.60885 -0.793286
    outer loop
      vertex 21 -16.5 33.2679
      vertex 20 -16.9142 33.5858
      vertex 20 -16.5 33.2679
    endloop
  endfacet
  facet normal -0 0 1
    outer loop
      vertex 20 15.5 47
      vertex 21 -15.5 47
      vertex 21 15.5 47
    endloop
  endfacet
  facet normal 0 0 1
    outer loop
      vertex 21 -15.5 47
      vertex 20 15.5 47
      vertex 20 -15.5 47
    endloop
  endfacet
  facet normal 0 0.382656 -0.923891
    outer loop
      vertex 20 16.0176 33.0681
      vertex 21 16.5 33.2679
      vertex 21 16.0176 33.0681
    endloop
  endfacet
  facet normal 0 0.382656 -0.923891
    outer loop
      vertex 21 16.5 33.2679
      vertex 20 16.0176 33.0681
      vertex 20 16.5 33.2679
    endloop
  endfacet
  facet normal 0 0.130445 -0.991456
    outer loop
      vertex 20 15.5 33
      vertex 21 16.0176 33.0681
      vertex 21 15.5 33
    endloop
  endfacet
  facet normal 0 0.130445 -0.991456
    outer loop
      vertex 21 16.0176 33.0681
      vertex 20 15.5 33
      vertex 20 16.0176 33.0681
    endloop
  endfacet
  facet normal 0 0.991431 -0.130633
    outer loop
      vertex 21 17.4318 34.4824
      vertex 20 17.5 35
      vertex 21 17.5 35
    endloop
  endfacet
  facet normal 0 0.991431 -0.130633
    outer loop
      vertex 20 17.5 35
      vertex 21 17.4318 34.4824
      vertex 20 17.4318 34.4824
    endloop
  endfacet
  facet normal 0 0.60885 -0.793286
    outer loop
      vertex 20 16.5 33.2679
      vertex 21 16.9142 33.5858
      vertex 21 16.5 33.2679
    endloop
  endfacet
  facet normal 0 0.60885 -0.793286
    outer loop
      vertex 21 16.9142 33.5858
      vertex 20 16.5 33.2679
      vertex 20 16.9142 33.5858
    endloop
  endfacet
  facet normal 0 0.793378 0.608729
    outer loop
      vertex 21 17.232 46
      vertex 20 16.9142 46.4142
      vertex 21 16.9142 46.4142
    endloop
  endfacet
  facet normal 0 0.793378 0.608729
    outer loop
      vertex 20 16.9142 46.4142
      vertex 21 17.232 46
      vertex 20 17.232 46
    endloop
  endfacet
  facet normal 0 -1 0
    outer loop
      vertex 20 -17.5 35
      vertex 21 -17.5 45
      vertex 20 -17.5 45
    endloop
  endfacet
  facet normal 0 -1 -0
    outer loop
      vertex 21 -17.5 45
      vertex 20 -17.5 35
      vertex 21 -17.5 35
    endloop
  endfacet
  facet normal 0 -0.130445 -0.991456
    outer loop
      vertex 20 -16.0176 33.0681
      vertex 21 -15.5 33
      vertex 21 -16.0176 33.0681
    endloop
  endfacet
  facet normal -0 -0.130445 -0.991456
    outer loop
      vertex 21 -15.5 33
      vertex 20 -16.0176 33.0681
      vertex 20 -15.5 33
    endloop
  endfacet
  facet normal 0 -0.793378 -0.608729
    outer loop
      vertex 20 -16.9142 33.5858
      vertex 21 -17.232 34
      vertex 20 -17.232 34
    endloop
  endfacet
  facet normal 0 -0.793378 -0.608729
    outer loop
      vertex 21 -17.232 34
      vertex 20 -16.9142 33.5858
      vertex 21 -16.9142 33.5858
    endloop
  endfacet
  facet normal 0 0 -1
    outer loop
      vertex 20 -15.5 33
      vertex 21 15.5 33
      vertex 21 -15.5 33
    endloop
  endfacet
  facet normal -0 0 -1
    outer loop
      vertex 21 15.5 33
      vertex 20 -15.5 33
      vertex 20 15.5 33
    endloop
  endfacet
  facet normal 0 1 -0
    outer loop
      vertex 21 17.5 35
      vertex 20 17.5 45
      vertex 21 17.5 45
    endloop
  endfacet
  facet normal 0 1 0
    outer loop
      vertex 20 17.5 45
      vertex 21 17.5 35
      vertex 20 17.5 35
    endloop
  endfacet
  facet normal 0 0.991431 0.130633
    outer loop
      vertex 21 17.5 45
      vertex 20 17.4318 45.5176
      vertex 21 17.4318 45.5176
    endloop
  endfacet
  facet normal 0 0.991431 0.130633
    outer loop
      vertex 20 17.4318 45.5176
      vertex 21 17.5 45
      vertex 20 17.5 45
    endloop
  endfacet
  facet normal 0 0.923891 -0.382656
    outer loop
      vertex 21 17.232 34
      vertex 20 17.4318 34.4824
      vertex 21 17.4318 34.4824
    endloop
  endfacet
  facet normal 0 0.923891 -0.382656
    outer loop
      vertex 20 17.4318 34.4824
      vertex 21 17.232 34
      vertex 20 17.232 34
    endloop
  endfacet
  facet normal 0 -0.382656 0.923891
    outer loop
      vertex 20 -16.0176 46.9318
      vertex 21 -16.5 46.732
      vertex 21 -16.0176 46.9318
    endloop
  endfacet
  facet normal 0 -0.382656 0.923891
    outer loop
      vertex 21 -16.5 46.732
      vertex 20 -16.0176 46.9318
      vertex 20 -16.5 46.732
    endloop
  endfacet
  facet normal 0 -0.793378 0.608729
    outer loop
      vertex 20 -17.232 46
      vertex 21 -16.9142 46.4142
      vertex 20 -16.9142 46.4142
    endloop
  endfacet
  facet normal 0 -0.793378 0.608729
    outer loop
      vertex 21 -16.9142 46.4142
      vertex 20 -17.232 46
      vertex 21 -17.232 46
    endloop
  endfacet
  facet normal 0 0.793378 -0.608729
    outer loop
      vertex 21 16.9142 33.5858
      vertex 20 17.232 34
      vertex 21 17.232 34
    endloop
  endfacet
  facet normal 0 0.793378 -0.608729
    outer loop
      vertex 20 17.232 34
      vertex 21 16.9142 33.5858
      vertex 20 16.9142 33.5858
    endloop
  endfacet
  facet normal 0 0.923891 0.382656
    outer loop
      vertex 21 17.4318 45.5176
      vertex 20 17.232 46
      vertex 21 17.232 46
    endloop
  endfacet
  facet normal 0 0.923891 0.382656
    outer loop
      vertex 20 17.232 46
      vertex 21 17.4318 45.5176
      vertex 20 17.4318 45.5176
    endloop
  endfacet
  facet normal 0 -0.382656 -0.923891
    outer loop
      vertex 20 -16.5 33.2679
      vertex 21 -16.0176 33.0681
      vertex 21 -16.5 33.2679
    endloop
  endfacet
  facet normal -0 -0.382656 -0.923891
    outer loop
      vertex 21 -16.0176 33.0681
      vertex 20 -16.5 33.2679
      vertex 20 -16.0176 33.0681
    endloop
  endfacet
  facet normal -0 0.382656 0.923891
    outer loop
      vertex 20 16.5 46.732
      vertex 21 16.0176 46.9318
      vertex 21 16.5 46.732
    endloop
  endfacet
  facet normal 0 0.382656 0.923891
    outer loop
      vertex 21 16.0176 46.9318
      vertex 20 16.5 46.732
      vertex 20 16.0176 46.9318
    endloop
  endfacet
  facet normal -0 0.608729 0.793378
    outer loop
      vertex 20 16.9142 46.4142
      vertex 21 16.5 46.732
      vertex 21 16.9142 46.4142
    endloop
  endfacet
  facet normal 0 0.608729 0.793378
    outer loop
      vertex 21 16.5 46.732
      vertex 20 16.9142 46.4142
      vertex 20 16.5 46.732
    endloop
  endfacet
  facet normal 1 0 0
    outer loop
      vertex 21 15.5 47
      vertex 21 17.5 45
      vertex 21 17.4318 45.5176
    endloop
  endfacet
  facet normal 1 0 0
    outer loop
      vertex 21 17.5 45
      vertex 21 15.5 47
      vertex 21 17.5 35
    endloop
  endfacet
  facet normal 1 0 0
    outer loop
      vertex 21 15.5 47
      vertex 21 17.4318 45.5176
      vertex 21 17.232 46
    endloop
  endfacet
  facet normal 1 0 0
    outer loop
      vertex 21 15.5 33
      vertex 21 17.5 35
      vertex 21 15.5 47
    endloop
  endfacet
  facet normal 1 0 0
    outer loop
      vertex 21 15.5 47
      vertex 21 17.232 46
      vertex 21 16.9142 46.4142
    endloop
  endfacet
  facet normal 1 0 0
    outer loop
      vertex 21 17.5 35
      vertex 21 15.5 33
      vertex 21 17.4318 34.4824
    endloop
  endfacet
  facet normal 1 0 0
    outer loop
      vertex 21 15.5 47
      vertex 21 16.9142 46.4142
      vertex 21 16.5 46.732
    endloop
  endfacet
  facet normal 1 0 0
    outer loop
      vertex 21 17.4318 34.4824
      vertex 21 15.5 33
      vertex 21 17.232 34
    endloop
  endfacet
  facet normal 1 0 0
    outer loop
      vertex 21 15.5 47
      vertex 21 16.5 46.732
      vertex 21 16.0176 46.9318
    endloop
  endfacet
  facet normal 1 0 0
    outer loop
      vertex 21 17.232 34
      vertex 21 15.5 33
      vertex 21 16.9142 33.5858
    endloop
  endfacet
  facet normal 1 0 0
    outer loop
      vertex 21 16.9142 33.5858
      vertex 21 15.5 33
      vertex 21 16.5 33.2679
    endloop
  endfacet
  facet normal 1 0 0
    outer loop
      vertex 21 16.5 33.2679
      vertex 21 15.5 33
      vertex 21 16.0176 33.0681
    endloop
  endfacet
  facet normal 1 -0 0
    outer loop
      vertex 21 -15.5 47
      vertex 21 15.5 33
      vertex 21 15.5 47
    endloop
  endfacet
  facet normal 1 0 0
    outer loop
      vertex 21 -15.5 47
      vertex 21 -15.5 33
      vertex 21 15.5 33
    endloop
  endfacet
  facet normal 1 0 0
    outer loop
      vertex 21 -17.5 45
      vertex 21 -15.5 47
      vertex 21 -16.0176 46.9318
    endloop
  endfacet
  facet normal 1 0 0
    outer loop
      vertex 21 -15.5 47
      vertex 21 -17.5 45
      vertex 21 -15.5 33
    endloop
  endfacet
  facet normal 1 0 0
    outer loop
      vertex 21 -17.5 45
      vertex 21 -16.0176 46.9318
      vertex 21 -16.5 46.732
    endloop
  endfacet
  facet normal 1 -0 0
    outer loop
      vertex 21 -17.5 35
      vertex 21 -15.5 33
      vertex 21 -17.5 45
    endloop
  endfacet
  facet normal 1 0 0
    outer loop
      vertex 21 -17.5 45
      vertex 21 -16.5 46.732
      vertex 21 -16.9142 46.4142
    endloop
  endfacet
  facet normal 1 0 0
    outer loop
      vertex 21 -15.5 33
      vertex 21 -17.5 35
      vertex 21 -16.0176 33.0681
    endloop
  endfacet
  facet normal 1 0 0
    outer loop
      vertex 21 -17.5 45
      vertex 21 -16.9142 46.4142
      vertex 21 -17.232 46
    endloop
  endfacet
  facet normal 1 0 0
    outer loop
      vertex 21 -16.0176 33.0681
      vertex 21 -17.5 35
      vertex 21 -16.5 33.2679
    endloop
  endfacet
  facet normal 1 0 0
    outer loop
      vertex 21 -17.5 45
      vertex 21 -17.232 46
      vertex 21 -17.4318 45.5176
    endloop
  endfacet
  facet normal 1 0 0
    outer loop
      vertex 21 -16.5 33.2679
      vertex 21 -17.5 35
      vertex 21 -16.9142 33.5858
    endloop
  endfacet
  facet normal 1 0 0
    outer loop
      vertex 21 -16.9142 33.5858
      vertex 21 -17.5 35
      vertex 21 -17.232 34
    endloop
  endfacet
  facet normal 1 0 0
    outer loop
      vertex 21 -17.232 34
      vertex 21 -17.5 35
      vertex 21 -17.4318 34.4824
    endloop
  endfacet
  facet normal 0.989154 0.146882 0
    outer loop
      vertex 28.0803 0.40187 54
      vertex 28.0212 0.79987 53.99
      vertex 28.0212 0.79987 54
    endloop
  endfacet
  facet normal 0.989154 0.146882 0
    outer loop
      vertex 28.0212 0.79987 53.99
      vertex 28.0803 0.40187 54
      vertex 28.0803 0.40187 53.99
    endloop
  endfacet
  facet normal 0.998801 0.048962 0
    outer loop
      vertex 28.1 0 54
      vertex 28.0803 0.40187 53.99
      vertex 28.0803 0.40187 54
    endloop
  endfacet
  facet normal 0.998801 0.048962 0
    outer loop
      vertex 28.0803 0.40187 53.99
      vertex 28.1 0 54
      vertex 28.1 0 53.99
    endloop
  endfacet
  facet normal 0.970069 0.242828 0
    outer loop
      vertex 28.0212 0.79987 54
      vertex 27.9235 1.19017 53.99
      vertex 27.9235 1.19017 54
    endloop
  endfacet
  facet normal 0.970069 0.242828 0
    outer loop
      vertex 27.9235 1.19017 53.99
      vertex 28.0212 0.79987 54
      vertex 28.0212 0.79987 53.99
    endloop
  endfacet
  facet normal 0.336919 -0.941534 0
    outer loop
      vertex 25.1902 -3.92346 53.99
      vertex 25.569 -3.78791 54
      vertex 25.1902 -3.92346 54
    endloop
  endfacet
  facet normal 0.336919 -0.941534 0
    outer loop
      vertex 25.569 -3.78791 54
      vertex 25.1902 -3.92346 53.99
      vertex 25.569 -3.78791 53.99
    endloop
  endfacet
  facet normal 0.857675 0.514192 0
    outer loop
      vertex 27.6159 1.93273 54
      vertex 27.409 2.27784 53.99
      vertex 27.409 2.27784 54
    endloop
  endfacet
  facet normal 0.857675 0.514192 0
    outer loop
      vertex 27.409 2.27784 53.99
      vertex 27.6159 1.93273 54
      vertex 27.6159 1.93273 53.99
    endloop
  endfacet
  facet normal 0.941503 0.337005 0
    outer loop
      vertex 27.9235 1.19017 54
      vertex 27.7879 1.569 53.99
      vertex 27.7879 1.569 54
    endloop
  endfacet
  facet normal 0.941503 0.337005 0
    outer loop
      vertex 27.7879 1.569 53.99
      vertex 27.9235 1.19017 54
      vertex 27.9235 1.19017 53.99
    endloop
  endfacet
  facet normal 0.242968 0.970034 -0
    outer loop
      vertex 25.1902 3.92346 53.99
      vertex 24.7999 4.02122 54
      vertex 25.1902 3.92346 54
    endloop
  endfacet
  facet normal 0.242968 0.970034 0
    outer loop
      vertex 24.7999 4.02122 54
      vertex 25.1902 3.92346 53.99
      vertex 24.7999 4.02122 53.99
    endloop
  endfacet
  facet normal -0.740963 0.671546 0
    outer loop
      vertex 20.8307 2.60101 53.99
      vertex 21.1009 2.89914 54
      vertex 21.1009 2.89914 53.99
    endloop
  endfacet
  facet normal -0.740963 0.671546 0
    outer loop
      vertex 21.1009 2.89914 54
      vertex 20.8307 2.60101 53.99
      vertex 20.8307 2.60101 54
    endloop
  endfacet
  facet normal 0.0490576 -0.998796 0
    outer loop
      vertex 24 -4.1 53.99
      vertex 24.4019 -4.08026 54
      vertex 24 -4.1 54
    endloop
  endfacet
  facet normal 0.0490576 -0.998796 0
    outer loop
      vertex 24.4019 -4.08026 54
      vertex 24 -4.1 53.99
      vertex 24.4019 -4.08026 53.99
    endloop
  endfacet
  facet normal 0.427581 0.903977 -0
    outer loop
      vertex 25.9327 3.61588 53.99
      vertex 25.569 3.78791 54
      vertex 25.9327 3.61588 54
    endloop
  endfacet
  facet normal 0.427581 0.903977 0
    outer loop
      vertex 25.569 3.78791 54
      vertex 25.9327 3.61588 53.99
      vertex 25.569 3.78791 53.99
    endloop
  endfacet
  facet normal 0.671583 0.740929 -0
    outer loop
      vertex 26.8991 2.89914 53.99
      vertex 26.601 3.16934 54
      vertex 26.8991 2.89914 54
    endloop
  endfacet
  facet normal 0.671583 0.740929 0
    outer loop
      vertex 26.601 3.16934 54
      vertex 26.8991 2.89914 53.99
      vertex 26.601 3.16934 53.99
    endloop
  endfacet
  facet normal -0.595681 -0.803221 0
    outer loop
      vertex 21.399 -3.16934 53.99
      vertex 21.7222 -3.40903 54
      vertex 21.399 -3.16934 54
    endloop
  endfacet
  facet normal -0.595681 -0.803221 -0
    outer loop
      vertex 21.7222 -3.40903 54
      vertex 21.399 -3.16934 53.99
      vertex 21.7222 -3.40903 53.99
    endloop
  endfacet
  facet normal 0.0490576 0.998796 -0
    outer loop
      vertex 24.4019 4.08026 53.99
      vertex 24 4.1 54
      vertex 24.4019 4.08026 54
    endloop
  endfacet
  facet normal 0.0490576 0.998796 0
    outer loop
      vertex 24 4.1 54
      vertex 24.4019 4.08026 53.99
      vertex 24 4.1 53.99
    endloop
  endfacet
  facet normal 0.242968 -0.970034 0
    outer loop
      vertex 24.7999 -4.02122 53.99
      vertex 25.1902 -3.92346 54
      vertex 24.7999 -4.02122 54
    endloop
  endfacet
  facet normal 0.242968 -0.970034 0
    outer loop
      vertex 25.1902 -3.92346 54
      vertex 24.7999 -4.02122 53.99
      vertex 25.1902 -3.92346 53.99
    endloop
  endfacet
  facet normal 0.989154 -0.146882 0
    outer loop
      vertex 28.0212 -0.79987 54
      vertex 28.0803 -0.40187 53.99
      vertex 28.0803 -0.40187 54
    endloop
  endfacet
  facet normal 0.989154 -0.146882 0
    outer loop
      vertex 28.0803 -0.40187 53.99
      vertex 28.0212 -0.79987 54
      vertex 28.0212 -0.79987 53.99
    endloop
  endfacet
  facet normal 0.514112 -0.857723 0
    outer loop
      vertex 25.9327 -3.61588 53.99
      vertex 26.2778 -3.40903 54
      vertex 25.9327 -3.61588 54
    endloop
  endfacet
  facet normal 0.514112 -0.857723 0
    outer loop
      vertex 26.2778 -3.40903 54
      vertex 25.9327 -3.61588 53.99
      vertex 26.2778 -3.40903 53.99
    endloop
  endfacet
  facet normal -0.242968 -0.970034 0
    outer loop
      vertex 22.8098 -3.92346 53.99
      vertex 23.2001 -4.02122 54
      vertex 22.8098 -3.92346 54
    endloop
  endfacet
  facet normal -0.242968 -0.970034 -0
    outer loop
      vertex 23.2001 -4.02122 54
      vertex 22.8098 -3.92346 53.99
      vertex 23.2001 -4.02122 53.99
    endloop
  endfacet
  facet normal -0.595681 0.803221 0
    outer loop
      vertex 21.7222 3.40903 53.99
      vertex 21.399 3.16934 54
      vertex 21.7222 3.40903 54
    endloop
  endfacet
  facet normal -0.595681 0.803221 0
    outer loop
      vertex 21.399 3.16934 54
      vertex 21.7222 3.40903 53.99
      vertex 21.399 3.16934 53.99
    endloop
  endfacet
  facet normal -0.998801 -0.048962 0
    outer loop
      vertex 19.9197 -0.40187 53.99
      vertex 19.9 0 54
      vertex 19.9 0 53.99
    endloop
  endfacet
  facet normal -0.998801 -0.048962 0
    outer loop
      vertex 19.9 0 54
      vertex 19.9197 -0.40187 53.99
      vertex 19.9197 -0.40187 54
    endloop
  endfacet
  facet normal -0.970069 -0.242828 0
    outer loop
      vertex 20.0765 -1.19017 53.99
      vertex 19.9788 -0.79987 54
      vertex 19.9788 -0.79987 53.99
    endloop
  endfacet
  facet normal -0.970069 -0.242828 0
    outer loop
      vertex 19.9788 -0.79987 54
      vertex 20.0765 -1.19017 53.99
      vertex 20.0765 -1.19017 54
    endloop
  endfacet
  facet normal 0.970069 -0.242828 0
    outer loop
      vertex 27.9235 -1.19017 54
      vertex 28.0212 -0.79987 53.99
      vertex 28.0212 -0.79987 54
    endloop
  endfacet
  facet normal 0.970069 -0.242828 0
    outer loop
      vertex 28.0212 -0.79987 53.99
      vertex 27.9235 -1.19017 54
      vertex 27.9235 -1.19017 53.99
    endloop
  endfacet
  facet normal -0.514112 0.857723 0
    outer loop
      vertex 22.0673 3.61588 53.99
      vertex 21.7222 3.40903 54
      vertex 22.0673 3.61588 54
    endloop
  endfacet
  facet normal -0.514112 0.857723 0
    outer loop
      vertex 21.7222 3.40903 54
      vertex 22.0673 3.61588 53.99
      vertex 21.7222 3.40903 53.99
    endloop
  endfacet
  facet normal 0.595681 0.803221 -0
    outer loop
      vertex 26.601 3.16934 53.99
      vertex 26.2778 3.40903 54
      vertex 26.601 3.16934 54
    endloop
  endfacet
  facet normal 0.595681 0.803221 0
    outer loop
      vertex 26.2778 3.40903 54
      vertex 26.601 3.16934 53.99
      vertex 26.2778 3.40903 53.99
    endloop
  endfacet
  facet normal -0.0490576 0.998796 0
    outer loop
      vertex 24 4.1 53.99
      vertex 23.5981 4.08026 54
      vertex 24 4.1 54
    endloop
  endfacet
  facet normal -0.0490576 0.998796 0
    outer loop
      vertex 23.5981 4.08026 54
      vertex 24 4.1 53.99
      vertex 23.5981 4.08026 53.99
    endloop
  endfacet
  facet normal -0.90402 -0.427491 0
    outer loop
      vertex 20.3841 -1.93273 53.99
      vertex 20.2121 -1.569 54
      vertex 20.2121 -1.569 53.99
    endloop
  endfacet
  facet normal -0.90402 -0.427491 0
    outer loop
      vertex 20.2121 -1.569 54
      vertex 20.3841 -1.93273 53.99
      vertex 20.3841 -1.93273 54
    endloop
  endfacet
  facet normal 0.941503 -0.337005 0
    outer loop
      vertex 27.7879 -1.569 54
      vertex 27.9235 -1.19017 53.99
      vertex 27.9235 -1.19017 54
    endloop
  endfacet
  facet normal 0.941503 -0.337005 0
    outer loop
      vertex 27.9235 -1.19017 53.99
      vertex 27.7879 -1.569 54
      vertex 27.7879 -1.569 53.99
    endloop
  endfacet
  facet normal 0.146736 0.989176 -0
    outer loop
      vertex 24.7999 4.02122 53.99
      vertex 24.4019 4.08026 54
      vertex 24.7999 4.02122 54
    endloop
  endfacet
  facet normal 0.146736 0.989176 0
    outer loop
      vertex 24.4019 4.08026 54
      vertex 24.7999 4.02122 53.99
      vertex 24.4019 4.08026 53.99
    endloop
  endfacet
  facet normal -0.427581 0.903977 0
    outer loop
      vertex 22.431 3.78791 53.99
      vertex 22.0673 3.61588 54
      vertex 22.431 3.78791 54
    endloop
  endfacet
  facet normal -0.427581 0.903977 0
    outer loop
      vertex 22.0673 3.61588 54
      vertex 22.431 3.78791 53.99
      vertex 22.0673 3.61588 53.99
    endloop
  endfacet
  facet normal 0.514112 0.857723 -0
    outer loop
      vertex 26.2778 3.40903 53.99
      vertex 25.9327 3.61588 54
      vertex 26.2778 3.40903 54
    endloop
  endfacet
  facet normal 0.514112 0.857723 0
    outer loop
      vertex 25.9327 3.61588 54
      vertex 26.2778 3.40903 53.99
      vertex 25.9327 3.61588 53.99
    endloop
  endfacet
  facet normal 0.427581 -0.903977 0
    outer loop
      vertex 25.569 -3.78791 53.99
      vertex 25.9327 -3.61588 54
      vertex 25.569 -3.78791 54
    endloop
  endfacet
  facet normal 0.427581 -0.903977 0
    outer loop
      vertex 25.9327 -3.61588 54
      vertex 25.569 -3.78791 53.99
      vertex 25.9327 -3.61588 53.99
    endloop
  endfacet
  facet normal -0.941503 -0.337005 0
    outer loop
      vertex 20.2121 -1.569 53.99
      vertex 20.0765 -1.19017 54
      vertex 20.0765 -1.19017 53.99
    endloop
  endfacet
  facet normal -0.941503 -0.337005 0
    outer loop
      vertex 20.0765 -1.19017 54
      vertex 20.2121 -1.569 53.99
      vertex 20.2121 -1.569 54
    endloop
  endfacet
  facet normal 0.857675 -0.514192 0
    outer loop
      vertex 27.409 -2.27784 54
      vertex 27.6159 -1.93273 53.99
      vertex 27.6159 -1.93273 54
    endloop
  endfacet
  facet normal 0.857675 -0.514192 0
    outer loop
      vertex 27.6159 -1.93273 53.99
      vertex 27.409 -2.27784 54
      vertex 27.409 -2.27784 53.99
    endloop
  endfacet
  facet normal 0.90402 -0.427491 0
    outer loop
      vertex 27.6159 -1.93273 54
      vertex 27.7879 -1.569 53.99
      vertex 27.7879 -1.569 54
    endloop
  endfacet
  facet normal 0.90402 -0.427491 0
    outer loop
      vertex 27.7879 -1.569 53.99
      vertex 27.6159 -1.93273 54
      vertex 27.6159 -1.93273 53.99
    endloop
  endfacet
  facet normal 0.998801 -0.048962 0
    outer loop
      vertex 28.0803 -0.40187 54
      vertex 28.1 0 53.99
      vertex 28.1 0 54
    endloop
  endfacet
  facet normal 0.998801 -0.048962 0
    outer loop
      vertex 28.1 0 53.99
      vertex 28.0803 -0.40187 54
      vertex 28.0803 -0.40187 53.99
    endloop
  endfacet
  facet normal -0.146736 0.989176 0
    outer loop
      vertex 23.5981 4.08026 53.99
      vertex 23.2001 4.02122 54
      vertex 23.5981 4.08026 54
    endloop
  endfacet
  facet normal -0.146736 0.989176 0
    outer loop
      vertex 23.2001 4.02122 54
      vertex 23.5981 4.08026 53.99
      vertex 23.2001 4.02122 53.99
    endloop
  endfacet
  facet normal 0.146736 -0.989176 0
    outer loop
      vertex 24.4019 -4.08026 53.99
      vertex 24.7999 -4.02122 54
      vertex 24.4019 -4.08026 54
    endloop
  endfacet
  facet normal 0.146736 -0.989176 0
    outer loop
      vertex 24.7999 -4.02122 54
      vertex 24.4019 -4.08026 53.99
      vertex 24.7999 -4.02122 53.99
    endloop
  endfacet
  facet normal 0.740963 -0.671546 0
    outer loop
      vertex 26.8991 -2.89914 54
      vertex 27.1693 -2.60101 53.99
      vertex 27.1693 -2.60101 54
    endloop
  endfacet
  facet normal 0.740963 -0.671546 0
    outer loop
      vertex 27.1693 -2.60101 53.99
      vertex 26.8991 -2.89914 54
      vertex 26.8991 -2.89914 53.99
    endloop
  endfacet
  facet normal 0.803183 -0.595733 0
    outer loop
      vertex 27.1693 -2.60101 54
      vertex 27.409 -2.27784 53.99
      vertex 27.409 -2.27784 54
    endloop
  endfacet
  facet normal 0.803183 -0.595733 0
    outer loop
      vertex 27.409 -2.27784 53.99
      vertex 27.1693 -2.60101 54
      vertex 27.1693 -2.60101 53.99
    endloop
  endfacet
  facet normal -0.242968 0.970034 0
    outer loop
      vertex 23.2001 4.02122 53.99
      vertex 22.8098 3.92346 54
      vertex 23.2001 4.02122 54
    endloop
  endfacet
  facet normal -0.242968 0.970034 0
    outer loop
      vertex 22.8098 3.92346 54
      vertex 23.2001 4.02122 53.99
      vertex 22.8098 3.92346 53.99
    endloop
  endfacet
  facet normal 0.803183 0.595733 0
    outer loop
      vertex 27.409 2.27784 54
      vertex 27.1693 2.60101 53.99
      vertex 27.1693 2.60101 54
    endloop
  endfacet
  facet normal 0.803183 0.595733 0
    outer loop
      vertex 27.1693 2.60101 53.99
      vertex 27.409 2.27784 54
      vertex 27.409 2.27784 53.99
    endloop
  endfacet
  facet normal 0.90402 0.427491 0
    outer loop
      vertex 27.7879 1.569 54
      vertex 27.6159 1.93273 53.99
      vertex 27.6159 1.93273 54
    endloop
  endfacet
  facet normal 0.90402 0.427491 0
    outer loop
      vertex 27.6159 1.93273 53.99
      vertex 27.7879 1.569 54
      vertex 27.7879 1.569 53.99
    endloop
  endfacet
  facet normal -0.857675 0.514192 0
    outer loop
      vertex 20.3841 1.93273 53.99
      vertex 20.591 2.27784 54
      vertex 20.591 2.27784 53.99
    endloop
  endfacet
  facet normal -0.857675 0.514192 0
    outer loop
      vertex 20.591 2.27784 54
      vertex 20.3841 1.93273 53.99
      vertex 20.3841 1.93273 54
    endloop
  endfacet
  facet normal -0.671583 0.740929 0
    outer loop
      vertex 21.399 3.16934 53.99
      vertex 21.1009 2.89914 54
      vertex 21.399 3.16934 54
    endloop
  endfacet
  facet normal -0.671583 0.740929 0
    outer loop
      vertex 21.1009 2.89914 54
      vertex 21.399 3.16934 53.99
      vertex 21.1009 2.89914 53.99
    endloop
  endfacet
  facet normal -0.857675 -0.514192 0
    outer loop
      vertex 20.591 -2.27784 53.99
      vertex 20.3841 -1.93273 54
      vertex 20.3841 -1.93273 53.99
    endloop
  endfacet
  facet normal -0.857675 -0.514192 0
    outer loop
      vertex 20.3841 -1.93273 54
      vertex 20.591 -2.27784 53.99
      vertex 20.591 -2.27784 54
    endloop
  endfacet
  facet normal -0.427581 -0.903977 0
    outer loop
      vertex 22.0673 -3.61588 53.99
      vertex 22.431 -3.78791 54
      vertex 22.0673 -3.61588 54
    endloop
  endfacet
  facet normal -0.427581 -0.903977 -0
    outer loop
      vertex 22.431 -3.78791 54
      vertex 22.0673 -3.61588 53.99
      vertex 22.431 -3.78791 53.99
    endloop
  endfacet
  facet normal -0.740963 -0.671546 0
    outer loop
      vertex 21.1009 -2.89914 53.99
      vertex 20.8307 -2.60101 54
      vertex 20.8307 -2.60101 53.99
    endloop
  endfacet
  facet normal -0.740963 -0.671546 0
    outer loop
      vertex 20.8307 -2.60101 54
      vertex 21.1009 -2.89914 53.99
      vertex 21.1009 -2.89914 54
    endloop
  endfacet
  facet normal -0.336919 0.941534 0
    outer loop
      vertex 22.8098 3.92346 53.99
      vertex 22.431 3.78791 54
      vertex 22.8098 3.92346 54
    endloop
  endfacet
  facet normal -0.336919 0.941534 0
    outer loop
      vertex 22.431 3.78791 54
      vertex 22.8098 3.92346 53.99
      vertex 22.431 3.78791 53.99
    endloop
  endfacet
  facet normal -0.514112 -0.857723 0
    outer loop
      vertex 21.7222 -3.40903 53.99
      vertex 22.0673 -3.61588 54
      vertex 21.7222 -3.40903 54
    endloop
  endfacet
  facet normal -0.514112 -0.857723 -0
    outer loop
      vertex 22.0673 -3.61588 54
      vertex 21.7222 -3.40903 53.99
      vertex 22.0673 -3.61588 53.99
    endloop
  endfacet
  facet normal 0.740963 0.671546 0
    outer loop
      vertex 27.1693 2.60101 54
      vertex 26.8991 2.89914 53.99
      vertex 26.8991 2.89914 54
    endloop
  endfacet
  facet normal 0.740963 0.671546 0
    outer loop
      vertex 26.8991 2.89914 53.99
      vertex 27.1693 2.60101 54
      vertex 27.1693 2.60101 53.99
    endloop
  endfacet
  facet normal 0.595681 -0.803221 0
    outer loop
      vertex 26.2778 -3.40903 53.99
      vertex 26.601 -3.16934 54
      vertex 26.2778 -3.40903 54
    endloop
  endfacet
  facet normal 0.595681 -0.803221 0
    outer loop
      vertex 26.601 -3.16934 54
      vertex 26.2778 -3.40903 53.99
      vertex 26.601 -3.16934 53.99
    endloop
  endfacet
  facet normal -0.941503 0.337005 0
    outer loop
      vertex 20.0765 1.19017 53.99
      vertex 20.2121 1.569 54
      vertex 20.2121 1.569 53.99
    endloop
  endfacet
  facet normal -0.941503 0.337005 0
    outer loop
      vertex 20.2121 1.569 54
      vertex 20.0765 1.19017 53.99
      vertex 20.0765 1.19017 54
    endloop
  endfacet
  facet normal -0.989154 -0.146882 0
    outer loop
      vertex 19.9788 -0.79987 53.99
      vertex 19.9197 -0.40187 54
      vertex 19.9197 -0.40187 53.99
    endloop
  endfacet
  facet normal -0.989154 -0.146882 0
    outer loop
      vertex 19.9197 -0.40187 54
      vertex 19.9788 -0.79987 53.99
      vertex 19.9788 -0.79987 54
    endloop
  endfacet
  facet normal 0.336919 0.941534 -0
    outer loop
      vertex 25.569 3.78791 53.99
      vertex 25.1902 3.92346 54
      vertex 25.569 3.78791 54
    endloop
  endfacet
  facet normal 0.336919 0.941534 0
    outer loop
      vertex 25.1902 3.92346 54
      vertex 25.569 3.78791 53.99
      vertex 25.1902 3.92346 53.99
    endloop
  endfacet
  facet normal -0.803183 -0.595733 0
    outer loop
      vertex 20.8307 -2.60101 53.99
      vertex 20.591 -2.27784 54
      vertex 20.591 -2.27784 53.99
    endloop
  endfacet
  facet normal -0.803183 -0.595733 0
    outer loop
      vertex 20.591 -2.27784 54
      vertex 20.8307 -2.60101 53.99
      vertex 20.8307 -2.60101 54
    endloop
  endfacet
  facet normal -0.970069 0.242828 0
    outer loop
      vertex 19.9788 0.79987 53.99
      vertex 20.0765 1.19017 54
      vertex 20.0765 1.19017 53.99
    endloop
  endfacet
  facet normal -0.970069 0.242828 0
    outer loop
      vertex 20.0765 1.19017 54
      vertex 19.9788 0.79987 53.99
      vertex 19.9788 0.79987 54
    endloop
  endfacet
  facet normal -0.90402 0.427491 0
    outer loop
      vertex 20.2121 1.569 53.99
      vertex 20.3841 1.93273 54
      vertex 20.3841 1.93273 53.99
    endloop
  endfacet
  facet normal -0.90402 0.427491 0
    outer loop
      vertex 20.3841 1.93273 54
      vertex 20.2121 1.569 53.99
      vertex 20.2121 1.569 54
    endloop
  endfacet
  facet normal 0 0 -1
    outer loop
      vertex 28.0803 -0.40187 53.99
      vertex 28.0803 0.40187 53.99
      vertex 28.1 0 53.99
    endloop
  endfacet
  facet normal 0 0 -1
    outer loop
      vertex 28.0212 -0.79987 53.99
      vertex 28.0803 0.40187 53.99
      vertex 28.0803 -0.40187 53.99
    endloop
  endfacet
  facet normal 0 0 -1
    outer loop
      vertex 28.0212 -0.79987 53.99
      vertex 28.0212 0.79987 53.99
      vertex 28.0803 0.40187 53.99
    endloop
  endfacet
  facet normal 0 0 -1
    outer loop
      vertex 27.9235 -1.19017 53.99
      vertex 28.0212 0.79987 53.99
      vertex 28.0212 -0.79987 53.99
    endloop
  endfacet
  facet normal 0 0 -1
    outer loop
      vertex 27.9235 -1.19017 53.99
      vertex 27.9235 1.19017 53.99
      vertex 28.0212 0.79987 53.99
    endloop
  endfacet
  facet normal 0 0 -1
    outer loop
      vertex 27.7879 -1.569 53.99
      vertex 27.9235 1.19017 53.99
      vertex 27.9235 -1.19017 53.99
    endloop
  endfacet
  facet normal 0 0 -1
    outer loop
      vertex 27.7879 -1.569 53.99
      vertex 27.7879 1.569 53.99
      vertex 27.9235 1.19017 53.99
    endloop
  endfacet
  facet normal 0 0 -1
    outer loop
      vertex 27.6159 -1.93273 53.99
      vertex 27.7879 1.569 53.99
      vertex 27.7879 -1.569 53.99
    endloop
  endfacet
  facet normal 0 0 -1
    outer loop
      vertex 27.6159 -1.93273 53.99
      vertex 27.6159 1.93273 53.99
      vertex 27.7879 1.569 53.99
    endloop
  endfacet
  facet normal 0 0 -1
    outer loop
      vertex 27.409 -2.27784 53.99
      vertex 27.6159 1.93273 53.99
      vertex 27.6159 -1.93273 53.99
    endloop
  endfacet
  facet normal 0 0 -1
    outer loop
      vertex 27.409 -2.27784 53.99
      vertex 27.409 2.27784 53.99
      vertex 27.6159 1.93273 53.99
    endloop
  endfacet
  facet normal 0 0 -1
    outer loop
      vertex 27.1693 -2.60101 53.99
      vertex 27.409 2.27784 53.99
      vertex 27.409 -2.27784 53.99
    endloop
  endfacet
  facet normal 0 0 -1
    outer loop
      vertex 27.1693 -2.60101 53.99
      vertex 27.1693 2.60101 53.99
      vertex 27.409 2.27784 53.99
    endloop
  endfacet
  facet normal 0 0 -1
    outer loop
      vertex 26.8991 -2.89914 53.99
      vertex 27.1693 2.60101 53.99
      vertex 27.1693 -2.60101 53.99
    endloop
  endfacet
  facet normal 0 0 -1
    outer loop
      vertex 26.8991 -2.89914 53.99
      vertex 26.8991 2.89914 53.99
      vertex 27.1693 2.60101 53.99
    endloop
  endfacet
  facet normal 0 0 -1
    outer loop
      vertex 26.601 -3.16934 53.99
      vertex 26.8991 2.89914 53.99
      vertex 26.8991 -2.89914 53.99
    endloop
  endfacet
  facet normal 0 0 -1
    outer loop
      vertex 26.601 -3.16934 53.99
      vertex 26.601 3.16934 53.99
      vertex 26.8991 2.89914 53.99
    endloop
  endfacet
  facet normal 0 0 -1
    outer loop
      vertex 26.2778 -3.40903 53.99
      vertex 26.601 3.16934 53.99
      vertex 26.601 -3.16934 53.99
    endloop
  endfacet
  facet normal 0 0 -1
    outer loop
      vertex 26.2778 -3.40903 53.99
      vertex 26.2778 3.40903 53.99
      vertex 26.601 3.16934 53.99
    endloop
  endfacet
  facet normal 0 0 -1
    outer loop
      vertex 25.9327 -3.61588 53.99
      vertex 26.2778 3.40903 53.99
      vertex 26.2778 -3.40903 53.99
    endloop
  endfacet
  facet normal 0 0 -1
    outer loop
      vertex 25.9327 -3.61588 53.99
      vertex 25.9327 3.61588 53.99
      vertex 26.2778 3.40903 53.99
    endloop
  endfacet
  facet normal 0 0 -1
    outer loop
      vertex 25.569 -3.78791 53.99
      vertex 25.9327 3.61588 53.99
      vertex 25.9327 -3.61588 53.99
    endloop
  endfacet
  facet normal 0 0 -1
    outer loop
      vertex 25.569 -3.78791 53.99
      vertex 25.569 3.78791 53.99
      vertex 25.9327 3.61588 53.99
    endloop
  endfacet
  facet normal 0 0 -1
    outer loop
      vertex 25.1902 -3.92346 53.99
      vertex 25.569 3.78791 53.99
      vertex 25.569 -3.78791 53.99
    endloop
  endfacet
  facet normal 0 0 -1
    outer loop
      vertex 25.1902 -3.92346 53.99
      vertex 25.1902 3.92346 53.99
      vertex 25.569 3.78791 53.99
    endloop
  endfacet
  facet normal 0 0 -1
    outer loop
      vertex 24.7999 -4.02122 53.99
      vertex 25.1902 3.92346 53.99
      vertex 25.1902 -3.92346 53.99
    endloop
  endfacet
  facet normal 0 0 -1
    outer loop
      vertex 24.7999 -4.02122 53.99
      vertex 24.7999 4.02122 53.99
      vertex 25.1902 3.92346 53.99
    endloop
  endfacet
  facet normal 0 0 -1
    outer loop
      vertex 24.4019 -4.08026 53.99
      vertex 24.7999 4.02122 53.99
      vertex 24.7999 -4.02122 53.99
    endloop
  endfacet
  facet normal 0 0 -1
    outer loop
      vertex 24.4019 -4.08026 53.99
      vertex 24.4019 4.08026 53.99
      vertex 24.7999 4.02122 53.99
    endloop
  endfacet
  facet normal 0 0 -1
    outer loop
      vertex 24 -4.1 53.99
      vertex 24.4019 4.08026 53.99
      vertex 24.4019 -4.08026 53.99
    endloop
  endfacet
  facet normal 0 0 -1
    outer loop
      vertex 24 -4.1 53.99
      vertex 24 4.1 53.99
      vertex 24.4019 4.08026 53.99
    endloop
  endfacet
  facet normal 0 0 -1
    outer loop
      vertex 23.5981 -4.08026 53.99
      vertex 24 4.1 53.99
      vertex 24 -4.1 53.99
    endloop
  endfacet
  facet normal 0 0 -1
    outer loop
      vertex 23.5981 -4.08026 53.99
      vertex 23.5981 4.08026 53.99
      vertex 24 4.1 53.99
    endloop
  endfacet
  facet normal 0 0 -1
    outer loop
      vertex 23.2001 -4.02122 53.99
      vertex 23.5981 4.08026 53.99
      vertex 23.5981 -4.08026 53.99
    endloop
  endfacet
  facet normal 0 0 -1
    outer loop
      vertex 23.2001 -4.02122 53.99
      vertex 23.2001 4.02122 53.99
      vertex 23.5981 4.08026 53.99
    endloop
  endfacet
  facet normal 0 0 -1
    outer loop
      vertex 22.8098 -3.92346 53.99
      vertex 23.2001 4.02122 53.99
      vertex 23.2001 -4.02122 53.99
    endloop
  endfacet
  facet normal 0 0 -1
    outer loop
      vertex 22.8098 -3.92346 53.99
      vertex 22.8098 3.92346 53.99
      vertex 23.2001 4.02122 53.99
    endloop
  endfacet
  facet normal 0 0 -1
    outer loop
      vertex 22.431 -3.78791 53.99
      vertex 22.8098 3.92346 53.99
      vertex 22.8098 -3.92346 53.99
    endloop
  endfacet
  facet normal 0 0 -1
    outer loop
      vertex 22.431 -3.78791 53.99
      vertex 22.431 3.78791 53.99
      vertex 22.8098 3.92346 53.99
    endloop
  endfacet
  facet normal 0 0 -1
    outer loop
      vertex 22.0673 -3.61588 53.99
      vertex 22.431 3.78791 53.99
      vertex 22.431 -3.78791 53.99
    endloop
  endfacet
  facet normal 0 0 -1
    outer loop
      vertex 22.0673 -3.61588 53.99
      vertex 22.0673 3.61588 53.99
      vertex 22.431 3.78791 53.99
    endloop
  endfacet
  facet normal 0 0 -1
    outer loop
      vertex 21.7222 -3.40903 53.99
      vertex 22.0673 3.61588 53.99
      vertex 22.0673 -3.61588 53.99
    endloop
  endfacet
  facet normal 0 0 -1
    outer loop
      vertex 21.7222 -3.40903 53.99
      vertex 21.7222 3.40903 53.99
      vertex 22.0673 3.61588 53.99
    endloop
  endfacet
  facet normal 0 0 -1
    outer loop
      vertex 21.399 -3.16934 53.99
      vertex 21.7222 3.40903 53.99
      vertex 21.7222 -3.40903 53.99
    endloop
  endfacet
  facet normal 0 0 -1
    outer loop
      vertex 21.399 -3.16934 53.99
      vertex 21.399 3.16934 53.99
      vertex 21.7222 3.40903 53.99
    endloop
  endfacet
  facet normal 0 0 -1
    outer loop
      vertex 21.1009 -2.89914 53.99
      vertex 21.399 3.16934 53.99
      vertex 21.399 -3.16934 53.99
    endloop
  endfacet
  facet normal 0 0 -1
    outer loop
      vertex 21.1009 -2.89914 53.99
      vertex 21.1009 2.89914 53.99
      vertex 21.399 3.16934 53.99
    endloop
  endfacet
  facet normal 0 0 -1
    outer loop
      vertex 20.8307 -2.60101 53.99
      vertex 21.1009 2.89914 53.99
      vertex 21.1009 -2.89914 53.99
    endloop
  endfacet
  facet normal 0 0 -1
    outer loop
      vertex 20.8307 -2.60101 53.99
      vertex 20.8307 2.60101 53.99
      vertex 21.1009 2.89914 53.99
    endloop
  endfacet
  facet normal 0 0 -1
    outer loop
      vertex 20.591 -2.27784 53.99
      vertex 20.8307 2.60101 53.99
      vertex 20.8307 -2.60101 53.99
    endloop
  endfacet
  facet normal 0 0 -1
    outer loop
      vertex 20.591 -2.27784 53.99
      vertex 20.591 2.27784 53.99
      vertex 20.8307 2.60101 53.99
    endloop
  endfacet
  facet normal 0 0 -1
    outer loop
      vertex 20.3841 -1.93273 53.99
      vertex 20.591 2.27784 53.99
      vertex 20.591 -2.27784 53.99
    endloop
  endfacet
  facet normal 0 0 -1
    outer loop
      vertex 20.3841 -1.93273 53.99
      vertex 20.3841 1.93273 53.99
      vertex 20.591 2.27784 53.99
    endloop
  endfacet
  facet normal 0 0 -1
    outer loop
      vertex 20.2121 -1.569 53.99
      vertex 20.3841 1.93273 53.99
      vertex 20.3841 -1.93273 53.99
    endloop
  endfacet
  facet normal 0 0 -1
    outer loop
      vertex 20.2121 -1.569 53.99
      vertex 20.2121 1.569 53.99
      vertex 20.3841 1.93273 53.99
    endloop
  endfacet
  facet normal 0 0 -1
    outer loop
      vertex 20.0765 -1.19017 53.99
      vertex 20.2121 1.569 53.99
      vertex 20.2121 -1.569 53.99
    endloop
  endfacet
  facet normal 0 0 -1
    outer loop
      vertex 20.0765 -1.19017 53.99
      vertex 20.0765 1.19017 53.99
      vertex 20.2121 1.569 53.99
    endloop
  endfacet
  facet normal 0 0 -1
    outer loop
      vertex 19.9788 -0.79987 53.99
      vertex 20.0765 1.19017 53.99
      vertex 20.0765 -1.19017 53.99
    endloop
  endfacet
  facet normal 0 0 -1
    outer loop
      vertex 19.9788 -0.79987 53.99
      vertex 19.9788 0.79987 53.99
      vertex 20.0765 1.19017 53.99
    endloop
  endfacet
  facet normal 0 0 -1
    outer loop
      vertex 19.9197 -0.40187 53.99
      vertex 19.9788 0.79987 53.99
      vertex 19.9788 -0.79987 53.99
    endloop
  endfacet
  facet normal 0 0 -1
    outer loop
      vertex 19.9197 -0.40187 53.99
      vertex 19.9197 0.40187 53.99
      vertex 19.9788 0.79987 53.99
    endloop
  endfacet
  facet normal 0 -0 -1
    outer loop
      vertex 19.9197 0.40187 53.99
      vertex 19.9197 -0.40187 53.99
      vertex 19.9 0 53.99
    endloop
  endfacet
  facet normal -0.671583 -0.740929 0
    outer loop
      vertex 21.1009 -2.89914 53.99
      vertex 21.399 -3.16934 54
      vertex 21.1009 -2.89914 54
    endloop
  endfacet
  facet normal -0.671583 -0.740929 -0
    outer loop
      vertex 21.399 -3.16934 54
      vertex 21.1009 -2.89914 53.99
      vertex 21.399 -3.16934 53.99
    endloop
  endfacet
  facet normal -0.803183 0.595733 0
    outer loop
      vertex 20.591 2.27784 53.99
      vertex 20.8307 2.60101 54
      vertex 20.8307 2.60101 53.99
    endloop
  endfacet
  facet normal -0.803183 0.595733 0
    outer loop
      vertex 20.8307 2.60101 54
      vertex 20.591 2.27784 53.99
      vertex 20.591 2.27784 54
    endloop
  endfacet
  facet normal -0.0490576 -0.998796 0
    outer loop
      vertex 23.5981 -4.08026 53.99
      vertex 24 -4.1 54
      vertex 23.5981 -4.08026 54
    endloop
  endfacet
  facet normal -0.0490576 -0.998796 -0
    outer loop
      vertex 24 -4.1 54
      vertex 23.5981 -4.08026 53.99
      vertex 24 -4.1 53.99
    endloop
  endfacet
  facet normal -0.146736 -0.989176 0
    outer loop
      vertex 23.2001 -4.02122 53.99
      vertex 23.5981 -4.08026 54
      vertex 23.2001 -4.02122 54
    endloop
  endfacet
  facet normal -0.146736 -0.989176 -0
    outer loop
      vertex 23.5981 -4.08026 54
      vertex 23.2001 -4.02122 53.99
      vertex 23.5981 -4.08026 53.99
    endloop
  endfacet
  facet normal -0.989154 0.146882 0
    outer loop
      vertex 19.9197 0.40187 53.99
      vertex 19.9788 0.79987 54
      vertex 19.9788 0.79987 53.99
    endloop
  endfacet
  facet normal -0.989154 0.146882 0
    outer loop
      vertex 19.9788 0.79987 54
      vertex 19.9197 0.40187 53.99
      vertex 19.9197 0.40187 54
    endloop
  endfacet
  facet normal -0.998801 0.048962 0
    outer loop
      vertex 19.9 0 53.99
      vertex 19.9197 0.40187 54
      vertex 19.9197 0.40187 53.99
    endloop
  endfacet
  facet normal -0.998801 0.048962 0
    outer loop
      vertex 19.9197 0.40187 54
      vertex 19.9 0 53.99
      vertex 19.9 0 54
    endloop
  endfacet
  facet normal -0.336919 -0.941534 0
    outer loop
      vertex 22.431 -3.78791 53.99
      vertex 22.8098 -3.92346 54
      vertex 22.431 -3.78791 54
    endloop
  endfacet
  facet normal -0.336919 -0.941534 -0
    outer loop
      vertex 22.8098 -3.92346 54
      vertex 22.431 -3.78791 53.99
      vertex 22.8098 -3.92346 53.99
    endloop
  endfacet
  facet normal 0.671583 -0.740929 0
    outer loop
      vertex 26.601 -3.16934 53.99
      vertex 26.8991 -2.89914 54
      vertex 26.601 -3.16934 54
    endloop
  endfacet
  facet normal 0.671583 -0.740929 0
    outer loop
      vertex 26.8991 -2.89914 54
      vertex 26.601 -3.16934 53.99
      vertex 26.8991 -2.89914 53.99
    endloop
  endfacet
  facet normal 0 0 1
    outer loop
      vertex 26.488 0.245043 55.5
      vertex 26.488 -0.245043 55.5
      vertex 26.5 0 55.5
    endloop
  endfacet
  facet normal 0 0 1
    outer loop
      vertex 26.452 0.487725 55.5
      vertex 26.488 -0.245043 55.5
      vertex 26.488 0.245043 55.5
    endloop
  endfacet
  facet normal 0 0 1
    outer loop
      vertex 26.452 0.487725 55.5
      vertex 26.452 -0.487725 55.5
      vertex 26.488 -0.245043 55.5
    endloop
  endfacet
  facet normal 0 0 1
    outer loop
      vertex 26.3923 0.725711 55.5
      vertex 26.452 -0.487725 55.5
      vertex 26.452 0.487725 55.5
    endloop
  endfacet
  facet normal 0 0 1
    outer loop
      vertex 26.3923 0.725711 55.5
      vertex 26.3923 -0.725711 55.5
      vertex 26.452 -0.487725 55.5
    endloop
  endfacet
  facet normal 0 0 1
    outer loop
      vertex 26.3097 0.956708 55.5
      vertex 26.3923 -0.725711 55.5
      vertex 26.3923 0.725711 55.5
    endloop
  endfacet
  facet normal 0 0 1
    outer loop
      vertex 26.3097 0.956708 55.5
      vertex 26.3097 -0.956708 55.5
      vertex 26.3923 -0.725711 55.5
    endloop
  endfacet
  facet normal 0 0 1
    outer loop
      vertex 26.2048 1.17849 55.5
      vertex 26.3097 -0.956708 55.5
      vertex 26.3097 0.956708 55.5
    endloop
  endfacet
  facet normal 0 0 1
    outer loop
      vertex 26.2048 1.17849 55.5
      vertex 26.2048 -1.17849 55.5
      vertex 26.3097 -0.956708 55.5
    endloop
  endfacet
  facet normal 0 0 1
    outer loop
      vertex 26.0787 1.38893 55.5
      vertex 26.2048 -1.17849 55.5
      vertex 26.2048 1.17849 55.5
    endloop
  endfacet
  facet normal 0 0 1
    outer loop
      vertex 26.0787 1.38893 55.5
      vertex 26.0787 -1.38893 55.5
      vertex 26.2048 -1.17849 55.5
    endloop
  endfacet
  facet normal 0 0 1
    outer loop
      vertex 25.9325 1.58598 55.5
      vertex 26.0787 -1.38893 55.5
      vertex 26.0787 1.38893 55.5
    endloop
  endfacet
  facet normal 0 0 1
    outer loop
      vertex 25.9325 1.58598 55.5
      vertex 25.9325 -1.58598 55.5
      vertex 26.0787 -1.38893 55.5
    endloop
  endfacet
  facet normal 0 0 1
    outer loop
      vertex 25.7678 1.76777 55.5
      vertex 25.9325 -1.58598 55.5
      vertex 25.9325 1.58598 55.5
    endloop
  endfacet
  facet normal 0 0 1
    outer loop
      vertex 25.7678 1.76777 55.5
      vertex 25.7678 -1.76777 55.5
      vertex 25.9325 -1.58598 55.5
    endloop
  endfacet
  facet normal 0 0 1
    outer loop
      vertex 25.586 1.93253 55.5
      vertex 25.7678 -1.76777 55.5
      vertex 25.7678 1.76777 55.5
    endloop
  endfacet
  facet normal 0 0 1
    outer loop
      vertex 25.586 1.93253 55.5
      vertex 25.586 -1.93253 55.5
      vertex 25.7678 -1.76777 55.5
    endloop
  endfacet
  facet normal 0 0 1
    outer loop
      vertex 25.3889 2.07867 55.5
      vertex 25.586 -1.93253 55.5
      vertex 25.586 1.93253 55.5
    endloop
  endfacet
  facet normal 0 0 1
    outer loop
      vertex 25.3889 2.07867 55.5
      vertex 25.3889 -2.07867 55.5
      vertex 25.586 -1.93253 55.5
    endloop
  endfacet
  facet normal 0 0 1
    outer loop
      vertex 25.1785 2.2048 55.5
      vertex 25.3889 -2.07867 55.5
      vertex 25.3889 2.07867 55.5
    endloop
  endfacet
  facet normal 0 0 1
    outer loop
      vertex 25.1785 2.2048 55.5
      vertex 25.1785 -2.2048 55.5
      vertex 25.3889 -2.07867 55.5
    endloop
  endfacet
  facet normal 0 0 1
    outer loop
      vertex 24.9567 2.3097 55.5
      vertex 25.1785 -2.2048 55.5
      vertex 25.1785 2.2048 55.5
    endloop
  endfacet
  facet normal 0 0 1
    outer loop
      vertex 24.9567 2.3097 55.5
      vertex 24.9567 -2.3097 55.5
      vertex 25.1785 -2.2048 55.5
    endloop
  endfacet
  facet normal 0 0 1
    outer loop
      vertex 24.7257 2.39235 55.5
      vertex 24.9567 -2.3097 55.5
      vertex 24.9567 2.3097 55.5
    endloop
  endfacet
  facet normal 0 0 1
    outer loop
      vertex 24.7257 2.39235 55.5
      vertex 24.7257 -2.39235 55.5
      vertex 24.9567 -2.3097 55.5
    endloop
  endfacet
  facet normal 0 0 1
    outer loop
      vertex 24.4877 2.45196 55.5
      vertex 24.7257 -2.39235 55.5
      vertex 24.7257 2.39235 55.5
    endloop
  endfacet
  facet normal 0 0 1
    outer loop
      vertex 24.4877 2.45196 55.5
      vertex 24.4877 -2.45196 55.5
      vertex 24.7257 -2.39235 55.5
    endloop
  endfacet
  facet normal 0 0 1
    outer loop
      vertex 24.245 2.48796 55.5
      vertex 24.4877 -2.45196 55.5
      vertex 24.4877 2.45196 55.5
    endloop
  endfacet
  facet normal 0 0 1
    outer loop
      vertex 24.245 2.48796 55.5
      vertex 24.245 -2.48796 55.5
      vertex 24.4877 -2.45196 55.5
    endloop
  endfacet
  facet normal 0 0 1
    outer loop
      vertex 24 2.5 55.5
      vertex 24.245 -2.48796 55.5
      vertex 24.245 2.48796 55.5
    endloop
  endfacet
  facet normal 0 0 1
    outer loop
      vertex 24 2.5 55.5
      vertex 24 -2.5 55.5
      vertex 24.245 -2.48796 55.5
    endloop
  endfacet
  facet normal -0 0 1
    outer loop
      vertex 23.755 2.48796 55.5
      vertex 24 -2.5 55.5
      vertex 24 2.5 55.5
    endloop
  endfacet
  facet normal 0 0 1
    outer loop
      vertex 23.755 2.48796 55.5
      vertex 23.755 -2.48796 55.5
      vertex 24 -2.5 55.5
    endloop
  endfacet
  facet normal -0 0 1
    outer loop
      vertex 23.5123 2.45196 55.5
      vertex 23.755 -2.48796 55.5
      vertex 23.755 2.48796 55.5
    endloop
  endfacet
  facet normal 0 0 1
    outer loop
      vertex 23.5123 2.45196 55.5
      vertex 23.5123 -2.45196 55.5
      vertex 23.755 -2.48796 55.5
    endloop
  endfacet
  facet normal -0 0 1
    outer loop
      vertex 23.2743 2.39235 55.5
      vertex 23.5123 -2.45196 55.5
      vertex 23.5123 2.45196 55.5
    endloop
  endfacet
  facet normal 0 0 1
    outer loop
      vertex 23.2743 2.39235 55.5
      vertex 23.2743 -2.39235 55.5
      vertex 23.5123 -2.45196 55.5
    endloop
  endfacet
  facet normal -0 0 1
    outer loop
      vertex 23.0433 2.3097 55.5
      vertex 23.2743 -2.39235 55.5
      vertex 23.2743 2.39235 55.5
    endloop
  endfacet
  facet normal 0 0 1
    outer loop
      vertex 23.0433 2.3097 55.5
      vertex 23.0433 -2.3097 55.5
      vertex 23.2743 -2.39235 55.5
    endloop
  endfacet
  facet normal -0 0 1
    outer loop
      vertex 22.8215 2.2048 55.5
      vertex 23.0433 -2.3097 55.5
      vertex 23.0433 2.3097 55.5
    endloop
  endfacet
  facet normal 0 0 1
    outer loop
      vertex 22.8215 2.2048 55.5
      vertex 22.8215 -2.2048 55.5
      vertex 23.0433 -2.3097 55.5
    endloop
  endfacet
  facet normal -0 0 1
    outer loop
      vertex 22.6111 2.07867 55.5
      vertex 22.8215 -2.2048 55.5
      vertex 22.8215 2.2048 55.5
    endloop
  endfacet
  facet normal 0 0 1
    outer loop
      vertex 22.6111 2.07867 55.5
      vertex 22.6111 -2.07867 55.5
      vertex 22.8215 -2.2048 55.5
    endloop
  endfacet
  facet normal -0 0 1
    outer loop
      vertex 22.414 1.93253 55.5
      vertex 22.6111 -2.07867 55.5
      vertex 22.6111 2.07867 55.5
    endloop
  endfacet
  facet normal 0 0 1
    outer loop
      vertex 22.414 1.93253 55.5
      vertex 22.414 -1.93253 55.5
      vertex 22.6111 -2.07867 55.5
    endloop
  endfacet
  facet normal -0 0 1
    outer loop
      vertex 22.2322 1.76777 55.5
      vertex 22.414 -1.93253 55.5
      vertex 22.414 1.93253 55.5
    endloop
  endfacet
  facet normal 0 0 1
    outer loop
      vertex 22.2322 1.76777 55.5
      vertex 22.2322 -1.76777 55.5
      vertex 22.414 -1.93253 55.5
    endloop
  endfacet
  facet normal -0 0 1
    outer loop
      vertex 22.0675 1.58598 55.5
      vertex 22.2322 -1.76777 55.5
      vertex 22.2322 1.76777 55.5
    endloop
  endfacet
  facet normal 0 0 1
    outer loop
      vertex 22.0675 1.58598 55.5
      vertex 22.0675 -1.58598 55.5
      vertex 22.2322 -1.76777 55.5
    endloop
  endfacet
  facet normal -0 0 1
    outer loop
      vertex 21.9213 1.38893 55.5
      vertex 22.0675 -1.58598 55.5
      vertex 22.0675 1.58598 55.5
    endloop
  endfacet
  facet normal 0 0 1
    outer loop
      vertex 21.9213 1.38893 55.5
      vertex 21.9213 -1.38893 55.5
      vertex 22.0675 -1.58598 55.5
    endloop
  endfacet
  facet normal -0 0 1
    outer loop
      vertex 21.7952 1.17849 55.5
      vertex 21.9213 -1.38893 55.5
      vertex 21.9213 1.38893 55.5
    endloop
  endfacet
  facet normal 0 0 1
    outer loop
      vertex 21.7952 1.17849 55.5
      vertex 21.7952 -1.17849 55.5
      vertex 21.9213 -1.38893 55.5
    endloop
  endfacet
  facet normal -0 0 1
    outer loop
      vertex 21.6903 0.956708 55.5
      vertex 21.7952 -1.17849 55.5
      vertex 21.7952 1.17849 55.5
    endloop
  endfacet
  facet normal 0 0 1
    outer loop
      vertex 21.6903 0.956708 55.5
      vertex 21.6903 -0.956708 55.5
      vertex 21.7952 -1.17849 55.5
    endloop
  endfacet
  facet normal -0 0 1
    outer loop
      vertex 21.6077 0.725711 55.5
      vertex 21.6903 -0.956708 55.5
      vertex 21.6903 0.956708 55.5
    endloop
  endfacet
  facet normal 0 0 1
    outer loop
      vertex 21.6077 0.725711 55.5
      vertex 21.6077 -0.725711 55.5
      vertex 21.6903 -0.956708 55.5
    endloop
  endfacet
  facet normal -0 0 1
    outer loop
      vertex 21.548 0.487725 55.5
      vertex 21.6077 -0.725711 55.5
      vertex 21.6077 0.725711 55.5
    endloop
  endfacet
  facet normal 0 0 1
    outer loop
      vertex 21.548 0.487725 55.5
      vertex 21.548 -0.487725 55.5
      vertex 21.6077 -0.725711 55.5
    endloop
  endfacet
  facet normal -0 0 1
    outer loop
      vertex 21.512 0.245043 55.5
      vertex 21.548 -0.487725 55.5
      vertex 21.548 0.487725 55.5
    endloop
  endfacet
  facet normal 0 0 1
    outer loop
      vertex 21.512 0.245043 55.5
      vertex 21.512 -0.245043 55.5
      vertex 21.548 -0.487725 55.5
    endloop
  endfacet
  facet normal 0 -0 1
    outer loop
      vertex 21.512 -0.245043 55.5
      vertex 21.512 0.245043 55.5
      vertex 21.5 0 55.5
    endloop
  endfacet
endsolid OpenSCAD_Model
