solid OpenSCAD_Model
  facet normal 1 0 0
    outer loop
      vertex 104.7 10.727 23.184
      vertex 104.7 12.4422 18.325
      vertex 104.7 13.75 18.3211
    endloop
  endfacet
  facet normal 1 0 0
    outer loop
      vertex 104.7 9.11349 23.6698
      vertex 104.7 10.727 23.184
      vertex 104.7 10.6193 23.3163
    endloop
  endfacet
  facet normal 1 0 0
    outer loop
      vertex 104.7 9.11349 23.6698
      vertex 104.7 10.6193 23.3163
      vertex 104.7 10.4988 23.4353
    endloop
  endfacet
  facet normal 1 0 0
    outer loop
      vertex 104.7 9.11349 23.6698
      vertex 104.7 10.4988 23.4353
      vertex 104.7 10.3658 23.5376
    endloop
  endfacet
  facet normal 1 0 0
    outer loop
      vertex 104.7 9.11349 23.6698
      vertex 104.7 10.3658 23.5376
      vertex 104.7 10.2219 23.6224
    endloop
  endfacet
  facet normal 1 -0 0
    outer loop
      vertex 104.7 9.11349 23.6698
      vertex 104.7 10.2219 23.6224
      vertex 104.7 10.0686 23.6891
    endloop
  endfacet
  facet normal 1 0 0
    outer loop
      vertex 104.7 9.11349 23.6698
      vertex 104.7 10.0686 23.6891
      vertex 104.7 9.90744 23.7367
    endloop
  endfacet
  facet normal 1 0 0
    outer loop
      vertex 104.7 9.11349 23.6698
      vertex 104.7 9.90744 23.7367
      vertex 104.7 9.73991 23.7646
    endloop
  endfacet
  facet normal 1 0 0
    outer loop
      vertex 104.7 9.11349 23.6698
      vertex 104.7 9.73991 23.7646
      vertex 104.7 9.58955 23.7722
    endloop
  endfacet
  facet normal 1 0 0
    outer loop
      vertex 104.7 9.11349 23.6698
      vertex 104.7 9.58955 23.7722
      vertex 104.7 9.39746 23.77
    endloop
  endfacet
  facet normal 1 0 0
    outer loop
      vertex 104.7 9.11349 23.6698
      vertex 104.7 9.39746 23.77
      vertex 104.7 9.22775 23.75
    endloop
  endfacet
  facet normal 1 0 0
    outer loop
      vertex 104.7 10.727 23.184
      vertex 104.7 9.11349 23.6698
      vertex 104.7 12.4422 18.325
    endloop
  endfacet
  facet normal 1 0 -0
    outer loop
      vertex 104.7 9.11349 23.6698
      vertex 104.7 9.22775 23.75
      vertex 104.7 9.06395 23.71
    endloop
  endfacet
  facet normal 1 0 0
    outer loop
      vertex 104.7 8.88861 23.6421
      vertex 104.7 9.11349 23.6698
      vertex 104.7 9.06395 23.71
    endloop
  endfacet
  facet normal 1 0 0
    outer loop
      vertex 104.7 8.74219 23.5622
      vertex 104.7 9.11349 23.6698
      vertex 104.7 8.88861 23.6421
    endloop
  endfacet
  facet normal 1 0 0
    outer loop
      vertex 104.7 8.60619 23.4646
      vertex 104.7 9.11349 23.6698
      vertex 104.7 8.74219 23.5622
    endloop
  endfacet
  facet normal 1 0 0
    outer loop
      vertex 104.7 8.48192 23.3503
      vertex 104.7 9.11349 23.6698
      vertex 104.7 8.60619 23.4646
    endloop
  endfacet
  facet normal 1 0 0
    outer loop
      vertex 104.7 9.11349 23.6698
      vertex 104.7 8.48192 23.3503
      vertex 104.7 8.35724 23.2036
    endloop
  endfacet
  facet normal 1 0 0
    outer loop
      vertex 104.7 9.11349 23.6698
      vertex 104.7 8.35724 23.2036
      vertex 104.7 10.4338 18.3263
    endloop
  endfacet
  facet normal 1 -0 0
    outer loop
      vertex 104.7 5.30693 18.3333
      vertex 104.7 10.4338 18.3263
      vertex 104.7 8.35724 23.2036
    endloop
  endfacet
  facet normal 1 0 0
    outer loop
      vertex 104.7 10.4338 18.3263
      vertex 104.7 5.30693 18.3333
      vertex 104.7 5.30609 18.3211
    endloop
  endfacet
  facet normal 1 0 0
    outer loop
      vertex 104.7 -1.10684 22.1826
      vertex 104.7 -2.22046 22.1261
      vertex 104.7 -2.21906 21.9836
    endloop
  endfacet
  facet normal 1 0 0
    outer loop
      vertex 104.7 -2.03548 23.5536
      vertex 104.7 -2.23531 22.2141
      vertex 104.7 -2.22046 22.1261
    endloop
  endfacet
  facet normal 1 0 0
    outer loop
      vertex 104.7 -2.03548 23.5536
      vertex 104.7 -2.26549 22.3046
      vertex 104.7 -2.23531 22.2141
    endloop
  endfacet
  facet normal 1 0 0
    outer loop
      vertex 104.7 -2.03548 23.5536
      vertex 104.7 -2.30615 22.3796
      vertex 104.7 -2.26549 22.3046
    endloop
  endfacet
  facet normal 1 0 0
    outer loop
      vertex 104.7 -2.03548 23.5536
      vertex 104.7 -2.34851 22.4333
      vertex 104.7 -2.30615 22.3796
    endloop
  endfacet
  facet normal 1 0 0
    outer loop
      vertex 104.7 -2.03548 23.5536
      vertex 104.7 -2.40262 22.4819
      vertex 104.7 -2.34851 22.4333
    endloop
  endfacet
  facet normal 1 0 0
    outer loop
      vertex 104.7 -2.61533 22.5663
      vertex 104.7 -2.20392 23.6152
      vertex 104.7 -2.40945 23.6631
    endloop
  endfacet
  facet normal 1 0 0
    outer loop
      vertex 104.7 -2.03548 23.5536
      vertex 104.7 -2.46996 22.5227
      vertex 104.7 -2.40262 22.4819
    endloop
  endfacet
  facet normal 1 0 0
    outer loop
      vertex 104.7 -2.61533 22.5663
      vertex 104.7 -2.40945 23.6631
      vertex 104.7 -2.60603 23.6849
    endloop
  endfacet
  facet normal 1 0 0
    outer loop
      vertex 104.7 -2.20392 23.6152
      vertex 104.7 -2.61533 22.5663
      vertex 104.7 -2.46996 22.5227
    endloop
  endfacet
  facet normal 1 0 0
    outer loop
      vertex 104.7 -2.60603 23.6849
      vertex 104.7 -2.72185 22.5736
      vertex 104.7 -2.61533 22.5663
    endloop
  endfacet
  facet normal 1 0 0
    outer loop
      vertex 104.7 -5.22566 23.6879
      vertex 104.7 -2.72185 22.5736
      vertex 104.7 -2.60603 23.6849
    endloop
  endfacet
  facet normal 1 0 0
    outer loop
      vertex 104.7 -5.22566 23.6879
      vertex 104.7 -5.28941 22.5699
      vertex 104.7 -2.72185 22.5736
    endloop
  endfacet
  facet normal 1 -0 0
    outer loop
      vertex 104.7 -5.50916 23.6654
      vertex 104.7 -5.28941 22.5699
      vertex 104.7 -5.22566 23.6879
    endloop
  endfacet
  facet normal 1 0 0
    outer loop
      vertex 104.7 -5.28941 22.5699
      vertex 104.7 -5.50916 23.6654
      vertex 104.7 -5.4381 22.5435
    endloop
  endfacet
  facet normal 1 -0 0
    outer loop
      vertex 104.7 -5.71896 23.622
      vertex 104.7 -5.4381 22.5435
      vertex 104.7 -5.50916 23.6654
    endloop
  endfacet
  facet normal 1 -0 0
    outer loop
      vertex 104.7 -5.93991 23.5498
      vertex 104.7 -5.4381 22.5435
      vertex 104.7 -5.71896 23.622
    endloop
  endfacet
  facet normal 1 0 0
    outer loop
      vertex 104.7 -5.4381 22.5435
      vertex 104.7 -5.93991 23.5498
      vertex 104.7 -5.57733 22.4938
    endloop
  endfacet
  facet normal 1 -0 0
    outer loop
      vertex 104.7 -6.13037 23.4633
      vertex 104.7 -5.57733 22.4938
      vertex 104.7 -5.93991 23.5498
    endloop
  endfacet
  facet normal 1 0 0
    outer loop
      vertex 104.7 -5.57733 22.4938
      vertex 104.7 -6.13037 23.4633
      vertex 104.7 -5.70503 22.4229
    endloop
  endfacet
  facet normal 1 -0 0
    outer loop
      vertex 104.7 -6.32697 23.3466
      vertex 104.7 -5.70503 22.4229
      vertex 104.7 -6.13037 23.4633
    endloop
  endfacet
  facet normal 1 -0 0
    outer loop
      vertex 104.7 -6.50836 23.2091
      vertex 104.7 -5.70503 22.4229
      vertex 104.7 -6.32697 23.3466
    endloop
  endfacet
  facet normal 1 0 0
    outer loop
      vertex 104.7 -5.70503 22.4229
      vertex 104.7 -6.50836 23.2091
      vertex 104.7 -5.83401 22.3187
    endloop
  endfacet
  facet normal 1 -0 0
    outer loop
      vertex 104.7 -6.673 23.0524
      vertex 104.7 -5.83401 22.3187
      vertex 104.7 -6.50836 23.2091
    endloop
  endfacet
  facet normal 1 -0 0
    outer loop
      vertex 104.7 -6.81921 22.8782
      vertex 104.7 -5.94188 22.1928
      vertex 104.7 -6.673 23.0524
    endloop
  endfacet
  facet normal 1 0 0
    outer loop
      vertex 104.7 -5.83401 22.3187
      vertex 104.7 -6.673 23.0524
      vertex 104.7 -5.94188 22.1928
    endloop
  endfacet
  facet normal 1 0 0
    outer loop
      vertex 104.7 -2.22046 22.1261
      vertex 104.7 -1.10684 22.1826
      vertex 104.7 -1.12872 22.3762
    endloop
  endfacet
  facet normal 1 0 0
    outer loop
      vertex 104.7 -1.10684 22.1826
      vertex 104.7 -2.21906 21.9836
      vertex 104.7 -1.11198 21.9058
    endloop
  endfacet
  facet normal 1 0 0
    outer loop
      vertex 104.7 -2.22046 22.1261
      vertex 104.7 -1.12872 22.3762
      vertex 104.7 -1.1739 22.5676
    endloop
  endfacet
  facet normal 1 0 0
    outer loop
      vertex 104.7 -1.11198 21.9058
      vertex 104.7 -2.21906 21.9836
      vertex 104.7 -1.13162 21.7314
    endloop
  endfacet
  facet normal 1 0 0
    outer loop
      vertex 104.7 -2.22046 22.1261
      vertex 104.7 -1.1739 22.5676
      vertex 104.7 -1.24208 22.7536
    endloop
  endfacet
  facet normal 1 -0 0
    outer loop
      vertex 104.7 -2.23285 21.8794
      vertex 104.7 -1.13162 21.7314
      vertex 104.7 -2.21906 21.9836
    endloop
  endfacet
  facet normal 1 0 0
    outer loop
      vertex 104.7 -1.13162 21.7314
      vertex 104.7 -2.23285 21.8794
      vertex 104.7 -1.17552 21.5399
    endloop
  endfacet
  facet normal 1 0 0
    outer loop
      vertex 104.7 -2.22046 22.1261
      vertex 104.7 -1.24208 22.7536
      vertex 104.7 -1.33299 22.9312
    endloop
  endfacet
  facet normal 1 -0 0
    outer loop
      vertex 104.7 -2.26021 21.7868
      vertex 104.7 -1.17552 21.5399
      vertex 104.7 -2.23285 21.8794
    endloop
  endfacet
  facet normal 1 0 0
    outer loop
      vertex 104.7 -2.22046 22.1261
      vertex 104.7 -1.33299 22.9312
      vertex 104.7 -1.44633 23.0973
    endloop
  endfacet
  facet normal 1 0 0
    outer loop
      vertex 104.7 -2.22046 22.1261
      vertex 104.7 -1.44633 23.0973
      vertex 104.7 -1.56729 23.2345
    endloop
  endfacet
  facet normal 1 0 0
    outer loop
      vertex 104.7 -1.17552 21.5399
      vertex 104.7 -2.26021 21.7868
      vertex 104.7 -1.24251 21.3535
    endloop
  endfacet
  facet normal 1 0 0
    outer loop
      vertex 104.7 -2.22046 22.1261
      vertex 104.7 -1.56729 23.2345
      vertex 104.7 -1.7059 23.3578
    endloop
  endfacet
  facet normal 1 0 0
    outer loop
      vertex 104.7 -1.24251 21.3535
      vertex 104.7 -2.26021 21.7868
      vertex 104.7 -1.33221 21.1754
    endloop
  endfacet
  facet normal 1 0 0
    outer loop
      vertex 104.7 -2.22046 22.1261
      vertex 104.7 -1.7059 23.3578
      vertex 104.7 -1.86203 23.4649
    endloop
  endfacet
  facet normal 1 -0 0
    outer loop
      vertex 104.7 -2.30925 21.6925
      vertex 104.7 -1.33221 21.1754
      vertex 104.7 -2.26021 21.7868
    endloop
  endfacet
  facet normal 1 0 0
    outer loop
      vertex 104.7 -2.22046 22.1261
      vertex 104.7 -1.86203 23.4649
      vertex 104.7 -2.03548 23.5536
    endloop
  endfacet
  facet normal 1 0 0
    outer loop
      vertex 104.7 -1.33221 21.1754
      vertex 104.7 -2.30925 21.6925
      vertex 104.7 -1.44437 21.0086
    endloop
  endfacet
  facet normal 1 0 0
    outer loop
      vertex 104.7 -2.46996 22.5227
      vertex 104.7 -2.03548 23.5536
      vertex 104.7 -2.20392 23.6152
    endloop
  endfacet
  facet normal 1 0 0
    outer loop
      vertex 104.7 -1.44437 21.0086
      vertex 104.7 -2.30925 21.6925
      vertex 104.7 -1.57869 20.8561
    endloop
  endfacet
  facet normal 1 -0 0
    outer loop
      vertex 104.7 -2.36836 21.6236
      vertex 104.7 -1.57869 20.8561
      vertex 104.7 -2.30925 21.6925
    endloop
  endfacet
  facet normal 1 0 0
    outer loop
      vertex 104.7 -1.57869 20.8561
      vertex 104.7 -2.36836 21.6236
      vertex 104.7 -1.73482 20.721
    endloop
  endfacet
  facet normal 1 -0 0
    outer loop
      vertex 104.7 -2.44856 21.5673
      vertex 104.7 -1.73482 20.721
      vertex 104.7 -2.36836 21.6236
    endloop
  endfacet
  facet normal 1 0 0
    outer loop
      vertex 104.7 -1.73482 20.721
      vertex 104.7 -2.44856 21.5673
      vertex 104.7 -1.91255 20.6063
    endloop
  endfacet
  facet normal 1 0 0
    outer loop
      vertex 104.7 -1.91255 20.6063
      vertex 104.7 -2.44856 21.5673
      vertex 104.7 -2.11154 20.515
    endloop
  endfacet
  facet normal 1 -0 0
    outer loop
      vertex 104.7 -2.52449 21.5369
      vertex 104.7 -2.11154 20.515
      vertex 104.7 -2.44856 21.5673
    endloop
  endfacet
  facet normal 1 0 0
    outer loop
      vertex 104.7 -2.11154 20.515
      vertex 104.7 -2.52449 21.5369
      vertex 104.7 -2.30849 20.4555
    endloop
  endfacet
  facet normal 1 -0 0
    outer loop
      vertex 104.7 -2.6154 21.5195
      vertex 104.7 -2.30849 20.4555
      vertex 104.7 -2.52449 21.5369
    endloop
  endfacet
  facet normal 1 0 0
    outer loop
      vertex 104.7 -2.30849 20.4555
      vertex 104.7 -2.6154 21.5195
      vertex 104.7 -2.52223 20.4196
    endloop
  endfacet
  facet normal 1 0 0
    outer loop
      vertex 104.7 -2.6154 21.5195
      vertex 104.7 -2.72516 20.4094
      vertex 104.7 -2.52223 20.4196
    endloop
  endfacet
  facet normal 1 -0 0
    outer loop
      vertex 104.7 -6.09464 21.5164
      vertex 104.7 -2.72516 20.4094
      vertex 104.7 -2.6154 21.5195
    endloop
  endfacet
  facet normal 1 0 0
    outer loop
      vertex 104.7 -6.09464 21.5164
      vertex 104.7 -6.10547 20.4075
      vertex 104.7 -2.72516 20.4094
    endloop
  endfacet
  facet normal 1 0 -0
    outer loop
      vertex 104.7 -6.10547 20.4075
      vertex 104.7 -6.09464 21.5164
      vertex 104.7 -6.10744 21.5247
    endloop
  endfacet
  facet normal 1 -0 0
    outer loop
      vertex 104.7 -5.20779 19.4355
      vertex 104.7 -1.31766 19.4172
      vertex 104.7 -1.32039 19.4355
    endloop
  endfacet
  facet normal 1 0 0
    outer loop
      vertex 104.7 -1.31766 19.4172
      vertex 104.7 -1.32475 18.3258
      vertex 104.7 -1.31766 18.3398
    endloop
  endfacet
  facet normal 1 0 0
    outer loop
      vertex 104.7 -1.31766 19.4172
      vertex 104.7 -5.20779 19.4355
      vertex 104.7 -1.32475 18.3258
    endloop
  endfacet
  facet normal 1 0 0
    outer loop
      vertex 104.7 -5.20779 19.4355
      vertex 104.7 -5.32228 18.3292
      vertex 104.7 -1.32475 18.3258
    endloop
  endfacet
  facet normal 1 0 0
    outer loop
      vertex 104.7 -5.3588 19.449
      vertex 104.7 -5.32228 18.3292
      vertex 104.7 -5.20779 19.4355
    endloop
  endfacet
  facet normal 1 0 0
    outer loop
      vertex 104.7 -5.78539 18.4128
      vertex 104.7 -5.3588 19.449
      vertex 104.7 -5.50156 19.4876
    endloop
  endfacet
  facet normal 1 0 0
    outer loop
      vertex 104.7 -5.3588 19.449
      vertex 104.7 -5.55833 18.3573
      vertex 104.7 -5.32228 18.3292
    endloop
  endfacet
  facet normal 1 0 0
    outer loop
      vertex 104.7 -6.00175 18.4936
      vertex 104.7 -5.50156 19.4876
      vertex 104.7 -5.63411 19.549
    endloop
  endfacet
  facet normal 1 0 0
    outer loop
      vertex 104.7 -6.37917 18.7123
      vertex 104.7 -5.63411 19.549
      vertex 104.7 -5.75444 19.6306
    endloop
  endfacet
  facet normal 1 0 0
    outer loop
      vertex 104.7 -5.3588 19.449
      vertex 104.7 -5.78539 18.4128
      vertex 104.7 -5.55833 18.3573
    endloop
  endfacet
  facet normal 1 0 0
    outer loop
      vertex 104.7 -6.55515 18.8572
      vertex 104.7 -5.75444 19.6306
      vertex 104.7 -5.86053 19.7302
    endloop
  endfacet
  facet normal 1 0 0
    outer loop
      vertex 104.7 -6.7141 19.0207
      vertex 104.7 -5.86053 19.7302
      vertex 104.7 -5.95032 19.8452
    endloop
  endfacet
  facet normal 1 0 0
    outer loop
      vertex 104.7 -5.50156 19.4876
      vertex 104.7 -6.00175 18.4936
      vertex 104.7 -5.78539 18.4128
    endloop
  endfacet
  facet normal 1 0 0
    outer loop
      vertex 104.7 -6.97415 19.3965
      vertex 104.7 -5.95032 19.8452
      vertex 104.7 -6.0218 19.9732
    endloop
  endfacet
  facet normal 1 0 0
    outer loop
      vertex 104.7 -7.06415 19.5859
      vertex 104.7 -6.0218 19.9732
      vertex 104.7 -6.07289 20.1119
    endloop
  endfacet
  facet normal 1 0 0
    outer loop
      vertex 104.7 -7.18854 20.0134
      vertex 104.7 -6.07289 20.1119
      vertex 104.7 -6.10167 20.2588
    endloop
  endfacet
  facet normal 1 -0 0
    outer loop
      vertex 104.7 -6.93468 22.706
      vertex 104.7 -5.94188 22.1928
      vertex 104.7 -6.81921 22.8782
    endloop
  endfacet
  facet normal 1 0 0
    outer loop
      vertex 104.7 -5.63411 19.549
      vertex 104.7 -6.2058 18.5981
      vertex 104.7 -6.00175 18.4936
    endloop
  endfacet
  facet normal 1 -0 0
    outer loop
      vertex 104.7 -7.2188 20.3382
      vertex 104.7 -6.10167 20.2588
      vertex 104.7 -6.10547 20.4075
    endloop
  endfacet
  facet normal 1 0 0
    outer loop
      vertex 104.7 -5.94188 22.1928
      vertex 104.7 -6.93468 22.706
      vertex 104.7 -6.01639 22.0674
    endloop
  endfacet
  facet normal 1 -0 0
    outer loop
      vertex 104.7 -7.04092 22.503
      vertex 104.7 -6.01639 22.0674
      vertex 104.7 -6.93468 22.706
    endloop
  endfacet
  facet normal 1 0 0
    outer loop
      vertex 104.7 -6.10744 21.5247
      vertex 104.7 -7.2188 20.3382
      vertex 104.7 -6.10547 20.4075
    endloop
  endfacet
  facet normal 1 0 0
    outer loop
      vertex 104.7 -6.01639 22.0674
      vertex 104.7 -7.04092 22.503
      vertex 104.7 -6.07007 21.9301
    endloop
  endfacet
  facet normal 1 0 0
    outer loop
      vertex 104.7 -6.10167 20.2588
      vertex 104.7 -7.2188 20.3382
      vertex 104.7 -7.21106 20.1849
    endloop
  endfacet
  facet normal 1 -0 0
    outer loop
      vertex 104.7 -7.1174 22.3074
      vertex 104.7 -6.07007 21.9301
      vertex 104.7 -7.04092 22.503
    endloop
  endfacet
  facet normal 1 0 0
    outer loop
      vertex 104.7 -5.63411 19.549
      vertex 104.7 -6.37917 18.7123
      vertex 104.7 -6.2058 18.5981
    endloop
  endfacet
  facet normal 1 -0 0
    outer loop
      vertex 104.7 -7.17784 22.0815
      vertex 104.7 -6.07007 21.9301
      vertex 104.7 -7.1174 22.3074
    endloop
  endfacet
  facet normal 1 0 0
    outer loop
      vertex 104.7 -5.75444 19.6306
      vertex 104.7 -6.55515 18.8572
      vertex 104.7 -6.37917 18.7123
    endloop
  endfacet
  facet normal 1 0 0
    outer loop
      vertex 104.7 -6.07007 21.9301
      vertex 104.7 -7.17784 22.0815
      vertex 104.7 -6.10075 21.783
    endloop
  endfacet
  facet normal 1 0 0
    outer loop
      vertex 104.7 -5.86053 19.7302
      vertex 104.7 -6.7141 19.0207
      vertex 104.7 -6.55515 18.8572
    endloop
  endfacet
  facet normal 1 -0 0
    outer loop
      vertex 104.7 -7.20985 21.868
      vertex 104.7 -6.10075 21.783
      vertex 104.7 -7.17784 22.0815
    endloop
  endfacet
  facet normal 1 0 0
    outer loop
      vertex 104.7 -5.95032 19.8452
      vertex 104.7 -6.85425 19.2011
      vertex 104.7 -6.7141 19.0207
    endloop
  endfacet
  facet normal 1 0 0
    outer loop
      vertex 104.7 -7.21887 21.6923
      vertex 104.7 -6.10075 21.783
      vertex 104.7 -7.20985 21.868
    endloop
  endfacet
  facet normal 1 0 0
    outer loop
      vertex 104.7 -5.95032 19.8452
      vertex 104.7 -6.97415 19.3965
      vertex 104.7 -6.85425 19.2011
    endloop
  endfacet
  facet normal 1 0 0
    outer loop
      vertex 104.7 -6.10075 21.783
      vertex 104.7 -7.21887 21.6923
      vertex 104.7 -6.10744 21.5247
    endloop
  endfacet
  facet normal 1 0 0
    outer loop
      vertex 104.7 -6.0218 19.9732
      vertex 104.7 -7.06415 19.5859
      vertex 104.7 -6.97415 19.3965
    endloop
  endfacet
  facet normal 1 0 -0
    outer loop
      vertex 104.7 -7.2188 20.3382
      vertex 104.7 -6.10744 21.5247
      vertex 104.7 -7.21887 21.6923
    endloop
  endfacet
  facet normal 1 0 0
    outer loop
      vertex 104.7 -6.07289 20.1119
      vertex 104.7 -7.14062 19.8053
      vertex 104.7 -7.06415 19.5859
    endloop
  endfacet
  facet normal 1 0 0
    outer loop
      vertex 104.7 -6.10167 20.2588
      vertex 104.7 -7.21106 20.1849
      vertex 104.7 -7.18854 20.0134
    endloop
  endfacet
  facet normal 1 0 0
    outer loop
      vertex 104.7 -6.07289 20.1119
      vertex 104.7 -7.18854 20.0134
      vertex 104.7 -7.14062 19.8053
    endloop
  endfacet
  facet normal 1 0 0
    outer loop
      vertex 104.7 -7.88019 23.6852
      vertex 104.7 -7.86949 22.5756
      vertex 104.7 -7.86949 23.6748
    endloop
  endfacet
  facet normal 1 0 0
    outer loop
      vertex 104.7 -7.88019 23.6852
      vertex 104.7 -11.7357 22.5736
      vertex 104.7 -7.86949 22.5756
    endloop
  endfacet
  facet normal 1 -0 0
    outer loop
      vertex 104.7 -11.7934 23.6844
      vertex 104.7 -11.7357 22.5736
      vertex 104.7 -7.88019 23.6852
    endloop
  endfacet
  facet normal 1 -0 0
    outer loop
      vertex 104.7 -11.9467 23.6744
      vertex 104.7 -11.7357 22.5736
      vertex 104.7 -11.7934 23.6844
    endloop
  endfacet
  facet normal 1 0 0
    outer loop
      vertex 104.7 -11.7357 22.5736
      vertex 104.7 -11.9467 23.6744
      vertex 104.7 -11.9093 22.5571
    endloop
  endfacet
  facet normal 1 -0 0
    outer loop
      vertex 104.7 -12.1179 23.6491
      vertex 104.7 -11.9093 22.5571
      vertex 104.7 -11.9467 23.6744
    endloop
  endfacet
  facet normal 1 -0 0
    outer loop
      vertex 104.7 -12.2636 23.6154
      vertex 104.7 -11.9093 22.5571
      vertex 104.7 -12.1179 23.6491
    endloop
  endfacet
  facet normal 1 0 0
    outer loop
      vertex 104.7 -11.9093 22.5571
      vertex 104.7 -12.2636 23.6154
      vertex 104.7 -12.0522 22.5166
    endloop
  endfacet
  facet normal 1 -0 0
    outer loop
      vertex 104.7 -12.425 23.5642
      vertex 104.7 -12.0522 22.5166
      vertex 104.7 -12.2636 23.6154
    endloop
  endfacet
  facet normal 1 -0 0
    outer loop
      vertex 104.7 -12.5611 23.5088
      vertex 104.7 -12.0522 22.5166
      vertex 104.7 -12.425 23.5642
    endloop
  endfacet
  facet normal 1 0 0
    outer loop
      vertex 104.7 -12.0522 22.5166
      vertex 104.7 -12.5611 23.5088
      vertex 104.7 -12.2024 22.4437
    endloop
  endfacet
  facet normal 1 -0 0
    outer loop
      vertex 104.7 -12.7104 23.4339
      vertex 104.7 -12.2024 22.4437
      vertex 104.7 -12.5611 23.5088
    endloop
  endfacet
  facet normal 1 -0 0
    outer loop
      vertex 104.7 -12.8524 23.3474
      vertex 104.7 -12.2024 22.4437
      vertex 104.7 -12.7104 23.4339
    endloop
  endfacet
  facet normal 1 0 0
    outer loop
      vertex 104.7 -12.2024 22.4437
      vertex 104.7 -12.8524 23.3474
      vertex 104.7 -12.32 22.3588
    endloop
  endfacet
  facet normal 1 -0 0
    outer loop
      vertex 104.7 -12.9863 23.2498
      vertex 104.7 -12.32 22.3588
      vertex 104.7 -12.8524 23.3474
    endloop
  endfacet
  facet normal 1 -0 0
    outer loop
      vertex 104.7 -13.1116 23.1417
      vertex 104.7 -12.32 22.3588
      vertex 104.7 -12.9863 23.2498
    endloop
  endfacet
  facet normal 1 0 0
    outer loop
      vertex 104.7 -12.32 22.3588
      vertex 104.7 -13.1116 23.1417
      vertex 104.7 -12.4355 22.2407
    endloop
  endfacet
  facet normal 1 -0 0
    outer loop
      vertex 104.7 -13.2277 23.0239
      vertex 104.7 -12.4355 22.2407
      vertex 104.7 -13.1116 23.1417
    endloop
  endfacet
  facet normal 1 0 0
    outer loop
      vertex 104.7 -7.89279 19.4355
      vertex 104.7 -7.88568 18.3238
      vertex 104.7 -7.8849 19.4222
    endloop
  endfacet
  facet normal 1 0 0
    outer loop
      vertex 104.7 -11.7623 19.4358
      vertex 104.7 -7.88568 18.3238
      vertex 104.7 -7.89279 19.4355
    endloop
  endfacet
  facet normal 1 0 0
    outer loop
      vertex 104.7 -11.7623 19.4358
      vertex 104.7 -11.8432 18.3266
      vertex 104.7 -7.88568 18.3238
    endloop
  endfacet
  facet normal 1 0 0
    outer loop
      vertex 104.7 -11.8923 19.4488
      vertex 104.7 -11.8432 18.3266
      vertex 104.7 -11.7623 19.4358
    endloop
  endfacet
  facet normal 1 0 0
    outer loop
      vertex 104.7 -12.2894 18.4009
      vertex 104.7 -11.8923 19.4488
      vertex 104.7 -12.0164 19.4798
    endloop
  endfacet
  facet normal 1 0 0
    outer loop
      vertex 104.7 -11.8923 19.4488
      vertex 104.7 -12.0597 18.3497
      vertex 104.7 -11.8432 18.3266
    endloop
  endfacet
  facet normal 1 0 0
    outer loop
      vertex 104.7 -12.5084 18.4774
      vertex 104.7 -12.0164 19.4798
      vertex 104.7 -12.133 19.5273
    endloop
  endfacet
  facet normal 1 0 0
    outer loop
      vertex 104.7 -12.7151 18.5777
      vertex 104.7 -12.133 19.5273
      vertex 104.7 -12.2579 19.6019
    endloop
  endfacet
  facet normal 1 0 0
    outer loop
      vertex 104.7 -11.8923 19.4488
      vertex 104.7 -12.2894 18.4009
      vertex 104.7 -12.0597 18.3497
    endloop
  endfacet
  facet normal 1 0 0
    outer loop
      vertex 104.7 -13.0226 18.7888
      vertex 104.7 -12.2579 19.6019
      vertex 104.7 -12.3975 19.7246
    endloop
  endfacet
  facet normal 1 0 0
    outer loop
      vertex 104.7 -13.2855 19.0516
      vertex 104.7 -12.3975 19.7246
      vertex 104.7 -12.4984 19.8558
    endloop
  endfacet
  facet normal 1 0 0
    outer loop
      vertex 104.7 -12.0164 19.4798
      vertex 104.7 -12.5084 18.4774
      vertex 104.7 -12.2894 18.4009
    endloop
  endfacet
  facet normal 1 0 0
    outer loop
      vertex 104.7 -13.4965 19.3591
      vertex 104.7 -12.4984 19.8558
      vertex 104.7 -12.5742 20.0044
    endloop
  endfacet
  facet normal 1 0 0
    outer loop
      vertex 104.7 -13.6415 19.6839
      vertex 104.7 -12.5742 20.0044
      vertex 104.7 -12.6216 20.1672
    endloop
  endfacet
  facet normal 1 -0 0
    outer loop
      vertex 104.7 -13.746 20.2091
      vertex 104.7 -12.6216 20.1672
      vertex 104.7 -12.6373 20.3188
    endloop
  endfacet
  facet normal 1 -0 0
    outer loop
      vertex 104.7 -13.3338 22.8969
      vertex 104.7 -12.4355 22.2407
      vertex 104.7 -13.2277 23.0239
    endloop
  endfacet
  facet normal 1 0 0
    outer loop
      vertex 104.7 -12.133 19.5273
      vertex 104.7 -12.7151 18.5777
      vertex 104.7 -12.5084 18.4774
    endloop
  endfacet
  facet normal 1 -0 0
    outer loop
      vertex 104.7 -13.4181 22.7789
      vertex 104.7 -12.4355 22.2407
      vertex 104.7 -13.3338 22.8969
    endloop
  endfacet
  facet normal 1 0 0
    outer loop
      vertex 104.7 -12.4355 22.2407
      vertex 104.7 -13.4181 22.7789
      vertex 104.7 -12.528 22.103
    endloop
  endfacet
  facet normal 1 0 -0
    outer loop
      vertex 104.7 -13.746 20.2091
      vertex 104.7 -12.6373 20.3188
      vertex 104.7 -13.75 21.5674
    endloop
  endfacet
  facet normal 1 -0 0
    outer loop
      vertex 104.7 -13.504 22.6365
      vertex 104.7 -12.528 22.103
      vertex 104.7 -13.4181 22.7789
    endloop
  endfacet
  facet normal 1 0 0
    outer loop
      vertex 104.7 -12.6216 20.1672
      vertex 104.7 -13.746 20.2091
      vertex 104.7 -13.713 19.9509
    endloop
  endfacet
  facet normal 1 -0 0
    outer loop
      vertex 104.7 -13.5694 22.5058
      vertex 104.7 -12.528 22.103
      vertex 104.7 -13.504 22.6365
    endloop
  endfacet
  facet normal 1 0 0
    outer loop
      vertex 104.7 -12.2579 19.6019
      vertex 104.7 -12.874 18.6763
      vertex 104.7 -12.7151 18.5777
    endloop
  endfacet
  facet normal 1 0 0
    outer loop
      vertex 104.7 -12.528 22.103
      vertex 104.7 -13.5694 22.5058
      vertex 104.7 -12.5874 21.9691
    endloop
  endfacet
  facet normal 1 0 0
    outer loop
      vertex 104.7 -12.2579 19.6019
      vertex 104.7 -13.0226 18.7888
      vertex 104.7 -12.874 18.6763
    endloop
  endfacet
  facet normal 1 -0 0
    outer loop
      vertex 104.7 -13.6327 22.3502
      vertex 104.7 -12.5874 21.9691
      vertex 104.7 -13.5694 22.5058
    endloop
  endfacet
  facet normal 1 0 0
    outer loop
      vertex 104.7 -12.3975 19.7246
      vertex 104.7 -13.1601 18.9141
      vertex 104.7 -13.0226 18.7888
    endloop
  endfacet
  facet normal 1 -0 0
    outer loop
      vertex 104.7 -13.6775 22.2091
      vertex 104.7 -12.5874 21.9691
      vertex 104.7 -13.6327 22.3502
    endloop
  endfacet
  facet normal 1 0 0
    outer loop
      vertex 104.7 -12.3975 19.7246
      vertex 104.7 -13.2855 19.0516
      vertex 104.7 -13.1601 18.9141
    endloop
  endfacet
  facet normal 1 0 0
    outer loop
      vertex 104.7 -12.5874 21.9691
      vertex 104.7 -13.6775 22.2091
      vertex 104.7 -12.6247 21.8248
    endloop
  endfacet
  facet normal 1 -0 0
    outer loop
      vertex 104.7 -13.716 22.0425
      vertex 104.7 -12.6247 21.8248
      vertex 104.7 -13.6775 22.2091
    endloop
  endfacet
  facet normal 1 0 0
    outer loop
      vertex 104.7 -12.4984 19.8558
      vertex 104.7 -13.3979 19.2002
      vertex 104.7 -13.2855 19.0516
    endloop
  endfacet
  facet normal 1 -0 0
    outer loop
      vertex 104.7 -13.7381 21.8927
      vertex 104.7 -12.6247 21.8248
      vertex 104.7 -13.716 22.0425
    endloop
  endfacet
  facet normal 1 0 0
    outer loop
      vertex 104.7 -12.4984 19.8558
      vertex 104.7 -13.4965 19.3591
      vertex 104.7 -13.3979 19.2002
    endloop
  endfacet
  facet normal 1 0 0
    outer loop
      vertex 104.7 -12.6247 21.8248
      vertex 104.7 -13.7381 21.8927
      vertex 104.7 -12.6375 21.6724
    endloop
  endfacet
  facet normal 1 0 0
    outer loop
      vertex 104.7 -12.5742 20.0044
      vertex 104.7 -13.5802 19.5273
      vertex 104.7 -13.4965 19.3591
    endloop
  endfacet
  facet normal 1 0 0
    outer loop
      vertex 104.7 -13.75 21.5674
      vertex 104.7 -12.6375 21.6724
      vertex 104.7 -13.7381 21.8927
    endloop
  endfacet
  facet normal 1 0 0
    outer loop
      vertex 104.7 -12.6375 21.6724
      vertex 104.7 -13.75 21.5674
      vertex 104.7 -12.6373 20.3188
    endloop
  endfacet
  facet normal 1 0 0
    outer loop
      vertex 104.7 -12.5742 20.0044
      vertex 104.7 -13.6415 19.6839
      vertex 104.7 -13.5802 19.5273
    endloop
  endfacet
  facet normal 1 0 0
    outer loop
      vertex 104.7 -12.6216 20.1672
      vertex 104.7 -13.713 19.9509
      vertex 104.7 -13.6415 19.6839
    endloop
  endfacet
  facet normal 1 -0 0
    outer loop
      vertex 104.7 6.05214 23.6852
      vertex 104.7 4.34952 18.8836
      vertex 104.7 7.34143 23.6852
    endloop
  endfacet
  facet normal 1 -0 0
    outer loop
      vertex 104.7 3.40759 19.4523
      vertex 104.7 4.34952 18.8836
      vertex 104.7 6.05214 23.6852
    endloop
  endfacet
  facet normal 1 0 0
    outer loop
      vertex 104.7 4.34952 18.8836
      vertex 104.7 3.40759 19.4523
      vertex 104.7 4.26312 18.7597
    endloop
  endfacet
  facet normal 1 -0 0
    outer loop
      vertex 104.7 3.37143 19.4083
      vertex 104.7 4.26312 18.7597
      vertex 104.7 3.40759 19.4523
    endloop
  endfacet
  facet normal 1 0 0
    outer loop
      vertex 104.7 4.26312 18.7597
      vertex 104.7 3.37143 19.4083
      vertex 104.7 4.16539 18.6472
    endloop
  endfacet
  facet normal 1 0 0
    outer loop
      vertex 104.7 4.16539 18.6472
      vertex 104.7 3.37143 19.4083
      vertex 104.7 4.04114 18.5335
    endloop
  endfacet
  facet normal 1 -0 0
    outer loop
      vertex 104.7 3.31183 19.3634
      vertex 104.7 4.04114 18.5335
      vertex 104.7 3.37143 19.4083
    endloop
  endfacet
  facet normal 1 0 0
    outer loop
      vertex 104.7 4.04114 18.5335
      vertex 104.7 3.31183 19.3634
      vertex 104.7 3.90506 18.4365
    endloop
  endfacet
  facet normal 1 0 0
    outer loop
      vertex 104.7 3.90506 18.4365
      vertex 104.7 3.31183 19.3634
      vertex 104.7 3.75856 18.3569
    endloop
  endfacet
  facet normal 1 0 0
    outer loop
      vertex 104.7 3.75856 18.3569
      vertex 104.7 3.31183 19.3634
      vertex 104.7 3.6032 18.2957
    endloop
  endfacet
  facet normal 1 -0 0
    outer loop
      vertex 104.7 3.23381 19.3341
      vertex 104.7 3.6032 18.2957
      vertex 104.7 3.31183 19.3634
    endloop
  endfacet
  facet normal 1 0 0
    outer loop
      vertex 104.7 3.6032 18.2957
      vertex 104.7 3.23381 19.3341
      vertex 104.7 3.46114 18.2577
    endloop
  endfacet
  facet normal 1 0 0
    outer loop
      vertex 104.7 3.46114 18.2577
      vertex 104.7 3.23381 19.3341
      vertex 104.7 3.29305 18.233
    endloop
  endfacet
  facet normal 1 -0 0
    outer loop
      vertex 104.7 3.16225 19.3268
      vertex 104.7 3.29305 18.233
      vertex 104.7 3.23381 19.3341
    endloop
  endfacet
  facet normal 1 0 0
    outer loop
      vertex 104.7 3.16225 19.3268
      vertex 104.7 3.14255 18.228
      vertex 104.7 3.29305 18.233
    endloop
  endfacet
  facet normal 1 0 0
    outer loop
      vertex 104.7 2.99254 18.2391
      vertex 104.7 3.16225 19.3268
      vertex 104.7 3.08344 19.3394
    endloop
  endfacet
  facet normal 1 0 0
    outer loop
      vertex 104.7 2.68584 18.3141
      vertex 104.7 3.08344 19.3394
      vertex 104.7 3.02441 19.3647
    endloop
  endfacet
  facet normal 1 0 0
    outer loop
      vertex 104.7 3.16225 19.3268
      vertex 104.7 2.99254 18.2391
      vertex 104.7 3.14255 18.228
    endloop
  endfacet
  facet normal 1 0 0
    outer loop
      vertex 104.7 2.27386 18.5554
      vertex 104.7 3.02441 19.3647
      vertex 104.7 2.96565 19.4104
    endloop
  endfacet
  facet normal 1 0 0
    outer loop
      vertex 104.7 2.058 18.7877
      vertex 104.7 2.96565 19.4104
      vertex 104.7 2.93033 19.4549
    endloop
  endfacet
  facet normal 1 0 0
    outer loop
      vertex 104.7 3.08344 19.3394
      vertex 104.7 2.82607 18.2706
      vertex 104.7 2.99254 18.2391
    endloop
  endfacet
  facet normal 1 0 0
    outer loop
      vertex 104.7 3.08344 19.3394
      vertex 104.7 2.68584 18.3141
      vertex 104.7 2.82607 18.2706
    endloop
  endfacet
  facet normal 1 0 0
    outer loop
      vertex 104.7 3.02441 19.3647
      vertex 104.7 2.53314 18.3814
      vertex 104.7 2.68584 18.3141
    endloop
  endfacet
  facet normal 1 0 0
    outer loop
      vertex 104.7 3.02441 19.3647
      vertex 104.7 2.39003 18.4667
      vertex 104.7 2.53314 18.3814
    endloop
  endfacet
  facet normal 1 0 0
    outer loop
      vertex 104.7 3.02441 19.3647
      vertex 104.7 2.27386 18.5554
      vertex 104.7 2.39003 18.4667
    endloop
  endfacet
  facet normal 1 0 0
    outer loop
      vertex 104.7 2.96565 19.4104
      vertex 104.7 2.15269 18.6725
      vertex 104.7 2.27386 18.5554
    endloop
  endfacet
  facet normal 1 0 0
    outer loop
      vertex 104.7 2.96565 19.4104
      vertex 104.7 2.058 18.7877
      vertex 104.7 2.15269 18.6725
    endloop
  endfacet
  facet normal 1 0 0
    outer loop
      vertex 104.7 2.93033 19.4549
      vertex 104.7 1.98608 18.8958
      vertex 104.7 2.058 18.7877
    endloop
  endfacet
  facet normal 1 0 0
    outer loop
      vertex 104.7 0.381836 23.6732
      vertex 104.7 1.98608 18.8958
      vertex 104.7 2.93033 19.4549
    endloop
  endfacet
  facet normal 1 -0 0
    outer loop
      vertex 104.7 -0.90062 23.6852
      vertex 104.7 0.381836 23.6732
      vertex 104.7 0.367493 23.6852
    endloop
  endfacet
  facet normal 1 0 0
    outer loop
      vertex 104.7 0.381836 23.6732
      vertex 104.7 -0.90062 23.6852
      vertex 104.7 1.98608 18.8958
    endloop
  endfacet
  facet normal 0 -0.775522 -0.631321
    outer loop
      vertex 104.7 10.727 23.184
      vertex 105.5 10.6193 23.3163
      vertex 104.7 10.6193 23.3163
    endloop
  endfacet
  facet normal 0 -0.775522 -0.631321
    outer loop
      vertex 105.5 10.6193 23.3163
      vertex 104.7 10.727 23.184
      vertex 105.5 10.727 23.184
    endloop
  endfacet
  facet normal 0 -0.702664 -0.711521
    outer loop
      vertex 104.7 10.4988 23.4353
      vertex 105.5 10.6193 23.3163
      vertex 105.5 10.4988 23.4353
    endloop
  endfacet
  facet normal -0 -0.702664 -0.711521
    outer loop
      vertex 105.5 10.6193 23.3163
      vertex 104.7 10.4988 23.4353
      vertex 104.7 10.6193 23.3163
    endloop
  endfacet
  facet normal 0 -0.609682 -0.792646
    outer loop
      vertex 104.7 10.3658 23.5376
      vertex 105.5 10.4988 23.4353
      vertex 105.5 10.3658 23.5376
    endloop
  endfacet
  facet normal -0 -0.609682 -0.792646
    outer loop
      vertex 105.5 10.4988 23.4353
      vertex 104.7 10.3658 23.5376
      vertex 104.7 10.4988 23.4353
    endloop
  endfacet
  facet normal 0 -0.5077 -0.861534
    outer loop
      vertex 104.7 10.2219 23.6224
      vertex 105.5 10.3658 23.5376
      vertex 105.5 10.2219 23.6224
    endloop
  endfacet
  facet normal -0 -0.5077 -0.861534
    outer loop
      vertex 105.5 10.3658 23.5376
      vertex 104.7 10.2219 23.6224
      vertex 104.7 10.3658 23.5376
    endloop
  endfacet
  facet normal 0 -0.398967 -0.916965
    outer loop
      vertex 104.7 10.0686 23.6891
      vertex 105.5 10.2219 23.6224
      vertex 105.5 10.0686 23.6891
    endloop
  endfacet
  facet normal -0 -0.398967 -0.916965
    outer loop
      vertex 105.5 10.2219 23.6224
      vertex 104.7 10.0686 23.6891
      vertex 104.7 10.2219 23.6224
    endloop
  endfacet
  facet normal 0 -0.283262 -0.959043
    outer loop
      vertex 104.7 9.90744 23.7367
      vertex 105.5 10.0686 23.6891
      vertex 105.5 9.90744 23.7367
    endloop
  endfacet
  facet normal -0 -0.283262 -0.959043
    outer loop
      vertex 105.5 10.0686 23.6891
      vertex 104.7 9.90744 23.7367
      vertex 104.7 10.0686 23.6891
    endloop
  endfacet
  facet normal 0 -0.164275 -0.986415
    outer loop
      vertex 104.7 9.73991 23.7646
      vertex 105.5 9.90744 23.7367
      vertex 105.5 9.73991 23.7646
    endloop
  endfacet
  facet normal -0 -0.164275 -0.986415
    outer loop
      vertex 105.5 9.90744 23.7367
      vertex 104.7 9.73991 23.7646
      vertex 104.7 9.90744 23.7367
    endloop
  endfacet
  facet normal 0 -0.0504809 -0.998725
    outer loop
      vertex 104.7 9.58955 23.7722
      vertex 105.5 9.73991 23.7646
      vertex 105.5 9.58955 23.7722
    endloop
  endfacet
  facet normal -0 -0.0504809 -0.998725
    outer loop
      vertex 105.5 9.73991 23.7646
      vertex 104.7 9.58955 23.7722
      vertex 104.7 9.73991 23.7646
    endloop
  endfacet
  facet normal 0 0.0114522 -0.999934
    outer loop
      vertex 104.7 9.39746 23.77
      vertex 105.5 9.58955 23.7722
      vertex 105.5 9.39746 23.77
    endloop
  endfacet
  facet normal 0 0.0114522 -0.999934
    outer loop
      vertex 105.5 9.58955 23.7722
      vertex 104.7 9.39746 23.77
      vertex 104.7 9.58955 23.7722
    endloop
  endfacet
  facet normal 0 0.117038 -0.993127
    outer loop
      vertex 104.7 9.22775 23.75
      vertex 105.5 9.39746 23.77
      vertex 105.5 9.22775 23.75
    endloop
  endfacet
  facet normal 0 0.117038 -0.993127
    outer loop
      vertex 105.5 9.39746 23.77
      vertex 104.7 9.22775 23.75
      vertex 104.7 9.39746 23.77
    endloop
  endfacet
  facet normal 0 0.237229 -0.971454
    outer loop
      vertex 104.7 9.06395 23.71
      vertex 105.5 9.22775 23.75
      vertex 105.5 9.06395 23.71
    endloop
  endfacet
  facet normal 0 0.237229 -0.971454
    outer loop
      vertex 105.5 9.22775 23.75
      vertex 104.7 9.06395 23.71
      vertex 104.7 9.22775 23.75
    endloop
  endfacet
  facet normal 0 0.361116 -0.932521
    outer loop
      vertex 104.7 8.88861 23.6421
      vertex 105.5 9.06395 23.71
      vertex 105.5 8.88861 23.6421
    endloop
  endfacet
  facet normal 0 0.361116 -0.932521
    outer loop
      vertex 105.5 9.06395 23.71
      vertex 104.7 8.88861 23.6421
      vertex 104.7 9.06395 23.71
    endloop
  endfacet
  facet normal 0 0.479012 -0.877808
    outer loop
      vertex 104.7 8.74219 23.5622
      vertex 105.5 8.88861 23.6421
      vertex 105.5 8.74219 23.5622
    endloop
  endfacet
  facet normal 0 0.479012 -0.877808
    outer loop
      vertex 105.5 8.88861 23.6421
      vertex 104.7 8.74219 23.5622
      vertex 104.7 8.88861 23.6421
    endloop
  endfacet
  facet normal 0 0.583045 -0.81244
    outer loop
      vertex 104.7 8.60619 23.4646
      vertex 105.5 8.74219 23.5622
      vertex 105.5 8.60619 23.4646
    endloop
  endfacet
  facet normal 0 0.583045 -0.81244
    outer loop
      vertex 105.5 8.74219 23.5622
      vertex 104.7 8.60619 23.4646
      vertex 104.7 8.74219 23.5622
    endloop
  endfacet
  facet normal 0 0.676965 -0.736015
    outer loop
      vertex 104.7 8.48192 23.3503
      vertex 105.5 8.60619 23.4646
      vertex 105.5 8.48192 23.3503
    endloop
  endfacet
  facet normal 0 0.676965 -0.736015
    outer loop
      vertex 105.5 8.60619 23.4646
      vertex 104.7 8.48192 23.3503
      vertex 104.7 8.60619 23.4646
    endloop
  endfacet
  facet normal 0 0.761978 -0.647603
    outer loop
      vertex 105.5 8.35724 23.2036
      vertex 104.7 8.48192 23.3503
      vertex 105.5 8.48192 23.3503
    endloop
  endfacet
  facet normal 0 0.761978 -0.647603
    outer loop
      vertex 104.7 8.48192 23.3503
      vertex 105.5 8.35724 23.2036
      vertex 104.7 8.35724 23.2036
    endloop
  endfacet
  facet normal 0 0.8475 -0.530796
    outer loop
      vertex 105.5 5.30693 18.3333
      vertex 104.7 8.35724 23.2036
      vertex 105.5 8.35724 23.2036
    endloop
  endfacet
  facet normal 0 0.8475 -0.530796
    outer loop
      vertex 104.7 8.35724 23.2036
      vertex 105.5 5.30693 18.3333
      vertex 104.7 5.30693 18.3333
    endloop
  endfacet
  facet normal 0 0.997638 -0.0686898
    outer loop
      vertex 105.5 5.30609 18.3211
      vertex 104.7 5.30693 18.3333
      vertex 105.5 5.30693 18.3333
    endloop
  endfacet
  facet normal 0 0.997638 -0.0686898
    outer loop
      vertex 104.7 5.30693 18.3333
      vertex 105.5 5.30609 18.3211
      vertex 104.7 5.30609 18.3211
    endloop
  endfacet
  facet normal 0 -0.0010141 0.999999
    outer loop
      vertex 104.7 10.4338 18.3263
      vertex 105.5 5.30609 18.3211
      vertex 105.5 10.4338 18.3263
    endloop
  endfacet
  facet normal 0 -0.0010141 0.999999
    outer loop
      vertex 105.5 5.30609 18.3211
      vertex 104.7 10.4338 18.3263
      vertex 104.7 5.30609 18.3211
    endloop
  endfacet
  facet normal 0 -0.970804 -0.239873
    outer loop
      vertex 104.7 10.4338 18.3263
      vertex 105.5 9.11349 23.6698
      vertex 104.7 9.11349 23.6698
    endloop
  endfacet
  facet normal 0 -0.970804 -0.239873
    outer loop
      vertex 105.5 9.11349 23.6698
      vertex 104.7 10.4338 18.3263
      vertex 105.5 10.4338 18.3263
    endloop
  endfacet
  facet normal 0 0.848839 0.528652
    outer loop
      vertex 105.5 12.4422 18.325
      vertex 104.7 9.11349 23.6698
      vertex 105.5 9.11349 23.6698
    endloop
  endfacet
  facet normal 0 0.848839 0.528652
    outer loop
      vertex 104.7 9.11349 23.6698
      vertex 105.5 12.4422 18.325
      vertex 104.7 12.4422 18.325
    endloop
  endfacet
  facet normal -0 0.00298209 0.999996
    outer loop
      vertex 104.7 13.75 18.3211
      vertex 105.5 12.4422 18.325
      vertex 105.5 13.75 18.3211
    endloop
  endfacet
  facet normal 0 0.00298209 0.999996
    outer loop
      vertex 105.5 12.4422 18.325
      vertex 104.7 13.75 18.3211
      vertex 104.7 12.4422 18.325
    endloop
  endfacet
  facet normal 0 -0.849276 -0.527949
    outer loop
      vertex 104.7 13.75 18.3211
      vertex 105.5 10.727 23.184
      vertex 104.7 10.727 23.184
    endloop
  endfacet
  facet normal 0 -0.849276 -0.527949
    outer loop
      vertex 105.5 10.727 23.184
      vertex 104.7 13.75 18.3211
      vertex 105.5 13.75 18.3211
    endloop
  endfacet
  facet normal 0 -1 0
    outer loop
      vertex 104.7 -1.31766 18.3398
      vertex 105.5 -1.31766 19.4172
      vertex 104.7 -1.31766 19.4172
    endloop
  endfacet
  facet normal 0 -1 -0
    outer loop
      vertex 105.5 -1.31766 19.4172
      vertex 104.7 -1.31766 18.3398
      vertex 105.5 -1.31766 18.3398
    endloop
  endfacet
  facet normal 0 -0.989055 -0.147548
    outer loop
      vertex 104.7 -1.31766 19.4172
      vertex 105.5 -1.32039 19.4355
      vertex 104.7 -1.32039 19.4355
    endloop
  endfacet
  facet normal 0 -0.989055 -0.147548
    outer loop
      vertex 105.5 -1.32039 19.4355
      vertex 104.7 -1.31766 19.4172
      vertex 105.5 -1.31766 19.4172
    endloop
  endfacet
  facet normal 0 0 -1
    outer loop
      vertex 104.7 -5.20779 19.4355
      vertex 105.5 -1.32039 19.4355
      vertex 105.5 -5.20779 19.4355
    endloop
  endfacet
  facet normal -0 0 -1
    outer loop
      vertex 105.5 -1.32039 19.4355
      vertex 104.7 -5.20779 19.4355
      vertex 104.7 -1.32039 19.4355
    endloop
  endfacet
  facet normal 0 -0.0890429 -0.996028
    outer loop
      vertex 104.7 -5.3588 19.449
      vertex 105.5 -5.20779 19.4355
      vertex 105.5 -5.3588 19.449
    endloop
  endfacet
  facet normal -0 -0.0890429 -0.996028
    outer loop
      vertex 105.5 -5.20779 19.4355
      vertex 104.7 -5.3588 19.449
      vertex 104.7 -5.20779 19.4355
    endloop
  endfacet
  facet normal 0 -0.261011 -0.965336
    outer loop
      vertex 104.7 -5.50156 19.4876
      vertex 105.5 -5.3588 19.449
      vertex 105.5 -5.50156 19.4876
    endloop
  endfacet
  facet normal -0 -0.261011 -0.965336
    outer loop
      vertex 105.5 -5.3588 19.449
      vertex 104.7 -5.50156 19.4876
      vertex 104.7 -5.3588 19.449
    endloop
  endfacet
  facet normal 0 -0.420317 -0.907377
    outer loop
      vertex 104.7 -5.63411 19.549
      vertex 105.5 -5.50156 19.4876
      vertex 105.5 -5.63411 19.549
    endloop
  endfacet
  facet normal -0 -0.420317 -0.907377
    outer loop
      vertex 105.5 -5.50156 19.4876
      vertex 104.7 -5.63411 19.549
      vertex 104.7 -5.50156 19.4876
    endloop
  endfacet
  facet normal 0 -0.561254 -0.827644
    outer loop
      vertex 104.7 -5.75444 19.6306
      vertex 105.5 -5.63411 19.549
      vertex 105.5 -5.75444 19.6306
    endloop
  endfacet
  facet normal -0 -0.561254 -0.827644
    outer loop
      vertex 105.5 -5.63411 19.549
      vertex 104.7 -5.75444 19.6306
      vertex 104.7 -5.63411 19.549
    endloop
  endfacet
  facet normal 0 -0.684455 -0.729055
    outer loop
      vertex 104.7 -5.86053 19.7302
      vertex 105.5 -5.75444 19.6306
      vertex 105.5 -5.86053 19.7302
    endloop
  endfacet
  facet normal -0 -0.684455 -0.729055
    outer loop
      vertex 105.5 -5.75444 19.6306
      vertex 104.7 -5.86053 19.7302
      vertex 104.7 -5.75444 19.6306
    endloop
  endfacet
  facet normal 0 -0.788203 -0.615415
    outer loop
      vertex 104.7 -5.86053 19.7302
      vertex 105.5 -5.95032 19.8452
      vertex 104.7 -5.95032 19.8452
    endloop
  endfacet
  facet normal 0 -0.788203 -0.615415
    outer loop
      vertex 105.5 -5.95032 19.8452
      vertex 104.7 -5.86053 19.7302
      vertex 105.5 -5.86053 19.7302
    endloop
  endfacet
  facet normal 0 -0.873087 -0.487565
    outer loop
      vertex 104.7 -5.95032 19.8452
      vertex 105.5 -6.0218 19.9732
      vertex 104.7 -6.0218 19.9732
    endloop
  endfacet
  facet normal 0 -0.873087 -0.487565
    outer loop
      vertex 105.5 -6.0218 19.9732
      vertex 104.7 -5.95032 19.8452
      vertex 105.5 -5.95032 19.8452
    endloop
  endfacet
  facet normal 0 -0.938365 -0.345646
    outer loop
      vertex 104.7 -6.0218 19.9732
      vertex 105.5 -6.07289 20.1119
      vertex 104.7 -6.07289 20.1119
    endloop
  endfacet
  facet normal 0 -0.938365 -0.345646
    outer loop
      vertex 105.5 -6.07289 20.1119
      vertex 104.7 -6.0218 19.9732
      vertex 105.5 -6.0218 19.9732
    endloop
  endfacet
  facet normal 0 -0.981344 -0.192261
    outer loop
      vertex 104.7 -6.07289 20.1119
      vertex 105.5 -6.10167 20.2588
      vertex 104.7 -6.10167 20.2588
    endloop
  endfacet
  facet normal 0 -0.981344 -0.192261
    outer loop
      vertex 105.5 -6.10167 20.2588
      vertex 104.7 -6.07289 20.1119
      vertex 105.5 -6.07289 20.1119
    endloop
  endfacet
  facet normal 0 -0.999674 -0.0255465
    outer loop
      vertex 104.7 -6.10167 20.2588
      vertex 105.5 -6.10547 20.4075
      vertex 104.7 -6.10547 20.4075
    endloop
  endfacet
  facet normal 0 -0.999674 -0.0255465
    outer loop
      vertex 105.5 -6.10547 20.4075
      vertex 104.7 -6.10167 20.2588
      vertex 105.5 -6.10167 20.2588
    endloop
  endfacet
  facet normal 0 -0.000562079 1
    outer loop
      vertex 104.7 -2.72516 20.4094
      vertex 105.5 -6.10547 20.4075
      vertex 105.5 -2.72516 20.4094
    endloop
  endfacet
  facet normal 0 -0.000562079 1
    outer loop
      vertex 105.5 -6.10547 20.4075
      vertex 104.7 -2.72516 20.4094
      vertex 104.7 -6.10547 20.4075
    endloop
  endfacet
  facet normal 0 -0.0502003 0.998739
    outer loop
      vertex 104.7 -2.52223 20.4196
      vertex 105.5 -2.72516 20.4094
      vertex 105.5 -2.52223 20.4196
    endloop
  endfacet
  facet normal 0 -0.0502003 0.998739
    outer loop
      vertex 105.5 -2.72516 20.4094
      vertex 104.7 -2.52223 20.4196
      vertex 104.7 -2.72516 20.4094
    endloop
  endfacet
  facet normal 0 -0.165641 0.986186
    outer loop
      vertex 104.7 -2.30849 20.4555
      vertex 105.5 -2.52223 20.4196
      vertex 105.5 -2.30849 20.4555
    endloop
  endfacet
  facet normal 0 -0.165641 0.986186
    outer loop
      vertex 105.5 -2.52223 20.4196
      vertex 104.7 -2.30849 20.4555
      vertex 104.7 -2.52223 20.4196
    endloop
  endfacet
  facet normal 0 -0.289198 0.957269
    outer loop
      vertex 104.7 -2.11154 20.515
      vertex 105.5 -2.30849 20.4555
      vertex 105.5 -2.11154 20.515
    endloop
  endfacet
  facet normal 0 -0.289198 0.957269
    outer loop
      vertex 105.5 -2.30849 20.4555
      vertex 104.7 -2.11154 20.515
      vertex 104.7 -2.30849 20.4555
    endloop
  endfacet
  facet normal 0 -0.417018 0.908898
    outer loop
      vertex 104.7 -1.91255 20.6063
      vertex 105.5 -2.11154 20.515
      vertex 105.5 -1.91255 20.6063
    endloop
  endfacet
  facet normal 0 -0.417018 0.908898
    outer loop
      vertex 105.5 -2.11154 20.515
      vertex 104.7 -1.91255 20.6063
      vertex 104.7 -2.11154 20.515
    endloop
  endfacet
  facet normal 0 -0.542245 0.84022
    outer loop
      vertex 104.7 -1.73482 20.721
      vertex 105.5 -1.91255 20.6063
      vertex 105.5 -1.73482 20.721
    endloop
  endfacet
  facet normal 0 -0.542245 0.84022
    outer loop
      vertex 105.5 -1.91255 20.6063
      vertex 104.7 -1.73482 20.721
      vertex 104.7 -1.91255 20.6063
    endloop
  endfacet
  facet normal 0 -0.654342 0.756199
    outer loop
      vertex 104.7 -1.57869 20.8561
      vertex 105.5 -1.73482 20.721
      vertex 105.5 -1.57869 20.8561
    endloop
  endfacet
  facet normal 0 -0.654342 0.756199
    outer loop
      vertex 105.5 -1.73482 20.721
      vertex 104.7 -1.57869 20.8561
      vertex 104.7 -1.73482 20.721
    endloop
  endfacet
  facet normal 0 -0.750421 0.660961
    outer loop
      vertex 104.7 -1.57869 20.8561
      vertex 105.5 -1.44437 21.0086
      vertex 104.7 -1.44437 21.0086
    endloop
  endfacet
  facet normal 0 -0.750421 0.660961
    outer loop
      vertex 105.5 -1.44437 21.0086
      vertex 104.7 -1.57869 20.8561
      vertex 105.5 -1.57869 20.8561
    endloop
  endfacet
  facet normal 0 -0.829839 0.558002
    outer loop
      vertex 104.7 -1.44437 21.0086
      vertex 105.5 -1.33221 21.1754
      vertex 104.7 -1.33221 21.1754
    endloop
  endfacet
  facet normal 0 -0.829839 0.558002
    outer loop
      vertex 105.5 -1.33221 21.1754
      vertex 104.7 -1.44437 21.0086
      vertex 105.5 -1.44437 21.0086
    endloop
  endfacet
  facet normal 0 -0.89312 0.449819
    outer loop
      vertex 104.7 -1.33221 21.1754
      vertex 105.5 -1.24251 21.3535
      vertex 104.7 -1.24251 21.3535
    endloop
  endfacet
  facet normal 0 -0.89312 0.449819
    outer loop
      vertex 105.5 -1.24251 21.3535
      vertex 104.7 -1.33221 21.1754
      vertex 105.5 -1.33221 21.1754
    endloop
  endfacet
  facet normal 0 -0.941071 0.33821
    outer loop
      vertex 104.7 -1.24251 21.3535
      vertex 105.5 -1.17552 21.5399
      vertex 104.7 -1.17552 21.5399
    endloop
  endfacet
  facet normal 0 -0.941071 0.33821
    outer loop
      vertex 105.5 -1.17552 21.5399
      vertex 104.7 -1.24251 21.3535
      vertex 105.5 -1.24251 21.3535
    endloop
  endfacet
  facet normal 0 -0.974716 0.223447
    outer loop
      vertex 104.7 -1.17552 21.5399
      vertex 105.5 -1.13162 21.7314
      vertex 104.7 -1.13162 21.7314
    endloop
  endfacet
  facet normal 0 -0.974716 0.223447
    outer loop
      vertex 105.5 -1.13162 21.7314
      vertex 104.7 -1.17552 21.5399
      vertex 105.5 -1.17552 21.5399
    endloop
  endfacet
  facet normal 0 -0.993719 0.111907
    outer loop
      vertex 104.7 -1.13162 21.7314
      vertex 105.5 -1.11198 21.9058
      vertex 104.7 -1.11198 21.9058
    endloop
  endfacet
  facet normal 0 -0.993719 0.111907
    outer loop
      vertex 105.5 -1.11198 21.9058
      vertex 104.7 -1.13162 21.7314
      vertex 105.5 -1.13162 21.7314
    endloop
  endfacet
  facet normal 0 -0.999828 0.0185662
    outer loop
      vertex 104.7 -1.11198 21.9058
      vertex 105.5 -1.10684 22.1826
      vertex 104.7 -1.10684 22.1826
    endloop
  endfacet
  facet normal 0 -0.999828 0.0185662
    outer loop
      vertex 105.5 -1.10684 22.1826
      vertex 104.7 -1.11198 21.9058
      vertex 105.5 -1.11198 21.9058
    endloop
  endfacet
  facet normal 0 -0.993674 -0.112302
    outer loop
      vertex 104.7 -1.10684 22.1826
      vertex 105.5 -1.12872 22.3762
      vertex 104.7 -1.12872 22.3762
    endloop
  endfacet
  facet normal 0 -0.993674 -0.112302
    outer loop
      vertex 105.5 -1.12872 22.3762
      vertex 104.7 -1.10684 22.1826
      vertex 105.5 -1.10684 22.1826
    endloop
  endfacet
  facet normal 0 -0.973253 -0.229736
    outer loop
      vertex 104.7 -1.12872 22.3762
      vertex 105.5 -1.1739 22.5676
      vertex 104.7 -1.1739 22.5676
    endloop
  endfacet
  facet normal 0 -0.973253 -0.229736
    outer loop
      vertex 105.5 -1.1739 22.5676
      vertex 104.7 -1.12872 22.3762
      vertex 105.5 -1.12872 22.3762
    endloop
  endfacet
  facet normal 0 -0.938909 -0.344166
    outer loop
      vertex 104.7 -1.1739 22.5676
      vertex 105.5 -1.24208 22.7536
      vertex 104.7 -1.24208 22.7536
    endloop
  endfacet
  facet normal 0 -0.938909 -0.344166
    outer loop
      vertex 105.5 -1.24208 22.7536
      vertex 104.7 -1.1739 22.5676
      vertex 105.5 -1.1739 22.5676
    endloop
  endfacet
  facet normal 0 -0.890157 -0.455654
    outer loop
      vertex 104.7 -1.24208 22.7536
      vertex 105.5 -1.33299 22.9312
      vertex 104.7 -1.33299 22.9312
    endloop
  endfacet
  facet normal 0 -0.890157 -0.455654
    outer loop
      vertex 105.5 -1.33299 22.9312
      vertex 104.7 -1.24208 22.7536
      vertex 105.5 -1.24208 22.7536
    endloop
  endfacet
  facet normal 0 -0.826019 -0.563642
    outer loop
      vertex 104.7 -1.33299 22.9312
      vertex 105.5 -1.44633 23.0973
      vertex 104.7 -1.44633 23.0973
    endloop
  endfacet
  facet normal 0 -0.826019 -0.563642
    outer loop
      vertex 105.5 -1.44633 23.0973
      vertex 104.7 -1.33299 22.9312
      vertex 105.5 -1.33299 22.9312
    endloop
  endfacet
  facet normal 0 -0.750106 -0.661318
    outer loop
      vertex 104.7 -1.44633 23.0973
      vertex 105.5 -1.56729 23.2345
      vertex 104.7 -1.56729 23.2345
    endloop
  endfacet
  facet normal 0 -0.750106 -0.661318
    outer loop
      vertex 105.5 -1.56729 23.2345
      vertex 104.7 -1.44633 23.0973
      vertex 105.5 -1.44633 23.0973
    endloop
  endfacet
  facet normal 0 -0.664638 -0.747165
    outer loop
      vertex 104.7 -1.7059 23.3578
      vertex 105.5 -1.56729 23.2345
      vertex 105.5 -1.7059 23.3578
    endloop
  endfacet
  facet normal -0 -0.664638 -0.747165
    outer loop
      vertex 105.5 -1.56729 23.2345
      vertex 104.7 -1.7059 23.3578
      vertex 104.7 -1.56729 23.2345
    endloop
  endfacet
  facet normal 0 -0.56567 -0.824632
    outer loop
      vertex 104.7 -1.86203 23.4649
      vertex 105.5 -1.7059 23.3578
      vertex 105.5 -1.86203 23.4649
    endloop
  endfacet
  facet normal -0 -0.56567 -0.824632
    outer loop
      vertex 105.5 -1.7059 23.3578
      vertex 104.7 -1.86203 23.4649
      vertex 104.7 -1.7059 23.3578
    endloop
  endfacet
  facet normal 0 -0.455305 -0.890335
    outer loop
      vertex 104.7 -2.03548 23.5536
      vertex 105.5 -1.86203 23.4649
      vertex 105.5 -2.03548 23.5536
    endloop
  endfacet
  facet normal -0 -0.455305 -0.890335
    outer loop
      vertex 105.5 -1.86203 23.4649
      vertex 104.7 -2.03548 23.5536
      vertex 104.7 -1.86203 23.4649
    endloop
  endfacet
  facet normal 0 -0.343462 -0.939167
    outer loop
      vertex 104.7 -2.20392 23.6152
      vertex 105.5 -2.03548 23.5536
      vertex 105.5 -2.20392 23.6152
    endloop
  endfacet
  facet normal -0 -0.343462 -0.939167
    outer loop
      vertex 105.5 -2.03548 23.5536
      vertex 104.7 -2.20392 23.6152
      vertex 104.7 -2.03548 23.5536
    endloop
  endfacet
  facet normal 0 -0.226973 -0.973901
    outer loop
      vertex 104.7 -2.40945 23.6631
      vertex 105.5 -2.20392 23.6152
      vertex 105.5 -2.40945 23.6631
    endloop
  endfacet
  facet normal -0 -0.226973 -0.973901
    outer loop
      vertex 105.5 -2.20392 23.6152
      vertex 104.7 -2.40945 23.6631
      vertex 104.7 -2.20392 23.6152
    endloop
  endfacet
  facet normal 0 -0.110221 -0.993907
    outer loop
      vertex 104.7 -2.60603 23.6849
      vertex 105.5 -2.40945 23.6631
      vertex 105.5 -2.60603 23.6849
    endloop
  endfacet
  facet normal -0 -0.110221 -0.993907
    outer loop
      vertex 105.5 -2.40945 23.6631
      vertex 104.7 -2.60603 23.6849
      vertex 104.7 -2.40945 23.6631
    endloop
  endfacet
  facet normal 0 -0.0011452 -0.999999
    outer loop
      vertex 104.7 -5.22566 23.6879
      vertex 105.5 -2.60603 23.6849
      vertex 105.5 -5.22566 23.6879
    endloop
  endfacet
  facet normal -0 -0.0011452 -0.999999
    outer loop
      vertex 105.5 -2.60603 23.6849
      vertex 104.7 -5.22566 23.6879
      vertex 104.7 -2.60603 23.6849
    endloop
  endfacet
  facet normal 0 0.0791163 -0.996865
    outer loop
      vertex 104.7 -5.50916 23.6654
      vertex 105.5 -5.22566 23.6879
      vertex 105.5 -5.50916 23.6654
    endloop
  endfacet
  facet normal 0 0.0791163 -0.996865
    outer loop
      vertex 105.5 -5.22566 23.6879
      vertex 104.7 -5.50916 23.6654
      vertex 104.7 -5.22566 23.6879
    endloop
  endfacet
  facet normal 0 0.202575 -0.979267
    outer loop
      vertex 104.7 -5.71896 23.622
      vertex 105.5 -5.50916 23.6654
      vertex 105.5 -5.71896 23.622
    endloop
  endfacet
  facet normal 0 0.202575 -0.979267
    outer loop
      vertex 105.5 -5.50916 23.6654
      vertex 104.7 -5.71896 23.622
      vertex 104.7 -5.50916 23.6654
    endloop
  endfacet
  facet normal 0 0.310608 -0.950538
    outer loop
      vertex 104.7 -5.93991 23.5498
      vertex 105.5 -5.71896 23.622
      vertex 105.5 -5.93991 23.5498
    endloop
  endfacet
  facet normal 0 0.310608 -0.950538
    outer loop
      vertex 105.5 -5.71896 23.622
      vertex 104.7 -5.93991 23.5498
      vertex 104.7 -5.71896 23.622
    endloop
  endfacet
  facet normal 0 0.413515 -0.910497
    outer loop
      vertex 104.7 -6.13037 23.4633
      vertex 105.5 -5.93991 23.5498
      vertex 105.5 -6.13037 23.4633
    endloop
  endfacet
  facet normal 0 0.413515 -0.910497
    outer loop
      vertex 105.5 -5.93991 23.5498
      vertex 104.7 -6.13037 23.4633
      vertex 104.7 -5.93991 23.5498
    endloop
  endfacet
  facet normal 0 0.510438 -0.859915
    outer loop
      vertex 104.7 -6.32697 23.3466
      vertex 105.5 -6.13037 23.4633
      vertex 105.5 -6.32697 23.3466
    endloop
  endfacet
  facet normal 0 0.510438 -0.859915
    outer loop
      vertex 105.5 -6.13037 23.4633
      vertex 104.7 -6.32697 23.3466
      vertex 104.7 -6.13037 23.4633
    endloop
  endfacet
  facet normal 0 0.60409 -0.796916
    outer loop
      vertex 104.7 -6.50836 23.2091
      vertex 105.5 -6.32697 23.3466
      vertex 105.5 -6.50836 23.2091
    endloop
  endfacet
  facet normal 0 0.60409 -0.796916
    outer loop
      vertex 105.5 -6.32697 23.3466
      vertex 104.7 -6.50836 23.2091
      vertex 104.7 -6.32697 23.3466
    endloop
  endfacet
  facet normal 0 0.689424 -0.724358
    outer loop
      vertex 104.7 -6.673 23.0524
      vertex 105.5 -6.50836 23.2091
      vertex 105.5 -6.673 23.0524
    endloop
  endfacet
  facet normal 0 0.689424 -0.724358
    outer loop
      vertex 105.5 -6.50836 23.2091
      vertex 104.7 -6.673 23.0524
      vertex 104.7 -6.50836 23.2091
    endloop
  endfacet
  facet normal 0 0.76596 -0.642888
    outer loop
      vertex 105.5 -6.81921 22.8782
      vertex 104.7 -6.673 23.0524
      vertex 105.5 -6.673 23.0524
    endloop
  endfacet
  facet normal 0 0.76596 -0.642888
    outer loop
      vertex 104.7 -6.673 23.0524
      vertex 105.5 -6.81921 22.8782
      vertex 104.7 -6.81921 22.8782
    endloop
  endfacet
  facet normal 0 0.830556 -0.556935
    outer loop
      vertex 105.5 -6.93468 22.706
      vertex 104.7 -6.81921 22.8782
      vertex 105.5 -6.81921 22.8782
    endloop
  endfacet
  facet normal 0 0.830556 -0.556935
    outer loop
      vertex 104.7 -6.81921 22.8782
      vertex 105.5 -6.93468 22.706
      vertex 104.7 -6.93468 22.706
    endloop
  endfacet
  facet normal 0 0.885999 -0.463687
    outer loop
      vertex 105.5 -7.04092 22.503
      vertex 104.7 -6.93468 22.706
      vertex 105.5 -6.93468 22.706
    endloop
  endfacet
  facet normal 0 0.885999 -0.463687
    outer loop
      vertex 104.7 -6.93468 22.706
      vertex 105.5 -7.04092 22.503
      vertex 104.7 -7.04092 22.503
    endloop
  endfacet
  facet normal 0 0.931338 -0.364155
    outer loop
      vertex 105.5 -7.1174 22.3074
      vertex 104.7 -7.04092 22.503
      vertex 105.5 -7.04092 22.503
    endloop
  endfacet
  facet normal 0 0.931338 -0.364155
    outer loop
      vertex 104.7 -7.04092 22.503
      vertex 105.5 -7.1174 22.3074
      vertex 104.7 -7.1174 22.3074
    endloop
  endfacet
  facet normal 0 0.966022 -0.258461
    outer loop
      vertex 105.5 -7.17784 22.0815
      vertex 104.7 -7.1174 22.3074
      vertex 105.5 -7.1174 22.3074
    endloop
  endfacet
  facet normal 0 0.966022 -0.258461
    outer loop
      vertex 104.7 -7.1174 22.3074
      vertex 105.5 -7.17784 22.0815
      vertex 104.7 -7.17784 22.0815
    endloop
  endfacet
  facet normal 0 0.988947 -0.148273
    outer loop
      vertex 105.5 -7.20985 21.868
      vertex 104.7 -7.17784 22.0815
      vertex 105.5 -7.17784 22.0815
    endloop
  endfacet
  facet normal 0 0.988947 -0.148273
    outer loop
      vertex 104.7 -7.17784 22.0815
      vertex 105.5 -7.20985 21.868
      vertex 104.7 -7.20985 21.868
    endloop
  endfacet
  facet normal 0 0.998685 -0.05127
    outer loop
      vertex 105.5 -7.21887 21.6923
      vertex 104.7 -7.20985 21.868
      vertex 105.5 -7.20985 21.868
    endloop
  endfacet
  facet normal 0 0.998685 -0.05127
    outer loop
      vertex 104.7 -7.20985 21.868
      vertex 105.5 -7.21887 21.6923
      vertex 104.7 -7.21887 21.6923
    endloop
  endfacet
  facet normal 0 1 5.16949e-05
    outer loop
      vertex 105.5 -7.2188 20.3382
      vertex 104.7 -7.21887 21.6923
      vertex 105.5 -7.21887 21.6923
    endloop
  endfacet
  facet normal 0 1 5.16949e-05
    outer loop
      vertex 104.7 -7.21887 21.6923
      vertex 105.5 -7.2188 20.3382
      vertex 104.7 -7.2188 20.3382
    endloop
  endfacet
  facet normal 0 0.998728 0.050425
    outer loop
      vertex 105.5 -7.21106 20.1849
      vertex 104.7 -7.2188 20.3382
      vertex 105.5 -7.2188 20.3382
    endloop
  endfacet
  facet normal 0 0.998728 0.050425
    outer loop
      vertex 104.7 -7.2188 20.3382
      vertex 105.5 -7.21106 20.1849
      vertex 104.7 -7.21106 20.1849
    endloop
  endfacet
  facet normal 0 0.991489 0.130194
    outer loop
      vertex 105.5 -7.18854 20.0134
      vertex 104.7 -7.21106 20.1849
      vertex 105.5 -7.21106 20.1849
    endloop
  endfacet
  facet normal 0 0.991489 0.130194
    outer loop
      vertex 104.7 -7.21106 20.1849
      vertex 105.5 -7.18854 20.0134
      vertex 104.7 -7.18854 20.0134
    endloop
  endfacet
  facet normal 0 0.974497 0.224401
    outer loop
      vertex 105.5 -7.14062 19.8053
      vertex 104.7 -7.18854 20.0134
      vertex 105.5 -7.18854 20.0134
    endloop
  endfacet
  facet normal 0 0.974497 0.224401
    outer loop
      vertex 104.7 -7.18854 20.0134
      vertex 105.5 -7.14062 19.8053
      vertex 104.7 -7.14062 19.8053
    endloop
  endfacet
  facet normal 0 0.944287 0.329123
    outer loop
      vertex 105.5 -7.06415 19.5859
      vertex 104.7 -7.14062 19.8053
      vertex 105.5 -7.14062 19.8053
    endloop
  endfacet
  facet normal 0 0.944287 0.329123
    outer loop
      vertex 104.7 -7.14062 19.8053
      vertex 105.5 -7.06415 19.5859
      vertex 104.7 -7.06415 19.5859
    endloop
  endfacet
  facet normal 0 0.903213 0.429193
    outer loop
      vertex 105.5 -6.97415 19.3965
      vertex 104.7 -7.06415 19.5859
      vertex 105.5 -7.06415 19.5859
    endloop
  endfacet
  facet normal 0 0.903213 0.429193
    outer loop
      vertex 104.7 -7.06415 19.5859
      vertex 105.5 -6.97415 19.3965
      vertex 104.7 -6.97415 19.3965
    endloop
  endfacet
  facet normal 0 0.852332 0.523002
    outer loop
      vertex 105.5 -6.85425 19.2011
      vertex 104.7 -6.97415 19.3965
      vertex 105.5 -6.97415 19.3965
    endloop
  endfacet
  facet normal 0 0.852332 0.523002
    outer loop
      vertex 104.7 -6.97415 19.3965
      vertex 105.5 -6.85425 19.2011
      vertex 104.7 -6.85425 19.2011
    endloop
  endfacet
  facet normal 0 0.789694 0.613501
    outer loop
      vertex 105.5 -6.7141 19.0207
      vertex 104.7 -6.85425 19.2011
      vertex 105.5 -6.85425 19.2011
    endloop
  endfacet
  facet normal 0 0.789694 0.613501
    outer loop
      vertex 104.7 -6.85425 19.2011
      vertex 105.5 -6.7141 19.0207
      vertex 104.7 -6.7141 19.0207
    endloop
  endfacet
  facet normal 0 0.717013 0.69706
    outer loop
      vertex 105.5 -6.55515 18.8572
      vertex 104.7 -6.7141 19.0207
      vertex 105.5 -6.7141 19.0207
    endloop
  endfacet
  facet normal 0 0.717013 0.69706
    outer loop
      vertex 104.7 -6.7141 19.0207
      vertex 105.5 -6.55515 18.8572
      vertex 104.7 -6.55515 18.8572
    endloop
  endfacet
  facet normal -0 0.635643 0.771983
    outer loop
      vertex 104.7 -6.37917 18.7123
      vertex 105.5 -6.55515 18.8572
      vertex 105.5 -6.37917 18.7123
    endloop
  endfacet
  facet normal 0 0.635643 0.771983
    outer loop
      vertex 105.5 -6.55515 18.8572
      vertex 104.7 -6.37917 18.7123
      vertex 104.7 -6.55515 18.8572
    endloop
  endfacet
  facet normal -0 0.55009 0.835106
    outer loop
      vertex 104.7 -6.2058 18.5981
      vertex 105.5 -6.37917 18.7123
      vertex 105.5 -6.2058 18.5981
    endloop
  endfacet
  facet normal 0 0.55009 0.835106
    outer loop
      vertex 105.5 -6.37917 18.7123
      vertex 104.7 -6.2058 18.5981
      vertex 104.7 -6.37917 18.7123
    endloop
  endfacet
  facet normal -0 0.45583 0.890067
    outer loop
      vertex 104.7 -6.00175 18.4936
      vertex 105.5 -6.2058 18.5981
      vertex 105.5 -6.00175 18.4936
    endloop
  endfacet
  facet normal 0 0.45583 0.890067
    outer loop
      vertex 105.5 -6.2058 18.5981
      vertex 104.7 -6.00175 18.4936
      vertex 104.7 -6.2058 18.5981
    endloop
  endfacet
  facet normal -0 0.349851 0.936805
    outer loop
      vertex 104.7 -5.78539 18.4128
      vertex 105.5 -6.00175 18.4936
      vertex 105.5 -5.78539 18.4128
    endloop
  endfacet
  facet normal 0 0.349851 0.936805
    outer loop
      vertex 105.5 -6.00175 18.4936
      vertex 104.7 -5.78539 18.4128
      vertex 104.7 -6.00175 18.4936
    endloop
  endfacet
  facet normal -0 0.237439 0.971403
    outer loop
      vertex 104.7 -5.55833 18.3573
      vertex 105.5 -5.78539 18.4128
      vertex 105.5 -5.55833 18.3573
    endloop
  endfacet
  facet normal 0 0.237439 0.971403
    outer loop
      vertex 105.5 -5.78539 18.4128
      vertex 104.7 -5.55833 18.3573
      vertex 104.7 -5.78539 18.4128
    endloop
  endfacet
  facet normal -0 0.118208 0.992989
    outer loop
      vertex 104.7 -5.32228 18.3292
      vertex 105.5 -5.55833 18.3573
      vertex 105.5 -5.32228 18.3292
    endloop
  endfacet
  facet normal 0 0.118208 0.992989
    outer loop
      vertex 105.5 -5.55833 18.3573
      vertex 104.7 -5.32228 18.3292
      vertex 104.7 -5.55833 18.3573
    endloop
  endfacet
  facet normal -0 0.000850525 1
    outer loop
      vertex 104.7 -1.32475 18.3258
      vertex 105.5 -5.32228 18.3292
      vertex 105.5 -1.32475 18.3258
    endloop
  endfacet
  facet normal 0 0.000850525 1
    outer loop
      vertex 105.5 -5.32228 18.3292
      vertex 104.7 -1.32475 18.3258
      vertex 104.7 -5.32228 18.3292
    endloop
  endfacet
  facet normal 0 -0.892121 0.451796
    outer loop
      vertex 104.7 -1.32475 18.3258
      vertex 105.5 -1.31766 18.3398
      vertex 104.7 -1.31766 18.3398
    endloop
  endfacet
  facet normal 0 -0.892121 0.451796
    outer loop
      vertex 105.5 -1.31766 18.3398
      vertex 104.7 -1.32475 18.3258
      vertex 105.5 -1.32475 18.3258
    endloop
  endfacet
  facet normal 0 -0.999665 0.0258914
    outer loop
      vertex 104.7 -6.10744 21.5247
      vertex 105.5 -6.10075 21.783
      vertex 104.7 -6.10075 21.783
    endloop
  endfacet
  facet normal 0 -0.999665 0.0258914
    outer loop
      vertex 105.5 -6.10075 21.783
      vertex 104.7 -6.10744 21.5247
      vertex 105.5 -6.10744 21.5247
    endloop
  endfacet
  facet normal 0 -0.978935 0.204172
    outer loop
      vertex 104.7 -6.10075 21.783
      vertex 105.5 -6.07007 21.9301
      vertex 104.7 -6.07007 21.9301
    endloop
  endfacet
  facet normal 0 -0.978935 0.204172
    outer loop
      vertex 105.5 -6.07007 21.9301
      vertex 104.7 -6.10075 21.783
      vertex 105.5 -6.10075 21.783
    endloop
  endfacet
  facet normal 0 -0.931349 0.364128
    outer loop
      vertex 104.7 -6.07007 21.9301
      vertex 105.5 -6.01639 22.0674
      vertex 104.7 -6.01639 22.0674
    endloop
  endfacet
  facet normal 0 -0.931349 0.364128
    outer loop
      vertex 105.5 -6.01639 22.0674
      vertex 104.7 -6.07007 21.9301
      vertex 105.5 -6.07007 21.9301
    endloop
  endfacet
  facet normal 0 -0.859693 0.510811
    outer loop
      vertex 104.7 -6.01639 22.0674
      vertex 105.5 -5.94188 22.1928
      vertex 104.7 -5.94188 22.1928
    endloop
  endfacet
  facet normal 0 -0.859693 0.510811
    outer loop
      vertex 105.5 -5.94188 22.1928
      vertex 104.7 -6.01639 22.0674
      vertex 105.5 -6.01639 22.0674
    endloop
  endfacet
  facet normal 0 -0.759389 0.650637
    outer loop
      vertex 104.7 -5.94188 22.1928
      vertex 105.5 -5.83401 22.3187
      vertex 104.7 -5.83401 22.3187
    endloop
  endfacet
  facet normal 0 -0.759389 0.650637
    outer loop
      vertex 105.5 -5.83401 22.3187
      vertex 104.7 -5.94188 22.1928
      vertex 105.5 -5.94188 22.1928
    endloop
  endfacet
  facet normal 0 -0.628424 0.777871
    outer loop
      vertex 104.7 -5.70503 22.4229
      vertex 105.5 -5.83401 22.3187
      vertex 105.5 -5.70503 22.4229
    endloop
  endfacet
  facet normal 0 -0.628424 0.777871
    outer loop
      vertex 105.5 -5.83401 22.3187
      vertex 104.7 -5.70503 22.4229
      vertex 104.7 -5.83401 22.3187
    endloop
  endfacet
  facet normal 0 -0.48541 0.874286
    outer loop
      vertex 104.7 -5.57733 22.4938
      vertex 105.5 -5.70503 22.4229
      vertex 105.5 -5.57733 22.4938
    endloop
  endfacet
  facet normal 0 -0.48541 0.874286
    outer loop
      vertex 105.5 -5.70503 22.4229
      vertex 104.7 -5.57733 22.4938
      vertex 104.7 -5.70503 22.4229
    endloop
  endfacet
  facet normal 0 -0.336186 0.941795
    outer loop
      vertex 104.7 -5.4381 22.5435
      vertex 105.5 -5.57733 22.4938
      vertex 105.5 -5.4381 22.5435
    endloop
  endfacet
  facet normal 0 -0.336186 0.941795
    outer loop
      vertex 105.5 -5.57733 22.4938
      vertex 104.7 -5.4381 22.5435
      vertex 104.7 -5.57733 22.4938
    endloop
  endfacet
  facet normal 0 -0.174817 0.984601
    outer loop
      vertex 104.7 -5.28941 22.5699
      vertex 105.5 -5.4381 22.5435
      vertex 105.5 -5.28941 22.5699
    endloop
  endfacet
  facet normal 0 -0.174817 0.984601
    outer loop
      vertex 105.5 -5.4381 22.5435
      vertex 104.7 -5.28941 22.5699
      vertex 104.7 -5.4381 22.5435
    endloop
  endfacet
  facet normal 0 -0.00144106 0.999999
    outer loop
      vertex 104.7 -2.72185 22.5736
      vertex 105.5 -5.28941 22.5699
      vertex 105.5 -2.72185 22.5736
    endloop
  endfacet
  facet normal 0 -0.00144106 0.999999
    outer loop
      vertex 105.5 -5.28941 22.5699
      vertex 104.7 -2.72185 22.5736
      vertex 104.7 -5.28941 22.5699
    endloop
  endfacet
  facet normal -0 0.0683714 0.99766
    outer loop
      vertex 104.7 -2.61533 22.5663
      vertex 105.5 -2.72185 22.5736
      vertex 105.5 -2.61533 22.5663
    endloop
  endfacet
  facet normal 0 0.0683714 0.99766
    outer loop
      vertex 105.5 -2.72185 22.5736
      vertex 104.7 -2.61533 22.5663
      vertex 104.7 -2.72185 22.5736
    endloop
  endfacet
  facet normal -0 0.287281 0.957846
    outer loop
      vertex 104.7 -2.46996 22.5227
      vertex 105.5 -2.61533 22.5663
      vertex 105.5 -2.46996 22.5227
    endloop
  endfacet
  facet normal 0 0.287281 0.957846
    outer loop
      vertex 105.5 -2.61533 22.5663
      vertex 104.7 -2.46996 22.5227
      vertex 104.7 -2.61533 22.5663
    endloop
  endfacet
  facet normal -0 0.518189 0.855266
    outer loop
      vertex 104.7 -2.40262 22.4819
      vertex 105.5 -2.46996 22.5227
      vertex 105.5 -2.40262 22.4819
    endloop
  endfacet
  facet normal 0 0.518189 0.855266
    outer loop
      vertex 105.5 -2.46996 22.5227
      vertex 104.7 -2.40262 22.4819
      vertex 104.7 -2.46996 22.5227
    endloop
  endfacet
  facet normal -0 0.668212 0.743971
    outer loop
      vertex 104.7 -2.34851 22.4333
      vertex 105.5 -2.40262 22.4819
      vertex 105.5 -2.34851 22.4333
    endloop
  endfacet
  facet normal 0 0.668212 0.743971
    outer loop
      vertex 105.5 -2.40262 22.4819
      vertex 104.7 -2.34851 22.4333
      vertex 104.7 -2.40262 22.4819
    endloop
  endfacet
  facet normal 0 0.78513 0.619331
    outer loop
      vertex 105.5 -2.30615 22.3796
      vertex 104.7 -2.34851 22.4333
      vertex 105.5 -2.34851 22.4333
    endloop
  endfacet
  facet normal 0 0.78513 0.619331
    outer loop
      vertex 104.7 -2.34851 22.4333
      vertex 105.5 -2.30615 22.3796
      vertex 104.7 -2.30615 22.3796
    endloop
  endfacet
  facet normal 0 0.87912 0.4766
    outer loop
      vertex 105.5 -2.26549 22.3046
      vertex 104.7 -2.30615 22.3796
      vertex 105.5 -2.30615 22.3796
    endloop
  endfacet
  facet normal 0 0.87912 0.4766
    outer loop
      vertex 104.7 -2.30615 22.3796
      vertex 105.5 -2.26549 22.3046
      vertex 104.7 -2.26549 22.3046
    endloop
  endfacet
  facet normal 0 0.948641 0.316354
    outer loop
      vertex 105.5 -2.23531 22.2141
      vertex 104.7 -2.26549 22.3046
      vertex 105.5 -2.26549 22.3046
    endloop
  endfacet
  facet normal 0 0.948641 0.316354
    outer loop
      vertex 104.7 -2.26549 22.3046
      vertex 105.5 -2.23531 22.2141
      vertex 104.7 -2.23531 22.2141
    endloop
  endfacet
  facet normal 0 0.986059 0.166397
    outer loop
      vertex 105.5 -2.22046 22.1261
      vertex 104.7 -2.23531 22.2141
      vertex 105.5 -2.23531 22.2141
    endloop
  endfacet
  facet normal 0 0.986059 0.166397
    outer loop
      vertex 104.7 -2.23531 22.2141
      vertex 105.5 -2.22046 22.1261
      vertex 104.7 -2.22046 22.1261
    endloop
  endfacet
  facet normal 0 0.999952 0.00982409
    outer loop
      vertex 105.5 -2.21906 21.9836
      vertex 104.7 -2.22046 22.1261
      vertex 105.5 -2.22046 22.1261
    endloop
  endfacet
  facet normal 0 0.999952 0.00982409
    outer loop
      vertex 104.7 -2.22046 22.1261
      vertex 105.5 -2.21906 21.9836
      vertex 104.7 -2.21906 21.9836
    endloop
  endfacet
  facet normal 0 0.991356 -0.131198
    outer loop
      vertex 105.5 -2.23285 21.8794
      vertex 104.7 -2.21906 21.9836
      vertex 105.5 -2.21906 21.9836
    endloop
  endfacet
  facet normal 0 0.991356 -0.131198
    outer loop
      vertex 104.7 -2.21906 21.9836
      vertex 105.5 -2.23285 21.8794
      vertex 104.7 -2.23285 21.8794
    endloop
  endfacet
  facet normal 0 0.959015 -0.283355
    outer loop
      vertex 105.5 -2.26021 21.7868
      vertex 104.7 -2.23285 21.8794
      vertex 105.5 -2.23285 21.8794
    endloop
  endfacet
  facet normal 0 0.959015 -0.283355
    outer loop
      vertex 104.7 -2.23285 21.8794
      vertex 105.5 -2.26021 21.7868
      vertex 104.7 -2.26021 21.7868
    endloop
  endfacet
  facet normal 0 0.887201 -0.461382
    outer loop
      vertex 105.5 -2.30925 21.6925
      vertex 104.7 -2.26021 21.7868
      vertex 105.5 -2.26021 21.7868
    endloop
  endfacet
  facet normal 0 0.887201 -0.461382
    outer loop
      vertex 104.7 -2.26021 21.7868
      vertex 105.5 -2.30925 21.6925
      vertex 104.7 -2.30925 21.6925
    endloop
  endfacet
  facet normal 0 0.758969 -0.651127
    outer loop
      vertex 105.5 -2.36836 21.6236
      vertex 104.7 -2.30925 21.6925
      vertex 105.5 -2.30925 21.6925
    endloop
  endfacet
  facet normal 0 0.758969 -0.651127
    outer loop
      vertex 104.7 -2.30925 21.6925
      vertex 105.5 -2.36836 21.6236
      vertex 104.7 -2.36836 21.6236
    endloop
  endfacet
  facet normal 0 0.574558 -0.818464
    outer loop
      vertex 104.7 -2.44856 21.5673
      vertex 105.5 -2.36836 21.6236
      vertex 105.5 -2.44856 21.5673
    endloop
  endfacet
  facet normal 0 0.574558 -0.818464
    outer loop
      vertex 105.5 -2.36836 21.6236
      vertex 104.7 -2.44856 21.5673
      vertex 104.7 -2.36836 21.6236
    endloop
  endfacet
  facet normal 0 0.371686 -0.928359
    outer loop
      vertex 104.7 -2.52449 21.5369
      vertex 105.5 -2.44856 21.5673
      vertex 105.5 -2.52449 21.5369
    endloop
  endfacet
  facet normal 0 0.371686 -0.928359
    outer loop
      vertex 105.5 -2.44856 21.5673
      vertex 104.7 -2.52449 21.5369
      vertex 104.7 -2.44856 21.5673
    endloop
  endfacet
  facet normal 0 0.187986 -0.982172
    outer loop
      vertex 104.7 -2.6154 21.5195
      vertex 105.5 -2.52449 21.5369
      vertex 105.5 -2.6154 21.5195
    endloop
  endfacet
  facet normal 0 0.187986 -0.982172
    outer loop
      vertex 105.5 -2.52449 21.5369
      vertex 104.7 -2.6154 21.5195
      vertex 104.7 -2.52449 21.5369
    endloop
  endfacet
  facet normal 0 0.000890999 -1
    outer loop
      vertex 104.7 -6.09464 21.5164
      vertex 105.5 -2.6154 21.5195
      vertex 105.5 -6.09464 21.5164
    endloop
  endfacet
  facet normal 0 0.000890999 -1
    outer loop
      vertex 105.5 -2.6154 21.5195
      vertex 104.7 -6.09464 21.5164
      vertex 104.7 -2.6154 21.5195
    endloop
  endfacet
  facet normal 0 -0.544066 -0.839042
    outer loop
      vertex 104.7 -6.10744 21.5247
      vertex 105.5 -6.09464 21.5164
      vertex 105.5 -6.10744 21.5247
    endloop
  endfacet
  facet normal -0 -0.544066 -0.839042
    outer loop
      vertex 105.5 -6.09464 21.5164
      vertex 104.7 -6.10744 21.5247
      vertex 104.7 -6.09464 21.5164
    endloop
  endfacet
  facet normal 0 -0.86005 -0.51021
    outer loop
      vertex 104.7 -7.8849 19.4222
      vertex 105.5 -7.89279 19.4355
      vertex 104.7 -7.89279 19.4355
    endloop
  endfacet
  facet normal 0 -0.86005 -0.51021
    outer loop
      vertex 105.5 -7.89279 19.4355
      vertex 104.7 -7.8849 19.4222
      vertex 105.5 -7.8849 19.4222
    endloop
  endfacet
  facet normal 0 -7.75292e-05 -1
    outer loop
      vertex 104.7 -11.7623 19.4358
      vertex 105.5 -7.89279 19.4355
      vertex 105.5 -11.7623 19.4358
    endloop
  endfacet
  facet normal -0 -7.75292e-05 -1
    outer loop
      vertex 105.5 -7.89279 19.4355
      vertex 104.7 -11.7623 19.4358
      vertex 104.7 -7.89279 19.4355
    endloop
  endfacet
  facet normal 0 -0.0995037 -0.995037
    outer loop
      vertex 104.7 -11.8923 19.4488
      vertex 105.5 -11.7623 19.4358
      vertex 105.5 -11.8923 19.4488
    endloop
  endfacet
  facet normal -0 -0.0995037 -0.995037
    outer loop
      vertex 105.5 -11.7623 19.4358
      vertex 104.7 -11.8923 19.4488
      vertex 104.7 -11.7623 19.4358
    endloop
  endfacet
  facet normal 0 -0.242352 -0.970188
    outer loop
      vertex 104.7 -12.0164 19.4798
      vertex 105.5 -11.8923 19.4488
      vertex 105.5 -12.0164 19.4798
    endloop
  endfacet
  facet normal -0 -0.242352 -0.970188
    outer loop
      vertex 105.5 -11.8923 19.4488
      vertex 104.7 -12.0164 19.4798
      vertex 104.7 -11.8923 19.4488
    endloop
  endfacet
  facet normal 0 -0.377272 -0.926103
    outer loop
      vertex 104.7 -12.133 19.5273
      vertex 105.5 -12.0164 19.4798
      vertex 105.5 -12.133 19.5273
    endloop
  endfacet
  facet normal -0 -0.377272 -0.926103
    outer loop
      vertex 105.5 -12.0164 19.4798
      vertex 104.7 -12.133 19.5273
      vertex 104.7 -12.0164 19.4798
    endloop
  endfacet
  facet normal 0 -0.512776 -0.858522
    outer loop
      vertex 104.7 -12.2579 19.6019
      vertex 105.5 -12.133 19.5273
      vertex 105.5 -12.2579 19.6019
    endloop
  endfacet
  facet normal -0 -0.512776 -0.858522
    outer loop
      vertex 105.5 -12.133 19.5273
      vertex 104.7 -12.2579 19.6019
      vertex 104.7 -12.133 19.5273
    endloop
  endfacet
  facet normal 0 -0.660179 -0.751108
    outer loop
      vertex 104.7 -12.3975 19.7246
      vertex 105.5 -12.2579 19.6019
      vertex 105.5 -12.3975 19.7246
    endloop
  endfacet
  facet normal -0 -0.660179 -0.751108
    outer loop
      vertex 105.5 -12.2579 19.6019
      vertex 104.7 -12.3975 19.7246
      vertex 104.7 -12.2579 19.6019
    endloop
  endfacet
  facet normal 0 -0.792691 -0.609623
    outer loop
      vertex 104.7 -12.3975 19.7246
      vertex 105.5 -12.4984 19.8558
      vertex 104.7 -12.4984 19.8558
    endloop
  endfacet
  facet normal 0 -0.792691 -0.609623
    outer loop
      vertex 105.5 -12.4984 19.8558
      vertex 104.7 -12.3975 19.7246
      vertex 105.5 -12.3975 19.7246
    endloop
  endfacet
  facet normal 0 -0.890801 -0.454393
    outer loop
      vertex 104.7 -12.4984 19.8558
      vertex 105.5 -12.5742 20.0044
      vertex 104.7 -12.5742 20.0044
    endloop
  endfacet
  facet normal 0 -0.890801 -0.454393
    outer loop
      vertex 105.5 -12.5742 20.0044
      vertex 104.7 -12.4984 19.8558
      vertex 105.5 -12.4984 19.8558
    endloop
  endfacet
  facet normal 0 -0.960132 -0.279547
    outer loop
      vertex 104.7 -12.5742 20.0044
      vertex 105.5 -12.6216 20.1672
      vertex 104.7 -12.6216 20.1672
    endloop
  endfacet
  facet normal 0 -0.960132 -0.279547
    outer loop
      vertex 105.5 -12.6216 20.1672
      vertex 104.7 -12.5742 20.0044
      vertex 105.5 -12.5742 20.0044
    endloop
  endfacet
  facet normal 0 -0.99468 -0.103011
    outer loop
      vertex 104.7 -12.6216 20.1672
      vertex 105.5 -12.6373 20.3188
      vertex 104.7 -12.6373 20.3188
    endloop
  endfacet
  facet normal 0 -0.99468 -0.103011
    outer loop
      vertex 105.5 -12.6373 20.3188
      vertex 104.7 -12.6216 20.1672
      vertex 105.5 -12.6216 20.1672
    endloop
  endfacet
  facet normal 0 -1 -0.000147754
    outer loop
      vertex 104.7 -12.6373 20.3188
      vertex 105.5 -12.6375 21.6724
      vertex 104.7 -12.6375 21.6724
    endloop
  endfacet
  facet normal 0 -1 -0.000147754
    outer loop
      vertex 105.5 -12.6375 21.6724
      vertex 104.7 -12.6373 20.3188
      vertex 105.5 -12.6373 20.3188
    endloop
  endfacet
  facet normal 0 -0.996491 0.0836948
    outer loop
      vertex 104.7 -12.6375 21.6724
      vertex 105.5 -12.6247 21.8248
      vertex 104.7 -12.6247 21.8248
    endloop
  endfacet
  facet normal 0 -0.996491 0.0836948
    outer loop
      vertex 105.5 -12.6247 21.8248
      vertex 104.7 -12.6375 21.6724
      vertex 105.5 -12.6375 21.6724
    endloop
  endfacet
  facet normal 0 -0.968178 0.250264
    outer loop
      vertex 104.7 -12.6247 21.8248
      vertex 105.5 -12.5874 21.9691
      vertex 104.7 -12.5874 21.9691
    endloop
  endfacet
  facet normal 0 -0.968178 0.250264
    outer loop
      vertex 105.5 -12.5874 21.9691
      vertex 104.7 -12.6247 21.8248
      vertex 105.5 -12.6247 21.8248
    endloop
  endfacet
  facet normal 0 -0.914093 0.405505
    outer loop
      vertex 104.7 -12.5874 21.9691
      vertex 105.5 -12.528 22.103
      vertex 104.7 -12.528 22.103
    endloop
  endfacet
  facet normal 0 -0.914093 0.405505
    outer loop
      vertex 105.5 -12.528 22.103
      vertex 104.7 -12.5874 21.9691
      vertex 105.5 -12.5874 21.9691
    endloop
  endfacet
  facet normal 0 -0.830098 0.557618
    outer loop
      vertex 104.7 -12.528 22.103
      vertex 105.5 -12.4355 22.2407
      vertex 104.7 -12.4355 22.2407
    endloop
  endfacet
  facet normal 0 -0.830098 0.557618
    outer loop
      vertex 105.5 -12.4355 22.2407
      vertex 104.7 -12.528 22.103
      vertex 105.5 -12.528 22.103
    endloop
  endfacet
  facet normal 0 -0.714933 0.699193
    outer loop
      vertex 104.7 -12.4355 22.2407
      vertex 105.5 -12.32 22.3588
      vertex 104.7 -12.32 22.3588
    endloop
  endfacet
  facet normal 0 -0.714933 0.699193
    outer loop
      vertex 105.5 -12.32 22.3588
      vertex 104.7 -12.4355 22.2407
      vertex 105.5 -12.4355 22.2407
    endloop
  endfacet
  facet normal 0 -0.58534 0.810788
    outer loop
      vertex 104.7 -12.2024 22.4437
      vertex 105.5 -12.32 22.3588
      vertex 105.5 -12.2024 22.4437
    endloop
  endfacet
  facet normal 0 -0.58534 0.810788
    outer loop
      vertex 105.5 -12.32 22.3588
      vertex 104.7 -12.2024 22.4437
      vertex 104.7 -12.32 22.3588
    endloop
  endfacet
  facet normal 0 -0.436641 0.899636
    outer loop
      vertex 104.7 -12.0522 22.5166
      vertex 105.5 -12.2024 22.4437
      vertex 105.5 -12.0522 22.5166
    endloop
  endfacet
  facet normal 0 -0.436641 0.899636
    outer loop
      vertex 105.5 -12.2024 22.4437
      vertex 104.7 -12.0522 22.5166
      vertex 104.7 -12.2024 22.4437
    endloop
  endfacet
  facet normal 0 -0.272675 0.962106
    outer loop
      vertex 104.7 -11.9093 22.5571
      vertex 105.5 -12.0522 22.5166
      vertex 105.5 -11.9093 22.5571
    endloop
  endfacet
  facet normal 0 -0.272675 0.962106
    outer loop
      vertex 105.5 -12.0522 22.5166
      vertex 104.7 -11.9093 22.5571
      vertex 104.7 -12.0522 22.5166
    endloop
  endfacet
  facet normal 0 -0.0946197 0.995513
    outer loop
      vertex 104.7 -11.7357 22.5736
      vertex 105.5 -11.9093 22.5571
      vertex 105.5 -11.7357 22.5736
    endloop
  endfacet
  facet normal 0 -0.0946197 0.995513
    outer loop
      vertex 105.5 -11.9093 22.5571
      vertex 104.7 -11.7357 22.5736
      vertex 104.7 -11.9093 22.5571
    endloop
  endfacet
  facet normal 0 -0.000517302 1
    outer loop
      vertex 104.7 -7.86949 22.5756
      vertex 105.5 -11.7357 22.5736
      vertex 105.5 -7.86949 22.5756
    endloop
  endfacet
  facet normal 0 -0.000517302 1
    outer loop
      vertex 105.5 -11.7357 22.5736
      vertex 104.7 -7.86949 22.5756
      vertex 104.7 -11.7357 22.5736
    endloop
  endfacet
  facet normal 0 -1 0
    outer loop
      vertex 104.7 -7.86949 22.5756
      vertex 105.5 -7.86949 23.6748
      vertex 104.7 -7.86949 23.6748
    endloop
  endfacet
  facet normal 0 -1 -0
    outer loop
      vertex 105.5 -7.86949 23.6748
      vertex 104.7 -7.86949 22.5756
      vertex 105.5 -7.86949 22.5756
    endloop
  endfacet
  facet normal 0 -0.696983 -0.717088
    outer loop
      vertex 104.7 -7.88019 23.6852
      vertex 105.5 -7.86949 23.6748
      vertex 105.5 -7.88019 23.6852
    endloop
  endfacet
  facet normal -0 -0.696983 -0.717088
    outer loop
      vertex 105.5 -7.86949 23.6748
      vertex 104.7 -7.88019 23.6852
      vertex 104.7 -7.86949 23.6748
    endloop
  endfacet
  facet normal 0 0.000204436 -1
    outer loop
      vertex 104.7 -11.7934 23.6844
      vertex 105.5 -7.88019 23.6852
      vertex 105.5 -11.7934 23.6844
    endloop
  endfacet
  facet normal 0 0.000204436 -1
    outer loop
      vertex 105.5 -7.88019 23.6852
      vertex 104.7 -11.7934 23.6844
      vertex 104.7 -7.88019 23.6852
    endloop
  endfacet
  facet normal 0 0.0650932 -0.997879
    outer loop
      vertex 104.7 -11.9467 23.6744
      vertex 105.5 -11.7934 23.6844
      vertex 105.5 -11.9467 23.6744
    endloop
  endfacet
  facet normal 0 0.0650932 -0.997879
    outer loop
      vertex 105.5 -11.7934 23.6844
      vertex 104.7 -11.9467 23.6744
      vertex 104.7 -11.7934 23.6844
    endloop
  endfacet
  facet normal 0 0.146193 -0.989256
    outer loop
      vertex 104.7 -12.1179 23.6491
      vertex 105.5 -11.9467 23.6744
      vertex 105.5 -12.1179 23.6491
    endloop
  endfacet
  facet normal 0 0.146193 -0.989256
    outer loop
      vertex 105.5 -11.9467 23.6744
      vertex 104.7 -12.1179 23.6491
      vertex 104.7 -11.9467 23.6744
    endloop
  endfacet
  facet normal 0 0.225348 -0.974278
    outer loop
      vertex 104.7 -12.2636 23.6154
      vertex 105.5 -12.1179 23.6491
      vertex 105.5 -12.2636 23.6154
    endloop
  endfacet
  facet normal 0 0.225348 -0.974278
    outer loop
      vertex 105.5 -12.1179 23.6491
      vertex 104.7 -12.2636 23.6154
      vertex 104.7 -12.1179 23.6491
    endloop
  endfacet
  facet normal 0 0.302375 -0.953189
    outer loop
      vertex 104.7 -12.425 23.5642
      vertex 105.5 -12.2636 23.6154
      vertex 105.5 -12.425 23.5642
    endloop
  endfacet
  facet normal 0 0.302375 -0.953189
    outer loop
      vertex 105.5 -12.2636 23.6154
      vertex 104.7 -12.425 23.5642
      vertex 104.7 -12.2636 23.6154
    endloop
  endfacet
  facet normal 0 0.377016 -0.926207
    outer loop
      vertex 104.7 -12.5611 23.5088
      vertex 105.5 -12.425 23.5642
      vertex 105.5 -12.5611 23.5088
    endloop
  endfacet
  facet normal 0 0.377016 -0.926207
    outer loop
      vertex 105.5 -12.425 23.5642
      vertex 104.7 -12.5611 23.5088
      vertex 104.7 -12.425 23.5642
    endloop
  endfacet
  facet normal 0 0.448411 -0.893828
    outer loop
      vertex 104.7 -12.7104 23.4339
      vertex 105.5 -12.5611 23.5088
      vertex 105.5 -12.7104 23.4339
    endloop
  endfacet
  facet normal 0 0.448411 -0.893828
    outer loop
      vertex 105.5 -12.5611 23.5088
      vertex 104.7 -12.7104 23.4339
      vertex 104.7 -12.5611 23.5088
    endloop
  endfacet
  facet normal 0 0.520233 -0.854024
    outer loop
      vertex 104.7 -12.8524 23.3474
      vertex 105.5 -12.7104 23.4339
      vertex 105.5 -12.8524 23.3474
    endloop
  endfacet
  facet normal 0 0.520233 -0.854024
    outer loop
      vertex 105.5 -12.7104 23.4339
      vertex 104.7 -12.8524 23.3474
      vertex 104.7 -12.7104 23.4339
    endloop
  endfacet
  facet normal 0 0.589033 -0.808109
    outer loop
      vertex 104.7 -12.9863 23.2498
      vertex 105.5 -12.8524 23.3474
      vertex 105.5 -12.9863 23.2498
    endloop
  endfacet
  facet normal 0 0.589033 -0.808109
    outer loop
      vertex 105.5 -12.8524 23.3474
      vertex 104.7 -12.9863 23.2498
      vertex 104.7 -12.8524 23.3474
    endloop
  endfacet
  facet normal 0 0.653226 -0.757163
    outer loop
      vertex 104.7 -13.1116 23.1417
      vertex 105.5 -12.9863 23.2498
      vertex 105.5 -13.1116 23.1417
    endloop
  endfacet
  facet normal 0 0.653226 -0.757163
    outer loop
      vertex 105.5 -12.9863 23.2498
      vertex 104.7 -13.1116 23.1417
      vertex 104.7 -12.9863 23.2498
    endloop
  endfacet
  facet normal 0 0.712227 -0.701949
    outer loop
      vertex 105.5 -13.2277 23.0239
      vertex 104.7 -13.1116 23.1417
      vertex 105.5 -13.1116 23.1417
    endloop
  endfacet
  facet normal 0 0.712227 -0.701949
    outer loop
      vertex 104.7 -13.1116 23.1417
      vertex 105.5 -13.2277 23.0239
      vertex 104.7 -13.2277 23.0239
    endloop
  endfacet
  facet normal 0 0.767428 -0.641135
    outer loop
      vertex 105.5 -13.3338 22.8969
      vertex 104.7 -13.2277 23.0239
      vertex 105.5 -13.2277 23.0239
    endloop
  endfacet
  facet normal 0 0.767428 -0.641135
    outer loop
      vertex 104.7 -13.2277 23.0239
      vertex 105.5 -13.3338 22.8969
      vertex 104.7 -13.3338 22.8969
    endloop
  endfacet
  facet normal 0 0.813687 -0.581303
    outer loop
      vertex 105.5 -13.4181 22.7789
      vertex 104.7 -13.3338 22.8969
      vertex 105.5 -13.3338 22.8969
    endloop
  endfacet
  facet normal 0 0.813687 -0.581303
    outer loop
      vertex 104.7 -13.3338 22.8969
      vertex 105.5 -13.4181 22.7789
      vertex 104.7 -13.4181 22.7789
    endloop
  endfacet
  facet normal 0 0.85627 -0.516528
    outer loop
      vertex 105.5 -13.504 22.6365
      vertex 104.7 -13.4181 22.7789
      vertex 105.5 -13.4181 22.7789
    endloop
  endfacet
  facet normal 0 0.85627 -0.516528
    outer loop
      vertex 104.7 -13.4181 22.7789
      vertex 105.5 -13.504 22.6365
      vertex 104.7 -13.504 22.6365
    endloop
  endfacet
  facet normal 0 0.89429 -0.447487
    outer loop
      vertex 105.5 -13.5694 22.5058
      vertex 104.7 -13.504 22.6365
      vertex 105.5 -13.504 22.6365
    endloop
  endfacet
  facet normal 0 0.89429 -0.447487
    outer loop
      vertex 104.7 -13.504 22.6365
      vertex 105.5 -13.5694 22.5058
      vertex 104.7 -13.5694 22.5058
    endloop
  endfacet
  facet normal 0 0.926285 -0.376824
    outer loop
      vertex 105.5 -13.6327 22.3502
      vertex 104.7 -13.5694 22.5058
      vertex 105.5 -13.5694 22.5058
    endloop
  endfacet
  facet normal 0 0.926285 -0.376824
    outer loop
      vertex 104.7 -13.5694 22.5058
      vertex 105.5 -13.6327 22.3502
      vertex 104.7 -13.6327 22.3502
    endloop
  endfacet
  facet normal 0 0.953112 -0.302618
    outer loop
      vertex 105.5 -13.6775 22.2091
      vertex 104.7 -13.6327 22.3502
      vertex 105.5 -13.6327 22.3502
    endloop
  endfacet
  facet normal 0 0.953112 -0.302618
    outer loop
      vertex 104.7 -13.6327 22.3502
      vertex 105.5 -13.6775 22.2091
      vertex 104.7 -13.6775 22.2091
    endloop
  endfacet
  facet normal 0 0.974322 -0.225158
    outer loop
      vertex 105.5 -13.716 22.0425
      vertex 104.7 -13.6775 22.2091
      vertex 105.5 -13.6775 22.2091
    endloop
  endfacet
  facet normal 0 0.974322 -0.225158
    outer loop
      vertex 104.7 -13.6775 22.2091
      vertex 105.5 -13.716 22.0425
      vertex 104.7 -13.716 22.0425
    endloop
  endfacet
  facet normal 0 0.989292 -0.14595
    outer loop
      vertex 105.5 -13.7381 21.8927
      vertex 104.7 -13.716 22.0425
      vertex 105.5 -13.716 22.0425
    endloop
  endfacet
  facet normal 0 0.989292 -0.14595
    outer loop
      vertex 104.7 -13.716 22.0425
      vertex 105.5 -13.7381 21.8927
      vertex 104.7 -13.7381 21.8927
    endloop
  endfacet
  facet normal 0 0.999332 -0.0365572
    outer loop
      vertex 105.5 -13.75 21.5674
      vertex 104.7 -13.7381 21.8927
      vertex 105.5 -13.7381 21.8927
    endloop
  endfacet
  facet normal 0 0.999332 -0.0365572
    outer loop
      vertex 104.7 -13.7381 21.8927
      vertex 105.5 -13.75 21.5674
      vertex 104.7 -13.75 21.5674
    endloop
  endfacet
  facet normal 0 0.999996 0.00294484
    outer loop
      vertex 105.5 -13.746 20.2091
      vertex 104.7 -13.75 21.5674
      vertex 105.5 -13.75 21.5674
    endloop
  endfacet
  facet normal 0 0.999996 0.00294484
    outer loop
      vertex 104.7 -13.75 21.5674
      vertex 105.5 -13.746 20.2091
      vertex 104.7 -13.746 20.2091
    endloop
  endfacet
  facet normal 0 0.991931 0.126777
    outer loop
      vertex 105.5 -13.713 19.9509
      vertex 104.7 -13.746 20.2091
      vertex 105.5 -13.746 20.2091
    endloop
  endfacet
  facet normal 0 0.991931 0.126777
    outer loop
      vertex 104.7 -13.746 20.2091
      vertex 105.5 -13.713 19.9509
      vertex 104.7 -13.713 19.9509
    endloop
  endfacet
  facet normal 0 0.965964 0.258676
    outer loop
      vertex 105.5 -13.6415 19.6839
      vertex 104.7 -13.713 19.9509
      vertex 105.5 -13.713 19.9509
    endloop
  endfacet
  facet normal 0 0.965964 0.258676
    outer loop
      vertex 104.7 -13.713 19.9509
      vertex 105.5 -13.6415 19.6839
      vertex 104.7 -13.6415 19.6839
    endloop
  endfacet
  facet normal 0 0.931199 0.364511
    outer loop
      vertex 105.5 -13.5802 19.5273
      vertex 104.7 -13.6415 19.6839
      vertex 105.5 -13.6415 19.6839
    endloop
  endfacet
  facet normal 0 0.931199 0.364511
    outer loop
      vertex 104.7 -13.6415 19.6839
      vertex 105.5 -13.5802 19.5273
      vertex 104.7 -13.5802 19.5273
    endloop
  endfacet
  facet normal 0 0.895277 0.44551
    outer loop
      vertex 105.5 -13.4965 19.3591
      vertex 104.7 -13.5802 19.5273
      vertex 105.5 -13.5802 19.5273
    endloop
  endfacet
  facet normal 0 0.895277 0.44551
    outer loop
      vertex 104.7 -13.5802 19.5273
      vertex 105.5 -13.4965 19.3591
      vertex 104.7 -13.4965 19.3591
    endloop
  endfacet
  facet normal 0 0.849706 0.527256
    outer loop
      vertex 105.5 -13.3979 19.2002
      vertex 104.7 -13.4965 19.3591
      vertex 105.5 -13.4965 19.3591
    endloop
  endfacet
  facet normal 0 0.849706 0.527256
    outer loop
      vertex 104.7 -13.4965 19.3591
      vertex 105.5 -13.3979 19.2002
      vertex 104.7 -13.3979 19.2002
    endloop
  endfacet
  facet normal 0 0.797546 0.603258
    outer loop
      vertex 105.5 -13.2855 19.0516
      vertex 104.7 -13.3979 19.2002
      vertex 105.5 -13.3979 19.2002
    endloop
  endfacet
  facet normal 0 0.797546 0.603258
    outer loop
      vertex 104.7 -13.3979 19.2002
      vertex 105.5 -13.2855 19.0516
      vertex 104.7 -13.2855 19.0516
    endloop
  endfacet
  facet normal 0 0.738869 0.673849
    outer loop
      vertex 105.5 -13.1601 18.9141
      vertex 104.7 -13.2855 19.0516
      vertex 105.5 -13.2855 19.0516
    endloop
  endfacet
  facet normal 0 0.738869 0.673849
    outer loop
      vertex 104.7 -13.2855 19.0516
      vertex 105.5 -13.1601 18.9141
      vertex 104.7 -13.1601 18.9141
    endloop
  endfacet
  facet normal -0 0.673555 0.739137
    outer loop
      vertex 104.7 -13.0226 18.7888
      vertex 105.5 -13.1601 18.9141
      vertex 105.5 -13.0226 18.7888
    endloop
  endfacet
  facet normal 0 0.673555 0.739137
    outer loop
      vertex 105.5 -13.1601 18.9141
      vertex 104.7 -13.0226 18.7888
      vertex 104.7 -13.1601 18.9141
    endloop
  endfacet
  facet normal -0 0.603599 0.797288
    outer loop
      vertex 104.7 -12.874 18.6763
      vertex 105.5 -13.0226 18.7888
      vertex 105.5 -12.874 18.6763
    endloop
  endfacet
  facet normal 0 0.603599 0.797288
    outer loop
      vertex 105.5 -13.0226 18.7888
      vertex 104.7 -12.874 18.6763
      vertex 104.7 -13.0226 18.7888
    endloop
  endfacet
  facet normal -0 0.527256 0.849706
    outer loop
      vertex 104.7 -12.7151 18.5777
      vertex 105.5 -12.874 18.6763
      vertex 105.5 -12.7151 18.5777
    endloop
  endfacet
  facet normal 0 0.527256 0.849706
    outer loop
      vertex 105.5 -12.874 18.6763
      vertex 104.7 -12.7151 18.5777
      vertex 104.7 -12.874 18.6763
    endloop
  endfacet
  facet normal -0 0.436562 0.899674
    outer loop
      vertex 104.7 -12.5084 18.4774
      vertex 105.5 -12.7151 18.5777
      vertex 105.5 -12.5084 18.4774
    endloop
  endfacet
  facet normal 0 0.436562 0.899674
    outer loop
      vertex 105.5 -12.7151 18.5777
      vertex 104.7 -12.5084 18.4774
      vertex 104.7 -12.7151 18.5777
    endloop
  endfacet
  facet normal -0 0.329774 0.94406
    outer loop
      vertex 104.7 -12.2894 18.4009
      vertex 105.5 -12.5084 18.4774
      vertex 105.5 -12.2894 18.4009
    endloop
  endfacet
  facet normal 0 0.329774 0.94406
    outer loop
      vertex 105.5 -12.5084 18.4774
      vertex 104.7 -12.2894 18.4009
      vertex 104.7 -12.5084 18.4774
    endloop
  endfacet
  facet normal -0 0.21756 0.976047
    outer loop
      vertex 104.7 -12.0597 18.3497
      vertex 105.5 -12.2894 18.4009
      vertex 105.5 -12.0597 18.3497
    endloop
  endfacet
  facet normal 0 0.21756 0.976047
    outer loop
      vertex 105.5 -12.2894 18.4009
      vertex 104.7 -12.0597 18.3497
      vertex 104.7 -12.2894 18.4009
    endloop
  endfacet
  facet normal -0 0.106095 0.994356
    outer loop
      vertex 104.7 -11.8432 18.3266
      vertex 105.5 -12.0597 18.3497
      vertex 105.5 -11.8432 18.3266
    endloop
  endfacet
  facet normal 0 0.106095 0.994356
    outer loop
      vertex 105.5 -12.0597 18.3497
      vertex 104.7 -11.8432 18.3266
      vertex 104.7 -12.0597 18.3497
    endloop
  endfacet
  facet normal -0 0.000707514 1
    outer loop
      vertex 104.7 -7.88568 18.3238
      vertex 105.5 -11.8432 18.3266
      vertex 105.5 -7.88568 18.3238
    endloop
  endfacet
  facet normal 0 0.000707514 1
    outer loop
      vertex 105.5 -11.8432 18.3266
      vertex 104.7 -7.88568 18.3238
      vertex 104.7 -11.8432 18.3266
    endloop
  endfacet
  facet normal 0 -1 0.000710124
    outer loop
      vertex 104.7 -7.88568 18.3238
      vertex 105.5 -7.8849 19.4222
      vertex 104.7 -7.8849 19.4222
    endloop
  endfacet
  facet normal 0 -1 0.000710124
    outer loop
      vertex 105.5 -7.8849 19.4222
      vertex 104.7 -7.88568 18.3238
      vertex 105.5 -7.88568 18.3238
    endloop
  endfacet
  facet normal 0 -0.145384 0.989375
    outer loop
      vertex 104.7 3.46114 18.2577
      vertex 105.5 3.29305 18.233
      vertex 105.5 3.46114 18.2577
    endloop
  endfacet
  facet normal 0 -0.145384 0.989375
    outer loop
      vertex 105.5 3.29305 18.233
      vertex 104.7 3.46114 18.2577
      vertex 104.7 3.29305 18.233
    endloop
  endfacet
  facet normal 0 -0.258407 0.966036
    outer loop
      vertex 104.7 3.6032 18.2957
      vertex 105.5 3.46114 18.2577
      vertex 105.5 3.6032 18.2957
    endloop
  endfacet
  facet normal 0 -0.258407 0.966036
    outer loop
      vertex 105.5 3.46114 18.2577
      vertex 104.7 3.6032 18.2957
      vertex 104.7 3.46114 18.2577
    endloop
  endfacet
  facet normal 0 -0.366512 0.930413
    outer loop
      vertex 104.7 3.75856 18.3569
      vertex 105.5 3.6032 18.2957
      vertex 105.5 3.75856 18.3569
    endloop
  endfacet
  facet normal 0 -0.366512 0.930413
    outer loop
      vertex 105.5 3.6032 18.2957
      vertex 104.7 3.75856 18.3569
      vertex 104.7 3.6032 18.2957
    endloop
  endfacet
  facet normal 0 -0.477423 0.878674
    outer loop
      vertex 104.7 3.90506 18.4365
      vertex 105.5 3.75856 18.3569
      vertex 105.5 3.90506 18.4365
    endloop
  endfacet
  facet normal 0 -0.477423 0.878674
    outer loop
      vertex 105.5 3.75856 18.3569
      vertex 104.7 3.90506 18.4365
      vertex 104.7 3.75856 18.3569
    endloop
  endfacet
  facet normal 0 -0.580445 0.814299
    outer loop
      vertex 104.7 4.04114 18.5335
      vertex 105.5 3.90506 18.4365
      vertex 105.5 4.04114 18.5335
    endloop
  endfacet
  facet normal 0 -0.580445 0.814299
    outer loop
      vertex 105.5 3.90506 18.4365
      vertex 104.7 4.04114 18.5335
      vertex 104.7 3.90506 18.4365
    endloop
  endfacet
  facet normal 0 -0.675093 0.737733
    outer loop
      vertex 104.7 4.16539 18.6472
      vertex 105.5 4.04114 18.5335
      vertex 105.5 4.16539 18.6472
    endloop
  endfacet
  facet normal 0 -0.675093 0.737733
    outer loop
      vertex 105.5 4.04114 18.5335
      vertex 104.7 4.16539 18.6472
      vertex 104.7 4.04114 18.5335
    endloop
  endfacet
  facet normal 0 -0.754925 0.655811
    outer loop
      vertex 104.7 4.16539 18.6472
      vertex 105.5 4.26312 18.7597
      vertex 104.7 4.26312 18.7597
    endloop
  endfacet
  facet normal 0 -0.754925 0.655811
    outer loop
      vertex 105.5 4.26312 18.7597
      vertex 104.7 4.16539 18.6472
      vertex 105.5 4.16539 18.6472
    endloop
  endfacet
  facet normal 0 -0.820257 0.571995
    outer loop
      vertex 104.7 4.26312 18.7597
      vertex 105.5 4.34952 18.8836
      vertex 104.7 4.34952 18.8836
    endloop
  endfacet
  facet normal 0 -0.820257 0.571995
    outer loop
      vertex 105.5 4.34952 18.8836
      vertex 104.7 4.26312 18.7597
      vertex 105.5 4.26312 18.7597
    endloop
  endfacet
  facet normal 0 -0.84872 0.528843
    outer loop
      vertex 104.7 4.34952 18.8836
      vertex 105.5 7.34143 23.6852
      vertex 104.7 7.34143 23.6852
    endloop
  endfacet
  facet normal 0 -0.84872 0.528843
    outer loop
      vertex 105.5 7.34143 23.6852
      vertex 104.7 4.34952 18.8836
      vertex 105.5 4.34952 18.8836
    endloop
  endfacet
  facet normal 0 0 -1
    outer loop
      vertex 104.7 6.05214 23.6852
      vertex 105.5 7.34143 23.6852
      vertex 105.5 6.05214 23.6852
    endloop
  endfacet
  facet normal -0 0 -1
    outer loop
      vertex 105.5 7.34143 23.6852
      vertex 104.7 6.05214 23.6852
      vertex 104.7 7.34143 23.6852
    endloop
  endfacet
  facet normal 0 0.848089 -0.529853
    outer loop
      vertex 105.5 3.40759 19.4523
      vertex 104.7 6.05214 23.6852
      vertex 105.5 6.05214 23.6852
    endloop
  endfacet
  facet normal 0 0.848089 -0.529853
    outer loop
      vertex 104.7 6.05214 23.6852
      vertex 105.5 3.40759 19.4523
      vertex 104.7 3.40759 19.4523
    endloop
  endfacet
  facet normal 0 0.772579 -0.634919
    outer loop
      vertex 105.5 3.37143 19.4083
      vertex 104.7 3.40759 19.4523
      vertex 105.5 3.40759 19.4523
    endloop
  endfacet
  facet normal 0 0.772579 -0.634919
    outer loop
      vertex 104.7 3.40759 19.4523
      vertex 105.5 3.37143 19.4083
      vertex 104.7 3.37143 19.4083
    endloop
  endfacet
  facet normal 0 0.601714 -0.798712
    outer loop
      vertex 104.7 3.31183 19.3634
      vertex 105.5 3.37143 19.4083
      vertex 105.5 3.31183 19.3634
    endloop
  endfacet
  facet normal 0 0.601714 -0.798712
    outer loop
      vertex 105.5 3.37143 19.4083
      vertex 104.7 3.31183 19.3634
      vertex 104.7 3.37143 19.4083
    endloop
  endfacet
  facet normal 0 0.35157 -0.936161
    outer loop
      vertex 104.7 3.23381 19.3341
      vertex 105.5 3.31183 19.3634
      vertex 105.5 3.23381 19.3341
    endloop
  endfacet
  facet normal 0 0.35157 -0.936161
    outer loop
      vertex 105.5 3.31183 19.3634
      vertex 104.7 3.23381 19.3341
      vertex 104.7 3.31183 19.3634
    endloop
  endfacet
  facet normal 0 0.101486 -0.994837
    outer loop
      vertex 104.7 3.16225 19.3268
      vertex 105.5 3.23381 19.3341
      vertex 105.5 3.16225 19.3268
    endloop
  endfacet
  facet normal 0 0.101486 -0.994837
    outer loop
      vertex 105.5 3.23381 19.3341
      vertex 104.7 3.16225 19.3268
      vertex 104.7 3.23381 19.3341
    endloop
  endfacet
  facet normal 0 -0.157873 -0.987459
    outer loop
      vertex 104.7 3.08344 19.3394
      vertex 105.5 3.16225 19.3268
      vertex 105.5 3.08344 19.3394
    endloop
  endfacet
  facet normal -0 -0.157873 -0.987459
    outer loop
      vertex 105.5 3.16225 19.3268
      vertex 104.7 3.08344 19.3394
      vertex 104.7 3.16225 19.3268
    endloop
  endfacet
  facet normal 0 -0.393938 -0.919137
    outer loop
      vertex 104.7 3.02441 19.3647
      vertex 105.5 3.08344 19.3394
      vertex 105.5 3.02441 19.3647
    endloop
  endfacet
  facet normal -0 -0.393938 -0.919137
    outer loop
      vertex 105.5 3.08344 19.3394
      vertex 104.7 3.02441 19.3647
      vertex 104.7 3.08344 19.3394
    endloop
  endfacet
  facet normal 0 -0.613922 -0.789367
    outer loop
      vertex 104.7 2.96565 19.4104
      vertex 105.5 3.02441 19.3647
      vertex 105.5 2.96565 19.4104
    endloop
  endfacet
  facet normal -0 -0.613922 -0.789367
    outer loop
      vertex 105.5 3.02441 19.3647
      vertex 104.7 2.96565 19.4104
      vertex 104.7 3.02441 19.3647
    endloop
  endfacet
  facet normal 0 -0.783267 -0.621685
    outer loop
      vertex 104.7 2.96565 19.4104
      vertex 105.5 2.93033 19.4549
      vertex 104.7 2.93033 19.4549
    endloop
  endfacet
  facet normal 0 -0.783267 -0.621685
    outer loop
      vertex 105.5 2.93033 19.4549
      vertex 104.7 2.96565 19.4104
      vertex 105.5 2.96565 19.4104
    endloop
  endfacet
  facet normal 0 -0.855921 -0.517106
    outer loop
      vertex 104.7 2.93033 19.4549
      vertex 105.5 0.381836 23.6732
      vertex 104.7 0.381836 23.6732
    endloop
  endfacet
  facet normal 0 -0.855921 -0.517106
    outer loop
      vertex 105.5 0.381836 23.6732
      vertex 104.7 2.93033 19.4549
      vertex 105.5 2.93033 19.4549
    endloop
  endfacet
  facet normal 0 -0.641682 -0.766971
    outer loop
      vertex 104.7 0.367493 23.6852
      vertex 105.5 0.381836 23.6732
      vertex 105.5 0.367493 23.6852
    endloop
  endfacet
  facet normal -0 -0.641682 -0.766971
    outer loop
      vertex 105.5 0.381836 23.6732
      vertex 104.7 0.367493 23.6852
      vertex 104.7 0.381836 23.6732
    endloop
  endfacet
  facet normal 0 0 -1
    outer loop
      vertex 104.7 -0.90062 23.6852
      vertex 105.5 0.367493 23.6852
      vertex 105.5 -0.90062 23.6852
    endloop
  endfacet
  facet normal -0 0 -1
    outer loop
      vertex 105.5 0.367493 23.6852
      vertex 104.7 -0.90062 23.6852
      vertex 104.7 0.367493 23.6852
    endloop
  endfacet
  facet normal 0 0.856461 0.516212
    outer loop
      vertex 105.5 1.98608 18.8958
      vertex 104.7 -0.90062 23.6852
      vertex 105.5 -0.90062 23.6852
    endloop
  endfacet
  facet normal 0 0.856461 0.516212
    outer loop
      vertex 104.7 -0.90062 23.6852
      vertex 105.5 1.98608 18.8958
      vertex 104.7 1.98608 18.8958
    endloop
  endfacet
  facet normal 0 0.832571 0.553918
    outer loop
      vertex 105.5 2.058 18.7877
      vertex 104.7 1.98608 18.8958
      vertex 105.5 1.98608 18.8958
    endloop
  endfacet
  facet normal 0 0.832571 0.553918
    outer loop
      vertex 104.7 1.98608 18.8958
      vertex 105.5 2.058 18.7877
      vertex 104.7 2.058 18.7877
    endloop
  endfacet
  facet normal 0 0.772524 0.634985
    outer loop
      vertex 105.5 2.15269 18.6725
      vertex 104.7 2.058 18.7877
      vertex 105.5 2.058 18.7877
    endloop
  endfacet
  facet normal 0 0.772524 0.634985
    outer loop
      vertex 104.7 2.058 18.7877
      vertex 105.5 2.15269 18.6725
      vertex 104.7 2.15269 18.6725
    endloop
  endfacet
  facet normal -0 0.694927 0.71908
    outer loop
      vertex 104.7 2.27386 18.5554
      vertex 105.5 2.15269 18.6725
      vertex 105.5 2.27386 18.5554
    endloop
  endfacet
  facet normal 0 0.694927 0.71908
    outer loop
      vertex 105.5 2.15269 18.6725
      vertex 104.7 2.27386 18.5554
      vertex 104.7 2.15269 18.6725
    endloop
  endfacet
  facet normal -0 0.606863 0.794806
    outer loop
      vertex 104.7 2.39003 18.4667
      vertex 105.5 2.27386 18.5554
      vertex 105.5 2.39003 18.4667
    endloop
  endfacet
  facet normal 0 0.606863 0.794806
    outer loop
      vertex 105.5 2.27386 18.5554
      vertex 104.7 2.39003 18.4667
      vertex 104.7 2.27386 18.5554
    endloop
  endfacet
  facet normal -0 0.511996 0.858988
    outer loop
      vertex 104.7 2.53314 18.3814
      vertex 105.5 2.39003 18.4667
      vertex 105.5 2.53314 18.3814
    endloop
  endfacet
  facet normal 0 0.511996 0.858988
    outer loop
      vertex 105.5 2.39003 18.4667
      vertex 104.7 2.53314 18.3814
      vertex 104.7 2.39003 18.4667
    endloop
  endfacet
  facet normal -0 0.403301 0.915067
    outer loop
      vertex 104.7 2.68584 18.3141
      vertex 105.5 2.53314 18.3814
      vertex 105.5 2.68584 18.3141
    endloop
  endfacet
  facet normal 0 0.403301 0.915067
    outer loop
      vertex 105.5 2.53314 18.3814
      vertex 104.7 2.68584 18.3141
      vertex 104.7 2.53314 18.3814
    endloop
  endfacet
  facet normal -0 0.296277 0.955102
    outer loop
      vertex 104.7 2.82607 18.2706
      vertex 105.5 2.68584 18.3141
      vertex 105.5 2.82607 18.2706
    endloop
  endfacet
  facet normal 0 0.296277 0.955102
    outer loop
      vertex 105.5 2.68584 18.3141
      vertex 104.7 2.82607 18.2706
      vertex 104.7 2.68584 18.3141
    endloop
  endfacet
  facet normal -0 0.185924 0.982564
    outer loop
      vertex 104.7 2.99254 18.2391
      vertex 105.5 2.82607 18.2706
      vertex 105.5 2.99254 18.2391
    endloop
  endfacet
  facet normal 0 0.185924 0.982564
    outer loop
      vertex 105.5 2.82607 18.2706
      vertex 104.7 2.99254 18.2391
      vertex 104.7 2.82607 18.2706
    endloop
  endfacet
  facet normal -0 0.0737933 0.997274
    outer loop
      vertex 104.7 3.14255 18.228
      vertex 105.5 2.99254 18.2391
      vertex 105.5 3.14255 18.228
    endloop
  endfacet
  facet normal 0 0.0737933 0.997274
    outer loop
      vertex 105.5 2.99254 18.2391
      vertex 104.7 3.14255 18.228
      vertex 104.7 2.99254 18.2391
    endloop
  endfacet
  facet normal 0 -0.0332043 0.999449
    outer loop
      vertex 104.7 3.29305 18.233
      vertex 105.5 3.14255 18.228
      vertex 105.5 3.29305 18.233
    endloop
  endfacet
  facet normal 0 -0.0332043 0.999449
    outer loop
      vertex 105.5 3.14255 18.228
      vertex 104.7 3.29305 18.233
      vertex 104.7 3.14255 18.228
    endloop
  endfacet
  facet normal 0 1 0
    outer loop
      vertex 80.3865 15.2 23.6698
      vertex 79.9104 15.2 23.7722
      vertex 80.1025 15.2 23.77
    endloop
  endfacet
  facet normal 0 1 0
    outer loop
      vertex 80.3865 15.2 23.6698
      vertex 80.1025 15.2 23.77
      vertex 80.2722 15.2 23.75
    endloop
  endfacet
  facet normal 0 1 0
    outer loop
      vertex 79.9104 15.2 23.7722
      vertex 80.3865 15.2 23.6698
      vertex 79.7601 15.2 23.7646
    endloop
  endfacet
  facet normal 0 1 -0
    outer loop
      vertex 80.3865 15.2 23.6698
      vertex 80.2722 15.2 23.75
      vertex 80.4361 15.2 23.71
    endloop
  endfacet
  facet normal 0 1 0
    outer loop
      vertex 79.7601 15.2 23.7646
      vertex 80.3865 15.2 23.6698
      vertex 79.5926 15.2 23.7367
    endloop
  endfacet
  facet normal 0 1 0
    outer loop
      vertex 79.5926 15.2 23.7367
      vertex 80.3865 15.2 23.6698
      vertex 79.4314 15.2 23.6891
    endloop
  endfacet
  facet normal 0 1 0
    outer loop
      vertex 80.6114 15.2 23.6421
      vertex 80.3865 15.2 23.6698
      vertex 80.4361 15.2 23.71
    endloop
  endfacet
  facet normal 0 1 0
    outer loop
      vertex 80.7578 15.2 23.5622
      vertex 80.3865 15.2 23.6698
      vertex 80.6114 15.2 23.6421
    endloop
  endfacet
  facet normal 0 1 0
    outer loop
      vertex 80.8938 15.2 23.4646
      vertex 80.3865 15.2 23.6698
      vertex 80.7578 15.2 23.5622
    endloop
  endfacet
  facet normal 0 1 0
    outer loop
      vertex 81.0181 15.2 23.3503
      vertex 80.3865 15.2 23.6698
      vertex 80.8938 15.2 23.4646
    endloop
  endfacet
  facet normal 0 1 0
    outer loop
      vertex 81.1428 15.2 23.2036
      vertex 80.3865 15.2 23.6698
      vertex 81.0181 15.2 23.3503
    endloop
  endfacet
  facet normal 0 1 0
    outer loop
      vertex 79.0662 15.2 18.3263
      vertex 81.1428 15.2 23.2036
      vertex 84.1931 15.2 18.3333
    endloop
  endfacet
  facet normal 0 1 0
    outer loop
      vertex 81.1428 15.2 23.2036
      vertex 79.0662 15.2 18.3263
      vertex 80.3865 15.2 23.6698
    endloop
  endfacet
  facet normal -0 1 0
    outer loop
      vertex 79.0662 15.2 18.3263
      vertex 84.1931 15.2 18.3333
      vertex 84.1939 15.2 18.3211
    endloop
  endfacet
  facet normal 0 1 0
    outer loop
      vertex 80.3865 15.2 23.6698
      vertex 79.2781 15.2 23.6224
      vertex 79.4314 15.2 23.6891
    endloop
  endfacet
  facet normal 0 1 0
    outer loop
      vertex 80.3865 15.2 23.6698
      vertex 79.1342 15.2 23.5376
      vertex 79.2781 15.2 23.6224
    endloop
  endfacet
  facet normal 0 1 0
    outer loop
      vertex 80.3865 15.2 23.6698
      vertex 79.0012 15.2 23.4353
      vertex 79.1342 15.2 23.5376
    endloop
  endfacet
  facet normal 0 1 0
    outer loop
      vertex 80.3865 15.2 23.6698
      vertex 78.8807 15.2 23.3163
      vertex 79.0012 15.2 23.4353
    endloop
  endfacet
  facet normal 0 1 0
    outer loop
      vertex 80.3865 15.2 23.6698
      vertex 78.773 15.2 23.184
      vertex 78.8807 15.2 23.3163
    endloop
  endfacet
  facet normal 0 1 0
    outer loop
      vertex 77.0578 15.2 18.325
      vertex 78.773 15.2 23.184
      vertex 80.3865 15.2 23.6698
    endloop
  endfacet
  facet normal 0 1 0
    outer loop
      vertex 78.773 15.2 23.184
      vertex 77.0578 15.2 18.325
      vertex 75.75 15.2 18.3211
    endloop
  endfacet
  facet normal 0 1 0
    outer loop
      vertex 90.4006 15.2 23.6852
      vertex 89.1182 15.2 23.6732
      vertex 89.1325 15.2 23.6852
    endloop
  endfacet
  facet normal 0 1 0
    outer loop
      vertex 87.5139 15.2 18.8958
      vertex 89.1182 15.2 23.6732
      vertex 90.4006 15.2 23.6852
    endloop
  endfacet
  facet normal 0 1 0
    outer loop
      vertex 89.1182 15.2 23.6732
      vertex 87.5139 15.2 18.8958
      vertex 86.5697 15.2 19.4549
    endloop
  endfacet
  facet normal 0 1 -0
    outer loop
      vertex 87.2261 15.2 18.5554
      vertex 86.5343 15.2 19.4104
      vertex 87.3473 15.2 18.6725
    endloop
  endfacet
  facet normal 0 1 -0
    outer loop
      vertex 87.3473 15.2 18.6725
      vertex 86.5343 15.2 19.4104
      vertex 87.442 15.2 18.7877
    endloop
  endfacet
  facet normal 0 1 0
    outer loop
      vertex 86.5697 15.2 19.4549
      vertex 87.442 15.2 18.7877
      vertex 86.5343 15.2 19.4104
    endloop
  endfacet
  facet normal 0 1 -0
    outer loop
      vertex 87.442 15.2 18.7877
      vertex 86.5697 15.2 19.4549
      vertex 87.5139 15.2 18.8958
    endloop
  endfacet
  facet normal 0 1 -0
    outer loop
      vertex 85.1505 15.2 18.8836
      vertex 83.4479 15.2 23.6852
      vertex 86.0924 15.2 19.4523
    endloop
  endfacet
  facet normal 0 1 0
    outer loop
      vertex 85.2369 15.2 18.7597
      vertex 86.0924 15.2 19.4523
      vertex 86.1286 15.2 19.4083
    endloop
  endfacet
  facet normal 0 1 0
    outer loop
      vertex 86.5343 15.2 19.4104
      vertex 87.2261 15.2 18.5554
      vertex 86.4756 15.2 19.3647
    endloop
  endfacet
  facet normal 0 1 0
    outer loop
      vertex 83.4479 15.2 23.6852
      vertex 85.1505 15.2 18.8836
      vertex 82.1586 15.2 23.6852
    endloop
  endfacet
  facet normal 0 1 0
    outer loop
      vertex 85.4589 15.2 18.5335
      vertex 86.1286 15.2 19.4083
      vertex 86.1882 15.2 19.3634
    endloop
  endfacet
  facet normal 0 1 0
    outer loop
      vertex 85.8968 15.2 18.2957
      vertex 86.1882 15.2 19.3634
      vertex 86.2662 15.2 19.3341
    endloop
  endfacet
  facet normal 0 1 -0
    outer loop
      vertex 87.11 15.2 18.4667
      vertex 86.4756 15.2 19.3647
      vertex 87.2261 15.2 18.5554
    endloop
  endfacet
  facet normal 0 1 -0
    outer loop
      vertex 86.9669 15.2 18.3814
      vertex 86.4756 15.2 19.3647
      vertex 87.11 15.2 18.4667
    endloop
  endfacet
  facet normal 0 1 0
    outer loop
      vertex 86.0924 15.2 19.4523
      vertex 85.2369 15.2 18.7597
      vertex 85.1505 15.2 18.8836
    endloop
  endfacet
  facet normal 0 1 -0
    outer loop
      vertex 86.8142 15.2 18.3141
      vertex 86.4756 15.2 19.3647
      vertex 86.9669 15.2 18.3814
    endloop
  endfacet
  facet normal 0 1 0
    outer loop
      vertex 86.1286 15.2 19.4083
      vertex 85.3346 15.2 18.6472
      vertex 85.2369 15.2 18.7597
    endloop
  endfacet
  facet normal 0 1 0
    outer loop
      vertex 86.4756 15.2 19.3647
      vertex 86.8142 15.2 18.3141
      vertex 86.4166 15.2 19.3394
    endloop
  endfacet
  facet normal 0 1 0
    outer loop
      vertex 86.1286 15.2 19.4083
      vertex 85.4589 15.2 18.5335
      vertex 85.3346 15.2 18.6472
    endloop
  endfacet
  facet normal 0 1 -0
    outer loop
      vertex 86.6739 15.2 18.2706
      vertex 86.4166 15.2 19.3394
      vertex 86.8142 15.2 18.3141
    endloop
  endfacet
  facet normal 0 1 0
    outer loop
      vertex 86.1882 15.2 19.3634
      vertex 85.5949 15.2 18.4365
      vertex 85.4589 15.2 18.5335
    endloop
  endfacet
  facet normal 0 1 -0
    outer loop
      vertex 86.5075 15.2 18.2391
      vertex 86.4166 15.2 19.3394
      vertex 86.6739 15.2 18.2706
    endloop
  endfacet
  facet normal 0 1 0
    outer loop
      vertex 86.1882 15.2 19.3634
      vertex 85.7414 15.2 18.3569
      vertex 85.5949 15.2 18.4365
    endloop
  endfacet
  facet normal 0 1 0
    outer loop
      vertex 86.4166 15.2 19.3394
      vertex 86.5075 15.2 18.2391
      vertex 86.3378 15.2 19.3268
    endloop
  endfacet
  facet normal 0 1 0
    outer loop
      vertex 86.1882 15.2 19.3634
      vertex 85.8968 15.2 18.2957
      vertex 85.7414 15.2 18.3569
    endloop
  endfacet
  facet normal 0 1 -0
    outer loop
      vertex 86.3575 15.2 18.228
      vertex 86.3378 15.2 19.3268
      vertex 86.5075 15.2 18.2391
    endloop
  endfacet
  facet normal 0 1 0
    outer loop
      vertex 86.2662 15.2 19.3341
      vertex 86.0389 15.2 18.2577
      vertex 85.8968 15.2 18.2957
    endloop
  endfacet
  facet normal -0 1 0
    outer loop
      vertex 86.207 15.2 18.233
      vertex 86.3378 15.2 19.3268
      vertex 86.3575 15.2 18.228
    endloop
  endfacet
  facet normal 0 1 0
    outer loop
      vertex 86.2662 15.2 19.3341
      vertex 86.207 15.2 18.233
      vertex 86.0389 15.2 18.2577
    endloop
  endfacet
  facet normal 0 1 0
    outer loop
      vertex 86.3378 15.2 19.3268
      vertex 86.207 15.2 18.233
      vertex 86.2662 15.2 19.3341
    endloop
  endfacet
  facet normal 0 1 0
    outer loop
      vertex 94.7257 15.2 23.6879
      vertex 94.7894 15.2 22.5699
      vertex 92.2218 15.2 22.5736
    endloop
  endfacet
  facet normal 0 1 0
    outer loop
      vertex 96.3192 15.2 22.8782
      vertex 94.9381 15.2 22.5435
      vertex 94.7894 15.2 22.5699
    endloop
  endfacet
  facet normal 0 1 0
    outer loop
      vertex 95.5164 15.2 22.0674
      vertex 96.4347 15.2 22.706
      vertex 96.5409 15.2 22.503
    endloop
  endfacet
  facet normal 0 1 0
    outer loop
      vertex 96.3192 15.2 22.8782
      vertex 95.0773 15.2 22.4938
      vertex 94.9381 15.2 22.5435
    endloop
  endfacet
  facet normal 0 1 0
    outer loop
      vertex 96.3192 15.2 22.8782
      vertex 95.205 15.2 22.4229
      vertex 95.0773 15.2 22.4938
    endloop
  endfacet
  facet normal 0 1 0
    outer loop
      vertex 96.3192 15.2 22.8782
      vertex 95.334 15.2 22.3187
      vertex 95.205 15.2 22.4229
    endloop
  endfacet
  facet normal 0 1 0
    outer loop
      vertex 95.5164 15.2 22.0674
      vertex 96.5409 15.2 22.503
      vertex 96.6174 15.2 22.3074
    endloop
  endfacet
  facet normal 0 1 0
    outer loop
      vertex 96.3192 15.2 22.8782
      vertex 95.4419 15.2 22.1928
      vertex 95.334 15.2 22.3187
    endloop
  endfacet
  facet normal 0 1 0
    outer loop
      vertex 95.5701 15.2 21.9301
      vertex 96.6174 15.2 22.3074
      vertex 96.6778 15.2 22.0815
    endloop
  endfacet
  facet normal 0 1 0
    outer loop
      vertex 96.4347 15.2 22.706
      vertex 95.5164 15.2 22.0674
      vertex 95.4419 15.2 22.1928
    endloop
  endfacet
  facet normal 0 1 0
    outer loop
      vertex 96.6174 15.2 22.3074
      vertex 95.5701 15.2 21.9301
      vertex 95.5164 15.2 22.0674
    endloop
  endfacet
  facet normal 0 1 0
    outer loop
      vertex 95.6008 15.2 21.783
      vertex 96.6778 15.2 22.0815
      vertex 96.7099 15.2 21.868
    endloop
  endfacet
  facet normal 0 1 0
    outer loop
      vertex 96.6778 15.2 22.0815
      vertex 95.6008 15.2 21.783
      vertex 95.5701 15.2 21.9301
    endloop
  endfacet
  facet normal 0 1 0
    outer loop
      vertex 96.7189 15.2 21.6923
      vertex 95.6008 15.2 21.783
      vertex 96.7099 15.2 21.868
    endloop
  endfacet
  facet normal 0 1 0
    outer loop
      vertex 96.7189 15.2 21.6923
      vertex 95.6074 15.2 21.5247
      vertex 95.6008 15.2 21.783
    endloop
  endfacet
  facet normal 0 1 -0
    outer loop
      vertex 96.7188 15.2 20.3382
      vertex 95.6074 15.2 21.5247
      vertex 96.7189 15.2 21.6923
    endloop
  endfacet
  facet normal 0 1 0
    outer loop
      vertex 91.7602 15.2 21.7868
      vertex 90.8322 15.2 21.1754
      vertex 90.7425 15.2 21.3535
    endloop
  endfacet
  facet normal -0 1 0
    outer loop
      vertex 92.0222 15.2 20.4196
      vertex 92.1154 15.2 21.5195
      vertex 92.2252 15.2 20.4094
    endloop
  endfacet
  facet normal 0 1 0
    outer loop
      vertex 92.1154 15.2 21.5195
      vertex 90.9444 15.2 21.0086
      vertex 90.8322 15.2 21.1754
    endloop
  endfacet
  facet normal 0 1 0
    outer loop
      vertex 92.1154 15.2 21.5195
      vertex 91.0787 15.2 20.8561
      vertex 90.9444 15.2 21.0086
    endloop
  endfacet
  facet normal -0 1 0
    outer loop
      vertex 95.6055 15.2 20.4075
      vertex 95.6074 15.2 21.5247
      vertex 96.7188 15.2 20.3382
    endloop
  endfacet
  facet normal 0 1 0
    outer loop
      vertex 92.1154 15.2 21.5195
      vertex 91.2348 15.2 20.721
      vertex 91.0787 15.2 20.8561
    endloop
  endfacet
  facet normal 0 1 0
    outer loop
      vertex 92.1154 15.2 21.5195
      vertex 91.4126 15.2 20.6063
      vertex 91.2348 15.2 20.721
    endloop
  endfacet
  facet normal 0 1 0
    outer loop
      vertex 92.1154 15.2 21.5195
      vertex 91.6115 15.2 20.515
      vertex 91.4126 15.2 20.6063
    endloop
  endfacet
  facet normal 0 1 0
    outer loop
      vertex 92.1154 15.2 21.5195
      vertex 91.8085 15.2 20.4555
      vertex 91.6115 15.2 20.515
    endloop
  endfacet
  facet normal 0 1 0
    outer loop
      vertex 92.1154 15.2 21.5195
      vertex 92.0222 15.2 20.4196
      vertex 91.8085 15.2 20.4555
    endloop
  endfacet
  facet normal 0 1 0
    outer loop
      vertex 95.5946 15.2 21.5164
      vertex 95.6055 15.2 20.4075
      vertex 92.2252 15.2 20.4094
    endloop
  endfacet
  facet normal 0 1 0
    outer loop
      vertex 95.6074 15.2 21.5247
      vertex 95.6055 15.2 20.4075
      vertex 95.5946 15.2 21.5164
    endloop
  endfacet
  facet normal 0 1 0
    outer loop
      vertex 96.7188 15.2 20.3382
      vertex 95.6017 15.2 20.2588
      vertex 95.6055 15.2 20.4075
    endloop
  endfacet
  facet normal 0 1 -0
    outer loop
      vertex 96.7111 15.2 20.1849
      vertex 95.6017 15.2 20.2588
      vertex 96.7188 15.2 20.3382
    endloop
  endfacet
  facet normal 0 1 -0
    outer loop
      vertex 96.6885 15.2 20.0134
      vertex 95.6017 15.2 20.2588
      vertex 96.7111 15.2 20.1849
    endloop
  endfacet
  facet normal 0 1 0
    outer loop
      vertex 95.6017 15.2 20.2588
      vertex 96.6885 15.2 20.0134
      vertex 95.5729 15.2 20.1119
    endloop
  endfacet
  facet normal 0 1 -0
    outer loop
      vertex 96.6406 15.2 19.8053
      vertex 95.5729 15.2 20.1119
      vertex 96.6885 15.2 20.0134
    endloop
  endfacet
  facet normal 0 1 -0
    outer loop
      vertex 96.5641 15.2 19.5859
      vertex 95.5729 15.2 20.1119
      vertex 96.6406 15.2 19.8053
    endloop
  endfacet
  facet normal 0 1 0
    outer loop
      vertex 95.5729 15.2 20.1119
      vertex 96.5641 15.2 19.5859
      vertex 95.5218 15.2 19.9732
    endloop
  endfacet
  facet normal 0 1 -0
    outer loop
      vertex 96.4742 15.2 19.3965
      vertex 95.5218 15.2 19.9732
      vertex 96.5641 15.2 19.5859
    endloop
  endfacet
  facet normal 0 1 0
    outer loop
      vertex 95.5218 15.2 19.9732
      vertex 96.4742 15.2 19.3965
      vertex 95.4503 15.2 19.8452
    endloop
  endfacet
  facet normal 0 1 -0
    outer loop
      vertex 96.3542 15.2 19.2011
      vertex 95.4503 15.2 19.8452
      vertex 96.4742 15.2 19.3965
    endloop
  endfacet
  facet normal 0 1 -0
    outer loop
      vertex 96.2141 15.2 19.0207
      vertex 95.4503 15.2 19.8452
      vertex 96.3542 15.2 19.2011
    endloop
  endfacet
  facet normal 0 1 0
    outer loop
      vertex 95.4503 15.2 19.8452
      vertex 96.2141 15.2 19.0207
      vertex 95.3605 15.2 19.7302
    endloop
  endfacet
  facet normal 0 1 -0
    outer loop
      vertex 96.0551 15.2 18.8572
      vertex 95.3605 15.2 19.7302
      vertex 96.2141 15.2 19.0207
    endloop
  endfacet
  facet normal 0 1 0
    outer loop
      vertex 95.3605 15.2 19.7302
      vertex 96.0551 15.2 18.8572
      vertex 95.2544 15.2 19.6306
    endloop
  endfacet
  facet normal 0 1 0
    outer loop
      vertex 94.7078 15.2 19.4355
      vertex 90.8177 15.2 19.4172
      vertex 90.8204 15.2 19.4355
    endloop
  endfacet
  facet normal 0 1 -0
    outer loop
      vertex 95.8792 15.2 18.7123
      vertex 95.2544 15.2 19.6306
      vertex 96.0551 15.2 18.8572
    endloop
  endfacet
  facet normal 0 1 0
    outer loop
      vertex 95.2544 15.2 19.6306
      vertex 95.8792 15.2 18.7123
      vertex 95.1341 15.2 19.549
    endloop
  endfacet
  facet normal 0 1 -0
    outer loop
      vertex 95.7058 15.2 18.5981
      vertex 95.1341 15.2 19.549
      vertex 95.8792 15.2 18.7123
    endloop
  endfacet
  facet normal 0 1 -0
    outer loop
      vertex 95.5018 15.2 18.4936
      vertex 95.1341 15.2 19.549
      vertex 95.7058 15.2 18.5981
    endloop
  endfacet
  facet normal 0 1 0
    outer loop
      vertex 95.1341 15.2 19.549
      vertex 95.5018 15.2 18.4936
      vertex 95.0016 15.2 19.4876
    endloop
  endfacet
  facet normal 0 1 -0
    outer loop
      vertex 95.2854 15.2 18.4128
      vertex 95.0016 15.2 19.4876
      vertex 95.5018 15.2 18.4936
    endloop
  endfacet
  facet normal 0 1 0
    outer loop
      vertex 95.0016 15.2 19.4876
      vertex 95.2854 15.2 18.4128
      vertex 94.8588 15.2 19.449
    endloop
  endfacet
  facet normal 0 1 -0
    outer loop
      vertex 95.0583 15.2 18.3573
      vertex 94.8588 15.2 19.449
      vertex 95.2854 15.2 18.4128
    endloop
  endfacet
  facet normal 0 1 0
    outer loop
      vertex 94.8223 15.2 18.3292
      vertex 94.8588 15.2 19.449
      vertex 95.0583 15.2 18.3573
    endloop
  endfacet
  facet normal 0 1 0
    outer loop
      vertex 94.8588 15.2 19.449
      vertex 94.8223 15.2 18.3292
      vertex 94.7078 15.2 19.4355
    endloop
  endfacet
  facet normal 0 1 0
    outer loop
      vertex 90.8248 15.2 18.3258
      vertex 94.7078 15.2 19.4355
      vertex 94.8223 15.2 18.3292
    endloop
  endfacet
  facet normal 0 1 0
    outer loop
      vertex 94.7078 15.2 19.4355
      vertex 90.8248 15.2 18.3258
      vertex 90.8177 15.2 19.4172
    endloop
  endfacet
  facet normal 0 1 0
    outer loop
      vertex 90.8177 15.2 19.4172
      vertex 90.8248 15.2 18.3258
      vertex 90.8177 15.2 18.3398
    endloop
  endfacet
  facet normal 0 1 0
    outer loop
      vertex 95.219 15.2 23.622
      vertex 94.7894 15.2 22.5699
      vertex 95.0092 15.2 23.6654
    endloop
  endfacet
  facet normal 0 1 0
    outer loop
      vertex 94.7257 15.2 23.6879
      vertex 92.2218 15.2 22.5736
      vertex 92.106 15.2 23.6849
    endloop
  endfacet
  facet normal 0 1 0
    outer loop
      vertex 95.4399 15.2 23.5498
      vertex 94.7894 15.2 22.5699
      vertex 95.219 15.2 23.622
    endloop
  endfacet
  facet normal 0 1 -0
    outer loop
      vertex 92.1153 15.2 22.5663
      vertex 92.106 15.2 23.6849
      vertex 92.2218 15.2 22.5736
    endloop
  endfacet
  facet normal 0 1 0
    outer loop
      vertex 92.106 15.2 23.6849
      vertex 92.1153 15.2 22.5663
      vertex 91.9095 15.2 23.6631
    endloop
  endfacet
  facet normal 0 1 0
    outer loop
      vertex 95.6304 15.2 23.4633
      vertex 94.7894 15.2 22.5699
      vertex 95.4399 15.2 23.5498
    endloop
  endfacet
  facet normal 0 1 0
    outer loop
      vertex 91.9095 15.2 23.6631
      vertex 92.1153 15.2 22.5663
      vertex 91.7039 15.2 23.6152
    endloop
  endfacet
  facet normal 0 1 0
    outer loop
      vertex 95.827 15.2 23.3466
      vertex 94.7894 15.2 22.5699
      vertex 95.6304 15.2 23.4633
    endloop
  endfacet
  facet normal 0 1 -0
    outer loop
      vertex 91.97 15.2 22.5227
      vertex 91.7039 15.2 23.6152
      vertex 92.1153 15.2 22.5663
    endloop
  endfacet
  facet normal 0 1 0
    outer loop
      vertex 96.0084 15.2 23.2091
      vertex 94.7894 15.2 22.5699
      vertex 95.827 15.2 23.3466
    endloop
  endfacet
  facet normal 0 1 0
    outer loop
      vertex 91.7039 15.2 23.6152
      vertex 91.97 15.2 22.5227
      vertex 91.5355 15.2 23.5536
    endloop
  endfacet
  facet normal 0 1 0
    outer loop
      vertex 96.173 15.2 23.0524
      vertex 94.7894 15.2 22.5699
      vertex 96.0084 15.2 23.2091
    endloop
  endfacet
  facet normal 0 1 0
    outer loop
      vertex 91.5355 15.2 23.5536
      vertex 91.97 15.2 22.5227
      vertex 91.362 15.2 23.4649
    endloop
  endfacet
  facet normal 0 1 0
    outer loop
      vertex 96.3192 15.2 22.8782
      vertex 94.7894 15.2 22.5699
      vertex 96.173 15.2 23.0524
    endloop
  endfacet
  facet normal 0 1 -0
    outer loop
      vertex 91.9026 15.2 22.4819
      vertex 91.362 15.2 23.4649
      vertex 91.97 15.2 22.5227
    endloop
  endfacet
  facet normal 0 1 0
    outer loop
      vertex 95.4419 15.2 22.1928
      vertex 96.3192 15.2 22.8782
      vertex 96.4347 15.2 22.706
    endloop
  endfacet
  facet normal 0 1 0
    outer loop
      vertex 91.362 15.2 23.4649
      vertex 91.9026 15.2 22.4819
      vertex 91.2059 15.2 23.3578
    endloop
  endfacet
  facet normal 0 1 0
    outer loop
      vertex 95.0092 15.2 23.6654
      vertex 94.7894 15.2 22.5699
      vertex 94.7257 15.2 23.6879
    endloop
  endfacet
  facet normal 0 1 0
    outer loop
      vertex 91.2059 15.2 23.3578
      vertex 91.9026 15.2 22.4819
      vertex 91.0673 15.2 23.2345
    endloop
  endfacet
  facet normal 0 1 -0
    outer loop
      vertex 91.8485 15.2 22.4333
      vertex 91.0673 15.2 23.2345
      vertex 91.9026 15.2 22.4819
    endloop
  endfacet
  facet normal 0 1 0
    outer loop
      vertex 91.0673 15.2 23.2345
      vertex 91.8485 15.2 22.4333
      vertex 90.9463 15.2 23.0973
    endloop
  endfacet
  facet normal 0 1 -0
    outer loop
      vertex 91.8062 15.2 22.3796
      vertex 90.9463 15.2 23.0973
      vertex 91.8485 15.2 22.4333
    endloop
  endfacet
  facet normal 0 1 0
    outer loop
      vertex 90.9463 15.2 23.0973
      vertex 91.8062 15.2 22.3796
      vertex 90.833 15.2 22.9312
    endloop
  endfacet
  facet normal 0 1 -0
    outer loop
      vertex 91.7655 15.2 22.3046
      vertex 90.833 15.2 22.9312
      vertex 91.8062 15.2 22.3796
    endloop
  endfacet
  facet normal 0 1 0
    outer loop
      vertex 90.833 15.2 22.9312
      vertex 91.7655 15.2 22.3046
      vertex 90.7421 15.2 22.7536
    endloop
  endfacet
  facet normal 0 1 0
    outer loop
      vertex 90.7421 15.2 22.7536
      vertex 91.7655 15.2 22.3046
      vertex 90.6739 15.2 22.5676
    endloop
  endfacet
  facet normal 0 1 -0
    outer loop
      vertex 91.7353 15.2 22.2141
      vertex 90.6739 15.2 22.5676
      vertex 91.7655 15.2 22.3046
    endloop
  endfacet
  facet normal 0 1 0
    outer loop
      vertex 90.6739 15.2 22.5676
      vertex 91.7353 15.2 22.2141
      vertex 90.6287 15.2 22.3762
    endloop
  endfacet
  facet normal 0 1 -0
    outer loop
      vertex 91.7205 15.2 22.1261
      vertex 90.6287 15.2 22.3762
      vertex 91.7353 15.2 22.2141
    endloop
  endfacet
  facet normal 0 1 0
    outer loop
      vertex 90.6287 15.2 22.3762
      vertex 91.7205 15.2 22.1261
      vertex 90.6068 15.2 22.1826
    endloop
  endfacet
  facet normal 0 1 -0
    outer loop
      vertex 91.7191 15.2 21.9836
      vertex 90.6068 15.2 22.1826
      vertex 91.7205 15.2 22.1261
    endloop
  endfacet
  facet normal 0 1 0
    outer loop
      vertex 91.7191 15.2 21.9836
      vertex 90.612 15.2 21.9058
      vertex 90.6068 15.2 22.1826
    endloop
  endfacet
  facet normal 0 1 0
    outer loop
      vertex 90.6316 15.2 21.7314
      vertex 91.7191 15.2 21.9836
      vertex 91.7328 15.2 21.8794
    endloop
  endfacet
  facet normal 0 1 0
    outer loop
      vertex 90.6755 15.2 21.5399
      vertex 91.7328 15.2 21.8794
      vertex 91.7602 15.2 21.7868
    endloop
  endfacet
  facet normal 0 1 0
    outer loop
      vertex 91.7191 15.2 21.9836
      vertex 90.6316 15.2 21.7314
      vertex 90.612 15.2 21.9058
    endloop
  endfacet
  facet normal 0 1 0
    outer loop
      vertex 90.8322 15.2 21.1754
      vertex 91.7602 15.2 21.7868
      vertex 91.8092 15.2 21.6925
    endloop
  endfacet
  facet normal 0 1 0
    outer loop
      vertex 90.8322 15.2 21.1754
      vertex 91.8092 15.2 21.6925
      vertex 91.8684 15.2 21.6236
    endloop
  endfacet
  facet normal 0 1 0
    outer loop
      vertex 90.8322 15.2 21.1754
      vertex 91.8684 15.2 21.6236
      vertex 91.9486 15.2 21.5673
    endloop
  endfacet
  facet normal 0 1 0
    outer loop
      vertex 91.7328 15.2 21.8794
      vertex 90.6755 15.2 21.5399
      vertex 90.6316 15.2 21.7314
    endloop
  endfacet
  facet normal 0 1 0
    outer loop
      vertex 90.8322 15.2 21.1754
      vertex 91.9486 15.2 21.5673
      vertex 92.0245 15.2 21.5369
    endloop
  endfacet
  facet normal 0 1 0
    outer loop
      vertex 90.8322 15.2 21.1754
      vertex 92.0245 15.2 21.5369
      vertex 92.1154 15.2 21.5195
    endloop
  endfacet
  facet normal 0 1 0
    outer loop
      vertex 91.7602 15.2 21.7868
      vertex 90.7425 15.2 21.3535
      vertex 90.6755 15.2 21.5399
    endloop
  endfacet
  facet normal 0 1 -0
    outer loop
      vertex 92.2252 15.2 20.4094
      vertex 92.1154 15.2 21.5195
      vertex 95.5946 15.2 21.5164
    endloop
  endfacet
  facet normal 0 1 -0
    outer loop
      vertex 101.236 15.2 22.5736
      vertex 97.3802 15.2 23.6852
      vertex 101.293 15.2 23.6844
    endloop
  endfacet
  facet normal 0 1 0
    outer loop
      vertex 101.236 15.2 22.5736
      vertex 101.293 15.2 23.6844
      vertex 101.447 15.2 23.6744
    endloop
  endfacet
  facet normal 0 1 0
    outer loop
      vertex 101.409 15.2 22.5571
      vertex 101.447 15.2 23.6744
      vertex 101.618 15.2 23.6491
    endloop
  endfacet
  facet normal 0 1 0
    outer loop
      vertex 101.409 15.2 22.5571
      vertex 101.618 15.2 23.6491
      vertex 101.764 15.2 23.6154
    endloop
  endfacet
  facet normal 0 1 0
    outer loop
      vertex 101.552 15.2 22.5166
      vertex 101.764 15.2 23.6154
      vertex 101.925 15.2 23.5642
    endloop
  endfacet
  facet normal 0 1 0
    outer loop
      vertex 101.552 15.2 22.5166
      vertex 101.925 15.2 23.5642
      vertex 102.061 15.2 23.5088
    endloop
  endfacet
  facet normal 0 1 0
    outer loop
      vertex 101.702 15.2 22.4437
      vertex 102.061 15.2 23.5088
      vertex 102.21 15.2 23.4339
    endloop
  endfacet
  facet normal 0 1 0
    outer loop
      vertex 101.702 15.2 22.4437
      vertex 102.21 15.2 23.4339
      vertex 102.352 15.2 23.3474
    endloop
  endfacet
  facet normal 0 1 0
    outer loop
      vertex 101.82 15.2 22.3588
      vertex 102.352 15.2 23.3474
      vertex 102.486 15.2 23.2498
    endloop
  endfacet
  facet normal 0 1 0
    outer loop
      vertex 101.82 15.2 22.3588
      vertex 102.486 15.2 23.2498
      vertex 102.612 15.2 23.1417
    endloop
  endfacet
  facet normal 0 1 0
    outer loop
      vertex 101.82 15.2 22.3588
      vertex 102.612 15.2 23.1417
      vertex 102.728 15.2 23.0239
    endloop
  endfacet
  facet normal 0 1 0
    outer loop
      vertex 101.936 15.2 22.2407
      vertex 102.728 15.2 23.0239
      vertex 102.834 15.2 22.8969
    endloop
  endfacet
  facet normal 0 1 0
    outer loop
      vertex 101.936 15.2 22.2407
      vertex 102.834 15.2 22.8969
      vertex 102.918 15.2 22.7789
    endloop
  endfacet
  facet normal 0 1 0
    outer loop
      vertex 102.028 15.2 22.103
      vertex 102.918 15.2 22.7789
      vertex 103.004 15.2 22.6365
    endloop
  endfacet
  facet normal -0 1 0
    outer loop
      vertex 97.3695 15.2 22.5756
      vertex 97.3802 15.2 23.6852
      vertex 101.236 15.2 22.5736
    endloop
  endfacet
  facet normal 0 1 0
    outer loop
      vertex 97.3802 15.2 23.6852
      vertex 97.3695 15.2 22.5756
      vertex 97.3695 15.2 23.6748
    endloop
  endfacet
  facet normal 0 1 0
    outer loop
      vertex 101.447 15.2 23.6744
      vertex 101.409 15.2 22.5571
      vertex 101.236 15.2 22.5736
    endloop
  endfacet
  facet normal 0 1 0
    outer loop
      vertex 101.764 15.2 23.6154
      vertex 101.552 15.2 22.5166
      vertex 101.409 15.2 22.5571
    endloop
  endfacet
  facet normal 0 1 0
    outer loop
      vertex 102.028 15.2 22.103
      vertex 103.004 15.2 22.6365
      vertex 103.069 15.2 22.5058
    endloop
  endfacet
  facet normal 0 1 0
    outer loop
      vertex 102.061 15.2 23.5088
      vertex 101.702 15.2 22.4437
      vertex 101.552 15.2 22.5166
    endloop
  endfacet
  facet normal 0 1 0
    outer loop
      vertex 102.352 15.2 23.3474
      vertex 101.82 15.2 22.3588
      vertex 101.702 15.2 22.4437
    endloop
  endfacet
  facet normal 0 1 0
    outer loop
      vertex 102.087 15.2 21.9691
      vertex 103.069 15.2 22.5058
      vertex 103.133 15.2 22.3502
    endloop
  endfacet
  facet normal 0 1 0
    outer loop
      vertex 102.728 15.2 23.0239
      vertex 101.936 15.2 22.2407
      vertex 101.82 15.2 22.3588
    endloop
  endfacet
  facet normal 0 1 0
    outer loop
      vertex 102.087 15.2 21.9691
      vertex 103.133 15.2 22.3502
      vertex 103.177 15.2 22.2091
    endloop
  endfacet
  facet normal 0 1 0
    outer loop
      vertex 102.918 15.2 22.7789
      vertex 102.028 15.2 22.103
      vertex 101.936 15.2 22.2407
    endloop
  endfacet
  facet normal 0 1 0
    outer loop
      vertex 102.125 15.2 21.8248
      vertex 103.177 15.2 22.2091
      vertex 103.216 15.2 22.0425
    endloop
  endfacet
  facet normal 0 1 0
    outer loop
      vertex 103.069 15.2 22.5058
      vertex 102.087 15.2 21.9691
      vertex 102.028 15.2 22.103
    endloop
  endfacet
  facet normal 0 1 0
    outer loop
      vertex 102.125 15.2 21.8248
      vertex 103.216 15.2 22.0425
      vertex 103.238 15.2 21.8927
    endloop
  endfacet
  facet normal 0 1 0
    outer loop
      vertex 103.177 15.2 22.2091
      vertex 102.125 15.2 21.8248
      vertex 102.087 15.2 21.9691
    endloop
  endfacet
  facet normal 0 1 0
    outer loop
      vertex 103.238 15.2 21.8927
      vertex 102.137 15.2 21.6724
      vertex 102.125 15.2 21.8248
    endloop
  endfacet
  facet normal 0 1 0
    outer loop
      vertex 103.25 15.2 21.5674
      vertex 102.137 15.2 21.6724
      vertex 103.238 15.2 21.8927
    endloop
  endfacet
  facet normal 0 1 0
    outer loop
      vertex 103.25 15.2 21.5674
      vertex 102.137 15.2 20.3188
      vertex 102.137 15.2 21.6724
    endloop
  endfacet
  facet normal 0 1 -0
    outer loop
      vertex 103.246 15.2 20.2091
      vertex 102.137 15.2 20.3188
      vertex 103.25 15.2 21.5674
    endloop
  endfacet
  facet normal 0 1 0
    outer loop
      vertex 103.246 15.2 20.2091
      vertex 102.122 15.2 20.1672
      vertex 102.137 15.2 20.3188
    endloop
  endfacet
  facet normal 0 1 -0
    outer loop
      vertex 103.213 15.2 19.9509
      vertex 102.122 15.2 20.1672
      vertex 103.246 15.2 20.2091
    endloop
  endfacet
  facet normal 0 1 -0
    outer loop
      vertex 103.142 15.2 19.6839
      vertex 102.122 15.2 20.1672
      vertex 103.213 15.2 19.9509
    endloop
  endfacet
  facet normal 0 1 0
    outer loop
      vertex 102.122 15.2 20.1672
      vertex 103.142 15.2 19.6839
      vertex 102.074 15.2 20.0044
    endloop
  endfacet
  facet normal 0 1 -0
    outer loop
      vertex 103.08 15.2 19.5273
      vertex 102.074 15.2 20.0044
      vertex 103.142 15.2 19.6839
    endloop
  endfacet
  facet normal 0 1 -0
    outer loop
      vertex 102.997 15.2 19.3591
      vertex 102.074 15.2 20.0044
      vertex 103.08 15.2 19.5273
    endloop
  endfacet
  facet normal 0 1 0
    outer loop
      vertex 102.074 15.2 20.0044
      vertex 102.997 15.2 19.3591
      vertex 101.998 15.2 19.8558
    endloop
  endfacet
  facet normal 0 1 -0
    outer loop
      vertex 102.898 15.2 19.2002
      vertex 101.998 15.2 19.8558
      vertex 102.997 15.2 19.3591
    endloop
  endfacet
  facet normal 0 1 -0
    outer loop
      vertex 102.786 15.2 19.0516
      vertex 101.998 15.2 19.8558
      vertex 102.898 15.2 19.2002
    endloop
  endfacet
  facet normal 0 1 0
    outer loop
      vertex 101.998 15.2 19.8558
      vertex 102.786 15.2 19.0516
      vertex 101.898 15.2 19.7246
    endloop
  endfacet
  facet normal 0 1 -0
    outer loop
      vertex 102.66 15.2 18.9141
      vertex 101.898 15.2 19.7246
      vertex 102.786 15.2 19.0516
    endloop
  endfacet
  facet normal 0 1 -0
    outer loop
      vertex 102.523 15.2 18.7888
      vertex 101.898 15.2 19.7246
      vertex 102.66 15.2 18.9141
    endloop
  endfacet
  facet normal 0 1 0
    outer loop
      vertex 97.3857 15.2 18.3238
      vertex 97.3928 15.2 19.4355
      vertex 101.262 15.2 19.4358
    endloop
  endfacet
  facet normal 0 1 0
    outer loop
      vertex 101.898 15.2 19.7246
      vertex 102.523 15.2 18.7888
      vertex 101.758 15.2 19.6019
    endloop
  endfacet
  facet normal 0 1 -0
    outer loop
      vertex 102.374 15.2 18.6763
      vertex 101.758 15.2 19.6019
      vertex 102.523 15.2 18.7888
    endloop
  endfacet
  facet normal 0 1 -0
    outer loop
      vertex 102.215 15.2 18.5777
      vertex 101.758 15.2 19.6019
      vertex 102.374 15.2 18.6763
    endloop
  endfacet
  facet normal 0 1 0
    outer loop
      vertex 101.758 15.2 19.6019
      vertex 102.215 15.2 18.5777
      vertex 101.633 15.2 19.5273
    endloop
  endfacet
  facet normal 0 1 -0
    outer loop
      vertex 102.008 15.2 18.4774
      vertex 101.633 15.2 19.5273
      vertex 102.215 15.2 18.5777
    endloop
  endfacet
  facet normal 0 1 0
    outer loop
      vertex 101.633 15.2 19.5273
      vertex 102.008 15.2 18.4774
      vertex 101.516 15.2 19.4798
    endloop
  endfacet
  facet normal 0 1 -0
    outer loop
      vertex 101.789 15.2 18.4009
      vertex 101.516 15.2 19.4798
      vertex 102.008 15.2 18.4774
    endloop
  endfacet
  facet normal 0 1 0
    outer loop
      vertex 101.516 15.2 19.4798
      vertex 101.789 15.2 18.4009
      vertex 101.392 15.2 19.4488
    endloop
  endfacet
  facet normal 0 1 -0
    outer loop
      vertex 101.56 15.2 18.3497
      vertex 101.392 15.2 19.4488
      vertex 101.789 15.2 18.4009
    endloop
  endfacet
  facet normal 0 1 0
    outer loop
      vertex 101.343 15.2 18.3266
      vertex 101.392 15.2 19.4488
      vertex 101.56 15.2 18.3497
    endloop
  endfacet
  facet normal 0 1 0
    outer loop
      vertex 101.392 15.2 19.4488
      vertex 101.343 15.2 18.3266
      vertex 101.262 15.2 19.4358
    endloop
  endfacet
  facet normal 0 1 0
    outer loop
      vertex 97.3857 15.2 18.3238
      vertex 101.262 15.2 19.4358
      vertex 101.343 15.2 18.3266
    endloop
  endfacet
  facet normal 0 1 0
    outer loop
      vertex 97.3928 15.2 19.4355
      vertex 97.3857 15.2 18.3238
      vertex 97.3849 15.2 19.4222
    endloop
  endfacet
  facet normal 0.775522 0 -0.631321
    outer loop
      vertex 78.8807 15.2 23.3163
      vertex 78.773 16 23.184
      vertex 78.8807 16 23.3163
    endloop
  endfacet
  facet normal 0.775522 0 -0.631321
    outer loop
      vertex 78.773 16 23.184
      vertex 78.8807 15.2 23.3163
      vertex 78.773 15.2 23.184
    endloop
  endfacet
  facet normal 0.702664 0 -0.711521
    outer loop
      vertex 78.8807 15.2 23.3163
      vertex 79.0012 16 23.4353
      vertex 79.0012 15.2 23.4353
    endloop
  endfacet
  facet normal 0.702664 0 -0.711521
    outer loop
      vertex 79.0012 16 23.4353
      vertex 78.8807 15.2 23.3163
      vertex 78.8807 16 23.3163
    endloop
  endfacet
  facet normal 0.609682 0 -0.792646
    outer loop
      vertex 79.0012 15.2 23.4353
      vertex 79.1342 16 23.5376
      vertex 79.1342 15.2 23.5376
    endloop
  endfacet
  facet normal 0.609682 0 -0.792646
    outer loop
      vertex 79.1342 16 23.5376
      vertex 79.0012 15.2 23.4353
      vertex 79.0012 16 23.4353
    endloop
  endfacet
  facet normal 0.5077 0 -0.861534
    outer loop
      vertex 79.1342 15.2 23.5376
      vertex 79.2781 16 23.6224
      vertex 79.2781 15.2 23.6224
    endloop
  endfacet
  facet normal 0.5077 0 -0.861534
    outer loop
      vertex 79.2781 16 23.6224
      vertex 79.1342 15.2 23.5376
      vertex 79.1342 16 23.5376
    endloop
  endfacet
  facet normal 0.398967 0 -0.916965
    outer loop
      vertex 79.2781 15.2 23.6224
      vertex 79.4314 16 23.6891
      vertex 79.4314 15.2 23.6891
    endloop
  endfacet
  facet normal 0.398967 0 -0.916965
    outer loop
      vertex 79.4314 16 23.6891
      vertex 79.2781 15.2 23.6224
      vertex 79.2781 16 23.6224
    endloop
  endfacet
  facet normal 0.283197 0 -0.959062
    outer loop
      vertex 79.4314 15.2 23.6891
      vertex 79.5926 16 23.7367
      vertex 79.5926 15.2 23.7367
    endloop
  endfacet
  facet normal 0.283197 0 -0.959062
    outer loop
      vertex 79.5926 16 23.7367
      vertex 79.4314 15.2 23.6891
      vertex 79.4314 16 23.6891
    endloop
  endfacet
  facet normal 0.164303 0 -0.98641
    outer loop
      vertex 79.5926 15.2 23.7367
      vertex 79.7601 16 23.7646
      vertex 79.7601 15.2 23.7646
    endloop
  endfacet
  facet normal 0.164303 0 -0.98641
    outer loop
      vertex 79.7601 16 23.7646
      vertex 79.5926 15.2 23.7367
      vertex 79.5926 16 23.7367
    endloop
  endfacet
  facet normal 0.050501 0 -0.998724
    outer loop
      vertex 79.7601 15.2 23.7646
      vertex 79.9104 16 23.7722
      vertex 79.9104 15.2 23.7722
    endloop
  endfacet
  facet normal 0.050501 0 -0.998724
    outer loop
      vertex 79.9104 16 23.7722
      vertex 79.7601 15.2 23.7646
      vertex 79.7601 16 23.7646
    endloop
  endfacet
  facet normal -0.0114516 0 -0.999934
    outer loop
      vertex 79.9104 15.2 23.7722
      vertex 80.1025 16 23.77
      vertex 80.1025 15.2 23.77
    endloop
  endfacet
  facet normal -0.0114516 0 -0.999934
    outer loop
      vertex 80.1025 16 23.77
      vertex 79.9104 15.2 23.7722
      vertex 79.9104 16 23.7722
    endloop
  endfacet
  facet normal -0.117045 0 -0.993127
    outer loop
      vertex 80.1025 15.2 23.77
      vertex 80.2722 16 23.75
      vertex 80.2722 15.2 23.75
    endloop
  endfacet
  facet normal -0.117045 0 -0.993127
    outer loop
      vertex 80.2722 16 23.75
      vertex 80.1025 15.2 23.77
      vertex 80.1025 16 23.77
    endloop
  endfacet
  facet normal -0.237093 0 -0.971487
    outer loop
      vertex 80.2722 15.2 23.75
      vertex 80.4361 16 23.71
      vertex 80.4361 15.2 23.71
    endloop
  endfacet
  facet normal -0.237093 0 -0.971487
    outer loop
      vertex 80.4361 16 23.71
      vertex 80.2722 15.2 23.75
      vertex 80.2722 16 23.75
    endloop
  endfacet
  facet normal -0.361188 0 -0.932493
    outer loop
      vertex 80.4361 15.2 23.71
      vertex 80.6114 16 23.6421
      vertex 80.6114 15.2 23.6421
    endloop
  endfacet
  facet normal -0.361188 0 -0.932493
    outer loop
      vertex 80.6114 16 23.6421
      vertex 80.4361 15.2 23.71
      vertex 80.4361 16 23.71
    endloop
  endfacet
  facet normal -0.479062 0 -0.877781
    outer loop
      vertex 80.6114 15.2 23.6421
      vertex 80.7578 16 23.5622
      vertex 80.7578 15.2 23.5622
    endloop
  endfacet
  facet normal -0.479062 0 -0.877781
    outer loop
      vertex 80.7578 16 23.5622
      vertex 80.6114 15.2 23.6421
      vertex 80.6114 16 23.6421
    endloop
  endfacet
  facet normal -0.583045 0 -0.81244
    outer loop
      vertex 80.7578 15.2 23.5622
      vertex 80.8938 16 23.4646
      vertex 80.8938 15.2 23.4646
    endloop
  endfacet
  facet normal -0.583045 0 -0.81244
    outer loop
      vertex 80.8938 16 23.4646
      vertex 80.7578 15.2 23.5622
      vertex 80.7578 16 23.5622
    endloop
  endfacet
  facet normal -0.676877 0 -0.736096
    outer loop
      vertex 80.8938 15.2 23.4646
      vertex 81.0181 16 23.3503
      vertex 81.0181 15.2 23.3503
    endloop
  endfacet
  facet normal -0.676877 0 -0.736096
    outer loop
      vertex 81.0181 16 23.3503
      vertex 80.8938 15.2 23.4646
      vertex 80.8938 16 23.4646
    endloop
  endfacet
  facet normal -0.761927 0 -0.647663
    outer loop
      vertex 81.1428 15.2 23.2036
      vertex 81.0181 16 23.3503
      vertex 81.1428 16 23.2036
    endloop
  endfacet
  facet normal -0.761927 -0 -0.647663
    outer loop
      vertex 81.0181 16 23.3503
      vertex 81.1428 15.2 23.2036
      vertex 81.0181 15.2 23.3503
    endloop
  endfacet
  facet normal -0.8475 0 -0.530795
    outer loop
      vertex 84.1931 15.2 18.3333
      vertex 81.1428 16 23.2036
      vertex 84.1931 16 18.3333
    endloop
  endfacet
  facet normal -0.8475 -0 -0.530795
    outer loop
      vertex 81.1428 16 23.2036
      vertex 84.1931 15.2 18.3333
      vertex 81.1428 15.2 23.2036
    endloop
  endfacet
  facet normal -0.997857 0 -0.0654332
    outer loop
      vertex 84.1939 15.2 18.3211
      vertex 84.1931 16 18.3333
      vertex 84.1939 16 18.3211
    endloop
  endfacet
  facet normal -0.997857 -0 -0.0654332
    outer loop
      vertex 84.1931 16 18.3333
      vertex 84.1939 15.2 18.3211
      vertex 84.1931 15.2 18.3333
    endloop
  endfacet
  facet normal 0.0010141 0 0.999999
    outer loop
      vertex 79.0662 16 18.3263
      vertex 84.1939 15.2 18.3211
      vertex 84.1939 16 18.3211
    endloop
  endfacet
  facet normal 0.0010141 0 0.999999
    outer loop
      vertex 84.1939 15.2 18.3211
      vertex 79.0662 16 18.3263
      vertex 79.0662 15.2 18.3263
    endloop
  endfacet
  facet normal 0.970805 0 -0.239872
    outer loop
      vertex 80.3865 15.2 23.6698
      vertex 79.0662 16 18.3263
      vertex 80.3865 16 23.6698
    endloop
  endfacet
  facet normal 0.970805 0 -0.239872
    outer loop
      vertex 79.0662 16 18.3263
      vertex 80.3865 15.2 23.6698
      vertex 79.0662 15.2 18.3263
    endloop
  endfacet
  facet normal -0.848839 0 0.528651
    outer loop
      vertex 77.0578 15.2 18.325
      vertex 80.3865 16 23.6698
      vertex 77.0578 16 18.325
    endloop
  endfacet
  facet normal -0.848839 0 0.528651
    outer loop
      vertex 80.3865 16 23.6698
      vertex 77.0578 15.2 18.325
      vertex 80.3865 15.2 23.6698
    endloop
  endfacet
  facet normal -0.00298209 0 0.999996
    outer loop
      vertex 75.75 16 18.3211
      vertex 77.0578 15.2 18.325
      vertex 77.0578 16 18.325
    endloop
  endfacet
  facet normal -0.00298209 0 0.999996
    outer loop
      vertex 77.0578 15.2 18.325
      vertex 75.75 16 18.3211
      vertex 75.75 15.2 18.3211
    endloop
  endfacet
  facet normal 0.849276 0 -0.527949
    outer loop
      vertex 78.773 15.2 23.184
      vertex 75.75 16 18.3211
      vertex 78.773 16 23.184
    endloop
  endfacet
  facet normal 0.849276 0 -0.527949
    outer loop
      vertex 75.75 16 18.3211
      vertex 78.773 15.2 23.184
      vertex 75.75 15.2 18.3211
    endloop
  endfacet
  facet normal 1 -0 0
    outer loop
      vertex 90.8177 15.2 19.4172
      vertex 90.8177 16 18.3398
      vertex 90.8177 16 19.4172
    endloop
  endfacet
  facet normal 1 0 0
    outer loop
      vertex 90.8177 16 18.3398
      vertex 90.8177 15.2 19.4172
      vertex 90.8177 15.2 18.3398
    endloop
  endfacet
  facet normal 0.98929 0 -0.145961
    outer loop
      vertex 90.8204 15.2 19.4355
      vertex 90.8177 16 19.4172
      vertex 90.8204 16 19.4355
    endloop
  endfacet
  facet normal 0.98929 0 -0.145961
    outer loop
      vertex 90.8177 16 19.4172
      vertex 90.8204 15.2 19.4355
      vertex 90.8177 15.2 19.4172
    endloop
  endfacet
  facet normal 0 0 -1
    outer loop
      vertex 90.8204 15.2 19.4355
      vertex 94.7078 16 19.4355
      vertex 94.7078 15.2 19.4355
    endloop
  endfacet
  facet normal -0 0 -1
    outer loop
      vertex 94.7078 16 19.4355
      vertex 90.8204 15.2 19.4355
      vertex 90.8204 16 19.4355
    endloop
  endfacet
  facet normal 0.0890488 0 -0.996027
    outer loop
      vertex 94.7078 15.2 19.4355
      vertex 94.8588 16 19.449
      vertex 94.8588 15.2 19.449
    endloop
  endfacet
  facet normal 0.0890488 0 -0.996027
    outer loop
      vertex 94.8588 16 19.449
      vertex 94.7078 15.2 19.4355
      vertex 94.7078 16 19.4355
    endloop
  endfacet
  facet normal 0.260943 0 -0.965354
    outer loop
      vertex 94.8588 15.2 19.449
      vertex 95.0016 16 19.4876
      vertex 95.0016 15.2 19.4876
    endloop
  endfacet
  facet normal 0.260943 0 -0.965354
    outer loop
      vertex 95.0016 16 19.4876
      vertex 94.8588 15.2 19.449
      vertex 94.8588 16 19.449
    endloop
  endfacet
  facet normal 0.420447 0 -0.907317
    outer loop
      vertex 95.0016 15.2 19.4876
      vertex 95.1341 16 19.549
      vertex 95.1341 15.2 19.549
    endloop
  endfacet
  facet normal 0.420447 0 -0.907317
    outer loop
      vertex 95.1341 16 19.549
      vertex 95.0016 15.2 19.4876
      vertex 95.0016 16 19.4876
    endloop
  endfacet
  facet normal 0.56135 0 -0.827578
    outer loop
      vertex 95.1341 15.2 19.549
      vertex 95.2544 16 19.6306
      vertex 95.2544 15.2 19.6306
    endloop
  endfacet
  facet normal 0.56135 0 -0.827578
    outer loop
      vertex 95.2544 16 19.6306
      vertex 95.1341 15.2 19.549
      vertex 95.1341 16 19.549
    endloop
  endfacet
  facet normal 0.684421 0 -0.729087
    outer loop
      vertex 95.2544 15.2 19.6306
      vertex 95.3605 16 19.7302
      vertex 95.3605 15.2 19.7302
    endloop
  endfacet
  facet normal 0.684421 0 -0.729087
    outer loop
      vertex 95.3605 16 19.7302
      vertex 95.2544 15.2 19.6306
      vertex 95.2544 16 19.6306
    endloop
  endfacet
  facet normal 0.78817 0 -0.615458
    outer loop
      vertex 95.4503 15.2 19.8452
      vertex 95.3605 16 19.7302
      vertex 95.4503 16 19.8452
    endloop
  endfacet
  facet normal 0.78817 0 -0.615458
    outer loop
      vertex 95.3605 16 19.7302
      vertex 95.4503 15.2 19.8452
      vertex 95.3605 15.2 19.7302
    endloop
  endfacet
  facet normal 0.873029 0 -0.487668
    outer loop
      vertex 95.5218 15.2 19.9732
      vertex 95.4503 16 19.8452
      vertex 95.5218 16 19.9732
    endloop
  endfacet
  facet normal 0.873029 0 -0.487668
    outer loop
      vertex 95.4503 16 19.8452
      vertex 95.5218 15.2 19.9732
      vertex 95.4503 15.2 19.8452
    endloop
  endfacet
  facet normal 0.938343 0 -0.345705
    outer loop
      vertex 95.5729 15.2 20.1119
      vertex 95.5218 16 19.9732
      vertex 95.5729 16 20.1119
    endloop
  endfacet
  facet normal 0.938343 0 -0.345705
    outer loop
      vertex 95.5218 16 19.9732
      vertex 95.5729 15.2 20.1119
      vertex 95.5218 15.2 19.9732
    endloop
  endfacet
  facet normal 0.981319 0 -0.192389
    outer loop
      vertex 95.6017 15.2 20.2588
      vertex 95.5729 16 20.1119
      vertex 95.6017 16 20.2588
    endloop
  endfacet
  facet normal 0.981319 0 -0.192389
    outer loop
      vertex 95.5729 16 20.1119
      vertex 95.6017 15.2 20.2588
      vertex 95.5729 15.2 20.1119
    endloop
  endfacet
  facet normal 0.999674 0 -0.0255465
    outer loop
      vertex 95.6055 15.2 20.4075
      vertex 95.6017 16 20.2588
      vertex 95.6055 16 20.4075
    endloop
  endfacet
  facet normal 0.999674 0 -0.0255465
    outer loop
      vertex 95.6017 16 20.2588
      vertex 95.6055 15.2 20.4075
      vertex 95.6017 15.2 20.2588
    endloop
  endfacet
  facet normal 0.00056208 0 1
    outer loop
      vertex 92.2252 16 20.4094
      vertex 95.6055 15.2 20.4075
      vertex 95.6055 16 20.4075
    endloop
  endfacet
  facet normal 0.00056208 0 1
    outer loop
      vertex 95.6055 15.2 20.4075
      vertex 92.2252 16 20.4094
      vertex 92.2252 15.2 20.4094
    endloop
  endfacet
  facet normal 0.050183 0 0.99874
    outer loop
      vertex 92.0222 16 20.4196
      vertex 92.2252 15.2 20.4094
      vertex 92.2252 16 20.4094
    endloop
  endfacet
  facet normal 0.050183 0 0.99874
    outer loop
      vertex 92.2252 15.2 20.4094
      vertex 92.0222 16 20.4196
      vertex 92.0222 15.2 20.4196
    endloop
  endfacet
  facet normal 0.165671 0 0.986181
    outer loop
      vertex 91.8085 16 20.4555
      vertex 92.0222 15.2 20.4196
      vertex 92.0222 16 20.4196
    endloop
  endfacet
  facet normal 0.165671 0 0.986181
    outer loop
      vertex 92.0222 15.2 20.4196
      vertex 91.8085 16 20.4555
      vertex 91.8085 15.2 20.4555
    endloop
  endfacet
  facet normal 0.289131 0 0.95729
    outer loop
      vertex 91.6115 16 20.515
      vertex 91.8085 15.2 20.4555
      vertex 91.8085 16 20.4555
    endloop
  endfacet
  facet normal 0.289131 0 0.95729
    outer loop
      vertex 91.8085 15.2 20.4555
      vertex 91.6115 16 20.515
      vertex 91.6115 15.2 20.515
    endloop
  endfacet
  facet normal 0.417174 0 0.908827
    outer loop
      vertex 91.4126 16 20.6063
      vertex 91.6115 15.2 20.515
      vertex 91.6115 16 20.515
    endloop
  endfacet
  facet normal 0.417174 0 0.908827
    outer loop
      vertex 91.6115 15.2 20.515
      vertex 91.4126 16 20.6063
      vertex 91.4126 15.2 20.6063
    endloop
  endfacet
  facet normal 0.542095 0 0.840317
    outer loop
      vertex 91.2348 16 20.721
      vertex 91.4126 15.2 20.6063
      vertex 91.4126 16 20.6063
    endloop
  endfacet
  facet normal 0.542095 0 0.840317
    outer loop
      vertex 91.4126 15.2 20.6063
      vertex 91.2348 16 20.721
      vertex 91.2348 15.2 20.721
    endloop
  endfacet
  facet normal 0.654414 0 0.756136
    outer loop
      vertex 91.0787 16 20.8561
      vertex 91.2348 15.2 20.721
      vertex 91.2348 16 20.721
    endloop
  endfacet
  facet normal 0.654414 0 0.756136
    outer loop
      vertex 91.2348 15.2 20.721
      vertex 91.0787 16 20.8561
      vertex 91.0787 15.2 20.8561
    endloop
  endfacet
  facet normal 0.750469 -0 0.660905
    outer loop
      vertex 90.9444 15.2 21.0086
      vertex 91.0787 16 20.8561
      vertex 90.9444 16 21.0086
    endloop
  endfacet
  facet normal 0.750469 0 0.660905
    outer loop
      vertex 91.0787 16 20.8561
      vertex 90.9444 15.2 21.0086
      vertex 91.0787 15.2 20.8561
    endloop
  endfacet
  facet normal 0.829747 -0 0.558139
    outer loop
      vertex 90.8322 15.2 21.1754
      vertex 90.9444 16 21.0086
      vertex 90.8322 16 21.1754
    endloop
  endfacet
  facet normal 0.829747 0 0.558139
    outer loop
      vertex 90.9444 16 21.0086
      vertex 90.8322 15.2 21.1754
      vertex 90.9444 15.2 21.0086
    endloop
  endfacet
  facet normal 0.89312 -0 0.449819
    outer loop
      vertex 90.7425 15.2 21.3535
      vertex 90.8322 16 21.1754
      vertex 90.7425 16 21.3535
    endloop
  endfacet
  facet normal 0.89312 0 0.449819
    outer loop
      vertex 90.8322 16 21.1754
      vertex 90.7425 15.2 21.3535
      vertex 90.8322 15.2 21.1754
    endloop
  endfacet
  facet normal 0.941055 -0 0.338255
    outer loop
      vertex 90.6755 15.2 21.5399
      vertex 90.7425 16 21.3535
      vertex 90.6755 16 21.5399
    endloop
  endfacet
  facet normal 0.941055 0 0.338255
    outer loop
      vertex 90.7425 16 21.3535
      vertex 90.6755 15.2 21.5399
      vertex 90.7425 15.2 21.3535
    endloop
  endfacet
  facet normal 0.974716 -0 0.223447
    outer loop
      vertex 90.6316 15.2 21.7314
      vertex 90.6755 16 21.5399
      vertex 90.6316 16 21.7314
    endloop
  endfacet
  facet normal 0.974716 0 0.223447
    outer loop
      vertex 90.6755 16 21.5399
      vertex 90.6316 15.2 21.7314
      vertex 90.6755 15.2 21.5399
    endloop
  endfacet
  facet normal 0.993744 -0 0.111682
    outer loop
      vertex 90.612 15.2 21.9058
      vertex 90.6316 16 21.7314
      vertex 90.612 16 21.9058
    endloop
  endfacet
  facet normal 0.993744 0 0.111682
    outer loop
      vertex 90.6316 16 21.7314
      vertex 90.612 15.2 21.9058
      vertex 90.6316 15.2 21.7314
    endloop
  endfacet
  facet normal 0.999824 -0 0.0187828
    outer loop
      vertex 90.6068 15.2 22.1826
      vertex 90.612 16 21.9058
      vertex 90.6068 16 22.1826
    endloop
  endfacet
  facet normal 0.999824 0 0.0187828
    outer loop
      vertex 90.612 16 21.9058
      vertex 90.6068 15.2 22.1826
      vertex 90.612 15.2 21.9058
    endloop
  endfacet
  facet normal 0.993663 0 -0.112403
    outer loop
      vertex 90.6287 15.2 22.3762
      vertex 90.6068 16 22.1826
      vertex 90.6287 16 22.3762
    endloop
  endfacet
  facet normal 0.993663 0 -0.112403
    outer loop
      vertex 90.6068 16 22.1826
      vertex 90.6287 15.2 22.3762
      vertex 90.6068 15.2 22.1826
    endloop
  endfacet
  facet normal 0.97323 0 -0.229833
    outer loop
      vertex 90.6739 15.2 22.5676
      vertex 90.6287 16 22.3762
      vertex 90.6739 16 22.5676
    endloop
  endfacet
  facet normal 0.97323 0 -0.229833
    outer loop
      vertex 90.6287 16 22.3762
      vertex 90.6739 15.2 22.5676
      vertex 90.6287 15.2 22.3762
    endloop
  endfacet
  facet normal 0.938876 0 -0.344255
    outer loop
      vertex 90.7421 15.2 22.7536
      vertex 90.6739 16 22.5676
      vertex 90.7421 16 22.7536
    endloop
  endfacet
  facet normal 0.938876 0 -0.344255
    outer loop
      vertex 90.6739 16 22.5676
      vertex 90.7421 15.2 22.7536
      vertex 90.6739 15.2 22.5676
    endloop
  endfacet
  facet normal 0.890177 0 -0.455614
    outer loop
      vertex 90.833 15.2 22.9312
      vertex 90.7421 16 22.7536
      vertex 90.833 16 22.9312
    endloop
  endfacet
  facet normal 0.890177 0 -0.455614
    outer loop
      vertex 90.7421 16 22.7536
      vertex 90.833 15.2 22.9312
      vertex 90.7421 15.2 22.7536
    endloop
  endfacet
  facet normal 0.826112 0 -0.563507
    outer loop
      vertex 90.9463 15.2 23.0973
      vertex 90.833 16 22.9312
      vertex 90.9463 16 23.0973
    endloop
  endfacet
  facet normal 0.826112 0 -0.563507
    outer loop
      vertex 90.833 16 22.9312
      vertex 90.9463 15.2 23.0973
      vertex 90.833 15.2 22.9312
    endloop
  endfacet
  facet normal 0.749997 0 -0.661441
    outer loop
      vertex 91.0673 15.2 23.2345
      vertex 90.9463 16 23.0973
      vertex 91.0673 16 23.2345
    endloop
  endfacet
  facet normal 0.749997 0 -0.661441
    outer loop
      vertex 90.9463 16 23.0973
      vertex 91.0673 15.2 23.2345
      vertex 90.9463 15.2 23.0973
    endloop
  endfacet
  facet normal 0.664665 0 -0.747142
    outer loop
      vertex 91.0673 15.2 23.2345
      vertex 91.2059 16 23.3578
      vertex 91.2059 15.2 23.3578
    endloop
  endfacet
  facet normal 0.664665 0 -0.747142
    outer loop
      vertex 91.2059 16 23.3578
      vertex 91.0673 15.2 23.2345
      vertex 91.0673 16 23.2345
    endloop
  endfacet
  facet normal 0.565744 0 -0.824581
    outer loop
      vertex 91.2059 15.2 23.3578
      vertex 91.362 16 23.4649
      vertex 91.362 15.2 23.4649
    endloop
  endfacet
  facet normal 0.565744 0 -0.824581
    outer loop
      vertex 91.362 16 23.4649
      vertex 91.2059 15.2 23.3578
      vertex 91.2059 16 23.3578
    endloop
  endfacet
  facet normal 0.455201 0 -0.890388
    outer loop
      vertex 91.362 15.2 23.4649
      vertex 91.5355 16 23.5536
      vertex 91.5355 15.2 23.5536
    endloop
  endfacet
  facet normal 0.455201 0 -0.890388
    outer loop
      vertex 91.5355 16 23.5536
      vertex 91.362 15.2 23.4649
      vertex 91.362 16 23.4649
    endloop
  endfacet
  facet normal 0.343534 0 -0.93914
    outer loop
      vertex 91.5355 15.2 23.5536
      vertex 91.7039 16 23.6152
      vertex 91.7039 15.2 23.6152
    endloop
  endfacet
  facet normal 0.343534 0 -0.93914
    outer loop
      vertex 91.7039 16 23.6152
      vertex 91.5355 15.2 23.5536
      vertex 91.5355 16 23.5536
    endloop
  endfacet
  facet normal 0.2269 0 -0.973918
    outer loop
      vertex 91.7039 15.2 23.6152
      vertex 91.9095 16 23.6631
      vertex 91.9095 15.2 23.6631
    endloop
  endfacet
  facet normal 0.2269 0 -0.973918
    outer loop
      vertex 91.9095 16 23.6631
      vertex 91.7039 15.2 23.6152
      vertex 91.7039 16 23.6152
    endloop
  endfacet
  facet normal 0.110265 0 -0.993902
    outer loop
      vertex 91.9095 15.2 23.6631
      vertex 92.106 16 23.6849
      vertex 92.106 15.2 23.6849
    endloop
  endfacet
  facet normal 0.110265 0 -0.993902
    outer loop
      vertex 92.106 16 23.6849
      vertex 91.9095 15.2 23.6631
      vertex 91.9095 16 23.6631
    endloop
  endfacet
  facet normal 0.00114517 0 -0.999999
    outer loop
      vertex 92.106 15.2 23.6849
      vertex 94.7257 16 23.6879
      vertex 94.7257 15.2 23.6879
    endloop
  endfacet
  facet normal 0.00114517 0 -0.999999
    outer loop
      vertex 94.7257 16 23.6879
      vertex 92.106 15.2 23.6849
      vertex 92.106 16 23.6849
    endloop
  endfacet
  facet normal -0.0791163 0 -0.996865
    outer loop
      vertex 94.7257 15.2 23.6879
      vertex 95.0092 16 23.6654
      vertex 95.0092 15.2 23.6654
    endloop
  endfacet
  facet normal -0.0791163 0 -0.996865
    outer loop
      vertex 95.0092 16 23.6654
      vertex 94.7257 15.2 23.6879
      vertex 94.7257 16 23.6879
    endloop
  endfacet
  facet normal -0.202575 0 -0.979267
    outer loop
      vertex 95.0092 15.2 23.6654
      vertex 95.219 16 23.622
      vertex 95.219 15.2 23.622
    endloop
  endfacet
  facet normal -0.202575 0 -0.979267
    outer loop
      vertex 95.219 16 23.622
      vertex 95.0092 15.2 23.6654
      vertex 95.0092 16 23.6654
    endloop
  endfacet
  facet normal -0.310672 0 -0.950517
    outer loop
      vertex 95.219 15.2 23.622
      vertex 95.4399 16 23.5498
      vertex 95.4399 15.2 23.5498
    endloop
  endfacet
  facet normal -0.310672 0 -0.950517
    outer loop
      vertex 95.4399 16 23.5498
      vertex 95.219 15.2 23.622
      vertex 95.219 16 23.622
    endloop
  endfacet
  facet normal -0.413443 0 -0.91053
    outer loop
      vertex 95.4399 15.2 23.5498
      vertex 95.6304 16 23.4633
      vertex 95.6304 15.2 23.4633
    endloop
  endfacet
  facet normal -0.413443 0 -0.91053
    outer loop
      vertex 95.6304 16 23.4633
      vertex 95.4399 15.2 23.5498
      vertex 95.4399 16 23.5498
    endloop
  endfacet
  facet normal -0.510438 0 -0.859915
    outer loop
      vertex 95.6304 15.2 23.4633
      vertex 95.827 16 23.3466
      vertex 95.827 15.2 23.3466
    endloop
  endfacet
  facet normal -0.510438 0 -0.859915
    outer loop
      vertex 95.827 16 23.3466
      vertex 95.6304 15.2 23.4633
      vertex 95.6304 16 23.4633
    endloop
  endfacet
  facet normal -0.604069 0 -0.796932
    outer loop
      vertex 95.827 15.2 23.3466
      vertex 96.0084 16 23.2091
      vertex 96.0084 15.2 23.2091
    endloop
  endfacet
  facet normal -0.604069 0 -0.796932
    outer loop
      vertex 96.0084 16 23.2091
      vertex 95.827 15.2 23.3466
      vertex 95.827 16 23.3466
    endloop
  endfacet
  facet normal -0.689512 0 -0.724274
    outer loop
      vertex 96.0084 15.2 23.2091
      vertex 96.173 16 23.0524
      vertex 96.173 15.2 23.0524
    endloop
  endfacet
  facet normal -0.689512 0 -0.724274
    outer loop
      vertex 96.173 16 23.0524
      vertex 96.0084 15.2 23.2091
      vertex 96.0084 16 23.2091
    endloop
  endfacet
  facet normal -0.765982 0 -0.642862
    outer loop
      vertex 96.3192 15.2 22.8782
      vertex 96.173 16 23.0524
      vertex 96.3192 16 22.8782
    endloop
  endfacet
  facet normal -0.765982 -0 -0.642862
    outer loop
      vertex 96.173 16 23.0524
      vertex 96.3192 15.2 22.8782
      vertex 96.173 15.2 23.0524
    endloop
  endfacet
  facet normal -0.830489 0 -0.557035
    outer loop
      vertex 96.4347 15.2 22.706
      vertex 96.3192 16 22.8782
      vertex 96.4347 16 22.706
    endloop
  endfacet
  facet normal -0.830489 -0 -0.557035
    outer loop
      vertex 96.3192 16 22.8782
      vertex 96.4347 15.2 22.706
      vertex 96.3192 15.2 22.8782
    endloop
  endfacet
  facet normal -0.886071 0 -0.46355
    outer loop
      vertex 96.5409 15.2 22.503
      vertex 96.4347 16 22.706
      vertex 96.5409 16 22.503
    endloop
  endfacet
  facet normal -0.886071 -0 -0.46355
    outer loop
      vertex 96.4347 16 22.706
      vertex 96.5409 15.2 22.503
      vertex 96.4347 15.2 22.706
    endloop
  endfacet
  facet normal -0.931306 0 -0.364238
    outer loop
      vertex 96.6174 15.2 22.3074
      vertex 96.5409 16 22.503
      vertex 96.6174 16 22.3074
    endloop
  endfacet
  facet normal -0.931306 -0 -0.364238
    outer loop
      vertex 96.5409 16 22.503
      vertex 96.6174 15.2 22.3074
      vertex 96.5409 15.2 22.503
    endloop
  endfacet
  facet normal -0.966064 0 -0.258301
    outer loop
      vertex 96.6778 15.2 22.0815
      vertex 96.6174 16 22.3074
      vertex 96.6778 16 22.0815
    endloop
  endfacet
  facet normal -0.966064 -0 -0.258301
    outer loop
      vertex 96.6174 16 22.3074
      vertex 96.6778 15.2 22.0815
      vertex 96.6174 15.2 22.3074
    endloop
  endfacet
  facet normal -0.988885 0 -0.14868
    outer loop
      vertex 96.7099 15.2 21.868
      vertex 96.6778 16 22.0815
      vertex 96.7099 16 21.868
    endloop
  endfacet
  facet normal -0.988885 -0 -0.14868
    outer loop
      vertex 96.6778 16 22.0815
      vertex 96.7099 15.2 21.868
      vertex 96.6778 15.2 22.0815
    endloop
  endfacet
  facet normal -0.998691 0 -0.0511566
    outer loop
      vertex 96.7189 15.2 21.6923
      vertex 96.7099 16 21.868
      vertex 96.7189 16 21.6923
    endloop
  endfacet
  facet normal -0.998691 -0 -0.0511566
    outer loop
      vertex 96.7099 16 21.868
      vertex 96.7189 15.2 21.6923
      vertex 96.7099 15.2 21.868
    endloop
  endfacet
  facet normal -1 0 7.38498e-05
    outer loop
      vertex 96.7188 15.2 20.3382
      vertex 96.7189 16 21.6923
      vertex 96.7188 16 20.3382
    endloop
  endfacet
  facet normal -1 0 7.38498e-05
    outer loop
      vertex 96.7189 16 21.6923
      vertex 96.7188 15.2 20.3382
      vertex 96.7189 15.2 21.6923
    endloop
  endfacet
  facet normal -0.998741 0 0.0501651
    outer loop
      vertex 96.7111 15.2 20.1849
      vertex 96.7188 16 20.3382
      vertex 96.7111 16 20.1849
    endloop
  endfacet
  facet normal -0.998741 0 0.0501651
    outer loop
      vertex 96.7188 16 20.3382
      vertex 96.7111 15.2 20.1849
      vertex 96.7188 15.2 20.3382
    endloop
  endfacet
  facet normal -0.991429 0 0.130649
    outer loop
      vertex 96.6885 15.2 20.0134
      vertex 96.7111 16 20.1849
      vertex 96.6885 16 20.0134
    endloop
  endfacet
  facet normal -0.991429 0 0.130649
    outer loop
      vertex 96.7111 16 20.1849
      vertex 96.6885 15.2 20.0134
      vertex 96.7111 15.2 20.1849
    endloop
  endfacet
  facet normal -0.974517 0 0.224312
    outer loop
      vertex 96.6406 15.2 19.8053
      vertex 96.6885 16 20.0134
      vertex 96.6406 16 19.8053
    endloop
  endfacet
  facet normal -0.974517 0 0.224312
    outer loop
      vertex 96.6885 16 20.0134
      vertex 96.6406 15.2 19.8053
      vertex 96.6885 15.2 20.0134
    endloop
  endfacet
  facet normal -0.944247 0 0.329238
    outer loop
      vertex 96.5641 15.2 19.5859
      vertex 96.6406 16 19.8053
      vertex 96.5641 16 19.5859
    endloop
  endfacet
  facet normal -0.944247 0 0.329238
    outer loop
      vertex 96.6406 16 19.8053
      vertex 96.5641 15.2 19.5859
      vertex 96.6406 15.2 19.8053
    endloop
  endfacet
  facet normal -0.903398 0 0.428804
    outer loop
      vertex 96.4742 15.2 19.3965
      vertex 96.5641 16 19.5859
      vertex 96.4742 16 19.3965
    endloop
  endfacet
  facet normal -0.903398 0 0.428804
    outer loop
      vertex 96.5641 16 19.5859
      vertex 96.4742 15.2 19.3965
      vertex 96.5641 15.2 19.5859
    endloop
  endfacet
  facet normal -0.852137 0 0.523319
    outer loop
      vertex 96.3542 15.2 19.2011
      vertex 96.4742 16 19.3965
      vertex 96.3542 16 19.2011
    endloop
  endfacet
  facet normal -0.852137 0 0.523319
    outer loop
      vertex 96.4742 16 19.3965
      vertex 96.3542 15.2 19.2011
      vertex 96.4742 15.2 19.3965
    endloop
  endfacet
  facet normal -0.7898 0 0.613365
    outer loop
      vertex 96.2141 15.2 19.0207
      vertex 96.3542 16 19.2011
      vertex 96.2141 16 19.0207
    endloop
  endfacet
  facet normal -0.7898 0 0.613365
    outer loop
      vertex 96.3542 16 19.2011
      vertex 96.2141 15.2 19.0207
      vertex 96.3542 15.2 19.2011
    endloop
  endfacet
  facet normal -0.716904 0 0.697172
    outer loop
      vertex 96.0551 15.2 18.8572
      vertex 96.2141 16 19.0207
      vertex 96.0551 16 18.8572
    endloop
  endfacet
  facet normal -0.716904 0 0.697172
    outer loop
      vertex 96.2141 16 19.0207
      vertex 96.0551 15.2 18.8572
      vertex 96.2141 15.2 19.0207
    endloop
  endfacet
  facet normal -0.635815 0 0.771842
    outer loop
      vertex 95.8792 16 18.7123
      vertex 96.0551 15.2 18.8572
      vertex 96.0551 16 18.8572
    endloop
  endfacet
  facet normal -0.635815 0 0.771842
    outer loop
      vertex 96.0551 15.2 18.8572
      vertex 95.8792 16 18.7123
      vertex 95.8792 15.2 18.7123
    endloop
  endfacet
  facet normal -0.550023 0 0.835149
    outer loop
      vertex 95.7058 16 18.5981
      vertex 95.8792 15.2 18.7123
      vertex 95.8792 16 18.7123
    endloop
  endfacet
  facet normal -0.550023 0 0.835149
    outer loop
      vertex 95.8792 15.2 18.7123
      vertex 95.7058 16 18.5981
      vertex 95.7058 15.2 18.5981
    endloop
  endfacet
  facet normal -0.455918 0 0.890022
    outer loop
      vertex 95.5018 16 18.4936
      vertex 95.7058 15.2 18.5981
      vertex 95.7058 16 18.5981
    endloop
  endfacet
  facet normal -0.455918 0 0.890022
    outer loop
      vertex 95.7058 15.2 18.5981
      vertex 95.5018 16 18.4936
      vertex 95.5018 15.2 18.4936
    endloop
  endfacet
  facet normal -0.349795 0 0.936826
    outer loop
      vertex 95.2854 16 18.4128
      vertex 95.5018 15.2 18.4936
      vertex 95.5018 16 18.4936
    endloop
  endfacet
  facet normal -0.349795 0 0.936826
    outer loop
      vertex 95.5018 15.2 18.4936
      vertex 95.2854 16 18.4128
      vertex 95.2854 15.2 18.4128
    endloop
  endfacet
  facet normal -0.237399 0 0.971412
    outer loop
      vertex 95.0583 16 18.3573
      vertex 95.2854 15.2 18.4128
      vertex 95.2854 16 18.4128
    endloop
  endfacet
  facet normal -0.237399 0 0.971412
    outer loop
      vertex 95.2854 15.2 18.4128
      vertex 95.0583 16 18.3573
      vertex 95.0583 15.2 18.3573
    endloop
  endfacet
  facet normal -0.118233 0 0.992986
    outer loop
      vertex 94.8223 16 18.3292
      vertex 95.0583 15.2 18.3573
      vertex 95.0583 16 18.3573
    endloop
  endfacet
  facet normal -0.118233 0 0.992986
    outer loop
      vertex 95.0583 15.2 18.3573
      vertex 94.8223 16 18.3292
      vertex 94.8223 15.2 18.3292
    endloop
  endfacet
  facet normal -0.000850531 0 1
    outer loop
      vertex 90.8248 16 18.3258
      vertex 94.8223 15.2 18.3292
      vertex 94.8223 16 18.3292
    endloop
  endfacet
  facet normal -0.000850531 0 1
    outer loop
      vertex 94.8223 15.2 18.3292
      vertex 90.8248 16 18.3258
      vertex 90.8248 15.2 18.3258
    endloop
  endfacet
  facet normal 0.891864 -0 0.452303
    outer loop
      vertex 90.8177 15.2 18.3398
      vertex 90.8248 16 18.3258
      vertex 90.8177 16 18.3398
    endloop
  endfacet
  facet normal 0.891864 0 0.452303
    outer loop
      vertex 90.8248 16 18.3258
      vertex 90.8177 15.2 18.3398
      vertex 90.8248 15.2 18.3258
    endloop
  endfacet
  facet normal 0.999674 -0 0.0255433
    outer loop
      vertex 95.6008 15.2 21.783
      vertex 95.6074 16 21.5247
      vertex 95.6008 16 21.783
    endloop
  endfacet
  facet normal 0.999674 0 0.0255433
    outer loop
      vertex 95.6074 16 21.5247
      vertex 95.6008 15.2 21.783
      vertex 95.6074 15.2 21.5247
    endloop
  endfacet
  facet normal 0.978908 -0 0.2043
    outer loop
      vertex 95.5701 15.2 21.9301
      vertex 95.6008 16 21.783
      vertex 95.5701 16 21.9301
    endloop
  endfacet
  facet normal 0.978908 0 0.2043
    outer loop
      vertex 95.6008 16 21.783
      vertex 95.5701 15.2 21.9301
      vertex 95.6008 15.2 21.783
    endloop
  endfacet
  facet normal 0.931303 -0 0.364246
    outer loop
      vertex 95.5164 15.2 22.0674
      vertex 95.5701 16 21.9301
      vertex 95.5164 16 22.0674
    endloop
  endfacet
  facet normal 0.931303 0 0.364246
    outer loop
      vertex 95.5701 16 21.9301
      vertex 95.5164 15.2 22.0674
      vertex 95.5701 15.2 21.9301
    endloop
  endfacet
  facet normal 0.859723 -0 0.510761
    outer loop
      vertex 95.4419 15.2 22.1928
      vertex 95.5164 16 22.0674
      vertex 95.4419 16 22.1928
    endloop
  endfacet
  facet normal 0.859723 0 0.510761
    outer loop
      vertex 95.5164 16 22.0674
      vertex 95.4419 15.2 22.1928
      vertex 95.5164 15.2 22.0674
    endloop
  endfacet
  facet normal 0.759299 -0 0.650742
    outer loop
      vertex 95.334 15.2 22.3187
      vertex 95.4419 16 22.1928
      vertex 95.334 16 22.3187
    endloop
  endfacet
  facet normal 0.759299 0 0.650742
    outer loop
      vertex 95.4419 16 22.1928
      vertex 95.334 15.2 22.3187
      vertex 95.4419 15.2 22.1928
    endloop
  endfacet
  facet normal 0.628365 0 0.777919
    outer loop
      vertex 95.205 16 22.4229
      vertex 95.334 15.2 22.3187
      vertex 95.334 16 22.3187
    endloop
  endfacet
  facet normal 0.628365 0 0.777919
    outer loop
      vertex 95.334 15.2 22.3187
      vertex 95.205 16 22.4229
      vertex 95.205 15.2 22.4229
    endloop
  endfacet
  facet normal 0.48541 0 0.874286
    outer loop
      vertex 95.0773 16 22.4938
      vertex 95.205 15.2 22.4229
      vertex 95.205 16 22.4229
    endloop
  endfacet
  facet normal 0.48541 0 0.874286
    outer loop
      vertex 95.205 15.2 22.4229
      vertex 95.0773 16 22.4938
      vertex 95.0773 15.2 22.4938
    endloop
  endfacet
  facet normal 0.336251 0 0.941773
    outer loop
      vertex 94.9381 16 22.5435
      vertex 95.0773 15.2 22.4938
      vertex 95.0773 16 22.4938
    endloop
  endfacet
  facet normal 0.336251 0 0.941773
    outer loop
      vertex 95.0773 15.2 22.4938
      vertex 94.9381 16 22.5435
      vertex 94.9381 15.2 22.5435
    endloop
  endfacet
  facet normal 0.174805 0 0.984603
    outer loop
      vertex 94.7894 16 22.5699
      vertex 94.9381 15.2 22.5435
      vertex 94.9381 16 22.5435
    endloop
  endfacet
  facet normal 0.174805 0 0.984603
    outer loop
      vertex 94.9381 15.2 22.5435
      vertex 94.7894 16 22.5699
      vertex 94.7894 15.2 22.5699
    endloop
  endfacet
  facet normal 0.00144103 0 0.999999
    outer loop
      vertex 92.2218 16 22.5736
      vertex 94.7894 15.2 22.5699
      vertex 94.7894 16 22.5699
    endloop
  endfacet
  facet normal 0.00144103 0 0.999999
    outer loop
      vertex 94.7894 15.2 22.5699
      vertex 92.2218 16 22.5736
      vertex 92.2218 15.2 22.5736
    endloop
  endfacet
  facet normal -0.0683841 0 0.997659
    outer loop
      vertex 92.1153 16 22.5663
      vertex 92.2218 15.2 22.5736
      vertex 92.2218 16 22.5736
    endloop
  endfacet
  facet normal -0.0683841 0 0.997659
    outer loop
      vertex 92.2218 15.2 22.5736
      vertex 92.1153 16 22.5663
      vertex 92.1153 15.2 22.5663
    endloop
  endfacet
  facet normal -0.287408 0 0.957808
    outer loop
      vertex 91.97 16 22.5227
      vertex 92.1153 15.2 22.5663
      vertex 92.1153 16 22.5663
    endloop
  endfacet
  facet normal -0.287408 0 0.957808
    outer loop
      vertex 92.1153 15.2 22.5663
      vertex 91.97 16 22.5227
      vertex 91.97 15.2 22.5227
    endloop
  endfacet
  facet normal -0.517852 0 0.85547
    outer loop
      vertex 91.9026 16 22.4819
      vertex 91.97 15.2 22.5227
      vertex 91.97 16 22.5227
    endloop
  endfacet
  facet normal -0.517852 0 0.85547
    outer loop
      vertex 91.97 15.2 22.5227
      vertex 91.9026 16 22.4819
      vertex 91.9026 15.2 22.4819
    endloop
  endfacet
  facet normal -0.668281 0 0.743909
    outer loop
      vertex 91.8485 16 22.4333
      vertex 91.9026 15.2 22.4819
      vertex 91.9026 16 22.4819
    endloop
  endfacet
  facet normal -0.668281 0 0.743909
    outer loop
      vertex 91.9026 15.2 22.4819
      vertex 91.8485 16 22.4333
      vertex 91.8485 15.2 22.4333
    endloop
  endfacet
  facet normal -0.785556 0 0.61879
    outer loop
      vertex 91.8062 15.2 22.3796
      vertex 91.8485 16 22.4333
      vertex 91.8062 16 22.3796
    endloop
  endfacet
  facet normal -0.785556 0 0.61879
    outer loop
      vertex 91.8485 16 22.4333
      vertex 91.8062 15.2 22.3796
      vertex 91.8485 15.2 22.4333
    endloop
  endfacet
  facet normal -0.878924 0 0.476963
    outer loop
      vertex 91.7655 15.2 22.3046
      vertex 91.8062 16 22.3796
      vertex 91.7655 16 22.3046
    endloop
  endfacet
  facet normal -0.878924 0 0.476963
    outer loop
      vertex 91.8062 16 22.3796
      vertex 91.7655 15.2 22.3046
      vertex 91.8062 15.2 22.3796
    endloop
  endfacet
  facet normal -0.948578 0 0.316542
    outer loop
      vertex 91.7353 15.2 22.2141
      vertex 91.7655 16 22.3046
      vertex 91.7353 16 22.2141
    endloop
  endfacet
  facet normal -0.948578 0 0.316542
    outer loop
      vertex 91.7655 16 22.3046
      vertex 91.7353 15.2 22.2141
      vertex 91.7655 15.2 22.3046
    endloop
  endfacet
  facet normal -0.986151 0 0.165853
    outer loop
      vertex 91.7205 15.2 22.1261
      vertex 91.7353 16 22.2141
      vertex 91.7205 16 22.1261
    endloop
  endfacet
  facet normal -0.986151 0 0.165853
    outer loop
      vertex 91.7353 16 22.2141
      vertex 91.7205 15.2 22.1261
      vertex 91.7353 15.2 22.2141
    endloop
  endfacet
  facet normal -0.999952 0 0.00982409
    outer loop
      vertex 91.7191 15.2 21.9836
      vertex 91.7205 16 22.1261
      vertex 91.7191 16 21.9836
    endloop
  endfacet
  facet normal -0.999952 0 0.00982409
    outer loop
      vertex 91.7205 16 22.1261
      vertex 91.7191 15.2 21.9836
      vertex 91.7205 15.2 22.1261
    endloop
  endfacet
  facet normal -0.991467 0 -0.130356
    outer loop
      vertex 91.7328 15.2 21.8794
      vertex 91.7191 16 21.9836
      vertex 91.7328 16 21.8794
    endloop
  endfacet
  facet normal -0.991467 -0 -0.130356
    outer loop
      vertex 91.7191 16 21.9836
      vertex 91.7328 15.2 21.8794
      vertex 91.7191 15.2 21.9836
    endloop
  endfacet
  facet normal -0.958903 0 -0.283736
    outer loop
      vertex 91.7602 15.2 21.7868
      vertex 91.7328 16 21.8794
      vertex 91.7602 16 21.7868
    endloop
  endfacet
  facet normal -0.958903 -0 -0.283736
    outer loop
      vertex 91.7328 16 21.8794
      vertex 91.7602 15.2 21.7868
      vertex 91.7328 15.2 21.8794
    endloop
  endfacet
  facet normal -0.887355 0 -0.461086
    outer loop
      vertex 91.8092 15.2 21.6925
      vertex 91.7602 16 21.7868
      vertex 91.8092 16 21.6925
    endloop
  endfacet
  facet normal -0.887355 -0 -0.461086
    outer loop
      vertex 91.7602 16 21.7868
      vertex 91.8092 15.2 21.6925
      vertex 91.7602 15.2 21.7868
    endloop
  endfacet
  facet normal -0.758479 0 -0.651697
    outer loop
      vertex 91.8684 15.2 21.6236
      vertex 91.8092 16 21.6925
      vertex 91.8684 16 21.6236
    endloop
  endfacet
  facet normal -0.758479 -0 -0.651697
    outer loop
      vertex 91.8092 16 21.6925
      vertex 91.8684 15.2 21.6236
      vertex 91.8092 15.2 21.6925
    endloop
  endfacet
  facet normal -0.574558 0 -0.818464
    outer loop
      vertex 91.8684 15.2 21.6236
      vertex 91.9486 16 21.5673
      vertex 91.9486 15.2 21.5673
    endloop
  endfacet
  facet normal -0.574558 0 -0.818464
    outer loop
      vertex 91.9486 16 21.5673
      vertex 91.8684 15.2 21.6236
      vertex 91.8684 16 21.6236
    endloop
  endfacet
  facet normal -0.371812 0 -0.928308
    outer loop
      vertex 91.9486 15.2 21.5673
      vertex 92.0245 16 21.5369
      vertex 92.0245 15.2 21.5369
    endloop
  endfacet
  facet normal -0.371812 0 -0.928308
    outer loop
      vertex 92.0245 16 21.5369
      vertex 91.9486 15.2 21.5673
      vertex 91.9486 16 21.5673
    endloop
  endfacet
  facet normal -0.188006 0 -0.982168
    outer loop
      vertex 92.0245 15.2 21.5369
      vertex 92.1154 16 21.5195
      vertex 92.1154 15.2 21.5195
    endloop
  endfacet
  facet normal -0.188006 0 -0.982168
    outer loop
      vertex 92.1154 16 21.5195
      vertex 92.0245 15.2 21.5369
      vertex 92.0245 16 21.5369
    endloop
  endfacet
  facet normal -0.000891009 0 -1
    outer loop
      vertex 92.1154 15.2 21.5195
      vertex 95.5946 16 21.5164
      vertex 95.5946 15.2 21.5164
    endloop
  endfacet
  facet normal -0.000891009 0 -1
    outer loop
      vertex 95.5946 16 21.5164
      vertex 92.1154 15.2 21.5195
      vertex 92.1154 16 21.5195
    endloop
  endfacet
  facet normal 0.544066 0 -0.839042
    outer loop
      vertex 95.5946 15.2 21.5164
      vertex 95.6074 16 21.5247
      vertex 95.6074 15.2 21.5247
    endloop
  endfacet
  facet normal 0.544066 0 -0.839042
    outer loop
      vertex 95.6074 16 21.5247
      vertex 95.5946 15.2 21.5164
      vertex 95.5946 16 21.5164
    endloop
  endfacet
  facet normal 0.859766 0 -0.510688
    outer loop
      vertex 97.3928 15.2 19.4355
      vertex 97.3849 16 19.4222
      vertex 97.3928 16 19.4355
    endloop
  endfacet
  facet normal 0.859766 0 -0.510688
    outer loop
      vertex 97.3849 16 19.4222
      vertex 97.3928 15.2 19.4355
      vertex 97.3849 15.2 19.4222
    endloop
  endfacet
  facet normal 7.75354e-05 0 -1
    outer loop
      vertex 97.3928 15.2 19.4355
      vertex 101.262 16 19.4358
      vertex 101.262 15.2 19.4358
    endloop
  endfacet
  facet normal 7.75354e-05 0 -1
    outer loop
      vertex 101.262 16 19.4358
      vertex 97.3928 15.2 19.4355
      vertex 97.3928 16 19.4355
    endloop
  endfacet
  facet normal 0.0995037 0 -0.995037
    outer loop
      vertex 101.262 15.2 19.4358
      vertex 101.392 16 19.4488
      vertex 101.392 15.2 19.4488
    endloop
  endfacet
  facet normal 0.0995037 0 -0.995037
    outer loop
      vertex 101.392 16 19.4488
      vertex 101.262 15.2 19.4358
      vertex 101.262 16 19.4358
    endloop
  endfacet
  facet normal 0.242536 0 -0.970143
    outer loop
      vertex 101.392 15.2 19.4488
      vertex 101.516 16 19.4798
      vertex 101.516 15.2 19.4798
    endloop
  endfacet
  facet normal 0.242536 0 -0.970143
    outer loop
      vertex 101.516 16 19.4798
      vertex 101.392 15.2 19.4488
      vertex 101.392 16 19.4488
    endloop
  endfacet
  facet normal 0.376165 0 -0.926553
    outer loop
      vertex 101.516 15.2 19.4798
      vertex 101.633 16 19.5273
      vertex 101.633 15.2 19.5273
    endloop
  endfacet
  facet normal 0.376165 0 -0.926553
    outer loop
      vertex 101.633 16 19.5273
      vertex 101.516 15.2 19.4798
      vertex 101.516 16 19.4798
    endloop
  endfacet
  facet normal 0.512474 0 -0.858703
    outer loop
      vertex 101.633 15.2 19.5273
      vertex 101.758 16 19.6019
      vertex 101.758 15.2 19.6019
    endloop
  endfacet
  facet normal 0.512474 0 -0.858703
    outer loop
      vertex 101.758 16 19.6019
      vertex 101.633 15.2 19.5273
      vertex 101.633 16 19.5273
    endloop
  endfacet
  facet normal 0.659113 0 -0.752044
    outer loop
      vertex 101.758 15.2 19.6019
      vertex 101.898 16 19.7246
      vertex 101.898 15.2 19.7246
    endloop
  endfacet
  facet normal 0.659113 0 -0.752044
    outer loop
      vertex 101.898 16 19.7246
      vertex 101.758 15.2 19.6019
      vertex 101.758 16 19.6019
    endloop
  endfacet
  facet normal 0.79532 0 -0.606189
    outer loop
      vertex 101.998 15.2 19.8558
      vertex 101.898 16 19.7246
      vertex 101.998 16 19.8558
    endloop
  endfacet
  facet normal 0.79532 0 -0.606189
    outer loop
      vertex 101.898 16 19.7246
      vertex 101.998 15.2 19.8558
      vertex 101.898 15.2 19.7246
    endloop
  endfacet
  facet normal 0.890316 0 -0.455343
    outer loop
      vertex 102.074 15.2 20.0044
      vertex 101.998 16 19.8558
      vertex 102.074 16 20.0044
    endloop
  endfacet
  facet normal 0.890316 0 -0.455343
    outer loop
      vertex 101.998 16 19.8558
      vertex 102.074 15.2 20.0044
      vertex 101.998 15.2 19.8558
    endloop
  endfacet
  facet normal 0.959178 0 -0.282804
    outer loop
      vertex 102.122 15.2 20.1672
      vertex 102.074 16 20.0044
      vertex 102.122 16 20.1672
    endloop
  endfacet
  facet normal 0.959178 0 -0.282804
    outer loop
      vertex 102.074 16 20.0044
      vertex 102.122 15.2 20.1672
      vertex 102.074 15.2 20.0044
    endloop
  endfacet
  facet normal 0.995141 0 -0.0984638
    outer loop
      vertex 102.137 15.2 20.3188
      vertex 102.122 16 20.1672
      vertex 102.137 16 20.3188
    endloop
  endfacet
  facet normal 0.995141 0 -0.0984638
    outer loop
      vertex 102.122 16 20.1672
      vertex 102.137 15.2 20.3188
      vertex 102.122 15.2 20.1672
    endloop
  endfacet
  facet normal 1 -0 0
    outer loop
      vertex 102.137 15.2 21.6724
      vertex 102.137 16 20.3188
      vertex 102.137 16 21.6724
    endloop
  endfacet
  facet normal 1 0 0
    outer loop
      vertex 102.137 16 20.3188
      vertex 102.137 15.2 21.6724
      vertex 102.137 15.2 20.3188
    endloop
  endfacet
  facet normal 0.996914 -0 0.0784972
    outer loop
      vertex 102.125 15.2 21.8248
      vertex 102.137 16 21.6724
      vertex 102.125 16 21.8248
    endloop
  endfacet
  facet normal 0.996914 0 0.0784972
    outer loop
      vertex 102.137 16 21.6724
      vertex 102.125 15.2 21.8248
      vertex 102.137 15.2 21.6724
    endloop
  endfacet
  facet normal 0.967031 -0 0.254658
    outer loop
      vertex 102.087 15.2 21.9691
      vertex 102.125 16 21.8248
      vertex 102.087 16 21.9691
    endloop
  endfacet
  facet normal 0.967031 0 0.254658
    outer loop
      vertex 102.125 16 21.8248
      vertex 102.087 15.2 21.9691
      vertex 102.125 15.2 21.8248
    endloop
  endfacet
  facet normal 0.915103 -0 0.40322
    outer loop
      vertex 102.028 15.2 22.103
      vertex 102.087 16 21.9691
      vertex 102.028 16 22.103
    endloop
  endfacet
  facet normal 0.915103 0 0.40322
    outer loop
      vertex 102.087 16 21.9691
      vertex 102.028 15.2 22.103
      vertex 102.087 15.2 21.9691
    endloop
  endfacet
  facet normal 0.831492 -0 0.555536
    outer loop
      vertex 101.936 15.2 22.2407
      vertex 102.028 16 22.103
      vertex 101.936 16 22.2407
    endloop
  endfacet
  facet normal 0.831492 0 0.555536
    outer loop
      vertex 102.028 16 22.103
      vertex 101.936 15.2 22.2407
      vertex 102.028 15.2 22.103
    endloop
  endfacet
  facet normal 0.713421 -0 0.700735
    outer loop
      vertex 101.82 15.2 22.3588
      vertex 101.936 16 22.2407
      vertex 101.82 16 22.3588
    endloop
  endfacet
  facet normal 0.713421 0 0.700735
    outer loop
      vertex 101.936 16 22.2407
      vertex 101.82 15.2 22.3588
      vertex 101.936 15.2 22.2407
    endloop
  endfacet
  facet normal 0.584033 0 0.81173
    outer loop
      vertex 101.702 16 22.4437
      vertex 101.82 15.2 22.3588
      vertex 101.82 16 22.3588
    endloop
  endfacet
  facet normal 0.584033 0 0.81173
    outer loop
      vertex 101.82 15.2 22.3588
      vertex 101.702 16 22.4437
      vertex 101.702 15.2 22.4437
    endloop
  endfacet
  facet normal 0.437112 0 0.899407
    outer loop
      vertex 101.552 16 22.5166
      vertex 101.702 15.2 22.4437
      vertex 101.702 16 22.4437
    endloop
  endfacet
  facet normal 0.437112 0 0.899407
    outer loop
      vertex 101.702 15.2 22.4437
      vertex 101.552 16 22.5166
      vertex 101.552 15.2 22.5166
    endloop
  endfacet
  facet normal 0.272499 0 0.962156
    outer loop
      vertex 101.409 16 22.5571
      vertex 101.552 15.2 22.5166
      vertex 101.552 16 22.5166
    endloop
  endfacet
  facet normal 0.272499 0 0.962156
    outer loop
      vertex 101.552 15.2 22.5166
      vertex 101.409 16 22.5571
      vertex 101.409 15.2 22.5571
    endloop
  endfacet
  facet normal 0.0949449 0 0.995483
    outer loop
      vertex 101.236 16 22.5736
      vertex 101.409 15.2 22.5571
      vertex 101.409 16 22.5571
    endloop
  endfacet
  facet normal 0.0949449 0 0.995483
    outer loop
      vertex 101.409 15.2 22.5571
      vertex 101.236 16 22.5736
      vertex 101.236 15.2 22.5736
    endloop
  endfacet
  facet normal 0.000517264 0 1
    outer loop
      vertex 97.3695 16 22.5756
      vertex 101.236 15.2 22.5736
      vertex 101.236 16 22.5736
    endloop
  endfacet
  facet normal 0.000517264 0 1
    outer loop
      vertex 101.236 15.2 22.5736
      vertex 97.3695 16 22.5756
      vertex 97.3695 15.2 22.5756
    endloop
  endfacet
  facet normal 1 -0 0
    outer loop
      vertex 97.3695 15.2 23.6748
      vertex 97.3695 16 22.5756
      vertex 97.3695 16 23.6748
    endloop
  endfacet
  facet normal 1 0 0
    outer loop
      vertex 97.3695 16 22.5756
      vertex 97.3695 15.2 23.6748
      vertex 97.3695 15.2 22.5756
    endloop
  endfacet
  facet normal 0.696983 0 -0.717088
    outer loop
      vertex 97.3695 15.2 23.6748
      vertex 97.3802 16 23.6852
      vertex 97.3802 15.2 23.6852
    endloop
  endfacet
  facet normal 0.696983 0 -0.717088
    outer loop
      vertex 97.3802 16 23.6852
      vertex 97.3695 15.2 23.6748
      vertex 97.3695 16 23.6748
    endloop
  endfacet
  facet normal -0.000204457 0 -1
    outer loop
      vertex 97.3802 15.2 23.6852
      vertex 101.293 16 23.6844
      vertex 101.293 15.2 23.6844
    endloop
  endfacet
  facet normal -0.000204457 0 -1
    outer loop
      vertex 101.293 16 23.6844
      vertex 97.3802 15.2 23.6852
      vertex 97.3802 16 23.6852
    endloop
  endfacet
  facet normal -0.0647986 0 -0.997898
    outer loop
      vertex 101.293 15.2 23.6844
      vertex 101.447 16 23.6744
      vertex 101.447 15.2 23.6744
    endloop
  endfacet
  facet normal -0.0647986 0 -0.997898
    outer loop
      vertex 101.447 16 23.6744
      vertex 101.293 15.2 23.6844
      vertex 101.293 16 23.6844
    endloop
  endfacet
  facet normal -0.14636 0 -0.989231
    outer loop
      vertex 101.447 15.2 23.6744
      vertex 101.618 16 23.6491
      vertex 101.618 15.2 23.6491
    endloop
  endfacet
  facet normal -0.14636 0 -0.989231
    outer loop
      vertex 101.618 16 23.6491
      vertex 101.447 15.2 23.6744
      vertex 101.447 16 23.6744
    endloop
  endfacet
  facet normal -0.224908 0 -0.97438
    outer loop
      vertex 101.618 15.2 23.6491
      vertex 101.764 16 23.6154
      vertex 101.764 15.2 23.6154
    endloop
  endfacet
  facet normal -0.224908 0 -0.97438
    outer loop
      vertex 101.764 16 23.6154
      vertex 101.618 15.2 23.6491
      vertex 101.618 16 23.6491
    endloop
  endfacet
  facet normal -0.303057 0 -0.952972
    outer loop
      vertex 101.764 15.2 23.6154
      vertex 101.925 16 23.5642
      vertex 101.925 15.2 23.5642
    endloop
  endfacet
  facet normal -0.303057 0 -0.952972
    outer loop
      vertex 101.925 16 23.5642
      vertex 101.764 15.2 23.6154
      vertex 101.764 16 23.6154
    endloop
  endfacet
  facet normal -0.377254 0 -0.92611
    outer loop
      vertex 101.925 15.2 23.5642
      vertex 102.061 16 23.5088
      vertex 102.061 15.2 23.5088
    endloop
  endfacet
  facet normal -0.377254 0 -0.92611
    outer loop
      vertex 102.061 16 23.5088
      vertex 101.925 15.2 23.5642
      vertex 101.925 16 23.5642
    endloop
  endfacet
  facet normal -0.449131 0 -0.893466
    outer loop
      vertex 102.061 15.2 23.5088
      vertex 102.21 16 23.4339
      vertex 102.21 15.2 23.4339
    endloop
  endfacet
  facet normal -0.449131 0 -0.893466
    outer loop
      vertex 102.21 16 23.4339
      vertex 102.061 15.2 23.5088
      vertex 102.061 16 23.5088
    endloop
  endfacet
  facet normal -0.520233 0 -0.854024
    outer loop
      vertex 102.21 15.2 23.4339
      vertex 102.352 16 23.3474
      vertex 102.352 15.2 23.3474
    endloop
  endfacet
  facet normal -0.520233 0 -0.854024
    outer loop
      vertex 102.352 16 23.3474
      vertex 102.21 15.2 23.4339
      vertex 102.21 16 23.4339
    endloop
  endfacet
  facet normal -0.588745 0 -0.808319
    outer loop
      vertex 102.352 15.2 23.3474
      vertex 102.486 16 23.2498
      vertex 102.486 15.2 23.2498
    endloop
  endfacet
  facet normal -0.588745 0 -0.808319
    outer loop
      vertex 102.486 16 23.2498
      vertex 102.352 15.2 23.3474
      vertex 102.352 16 23.3474
    endloop
  endfacet
  facet normal -0.651139 0 -0.758959
    outer loop
      vertex 102.486 15.2 23.2498
      vertex 102.612 16 23.1417
      vertex 102.612 15.2 23.1417
    endloop
  endfacet
  facet normal -0.651139 0 -0.758959
    outer loop
      vertex 102.612 16 23.1417
      vertex 102.486 15.2 23.2498
      vertex 102.486 16 23.2498
    endloop
  endfacet
  facet normal -0.71253 0 -0.701642
    outer loop
      vertex 102.728 15.2 23.0239
      vertex 102.612 16 23.1417
      vertex 102.728 16 23.0239
    endloop
  endfacet
  facet normal -0.71253 -0 -0.701642
    outer loop
      vertex 102.612 16 23.1417
      vertex 102.728 15.2 23.0239
      vertex 102.612 15.2 23.1417
    endloop
  endfacet
  facet normal -0.767726 0 -0.640779
    outer loop
      vertex 102.834 15.2 22.8969
      vertex 102.728 16 23.0239
      vertex 102.834 16 22.8969
    endloop
  endfacet
  facet normal -0.767726 -0 -0.640779
    outer loop
      vertex 102.728 16 23.0239
      vertex 102.834 15.2 22.8969
      vertex 102.728 15.2 23.0239
    endloop
  endfacet
  facet normal -0.814665 0 -0.579931
    outer loop
      vertex 102.918 15.2 22.7789
      vertex 102.834 16 22.8969
      vertex 102.918 16 22.7789
    endloop
  endfacet
  facet normal -0.814665 -0 -0.579931
    outer loop
      vertex 102.834 16 22.8969
      vertex 102.918 15.2 22.7789
      vertex 102.834 15.2 22.8969
    endloop
  endfacet
  facet normal -0.856004 0 -0.516969
    outer loop
      vertex 103.004 15.2 22.6365
      vertex 102.918 16 22.7789
      vertex 103.004 16 22.6365
    endloop
  endfacet
  facet normal -0.856004 -0 -0.516969
    outer loop
      vertex 102.918 16 22.7789
      vertex 103.004 15.2 22.6365
      vertex 102.918 15.2 22.7789
    endloop
  endfacet
  facet normal -0.895384 0 -0.445294
    outer loop
      vertex 103.069 15.2 22.5058
      vertex 103.004 16 22.6365
      vertex 103.069 16 22.5058
    endloop
  endfacet
  facet normal -0.895384 -0 -0.445294
    outer loop
      vertex 103.004 16 22.6365
      vertex 103.069 15.2 22.5058
      vertex 103.004 15.2 22.6365
    endloop
  endfacet
  facet normal -0.924826 0 -0.380391
    outer loop
      vertex 103.133 15.2 22.3502
      vertex 103.069 16 22.5058
      vertex 103.133 16 22.3502
    endloop
  endfacet
  facet normal -0.924826 -0 -0.380391
    outer loop
      vertex 103.069 16 22.5058
      vertex 103.133 15.2 22.3502
      vertex 103.069 15.2 22.5058
    endloop
  endfacet
  facet normal -0.95466 0 -0.297697
    outer loop
      vertex 103.177 15.2 22.2091
      vertex 103.133 16 22.3502
      vertex 103.177 16 22.2091
    endloop
  endfacet
  facet normal -0.95466 -0 -0.297697
    outer loop
      vertex 103.133 16 22.3502
      vertex 103.177 15.2 22.2091
      vertex 103.133 15.2 22.3502
    endloop
  endfacet
  facet normal -0.973677 0 -0.227932
    outer loop
      vertex 103.216 15.2 22.0425
      vertex 103.177 16 22.2091
      vertex 103.216 16 22.0425
    endloop
  endfacet
  facet normal -0.973677 -0 -0.227932
    outer loop
      vertex 103.177 16 22.2091
      vertex 103.216 15.2 22.0425
      vertex 103.177 15.2 22.2091
    endloop
  endfacet
  facet normal -0.989387 0 -0.145304
    outer loop
      vertex 103.238 15.2 21.8927
      vertex 103.216 16 22.0425
      vertex 103.238 16 21.8927
    endloop
  endfacet
  facet normal -0.989387 -0 -0.145304
    outer loop
      vertex 103.216 16 22.0425
      vertex 103.238 15.2 21.8927
      vertex 103.216 15.2 22.0425
    endloop
  endfacet
  facet normal -0.99932 0 -0.036864
    outer loop
      vertex 103.25 15.2 21.5674
      vertex 103.238 16 21.8927
      vertex 103.25 16 21.5674
    endloop
  endfacet
  facet normal -0.99932 -0 -0.036864
    outer loop
      vertex 103.238 16 21.8927
      vertex 103.25 15.2 21.5674
      vertex 103.238 15.2 21.8927
    endloop
  endfacet
  facet normal -0.999996 0 0.00294484
    outer loop
      vertex 103.246 15.2 20.2091
      vertex 103.25 16 21.5674
      vertex 103.246 16 20.2091
    endloop
  endfacet
  facet normal -0.999996 0 0.00294484
    outer loop
      vertex 103.25 16 21.5674
      vertex 103.246 15.2 20.2091
      vertex 103.25 15.2 21.5674
    endloop
  endfacet
  facet normal -0.991931 0 0.126777
    outer loop
      vertex 103.213 15.2 19.9509
      vertex 103.246 16 20.2091
      vertex 103.213 16 19.9509
    endloop
  endfacet
  facet normal -0.991931 0 0.126777
    outer loop
      vertex 103.246 16 20.2091
      vertex 103.213 15.2 19.9509
      vertex 103.246 15.2 20.2091
    endloop
  endfacet
  facet normal -0.966415 0 0.256987
    outer loop
      vertex 103.142 15.2 19.6839
      vertex 103.213 16 19.9509
      vertex 103.142 16 19.6839
    endloop
  endfacet
  facet normal -0.966415 0 0.256987
    outer loop
      vertex 103.213 16 19.9509
      vertex 103.142 15.2 19.6839
      vertex 103.213 15.2 19.9509
    endloop
  endfacet
  facet normal -0.929781 0 0.368113
    outer loop
      vertex 103.08 15.2 19.5273
      vertex 103.142 16 19.6839
      vertex 103.08 16 19.5273
    endloop
  endfacet
  facet normal -0.929781 0 0.368113
    outer loop
      vertex 103.142 16 19.6839
      vertex 103.08 15.2 19.5273
      vertex 103.142 15.2 19.6839
    endloop
  endfacet
  facet normal -0.896761 0 0.442516
    outer loop
      vertex 102.997 15.2 19.3591
      vertex 103.08 16 19.5273
      vertex 102.997 16 19.3591
    endloop
  endfacet
  facet normal -0.896761 0 0.442516
    outer loop
      vertex 103.08 16 19.5273
      vertex 102.997 15.2 19.3591
      vertex 103.08 15.2 19.5273
    endloop
  endfacet
  facet normal -0.848748 0 0.528798
    outer loop
      vertex 102.898 15.2 19.2002
      vertex 102.997 16 19.3591
      vertex 102.898 16 19.2002
    endloop
  endfacet
  facet normal -0.848748 0 0.528798
    outer loop
      vertex 102.997 16 19.3591
      vertex 102.898 15.2 19.2002
      vertex 102.997 15.2 19.3591
    endloop
  endfacet
  facet normal -0.798579 0 0.60189
    outer loop
      vertex 102.786 15.2 19.0516
      vertex 102.898 16 19.2002
      vertex 102.786 16 19.0516
    endloop
  endfacet
  facet normal -0.798579 0 0.60189
    outer loop
      vertex 102.898 16 19.2002
      vertex 102.786 15.2 19.0516
      vertex 102.898 15.2 19.2002
    endloop
  endfacet
  facet normal -0.737265 0 0.675603
    outer loop
      vertex 102.66 15.2 18.9141
      vertex 102.786 16 19.0516
      vertex 102.66 16 18.9141
    endloop
  endfacet
  facet normal -0.737265 0 0.675603
    outer loop
      vertex 102.786 16 19.0516
      vertex 102.66 15.2 18.9141
      vertex 102.786 15.2 19.0516
    endloop
  endfacet
  facet normal -0.674895 0 0.737914
    outer loop
      vertex 102.523 16 18.7888
      vertex 102.66 15.2 18.9141
      vertex 102.66 16 18.9141
    endloop
  endfacet
  facet normal -0.674895 0 0.737914
    outer loop
      vertex 102.66 15.2 18.9141
      vertex 102.523 16 18.7888
      vertex 102.523 15.2 18.7888
    endloop
  endfacet
  facet normal -0.602568 0 0.798068
    outer loop
      vertex 102.374 16 18.6763
      vertex 102.523 15.2 18.7888
      vertex 102.523 16 18.7888
    endloop
  endfacet
  facet normal -0.602568 0 0.798068
    outer loop
      vertex 102.523 15.2 18.7888
      vertex 102.374 16 18.6763
      vertex 102.374 15.2 18.6763
    endloop
  endfacet
  facet normal -0.527017 0 0.849855
    outer loop
      vertex 102.215 16 18.5777
      vertex 102.374 15.2 18.6763
      vertex 102.374 16 18.6763
    endloop
  endfacet
  facet normal -0.527017 0 0.849855
    outer loop
      vertex 102.374 15.2 18.6763
      vertex 102.215 16 18.5777
      vertex 102.215 15.2 18.5777
    endloop
  endfacet
  facet normal -0.436049 0 0.899923
    outer loop
      vertex 102.008 16 18.4774
      vertex 102.215 15.2 18.5777
      vertex 102.215 16 18.5777
    endloop
  endfacet
  facet normal -0.436049 0 0.899923
    outer loop
      vertex 102.215 15.2 18.5777
      vertex 102.008 16 18.4774
      vertex 102.008 15.2 18.4774
    endloop
  endfacet
  facet normal -0.329774 0 0.94406
    outer loop
      vertex 101.789 16 18.4009
      vertex 102.008 15.2 18.4774
      vertex 102.008 16 18.4774
    endloop
  endfacet
  facet normal -0.329774 0 0.94406
    outer loop
      vertex 102.008 15.2 18.4774
      vertex 101.789 16 18.4009
      vertex 101.789 15.2 18.4009
    endloop
  endfacet
  facet normal -0.218194 0 0.975905
    outer loop
      vertex 101.56 16 18.3497
      vertex 101.789 15.2 18.4009
      vertex 101.789 16 18.4009
    endloop
  endfacet
  facet normal -0.218194 0 0.975905
    outer loop
      vertex 101.789 15.2 18.4009
      vertex 101.56 16 18.3497
      vertex 101.56 15.2 18.3497
    endloop
  endfacet
  facet normal -0.105854 0 0.994382
    outer loop
      vertex 101.343 16 18.3266
      vertex 101.56 15.2 18.3497
      vertex 101.56 16 18.3497
    endloop
  endfacet
  facet normal -0.105854 0 0.994382
    outer loop
      vertex 101.56 15.2 18.3497
      vertex 101.343 16 18.3266
      vertex 101.343 15.2 18.3266
    endloop
  endfacet
  facet normal -0.000707553 0 1
    outer loop
      vertex 97.3857 16 18.3238
      vertex 101.343 15.2 18.3266
      vertex 101.343 16 18.3266
    endloop
  endfacet
  facet normal -0.000707553 0 1
    outer loop
      vertex 101.343 15.2 18.3266
      vertex 97.3857 16 18.3238
      vertex 97.3857 15.2 18.3238
    endloop
  endfacet
  facet normal 1 -0 0.000728332
    outer loop
      vertex 97.3849 15.2 19.4222
      vertex 97.3857 16 18.3238
      vertex 97.3849 16 19.4222
    endloop
  endfacet
  facet normal 1 0 0.000728332
    outer loop
      vertex 97.3857 16 18.3238
      vertex 97.3849 15.2 19.4222
      vertex 97.3857 15.2 18.3238
    endloop
  endfacet
  facet normal 0.145375 0 0.989377
    outer loop
      vertex 86.0389 16 18.2577
      vertex 86.207 15.2 18.233
      vertex 86.207 16 18.233
    endloop
  endfacet
  facet normal 0.145375 0 0.989377
    outer loop
      vertex 86.207 15.2 18.233
      vertex 86.0389 16 18.2577
      vertex 86.0389 15.2 18.2577
    endloop
  endfacet
  facet normal 0.25834 0 0.966054
    outer loop
      vertex 85.8968 16 18.2957
      vertex 86.0389 15.2 18.2577
      vertex 86.0389 16 18.2577
    endloop
  endfacet
  facet normal 0.25834 0 0.966054
    outer loop
      vertex 86.0389 15.2 18.2577
      vertex 85.8968 16 18.2957
      vertex 85.8968 15.2 18.2957
    endloop
  endfacet
  facet normal 0.36643 0 0.930446
    outer loop
      vertex 85.7414 16 18.3569
      vertex 85.8968 15.2 18.2957
      vertex 85.8968 16 18.2957
    endloop
  endfacet
  facet normal 0.36643 0 0.930446
    outer loop
      vertex 85.8968 15.2 18.2957
      vertex 85.7414 16 18.3569
      vertex 85.7414 15.2 18.3569
    endloop
  endfacet
  facet normal 0.477423 0 0.878674
    outer loop
      vertex 85.5949 16 18.4365
      vertex 85.7414 15.2 18.3569
      vertex 85.7414 16 18.3569
    endloop
  endfacet
  facet normal 0.477423 0 0.878674
    outer loop
      vertex 85.7414 15.2 18.3569
      vertex 85.5949 16 18.4365
      vertex 85.5949 15.2 18.4365
    endloop
  endfacet
  facet normal 0.580672 0 0.814138
    outer loop
      vertex 85.4589 16 18.5335
      vertex 85.5949 15.2 18.4365
      vertex 85.5949 16 18.4365
    endloop
  endfacet
  facet normal 0.580672 0 0.814138
    outer loop
      vertex 85.5949 15.2 18.4365
      vertex 85.4589 16 18.5335
      vertex 85.4589 15.2 18.5335
    endloop
  endfacet
  facet normal 0.674945 0 0.737868
    outer loop
      vertex 85.3346 16 18.6472
      vertex 85.4589 15.2 18.5335
      vertex 85.4589 16 18.5335
    endloop
  endfacet
  facet normal 0.674945 0 0.737868
    outer loop
      vertex 85.4589 15.2 18.5335
      vertex 85.3346 16 18.6472
      vertex 85.3346 15.2 18.6472
    endloop
  endfacet
  facet normal 0.755024 -0 0.655697
    outer loop
      vertex 85.2369 15.2 18.7597
      vertex 85.3346 16 18.6472
      vertex 85.2369 16 18.7597
    endloop
  endfacet
  facet normal 0.755024 0 0.655697
    outer loop
      vertex 85.3346 16 18.6472
      vertex 85.2369 15.2 18.7597
      vertex 85.3346 15.2 18.6472
    endloop
  endfacet
  facet normal 0.820257 -0 0.571995
    outer loop
      vertex 85.1505 15.2 18.8836
      vertex 85.2369 16 18.7597
      vertex 85.1505 16 18.8836
    endloop
  endfacet
  facet normal 0.820257 0 0.571995
    outer loop
      vertex 85.2369 16 18.7597
      vertex 85.1505 15.2 18.8836
      vertex 85.2369 15.2 18.7597
    endloop
  endfacet
  facet normal 0.84872 -0 0.528842
    outer loop
      vertex 82.1586 15.2 23.6852
      vertex 85.1505 16 18.8836
      vertex 82.1586 16 23.6852
    endloop
  endfacet
  facet normal 0.84872 0 0.528842
    outer loop
      vertex 85.1505 16 18.8836
      vertex 82.1586 15.2 23.6852
      vertex 85.1505 15.2 18.8836
    endloop
  endfacet
  facet normal 0 0 -1
    outer loop
      vertex 82.1586 15.2 23.6852
      vertex 83.4479 16 23.6852
      vertex 83.4479 15.2 23.6852
    endloop
  endfacet
  facet normal -0 0 -1
    outer loop
      vertex 83.4479 16 23.6852
      vertex 82.1586 15.2 23.6852
      vertex 82.1586 16 23.6852
    endloop
  endfacet
  facet normal -0.848094 0 -0.529846
    outer loop
      vertex 86.0924 15.2 19.4523
      vertex 83.4479 16 23.6852
      vertex 86.0924 16 19.4523
    endloop
  endfacet
  facet normal -0.848094 -0 -0.529846
    outer loop
      vertex 83.4479 16 23.6852
      vertex 86.0924 15.2 19.4523
      vertex 83.4479 15.2 23.6852
    endloop
  endfacet
  facet normal -0.772234 0 -0.635338
    outer loop
      vertex 86.1286 15.2 19.4083
      vertex 86.0924 16 19.4523
      vertex 86.1286 16 19.4083
    endloop
  endfacet
  facet normal -0.772234 -0 -0.635338
    outer loop
      vertex 86.0924 16 19.4523
      vertex 86.1286 15.2 19.4083
      vertex 86.0924 15.2 19.4523
    endloop
  endfacet
  facet normal -0.601714 0 -0.798712
    outer loop
      vertex 86.1286 15.2 19.4083
      vertex 86.1882 16 19.3634
      vertex 86.1882 15.2 19.3634
    endloop
  endfacet
  facet normal -0.601714 0 -0.798712
    outer loop
      vertex 86.1882 16 19.3634
      vertex 86.1286 15.2 19.4083
      vertex 86.1286 16 19.4083
    endloop
  endfacet
  facet normal -0.351649 0 -0.936132
    outer loop
      vertex 86.1882 15.2 19.3634
      vertex 86.2662 16 19.3341
      vertex 86.2662 15.2 19.3341
    endloop
  endfacet
  facet normal -0.351649 0 -0.936132
    outer loop
      vertex 86.2662 16 19.3341
      vertex 86.1882 15.2 19.3634
      vertex 86.1882 16 19.3634
    endloop
  endfacet
  facet normal -0.101429 0 -0.994843
    outer loop
      vertex 86.2662 15.2 19.3341
      vertex 86.3378 16 19.3268
      vertex 86.3378 15.2 19.3268
    endloop
  endfacet
  facet normal -0.101429 0 -0.994843
    outer loop
      vertex 86.3378 16 19.3268
      vertex 86.2662 15.2 19.3341
      vertex 86.2662 16 19.3341
    endloop
  endfacet
  facet normal 0.157893 0 -0.987456
    outer loop
      vertex 86.3378 15.2 19.3268
      vertex 86.4166 16 19.3394
      vertex 86.4166 15.2 19.3394
    endloop
  endfacet
  facet normal 0.157893 0 -0.987456
    outer loop
      vertex 86.4166 16 19.3394
      vertex 86.3378 15.2 19.3268
      vertex 86.3378 16 19.3268
    endloop
  endfacet
  facet normal 0.394107 0 -0.919064
    outer loop
      vertex 86.4166 15.2 19.3394
      vertex 86.4756 16 19.3647
      vertex 86.4756 15.2 19.3647
    endloop
  endfacet
  facet normal 0.394107 0 -0.919064
    outer loop
      vertex 86.4756 16 19.3647
      vertex 86.4166 15.2 19.3394
      vertex 86.4166 16 19.3394
    endloop
  endfacet
  facet normal 0.614313 0 -0.789063
    outer loop
      vertex 86.4756 15.2 19.3647
      vertex 86.5343 16 19.4104
      vertex 86.5343 15.2 19.4104
    endloop
  endfacet
  facet normal 0.614313 0 -0.789063
    outer loop
      vertex 86.5343 16 19.4104
      vertex 86.4756 15.2 19.3647
      vertex 86.4756 16 19.3647
    endloop
  endfacet
  facet normal 0.782582 0 -0.622548
    outer loop
      vertex 86.5697 15.2 19.4549
      vertex 86.5343 16 19.4104
      vertex 86.5697 16 19.4549
    endloop
  endfacet
  facet normal 0.782582 0 -0.622548
    outer loop
      vertex 86.5343 16 19.4104
      vertex 86.5697 15.2 19.4549
      vertex 86.5343 15.2 19.4104
    endloop
  endfacet
  facet normal 0.855921 0 -0.517107
    outer loop
      vertex 89.1182 15.2 23.6732
      vertex 86.5697 16 19.4549
      vertex 89.1182 16 23.6732
    endloop
  endfacet
  facet normal 0.855921 0 -0.517107
    outer loop
      vertex 86.5697 16 19.4549
      vertex 89.1182 15.2 23.6732
      vertex 86.5697 15.2 19.4549
    endloop
  endfacet
  facet normal 0.642815 0 -0.766021
    outer loop
      vertex 89.1182 15.2 23.6732
      vertex 89.1325 16 23.6852
      vertex 89.1325 15.2 23.6852
    endloop
  endfacet
  facet normal 0.642815 0 -0.766021
    outer loop
      vertex 89.1325 16 23.6852
      vertex 89.1182 15.2 23.6732
      vertex 89.1182 16 23.6732
    endloop
  endfacet
  facet normal 0 0 -1
    outer loop
      vertex 89.1325 15.2 23.6852
      vertex 90.4006 16 23.6852
      vertex 90.4006 15.2 23.6852
    endloop
  endfacet
  facet normal -0 0 -1
    outer loop
      vertex 90.4006 16 23.6852
      vertex 89.1325 15.2 23.6852
      vertex 89.1325 16 23.6852
    endloop
  endfacet
  facet normal -0.856461 0 0.516212
    outer loop
      vertex 87.5139 15.2 18.8958
      vertex 90.4006 16 23.6852
      vertex 87.5139 16 18.8958
    endloop
  endfacet
  facet normal -0.856461 0 0.516212
    outer loop
      vertex 90.4006 16 23.6852
      vertex 87.5139 15.2 18.8958
      vertex 90.4006 15.2 23.6852
    endloop
  endfacet
  facet normal -0.832642 0 0.553811
    outer loop
      vertex 87.442 15.2 18.7877
      vertex 87.5139 16 18.8958
      vertex 87.442 16 18.7877
    endloop
  endfacet
  facet normal -0.832642 0 0.553811
    outer loop
      vertex 87.5139 16 18.8958
      vertex 87.442 15.2 18.7877
      vertex 87.5139 15.2 18.8958
    endloop
  endfacet
  facet normal -0.772491 0 0.635025
    outer loop
      vertex 87.3473 15.2 18.6725
      vertex 87.442 16 18.7877
      vertex 87.3473 16 18.6725
    endloop
  endfacet
  facet normal -0.772491 0 0.635025
    outer loop
      vertex 87.442 16 18.7877
      vertex 87.3473 15.2 18.6725
      vertex 87.442 15.2 18.7877
    endloop
  endfacet
  facet normal -0.694838 0 0.719166
    outer loop
      vertex 87.2261 16 18.5554
      vertex 87.3473 15.2 18.6725
      vertex 87.3473 16 18.6725
    endloop
  endfacet
  facet normal -0.694838 0 0.719166
    outer loop
      vertex 87.3473 15.2 18.6725
      vertex 87.2261 16 18.5554
      vertex 87.2261 15.2 18.5554
    endloop
  endfacet
  facet normal -0.607094 0 0.79463
    outer loop
      vertex 87.11 16 18.4667
      vertex 87.2261 15.2 18.5554
      vertex 87.2261 16 18.5554
    endloop
  endfacet
  facet normal -0.607094 0 0.79463
    outer loop
      vertex 87.2261 15.2 18.5554
      vertex 87.11 16 18.4667
      vertex 87.11 15.2 18.4667
    endloop
  endfacet
  facet normal -0.512022 0 0.858972
    outer loop
      vertex 86.9669 16 18.3814
      vertex 87.11 15.2 18.4667
      vertex 87.11 16 18.4667
    endloop
  endfacet
  facet normal -0.512022 0 0.858972
    outer loop
      vertex 87.11 15.2 18.4667
      vertex 86.9669 16 18.3814
      vertex 86.9669 15.2 18.3814
    endloop
  endfacet
  facet normal -0.403301 0 0.915067
    outer loop
      vertex 86.8142 16 18.3141
      vertex 86.9669 15.2 18.3814
      vertex 86.9669 16 18.3814
    endloop
  endfacet
  facet normal -0.403301 0 0.915067
    outer loop
      vertex 86.9669 15.2 18.3814
      vertex 86.8142 16 18.3141
      vertex 86.8142 15.2 18.3141
    endloop
  endfacet
  facet normal -0.296142 0 0.955144
    outer loop
      vertex 86.6739 16 18.2706
      vertex 86.8142 15.2 18.3141
      vertex 86.8142 16 18.3141
    endloop
  endfacet
  facet normal -0.296142 0 0.955144
    outer loop
      vertex 86.8142 15.2 18.3141
      vertex 86.6739 16 18.2706
      vertex 86.6739 15.2 18.2706
    endloop
  endfacet
  facet normal -0.186 0 0.98255
    outer loop
      vertex 86.5075 16 18.2391
      vertex 86.6739 15.2 18.2706
      vertex 86.6739 16 18.2706
    endloop
  endfacet
  facet normal -0.186 0 0.98255
    outer loop
      vertex 86.6739 15.2 18.2706
      vertex 86.5075 16 18.2391
      vertex 86.5075 15.2 18.2391
    endloop
  endfacet
  facet normal -0.0737982 0 0.997273
    outer loop
      vertex 86.3575 16 18.228
      vertex 86.5075 15.2 18.2391
      vertex 86.5075 16 18.2391
    endloop
  endfacet
  facet normal -0.0737982 0 0.997273
    outer loop
      vertex 86.5075 15.2 18.2391
      vertex 86.3575 16 18.228
      vertex 86.3575 15.2 18.228
    endloop
  endfacet
  facet normal 0.0332043 0 0.999449
    outer loop
      vertex 86.207 16 18.233
      vertex 86.3575 15.2 18.228
      vertex 86.3575 16 18.228
    endloop
  endfacet
  facet normal 0.0332043 0 0.999449
    outer loop
      vertex 86.3575 15.2 18.228
      vertex 86.207 16 18.233
      vertex 86.207 15.2 18.233
    endloop
  endfacet
  facet normal 0 -1 0
    outer loop
      vertex 98.6135 -15.2 23.6698
      vertex 99.0896 -15.2 23.7722
      vertex 98.8975 -15.2 23.77
    endloop
  endfacet
  facet normal 0 -1 0
    outer loop
      vertex 98.6135 -15.2 23.6698
      vertex 98.8975 -15.2 23.77
      vertex 98.7278 -15.2 23.75
    endloop
  endfacet
  facet normal 0 -1 -0
    outer loop
      vertex 99.0896 -15.2 23.7722
      vertex 98.6135 -15.2 23.6698
      vertex 99.2399 -15.2 23.7646
    endloop
  endfacet
  facet normal 0 -1 0
    outer loop
      vertex 98.6135 -15.2 23.6698
      vertex 98.7278 -15.2 23.75
      vertex 98.5639 -15.2 23.71
    endloop
  endfacet
  facet normal 0 -1 -0
    outer loop
      vertex 99.2399 -15.2 23.7646
      vertex 98.6135 -15.2 23.6698
      vertex 99.4074 -15.2 23.7367
    endloop
  endfacet
  facet normal 0 -1 -0
    outer loop
      vertex 99.4074 -15.2 23.7367
      vertex 98.6135 -15.2 23.6698
      vertex 99.5686 -15.2 23.6891
    endloop
  endfacet
  facet normal 0 -1 0
    outer loop
      vertex 98.3886 -15.2 23.6421
      vertex 98.6135 -15.2 23.6698
      vertex 98.5639 -15.2 23.71
    endloop
  endfacet
  facet normal 0 -1 0
    outer loop
      vertex 98.2422 -15.2 23.5622
      vertex 98.6135 -15.2 23.6698
      vertex 98.3886 -15.2 23.6421
    endloop
  endfacet
  facet normal 0 -1 0
    outer loop
      vertex 98.1062 -15.2 23.4646
      vertex 98.6135 -15.2 23.6698
      vertex 98.2422 -15.2 23.5622
    endloop
  endfacet
  facet normal 0 -1 0
    outer loop
      vertex 97.9819 -15.2 23.3503
      vertex 98.6135 -15.2 23.6698
      vertex 98.1062 -15.2 23.4646
    endloop
  endfacet
  facet normal 0 -1 0
    outer loop
      vertex 97.8572 -15.2 23.2036
      vertex 98.6135 -15.2 23.6698
      vertex 97.9819 -15.2 23.3503
    endloop
  endfacet
  facet normal 0 -1 0
    outer loop
      vertex 99.9338 -15.2 18.3263
      vertex 97.8572 -15.2 23.2036
      vertex 94.8069 -15.2 18.3333
    endloop
  endfacet
  facet normal 0 -1 0
    outer loop
      vertex 97.8572 -15.2 23.2036
      vertex 99.9338 -15.2 18.3263
      vertex 98.6135 -15.2 23.6698
    endloop
  endfacet
  facet normal -0 -1 0
    outer loop
      vertex 99.9338 -15.2 18.3263
      vertex 94.8069 -15.2 18.3333
      vertex 94.8061 -15.2 18.3211
    endloop
  endfacet
  facet normal 0 -1 0
    outer loop
      vertex 98.6135 -15.2 23.6698
      vertex 99.7219 -15.2 23.6224
      vertex 99.5686 -15.2 23.6891
    endloop
  endfacet
  facet normal 0 -1 0
    outer loop
      vertex 98.6135 -15.2 23.6698
      vertex 99.8658 -15.2 23.5376
      vertex 99.7219 -15.2 23.6224
    endloop
  endfacet
  facet normal 0 -1 0
    outer loop
      vertex 98.6135 -15.2 23.6698
      vertex 99.9988 -15.2 23.4353
      vertex 99.8658 -15.2 23.5376
    endloop
  endfacet
  facet normal 0 -1 0
    outer loop
      vertex 98.6135 -15.2 23.6698
      vertex 100.119 -15.2 23.3163
      vertex 99.9988 -15.2 23.4353
    endloop
  endfacet
  facet normal 0 -1 0
    outer loop
      vertex 98.6135 -15.2 23.6698
      vertex 100.227 -15.2 23.184
      vertex 100.119 -15.2 23.3163
    endloop
  endfacet
  facet normal 0 -1 0
    outer loop
      vertex 101.942 -15.2 18.325
      vertex 100.227 -15.2 23.184
      vertex 98.6135 -15.2 23.6698
    endloop
  endfacet
  facet normal 0 -1 0
    outer loop
      vertex 100.227 -15.2 23.184
      vertex 101.942 -15.2 18.325
      vertex 103.25 -15.2 18.3211
    endloop
  endfacet
  facet normal 0 -1 -0
    outer loop
      vertex 84.2743 -15.2 23.6879
      vertex 84.2106 -15.2 22.5699
      vertex 86.7782 -15.2 22.5736
    endloop
  endfacet
  facet normal 0 -1 0
    outer loop
      vertex 82.6808 -15.2 22.8782
      vertex 84.0619 -15.2 22.5435
      vertex 84.2106 -15.2 22.5699
    endloop
  endfacet
  facet normal 0 -1 0
    outer loop
      vertex 83.4836 -15.2 22.0674
      vertex 82.5653 -15.2 22.706
      vertex 82.4591 -15.2 22.503
    endloop
  endfacet
  facet normal 0 -1 0
    outer loop
      vertex 82.6808 -15.2 22.8782
      vertex 83.9227 -15.2 22.4938
      vertex 84.0619 -15.2 22.5435
    endloop
  endfacet
  facet normal 0 -1 0
    outer loop
      vertex 82.6808 -15.2 22.8782
      vertex 83.795 -15.2 22.4229
      vertex 83.9227 -15.2 22.4938
    endloop
  endfacet
  facet normal 0 -1 0
    outer loop
      vertex 82.6808 -15.2 22.8782
      vertex 83.666 -15.2 22.3187
      vertex 83.795 -15.2 22.4229
    endloop
  endfacet
  facet normal 0 -1 0
    outer loop
      vertex 83.4836 -15.2 22.0674
      vertex 82.4591 -15.2 22.503
      vertex 82.3826 -15.2 22.3074
    endloop
  endfacet
  facet normal 0 -1 0
    outer loop
      vertex 82.6808 -15.2 22.8782
      vertex 83.5581 -15.2 22.1928
      vertex 83.666 -15.2 22.3187
    endloop
  endfacet
  facet normal 0 -1 0
    outer loop
      vertex 83.4299 -15.2 21.9301
      vertex 82.3826 -15.2 22.3074
      vertex 82.3222 -15.2 22.0815
    endloop
  endfacet
  facet normal 0 -1 0
    outer loop
      vertex 82.5653 -15.2 22.706
      vertex 83.4836 -15.2 22.0674
      vertex 83.5581 -15.2 22.1928
    endloop
  endfacet
  facet normal 0 -1 0
    outer loop
      vertex 82.3826 -15.2 22.3074
      vertex 83.4299 -15.2 21.9301
      vertex 83.4836 -15.2 22.0674
    endloop
  endfacet
  facet normal 0 -1 0
    outer loop
      vertex 83.3992 -15.2 21.783
      vertex 82.3222 -15.2 22.0815
      vertex 82.2901 -15.2 21.868
    endloop
  endfacet
  facet normal 0 -1 0
    outer loop
      vertex 82.3222 -15.2 22.0815
      vertex 83.3992 -15.2 21.783
      vertex 83.4299 -15.2 21.9301
    endloop
  endfacet
  facet normal 0 -1 0
    outer loop
      vertex 82.2811 -15.2 21.6923
      vertex 83.3992 -15.2 21.783
      vertex 82.2901 -15.2 21.868
    endloop
  endfacet
  facet normal 0 -1 0
    outer loop
      vertex 82.2811 -15.2 21.6923
      vertex 83.3926 -15.2 21.5247
      vertex 83.3992 -15.2 21.783
    endloop
  endfacet
  facet normal 0 -1 0
    outer loop
      vertex 82.2812 -15.2 20.3382
      vertex 83.3926 -15.2 21.5247
      vertex 82.2811 -15.2 21.6923
    endloop
  endfacet
  facet normal 0 -1 0
    outer loop
      vertex 87.2398 -15.2 21.7868
      vertex 88.1678 -15.2 21.1754
      vertex 88.2575 -15.2 21.3535
    endloop
  endfacet
  facet normal -0 -1 0
    outer loop
      vertex 86.9778 -15.2 20.4196
      vertex 86.8846 -15.2 21.5195
      vertex 86.7748 -15.2 20.4094
    endloop
  endfacet
  facet normal 0 -1 0
    outer loop
      vertex 86.8846 -15.2 21.5195
      vertex 88.0556 -15.2 21.0086
      vertex 88.1678 -15.2 21.1754
    endloop
  endfacet
  facet normal 0 -1 0
    outer loop
      vertex 86.8846 -15.2 21.5195
      vertex 87.9213 -15.2 20.8561
      vertex 88.0556 -15.2 21.0086
    endloop
  endfacet
  facet normal -0 -1 0
    outer loop
      vertex 83.3945 -15.2 20.4075
      vertex 83.3926 -15.2 21.5247
      vertex 82.2812 -15.2 20.3382
    endloop
  endfacet
  facet normal 0 -1 0
    outer loop
      vertex 86.8846 -15.2 21.5195
      vertex 87.7652 -15.2 20.721
      vertex 87.9213 -15.2 20.8561
    endloop
  endfacet
  facet normal 0 -1 0
    outer loop
      vertex 86.8846 -15.2 21.5195
      vertex 87.5874 -15.2 20.6063
      vertex 87.7652 -15.2 20.721
    endloop
  endfacet
  facet normal 0 -1 0
    outer loop
      vertex 86.8846 -15.2 21.5195
      vertex 87.3885 -15.2 20.515
      vertex 87.5874 -15.2 20.6063
    endloop
  endfacet
  facet normal 0 -1 0
    outer loop
      vertex 86.8846 -15.2 21.5195
      vertex 87.1915 -15.2 20.4555
      vertex 87.3885 -15.2 20.515
    endloop
  endfacet
  facet normal 0 -1 0
    outer loop
      vertex 86.8846 -15.2 21.5195
      vertex 86.9778 -15.2 20.4196
      vertex 87.1915 -15.2 20.4555
    endloop
  endfacet
  facet normal 0 -1 -0
    outer loop
      vertex 83.4054 -15.2 21.5164
      vertex 83.3945 -15.2 20.4075
      vertex 86.7748 -15.2 20.4094
    endloop
  endfacet
  facet normal 0 -1 0
    outer loop
      vertex 83.3926 -15.2 21.5247
      vertex 83.3945 -15.2 20.4075
      vertex 83.4054 -15.2 21.5164
    endloop
  endfacet
  facet normal 0 -1 0
    outer loop
      vertex 82.2812 -15.2 20.3382
      vertex 83.3983 -15.2 20.2588
      vertex 83.3945 -15.2 20.4075
    endloop
  endfacet
  facet normal 0 -1 0
    outer loop
      vertex 82.2889 -15.2 20.1849
      vertex 83.3983 -15.2 20.2588
      vertex 82.2812 -15.2 20.3382
    endloop
  endfacet
  facet normal 0 -1 0
    outer loop
      vertex 82.3115 -15.2 20.0134
      vertex 83.3983 -15.2 20.2588
      vertex 82.2889 -15.2 20.1849
    endloop
  endfacet
  facet normal 0 -1 -0
    outer loop
      vertex 83.3983 -15.2 20.2588
      vertex 82.3115 -15.2 20.0134
      vertex 83.4271 -15.2 20.1119
    endloop
  endfacet
  facet normal 0 -1 0
    outer loop
      vertex 82.3594 -15.2 19.8053
      vertex 83.4271 -15.2 20.1119
      vertex 82.3115 -15.2 20.0134
    endloop
  endfacet
  facet normal 0 -1 0
    outer loop
      vertex 82.4359 -15.2 19.5859
      vertex 83.4271 -15.2 20.1119
      vertex 82.3594 -15.2 19.8053
    endloop
  endfacet
  facet normal 0 -1 -0
    outer loop
      vertex 83.4271 -15.2 20.1119
      vertex 82.4359 -15.2 19.5859
      vertex 83.4782 -15.2 19.9732
    endloop
  endfacet
  facet normal 0 -1 0
    outer loop
      vertex 82.5258 -15.2 19.3965
      vertex 83.4782 -15.2 19.9732
      vertex 82.4359 -15.2 19.5859
    endloop
  endfacet
  facet normal 0 -1 -0
    outer loop
      vertex 83.4782 -15.2 19.9732
      vertex 82.5258 -15.2 19.3965
      vertex 83.5497 -15.2 19.8452
    endloop
  endfacet
  facet normal 0 -1 0
    outer loop
      vertex 82.6458 -15.2 19.2011
      vertex 83.5497 -15.2 19.8452
      vertex 82.5258 -15.2 19.3965
    endloop
  endfacet
  facet normal 0 -1 0
    outer loop
      vertex 82.7859 -15.2 19.0207
      vertex 83.5497 -15.2 19.8452
      vertex 82.6458 -15.2 19.2011
    endloop
  endfacet
  facet normal 0 -1 -0
    outer loop
      vertex 83.5497 -15.2 19.8452
      vertex 82.7859 -15.2 19.0207
      vertex 83.6395 -15.2 19.7302
    endloop
  endfacet
  facet normal 0 -1 0
    outer loop
      vertex 82.9449 -15.2 18.8572
      vertex 83.6395 -15.2 19.7302
      vertex 82.7859 -15.2 19.0207
    endloop
  endfacet
  facet normal 0 -1 -0
    outer loop
      vertex 83.6395 -15.2 19.7302
      vertex 82.9449 -15.2 18.8572
      vertex 83.7456 -15.2 19.6306
    endloop
  endfacet
  facet normal 0 -1 0
    outer loop
      vertex 84.2922 -15.2 19.4355
      vertex 88.1823 -15.2 19.4172
      vertex 88.1796 -15.2 19.4355
    endloop
  endfacet
  facet normal 0 -1 0
    outer loop
      vertex 83.1208 -15.2 18.7123
      vertex 83.7456 -15.2 19.6306
      vertex 82.9449 -15.2 18.8572
    endloop
  endfacet
  facet normal 0 -1 -0
    outer loop
      vertex 83.7456 -15.2 19.6306
      vertex 83.1208 -15.2 18.7123
      vertex 83.8659 -15.2 19.549
    endloop
  endfacet
  facet normal 0 -1 0
    outer loop
      vertex 83.2942 -15.2 18.5981
      vertex 83.8659 -15.2 19.549
      vertex 83.1208 -15.2 18.7123
    endloop
  endfacet
  facet normal 0 -1 0
    outer loop
      vertex 83.4982 -15.2 18.4936
      vertex 83.8659 -15.2 19.549
      vertex 83.2942 -15.2 18.5981
    endloop
  endfacet
  facet normal 0 -1 -0
    outer loop
      vertex 83.8659 -15.2 19.549
      vertex 83.4982 -15.2 18.4936
      vertex 83.9984 -15.2 19.4876
    endloop
  endfacet
  facet normal 0 -1 0
    outer loop
      vertex 83.7146 -15.2 18.4128
      vertex 83.9984 -15.2 19.4876
      vertex 83.4982 -15.2 18.4936
    endloop
  endfacet
  facet normal 0 -1 -0
    outer loop
      vertex 83.9984 -15.2 19.4876
      vertex 83.7146 -15.2 18.4128
      vertex 84.1412 -15.2 19.449
    endloop
  endfacet
  facet normal 0 -1 0
    outer loop
      vertex 83.9417 -15.2 18.3573
      vertex 84.1412 -15.2 19.449
      vertex 83.7146 -15.2 18.4128
    endloop
  endfacet
  facet normal 0 -1 0
    outer loop
      vertex 84.1777 -15.2 18.3292
      vertex 84.1412 -15.2 19.449
      vertex 83.9417 -15.2 18.3573
    endloop
  endfacet
  facet normal 0 -1 0
    outer loop
      vertex 84.1412 -15.2 19.449
      vertex 84.1777 -15.2 18.3292
      vertex 84.2922 -15.2 19.4355
    endloop
  endfacet
  facet normal 0 -1 0
    outer loop
      vertex 88.1752 -15.2 18.3258
      vertex 84.2922 -15.2 19.4355
      vertex 84.1777 -15.2 18.3292
    endloop
  endfacet
  facet normal 0 -1 0
    outer loop
      vertex 84.2922 -15.2 19.4355
      vertex 88.1752 -15.2 18.3258
      vertex 88.1823 -15.2 19.4172
    endloop
  endfacet
  facet normal 0 -1 -0
    outer loop
      vertex 88.1823 -15.2 19.4172
      vertex 88.1752 -15.2 18.3258
      vertex 88.1823 -15.2 18.3398
    endloop
  endfacet
  facet normal 0 -1 0
    outer loop
      vertex 83.781 -15.2 23.622
      vertex 84.2106 -15.2 22.5699
      vertex 83.9908 -15.2 23.6654
    endloop
  endfacet
  facet normal 0 -1 0
    outer loop
      vertex 84.2743 -15.2 23.6879
      vertex 86.7782 -15.2 22.5736
      vertex 86.894 -15.2 23.6849
    endloop
  endfacet
  facet normal 0 -1 0
    outer loop
      vertex 83.5601 -15.2 23.5498
      vertex 84.2106 -15.2 22.5699
      vertex 83.781 -15.2 23.622
    endloop
  endfacet
  facet normal 0 -1 0
    outer loop
      vertex 86.8847 -15.2 22.5663
      vertex 86.894 -15.2 23.6849
      vertex 86.7782 -15.2 22.5736
    endloop
  endfacet
  facet normal 0 -1 -0
    outer loop
      vertex 86.894 -15.2 23.6849
      vertex 86.8847 -15.2 22.5663
      vertex 87.0905 -15.2 23.6631
    endloop
  endfacet
  facet normal 0 -1 0
    outer loop
      vertex 83.3696 -15.2 23.4633
      vertex 84.2106 -15.2 22.5699
      vertex 83.5601 -15.2 23.5498
    endloop
  endfacet
  facet normal 0 -1 -0
    outer loop
      vertex 87.0905 -15.2 23.6631
      vertex 86.8847 -15.2 22.5663
      vertex 87.2961 -15.2 23.6152
    endloop
  endfacet
  facet normal 0 -1 0
    outer loop
      vertex 83.173 -15.2 23.3466
      vertex 84.2106 -15.2 22.5699
      vertex 83.3696 -15.2 23.4633
    endloop
  endfacet
  facet normal 0 -1 0
    outer loop
      vertex 87.03 -15.2 22.5227
      vertex 87.2961 -15.2 23.6152
      vertex 86.8847 -15.2 22.5663
    endloop
  endfacet
  facet normal 0 -1 0
    outer loop
      vertex 82.9916 -15.2 23.2091
      vertex 84.2106 -15.2 22.5699
      vertex 83.173 -15.2 23.3466
    endloop
  endfacet
  facet normal 0 -1 -0
    outer loop
      vertex 87.2961 -15.2 23.6152
      vertex 87.03 -15.2 22.5227
      vertex 87.4645 -15.2 23.5536
    endloop
  endfacet
  facet normal 0 -1 0
    outer loop
      vertex 82.827 -15.2 23.0524
      vertex 84.2106 -15.2 22.5699
      vertex 82.9916 -15.2 23.2091
    endloop
  endfacet
  facet normal 0 -1 -0
    outer loop
      vertex 87.4645 -15.2 23.5536
      vertex 87.03 -15.2 22.5227
      vertex 87.638 -15.2 23.4649
    endloop
  endfacet
  facet normal 0 -1 0
    outer loop
      vertex 82.6808 -15.2 22.8782
      vertex 84.2106 -15.2 22.5699
      vertex 82.827 -15.2 23.0524
    endloop
  endfacet
  facet normal 0 -1 0
    outer loop
      vertex 87.0974 -15.2 22.4819
      vertex 87.638 -15.2 23.4649
      vertex 87.03 -15.2 22.5227
    endloop
  endfacet
  facet normal 0 -1 0
    outer loop
      vertex 83.5581 -15.2 22.1928
      vertex 82.6808 -15.2 22.8782
      vertex 82.5653 -15.2 22.706
    endloop
  endfacet
  facet normal 0 -1 -0
    outer loop
      vertex 87.638 -15.2 23.4649
      vertex 87.0974 -15.2 22.4819
      vertex 87.7941 -15.2 23.3578
    endloop
  endfacet
  facet normal 0 -1 0
    outer loop
      vertex 83.9908 -15.2 23.6654
      vertex 84.2106 -15.2 22.5699
      vertex 84.2743 -15.2 23.6879
    endloop
  endfacet
  facet normal 0 -1 -0
    outer loop
      vertex 87.7941 -15.2 23.3578
      vertex 87.0974 -15.2 22.4819
      vertex 87.9327 -15.2 23.2345
    endloop
  endfacet
  facet normal 0 -1 0
    outer loop
      vertex 87.1515 -15.2 22.4333
      vertex 87.9327 -15.2 23.2345
      vertex 87.0974 -15.2 22.4819
    endloop
  endfacet
  facet normal 0 -1 -0
    outer loop
      vertex 87.9327 -15.2 23.2345
      vertex 87.1515 -15.2 22.4333
      vertex 88.0537 -15.2 23.0973
    endloop
  endfacet
  facet normal 0 -1 0
    outer loop
      vertex 87.1938 -15.2 22.3796
      vertex 88.0537 -15.2 23.0973
      vertex 87.1515 -15.2 22.4333
    endloop
  endfacet
  facet normal 0 -1 -0
    outer loop
      vertex 88.0537 -15.2 23.0973
      vertex 87.1938 -15.2 22.3796
      vertex 88.167 -15.2 22.9312
    endloop
  endfacet
  facet normal 0 -1 0
    outer loop
      vertex 87.2345 -15.2 22.3046
      vertex 88.167 -15.2 22.9312
      vertex 87.1938 -15.2 22.3796
    endloop
  endfacet
  facet normal 0 -1 -0
    outer loop
      vertex 88.167 -15.2 22.9312
      vertex 87.2345 -15.2 22.3046
      vertex 88.2579 -15.2 22.7536
    endloop
  endfacet
  facet normal 0 -1 -0
    outer loop
      vertex 88.2579 -15.2 22.7536
      vertex 87.2345 -15.2 22.3046
      vertex 88.3261 -15.2 22.5676
    endloop
  endfacet
  facet normal 0 -1 0
    outer loop
      vertex 87.2647 -15.2 22.2141
      vertex 88.3261 -15.2 22.5676
      vertex 87.2345 -15.2 22.3046
    endloop
  endfacet
  facet normal 0 -1 -0
    outer loop
      vertex 88.3261 -15.2 22.5676
      vertex 87.2647 -15.2 22.2141
      vertex 88.3713 -15.2 22.3762
    endloop
  endfacet
  facet normal 0 -1 0
    outer loop
      vertex 87.2795 -15.2 22.1261
      vertex 88.3713 -15.2 22.3762
      vertex 87.2647 -15.2 22.2141
    endloop
  endfacet
  facet normal 0 -1 -0
    outer loop
      vertex 88.3713 -15.2 22.3762
      vertex 87.2795 -15.2 22.1261
      vertex 88.3932 -15.2 22.1826
    endloop
  endfacet
  facet normal 0 -1 0
    outer loop
      vertex 87.2809 -15.2 21.9836
      vertex 88.3932 -15.2 22.1826
      vertex 87.2795 -15.2 22.1261
    endloop
  endfacet
  facet normal 0 -1 0
    outer loop
      vertex 87.2809 -15.2 21.9836
      vertex 88.388 -15.2 21.9058
      vertex 88.3932 -15.2 22.1826
    endloop
  endfacet
  facet normal 0 -1 0
    outer loop
      vertex 88.3684 -15.2 21.7314
      vertex 87.2809 -15.2 21.9836
      vertex 87.2672 -15.2 21.8794
    endloop
  endfacet
  facet normal 0 -1 0
    outer loop
      vertex 88.3245 -15.2 21.5399
      vertex 87.2672 -15.2 21.8794
      vertex 87.2398 -15.2 21.7868
    endloop
  endfacet
  facet normal 0 -1 0
    outer loop
      vertex 87.2809 -15.2 21.9836
      vertex 88.3684 -15.2 21.7314
      vertex 88.388 -15.2 21.9058
    endloop
  endfacet
  facet normal 0 -1 0
    outer loop
      vertex 88.1678 -15.2 21.1754
      vertex 87.2398 -15.2 21.7868
      vertex 87.1908 -15.2 21.6925
    endloop
  endfacet
  facet normal 0 -1 0
    outer loop
      vertex 88.1678 -15.2 21.1754
      vertex 87.1908 -15.2 21.6925
      vertex 87.1316 -15.2 21.6236
    endloop
  endfacet
  facet normal 0 -1 0
    outer loop
      vertex 88.1678 -15.2 21.1754
      vertex 87.1316 -15.2 21.6236
      vertex 87.0514 -15.2 21.5673
    endloop
  endfacet
  facet normal 0 -1 0
    outer loop
      vertex 87.2672 -15.2 21.8794
      vertex 88.3245 -15.2 21.5399
      vertex 88.3684 -15.2 21.7314
    endloop
  endfacet
  facet normal 0 -1 0
    outer loop
      vertex 88.1678 -15.2 21.1754
      vertex 87.0514 -15.2 21.5673
      vertex 86.9755 -15.2 21.5369
    endloop
  endfacet
  facet normal 0 -1 0
    outer loop
      vertex 88.1678 -15.2 21.1754
      vertex 86.9755 -15.2 21.5369
      vertex 86.8846 -15.2 21.5195
    endloop
  endfacet
  facet normal 0 -1 0
    outer loop
      vertex 87.2398 -15.2 21.7868
      vertex 88.2575 -15.2 21.3535
      vertex 88.3245 -15.2 21.5399
    endloop
  endfacet
  facet normal 0 -1 0
    outer loop
      vertex 86.7748 -15.2 20.4094
      vertex 86.8846 -15.2 21.5195
      vertex 83.4054 -15.2 21.5164
    endloop
  endfacet
  facet normal 0 -1 0
    outer loop
      vertex 77.7643 -15.2 22.5736
      vertex 81.6198 -15.2 23.6852
      vertex 77.7066 -15.2 23.6844
    endloop
  endfacet
  facet normal 0 -1 0
    outer loop
      vertex 77.7643 -15.2 22.5736
      vertex 77.7066 -15.2 23.6844
      vertex 77.5533 -15.2 23.6744
    endloop
  endfacet
  facet normal 0 -1 0
    outer loop
      vertex 77.5907 -15.2 22.5571
      vertex 77.5533 -15.2 23.6744
      vertex 77.3821 -15.2 23.6491
    endloop
  endfacet
  facet normal 0 -1 0
    outer loop
      vertex 77.5907 -15.2 22.5571
      vertex 77.3821 -15.2 23.6491
      vertex 77.2364 -15.2 23.6154
    endloop
  endfacet
  facet normal 0 -1 0
    outer loop
      vertex 77.4478 -15.2 22.5166
      vertex 77.2364 -15.2 23.6154
      vertex 77.075 -15.2 23.5642
    endloop
  endfacet
  facet normal 0 -1 0
    outer loop
      vertex 77.4478 -15.2 22.5166
      vertex 77.075 -15.2 23.5642
      vertex 76.9389 -15.2 23.5088
    endloop
  endfacet
  facet normal 0 -1 0
    outer loop
      vertex 77.2976 -15.2 22.4437
      vertex 76.9389 -15.2 23.5088
      vertex 76.7896 -15.2 23.4339
    endloop
  endfacet
  facet normal 0 -1 0
    outer loop
      vertex 77.2976 -15.2 22.4437
      vertex 76.7896 -15.2 23.4339
      vertex 76.6476 -15.2 23.3474
    endloop
  endfacet
  facet normal 0 -1 0
    outer loop
      vertex 77.18 -15.2 22.3588
      vertex 76.6476 -15.2 23.3474
      vertex 76.5137 -15.2 23.2498
    endloop
  endfacet
  facet normal 0 -1 0
    outer loop
      vertex 77.18 -15.2 22.3588
      vertex 76.5137 -15.2 23.2498
      vertex 76.3884 -15.2 23.1417
    endloop
  endfacet
  facet normal 0 -1 0
    outer loop
      vertex 77.18 -15.2 22.3588
      vertex 76.3884 -15.2 23.1417
      vertex 76.2723 -15.2 23.0239
    endloop
  endfacet
  facet normal 0 -1 0
    outer loop
      vertex 77.0645 -15.2 22.2407
      vertex 76.2723 -15.2 23.0239
      vertex 76.1662 -15.2 22.8969
    endloop
  endfacet
  facet normal 0 -1 0
    outer loop
      vertex 77.0645 -15.2 22.2407
      vertex 76.1662 -15.2 22.8969
      vertex 76.0819 -15.2 22.7789
    endloop
  endfacet
  facet normal 0 -1 0
    outer loop
      vertex 76.972 -15.2 22.103
      vertex 76.0819 -15.2 22.7789
      vertex 75.996 -15.2 22.6365
    endloop
  endfacet
  facet normal -0 -1 0
    outer loop
      vertex 81.6305 -15.2 22.5756
      vertex 81.6198 -15.2 23.6852
      vertex 77.7643 -15.2 22.5736
    endloop
  endfacet
  facet normal 0 -1 0
    outer loop
      vertex 81.6198 -15.2 23.6852
      vertex 81.6305 -15.2 22.5756
      vertex 81.6305 -15.2 23.6748
    endloop
  endfacet
  facet normal 0 -1 0
    outer loop
      vertex 77.5533 -15.2 23.6744
      vertex 77.5907 -15.2 22.5571
      vertex 77.7643 -15.2 22.5736
    endloop
  endfacet
  facet normal 0 -1 0
    outer loop
      vertex 77.2364 -15.2 23.6154
      vertex 77.4478 -15.2 22.5166
      vertex 77.5907 -15.2 22.5571
    endloop
  endfacet
  facet normal 0 -1 0
    outer loop
      vertex 76.972 -15.2 22.103
      vertex 75.996 -15.2 22.6365
      vertex 75.9306 -15.2 22.5058
    endloop
  endfacet
  facet normal 0 -1 0
    outer loop
      vertex 76.9389 -15.2 23.5088
      vertex 77.2976 -15.2 22.4437
      vertex 77.4478 -15.2 22.5166
    endloop
  endfacet
  facet normal 0 -1 0
    outer loop
      vertex 76.6476 -15.2 23.3474
      vertex 77.18 -15.2 22.3588
      vertex 77.2976 -15.2 22.4437
    endloop
  endfacet
  facet normal 0 -1 0
    outer loop
      vertex 76.9126 -15.2 21.9691
      vertex 75.9306 -15.2 22.5058
      vertex 75.8673 -15.2 22.3502
    endloop
  endfacet
  facet normal 0 -1 0
    outer loop
      vertex 76.2723 -15.2 23.0239
      vertex 77.0645 -15.2 22.2407
      vertex 77.18 -15.2 22.3588
    endloop
  endfacet
  facet normal 0 -1 0
    outer loop
      vertex 76.9126 -15.2 21.9691
      vertex 75.8673 -15.2 22.3502
      vertex 75.8225 -15.2 22.2091
    endloop
  endfacet
  facet normal 0 -1 0
    outer loop
      vertex 76.0819 -15.2 22.7789
      vertex 76.972 -15.2 22.103
      vertex 77.0645 -15.2 22.2407
    endloop
  endfacet
  facet normal 0 -1 0
    outer loop
      vertex 76.8753 -15.2 21.8248
      vertex 75.8225 -15.2 22.2091
      vertex 75.784 -15.2 22.0425
    endloop
  endfacet
  facet normal 0 -1 0
    outer loop
      vertex 75.9306 -15.2 22.5058
      vertex 76.9126 -15.2 21.9691
      vertex 76.972 -15.2 22.103
    endloop
  endfacet
  facet normal 0 -1 0
    outer loop
      vertex 76.8753 -15.2 21.8248
      vertex 75.784 -15.2 22.0425
      vertex 75.7619 -15.2 21.8927
    endloop
  endfacet
  facet normal 0 -1 0
    outer loop
      vertex 75.8225 -15.2 22.2091
      vertex 76.8753 -15.2 21.8248
      vertex 76.9126 -15.2 21.9691
    endloop
  endfacet
  facet normal 0 -1 0
    outer loop
      vertex 75.7619 -15.2 21.8927
      vertex 76.8625 -15.2 21.6724
      vertex 76.8753 -15.2 21.8248
    endloop
  endfacet
  facet normal 0 -1 0
    outer loop
      vertex 75.75 -15.2 21.5674
      vertex 76.8625 -15.2 21.6724
      vertex 75.7619 -15.2 21.8927
    endloop
  endfacet
  facet normal 0 -1 0
    outer loop
      vertex 75.75 -15.2 21.5674
      vertex 76.8627 -15.2 20.3188
      vertex 76.8625 -15.2 21.6724
    endloop
  endfacet
  facet normal 0 -1 0
    outer loop
      vertex 75.754 -15.2 20.2091
      vertex 76.8627 -15.2 20.3188
      vertex 75.75 -15.2 21.5674
    endloop
  endfacet
  facet normal 0 -1 0
    outer loop
      vertex 75.754 -15.2 20.2091
      vertex 76.8784 -15.2 20.1672
      vertex 76.8627 -15.2 20.3188
    endloop
  endfacet
  facet normal 0 -1 0
    outer loop
      vertex 75.787 -15.2 19.9509
      vertex 76.8784 -15.2 20.1672
      vertex 75.754 -15.2 20.2091
    endloop
  endfacet
  facet normal 0 -1 0
    outer loop
      vertex 75.8585 -15.2 19.6839
      vertex 76.8784 -15.2 20.1672
      vertex 75.787 -15.2 19.9509
    endloop
  endfacet
  facet normal 0 -1 -0
    outer loop
      vertex 76.8784 -15.2 20.1672
      vertex 75.8585 -15.2 19.6839
      vertex 76.9258 -15.2 20.0044
    endloop
  endfacet
  facet normal 0 -1 0
    outer loop
      vertex 75.9198 -15.2 19.5273
      vertex 76.9258 -15.2 20.0044
      vertex 75.8585 -15.2 19.6839
    endloop
  endfacet
  facet normal 0 -1 0
    outer loop
      vertex 76.0035 -15.2 19.3591
      vertex 76.9258 -15.2 20.0044
      vertex 75.9198 -15.2 19.5273
    endloop
  endfacet
  facet normal 0 -1 -0
    outer loop
      vertex 76.9258 -15.2 20.0044
      vertex 76.0035 -15.2 19.3591
      vertex 77.0016 -15.2 19.8558
    endloop
  endfacet
  facet normal 0 -1 0
    outer loop
      vertex 76.1021 -15.2 19.2002
      vertex 77.0016 -15.2 19.8558
      vertex 76.0035 -15.2 19.3591
    endloop
  endfacet
  facet normal 0 -1 0
    outer loop
      vertex 76.2145 -15.2 19.0516
      vertex 77.0016 -15.2 19.8558
      vertex 76.1021 -15.2 19.2002
    endloop
  endfacet
  facet normal 0 -1 -0
    outer loop
      vertex 77.0016 -15.2 19.8558
      vertex 76.2145 -15.2 19.0516
      vertex 77.1025 -15.2 19.7246
    endloop
  endfacet
  facet normal 0 -1 0
    outer loop
      vertex 76.3399 -15.2 18.9141
      vertex 77.1025 -15.2 19.7246
      vertex 76.2145 -15.2 19.0516
    endloop
  endfacet
  facet normal 0 -1 0
    outer loop
      vertex 76.4774 -15.2 18.7888
      vertex 77.1025 -15.2 19.7246
      vertex 76.3399 -15.2 18.9141
    endloop
  endfacet
  facet normal 0 -1 0
    outer loop
      vertex 81.6143 -15.2 18.3238
      vertex 81.6072 -15.2 19.4355
      vertex 77.7377 -15.2 19.4358
    endloop
  endfacet
  facet normal 0 -1 -0
    outer loop
      vertex 77.1025 -15.2 19.7246
      vertex 76.4774 -15.2 18.7888
      vertex 77.2421 -15.2 19.6019
    endloop
  endfacet
  facet normal 0 -1 0
    outer loop
      vertex 76.626 -15.2 18.6763
      vertex 77.2421 -15.2 19.6019
      vertex 76.4774 -15.2 18.7888
    endloop
  endfacet
  facet normal 0 -1 0
    outer loop
      vertex 76.7849 -15.2 18.5777
      vertex 77.2421 -15.2 19.6019
      vertex 76.626 -15.2 18.6763
    endloop
  endfacet
  facet normal 0 -1 -0
    outer loop
      vertex 77.2421 -15.2 19.6019
      vertex 76.7849 -15.2 18.5777
      vertex 77.367 -15.2 19.5273
    endloop
  endfacet
  facet normal 0 -1 0
    outer loop
      vertex 76.9916 -15.2 18.4774
      vertex 77.367 -15.2 19.5273
      vertex 76.7849 -15.2 18.5777
    endloop
  endfacet
  facet normal 0 -1 -0
    outer loop
      vertex 77.367 -15.2 19.5273
      vertex 76.9916 -15.2 18.4774
      vertex 77.4836 -15.2 19.4798
    endloop
  endfacet
  facet normal 0 -1 0
    outer loop
      vertex 77.2106 -15.2 18.4009
      vertex 77.4836 -15.2 19.4798
      vertex 76.9916 -15.2 18.4774
    endloop
  endfacet
  facet normal 0 -1 -0
    outer loop
      vertex 77.4836 -15.2 19.4798
      vertex 77.2106 -15.2 18.4009
      vertex 77.6077 -15.2 19.4488
    endloop
  endfacet
  facet normal 0 -1 0
    outer loop
      vertex 77.4403 -15.2 18.3497
      vertex 77.6077 -15.2 19.4488
      vertex 77.2106 -15.2 18.4009
    endloop
  endfacet
  facet normal 0 -1 0
    outer loop
      vertex 77.6568 -15.2 18.3266
      vertex 77.6077 -15.2 19.4488
      vertex 77.4403 -15.2 18.3497
    endloop
  endfacet
  facet normal 0 -1 0
    outer loop
      vertex 77.6077 -15.2 19.4488
      vertex 77.6568 -15.2 18.3266
      vertex 77.7377 -15.2 19.4358
    endloop
  endfacet
  facet normal 0 -1 0
    outer loop
      vertex 81.6143 -15.2 18.3238
      vertex 77.7377 -15.2 19.4358
      vertex 77.6568 -15.2 18.3266
    endloop
  endfacet
  facet normal 0 -1 0
    outer loop
      vertex 81.6072 -15.2 19.4355
      vertex 81.6143 -15.2 18.3238
      vertex 81.6151 -15.2 19.4222
    endloop
  endfacet
  facet normal 0 -1 0
    outer loop
      vertex 88.5994 -15.2 23.6852
      vertex 89.8818 -15.2 23.6732
      vertex 89.8675 -15.2 23.6852
    endloop
  endfacet
  facet normal 0 -1 0
    outer loop
      vertex 91.4861 -15.2 18.8958
      vertex 89.8818 -15.2 23.6732
      vertex 88.5994 -15.2 23.6852
    endloop
  endfacet
  facet normal 0 -1 0
    outer loop
      vertex 89.8818 -15.2 23.6732
      vertex 91.4861 -15.2 18.8958
      vertex 92.4303 -15.2 19.4549
    endloop
  endfacet
  facet normal 0 -1 0
    outer loop
      vertex 91.7739 -15.2 18.5554
      vertex 92.4657 -15.2 19.4104
      vertex 91.6527 -15.2 18.6725
    endloop
  endfacet
  facet normal 0 -1 0
    outer loop
      vertex 91.6527 -15.2 18.6725
      vertex 92.4657 -15.2 19.4104
      vertex 91.558 -15.2 18.7877
    endloop
  endfacet
  facet normal 0 -1 -0
    outer loop
      vertex 92.4303 -15.2 19.4549
      vertex 91.558 -15.2 18.7877
      vertex 92.4657 -15.2 19.4104
    endloop
  endfacet
  facet normal 0 -1 0
    outer loop
      vertex 91.558 -15.2 18.7877
      vertex 92.4303 -15.2 19.4549
      vertex 91.4861 -15.2 18.8958
    endloop
  endfacet
  facet normal 0 -1 0
    outer loop
      vertex 93.8495 -15.2 18.8836
      vertex 95.5521 -15.2 23.6852
      vertex 92.9076 -15.2 19.4523
    endloop
  endfacet
  facet normal 0 -1 0
    outer loop
      vertex 93.7631 -15.2 18.7597
      vertex 92.9076 -15.2 19.4523
      vertex 92.8714 -15.2 19.4083
    endloop
  endfacet
  facet normal 0 -1 -0
    outer loop
      vertex 92.4657 -15.2 19.4104
      vertex 91.7739 -15.2 18.5554
      vertex 92.5244 -15.2 19.3647
    endloop
  endfacet
  facet normal 0 -1 -0
    outer loop
      vertex 95.5521 -15.2 23.6852
      vertex 93.8495 -15.2 18.8836
      vertex 96.8414 -15.2 23.6852
    endloop
  endfacet
  facet normal 0 -1 0
    outer loop
      vertex 93.5411 -15.2 18.5335
      vertex 92.8714 -15.2 19.4083
      vertex 92.8118 -15.2 19.3634
    endloop
  endfacet
  facet normal 0 -1 0
    outer loop
      vertex 93.1032 -15.2 18.2957
      vertex 92.8118 -15.2 19.3634
      vertex 92.7338 -15.2 19.3341
    endloop
  endfacet
  facet normal 0 -1 0
    outer loop
      vertex 91.89 -15.2 18.4667
      vertex 92.5244 -15.2 19.3647
      vertex 91.7739 -15.2 18.5554
    endloop
  endfacet
  facet normal 0 -1 0
    outer loop
      vertex 92.0331 -15.2 18.3814
      vertex 92.5244 -15.2 19.3647
      vertex 91.89 -15.2 18.4667
    endloop
  endfacet
  facet normal 0 -1 0
    outer loop
      vertex 92.9076 -15.2 19.4523
      vertex 93.7631 -15.2 18.7597
      vertex 93.8495 -15.2 18.8836
    endloop
  endfacet
  facet normal 0 -1 0
    outer loop
      vertex 92.1858 -15.2 18.3141
      vertex 92.5244 -15.2 19.3647
      vertex 92.0331 -15.2 18.3814
    endloop
  endfacet
  facet normal 0 -1 0
    outer loop
      vertex 92.8714 -15.2 19.4083
      vertex 93.6654 -15.2 18.6472
      vertex 93.7631 -15.2 18.7597
    endloop
  endfacet
  facet normal 0 -1 -0
    outer loop
      vertex 92.5244 -15.2 19.3647
      vertex 92.1858 -15.2 18.3141
      vertex 92.5834 -15.2 19.3394
    endloop
  endfacet
  facet normal 0 -1 0
    outer loop
      vertex 92.8714 -15.2 19.4083
      vertex 93.5411 -15.2 18.5335
      vertex 93.6654 -15.2 18.6472
    endloop
  endfacet
  facet normal 0 -1 0
    outer loop
      vertex 92.3261 -15.2 18.2706
      vertex 92.5834 -15.2 19.3394
      vertex 92.1858 -15.2 18.3141
    endloop
  endfacet
  facet normal 0 -1 0
    outer loop
      vertex 92.8118 -15.2 19.3634
      vertex 93.4051 -15.2 18.4365
      vertex 93.5411 -15.2 18.5335
    endloop
  endfacet
  facet normal 0 -1 0
    outer loop
      vertex 92.4925 -15.2 18.2391
      vertex 92.5834 -15.2 19.3394
      vertex 92.3261 -15.2 18.2706
    endloop
  endfacet
  facet normal 0 -1 0
    outer loop
      vertex 92.8118 -15.2 19.3634
      vertex 93.2586 -15.2 18.3569
      vertex 93.4051 -15.2 18.4365
    endloop
  endfacet
  facet normal 0 -1 -0
    outer loop
      vertex 92.5834 -15.2 19.3394
      vertex 92.4925 -15.2 18.2391
      vertex 92.6622 -15.2 19.3268
    endloop
  endfacet
  facet normal 0 -1 0
    outer loop
      vertex 92.8118 -15.2 19.3634
      vertex 93.1032 -15.2 18.2957
      vertex 93.2586 -15.2 18.3569
    endloop
  endfacet
  facet normal 0 -1 0
    outer loop
      vertex 92.6425 -15.2 18.228
      vertex 92.6622 -15.2 19.3268
      vertex 92.4925 -15.2 18.2391
    endloop
  endfacet
  facet normal 0 -1 0
    outer loop
      vertex 92.7338 -15.2 19.3341
      vertex 92.9611 -15.2 18.2577
      vertex 93.1032 -15.2 18.2957
    endloop
  endfacet
  facet normal -0 -1 0
    outer loop
      vertex 92.793 -15.2 18.233
      vertex 92.6622 -15.2 19.3268
      vertex 92.6425 -15.2 18.228
    endloop
  endfacet
  facet normal 0 -1 0
    outer loop
      vertex 92.7338 -15.2 19.3341
      vertex 92.793 -15.2 18.233
      vertex 92.9611 -15.2 18.2577
    endloop
  endfacet
  facet normal 0 -1 0
    outer loop
      vertex 92.6622 -15.2 19.3268
      vertex 92.793 -15.2 18.233
      vertex 92.7338 -15.2 19.3341
    endloop
  endfacet
  facet normal -0.774661 0 -0.632376
    outer loop
      vertex 100.227 -16 23.184
      vertex 100.119 -15.2 23.3163
      vertex 100.227 -15.2 23.184
    endloop
  endfacet
  facet normal -0.774661 -0 -0.632376
    outer loop
      vertex 100.119 -15.2 23.3163
      vertex 100.227 -16 23.184
      vertex 100.119 -16 23.3163
    endloop
  endfacet
  facet normal -0.703551 0 -0.710645
    outer loop
      vertex 99.9988 -16 23.4353
      vertex 100.119 -15.2 23.3163
      vertex 100.119 -16 23.3163
    endloop
  endfacet
  facet normal -0.703551 0 -0.710645
    outer loop
      vertex 100.119 -15.2 23.3163
      vertex 99.9988 -16 23.4353
      vertex 99.9988 -15.2 23.4353
    endloop
  endfacet
  facet normal -0.609682 0 -0.792646
    outer loop
      vertex 99.8658 -16 23.5376
      vertex 99.9988 -15.2 23.4353
      vertex 99.9988 -16 23.4353
    endloop
  endfacet
  facet normal -0.609682 0 -0.792646
    outer loop
      vertex 99.9988 -15.2 23.4353
      vertex 99.8658 -16 23.5376
      vertex 99.8658 -15.2 23.5376
    endloop
  endfacet
  facet normal -0.5077 0 -0.861534
    outer loop
      vertex 99.7219 -16 23.6224
      vertex 99.8658 -15.2 23.5376
      vertex 99.8658 -16 23.5376
    endloop
  endfacet
  facet normal -0.5077 0 -0.861534
    outer loop
      vertex 99.8658 -15.2 23.5376
      vertex 99.7219 -16 23.6224
      vertex 99.7219 -15.2 23.6224
    endloop
  endfacet
  facet normal -0.398967 0 -0.916965
    outer loop
      vertex 99.5686 -16 23.6891
      vertex 99.7219 -15.2 23.6224
      vertex 99.7219 -16 23.6224
    endloop
  endfacet
  facet normal -0.398967 0 -0.916965
    outer loop
      vertex 99.7219 -15.2 23.6224
      vertex 99.5686 -16 23.6891
      vertex 99.5686 -15.2 23.6891
    endloop
  endfacet
  facet normal -0.283197 0 -0.959062
    outer loop
      vertex 99.4074 -16 23.7367
      vertex 99.5686 -15.2 23.6891
      vertex 99.5686 -16 23.6891
    endloop
  endfacet
  facet normal -0.283197 0 -0.959062
    outer loop
      vertex 99.5686 -15.2 23.6891
      vertex 99.4074 -16 23.7367
      vertex 99.4074 -15.2 23.7367
    endloop
  endfacet
  facet normal -0.164303 0 -0.98641
    outer loop
      vertex 99.2399 -16 23.7646
      vertex 99.4074 -15.2 23.7367
      vertex 99.4074 -16 23.7367
    endloop
  endfacet
  facet normal -0.164303 0 -0.98641
    outer loop
      vertex 99.4074 -15.2 23.7367
      vertex 99.2399 -16 23.7646
      vertex 99.2399 -15.2 23.7646
    endloop
  endfacet
  facet normal -0.050501 0 -0.998724
    outer loop
      vertex 99.0896 -16 23.7722
      vertex 99.2399 -15.2 23.7646
      vertex 99.2399 -16 23.7646
    endloop
  endfacet
  facet normal -0.050501 0 -0.998724
    outer loop
      vertex 99.2399 -15.2 23.7646
      vertex 99.0896 -16 23.7722
      vertex 99.0896 -15.2 23.7722
    endloop
  endfacet
  facet normal 0.0114516 0 -0.999934
    outer loop
      vertex 98.8975 -16 23.77
      vertex 99.0896 -15.2 23.7722
      vertex 99.0896 -16 23.7722
    endloop
  endfacet
  facet normal 0.0114516 0 -0.999934
    outer loop
      vertex 99.0896 -15.2 23.7722
      vertex 98.8975 -16 23.77
      vertex 98.8975 -15.2 23.77
    endloop
  endfacet
  facet normal 0.117045 0 -0.993127
    outer loop
      vertex 98.7278 -16 23.75
      vertex 98.8975 -15.2 23.77
      vertex 98.8975 -16 23.77
    endloop
  endfacet
  facet normal 0.117045 0 -0.993127
    outer loop
      vertex 98.8975 -15.2 23.77
      vertex 98.7278 -16 23.75
      vertex 98.7278 -15.2 23.75
    endloop
  endfacet
  facet normal 0.237093 0 -0.971487
    outer loop
      vertex 98.5639 -16 23.71
      vertex 98.7278 -15.2 23.75
      vertex 98.7278 -16 23.75
    endloop
  endfacet
  facet normal 0.237093 0 -0.971487
    outer loop
      vertex 98.7278 -15.2 23.75
      vertex 98.5639 -16 23.71
      vertex 98.5639 -15.2 23.71
    endloop
  endfacet
  facet normal 0.361188 0 -0.932493
    outer loop
      vertex 98.3886 -16 23.6421
      vertex 98.5639 -15.2 23.71
      vertex 98.5639 -16 23.71
    endloop
  endfacet
  facet normal 0.361188 0 -0.932493
    outer loop
      vertex 98.5639 -15.2 23.71
      vertex 98.3886 -16 23.6421
      vertex 98.3886 -15.2 23.6421
    endloop
  endfacet
  facet normal 0.479062 0 -0.877781
    outer loop
      vertex 98.2422 -16 23.5622
      vertex 98.3886 -15.2 23.6421
      vertex 98.3886 -16 23.6421
    endloop
  endfacet
  facet normal 0.479062 0 -0.877781
    outer loop
      vertex 98.3886 -15.2 23.6421
      vertex 98.2422 -16 23.5622
      vertex 98.2422 -15.2 23.5622
    endloop
  endfacet
  facet normal 0.583045 0 -0.81244
    outer loop
      vertex 98.1062 -16 23.4646
      vertex 98.2422 -15.2 23.5622
      vertex 98.2422 -16 23.5622
    endloop
  endfacet
  facet normal 0.583045 0 -0.81244
    outer loop
      vertex 98.2422 -15.2 23.5622
      vertex 98.1062 -16 23.4646
      vertex 98.1062 -15.2 23.4646
    endloop
  endfacet
  facet normal 0.676877 0 -0.736096
    outer loop
      vertex 97.9819 -16 23.3503
      vertex 98.1062 -15.2 23.4646
      vertex 98.1062 -16 23.4646
    endloop
  endfacet
  facet normal 0.676877 0 -0.736096
    outer loop
      vertex 98.1062 -15.2 23.4646
      vertex 97.9819 -16 23.3503
      vertex 97.9819 -15.2 23.3503
    endloop
  endfacet
  facet normal 0.761927 0 -0.647663
    outer loop
      vertex 97.9819 -16 23.3503
      vertex 97.8572 -15.2 23.2036
      vertex 97.9819 -15.2 23.3503
    endloop
  endfacet
  facet normal 0.761927 0 -0.647663
    outer loop
      vertex 97.8572 -15.2 23.2036
      vertex 97.9819 -16 23.3503
      vertex 97.8572 -16 23.2036
    endloop
  endfacet
  facet normal 0.8475 0 -0.530795
    outer loop
      vertex 97.8572 -16 23.2036
      vertex 94.8069 -15.2 18.3333
      vertex 97.8572 -15.2 23.2036
    endloop
  endfacet
  facet normal 0.8475 0 -0.530795
    outer loop
      vertex 94.8069 -15.2 18.3333
      vertex 97.8572 -16 23.2036
      vertex 94.8069 -16 18.3333
    endloop
  endfacet
  facet normal 0.997857 0 -0.0654332
    outer loop
      vertex 94.8069 -16 18.3333
      vertex 94.8061 -15.2 18.3211
      vertex 94.8069 -15.2 18.3333
    endloop
  endfacet
  facet normal 0.997857 0 -0.0654332
    outer loop
      vertex 94.8061 -15.2 18.3211
      vertex 94.8069 -16 18.3333
      vertex 94.8061 -16 18.3211
    endloop
  endfacet
  facet normal -0.0010141 0 0.999999
    outer loop
      vertex 94.8061 -15.2 18.3211
      vertex 99.9338 -16 18.3263
      vertex 99.9338 -15.2 18.3263
    endloop
  endfacet
  facet normal -0.0010141 0 0.999999
    outer loop
      vertex 99.9338 -16 18.3263
      vertex 94.8061 -15.2 18.3211
      vertex 94.8061 -16 18.3211
    endloop
  endfacet
  facet normal -0.970805 0 -0.239872
    outer loop
      vertex 99.9338 -16 18.3263
      vertex 98.6135 -15.2 23.6698
      vertex 99.9338 -15.2 18.3263
    endloop
  endfacet
  facet normal -0.970805 -0 -0.239872
    outer loop
      vertex 98.6135 -15.2 23.6698
      vertex 99.9338 -16 18.3263
      vertex 98.6135 -16 23.6698
    endloop
  endfacet
  facet normal 0.848854 -0 0.528628
    outer loop
      vertex 98.6135 -16 23.6698
      vertex 101.942 -15.2 18.325
      vertex 98.6135 -15.2 23.6698
    endloop
  endfacet
  facet normal 0.848854 0 0.528628
    outer loop
      vertex 101.942 -15.2 18.325
      vertex 98.6135 -16 23.6698
      vertex 101.942 -16 18.325
    endloop
  endfacet
  facet normal 0.00298164 0 0.999996
    outer loop
      vertex 101.942 -15.2 18.325
      vertex 103.25 -16 18.3211
      vertex 103.25 -15.2 18.3211
    endloop
  endfacet
  facet normal 0.00298164 0 0.999996
    outer loop
      vertex 103.25 -16 18.3211
      vertex 101.942 -15.2 18.325
      vertex 101.942 -16 18.325
    endloop
  endfacet
  facet normal -0.849276 0 -0.527949
    outer loop
      vertex 103.25 -16 18.3211
      vertex 100.227 -15.2 23.184
      vertex 103.25 -15.2 18.3211
    endloop
  endfacet
  facet normal -0.849276 -0 -0.527949
    outer loop
      vertex 100.227 -15.2 23.184
      vertex 103.25 -16 18.3211
      vertex 100.227 -16 23.184
    endloop
  endfacet
  facet normal -1 0 0
    outer loop
      vertex 88.1823 -16 18.3398
      vertex 88.1823 -15.2 19.4172
      vertex 88.1823 -15.2 18.3398
    endloop
  endfacet
  facet normal -1 -0 0
    outer loop
      vertex 88.1823 -15.2 19.4172
      vertex 88.1823 -16 18.3398
      vertex 88.1823 -16 19.4172
    endloop
  endfacet
  facet normal -0.98929 0 -0.145961
    outer loop
      vertex 88.1823 -16 19.4172
      vertex 88.1796 -15.2 19.4355
      vertex 88.1823 -15.2 19.4172
    endloop
  endfacet
  facet normal -0.98929 -0 -0.145961
    outer loop
      vertex 88.1796 -15.2 19.4355
      vertex 88.1823 -16 19.4172
      vertex 88.1796 -16 19.4355
    endloop
  endfacet
  facet normal 0 0 -1
    outer loop
      vertex 84.2922 -16 19.4355
      vertex 88.1796 -15.2 19.4355
      vertex 88.1796 -16 19.4355
    endloop
  endfacet
  facet normal -0 0 -1
    outer loop
      vertex 88.1796 -15.2 19.4355
      vertex 84.2922 -16 19.4355
      vertex 84.2922 -15.2 19.4355
    endloop
  endfacet
  facet normal -0.0890488 0 -0.996027
    outer loop
      vertex 84.1412 -16 19.449
      vertex 84.2922 -15.2 19.4355
      vertex 84.2922 -16 19.4355
    endloop
  endfacet
  facet normal -0.0890488 0 -0.996027
    outer loop
      vertex 84.2922 -15.2 19.4355
      vertex 84.1412 -16 19.449
      vertex 84.1412 -15.2 19.449
    endloop
  endfacet
  facet normal -0.260943 0 -0.965354
    outer loop
      vertex 83.9984 -16 19.4876
      vertex 84.1412 -15.2 19.449
      vertex 84.1412 -16 19.449
    endloop
  endfacet
  facet normal -0.260943 0 -0.965354
    outer loop
      vertex 84.1412 -15.2 19.449
      vertex 83.9984 -16 19.4876
      vertex 83.9984 -15.2 19.4876
    endloop
  endfacet
  facet normal -0.420447 0 -0.907317
    outer loop
      vertex 83.8659 -16 19.549
      vertex 83.9984 -15.2 19.4876
      vertex 83.9984 -16 19.4876
    endloop
  endfacet
  facet normal -0.420447 0 -0.907317
    outer loop
      vertex 83.9984 -15.2 19.4876
      vertex 83.8659 -16 19.549
      vertex 83.8659 -15.2 19.549
    endloop
  endfacet
  facet normal -0.56135 0 -0.827578
    outer loop
      vertex 83.7456 -16 19.6306
      vertex 83.8659 -15.2 19.549
      vertex 83.8659 -16 19.549
    endloop
  endfacet
  facet normal -0.56135 0 -0.827578
    outer loop
      vertex 83.8659 -15.2 19.549
      vertex 83.7456 -16 19.6306
      vertex 83.7456 -15.2 19.6306
    endloop
  endfacet
  facet normal -0.684421 0 -0.729087
    outer loop
      vertex 83.6395 -16 19.7302
      vertex 83.7456 -15.2 19.6306
      vertex 83.7456 -16 19.6306
    endloop
  endfacet
  facet normal -0.684421 0 -0.729087
    outer loop
      vertex 83.7456 -15.2 19.6306
      vertex 83.6395 -16 19.7302
      vertex 83.6395 -15.2 19.7302
    endloop
  endfacet
  facet normal -0.78817 0 -0.615458
    outer loop
      vertex 83.6395 -16 19.7302
      vertex 83.5497 -15.2 19.8452
      vertex 83.6395 -15.2 19.7302
    endloop
  endfacet
  facet normal -0.78817 -0 -0.615458
    outer loop
      vertex 83.5497 -15.2 19.8452
      vertex 83.6395 -16 19.7302
      vertex 83.5497 -16 19.8452
    endloop
  endfacet
  facet normal -0.873029 0 -0.487668
    outer loop
      vertex 83.5497 -16 19.8452
      vertex 83.4782 -15.2 19.9732
      vertex 83.5497 -15.2 19.8452
    endloop
  endfacet
  facet normal -0.873029 -0 -0.487668
    outer loop
      vertex 83.4782 -15.2 19.9732
      vertex 83.5497 -16 19.8452
      vertex 83.4782 -16 19.9732
    endloop
  endfacet
  facet normal -0.938343 0 -0.345705
    outer loop
      vertex 83.4782 -16 19.9732
      vertex 83.4271 -15.2 20.1119
      vertex 83.4782 -15.2 19.9732
    endloop
  endfacet
  facet normal -0.938343 -0 -0.345705
    outer loop
      vertex 83.4271 -15.2 20.1119
      vertex 83.4782 -16 19.9732
      vertex 83.4271 -16 20.1119
    endloop
  endfacet
  facet normal -0.981319 0 -0.192389
    outer loop
      vertex 83.4271 -16 20.1119
      vertex 83.3983 -15.2 20.2588
      vertex 83.4271 -15.2 20.1119
    endloop
  endfacet
  facet normal -0.981319 -0 -0.192389
    outer loop
      vertex 83.3983 -15.2 20.2588
      vertex 83.4271 -16 20.1119
      vertex 83.3983 -16 20.2588
    endloop
  endfacet
  facet normal -0.999674 0 -0.0255465
    outer loop
      vertex 83.3983 -16 20.2588
      vertex 83.3945 -15.2 20.4075
      vertex 83.3983 -15.2 20.2588
    endloop
  endfacet
  facet normal -0.999674 -0 -0.0255465
    outer loop
      vertex 83.3945 -15.2 20.4075
      vertex 83.3983 -16 20.2588
      vertex 83.3945 -16 20.4075
    endloop
  endfacet
  facet normal -0.00056208 0 1
    outer loop
      vertex 83.3945 -15.2 20.4075
      vertex 86.7748 -16 20.4094
      vertex 86.7748 -15.2 20.4094
    endloop
  endfacet
  facet normal -0.00056208 0 1
    outer loop
      vertex 86.7748 -16 20.4094
      vertex 83.3945 -15.2 20.4075
      vertex 83.3945 -16 20.4075
    endloop
  endfacet
  facet normal -0.050183 0 0.99874
    outer loop
      vertex 86.7748 -15.2 20.4094
      vertex 86.9778 -16 20.4196
      vertex 86.9778 -15.2 20.4196
    endloop
  endfacet
  facet normal -0.050183 0 0.99874
    outer loop
      vertex 86.9778 -16 20.4196
      vertex 86.7748 -15.2 20.4094
      vertex 86.7748 -16 20.4094
    endloop
  endfacet
  facet normal -0.165671 0 0.986181
    outer loop
      vertex 86.9778 -15.2 20.4196
      vertex 87.1915 -16 20.4555
      vertex 87.1915 -15.2 20.4555
    endloop
  endfacet
  facet normal -0.165671 0 0.986181
    outer loop
      vertex 87.1915 -16 20.4555
      vertex 86.9778 -15.2 20.4196
      vertex 86.9778 -16 20.4196
    endloop
  endfacet
  facet normal -0.289131 0 0.95729
    outer loop
      vertex 87.1915 -15.2 20.4555
      vertex 87.3885 -16 20.515
      vertex 87.3885 -15.2 20.515
    endloop
  endfacet
  facet normal -0.289131 0 0.95729
    outer loop
      vertex 87.3885 -16 20.515
      vertex 87.1915 -15.2 20.4555
      vertex 87.1915 -16 20.4555
    endloop
  endfacet
  facet normal -0.417174 0 0.908827
    outer loop
      vertex 87.3885 -15.2 20.515
      vertex 87.5874 -16 20.6063
      vertex 87.5874 -15.2 20.6063
    endloop
  endfacet
  facet normal -0.417174 0 0.908827
    outer loop
      vertex 87.5874 -16 20.6063
      vertex 87.3885 -15.2 20.515
      vertex 87.3885 -16 20.515
    endloop
  endfacet
  facet normal -0.542095 0 0.840317
    outer loop
      vertex 87.5874 -15.2 20.6063
      vertex 87.7652 -16 20.721
      vertex 87.7652 -15.2 20.721
    endloop
  endfacet
  facet normal -0.542095 0 0.840317
    outer loop
      vertex 87.7652 -16 20.721
      vertex 87.5874 -15.2 20.6063
      vertex 87.5874 -16 20.6063
    endloop
  endfacet
  facet normal -0.654414 0 0.756136
    outer loop
      vertex 87.7652 -15.2 20.721
      vertex 87.9213 -16 20.8561
      vertex 87.9213 -15.2 20.8561
    endloop
  endfacet
  facet normal -0.654414 0 0.756136
    outer loop
      vertex 87.9213 -16 20.8561
      vertex 87.7652 -15.2 20.721
      vertex 87.7652 -16 20.721
    endloop
  endfacet
  facet normal -0.750469 0 0.660905
    outer loop
      vertex 87.9213 -16 20.8561
      vertex 88.0556 -15.2 21.0086
      vertex 87.9213 -15.2 20.8561
    endloop
  endfacet
  facet normal -0.750469 0 0.660905
    outer loop
      vertex 88.0556 -15.2 21.0086
      vertex 87.9213 -16 20.8561
      vertex 88.0556 -16 21.0086
    endloop
  endfacet
  facet normal -0.829747 0 0.558139
    outer loop
      vertex 88.0556 -16 21.0086
      vertex 88.1678 -15.2 21.1754
      vertex 88.0556 -15.2 21.0086
    endloop
  endfacet
  facet normal -0.829747 0 0.558139
    outer loop
      vertex 88.1678 -15.2 21.1754
      vertex 88.0556 -16 21.0086
      vertex 88.1678 -16 21.1754
    endloop
  endfacet
  facet normal -0.89312 0 0.449819
    outer loop
      vertex 88.1678 -16 21.1754
      vertex 88.2575 -15.2 21.3535
      vertex 88.1678 -15.2 21.1754
    endloop
  endfacet
  facet normal -0.89312 0 0.449819
    outer loop
      vertex 88.2575 -15.2 21.3535
      vertex 88.1678 -16 21.1754
      vertex 88.2575 -16 21.3535
    endloop
  endfacet
  facet normal -0.941055 0 0.338255
    outer loop
      vertex 88.2575 -16 21.3535
      vertex 88.3245 -15.2 21.5399
      vertex 88.2575 -15.2 21.3535
    endloop
  endfacet
  facet normal -0.941055 0 0.338255
    outer loop
      vertex 88.3245 -15.2 21.5399
      vertex 88.2575 -16 21.3535
      vertex 88.3245 -16 21.5399
    endloop
  endfacet
  facet normal -0.974716 0 0.223447
    outer loop
      vertex 88.3245 -16 21.5399
      vertex 88.3684 -15.2 21.7314
      vertex 88.3245 -15.2 21.5399
    endloop
  endfacet
  facet normal -0.974716 0 0.223447
    outer loop
      vertex 88.3684 -15.2 21.7314
      vertex 88.3245 -16 21.5399
      vertex 88.3684 -16 21.7314
    endloop
  endfacet
  facet normal -0.993744 0 0.111682
    outer loop
      vertex 88.3684 -16 21.7314
      vertex 88.388 -15.2 21.9058
      vertex 88.3684 -15.2 21.7314
    endloop
  endfacet
  facet normal -0.993744 0 0.111682
    outer loop
      vertex 88.388 -15.2 21.9058
      vertex 88.3684 -16 21.7314
      vertex 88.388 -16 21.9058
    endloop
  endfacet
  facet normal -0.999824 0 0.0187828
    outer loop
      vertex 88.388 -16 21.9058
      vertex 88.3932 -15.2 22.1826
      vertex 88.388 -15.2 21.9058
    endloop
  endfacet
  facet normal -0.999824 0 0.0187828
    outer loop
      vertex 88.3932 -15.2 22.1826
      vertex 88.388 -16 21.9058
      vertex 88.3932 -16 22.1826
    endloop
  endfacet
  facet normal -0.993663 0 -0.112403
    outer loop
      vertex 88.3932 -16 22.1826
      vertex 88.3713 -15.2 22.3762
      vertex 88.3932 -15.2 22.1826
    endloop
  endfacet
  facet normal -0.993663 -0 -0.112403
    outer loop
      vertex 88.3713 -15.2 22.3762
      vertex 88.3932 -16 22.1826
      vertex 88.3713 -16 22.3762
    endloop
  endfacet
  facet normal -0.97323 0 -0.229833
    outer loop
      vertex 88.3713 -16 22.3762
      vertex 88.3261 -15.2 22.5676
      vertex 88.3713 -15.2 22.3762
    endloop
  endfacet
  facet normal -0.97323 -0 -0.229833
    outer loop
      vertex 88.3261 -15.2 22.5676
      vertex 88.3713 -16 22.3762
      vertex 88.3261 -16 22.5676
    endloop
  endfacet
  facet normal -0.938876 0 -0.344255
    outer loop
      vertex 88.3261 -16 22.5676
      vertex 88.2579 -15.2 22.7536
      vertex 88.3261 -15.2 22.5676
    endloop
  endfacet
  facet normal -0.938876 -0 -0.344255
    outer loop
      vertex 88.2579 -15.2 22.7536
      vertex 88.3261 -16 22.5676
      vertex 88.2579 -16 22.7536
    endloop
  endfacet
  facet normal -0.890177 0 -0.455614
    outer loop
      vertex 88.2579 -16 22.7536
      vertex 88.167 -15.2 22.9312
      vertex 88.2579 -15.2 22.7536
    endloop
  endfacet
  facet normal -0.890177 -0 -0.455614
    outer loop
      vertex 88.167 -15.2 22.9312
      vertex 88.2579 -16 22.7536
      vertex 88.167 -16 22.9312
    endloop
  endfacet
  facet normal -0.826112 0 -0.563507
    outer loop
      vertex 88.167 -16 22.9312
      vertex 88.0537 -15.2 23.0973
      vertex 88.167 -15.2 22.9312
    endloop
  endfacet
  facet normal -0.826112 -0 -0.563507
    outer loop
      vertex 88.0537 -15.2 23.0973
      vertex 88.167 -16 22.9312
      vertex 88.0537 -16 23.0973
    endloop
  endfacet
  facet normal -0.749997 0 -0.661441
    outer loop
      vertex 88.0537 -16 23.0973
      vertex 87.9327 -15.2 23.2345
      vertex 88.0537 -15.2 23.0973
    endloop
  endfacet
  facet normal -0.749997 -0 -0.661441
    outer loop
      vertex 87.9327 -15.2 23.2345
      vertex 88.0537 -16 23.0973
      vertex 87.9327 -16 23.2345
    endloop
  endfacet
  facet normal -0.664665 0 -0.747142
    outer loop
      vertex 87.7941 -16 23.3578
      vertex 87.9327 -15.2 23.2345
      vertex 87.9327 -16 23.2345
    endloop
  endfacet
  facet normal -0.664665 0 -0.747142
    outer loop
      vertex 87.9327 -15.2 23.2345
      vertex 87.7941 -16 23.3578
      vertex 87.7941 -15.2 23.3578
    endloop
  endfacet
  facet normal -0.565744 0 -0.824581
    outer loop
      vertex 87.638 -16 23.4649
      vertex 87.7941 -15.2 23.3578
      vertex 87.7941 -16 23.3578
    endloop
  endfacet
  facet normal -0.565744 0 -0.824581
    outer loop
      vertex 87.7941 -15.2 23.3578
      vertex 87.638 -16 23.4649
      vertex 87.638 -15.2 23.4649
    endloop
  endfacet
  facet normal -0.455201 0 -0.890388
    outer loop
      vertex 87.4645 -16 23.5536
      vertex 87.638 -15.2 23.4649
      vertex 87.638 -16 23.4649
    endloop
  endfacet
  facet normal -0.455201 0 -0.890388
    outer loop
      vertex 87.638 -15.2 23.4649
      vertex 87.4645 -16 23.5536
      vertex 87.4645 -15.2 23.5536
    endloop
  endfacet
  facet normal -0.343534 0 -0.93914
    outer loop
      vertex 87.2961 -16 23.6152
      vertex 87.4645 -15.2 23.5536
      vertex 87.4645 -16 23.5536
    endloop
  endfacet
  facet normal -0.343534 0 -0.93914
    outer loop
      vertex 87.4645 -15.2 23.5536
      vertex 87.2961 -16 23.6152
      vertex 87.2961 -15.2 23.6152
    endloop
  endfacet
  facet normal -0.2269 0 -0.973918
    outer loop
      vertex 87.0905 -16 23.6631
      vertex 87.2961 -15.2 23.6152
      vertex 87.2961 -16 23.6152
    endloop
  endfacet
  facet normal -0.2269 0 -0.973918
    outer loop
      vertex 87.2961 -15.2 23.6152
      vertex 87.0905 -16 23.6631
      vertex 87.0905 -15.2 23.6631
    endloop
  endfacet
  facet normal -0.110265 0 -0.993902
    outer loop
      vertex 86.894 -16 23.6849
      vertex 87.0905 -15.2 23.6631
      vertex 87.0905 -16 23.6631
    endloop
  endfacet
  facet normal -0.110265 0 -0.993902
    outer loop
      vertex 87.0905 -15.2 23.6631
      vertex 86.894 -16 23.6849
      vertex 86.894 -15.2 23.6849
    endloop
  endfacet
  facet normal -0.00114517 0 -0.999999
    outer loop
      vertex 84.2743 -16 23.6879
      vertex 86.894 -15.2 23.6849
      vertex 86.894 -16 23.6849
    endloop
  endfacet
  facet normal -0.00114517 0 -0.999999
    outer loop
      vertex 86.894 -15.2 23.6849
      vertex 84.2743 -16 23.6879
      vertex 84.2743 -15.2 23.6879
    endloop
  endfacet
  facet normal 0.0791163 0 -0.996865
    outer loop
      vertex 83.9908 -16 23.6654
      vertex 84.2743 -15.2 23.6879
      vertex 84.2743 -16 23.6879
    endloop
  endfacet
  facet normal 0.0791163 0 -0.996865
    outer loop
      vertex 84.2743 -15.2 23.6879
      vertex 83.9908 -16 23.6654
      vertex 83.9908 -15.2 23.6654
    endloop
  endfacet
  facet normal 0.202575 0 -0.979267
    outer loop
      vertex 83.781 -16 23.622
      vertex 83.9908 -15.2 23.6654
      vertex 83.9908 -16 23.6654
    endloop
  endfacet
  facet normal 0.202575 0 -0.979267
    outer loop
      vertex 83.9908 -15.2 23.6654
      vertex 83.781 -16 23.622
      vertex 83.781 -15.2 23.622
    endloop
  endfacet
  facet normal 0.310672 0 -0.950517
    outer loop
      vertex 83.5601 -16 23.5498
      vertex 83.781 -15.2 23.622
      vertex 83.781 -16 23.622
    endloop
  endfacet
  facet normal 0.310672 0 -0.950517
    outer loop
      vertex 83.781 -15.2 23.622
      vertex 83.5601 -16 23.5498
      vertex 83.5601 -15.2 23.5498
    endloop
  endfacet
  facet normal 0.413443 0 -0.91053
    outer loop
      vertex 83.3696 -16 23.4633
      vertex 83.5601 -15.2 23.5498
      vertex 83.5601 -16 23.5498
    endloop
  endfacet
  facet normal 0.413443 0 -0.91053
    outer loop
      vertex 83.5601 -15.2 23.5498
      vertex 83.3696 -16 23.4633
      vertex 83.3696 -15.2 23.4633
    endloop
  endfacet
  facet normal 0.510438 0 -0.859915
    outer loop
      vertex 83.173 -16 23.3466
      vertex 83.3696 -15.2 23.4633
      vertex 83.3696 -16 23.4633
    endloop
  endfacet
  facet normal 0.510438 0 -0.859915
    outer loop
      vertex 83.3696 -15.2 23.4633
      vertex 83.173 -16 23.3466
      vertex 83.173 -15.2 23.3466
    endloop
  endfacet
  facet normal 0.604069 0 -0.796932
    outer loop
      vertex 82.9916 -16 23.2091
      vertex 83.173 -15.2 23.3466
      vertex 83.173 -16 23.3466
    endloop
  endfacet
  facet normal 0.604069 0 -0.796932
    outer loop
      vertex 83.173 -15.2 23.3466
      vertex 82.9916 -16 23.2091
      vertex 82.9916 -15.2 23.2091
    endloop
  endfacet
  facet normal 0.689512 0 -0.724274
    outer loop
      vertex 82.827 -16 23.0524
      vertex 82.9916 -15.2 23.2091
      vertex 82.9916 -16 23.2091
    endloop
  endfacet
  facet normal 0.689512 0 -0.724274
    outer loop
      vertex 82.9916 -15.2 23.2091
      vertex 82.827 -16 23.0524
      vertex 82.827 -15.2 23.0524
    endloop
  endfacet
  facet normal 0.765982 0 -0.642862
    outer loop
      vertex 82.827 -16 23.0524
      vertex 82.6808 -15.2 22.8782
      vertex 82.827 -15.2 23.0524
    endloop
  endfacet
  facet normal 0.765982 0 -0.642862
    outer loop
      vertex 82.6808 -15.2 22.8782
      vertex 82.827 -16 23.0524
      vertex 82.6808 -16 22.8782
    endloop
  endfacet
  facet normal 0.830489 0 -0.557035
    outer loop
      vertex 82.6808 -16 22.8782
      vertex 82.5653 -15.2 22.706
      vertex 82.6808 -15.2 22.8782
    endloop
  endfacet
  facet normal 0.830489 0 -0.557035
    outer loop
      vertex 82.5653 -15.2 22.706
      vertex 82.6808 -16 22.8782
      vertex 82.5653 -16 22.706
    endloop
  endfacet
  facet normal 0.886071 0 -0.46355
    outer loop
      vertex 82.5653 -16 22.706
      vertex 82.4591 -15.2 22.503
      vertex 82.5653 -15.2 22.706
    endloop
  endfacet
  facet normal 0.886071 0 -0.46355
    outer loop
      vertex 82.4591 -15.2 22.503
      vertex 82.5653 -16 22.706
      vertex 82.4591 -16 22.503
    endloop
  endfacet
  facet normal 0.931306 0 -0.364238
    outer loop
      vertex 82.4591 -16 22.503
      vertex 82.3826 -15.2 22.3074
      vertex 82.4591 -15.2 22.503
    endloop
  endfacet
  facet normal 0.931306 0 -0.364238
    outer loop
      vertex 82.3826 -15.2 22.3074
      vertex 82.4591 -16 22.503
      vertex 82.3826 -16 22.3074
    endloop
  endfacet
  facet normal 0.966064 0 -0.258301
    outer loop
      vertex 82.3826 -16 22.3074
      vertex 82.3222 -15.2 22.0815
      vertex 82.3826 -15.2 22.3074
    endloop
  endfacet
  facet normal 0.966064 0 -0.258301
    outer loop
      vertex 82.3222 -15.2 22.0815
      vertex 82.3826 -16 22.3074
      vertex 82.3222 -16 22.0815
    endloop
  endfacet
  facet normal 0.988885 0 -0.14868
    outer loop
      vertex 82.3222 -16 22.0815
      vertex 82.2901 -15.2 21.868
      vertex 82.3222 -15.2 22.0815
    endloop
  endfacet
  facet normal 0.988885 0 -0.14868
    outer loop
      vertex 82.2901 -15.2 21.868
      vertex 82.3222 -16 22.0815
      vertex 82.2901 -16 21.868
    endloop
  endfacet
  facet normal 0.998691 0 -0.0511566
    outer loop
      vertex 82.2901 -16 21.868
      vertex 82.2811 -15.2 21.6923
      vertex 82.2901 -15.2 21.868
    endloop
  endfacet
  facet normal 0.998691 0 -0.0511566
    outer loop
      vertex 82.2811 -15.2 21.6923
      vertex 82.2901 -16 21.868
      vertex 82.2811 -16 21.6923
    endloop
  endfacet
  facet normal 1 -0 7.38498e-05
    outer loop
      vertex 82.2811 -16 21.6923
      vertex 82.2812 -15.2 20.3382
      vertex 82.2811 -15.2 21.6923
    endloop
  endfacet
  facet normal 1 0 7.38498e-05
    outer loop
      vertex 82.2812 -15.2 20.3382
      vertex 82.2811 -16 21.6923
      vertex 82.2812 -16 20.3382
    endloop
  endfacet
  facet normal 0.998741 -0 0.0501651
    outer loop
      vertex 82.2812 -16 20.3382
      vertex 82.2889 -15.2 20.1849
      vertex 82.2812 -15.2 20.3382
    endloop
  endfacet
  facet normal 0.998741 0 0.0501651
    outer loop
      vertex 82.2889 -15.2 20.1849
      vertex 82.2812 -16 20.3382
      vertex 82.2889 -16 20.1849
    endloop
  endfacet
  facet normal 0.991429 -0 0.130649
    outer loop
      vertex 82.2889 -16 20.1849
      vertex 82.3115 -15.2 20.0134
      vertex 82.2889 -15.2 20.1849
    endloop
  endfacet
  facet normal 0.991429 0 0.130649
    outer loop
      vertex 82.3115 -15.2 20.0134
      vertex 82.2889 -16 20.1849
      vertex 82.3115 -16 20.0134
    endloop
  endfacet
  facet normal 0.974517 -0 0.224312
    outer loop
      vertex 82.3115 -16 20.0134
      vertex 82.3594 -15.2 19.8053
      vertex 82.3115 -15.2 20.0134
    endloop
  endfacet
  facet normal 0.974517 0 0.224312
    outer loop
      vertex 82.3594 -15.2 19.8053
      vertex 82.3115 -16 20.0134
      vertex 82.3594 -16 19.8053
    endloop
  endfacet
  facet normal 0.944247 -0 0.329238
    outer loop
      vertex 82.3594 -16 19.8053
      vertex 82.4359 -15.2 19.5859
      vertex 82.3594 -15.2 19.8053
    endloop
  endfacet
  facet normal 0.944247 0 0.329238
    outer loop
      vertex 82.4359 -15.2 19.5859
      vertex 82.3594 -16 19.8053
      vertex 82.4359 -16 19.5859
    endloop
  endfacet
  facet normal 0.903398 -0 0.428804
    outer loop
      vertex 82.4359 -16 19.5859
      vertex 82.5258 -15.2 19.3965
      vertex 82.4359 -15.2 19.5859
    endloop
  endfacet
  facet normal 0.903398 0 0.428804
    outer loop
      vertex 82.5258 -15.2 19.3965
      vertex 82.4359 -16 19.5859
      vertex 82.5258 -16 19.3965
    endloop
  endfacet
  facet normal 0.852137 -0 0.523319
    outer loop
      vertex 82.5258 -16 19.3965
      vertex 82.6458 -15.2 19.2011
      vertex 82.5258 -15.2 19.3965
    endloop
  endfacet
  facet normal 0.852137 0 0.523319
    outer loop
      vertex 82.6458 -15.2 19.2011
      vertex 82.5258 -16 19.3965
      vertex 82.6458 -16 19.2011
    endloop
  endfacet
  facet normal 0.7898 -0 0.613365
    outer loop
      vertex 82.6458 -16 19.2011
      vertex 82.7859 -15.2 19.0207
      vertex 82.6458 -15.2 19.2011
    endloop
  endfacet
  facet normal 0.7898 0 0.613365
    outer loop
      vertex 82.7859 -15.2 19.0207
      vertex 82.6458 -16 19.2011
      vertex 82.7859 -16 19.0207
    endloop
  endfacet
  facet normal 0.716904 -0 0.697172
    outer loop
      vertex 82.7859 -16 19.0207
      vertex 82.9449 -15.2 18.8572
      vertex 82.7859 -15.2 19.0207
    endloop
  endfacet
  facet normal 0.716904 0 0.697172
    outer loop
      vertex 82.9449 -15.2 18.8572
      vertex 82.7859 -16 19.0207
      vertex 82.9449 -16 18.8572
    endloop
  endfacet
  facet normal 0.635815 0 0.771842
    outer loop
      vertex 82.9449 -15.2 18.8572
      vertex 83.1208 -16 18.7123
      vertex 83.1208 -15.2 18.7123
    endloop
  endfacet
  facet normal 0.635815 0 0.771842
    outer loop
      vertex 83.1208 -16 18.7123
      vertex 82.9449 -15.2 18.8572
      vertex 82.9449 -16 18.8572
    endloop
  endfacet
  facet normal 0.550023 0 0.835149
    outer loop
      vertex 83.1208 -15.2 18.7123
      vertex 83.2942 -16 18.5981
      vertex 83.2942 -15.2 18.5981
    endloop
  endfacet
  facet normal 0.550023 0 0.835149
    outer loop
      vertex 83.2942 -16 18.5981
      vertex 83.1208 -15.2 18.7123
      vertex 83.1208 -16 18.7123
    endloop
  endfacet
  facet normal 0.455918 0 0.890022
    outer loop
      vertex 83.2942 -15.2 18.5981
      vertex 83.4982 -16 18.4936
      vertex 83.4982 -15.2 18.4936
    endloop
  endfacet
  facet normal 0.455918 0 0.890022
    outer loop
      vertex 83.4982 -16 18.4936
      vertex 83.2942 -15.2 18.5981
      vertex 83.2942 -16 18.5981
    endloop
  endfacet
  facet normal 0.349795 0 0.936826
    outer loop
      vertex 83.4982 -15.2 18.4936
      vertex 83.7146 -16 18.4128
      vertex 83.7146 -15.2 18.4128
    endloop
  endfacet
  facet normal 0.349795 0 0.936826
    outer loop
      vertex 83.7146 -16 18.4128
      vertex 83.4982 -15.2 18.4936
      vertex 83.4982 -16 18.4936
    endloop
  endfacet
  facet normal 0.237399 0 0.971412
    outer loop
      vertex 83.7146 -15.2 18.4128
      vertex 83.9417 -16 18.3573
      vertex 83.9417 -15.2 18.3573
    endloop
  endfacet
  facet normal 0.237399 0 0.971412
    outer loop
      vertex 83.9417 -16 18.3573
      vertex 83.7146 -15.2 18.4128
      vertex 83.7146 -16 18.4128
    endloop
  endfacet
  facet normal 0.118233 0 0.992986
    outer loop
      vertex 83.9417 -15.2 18.3573
      vertex 84.1777 -16 18.3292
      vertex 84.1777 -15.2 18.3292
    endloop
  endfacet
  facet normal 0.118233 0 0.992986
    outer loop
      vertex 84.1777 -16 18.3292
      vertex 83.9417 -15.2 18.3573
      vertex 83.9417 -16 18.3573
    endloop
  endfacet
  facet normal 0.000850531 0 1
    outer loop
      vertex 84.1777 -15.2 18.3292
      vertex 88.1752 -16 18.3258
      vertex 88.1752 -15.2 18.3258
    endloop
  endfacet
  facet normal 0.000850531 0 1
    outer loop
      vertex 88.1752 -16 18.3258
      vertex 84.1777 -15.2 18.3292
      vertex 84.1777 -16 18.3292
    endloop
  endfacet
  facet normal -0.891864 0 0.452303
    outer loop
      vertex 88.1752 -16 18.3258
      vertex 88.1823 -15.2 18.3398
      vertex 88.1752 -15.2 18.3258
    endloop
  endfacet
  facet normal -0.891864 0 0.452303
    outer loop
      vertex 88.1823 -15.2 18.3398
      vertex 88.1752 -16 18.3258
      vertex 88.1823 -16 18.3398
    endloop
  endfacet
  facet normal -0.999674 0 0.0255433
    outer loop
      vertex 83.3926 -16 21.5247
      vertex 83.3992 -15.2 21.783
      vertex 83.3926 -15.2 21.5247
    endloop
  endfacet
  facet normal -0.999674 0 0.0255433
    outer loop
      vertex 83.3992 -15.2 21.783
      vertex 83.3926 -16 21.5247
      vertex 83.3992 -16 21.783
    endloop
  endfacet
  facet normal -0.978908 0 0.2043
    outer loop
      vertex 83.3992 -16 21.783
      vertex 83.4299 -15.2 21.9301
      vertex 83.3992 -15.2 21.783
    endloop
  endfacet
  facet normal -0.978908 0 0.2043
    outer loop
      vertex 83.4299 -15.2 21.9301
      vertex 83.3992 -16 21.783
      vertex 83.4299 -16 21.9301
    endloop
  endfacet
  facet normal -0.931303 0 0.364246
    outer loop
      vertex 83.4299 -16 21.9301
      vertex 83.4836 -15.2 22.0674
      vertex 83.4299 -15.2 21.9301
    endloop
  endfacet
  facet normal -0.931303 0 0.364246
    outer loop
      vertex 83.4836 -15.2 22.0674
      vertex 83.4299 -16 21.9301
      vertex 83.4836 -16 22.0674
    endloop
  endfacet
  facet normal -0.859723 0 0.510761
    outer loop
      vertex 83.4836 -16 22.0674
      vertex 83.5581 -15.2 22.1928
      vertex 83.4836 -15.2 22.0674
    endloop
  endfacet
  facet normal -0.859723 0 0.510761
    outer loop
      vertex 83.5581 -15.2 22.1928
      vertex 83.4836 -16 22.0674
      vertex 83.5581 -16 22.1928
    endloop
  endfacet
  facet normal -0.759299 0 0.650742
    outer loop
      vertex 83.5581 -16 22.1928
      vertex 83.666 -15.2 22.3187
      vertex 83.5581 -15.2 22.1928
    endloop
  endfacet
  facet normal -0.759299 0 0.650742
    outer loop
      vertex 83.666 -15.2 22.3187
      vertex 83.5581 -16 22.1928
      vertex 83.666 -16 22.3187
    endloop
  endfacet
  facet normal -0.628365 0 0.777919
    outer loop
      vertex 83.666 -15.2 22.3187
      vertex 83.795 -16 22.4229
      vertex 83.795 -15.2 22.4229
    endloop
  endfacet
  facet normal -0.628365 0 0.777919
    outer loop
      vertex 83.795 -16 22.4229
      vertex 83.666 -15.2 22.3187
      vertex 83.666 -16 22.3187
    endloop
  endfacet
  facet normal -0.48541 0 0.874286
    outer loop
      vertex 83.795 -15.2 22.4229
      vertex 83.9227 -16 22.4938
      vertex 83.9227 -15.2 22.4938
    endloop
  endfacet
  facet normal -0.48541 0 0.874286
    outer loop
      vertex 83.9227 -16 22.4938
      vertex 83.795 -15.2 22.4229
      vertex 83.795 -16 22.4229
    endloop
  endfacet
  facet normal -0.336251 0 0.941773
    outer loop
      vertex 83.9227 -15.2 22.4938
      vertex 84.0619 -16 22.5435
      vertex 84.0619 -15.2 22.5435
    endloop
  endfacet
  facet normal -0.336251 0 0.941773
    outer loop
      vertex 84.0619 -16 22.5435
      vertex 83.9227 -15.2 22.4938
      vertex 83.9227 -16 22.4938
    endloop
  endfacet
  facet normal -0.174805 0 0.984603
    outer loop
      vertex 84.0619 -15.2 22.5435
      vertex 84.2106 -16 22.5699
      vertex 84.2106 -15.2 22.5699
    endloop
  endfacet
  facet normal -0.174805 0 0.984603
    outer loop
      vertex 84.2106 -16 22.5699
      vertex 84.0619 -15.2 22.5435
      vertex 84.0619 -16 22.5435
    endloop
  endfacet
  facet normal -0.00144103 0 0.999999
    outer loop
      vertex 84.2106 -15.2 22.5699
      vertex 86.7782 -16 22.5736
      vertex 86.7782 -15.2 22.5736
    endloop
  endfacet
  facet normal -0.00144103 0 0.999999
    outer loop
      vertex 86.7782 -16 22.5736
      vertex 84.2106 -15.2 22.5699
      vertex 84.2106 -16 22.5699
    endloop
  endfacet
  facet normal 0.0683841 0 0.997659
    outer loop
      vertex 86.7782 -15.2 22.5736
      vertex 86.8847 -16 22.5663
      vertex 86.8847 -15.2 22.5663
    endloop
  endfacet
  facet normal 0.0683841 0 0.997659
    outer loop
      vertex 86.8847 -16 22.5663
      vertex 86.7782 -15.2 22.5736
      vertex 86.7782 -16 22.5736
    endloop
  endfacet
  facet normal 0.287408 0 0.957808
    outer loop
      vertex 86.8847 -15.2 22.5663
      vertex 87.03 -16 22.5227
      vertex 87.03 -15.2 22.5227
    endloop
  endfacet
  facet normal 0.287408 0 0.957808
    outer loop
      vertex 87.03 -16 22.5227
      vertex 86.8847 -15.2 22.5663
      vertex 86.8847 -16 22.5663
    endloop
  endfacet
  facet normal 0.517852 0 0.85547
    outer loop
      vertex 87.03 -15.2 22.5227
      vertex 87.0974 -16 22.4819
      vertex 87.0974 -15.2 22.4819
    endloop
  endfacet
  facet normal 0.517852 0 0.85547
    outer loop
      vertex 87.0974 -16 22.4819
      vertex 87.03 -15.2 22.5227
      vertex 87.03 -16 22.5227
    endloop
  endfacet
  facet normal 0.668281 0 0.743909
    outer loop
      vertex 87.0974 -15.2 22.4819
      vertex 87.1515 -16 22.4333
      vertex 87.1515 -15.2 22.4333
    endloop
  endfacet
  facet normal 0.668281 0 0.743909
    outer loop
      vertex 87.1515 -16 22.4333
      vertex 87.0974 -15.2 22.4819
      vertex 87.0974 -16 22.4819
    endloop
  endfacet
  facet normal 0.785556 -0 0.61879
    outer loop
      vertex 87.1515 -16 22.4333
      vertex 87.1938 -15.2 22.3796
      vertex 87.1515 -15.2 22.4333
    endloop
  endfacet
  facet normal 0.785556 0 0.61879
    outer loop
      vertex 87.1938 -15.2 22.3796
      vertex 87.1515 -16 22.4333
      vertex 87.1938 -16 22.3796
    endloop
  endfacet
  facet normal 0.878924 -0 0.476963
    outer loop
      vertex 87.1938 -16 22.3796
      vertex 87.2345 -15.2 22.3046
      vertex 87.1938 -15.2 22.3796
    endloop
  endfacet
  facet normal 0.878924 0 0.476963
    outer loop
      vertex 87.2345 -15.2 22.3046
      vertex 87.1938 -16 22.3796
      vertex 87.2345 -16 22.3046
    endloop
  endfacet
  facet normal 0.948578 -0 0.316542
    outer loop
      vertex 87.2345 -16 22.3046
      vertex 87.2647 -15.2 22.2141
      vertex 87.2345 -15.2 22.3046
    endloop
  endfacet
  facet normal 0.948578 0 0.316542
    outer loop
      vertex 87.2647 -15.2 22.2141
      vertex 87.2345 -16 22.3046
      vertex 87.2647 -16 22.2141
    endloop
  endfacet
  facet normal 0.986151 -0 0.165853
    outer loop
      vertex 87.2647 -16 22.2141
      vertex 87.2795 -15.2 22.1261
      vertex 87.2647 -15.2 22.2141
    endloop
  endfacet
  facet normal 0.986151 0 0.165853
    outer loop
      vertex 87.2795 -15.2 22.1261
      vertex 87.2647 -16 22.2141
      vertex 87.2795 -16 22.1261
    endloop
  endfacet
  facet normal 0.999952 -0 0.00982409
    outer loop
      vertex 87.2795 -16 22.1261
      vertex 87.2809 -15.2 21.9836
      vertex 87.2795 -15.2 22.1261
    endloop
  endfacet
  facet normal 0.999952 0 0.00982409
    outer loop
      vertex 87.2809 -15.2 21.9836
      vertex 87.2795 -16 22.1261
      vertex 87.2809 -16 21.9836
    endloop
  endfacet
  facet normal 0.991467 0 -0.130356
    outer loop
      vertex 87.2809 -16 21.9836
      vertex 87.2672 -15.2 21.8794
      vertex 87.2809 -15.2 21.9836
    endloop
  endfacet
  facet normal 0.991467 0 -0.130356
    outer loop
      vertex 87.2672 -15.2 21.8794
      vertex 87.2809 -16 21.9836
      vertex 87.2672 -16 21.8794
    endloop
  endfacet
  facet normal 0.958903 0 -0.283736
    outer loop
      vertex 87.2672 -16 21.8794
      vertex 87.2398 -15.2 21.7868
      vertex 87.2672 -15.2 21.8794
    endloop
  endfacet
  facet normal 0.958903 0 -0.283736
    outer loop
      vertex 87.2398 -15.2 21.7868
      vertex 87.2672 -16 21.8794
      vertex 87.2398 -16 21.7868
    endloop
  endfacet
  facet normal 0.887355 0 -0.461086
    outer loop
      vertex 87.2398 -16 21.7868
      vertex 87.1908 -15.2 21.6925
      vertex 87.2398 -15.2 21.7868
    endloop
  endfacet
  facet normal 0.887355 0 -0.461086
    outer loop
      vertex 87.1908 -15.2 21.6925
      vertex 87.2398 -16 21.7868
      vertex 87.1908 -16 21.6925
    endloop
  endfacet
  facet normal 0.758479 0 -0.651697
    outer loop
      vertex 87.1908 -16 21.6925
      vertex 87.1316 -15.2 21.6236
      vertex 87.1908 -15.2 21.6925
    endloop
  endfacet
  facet normal 0.758479 0 -0.651697
    outer loop
      vertex 87.1316 -15.2 21.6236
      vertex 87.1908 -16 21.6925
      vertex 87.1316 -16 21.6236
    endloop
  endfacet
  facet normal 0.574558 0 -0.818464
    outer loop
      vertex 87.0514 -16 21.5673
      vertex 87.1316 -15.2 21.6236
      vertex 87.1316 -16 21.6236
    endloop
  endfacet
  facet normal 0.574558 0 -0.818464
    outer loop
      vertex 87.1316 -15.2 21.6236
      vertex 87.0514 -16 21.5673
      vertex 87.0514 -15.2 21.5673
    endloop
  endfacet
  facet normal 0.371812 0 -0.928308
    outer loop
      vertex 86.9755 -16 21.5369
      vertex 87.0514 -15.2 21.5673
      vertex 87.0514 -16 21.5673
    endloop
  endfacet
  facet normal 0.371812 0 -0.928308
    outer loop
      vertex 87.0514 -15.2 21.5673
      vertex 86.9755 -16 21.5369
      vertex 86.9755 -15.2 21.5369
    endloop
  endfacet
  facet normal 0.188006 0 -0.982168
    outer loop
      vertex 86.8846 -16 21.5195
      vertex 86.9755 -15.2 21.5369
      vertex 86.9755 -16 21.5369
    endloop
  endfacet
  facet normal 0.188006 0 -0.982168
    outer loop
      vertex 86.9755 -15.2 21.5369
      vertex 86.8846 -16 21.5195
      vertex 86.8846 -15.2 21.5195
    endloop
  endfacet
  facet normal 0.000891009 0 -1
    outer loop
      vertex 83.4054 -16 21.5164
      vertex 86.8846 -15.2 21.5195
      vertex 86.8846 -16 21.5195
    endloop
  endfacet
  facet normal 0.000891009 0 -1
    outer loop
      vertex 86.8846 -15.2 21.5195
      vertex 83.4054 -16 21.5164
      vertex 83.4054 -15.2 21.5164
    endloop
  endfacet
  facet normal -0.544066 0 -0.839042
    outer loop
      vertex 83.3926 -16 21.5247
      vertex 83.4054 -15.2 21.5164
      vertex 83.4054 -16 21.5164
    endloop
  endfacet
  facet normal -0.544066 0 -0.839042
    outer loop
      vertex 83.4054 -15.2 21.5164
      vertex 83.3926 -16 21.5247
      vertex 83.3926 -15.2 21.5247
    endloop
  endfacet
  facet normal -0.859766 0 -0.510688
    outer loop
      vertex 81.6151 -16 19.4222
      vertex 81.6072 -15.2 19.4355
      vertex 81.6151 -15.2 19.4222
    endloop
  endfacet
  facet normal -0.859766 -0 -0.510688
    outer loop
      vertex 81.6072 -15.2 19.4355
      vertex 81.6151 -16 19.4222
      vertex 81.6072 -16 19.4355
    endloop
  endfacet
  facet normal -7.75294e-05 0 -1
    outer loop
      vertex 77.7377 -16 19.4358
      vertex 81.6072 -15.2 19.4355
      vertex 81.6072 -16 19.4355
    endloop
  endfacet
  facet normal -7.75294e-05 0 -1
    outer loop
      vertex 81.6072 -15.2 19.4355
      vertex 77.7377 -16 19.4358
      vertex 77.7377 -15.2 19.4358
    endloop
  endfacet
  facet normal -0.0995037 0 -0.995037
    outer loop
      vertex 77.6077 -16 19.4488
      vertex 77.7377 -15.2 19.4358
      vertex 77.7377 -16 19.4358
    endloop
  endfacet
  facet normal -0.0995037 0 -0.995037
    outer loop
      vertex 77.7377 -15.2 19.4358
      vertex 77.6077 -16 19.4488
      vertex 77.6077 -15.2 19.4488
    endloop
  endfacet
  facet normal -0.242352 0 -0.970188
    outer loop
      vertex 77.4836 -16 19.4798
      vertex 77.6077 -15.2 19.4488
      vertex 77.6077 -16 19.4488
    endloop
  endfacet
  facet normal -0.242352 0 -0.970188
    outer loop
      vertex 77.6077 -15.2 19.4488
      vertex 77.4836 -16 19.4798
      vertex 77.4836 -15.2 19.4798
    endloop
  endfacet
  facet normal -0.377272 0 -0.926103
    outer loop
      vertex 77.367 -16 19.5273
      vertex 77.4836 -15.2 19.4798
      vertex 77.4836 -16 19.4798
    endloop
  endfacet
  facet normal -0.377272 0 -0.926103
    outer loop
      vertex 77.4836 -15.2 19.4798
      vertex 77.367 -16 19.5273
      vertex 77.367 -15.2 19.5273
    endloop
  endfacet
  facet normal -0.512776 0 -0.858522
    outer loop
      vertex 77.2421 -16 19.6019
      vertex 77.367 -15.2 19.5273
      vertex 77.367 -16 19.5273
    endloop
  endfacet
  facet normal -0.512776 0 -0.858522
    outer loop
      vertex 77.367 -15.2 19.5273
      vertex 77.2421 -16 19.6019
      vertex 77.2421 -15.2 19.6019
    endloop
  endfacet
  facet normal -0.660179 0 -0.751108
    outer loop
      vertex 77.1025 -16 19.7246
      vertex 77.2421 -15.2 19.6019
      vertex 77.2421 -16 19.6019
    endloop
  endfacet
  facet normal -0.660179 0 -0.751108
    outer loop
      vertex 77.2421 -15.2 19.6019
      vertex 77.1025 -16 19.7246
      vertex 77.1025 -15.2 19.7246
    endloop
  endfacet
  facet normal -0.792691 0 -0.609623
    outer loop
      vertex 77.1025 -16 19.7246
      vertex 77.0016 -15.2 19.8558
      vertex 77.1025 -15.2 19.7246
    endloop
  endfacet
  facet normal -0.792691 -0 -0.609623
    outer loop
      vertex 77.0016 -15.2 19.8558
      vertex 77.1025 -16 19.7246
      vertex 77.0016 -16 19.8558
    endloop
  endfacet
  facet normal -0.890801 0 -0.454393
    outer loop
      vertex 77.0016 -16 19.8558
      vertex 76.9258 -15.2 20.0044
      vertex 77.0016 -15.2 19.8558
    endloop
  endfacet
  facet normal -0.890801 -0 -0.454393
    outer loop
      vertex 76.9258 -15.2 20.0044
      vertex 77.0016 -16 19.8558
      vertex 76.9258 -16 20.0044
    endloop
  endfacet
  facet normal -0.960132 0 -0.279547
    outer loop
      vertex 76.9258 -16 20.0044
      vertex 76.8784 -15.2 20.1672
      vertex 76.9258 -15.2 20.0044
    endloop
  endfacet
  facet normal -0.960132 -0 -0.279547
    outer loop
      vertex 76.8784 -15.2 20.1672
      vertex 76.9258 -16 20.0044
      vertex 76.8784 -16 20.1672
    endloop
  endfacet
  facet normal -0.99468 0 -0.103011
    outer loop
      vertex 76.8784 -16 20.1672
      vertex 76.8627 -15.2 20.3188
      vertex 76.8784 -15.2 20.1672
    endloop
  endfacet
  facet normal -0.99468 -0 -0.103011
    outer loop
      vertex 76.8627 -15.2 20.3188
      vertex 76.8784 -16 20.1672
      vertex 76.8627 -16 20.3188
    endloop
  endfacet
  facet normal -1 0 -0.000147754
    outer loop
      vertex 76.8627 -16 20.3188
      vertex 76.8625 -15.2 21.6724
      vertex 76.8627 -15.2 20.3188
    endloop
  endfacet
  facet normal -1 -0 -0.000147754
    outer loop
      vertex 76.8625 -15.2 21.6724
      vertex 76.8627 -16 20.3188
      vertex 76.8625 -16 21.6724
    endloop
  endfacet
  facet normal -0.996491 0 0.0836948
    outer loop
      vertex 76.8625 -16 21.6724
      vertex 76.8753 -15.2 21.8248
      vertex 76.8625 -15.2 21.6724
    endloop
  endfacet
  facet normal -0.996491 0 0.0836948
    outer loop
      vertex 76.8753 -15.2 21.8248
      vertex 76.8625 -16 21.6724
      vertex 76.8753 -16 21.8248
    endloop
  endfacet
  facet normal -0.968178 0 0.250264
    outer loop
      vertex 76.8753 -16 21.8248
      vertex 76.9126 -15.2 21.9691
      vertex 76.8753 -15.2 21.8248
    endloop
  endfacet
  facet normal -0.968178 0 0.250264
    outer loop
      vertex 76.9126 -15.2 21.9691
      vertex 76.8753 -16 21.8248
      vertex 76.9126 -16 21.9691
    endloop
  endfacet
  facet normal -0.914093 0 0.405505
    outer loop
      vertex 76.9126 -16 21.9691
      vertex 76.972 -15.2 22.103
      vertex 76.9126 -15.2 21.9691
    endloop
  endfacet
  facet normal -0.914093 0 0.405505
    outer loop
      vertex 76.972 -15.2 22.103
      vertex 76.9126 -16 21.9691
      vertex 76.972 -16 22.103
    endloop
  endfacet
  facet normal -0.830098 0 0.557618
    outer loop
      vertex 76.972 -16 22.103
      vertex 77.0645 -15.2 22.2407
      vertex 76.972 -15.2 22.103
    endloop
  endfacet
  facet normal -0.830098 0 0.557618
    outer loop
      vertex 77.0645 -15.2 22.2407
      vertex 76.972 -16 22.103
      vertex 77.0645 -16 22.2407
    endloop
  endfacet
  facet normal -0.714933 0 0.699193
    outer loop
      vertex 77.0645 -16 22.2407
      vertex 77.18 -15.2 22.3588
      vertex 77.0645 -15.2 22.2407
    endloop
  endfacet
  facet normal -0.714933 0 0.699193
    outer loop
      vertex 77.18 -15.2 22.3588
      vertex 77.0645 -16 22.2407
      vertex 77.18 -16 22.3588
    endloop
  endfacet
  facet normal -0.58534 0 0.810788
    outer loop
      vertex 77.18 -15.2 22.3588
      vertex 77.2976 -16 22.4437
      vertex 77.2976 -15.2 22.4437
    endloop
  endfacet
  facet normal -0.58534 0 0.810788
    outer loop
      vertex 77.2976 -16 22.4437
      vertex 77.18 -15.2 22.3588
      vertex 77.18 -16 22.3588
    endloop
  endfacet
  facet normal -0.436641 0 0.899636
    outer loop
      vertex 77.2976 -15.2 22.4437
      vertex 77.4478 -16 22.5166
      vertex 77.4478 -15.2 22.5166
    endloop
  endfacet
  facet normal -0.436641 0 0.899636
    outer loop
      vertex 77.4478 -16 22.5166
      vertex 77.2976 -15.2 22.4437
      vertex 77.2976 -16 22.4437
    endloop
  endfacet
  facet normal -0.272675 0 0.962106
    outer loop
      vertex 77.4478 -15.2 22.5166
      vertex 77.5907 -16 22.5571
      vertex 77.5907 -15.2 22.5571
    endloop
  endfacet
  facet normal -0.272675 0 0.962106
    outer loop
      vertex 77.5907 -16 22.5571
      vertex 77.4478 -15.2 22.5166
      vertex 77.4478 -16 22.5166
    endloop
  endfacet
  facet normal -0.0946197 0 0.995513
    outer loop
      vertex 77.5907 -15.2 22.5571
      vertex 77.7643 -16 22.5736
      vertex 77.7643 -15.2 22.5736
    endloop
  endfacet
  facet normal -0.0946197 0 0.995513
    outer loop
      vertex 77.7643 -16 22.5736
      vertex 77.5907 -15.2 22.5571
      vertex 77.5907 -16 22.5571
    endloop
  endfacet
  facet normal -0.000517304 0 1
    outer loop
      vertex 77.7643 -15.2 22.5736
      vertex 81.6305 -16 22.5756
      vertex 81.6305 -15.2 22.5756
    endloop
  endfacet
  facet normal -0.000517304 0 1
    outer loop
      vertex 81.6305 -16 22.5756
      vertex 77.7643 -15.2 22.5736
      vertex 77.7643 -16 22.5736
    endloop
  endfacet
  facet normal -1 0 0
    outer loop
      vertex 81.6305 -16 22.5756
      vertex 81.6305 -15.2 23.6748
      vertex 81.6305 -15.2 22.5756
    endloop
  endfacet
  facet normal -1 -0 0
    outer loop
      vertex 81.6305 -15.2 23.6748
      vertex 81.6305 -16 22.5756
      vertex 81.6305 -16 23.6748
    endloop
  endfacet
  facet normal -0.696983 0 -0.717088
    outer loop
      vertex 81.6198 -16 23.6852
      vertex 81.6305 -15.2 23.6748
      vertex 81.6305 -16 23.6748
    endloop
  endfacet
  facet normal -0.696983 0 -0.717088
    outer loop
      vertex 81.6305 -15.2 23.6748
      vertex 81.6198 -16 23.6852
      vertex 81.6198 -15.2 23.6852
    endloop
  endfacet
  facet normal 0.000204436 0 -1
    outer loop
      vertex 77.7066 -16 23.6844
      vertex 81.6198 -15.2 23.6852
      vertex 81.6198 -16 23.6852
    endloop
  endfacet
  facet normal 0.000204436 0 -1
    outer loop
      vertex 81.6198 -15.2 23.6852
      vertex 77.7066 -16 23.6844
      vertex 77.7066 -15.2 23.6844
    endloop
  endfacet
  facet normal 0.0650932 0 -0.997879
    outer loop
      vertex 77.5533 -16 23.6744
      vertex 77.7066 -15.2 23.6844
      vertex 77.7066 -16 23.6844
    endloop
  endfacet
  facet normal 0.0650932 0 -0.997879
    outer loop
      vertex 77.7066 -15.2 23.6844
      vertex 77.5533 -16 23.6744
      vertex 77.5533 -15.2 23.6744
    endloop
  endfacet
  facet normal 0.146193 0 -0.989256
    outer loop
      vertex 77.3821 -16 23.6491
      vertex 77.5533 -15.2 23.6744
      vertex 77.5533 -16 23.6744
    endloop
  endfacet
  facet normal 0.146193 0 -0.989256
    outer loop
      vertex 77.5533 -15.2 23.6744
      vertex 77.3821 -16 23.6491
      vertex 77.3821 -15.2 23.6491
    endloop
  endfacet
  facet normal 0.225348 0 -0.974278
    outer loop
      vertex 77.2364 -16 23.6154
      vertex 77.3821 -15.2 23.6491
      vertex 77.3821 -16 23.6491
    endloop
  endfacet
  facet normal 0.225348 0 -0.974278
    outer loop
      vertex 77.3821 -15.2 23.6491
      vertex 77.2364 -16 23.6154
      vertex 77.2364 -15.2 23.6154
    endloop
  endfacet
  facet normal 0.302375 0 -0.953189
    outer loop
      vertex 77.075 -16 23.5642
      vertex 77.2364 -15.2 23.6154
      vertex 77.2364 -16 23.6154
    endloop
  endfacet
  facet normal 0.302375 0 -0.953189
    outer loop
      vertex 77.2364 -15.2 23.6154
      vertex 77.075 -16 23.5642
      vertex 77.075 -15.2 23.5642
    endloop
  endfacet
  facet normal 0.377016 0 -0.926207
    outer loop
      vertex 76.9389 -16 23.5088
      vertex 77.075 -15.2 23.5642
      vertex 77.075 -16 23.5642
    endloop
  endfacet
  facet normal 0.377016 0 -0.926207
    outer loop
      vertex 77.075 -15.2 23.5642
      vertex 76.9389 -16 23.5088
      vertex 76.9389 -15.2 23.5088
    endloop
  endfacet
  facet normal 0.448411 0 -0.893828
    outer loop
      vertex 76.7896 -16 23.4339
      vertex 76.9389 -15.2 23.5088
      vertex 76.9389 -16 23.5088
    endloop
  endfacet
  facet normal 0.448411 0 -0.893828
    outer loop
      vertex 76.9389 -15.2 23.5088
      vertex 76.7896 -16 23.4339
      vertex 76.7896 -15.2 23.4339
    endloop
  endfacet
  facet normal 0.520233 0 -0.854024
    outer loop
      vertex 76.6476 -16 23.3474
      vertex 76.7896 -15.2 23.4339
      vertex 76.7896 -16 23.4339
    endloop
  endfacet
  facet normal 0.520233 0 -0.854024
    outer loop
      vertex 76.7896 -15.2 23.4339
      vertex 76.6476 -16 23.3474
      vertex 76.6476 -15.2 23.3474
    endloop
  endfacet
  facet normal 0.589033 0 -0.808109
    outer loop
      vertex 76.5137 -16 23.2498
      vertex 76.6476 -15.2 23.3474
      vertex 76.6476 -16 23.3474
    endloop
  endfacet
  facet normal 0.589033 0 -0.808109
    outer loop
      vertex 76.6476 -15.2 23.3474
      vertex 76.5137 -16 23.2498
      vertex 76.5137 -15.2 23.2498
    endloop
  endfacet
  facet normal 0.653226 0 -0.757163
    outer loop
      vertex 76.3884 -16 23.1417
      vertex 76.5137 -15.2 23.2498
      vertex 76.5137 -16 23.2498
    endloop
  endfacet
  facet normal 0.653226 0 -0.757163
    outer loop
      vertex 76.5137 -15.2 23.2498
      vertex 76.3884 -16 23.1417
      vertex 76.3884 -15.2 23.1417
    endloop
  endfacet
  facet normal 0.712227 0 -0.701949
    outer loop
      vertex 76.3884 -16 23.1417
      vertex 76.2723 -15.2 23.0239
      vertex 76.3884 -15.2 23.1417
    endloop
  endfacet
  facet normal 0.712227 0 -0.701949
    outer loop
      vertex 76.2723 -15.2 23.0239
      vertex 76.3884 -16 23.1417
      vertex 76.2723 -16 23.0239
    endloop
  endfacet
  facet normal 0.767428 0 -0.641135
    outer loop
      vertex 76.2723 -16 23.0239
      vertex 76.1662 -15.2 22.8969
      vertex 76.2723 -15.2 23.0239
    endloop
  endfacet
  facet normal 0.767428 0 -0.641135
    outer loop
      vertex 76.1662 -15.2 22.8969
      vertex 76.2723 -16 23.0239
      vertex 76.1662 -16 22.8969
    endloop
  endfacet
  facet normal 0.813687 0 -0.581303
    outer loop
      vertex 76.1662 -16 22.8969
      vertex 76.0819 -15.2 22.7789
      vertex 76.1662 -15.2 22.8969
    endloop
  endfacet
  facet normal 0.813687 0 -0.581303
    outer loop
      vertex 76.0819 -15.2 22.7789
      vertex 76.1662 -16 22.8969
      vertex 76.0819 -16 22.7789
    endloop
  endfacet
  facet normal 0.85627 0 -0.516528
    outer loop
      vertex 76.0819 -16 22.7789
      vertex 75.996 -15.2 22.6365
      vertex 76.0819 -15.2 22.7789
    endloop
  endfacet
  facet normal 0.85627 0 -0.516528
    outer loop
      vertex 75.996 -15.2 22.6365
      vertex 76.0819 -16 22.7789
      vertex 75.996 -16 22.6365
    endloop
  endfacet
  facet normal 0.89429 0 -0.447487
    outer loop
      vertex 75.996 -16 22.6365
      vertex 75.9306 -15.2 22.5058
      vertex 75.996 -15.2 22.6365
    endloop
  endfacet
  facet normal 0.89429 0 -0.447487
    outer loop
      vertex 75.9306 -15.2 22.5058
      vertex 75.996 -16 22.6365
      vertex 75.9306 -16 22.5058
    endloop
  endfacet
  facet normal 0.926285 0 -0.376824
    outer loop
      vertex 75.9306 -16 22.5058
      vertex 75.8673 -15.2 22.3502
      vertex 75.9306 -15.2 22.5058
    endloop
  endfacet
  facet normal 0.926285 0 -0.376824
    outer loop
      vertex 75.8673 -15.2 22.3502
      vertex 75.9306 -16 22.5058
      vertex 75.8673 -16 22.3502
    endloop
  endfacet
  facet normal 0.953112 0 -0.302618
    outer loop
      vertex 75.8673 -16 22.3502
      vertex 75.8225 -15.2 22.2091
      vertex 75.8673 -15.2 22.3502
    endloop
  endfacet
  facet normal 0.953112 0 -0.302618
    outer loop
      vertex 75.8225 -15.2 22.2091
      vertex 75.8673 -16 22.3502
      vertex 75.8225 -16 22.2091
    endloop
  endfacet
  facet normal 0.974322 0 -0.225158
    outer loop
      vertex 75.8225 -16 22.2091
      vertex 75.784 -15.2 22.0425
      vertex 75.8225 -15.2 22.2091
    endloop
  endfacet
  facet normal 0.974322 0 -0.225158
    outer loop
      vertex 75.784 -15.2 22.0425
      vertex 75.8225 -16 22.2091
      vertex 75.784 -16 22.0425
    endloop
  endfacet
  facet normal 0.989292 0 -0.14595
    outer loop
      vertex 75.784 -16 22.0425
      vertex 75.7619 -15.2 21.8927
      vertex 75.784 -15.2 22.0425
    endloop
  endfacet
  facet normal 0.989292 0 -0.14595
    outer loop
      vertex 75.7619 -15.2 21.8927
      vertex 75.784 -16 22.0425
      vertex 75.7619 -16 21.8927
    endloop
  endfacet
  facet normal 0.999332 0 -0.0365572
    outer loop
      vertex 75.7619 -16 21.8927
      vertex 75.75 -15.2 21.5674
      vertex 75.7619 -15.2 21.8927
    endloop
  endfacet
  facet normal 0.999332 0 -0.0365572
    outer loop
      vertex 75.75 -15.2 21.5674
      vertex 75.7619 -16 21.8927
      vertex 75.75 -16 21.5674
    endloop
  endfacet
  facet normal 0.999996 -0 0.00294484
    outer loop
      vertex 75.75 -16 21.5674
      vertex 75.754 -15.2 20.2091
      vertex 75.75 -15.2 21.5674
    endloop
  endfacet
  facet normal 0.999996 0 0.00294484
    outer loop
      vertex 75.754 -15.2 20.2091
      vertex 75.75 -16 21.5674
      vertex 75.754 -16 20.2091
    endloop
  endfacet
  facet normal 0.991931 -0 0.126777
    outer loop
      vertex 75.754 -16 20.2091
      vertex 75.787 -15.2 19.9509
      vertex 75.754 -15.2 20.2091
    endloop
  endfacet
  facet normal 0.991931 0 0.126777
    outer loop
      vertex 75.787 -15.2 19.9509
      vertex 75.754 -16 20.2091
      vertex 75.787 -16 19.9509
    endloop
  endfacet
  facet normal 0.965964 -0 0.258676
    outer loop
      vertex 75.787 -16 19.9509
      vertex 75.8585 -15.2 19.6839
      vertex 75.787 -15.2 19.9509
    endloop
  endfacet
  facet normal 0.965964 0 0.258676
    outer loop
      vertex 75.8585 -15.2 19.6839
      vertex 75.787 -16 19.9509
      vertex 75.8585 -16 19.6839
    endloop
  endfacet
  facet normal 0.931199 -0 0.364511
    outer loop
      vertex 75.8585 -16 19.6839
      vertex 75.9198 -15.2 19.5273
      vertex 75.8585 -15.2 19.6839
    endloop
  endfacet
  facet normal 0.931199 0 0.364511
    outer loop
      vertex 75.9198 -15.2 19.5273
      vertex 75.8585 -16 19.6839
      vertex 75.9198 -16 19.5273
    endloop
  endfacet
  facet normal 0.895277 -0 0.44551
    outer loop
      vertex 75.9198 -16 19.5273
      vertex 76.0035 -15.2 19.3591
      vertex 75.9198 -15.2 19.5273
    endloop
  endfacet
  facet normal 0.895277 0 0.44551
    outer loop
      vertex 76.0035 -15.2 19.3591
      vertex 75.9198 -16 19.5273
      vertex 76.0035 -16 19.3591
    endloop
  endfacet
  facet normal 0.849706 -0 0.527256
    outer loop
      vertex 76.0035 -16 19.3591
      vertex 76.1021 -15.2 19.2002
      vertex 76.0035 -15.2 19.3591
    endloop
  endfacet
  facet normal 0.849706 0 0.527256
    outer loop
      vertex 76.1021 -15.2 19.2002
      vertex 76.0035 -16 19.3591
      vertex 76.1021 -16 19.2002
    endloop
  endfacet
  facet normal 0.797546 -0 0.603258
    outer loop
      vertex 76.1021 -16 19.2002
      vertex 76.2145 -15.2 19.0516
      vertex 76.1021 -15.2 19.2002
    endloop
  endfacet
  facet normal 0.797546 0 0.603258
    outer loop
      vertex 76.2145 -15.2 19.0516
      vertex 76.1021 -16 19.2002
      vertex 76.2145 -16 19.0516
    endloop
  endfacet
  facet normal 0.738869 -0 0.673849
    outer loop
      vertex 76.2145 -16 19.0516
      vertex 76.3399 -15.2 18.9141
      vertex 76.2145 -15.2 19.0516
    endloop
  endfacet
  facet normal 0.738869 0 0.673849
    outer loop
      vertex 76.3399 -15.2 18.9141
      vertex 76.2145 -16 19.0516
      vertex 76.3399 -16 18.9141
    endloop
  endfacet
  facet normal 0.673555 0 0.739137
    outer loop
      vertex 76.3399 -15.2 18.9141
      vertex 76.4774 -16 18.7888
      vertex 76.4774 -15.2 18.7888
    endloop
  endfacet
  facet normal 0.673555 0 0.739137
    outer loop
      vertex 76.4774 -16 18.7888
      vertex 76.3399 -15.2 18.9141
      vertex 76.3399 -16 18.9141
    endloop
  endfacet
  facet normal 0.603599 0 0.797288
    outer loop
      vertex 76.4774 -15.2 18.7888
      vertex 76.626 -16 18.6763
      vertex 76.626 -15.2 18.6763
    endloop
  endfacet
  facet normal 0.603599 0 0.797288
    outer loop
      vertex 76.626 -16 18.6763
      vertex 76.4774 -15.2 18.7888
      vertex 76.4774 -16 18.7888
    endloop
  endfacet
  facet normal 0.527256 0 0.849706
    outer loop
      vertex 76.626 -15.2 18.6763
      vertex 76.7849 -16 18.5777
      vertex 76.7849 -15.2 18.5777
    endloop
  endfacet
  facet normal 0.527256 0 0.849706
    outer loop
      vertex 76.7849 -16 18.5777
      vertex 76.626 -15.2 18.6763
      vertex 76.626 -16 18.6763
    endloop
  endfacet
  facet normal 0.436562 0 0.899674
    outer loop
      vertex 76.7849 -15.2 18.5777
      vertex 76.9916 -16 18.4774
      vertex 76.9916 -15.2 18.4774
    endloop
  endfacet
  facet normal 0.436562 0 0.899674
    outer loop
      vertex 76.9916 -16 18.4774
      vertex 76.7849 -15.2 18.5777
      vertex 76.7849 -16 18.5777
    endloop
  endfacet
  facet normal 0.329774 0 0.94406
    outer loop
      vertex 76.9916 -15.2 18.4774
      vertex 77.2106 -16 18.4009
      vertex 77.2106 -15.2 18.4009
    endloop
  endfacet
  facet normal 0.329774 0 0.94406
    outer loop
      vertex 77.2106 -16 18.4009
      vertex 76.9916 -15.2 18.4774
      vertex 76.9916 -16 18.4774
    endloop
  endfacet
  facet normal 0.21756 0 0.976047
    outer loop
      vertex 77.2106 -15.2 18.4009
      vertex 77.4403 -16 18.3497
      vertex 77.4403 -15.2 18.3497
    endloop
  endfacet
  facet normal 0.21756 0 0.976047
    outer loop
      vertex 77.4403 -16 18.3497
      vertex 77.2106 -15.2 18.4009
      vertex 77.2106 -16 18.4009
    endloop
  endfacet
  facet normal 0.106095 0 0.994356
    outer loop
      vertex 77.4403 -15.2 18.3497
      vertex 77.6568 -16 18.3266
      vertex 77.6568 -15.2 18.3266
    endloop
  endfacet
  facet normal 0.106095 0 0.994356
    outer loop
      vertex 77.6568 -16 18.3266
      vertex 77.4403 -15.2 18.3497
      vertex 77.4403 -16 18.3497
    endloop
  endfacet
  facet normal 0.000707517 0 1
    outer loop
      vertex 77.6568 -15.2 18.3266
      vertex 81.6143 -16 18.3238
      vertex 81.6143 -15.2 18.3238
    endloop
  endfacet
  facet normal 0.000707517 0 1
    outer loop
      vertex 81.6143 -16 18.3238
      vertex 77.6568 -15.2 18.3266
      vertex 77.6568 -16 18.3266
    endloop
  endfacet
  facet normal -1 0 0.000728332
    outer loop
      vertex 81.6143 -16 18.3238
      vertex 81.6151 -15.2 19.4222
      vertex 81.6143 -15.2 18.3238
    endloop
  endfacet
  facet normal -1 0 0.000728332
    outer loop
      vertex 81.6151 -15.2 19.4222
      vertex 81.6143 -16 18.3238
      vertex 81.6151 -16 19.4222
    endloop
  endfacet
  facet normal -0.145375 0 0.989377
    outer loop
      vertex 92.793 -15.2 18.233
      vertex 92.9611 -16 18.2577
      vertex 92.9611 -15.2 18.2577
    endloop
  endfacet
  facet normal -0.145375 0 0.989377
    outer loop
      vertex 92.9611 -16 18.2577
      vertex 92.793 -15.2 18.233
      vertex 92.793 -16 18.233
    endloop
  endfacet
  facet normal -0.25834 0 0.966054
    outer loop
      vertex 92.9611 -15.2 18.2577
      vertex 93.1032 -16 18.2957
      vertex 93.1032 -15.2 18.2957
    endloop
  endfacet
  facet normal -0.25834 0 0.966054
    outer loop
      vertex 93.1032 -16 18.2957
      vertex 92.9611 -15.2 18.2577
      vertex 92.9611 -16 18.2577
    endloop
  endfacet
  facet normal -0.36643 0 0.930446
    outer loop
      vertex 93.1032 -15.2 18.2957
      vertex 93.2586 -16 18.3569
      vertex 93.2586 -15.2 18.3569
    endloop
  endfacet
  facet normal -0.36643 0 0.930446
    outer loop
      vertex 93.2586 -16 18.3569
      vertex 93.1032 -15.2 18.2957
      vertex 93.1032 -16 18.2957
    endloop
  endfacet
  facet normal -0.477423 0 0.878674
    outer loop
      vertex 93.2586 -15.2 18.3569
      vertex 93.4051 -16 18.4365
      vertex 93.4051 -15.2 18.4365
    endloop
  endfacet
  facet normal -0.477423 0 0.878674
    outer loop
      vertex 93.4051 -16 18.4365
      vertex 93.2586 -15.2 18.3569
      vertex 93.2586 -16 18.3569
    endloop
  endfacet
  facet normal -0.580672 0 0.814138
    outer loop
      vertex 93.4051 -15.2 18.4365
      vertex 93.5411 -16 18.5335
      vertex 93.5411 -15.2 18.5335
    endloop
  endfacet
  facet normal -0.580672 0 0.814138
    outer loop
      vertex 93.5411 -16 18.5335
      vertex 93.4051 -15.2 18.4365
      vertex 93.4051 -16 18.4365
    endloop
  endfacet
  facet normal -0.674945 0 0.737868
    outer loop
      vertex 93.5411 -15.2 18.5335
      vertex 93.6654 -16 18.6472
      vertex 93.6654 -15.2 18.6472
    endloop
  endfacet
  facet normal -0.674945 0 0.737868
    outer loop
      vertex 93.6654 -16 18.6472
      vertex 93.5411 -15.2 18.5335
      vertex 93.5411 -16 18.5335
    endloop
  endfacet
  facet normal -0.755024 0 0.655697
    outer loop
      vertex 93.6654 -16 18.6472
      vertex 93.7631 -15.2 18.7597
      vertex 93.6654 -15.2 18.6472
    endloop
  endfacet
  facet normal -0.755024 0 0.655697
    outer loop
      vertex 93.7631 -15.2 18.7597
      vertex 93.6654 -16 18.6472
      vertex 93.7631 -16 18.7597
    endloop
  endfacet
  facet normal -0.820257 0 0.571995
    outer loop
      vertex 93.7631 -16 18.7597
      vertex 93.8495 -15.2 18.8836
      vertex 93.7631 -15.2 18.7597
    endloop
  endfacet
  facet normal -0.820257 0 0.571995
    outer loop
      vertex 93.8495 -15.2 18.8836
      vertex 93.7631 -16 18.7597
      vertex 93.8495 -16 18.8836
    endloop
  endfacet
  facet normal -0.84872 0 0.528842
    outer loop
      vertex 93.8495 -16 18.8836
      vertex 96.8414 -15.2 23.6852
      vertex 93.8495 -15.2 18.8836
    endloop
  endfacet
  facet normal -0.84872 0 0.528842
    outer loop
      vertex 96.8414 -15.2 23.6852
      vertex 93.8495 -16 18.8836
      vertex 96.8414 -16 23.6852
    endloop
  endfacet
  facet normal 0 0 -1
    outer loop
      vertex 95.5521 -16 23.6852
      vertex 96.8414 -15.2 23.6852
      vertex 96.8414 -16 23.6852
    endloop
  endfacet
  facet normal -0 0 -1
    outer loop
      vertex 96.8414 -15.2 23.6852
      vertex 95.5521 -16 23.6852
      vertex 95.5521 -15.2 23.6852
    endloop
  endfacet
  facet normal 0.848094 0 -0.529846
    outer loop
      vertex 95.5521 -16 23.6852
      vertex 92.9076 -15.2 19.4523
      vertex 95.5521 -15.2 23.6852
    endloop
  endfacet
  facet normal 0.848094 0 -0.529846
    outer loop
      vertex 92.9076 -15.2 19.4523
      vertex 95.5521 -16 23.6852
      vertex 92.9076 -16 19.4523
    endloop
  endfacet
  facet normal 0.772234 0 -0.635338
    outer loop
      vertex 92.9076 -16 19.4523
      vertex 92.8714 -15.2 19.4083
      vertex 92.9076 -15.2 19.4523
    endloop
  endfacet
  facet normal 0.772234 0 -0.635338
    outer loop
      vertex 92.8714 -15.2 19.4083
      vertex 92.9076 -16 19.4523
      vertex 92.8714 -16 19.4083
    endloop
  endfacet
  facet normal 0.601714 0 -0.798712
    outer loop
      vertex 92.8118 -16 19.3634
      vertex 92.8714 -15.2 19.4083
      vertex 92.8714 -16 19.4083
    endloop
  endfacet
  facet normal 0.601714 0 -0.798712
    outer loop
      vertex 92.8714 -15.2 19.4083
      vertex 92.8118 -16 19.3634
      vertex 92.8118 -15.2 19.3634
    endloop
  endfacet
  facet normal 0.351649 0 -0.936132
    outer loop
      vertex 92.7338 -16 19.3341
      vertex 92.8118 -15.2 19.3634
      vertex 92.8118 -16 19.3634
    endloop
  endfacet
  facet normal 0.351649 0 -0.936132
    outer loop
      vertex 92.8118 -15.2 19.3634
      vertex 92.7338 -16 19.3341
      vertex 92.7338 -15.2 19.3341
    endloop
  endfacet
  facet normal 0.101429 0 -0.994843
    outer loop
      vertex 92.6622 -16 19.3268
      vertex 92.7338 -15.2 19.3341
      vertex 92.7338 -16 19.3341
    endloop
  endfacet
  facet normal 0.101429 0 -0.994843
    outer loop
      vertex 92.7338 -15.2 19.3341
      vertex 92.6622 -16 19.3268
      vertex 92.6622 -15.2 19.3268
    endloop
  endfacet
  facet normal -0.157893 0 -0.987456
    outer loop
      vertex 92.5834 -16 19.3394
      vertex 92.6622 -15.2 19.3268
      vertex 92.6622 -16 19.3268
    endloop
  endfacet
  facet normal -0.157893 0 -0.987456
    outer loop
      vertex 92.6622 -15.2 19.3268
      vertex 92.5834 -16 19.3394
      vertex 92.5834 -15.2 19.3394
    endloop
  endfacet
  facet normal -0.394107 0 -0.919064
    outer loop
      vertex 92.5244 -16 19.3647
      vertex 92.5834 -15.2 19.3394
      vertex 92.5834 -16 19.3394
    endloop
  endfacet
  facet normal -0.394107 0 -0.919064
    outer loop
      vertex 92.5834 -15.2 19.3394
      vertex 92.5244 -16 19.3647
      vertex 92.5244 -15.2 19.3647
    endloop
  endfacet
  facet normal -0.614313 0 -0.789063
    outer loop
      vertex 92.4657 -16 19.4104
      vertex 92.5244 -15.2 19.3647
      vertex 92.5244 -16 19.3647
    endloop
  endfacet
  facet normal -0.614313 0 -0.789063
    outer loop
      vertex 92.5244 -15.2 19.3647
      vertex 92.4657 -16 19.4104
      vertex 92.4657 -15.2 19.4104
    endloop
  endfacet
  facet normal -0.782582 0 -0.622548
    outer loop
      vertex 92.4657 -16 19.4104
      vertex 92.4303 -15.2 19.4549
      vertex 92.4657 -15.2 19.4104
    endloop
  endfacet
  facet normal -0.782582 -0 -0.622548
    outer loop
      vertex 92.4303 -15.2 19.4549
      vertex 92.4657 -16 19.4104
      vertex 92.4303 -16 19.4549
    endloop
  endfacet
  facet normal -0.855921 0 -0.517107
    outer loop
      vertex 92.4303 -16 19.4549
      vertex 89.8818 -15.2 23.6732
      vertex 92.4303 -15.2 19.4549
    endloop
  endfacet
  facet normal -0.855921 -0 -0.517107
    outer loop
      vertex 89.8818 -15.2 23.6732
      vertex 92.4303 -16 19.4549
      vertex 89.8818 -16 23.6732
    endloop
  endfacet
  facet normal -0.642815 0 -0.766021
    outer loop
      vertex 89.8675 -16 23.6852
      vertex 89.8818 -15.2 23.6732
      vertex 89.8818 -16 23.6732
    endloop
  endfacet
  facet normal -0.642815 0 -0.766021
    outer loop
      vertex 89.8818 -15.2 23.6732
      vertex 89.8675 -16 23.6852
      vertex 89.8675 -15.2 23.6852
    endloop
  endfacet
  facet normal 0 0 -1
    outer loop
      vertex 88.5994 -16 23.6852
      vertex 89.8675 -15.2 23.6852
      vertex 89.8675 -16 23.6852
    endloop
  endfacet
  facet normal -0 0 -1
    outer loop
      vertex 89.8675 -15.2 23.6852
      vertex 88.5994 -16 23.6852
      vertex 88.5994 -15.2 23.6852
    endloop
  endfacet
  facet normal 0.856461 -0 0.516212
    outer loop
      vertex 88.5994 -16 23.6852
      vertex 91.4861 -15.2 18.8958
      vertex 88.5994 -15.2 23.6852
    endloop
  endfacet
  facet normal 0.856461 0 0.516212
    outer loop
      vertex 91.4861 -15.2 18.8958
      vertex 88.5994 -16 23.6852
      vertex 91.4861 -16 18.8958
    endloop
  endfacet
  facet normal 0.832642 -0 0.553811
    outer loop
      vertex 91.4861 -16 18.8958
      vertex 91.558 -15.2 18.7877
      vertex 91.4861 -15.2 18.8958
    endloop
  endfacet
  facet normal 0.832642 0 0.553811
    outer loop
      vertex 91.558 -15.2 18.7877
      vertex 91.4861 -16 18.8958
      vertex 91.558 -16 18.7877
    endloop
  endfacet
  facet normal 0.772491 -0 0.635025
    outer loop
      vertex 91.558 -16 18.7877
      vertex 91.6527 -15.2 18.6725
      vertex 91.558 -15.2 18.7877
    endloop
  endfacet
  facet normal 0.772491 0 0.635025
    outer loop
      vertex 91.6527 -15.2 18.6725
      vertex 91.558 -16 18.7877
      vertex 91.6527 -16 18.6725
    endloop
  endfacet
  facet normal 0.694838 0 0.719166
    outer loop
      vertex 91.6527 -15.2 18.6725
      vertex 91.7739 -16 18.5554
      vertex 91.7739 -15.2 18.5554
    endloop
  endfacet
  facet normal 0.694838 0 0.719166
    outer loop
      vertex 91.7739 -16 18.5554
      vertex 91.6527 -15.2 18.6725
      vertex 91.6527 -16 18.6725
    endloop
  endfacet
  facet normal 0.607094 0 0.79463
    outer loop
      vertex 91.7739 -15.2 18.5554
      vertex 91.89 -16 18.4667
      vertex 91.89 -15.2 18.4667
    endloop
  endfacet
  facet normal 0.607094 0 0.79463
    outer loop
      vertex 91.89 -16 18.4667
      vertex 91.7739 -15.2 18.5554
      vertex 91.7739 -16 18.5554
    endloop
  endfacet
  facet normal 0.512022 0 0.858972
    outer loop
      vertex 91.89 -15.2 18.4667
      vertex 92.0331 -16 18.3814
      vertex 92.0331 -15.2 18.3814
    endloop
  endfacet
  facet normal 0.512022 0 0.858972
    outer loop
      vertex 92.0331 -16 18.3814
      vertex 91.89 -15.2 18.4667
      vertex 91.89 -16 18.4667
    endloop
  endfacet
  facet normal 0.403301 0 0.915067
    outer loop
      vertex 92.0331 -15.2 18.3814
      vertex 92.1858 -16 18.3141
      vertex 92.1858 -15.2 18.3141
    endloop
  endfacet
  facet normal 0.403301 0 0.915067
    outer loop
      vertex 92.1858 -16 18.3141
      vertex 92.0331 -15.2 18.3814
      vertex 92.0331 -16 18.3814
    endloop
  endfacet
  facet normal 0.296142 0 0.955144
    outer loop
      vertex 92.1858 -15.2 18.3141
      vertex 92.3261 -16 18.2706
      vertex 92.3261 -15.2 18.2706
    endloop
  endfacet
  facet normal 0.296142 0 0.955144
    outer loop
      vertex 92.3261 -16 18.2706
      vertex 92.1858 -15.2 18.3141
      vertex 92.1858 -16 18.3141
    endloop
  endfacet
  facet normal 0.186 0 0.98255
    outer loop
      vertex 92.3261 -15.2 18.2706
      vertex 92.4925 -16 18.2391
      vertex 92.4925 -15.2 18.2391
    endloop
  endfacet
  facet normal 0.186 0 0.98255
    outer loop
      vertex 92.4925 -16 18.2391
      vertex 92.3261 -15.2 18.2706
      vertex 92.3261 -16 18.2706
    endloop
  endfacet
  facet normal 0.0737982 0 0.997273
    outer loop
      vertex 92.4925 -15.2 18.2391
      vertex 92.6425 -16 18.228
      vertex 92.6425 -15.2 18.228
    endloop
  endfacet
  facet normal 0.0737982 0 0.997273
    outer loop
      vertex 92.6425 -16 18.228
      vertex 92.4925 -15.2 18.2391
      vertex 92.4925 -16 18.2391
    endloop
  endfacet
  facet normal -0.0332043 0 0.999449
    outer loop
      vertex 92.6425 -15.2 18.228
      vertex 92.793 -16 18.233
      vertex 92.793 -15.2 18.233
    endloop
  endfacet
  facet normal -0.0332043 0 0.999449
    outer loop
      vertex 92.793 -16 18.233
      vertex 92.6425 -15.2 18.228
      vertex 92.6425 -16 18.228
    endloop
  endfacet
  facet normal 0 0 1
    outer loop
      vertex 87.316 10.727 35.2
      vertex 92.175 12.4422 35.2
      vertex 92.1789 13.75 35.2
    endloop
  endfacet
  facet normal 0 0 1
    outer loop
      vertex 86.8302 9.11349 35.2
      vertex 87.316 10.727 35.2
      vertex 87.1837 10.6193 35.2
    endloop
  endfacet
  facet normal 0 0 1
    outer loop
      vertex 86.8302 9.11349 35.2
      vertex 87.1837 10.6193 35.2
      vertex 87.0647 10.4988 35.2
    endloop
  endfacet
  facet normal 0 0 1
    outer loop
      vertex 86.8302 9.11349 35.2
      vertex 87.0647 10.4988 35.2
      vertex 86.9624 10.3658 35.2
    endloop
  endfacet
  facet normal 0 0 1
    outer loop
      vertex 86.8302 9.11349 35.2
      vertex 86.9624 10.3658 35.2
      vertex 86.8776 10.2219 35.2
    endloop
  endfacet
  facet normal -0 0 1
    outer loop
      vertex 87.316 10.727 35.2
      vertex 86.8302 9.11349 35.2
      vertex 92.175 12.4422 35.2
    endloop
  endfacet
  facet normal 0 -0 1
    outer loop
      vertex 86.8302 9.11349 35.2
      vertex 86.8776 10.2219 35.2
      vertex 86.8109 10.0686 35.2
    endloop
  endfacet
  facet normal 0 0 1
    outer loop
      vertex 92.1737 10.4338 35.2
      vertex 92.1667 5.30693 35.2
      vertex 92.1789 5.30609 35.2
    endloop
  endfacet
  facet normal 0 0 1
    outer loop
      vertex 92.1737 10.4338 35.2
      vertex 87.2964 8.35724 35.2
      vertex 92.1667 5.30693 35.2
    endloop
  endfacet
  facet normal -0 0 1
    outer loop
      vertex 86.8302 9.11349 35.2
      vertex 87.2964 8.35724 35.2
      vertex 92.1737 10.4338 35.2
    endloop
  endfacet
  facet normal 0 0 1
    outer loop
      vertex 87.2964 8.35724 35.2
      vertex 86.8302 9.11349 35.2
      vertex 87.1497 8.48192 35.2
    endloop
  endfacet
  facet normal 0 0 1
    outer loop
      vertex 87.1497 8.48192 35.2
      vertex 86.8302 9.11349 35.2
      vertex 87.0354 8.60619 35.2
    endloop
  endfacet
  facet normal 0 0 1
    outer loop
      vertex 87.0354 8.60619 35.2
      vertex 86.8302 9.11349 35.2
      vertex 86.9378 8.74219 35.2
    endloop
  endfacet
  facet normal 0 0 1
    outer loop
      vertex 86.9378 8.74219 35.2
      vertex 86.8302 9.11349 35.2
      vertex 86.8579 8.88861 35.2
    endloop
  endfacet
  facet normal 0 0 1
    outer loop
      vertex 86.8302 9.11349 35.2
      vertex 86.79 9.06395 35.2
      vertex 86.8579 8.88861 35.2
    endloop
  endfacet
  facet normal -0 0 1
    outer loop
      vertex 86.7633 9.90744 35.2
      vertex 86.8302 9.11349 35.2
      vertex 86.8109 10.0686 35.2
    endloop
  endfacet
  facet normal -0 0 1
    outer loop
      vertex 86.7354 9.73991 35.2
      vertex 86.8302 9.11349 35.2
      vertex 86.7633 9.90744 35.2
    endloop
  endfacet
  facet normal -0 -0 1
    outer loop
      vertex 86.73 9.39746 35.2
      vertex 86.8302 9.11349 35.2
      vertex 86.7278 9.58955 35.2
    endloop
  endfacet
  facet normal 0 0 1
    outer loop
      vertex 86.8302 9.11349 35.2
      vertex 86.7354 9.73991 35.2
      vertex 86.7278 9.58955 35.2
    endloop
  endfacet
  facet normal -0 -0 1
    outer loop
      vertex 86.75 9.22775 35.2
      vertex 86.8302 9.11349 35.2
      vertex 86.73 9.39746 35.2
    endloop
  endfacet
  facet normal 0 0 1
    outer loop
      vertex 86.8302 9.11349 35.2
      vertex 86.75 9.22775 35.2
      vertex 86.79 9.06395 35.2
    endloop
  endfacet
  facet normal -0 0 1
    outer loop
      vertex 91.0642 -11.7623 35.2
      vertex 92.1734 -11.8432 35.2
      vertex 92.1762 -7.88568 35.2
    endloop
  endfacet
  facet normal 0 0 1
    outer loop
      vertex 91.0512 -11.8923 35.2
      vertex 92.1734 -11.8432 35.2
      vertex 91.0642 -11.7623 35.2
    endloop
  endfacet
  facet normal 0 0 1
    outer loop
      vertex 92.1734 -11.8432 35.2
      vertex 91.0512 -11.8923 35.2
      vertex 92.1503 -12.0597 35.2
    endloop
  endfacet
  facet normal 0 0 1
    outer loop
      vertex 92.1503 -12.0597 35.2
      vertex 91.0512 -11.8923 35.2
      vertex 92.0991 -12.2894 35.2
    endloop
  endfacet
  facet normal -0 0 1
    outer loop
      vertex 91.0202 -12.0164 35.2
      vertex 92.0991 -12.2894 35.2
      vertex 91.0512 -11.8923 35.2
    endloop
  endfacet
  facet normal 0 0 1
    outer loop
      vertex 92.0991 -12.2894 35.2
      vertex 91.0202 -12.0164 35.2
      vertex 92.0226 -12.5084 35.2
    endloop
  endfacet
  facet normal -0 0 1
    outer loop
      vertex 90.9727 -12.133 35.2
      vertex 92.0226 -12.5084 35.2
      vertex 91.0202 -12.0164 35.2
    endloop
  endfacet
  facet normal 0 0 1
    outer loop
      vertex 92.0226 -12.5084 35.2
      vertex 90.9727 -12.133 35.2
      vertex 91.9223 -12.7151 35.2
    endloop
  endfacet
  facet normal -0 0 1
    outer loop
      vertex 90.8981 -12.2579 35.2
      vertex 91.9223 -12.7151 35.2
      vertex 90.9727 -12.133 35.2
    endloop
  endfacet
  facet normal 0 0 1
    outer loop
      vertex 91.9223 -12.7151 35.2
      vertex 90.8981 -12.2579 35.2
      vertex 91.8237 -12.874 35.2
    endloop
  endfacet
  facet normal 0 0 1
    outer loop
      vertex 91.0645 -7.89279 35.2
      vertex 92.1762 -7.88568 35.2
      vertex 91.0778 -7.8849 35.2
    endloop
  endfacet
  facet normal 0 0 1
    outer loop
      vertex 92.1762 -7.88568 35.2
      vertex 91.0645 -7.89279 35.2
      vertex 91.0642 -11.7623 35.2
    endloop
  endfacet
  facet normal 0 0 1
    outer loop
      vertex 91.8237 -12.874 35.2
      vertex 90.8981 -12.2579 35.2
      vertex 91.7112 -13.0226 35.2
    endloop
  endfacet
  facet normal -0 0 1
    outer loop
      vertex 90.7754 -12.3975 35.2
      vertex 91.7112 -13.0226 35.2
      vertex 90.8981 -12.2579 35.2
    endloop
  endfacet
  facet normal 0 0 1
    outer loop
      vertex 91.7112 -13.0226 35.2
      vertex 90.7754 -12.3975 35.2
      vertex 91.5859 -13.1601 35.2
    endloop
  endfacet
  facet normal 0 0 1
    outer loop
      vertex 91.5859 -13.1601 35.2
      vertex 90.7754 -12.3975 35.2
      vertex 91.4484 -13.2855 35.2
    endloop
  endfacet
  facet normal -0 0 1
    outer loop
      vertex 90.6442 -12.4984 35.2
      vertex 91.4484 -13.2855 35.2
      vertex 90.7754 -12.3975 35.2
    endloop
  endfacet
  facet normal 0 0 1
    outer loop
      vertex 91.4484 -13.2855 35.2
      vertex 90.6442 -12.4984 35.2
      vertex 91.2998 -13.3979 35.2
    endloop
  endfacet
  facet normal 0 0 1
    outer loop
      vertex 91.2998 -13.3979 35.2
      vertex 90.6442 -12.4984 35.2
      vertex 91.1409 -13.4965 35.2
    endloop
  endfacet
  facet normal -0 0 1
    outer loop
      vertex 90.4956 -12.5742 35.2
      vertex 91.1409 -13.4965 35.2
      vertex 90.6442 -12.4984 35.2
    endloop
  endfacet
  facet normal 0 0 1
    outer loop
      vertex 91.1409 -13.4965 35.2
      vertex 90.4956 -12.5742 35.2
      vertex 90.9727 -13.5802 35.2
    endloop
  endfacet
  facet normal 0 0 1
    outer loop
      vertex 90.9727 -13.5802 35.2
      vertex 90.4956 -12.5742 35.2
      vertex 90.8161 -13.6415 35.2
    endloop
  endfacet
  facet normal -0 0 1
    outer loop
      vertex 90.3328 -12.6216 35.2
      vertex 90.8161 -13.6415 35.2
      vertex 90.4956 -12.5742 35.2
    endloop
  endfacet
  facet normal 0 0 1
    outer loop
      vertex 90.8161 -13.6415 35.2
      vertex 90.3328 -12.6216 35.2
      vertex 90.5491 -13.713 35.2
    endloop
  endfacet
  facet normal 0 0 1
    outer loop
      vertex 90.3328 -12.6216 35.2
      vertex 90.2909 -13.746 35.2
      vertex 90.5491 -13.713 35.2
    endloop
  endfacet
  facet normal -0 0 1
    outer loop
      vertex 90.1812 -12.6373 35.2
      vertex 90.2909 -13.746 35.2
      vertex 90.3328 -12.6216 35.2
    endloop
  endfacet
  facet normal 0 0 1
    outer loop
      vertex 90.1812 -12.6373 35.2
      vertex 88.9326 -13.75 35.2
      vertex 90.2909 -13.746 35.2
    endloop
  endfacet
  facet normal -0 0 1
    outer loop
      vertex 88.8276 -12.6375 35.2
      vertex 88.9326 -13.75 35.2
      vertex 90.1812 -12.6373 35.2
    endloop
  endfacet
  facet normal 0 0 1
    outer loop
      vertex 88.6073 -13.7381 35.2
      vertex 88.8276 -12.6375 35.2
      vertex 88.6752 -12.6247 35.2
    endloop
  endfacet
  facet normal 0 0 1
    outer loop
      vertex 88.8276 -12.6375 35.2
      vertex 88.6073 -13.7381 35.2
      vertex 88.9326 -13.75 35.2
    endloop
  endfacet
  facet normal 0 0 1
    outer loop
      vertex 88.2909 -13.6775 35.2
      vertex 88.6752 -12.6247 35.2
      vertex 88.5309 -12.5874 35.2
    endloop
  endfacet
  facet normal 0 0 1
    outer loop
      vertex 88.6752 -12.6247 35.2
      vertex 88.4575 -13.716 35.2
      vertex 88.6073 -13.7381 35.2
    endloop
  endfacet
  facet normal 0 0 1
    outer loop
      vertex 87.9942 -13.5694 35.2
      vertex 88.5309 -12.5874 35.2
      vertex 88.397 -12.528 35.2
    endloop
  endfacet
  facet normal 0 0 1
    outer loop
      vertex 88.6752 -12.6247 35.2
      vertex 88.2909 -13.6775 35.2
      vertex 88.4575 -13.716 35.2
    endloop
  endfacet
  facet normal 0 0 1
    outer loop
      vertex 87.7211 -13.4181 35.2
      vertex 88.397 -12.528 35.2
      vertex 88.2593 -12.4355 35.2
    endloop
  endfacet
  facet normal 0 0 1
    outer loop
      vertex 88.5309 -12.5874 35.2
      vertex 88.1498 -13.6327 35.2
      vertex 88.2909 -13.6775 35.2
    endloop
  endfacet
  facet normal 0 0 1
    outer loop
      vertex 87.4761 -13.2277 35.2
      vertex 88.2593 -12.4355 35.2
      vertex 88.1412 -12.32 35.2
    endloop
  endfacet
  facet normal 0 0 1
    outer loop
      vertex 87.1526 -12.8524 35.2
      vertex 88.1412 -12.32 35.2
      vertex 88.0563 -12.2024 35.2
    endloop
  endfacet
  facet normal 0 0 1
    outer loop
      vertex 88.5309 -12.5874 35.2
      vertex 87.9942 -13.5694 35.2
      vertex 88.1498 -13.6327 35.2
    endloop
  endfacet
  facet normal 0 0 1
    outer loop
      vertex 86.9912 -12.5611 35.2
      vertex 88.0563 -12.2024 35.2
      vertex 87.9834 -12.0522 35.2
    endloop
  endfacet
  facet normal 0 0 1
    outer loop
      vertex 86.8846 -12.2636 35.2
      vertex 87.9834 -12.0522 35.2
      vertex 87.9429 -11.9093 35.2
    endloop
  endfacet
  facet normal 0 0 1
    outer loop
      vertex 86.8256 -11.9467 35.2
      vertex 87.9429 -11.9093 35.2
      vertex 87.9264 -11.7357 35.2
    endloop
  endfacet
  facet normal 0 0 1
    outer loop
      vertex 88.397 -12.528 35.2
      vertex 87.8635 -13.504 35.2
      vertex 87.9942 -13.5694 35.2
    endloop
  endfacet
  facet normal -0 0 1
    outer loop
      vertex 86.8148 -7.88019 35.2
      vertex 87.9264 -11.7357 35.2
      vertex 87.9244 -7.86949 35.2
    endloop
  endfacet
  facet normal 0 -0 1
    outer loop
      vertex 86.8256 -11.9467 35.2
      vertex 87.9264 -11.7357 35.2
      vertex 86.8156 -11.7934 35.2
    endloop
  endfacet
  facet normal 0 0 1
    outer loop
      vertex 88.397 -12.528 35.2
      vertex 87.7211 -13.4181 35.2
      vertex 87.8635 -13.504 35.2
    endloop
  endfacet
  facet normal 0 0 1
    outer loop
      vertex 88.2593 -12.4355 35.2
      vertex 87.6031 -13.3338 35.2
      vertex 87.7211 -13.4181 35.2
    endloop
  endfacet
  facet normal 0 0 1
    outer loop
      vertex 88.2593 -12.4355 35.2
      vertex 87.4761 -13.2277 35.2
      vertex 87.6031 -13.3338 35.2
    endloop
  endfacet
  facet normal 0 0 1
    outer loop
      vertex 88.1412 -12.32 35.2
      vertex 87.3583 -13.1116 35.2
      vertex 87.4761 -13.2277 35.2
    endloop
  endfacet
  facet normal 0 0 1
    outer loop
      vertex 88.1412 -12.32 35.2
      vertex 87.2502 -12.9863 35.2
      vertex 87.3583 -13.1116 35.2
    endloop
  endfacet
  facet normal 0 0 1
    outer loop
      vertex 88.1412 -12.32 35.2
      vertex 87.1526 -12.8524 35.2
      vertex 87.2502 -12.9863 35.2
    endloop
  endfacet
  facet normal 0 0 1
    outer loop
      vertex 88.0563 -12.2024 35.2
      vertex 87.0661 -12.7104 35.2
      vertex 87.1526 -12.8524 35.2
    endloop
  endfacet
  facet normal 0 0 1
    outer loop
      vertex 88.0563 -12.2024 35.2
      vertex 86.9912 -12.5611 35.2
      vertex 87.0661 -12.7104 35.2
    endloop
  endfacet
  facet normal 0 0 1
    outer loop
      vertex 87.9834 -12.0522 35.2
      vertex 86.9358 -12.425 35.2
      vertex 86.9912 -12.5611 35.2
    endloop
  endfacet
  facet normal 0 0 1
    outer loop
      vertex 87.9834 -12.0522 35.2
      vertex 86.8846 -12.2636 35.2
      vertex 86.9358 -12.425 35.2
    endloop
  endfacet
  facet normal 0 0 1
    outer loop
      vertex 87.9429 -11.9093 35.2
      vertex 86.8509 -12.1179 35.2
      vertex 86.8846 -12.2636 35.2
    endloop
  endfacet
  facet normal 0 0 1
    outer loop
      vertex 86.8148 -7.88019 35.2
      vertex 87.9244 -7.86949 35.2
      vertex 86.8252 -7.86949 35.2
    endloop
  endfacet
  facet normal 0 0 1
    outer loop
      vertex 87.9429 -11.9093 35.2
      vertex 86.8256 -11.9467 35.2
      vertex 86.8509 -12.1179 35.2
    endloop
  endfacet
  facet normal 0 0 1
    outer loop
      vertex 87.9264 -11.7357 35.2
      vertex 86.8148 -7.88019 35.2
      vertex 86.8156 -11.7934 35.2
    endloop
  endfacet
  facet normal 0 0 1
    outer loop
      vertex 90.0906 -2.72516 35.2
      vertex 88.9805 -2.6154 35.2
      vertex 88.9836 -6.09464 35.2
    endloop
  endfacet
  facet normal 0 0 1
    outer loop
      vertex 89.3246 -1.33221 35.2
      vertex 88.9631 -2.52449 35.2
      vertex 88.9805 -2.6154 35.2
    endloop
  endfacet
  facet normal 0 0 1
    outer loop
      vertex 88.7132 -2.26021 35.2
      vertex 89.1465 -1.24251 35.2
      vertex 88.9601 -1.17552 35.2
    endloop
  endfacet
  facet normal 0 0 1
    outer loop
      vertex 89.3246 -1.33221 35.2
      vertex 88.9327 -2.44856 35.2
      vertex 88.9631 -2.52449 35.2
    endloop
  endfacet
  facet normal 0 0 1
    outer loop
      vertex 89.3246 -1.33221 35.2
      vertex 88.8764 -2.36836 35.2
      vertex 88.9327 -2.44856 35.2
    endloop
  endfacet
  facet normal 0 0 1
    outer loop
      vertex 89.3246 -1.33221 35.2
      vertex 88.8075 -2.30925 35.2
      vertex 88.8764 -2.36836 35.2
    endloop
  endfacet
  facet normal 0 0 1
    outer loop
      vertex 88.6206 -2.23285 35.2
      vertex 88.9601 -1.17552 35.2
      vertex 88.7686 -1.13162 35.2
    endloop
  endfacet
  facet normal 0 0 1
    outer loop
      vertex 89.3246 -1.33221 35.2
      vertex 88.7132 -2.26021 35.2
      vertex 88.8075 -2.30925 35.2
    endloop
  endfacet
  facet normal 0 0 1
    outer loop
      vertex 88.9601 -1.17552 35.2
      vertex 88.6206 -2.23285 35.2
      vertex 88.7132 -2.26021 35.2
    endloop
  endfacet
  facet normal 0 0 1
    outer loop
      vertex 88.5164 -2.21906 35.2
      vertex 88.7686 -1.13162 35.2
      vertex 88.5942 -1.11198 35.2
    endloop
  endfacet
  facet normal 0 0 1
    outer loop
      vertex 88.7686 -1.13162 35.2
      vertex 88.5164 -2.21906 35.2
      vertex 88.6206 -2.23285 35.2
    endloop
  endfacet
  facet normal 0 0 1
    outer loop
      vertex 88.3174 -1.10684 35.2
      vertex 88.5164 -2.21906 35.2
      vertex 88.5942 -1.11198 35.2
    endloop
  endfacet
  facet normal 0 0 1
    outer loop
      vertex 88.5164 -2.21906 35.2
      vertex 88.3174 -1.10684 35.2
      vertex 88.3739 -2.22046 35.2
    endloop
  endfacet
  facet normal -0 0 1
    outer loop
      vertex 88.1238 -1.12872 35.2
      vertex 88.3739 -2.22046 35.2
      vertex 88.3174 -1.10684 35.2
    endloop
  endfacet
  facet normal 0 0 1
    outer loop
      vertex 88.3739 -2.22046 35.2
      vertex 88.1238 -1.12872 35.2
      vertex 88.2859 -2.23531 35.2
    endloop
  endfacet
  facet normal -0 0 1
    outer loop
      vertex 87.9324 -1.1739 35.2
      vertex 88.2859 -2.23531 35.2
      vertex 88.1238 -1.12872 35.2
    endloop
  endfacet
  facet normal 0 0 1
    outer loop
      vertex 88.2859 -2.23531 35.2
      vertex 87.9324 -1.1739 35.2
      vertex 88.1954 -2.26549 35.2
    endloop
  endfacet
  facet normal -0 0 1
    outer loop
      vertex 87.7464 -1.24208 35.2
      vertex 88.1954 -2.26549 35.2
      vertex 87.9324 -1.1739 35.2
    endloop
  endfacet
  facet normal -0 0 1
    outer loop
      vertex 87.5688 -1.33299 35.2
      vertex 88.1954 -2.26549 35.2
      vertex 87.7464 -1.24208 35.2
    endloop
  endfacet
  facet normal 0 0 1
    outer loop
      vertex 88.1954 -2.26549 35.2
      vertex 87.5688 -1.33299 35.2
      vertex 88.1204 -2.30615 35.2
    endloop
  endfacet
  facet normal -0 0 1
    outer loop
      vertex 87.4027 -1.44633 35.2
      vertex 88.1204 -2.30615 35.2
      vertex 87.5688 -1.33299 35.2
    endloop
  endfacet
  facet normal 0 0 1
    outer loop
      vertex 88.1204 -2.30615 35.2
      vertex 87.4027 -1.44633 35.2
      vertex 88.0667 -2.34851 35.2
    endloop
  endfacet
  facet normal -0 0 1
    outer loop
      vertex 87.2655 -1.56729 35.2
      vertex 88.0667 -2.34851 35.2
      vertex 87.4027 -1.44633 35.2
    endloop
  endfacet
  facet normal 0 0 1
    outer loop
      vertex 88.0667 -2.34851 35.2
      vertex 87.2655 -1.56729 35.2
      vertex 88.0181 -2.40262 35.2
    endloop
  endfacet
  facet normal -0 0 1
    outer loop
      vertex 87.1422 -1.7059 35.2
      vertex 88.0181 -2.40262 35.2
      vertex 87.2655 -1.56729 35.2
    endloop
  endfacet
  facet normal 0 0 1
    outer loop
      vertex 87.9264 -2.72185 35.2
      vertex 86.8121 -5.22566 35.2
      vertex 87.794 -6.93468 35.2
    endloop
  endfacet
  facet normal -0 0 1
    outer loop
      vertex 87.0351 -1.86203 35.2
      vertex 88.0181 -2.40262 35.2
      vertex 87.1422 -1.7059 35.2
    endloop
  endfacet
  facet normal 0 0 1
    outer loop
      vertex 87.794 -6.93468 35.2
      vertex 86.8121 -5.22566 35.2
      vertex 87.6218 -6.81921 35.2
    endloop
  endfacet
  facet normal 0 0 1
    outer loop
      vertex 88.0181 -2.40262 35.2
      vertex 87.0351 -1.86203 35.2
      vertex 87.9773 -2.46996 35.2
    endloop
  endfacet
  facet normal 0 0 1
    outer loop
      vertex 87.6218 -6.81921 35.2
      vertex 86.8121 -5.22566 35.2
      vertex 87.4476 -6.673 35.2
    endloop
  endfacet
  facet normal -0 0 1
    outer loop
      vertex 86.9464 -2.03548 35.2
      vertex 87.9773 -2.46996 35.2
      vertex 87.0351 -1.86203 35.2
    endloop
  endfacet
  facet normal 0 0 1
    outer loop
      vertex 87.4476 -6.673 35.2
      vertex 86.8121 -5.22566 35.2
      vertex 87.2909 -6.50836 35.2
    endloop
  endfacet
  facet normal -0 0 1
    outer loop
      vertex 86.8848 -2.20392 35.2
      vertex 87.9773 -2.46996 35.2
      vertex 86.9464 -2.03548 35.2
    endloop
  endfacet
  facet normal 0 0 1
    outer loop
      vertex 87.2909 -6.50836 35.2
      vertex 86.8121 -5.22566 35.2
      vertex 87.1534 -6.32697 35.2
    endloop
  endfacet
  facet normal 0 0 1
    outer loop
      vertex 87.9773 -2.46996 35.2
      vertex 86.8848 -2.20392 35.2
      vertex 87.9337 -2.61533 35.2
    endloop
  endfacet
  facet normal 0 0 1
    outer loop
      vertex 87.1534 -6.32697 35.2
      vertex 86.8121 -5.22566 35.2
      vertex 87.0367 -6.13037 35.2
    endloop
  endfacet
  facet normal -0 0 1
    outer loop
      vertex 86.8369 -2.40945 35.2
      vertex 87.9337 -2.61533 35.2
      vertex 86.8848 -2.20392 35.2
    endloop
  endfacet
  facet normal -0 0 1
    outer loop
      vertex 86.8151 -2.60603 35.2
      vertex 87.9337 -2.61533 35.2
      vertex 86.8369 -2.40945 35.2
    endloop
  endfacet
  facet normal 0 0 1
    outer loop
      vertex 87.0367 -6.13037 35.2
      vertex 86.8121 -5.22566 35.2
      vertex 86.9502 -5.93991 35.2
    endloop
  endfacet
  facet normal 0 0 1
    outer loop
      vertex 87.9337 -2.61533 35.2
      vertex 86.8151 -2.60603 35.2
      vertex 87.9264 -2.72185 35.2
    endloop
  endfacet
  facet normal 0 0 1
    outer loop
      vertex 87.9264 -2.72185 35.2
      vertex 86.8151 -2.60603 35.2
      vertex 86.8121 -5.22566 35.2
    endloop
  endfacet
  facet normal 0 0 1
    outer loop
      vertex 86.9502 -5.93991 35.2
      vertex 86.8121 -5.22566 35.2
      vertex 86.878 -5.71896 35.2
    endloop
  endfacet
  facet normal 0 0 1
    outer loop
      vertex 86.878 -5.71896 35.2
      vertex 86.8121 -5.22566 35.2
      vertex 86.8346 -5.50916 35.2
    endloop
  endfacet
  facet normal -0 0 1
    outer loop
      vertex 91.0828 -1.31766 35.2
      vertex 92.1742 -1.32475 35.2
      vertex 92.1602 -1.31766 35.2
    endloop
  endfacet
  facet normal 0 0 1
    outer loop
      vertex 92.1742 -1.32475 35.2
      vertex 91.0645 -5.20779 35.2
      vertex 92.1708 -5.32228 35.2
    endloop
  endfacet
  facet normal 0 0 1
    outer loop
      vertex 91.051 -5.3588 35.2
      vertex 92.1708 -5.32228 35.2
      vertex 91.0645 -5.20779 35.2
    endloop
  endfacet
  facet normal 0 0 1
    outer loop
      vertex 92.1708 -5.32228 35.2
      vertex 91.051 -5.3588 35.2
      vertex 92.1427 -5.55833 35.2
    endloop
  endfacet
  facet normal 0 0 1
    outer loop
      vertex 92.1427 -5.55833 35.2
      vertex 91.051 -5.3588 35.2
      vertex 92.0872 -5.78539 35.2
    endloop
  endfacet
  facet normal -0 0 1
    outer loop
      vertex 91.0124 -5.50156 35.2
      vertex 92.0872 -5.78539 35.2
      vertex 91.051 -5.3588 35.2
    endloop
  endfacet
  facet normal 0 0 1
    outer loop
      vertex 92.0872 -5.78539 35.2
      vertex 91.0124 -5.50156 35.2
      vertex 92.0064 -6.00175 35.2
    endloop
  endfacet
  facet normal -0 0 1
    outer loop
      vertex 90.951 -5.63411 35.2
      vertex 92.0064 -6.00175 35.2
      vertex 91.0124 -5.50156 35.2
    endloop
  endfacet
  facet normal 0 0 1
    outer loop
      vertex 92.0064 -6.00175 35.2
      vertex 90.951 -5.63411 35.2
      vertex 91.9019 -6.2058 35.2
    endloop
  endfacet
  facet normal 0 0 1
    outer loop
      vertex 91.9019 -6.2058 35.2
      vertex 90.951 -5.63411 35.2
      vertex 91.7877 -6.37917 35.2
    endloop
  endfacet
  facet normal 0 0 1
    outer loop
      vertex 92.1742 -1.32475 35.2
      vertex 91.0828 -1.31766 35.2
      vertex 91.0645 -5.20779 35.2
    endloop
  endfacet
  facet normal 0 0 1
    outer loop
      vertex 91.0645 -5.20779 35.2
      vertex 91.0828 -1.31766 35.2
      vertex 91.0645 -1.32039 35.2
    endloop
  endfacet
  facet normal -0 0 1
    outer loop
      vertex 90.8694 -5.75444 35.2
      vertex 91.7877 -6.37917 35.2
      vertex 90.951 -5.63411 35.2
    endloop
  endfacet
  facet normal 0 0 1
    outer loop
      vertex 91.7877 -6.37917 35.2
      vertex 90.8694 -5.75444 35.2
      vertex 91.6428 -6.55515 35.2
    endloop
  endfacet
  facet normal -0 0 1
    outer loop
      vertex 90.7698 -5.86053 35.2
      vertex 91.6428 -6.55515 35.2
      vertex 90.8694 -5.75444 35.2
    endloop
  endfacet
  facet normal 0 0 1
    outer loop
      vertex 91.6428 -6.55515 35.2
      vertex 90.7698 -5.86053 35.2
      vertex 91.4793 -6.7141 35.2
    endloop
  endfacet
  facet normal -0 0 1
    outer loop
      vertex 90.6548 -5.95032 35.2
      vertex 91.4793 -6.7141 35.2
      vertex 90.7698 -5.86053 35.2
    endloop
  endfacet
  facet normal 0 0 1
    outer loop
      vertex 91.4793 -6.7141 35.2
      vertex 90.6548 -5.95032 35.2
      vertex 91.2989 -6.85425 35.2
    endloop
  endfacet
  facet normal 0 0 1
    outer loop
      vertex 91.2989 -6.85425 35.2
      vertex 90.6548 -5.95032 35.2
      vertex 91.1035 -6.97415 35.2
    endloop
  endfacet
  facet normal -0 0 1
    outer loop
      vertex 90.5268 -6.0218 35.2
      vertex 91.1035 -6.97415 35.2
      vertex 90.6548 -5.95032 35.2
    endloop
  endfacet
  facet normal 0 0 1
    outer loop
      vertex 91.1035 -6.97415 35.2
      vertex 90.5268 -6.0218 35.2
      vertex 90.9141 -7.06415 35.2
    endloop
  endfacet
  facet normal -0 0 1
    outer loop
      vertex 90.3881 -6.07289 35.2
      vertex 90.9141 -7.06415 35.2
      vertex 90.5268 -6.0218 35.2
    endloop
  endfacet
  facet normal 0 0 1
    outer loop
      vertex 90.9141 -7.06415 35.2
      vertex 90.3881 -6.07289 35.2
      vertex 90.6947 -7.14062 35.2
    endloop
  endfacet
  facet normal 0 0 1
    outer loop
      vertex 90.6947 -7.14062 35.2
      vertex 90.3881 -6.07289 35.2
      vertex 90.4866 -7.18854 35.2
    endloop
  endfacet
  facet normal -0 0 1
    outer loop
      vertex 90.2412 -6.10167 35.2
      vertex 90.4866 -7.18854 35.2
      vertex 90.3881 -6.07289 35.2
    endloop
  endfacet
  facet normal 0 0 1
    outer loop
      vertex 90.4866 -7.18854 35.2
      vertex 90.2412 -6.10167 35.2
      vertex 90.3151 -7.21106 35.2
    endloop
  endfacet
  facet normal 0 0 1
    outer loop
      vertex 90.2412 -6.10167 35.2
      vertex 90.1618 -7.2188 35.2
      vertex 90.3151 -7.21106 35.2
    endloop
  endfacet
  facet normal -0 0 1
    outer loop
      vertex 90.0925 -6.10547 35.2
      vertex 90.1618 -7.2188 35.2
      vertex 90.2412 -6.10167 35.2
    endloop
  endfacet
  facet normal 0 0 1
    outer loop
      vertex 90.0445 -2.30849 35.2
      vertex 88.9805 -2.6154 35.2
      vertex 90.0804 -2.52223 35.2
    endloop
  endfacet
  facet normal 0 0 1
    outer loop
      vertex 89.985 -2.11154 35.2
      vertex 88.9805 -2.6154 35.2
      vertex 90.0445 -2.30849 35.2
    endloop
  endfacet
  facet normal 0 0 1
    outer loop
      vertex 89.8937 -1.91255 35.2
      vertex 88.9805 -2.6154 35.2
      vertex 89.985 -2.11154 35.2
    endloop
  endfacet
  facet normal 0 0 1
    outer loop
      vertex 89.779 -1.73482 35.2
      vertex 88.9805 -2.6154 35.2
      vertex 89.8937 -1.91255 35.2
    endloop
  endfacet
  facet normal 0 0 1
    outer loop
      vertex 89.6439 -1.57869 35.2
      vertex 88.9805 -2.6154 35.2
      vertex 89.779 -1.73482 35.2
    endloop
  endfacet
  facet normal 0 0 1
    outer loop
      vertex 90.0906 -2.72516 35.2
      vertex 88.9836 -6.09464 35.2
      vertex 90.0925 -6.10547 35.2
    endloop
  endfacet
  facet normal 0 0 1
    outer loop
      vertex 89.4914 -1.44437 35.2
      vertex 88.9805 -2.6154 35.2
      vertex 89.6439 -1.57869 35.2
    endloop
  endfacet
  facet normal 0 0 1
    outer loop
      vertex 89.3246 -1.33221 35.2
      vertex 88.9805 -2.6154 35.2
      vertex 89.4914 -1.44437 35.2
    endloop
  endfacet
  facet normal 0 0 1
    outer loop
      vertex 88.7132 -2.26021 35.2
      vertex 89.3246 -1.33221 35.2
      vertex 89.1465 -1.24251 35.2
    endloop
  endfacet
  facet normal 0 0 1
    outer loop
      vertex 90.0804 -2.52223 35.2
      vertex 88.9805 -2.6154 35.2
      vertex 90.0906 -2.72516 35.2
    endloop
  endfacet
  facet normal 0 0 1
    outer loop
      vertex 88.9753 -6.10744 35.2
      vertex 90.0925 -6.10547 35.2
      vertex 88.9836 -6.09464 35.2
    endloop
  endfacet
  facet normal 0 0 1
    outer loop
      vertex 90.0925 -6.10547 35.2
      vertex 88.9753 -6.10744 35.2
      vertex 90.1618 -7.2188 35.2
    endloop
  endfacet
  facet normal 0 0 1
    outer loop
      vertex 88.9753 -6.10744 35.2
      vertex 88.8077 -7.21887 35.2
      vertex 90.1618 -7.2188 35.2
    endloop
  endfacet
  facet normal 0 0 1
    outer loop
      vertex 88.717 -6.10075 35.2
      vertex 88.8077 -7.21887 35.2
      vertex 88.9753 -6.10744 35.2
    endloop
  endfacet
  facet normal 0 0 1
    outer loop
      vertex 88.717 -6.10075 35.2
      vertex 88.632 -7.20985 35.2
      vertex 88.8077 -7.21887 35.2
    endloop
  endfacet
  facet normal 0 0 1
    outer loop
      vertex 88.4185 -7.17784 35.2
      vertex 88.717 -6.10075 35.2
      vertex 88.5699 -6.07007 35.2
    endloop
  endfacet
  facet normal 0 0 1
    outer loop
      vertex 88.1926 -7.1174 35.2
      vertex 88.5699 -6.07007 35.2
      vertex 88.4326 -6.01639 35.2
    endloop
  endfacet
  facet normal 0 0 1
    outer loop
      vertex 88.717 -6.10075 35.2
      vertex 88.4185 -7.17784 35.2
      vertex 88.632 -7.20985 35.2
    endloop
  endfacet
  facet normal 0 0 1
    outer loop
      vertex 87.794 -6.93468 35.2
      vertex 88.4326 -6.01639 35.2
      vertex 88.3072 -5.94188 35.2
    endloop
  endfacet
  facet normal 0 0 1
    outer loop
      vertex 88.5699 -6.07007 35.2
      vertex 88.1926 -7.1174 35.2
      vertex 88.4185 -7.17784 35.2
    endloop
  endfacet
  facet normal 0 0 1
    outer loop
      vertex 87.794 -6.93468 35.2
      vertex 88.3072 -5.94188 35.2
      vertex 88.1813 -5.83401 35.2
    endloop
  endfacet
  facet normal 0 0 1
    outer loop
      vertex 87.794 -6.93468 35.2
      vertex 88.1813 -5.83401 35.2
      vertex 88.0771 -5.70503 35.2
    endloop
  endfacet
  facet normal 0 0 1
    outer loop
      vertex 87.794 -6.93468 35.2
      vertex 88.0771 -5.70503 35.2
      vertex 88.0062 -5.57733 35.2
    endloop
  endfacet
  facet normal 0 0 1
    outer loop
      vertex 88.4326 -6.01639 35.2
      vertex 87.997 -7.04092 35.2
      vertex 88.1926 -7.1174 35.2
    endloop
  endfacet
  facet normal 0 0 1
    outer loop
      vertex 87.794 -6.93468 35.2
      vertex 88.0062 -5.57733 35.2
      vertex 87.9565 -5.4381 35.2
    endloop
  endfacet
  facet normal 0 0 1
    outer loop
      vertex 87.794 -6.93468 35.2
      vertex 87.9565 -5.4381 35.2
      vertex 87.9301 -5.28941 35.2
    endloop
  endfacet
  facet normal 0 0 1
    outer loop
      vertex 88.4326 -6.01639 35.2
      vertex 87.794 -6.93468 35.2
      vertex 87.997 -7.04092 35.2
    endloop
  endfacet
  facet normal 0 0 1
    outer loop
      vertex 87.794 -6.93468 35.2
      vertex 87.9301 -5.28941 35.2
      vertex 87.9264 -2.72185 35.2
    endloop
  endfacet
  facet normal -0 0 1
    outer loop
      vertex 91.1732 3.16225 35.2
      vertex 92.272 3.14255 35.2
      vertex 92.267 3.29305 35.2
    endloop
  endfacet
  facet normal 0 0 1
    outer loop
      vertex 91.1659 3.23381 35.2
      vertex 92.267 3.29305 35.2
      vertex 92.2423 3.46114 35.2
    endloop
  endfacet
  facet normal 0 0 1
    outer loop
      vertex 92.272 3.14255 35.2
      vertex 91.1732 3.16225 35.2
      vertex 92.2609 2.99254 35.2
    endloop
  endfacet
  facet normal 0 0 1
    outer loop
      vertex 91.1659 3.23381 35.2
      vertex 92.2423 3.46114 35.2
      vertex 92.2043 3.6032 35.2
    endloop
  endfacet
  facet normal -0 0 1
    outer loop
      vertex 91.1606 3.08344 35.2
      vertex 92.2609 2.99254 35.2
      vertex 91.1732 3.16225 35.2
    endloop
  endfacet
  facet normal 0 0 1
    outer loop
      vertex 91.1366 3.31183 35.2
      vertex 92.2043 3.6032 35.2
      vertex 92.1431 3.75856 35.2
    endloop
  endfacet
  facet normal 0 0 1
    outer loop
      vertex 92.2609 2.99254 35.2
      vertex 91.1606 3.08344 35.2
      vertex 92.2294 2.82607 35.2
    endloop
  endfacet
  facet normal 0 0 1
    outer loop
      vertex 91.1366 3.31183 35.2
      vertex 92.1431 3.75856 35.2
      vertex 92.0635 3.90506 35.2
    endloop
  endfacet
  facet normal 0 0 1
    outer loop
      vertex 92.2294 2.82607 35.2
      vertex 91.1606 3.08344 35.2
      vertex 92.1859 2.68584 35.2
    endloop
  endfacet
  facet normal 0 0 1
    outer loop
      vertex 91.1366 3.31183 35.2
      vertex 92.0635 3.90506 35.2
      vertex 91.9665 4.04114 35.2
    endloop
  endfacet
  facet normal -0 0 1
    outer loop
      vertex 91.1353 3.02441 35.2
      vertex 92.1859 2.68584 35.2
      vertex 91.1606 3.08344 35.2
    endloop
  endfacet
  facet normal 0 0 1
    outer loop
      vertex 91.0917 3.37143 35.2
      vertex 91.9665 4.04114 35.2
      vertex 91.8528 4.16539 35.2
    endloop
  endfacet
  facet normal 0 0 1
    outer loop
      vertex 92.1859 2.68584 35.2
      vertex 91.1353 3.02441 35.2
      vertex 92.1186 2.53314 35.2
    endloop
  endfacet
  facet normal 0 0 1
    outer loop
      vertex 91.0917 3.37143 35.2
      vertex 91.8528 4.16539 35.2
      vertex 91.7403 4.26312 35.2
    endloop
  endfacet
  facet normal 0 0 1
    outer loop
      vertex 92.1186 2.53314 35.2
      vertex 91.1353 3.02441 35.2
      vertex 92.0333 2.39003 35.2
    endloop
  endfacet
  facet normal 0 0 1
    outer loop
      vertex 91.0477 3.40759 35.2
      vertex 91.7403 4.26312 35.2
      vertex 91.6164 4.34952 35.2
    endloop
  endfacet
  facet normal 0 0 1
    outer loop
      vertex 92.0333 2.39003 35.2
      vertex 91.1353 3.02441 35.2
      vertex 91.9446 2.27386 35.2
    endloop
  endfacet
  facet normal -0 0 1
    outer loop
      vertex 91.0896 2.96565 35.2
      vertex 91.9446 2.27386 35.2
      vertex 91.1353 3.02441 35.2
    endloop
  endfacet
  facet normal 0 0 1
    outer loop
      vertex 92.267 3.29305 35.2
      vertex 91.1659 3.23381 35.2
      vertex 91.1732 3.16225 35.2
    endloop
  endfacet
  facet normal 0 0 1
    outer loop
      vertex 92.2043 3.6032 35.2
      vertex 91.1366 3.31183 35.2
      vertex 91.1659 3.23381 35.2
    endloop
  endfacet
  facet normal 0 0 1
    outer loop
      vertex 91.9665 4.04114 35.2
      vertex 91.0917 3.37143 35.2
      vertex 91.1366 3.31183 35.2
    endloop
  endfacet
  facet normal 0 0 1
    outer loop
      vertex 91.7403 4.26312 35.2
      vertex 91.0477 3.40759 35.2
      vertex 91.0917 3.37143 35.2
    endloop
  endfacet
  facet normal -0 0 1
    outer loop
      vertex 86.8148 6.05214 35.2
      vertex 91.6164 4.34952 35.2
      vertex 86.8148 7.34143 35.2
    endloop
  endfacet
  facet normal 0 0 1
    outer loop
      vertex 91.6164 4.34952 35.2
      vertex 86.8148 6.05214 35.2
      vertex 91.0477 3.40759 35.2
    endloop
  endfacet
  facet normal 0 0 1
    outer loop
      vertex 91.9446 2.27386 35.2
      vertex 91.0896 2.96565 35.2
      vertex 91.8275 2.15269 35.2
    endloop
  endfacet
  facet normal 0 0 1
    outer loop
      vertex 91.8275 2.15269 35.2
      vertex 91.0896 2.96565 35.2
      vertex 91.7123 2.058 35.2
    endloop
  endfacet
  facet normal -0 0 1
    outer loop
      vertex 91.0451 2.93033 35.2
      vertex 91.7123 2.058 35.2
      vertex 91.0896 2.96565 35.2
    endloop
  endfacet
  facet normal 0 0 1
    outer loop
      vertex 91.7123 2.058 35.2
      vertex 91.0451 2.93033 35.2
      vertex 91.6042 1.98608 35.2
    endloop
  endfacet
  facet normal 0 0 1
    outer loop
      vertex 86.8268 0.381836 35.2
      vertex 91.6042 1.98608 35.2
      vertex 91.0451 2.93033 35.2
    endloop
  endfacet
  facet normal 0 0 1
    outer loop
      vertex 86.8148 -0.90062 35.2
      vertex 86.8268 0.381836 35.2
      vertex 86.8148 0.367493 35.2
    endloop
  endfacet
  facet normal -0 0 1
    outer loop
      vertex 86.8268 0.381836 35.2
      vertex 86.8148 -0.90062 35.2
      vertex 91.6042 1.98608 35.2
    endloop
  endfacet
  facet normal 0.631321 -0.775522 0
    outer loop
      vertex 87.1837 10.6193 35.2
      vertex 87.316 10.727 36
      vertex 87.1837 10.6193 36
    endloop
  endfacet
  facet normal 0.631321 -0.775522 0
    outer loop
      vertex 87.316 10.727 36
      vertex 87.1837 10.6193 35.2
      vertex 87.316 10.727 35.2
    endloop
  endfacet
  facet normal 0.711521 -0.702664 0
    outer loop
      vertex 87.0647 10.4988 36
      vertex 87.1837 10.6193 35.2
      vertex 87.1837 10.6193 36
    endloop
  endfacet
  facet normal 0.711521 -0.702664 0
    outer loop
      vertex 87.1837 10.6193 35.2
      vertex 87.0647 10.4988 36
      vertex 87.0647 10.4988 35.2
    endloop
  endfacet
  facet normal 0.792646 -0.609682 0
    outer loop
      vertex 86.9624 10.3658 36
      vertex 87.0647 10.4988 35.2
      vertex 87.0647 10.4988 36
    endloop
  endfacet
  facet normal 0.792646 -0.609682 0
    outer loop
      vertex 87.0647 10.4988 35.2
      vertex 86.9624 10.3658 36
      vertex 86.9624 10.3658 35.2
    endloop
  endfacet
  facet normal 0.861534 -0.5077 0
    outer loop
      vertex 86.8776 10.2219 36
      vertex 86.9624 10.3658 35.2
      vertex 86.9624 10.3658 36
    endloop
  endfacet
  facet normal 0.861534 -0.5077 0
    outer loop
      vertex 86.9624 10.3658 35.2
      vertex 86.8776 10.2219 36
      vertex 86.8776 10.2219 35.2
    endloop
  endfacet
  facet normal 0.916965 -0.398967 0
    outer loop
      vertex 86.8109 10.0686 36
      vertex 86.8776 10.2219 35.2
      vertex 86.8776 10.2219 36
    endloop
  endfacet
  facet normal 0.916965 -0.398967 0
    outer loop
      vertex 86.8776 10.2219 35.2
      vertex 86.8109 10.0686 36
      vertex 86.8109 10.0686 35.2
    endloop
  endfacet
  facet normal 0.959043 -0.283262 0
    outer loop
      vertex 86.7633 9.90744 36
      vertex 86.8109 10.0686 35.2
      vertex 86.8109 10.0686 36
    endloop
  endfacet
  facet normal 0.959043 -0.283262 0
    outer loop
      vertex 86.8109 10.0686 35.2
      vertex 86.7633 9.90744 36
      vertex 86.7633 9.90744 35.2
    endloop
  endfacet
  facet normal 0.986415 -0.164275 0
    outer loop
      vertex 86.7354 9.73991 36
      vertex 86.7633 9.90744 35.2
      vertex 86.7633 9.90744 36
    endloop
  endfacet
  facet normal 0.986415 -0.164275 0
    outer loop
      vertex 86.7633 9.90744 35.2
      vertex 86.7354 9.73991 36
      vertex 86.7354 9.73991 35.2
    endloop
  endfacet
  facet normal 0.998725 -0.0504809 0
    outer loop
      vertex 86.7278 9.58955 36
      vertex 86.7354 9.73991 35.2
      vertex 86.7354 9.73991 36
    endloop
  endfacet
  facet normal 0.998725 -0.0504809 0
    outer loop
      vertex 86.7354 9.73991 35.2
      vertex 86.7278 9.58955 36
      vertex 86.7278 9.58955 35.2
    endloop
  endfacet
  facet normal 0.999934 0.0114522 0
    outer loop
      vertex 86.73 9.39746 36
      vertex 86.7278 9.58955 35.2
      vertex 86.7278 9.58955 36
    endloop
  endfacet
  facet normal 0.999934 0.0114522 0
    outer loop
      vertex 86.7278 9.58955 35.2
      vertex 86.73 9.39746 36
      vertex 86.73 9.39746 35.2
    endloop
  endfacet
  facet normal 0.993127 0.117038 0
    outer loop
      vertex 86.75 9.22775 36
      vertex 86.73 9.39746 35.2
      vertex 86.73 9.39746 36
    endloop
  endfacet
  facet normal 0.993127 0.117038 0
    outer loop
      vertex 86.73 9.39746 35.2
      vertex 86.75 9.22775 36
      vertex 86.75 9.22775 35.2
    endloop
  endfacet
  facet normal 0.971454 0.237229 0
    outer loop
      vertex 86.79 9.06395 36
      vertex 86.75 9.22775 35.2
      vertex 86.75 9.22775 36
    endloop
  endfacet
  facet normal 0.971454 0.237229 0
    outer loop
      vertex 86.75 9.22775 35.2
      vertex 86.79 9.06395 36
      vertex 86.79 9.06395 35.2
    endloop
  endfacet
  facet normal 0.932521 0.361116 0
    outer loop
      vertex 86.8579 8.88861 36
      vertex 86.79 9.06395 35.2
      vertex 86.79 9.06395 36
    endloop
  endfacet
  facet normal 0.932521 0.361116 0
    outer loop
      vertex 86.79 9.06395 35.2
      vertex 86.8579 8.88861 36
      vertex 86.8579 8.88861 35.2
    endloop
  endfacet
  facet normal 0.877808 0.479012 0
    outer loop
      vertex 86.9378 8.74219 36
      vertex 86.8579 8.88861 35.2
      vertex 86.8579 8.88861 36
    endloop
  endfacet
  facet normal 0.877808 0.479012 0
    outer loop
      vertex 86.8579 8.88861 35.2
      vertex 86.9378 8.74219 36
      vertex 86.9378 8.74219 35.2
    endloop
  endfacet
  facet normal 0.81244 0.583045 0
    outer loop
      vertex 87.0354 8.60619 36
      vertex 86.9378 8.74219 35.2
      vertex 86.9378 8.74219 36
    endloop
  endfacet
  facet normal 0.81244 0.583045 0
    outer loop
      vertex 86.9378 8.74219 35.2
      vertex 87.0354 8.60619 36
      vertex 87.0354 8.60619 35.2
    endloop
  endfacet
  facet normal 0.736015 0.676965 0
    outer loop
      vertex 87.1497 8.48192 36
      vertex 87.0354 8.60619 35.2
      vertex 87.0354 8.60619 36
    endloop
  endfacet
  facet normal 0.736015 0.676965 0
    outer loop
      vertex 87.0354 8.60619 35.2
      vertex 87.1497 8.48192 36
      vertex 87.1497 8.48192 35.2
    endloop
  endfacet
  facet normal 0.647603 0.761978 -0
    outer loop
      vertex 87.2964 8.35724 35.2
      vertex 87.1497 8.48192 36
      vertex 87.2964 8.35724 36
    endloop
  endfacet
  facet normal 0.647603 0.761978 0
    outer loop
      vertex 87.1497 8.48192 36
      vertex 87.2964 8.35724 35.2
      vertex 87.1497 8.48192 35.2
    endloop
  endfacet
  facet normal 0.530796 0.8475 -0
    outer loop
      vertex 92.1667 5.30693 35.2
      vertex 87.2964 8.35724 36
      vertex 92.1667 5.30693 36
    endloop
  endfacet
  facet normal 0.530796 0.8475 0
    outer loop
      vertex 87.2964 8.35724 36
      vertex 92.1667 5.30693 35.2
      vertex 87.2964 8.35724 35.2
    endloop
  endfacet
  facet normal 0.0686898 0.997638 -0
    outer loop
      vertex 92.1789 5.30609 35.2
      vertex 92.1667 5.30693 36
      vertex 92.1789 5.30609 36
    endloop
  endfacet
  facet normal 0.0686898 0.997638 0
    outer loop
      vertex 92.1667 5.30693 36
      vertex 92.1789 5.30609 35.2
      vertex 92.1667 5.30693 35.2
    endloop
  endfacet
  facet normal -0.999999 -0.0010141 0
    outer loop
      vertex 92.1789 5.30609 35.2
      vertex 92.1737 10.4338 36
      vertex 92.1737 10.4338 35.2
    endloop
  endfacet
  facet normal -0.999999 -0.0010141 0
    outer loop
      vertex 92.1737 10.4338 36
      vertex 92.1789 5.30609 35.2
      vertex 92.1789 5.30609 36
    endloop
  endfacet
  facet normal 0.239873 -0.970804 0
    outer loop
      vertex 86.8302 9.11349 35.2
      vertex 92.1737 10.4338 36
      vertex 86.8302 9.11349 36
    endloop
  endfacet
  facet normal 0.239873 -0.970804 0
    outer loop
      vertex 92.1737 10.4338 36
      vertex 86.8302 9.11349 35.2
      vertex 92.1737 10.4338 35.2
    endloop
  endfacet
  facet normal -0.528652 0.848839 0
    outer loop
      vertex 92.175 12.4422 35.2
      vertex 86.8302 9.11349 36
      vertex 92.175 12.4422 36
    endloop
  endfacet
  facet normal -0.528652 0.848839 0
    outer loop
      vertex 86.8302 9.11349 36
      vertex 92.175 12.4422 35.2
      vertex 86.8302 9.11349 35.2
    endloop
  endfacet
  facet normal -0.999996 0.00298209 0
    outer loop
      vertex 92.175 12.4422 35.2
      vertex 92.1789 13.75 36
      vertex 92.1789 13.75 35.2
    endloop
  endfacet
  facet normal -0.999996 0.00298209 0
    outer loop
      vertex 92.1789 13.75 36
      vertex 92.175 12.4422 35.2
      vertex 92.175 12.4422 36
    endloop
  endfacet
  facet normal 0.527949 -0.849276 0
    outer loop
      vertex 87.316 10.727 35.2
      vertex 92.1789 13.75 36
      vertex 87.316 10.727 36
    endloop
  endfacet
  facet normal 0.527949 -0.849276 0
    outer loop
      vertex 92.1789 13.75 36
      vertex 87.316 10.727 35.2
      vertex 92.1789 13.75 35.2
    endloop
  endfacet
  facet normal 0 -1 0
    outer loop
      vertex 91.0828 -1.31766 35.2
      vertex 92.1602 -1.31766 36
      vertex 91.0828 -1.31766 36
    endloop
  endfacet
  facet normal 0 -1 -0
    outer loop
      vertex 92.1602 -1.31766 36
      vertex 91.0828 -1.31766 35.2
      vertex 92.1602 -1.31766 35.2
    endloop
  endfacet
  facet normal 0.147548 -0.989055 0
    outer loop
      vertex 91.0645 -1.32039 35.2
      vertex 91.0828 -1.31766 36
      vertex 91.0645 -1.32039 36
    endloop
  endfacet
  facet normal 0.147548 -0.989055 0
    outer loop
      vertex 91.0828 -1.31766 36
      vertex 91.0645 -1.32039 35.2
      vertex 91.0828 -1.31766 35.2
    endloop
  endfacet
  facet normal 1 -0 0
    outer loop
      vertex 91.0645 -5.20779 36
      vertex 91.0645 -1.32039 35.2
      vertex 91.0645 -1.32039 36
    endloop
  endfacet
  facet normal 1 0 0
    outer loop
      vertex 91.0645 -1.32039 35.2
      vertex 91.0645 -5.20779 36
      vertex 91.0645 -5.20779 35.2
    endloop
  endfacet
  facet normal 0.996028 -0.0890429 0
    outer loop
      vertex 91.051 -5.3588 36
      vertex 91.0645 -5.20779 35.2
      vertex 91.0645 -5.20779 36
    endloop
  endfacet
  facet normal 0.996028 -0.0890429 0
    outer loop
      vertex 91.0645 -5.20779 35.2
      vertex 91.051 -5.3588 36
      vertex 91.051 -5.3588 35.2
    endloop
  endfacet
  facet normal 0.965336 -0.261011 0
    outer loop
      vertex 91.0124 -5.50156 36
      vertex 91.051 -5.3588 35.2
      vertex 91.051 -5.3588 36
    endloop
  endfacet
  facet normal 0.965336 -0.261011 0
    outer loop
      vertex 91.051 -5.3588 35.2
      vertex 91.0124 -5.50156 36
      vertex 91.0124 -5.50156 35.2
    endloop
  endfacet
  facet normal 0.907377 -0.420317 0
    outer loop
      vertex 90.951 -5.63411 36
      vertex 91.0124 -5.50156 35.2
      vertex 91.0124 -5.50156 36
    endloop
  endfacet
  facet normal 0.907377 -0.420317 0
    outer loop
      vertex 91.0124 -5.50156 35.2
      vertex 90.951 -5.63411 36
      vertex 90.951 -5.63411 35.2
    endloop
  endfacet
  facet normal 0.827644 -0.561254 0
    outer loop
      vertex 90.8694 -5.75444 36
      vertex 90.951 -5.63411 35.2
      vertex 90.951 -5.63411 36
    endloop
  endfacet
  facet normal 0.827644 -0.561254 0
    outer loop
      vertex 90.951 -5.63411 35.2
      vertex 90.8694 -5.75444 36
      vertex 90.8694 -5.75444 35.2
    endloop
  endfacet
  facet normal 0.729055 -0.684455 0
    outer loop
      vertex 90.7698 -5.86053 36
      vertex 90.8694 -5.75444 35.2
      vertex 90.8694 -5.75444 36
    endloop
  endfacet
  facet normal 0.729055 -0.684455 0
    outer loop
      vertex 90.8694 -5.75444 35.2
      vertex 90.7698 -5.86053 36
      vertex 90.7698 -5.86053 35.2
    endloop
  endfacet
  facet normal 0.615415 -0.788203 0
    outer loop
      vertex 90.6548 -5.95032 35.2
      vertex 90.7698 -5.86053 36
      vertex 90.6548 -5.95032 36
    endloop
  endfacet
  facet normal 0.615415 -0.788203 0
    outer loop
      vertex 90.7698 -5.86053 36
      vertex 90.6548 -5.95032 35.2
      vertex 90.7698 -5.86053 35.2
    endloop
  endfacet
  facet normal 0.487565 -0.873087 0
    outer loop
      vertex 90.5268 -6.0218 35.2
      vertex 90.6548 -5.95032 36
      vertex 90.5268 -6.0218 36
    endloop
  endfacet
  facet normal 0.487565 -0.873087 0
    outer loop
      vertex 90.6548 -5.95032 36
      vertex 90.5268 -6.0218 35.2
      vertex 90.6548 -5.95032 35.2
    endloop
  endfacet
  facet normal 0.345646 -0.938365 0
    outer loop
      vertex 90.3881 -6.07289 35.2
      vertex 90.5268 -6.0218 36
      vertex 90.3881 -6.07289 36
    endloop
  endfacet
  facet normal 0.345646 -0.938365 0
    outer loop
      vertex 90.5268 -6.0218 36
      vertex 90.3881 -6.07289 35.2
      vertex 90.5268 -6.0218 35.2
    endloop
  endfacet
  facet normal 0.192261 -0.981344 0
    outer loop
      vertex 90.2412 -6.10167 35.2
      vertex 90.3881 -6.07289 36
      vertex 90.2412 -6.10167 36
    endloop
  endfacet
  facet normal 0.192261 -0.981344 0
    outer loop
      vertex 90.3881 -6.07289 36
      vertex 90.2412 -6.10167 35.2
      vertex 90.3881 -6.07289 35.2
    endloop
  endfacet
  facet normal 0.0255465 -0.999674 0
    outer loop
      vertex 90.0925 -6.10547 35.2
      vertex 90.2412 -6.10167 36
      vertex 90.0925 -6.10547 36
    endloop
  endfacet
  facet normal 0.0255465 -0.999674 0
    outer loop
      vertex 90.2412 -6.10167 36
      vertex 90.0925 -6.10547 35.2
      vertex 90.2412 -6.10167 35.2
    endloop
  endfacet
  facet normal -1 -0.000562079 0
    outer loop
      vertex 90.0925 -6.10547 35.2
      vertex 90.0906 -2.72516 36
      vertex 90.0906 -2.72516 35.2
    endloop
  endfacet
  facet normal -1 -0.000562079 0
    outer loop
      vertex 90.0906 -2.72516 36
      vertex 90.0925 -6.10547 35.2
      vertex 90.0925 -6.10547 36
    endloop
  endfacet
  facet normal -0.998739 -0.0502003 0
    outer loop
      vertex 90.0906 -2.72516 35.2
      vertex 90.0804 -2.52223 36
      vertex 90.0804 -2.52223 35.2
    endloop
  endfacet
  facet normal -0.998739 -0.0502003 0
    outer loop
      vertex 90.0804 -2.52223 36
      vertex 90.0906 -2.72516 35.2
      vertex 90.0906 -2.72516 36
    endloop
  endfacet
  facet normal -0.986186 -0.165641 0
    outer loop
      vertex 90.0804 -2.52223 35.2
      vertex 90.0445 -2.30849 36
      vertex 90.0445 -2.30849 35.2
    endloop
  endfacet
  facet normal -0.986186 -0.165641 0
    outer loop
      vertex 90.0445 -2.30849 36
      vertex 90.0804 -2.52223 35.2
      vertex 90.0804 -2.52223 36
    endloop
  endfacet
  facet normal -0.957269 -0.289198 0
    outer loop
      vertex 90.0445 -2.30849 35.2
      vertex 89.985 -2.11154 36
      vertex 89.985 -2.11154 35.2
    endloop
  endfacet
  facet normal -0.957269 -0.289198 0
    outer loop
      vertex 89.985 -2.11154 36
      vertex 90.0445 -2.30849 35.2
      vertex 90.0445 -2.30849 36
    endloop
  endfacet
  facet normal -0.908898 -0.417018 0
    outer loop
      vertex 89.985 -2.11154 35.2
      vertex 89.8937 -1.91255 36
      vertex 89.8937 -1.91255 35.2
    endloop
  endfacet
  facet normal -0.908898 -0.417018 0
    outer loop
      vertex 89.8937 -1.91255 36
      vertex 89.985 -2.11154 35.2
      vertex 89.985 -2.11154 36
    endloop
  endfacet
  facet normal -0.84022 -0.542245 0
    outer loop
      vertex 89.8937 -1.91255 35.2
      vertex 89.779 -1.73482 36
      vertex 89.779 -1.73482 35.2
    endloop
  endfacet
  facet normal -0.84022 -0.542245 0
    outer loop
      vertex 89.779 -1.73482 36
      vertex 89.8937 -1.91255 35.2
      vertex 89.8937 -1.91255 36
    endloop
  endfacet
  facet normal -0.756199 -0.654342 0
    outer loop
      vertex 89.779 -1.73482 35.2
      vertex 89.6439 -1.57869 36
      vertex 89.6439 -1.57869 35.2
    endloop
  endfacet
  facet normal -0.756199 -0.654342 0
    outer loop
      vertex 89.6439 -1.57869 36
      vertex 89.779 -1.73482 35.2
      vertex 89.779 -1.73482 36
    endloop
  endfacet
  facet normal -0.660961 -0.750421 0
    outer loop
      vertex 89.4914 -1.44437 35.2
      vertex 89.6439 -1.57869 36
      vertex 89.4914 -1.44437 36
    endloop
  endfacet
  facet normal -0.660961 -0.750421 -0
    outer loop
      vertex 89.6439 -1.57869 36
      vertex 89.4914 -1.44437 35.2
      vertex 89.6439 -1.57869 35.2
    endloop
  endfacet
  facet normal -0.558002 -0.829839 0
    outer loop
      vertex 89.3246 -1.33221 35.2
      vertex 89.4914 -1.44437 36
      vertex 89.3246 -1.33221 36
    endloop
  endfacet
  facet normal -0.558002 -0.829839 -0
    outer loop
      vertex 89.4914 -1.44437 36
      vertex 89.3246 -1.33221 35.2
      vertex 89.4914 -1.44437 35.2
    endloop
  endfacet
  facet normal -0.449819 -0.89312 0
    outer loop
      vertex 89.1465 -1.24251 35.2
      vertex 89.3246 -1.33221 36
      vertex 89.1465 -1.24251 36
    endloop
  endfacet
  facet normal -0.449819 -0.89312 -0
    outer loop
      vertex 89.3246 -1.33221 36
      vertex 89.1465 -1.24251 35.2
      vertex 89.3246 -1.33221 35.2
    endloop
  endfacet
  facet normal -0.33821 -0.941071 0
    outer loop
      vertex 88.9601 -1.17552 35.2
      vertex 89.1465 -1.24251 36
      vertex 88.9601 -1.17552 36
    endloop
  endfacet
  facet normal -0.33821 -0.941071 -0
    outer loop
      vertex 89.1465 -1.24251 36
      vertex 88.9601 -1.17552 35.2
      vertex 89.1465 -1.24251 35.2
    endloop
  endfacet
  facet normal -0.223447 -0.974716 0
    outer loop
      vertex 88.7686 -1.13162 35.2
      vertex 88.9601 -1.17552 36
      vertex 88.7686 -1.13162 36
    endloop
  endfacet
  facet normal -0.223447 -0.974716 -0
    outer loop
      vertex 88.9601 -1.17552 36
      vertex 88.7686 -1.13162 35.2
      vertex 88.9601 -1.17552 35.2
    endloop
  endfacet
  facet normal -0.111907 -0.993719 0
    outer loop
      vertex 88.5942 -1.11198 35.2
      vertex 88.7686 -1.13162 36
      vertex 88.5942 -1.11198 36
    endloop
  endfacet
  facet normal -0.111907 -0.993719 -0
    outer loop
      vertex 88.7686 -1.13162 36
      vertex 88.5942 -1.11198 35.2
      vertex 88.7686 -1.13162 35.2
    endloop
  endfacet
  facet normal -0.0185662 -0.999828 0
    outer loop
      vertex 88.3174 -1.10684 35.2
      vertex 88.5942 -1.11198 36
      vertex 88.3174 -1.10684 36
    endloop
  endfacet
  facet normal -0.0185662 -0.999828 -0
    outer loop
      vertex 88.5942 -1.11198 36
      vertex 88.3174 -1.10684 35.2
      vertex 88.5942 -1.11198 35.2
    endloop
  endfacet
  facet normal 0.112302 -0.993674 0
    outer loop
      vertex 88.1238 -1.12872 35.2
      vertex 88.3174 -1.10684 36
      vertex 88.1238 -1.12872 36
    endloop
  endfacet
  facet normal 0.112302 -0.993674 0
    outer loop
      vertex 88.3174 -1.10684 36
      vertex 88.1238 -1.12872 35.2
      vertex 88.3174 -1.10684 35.2
    endloop
  endfacet
  facet normal 0.229736 -0.973253 0
    outer loop
      vertex 87.9324 -1.1739 35.2
      vertex 88.1238 -1.12872 36
      vertex 87.9324 -1.1739 36
    endloop
  endfacet
  facet normal 0.229736 -0.973253 0
    outer loop
      vertex 88.1238 -1.12872 36
      vertex 87.9324 -1.1739 35.2
      vertex 88.1238 -1.12872 35.2
    endloop
  endfacet
  facet normal 0.344166 -0.938909 0
    outer loop
      vertex 87.7464 -1.24208 35.2
      vertex 87.9324 -1.1739 36
      vertex 87.7464 -1.24208 36
    endloop
  endfacet
  facet normal 0.344166 -0.938909 0
    outer loop
      vertex 87.9324 -1.1739 36
      vertex 87.7464 -1.24208 35.2
      vertex 87.9324 -1.1739 35.2
    endloop
  endfacet
  facet normal 0.455654 -0.890157 0
    outer loop
      vertex 87.5688 -1.33299 35.2
      vertex 87.7464 -1.24208 36
      vertex 87.5688 -1.33299 36
    endloop
  endfacet
  facet normal 0.455654 -0.890157 0
    outer loop
      vertex 87.7464 -1.24208 36
      vertex 87.5688 -1.33299 35.2
      vertex 87.7464 -1.24208 35.2
    endloop
  endfacet
  facet normal 0.563642 -0.826019 0
    outer loop
      vertex 87.4027 -1.44633 35.2
      vertex 87.5688 -1.33299 36
      vertex 87.4027 -1.44633 36
    endloop
  endfacet
  facet normal 0.563642 -0.826019 0
    outer loop
      vertex 87.5688 -1.33299 36
      vertex 87.4027 -1.44633 35.2
      vertex 87.5688 -1.33299 35.2
    endloop
  endfacet
  facet normal 0.661318 -0.750106 0
    outer loop
      vertex 87.2655 -1.56729 35.2
      vertex 87.4027 -1.44633 36
      vertex 87.2655 -1.56729 36
    endloop
  endfacet
  facet normal 0.661318 -0.750106 0
    outer loop
      vertex 87.4027 -1.44633 36
      vertex 87.2655 -1.56729 35.2
      vertex 87.4027 -1.44633 35.2
    endloop
  endfacet
  facet normal 0.747165 -0.664638 0
    outer loop
      vertex 87.1422 -1.7059 36
      vertex 87.2655 -1.56729 35.2
      vertex 87.2655 -1.56729 36
    endloop
  endfacet
  facet normal 0.747165 -0.664638 0
    outer loop
      vertex 87.2655 -1.56729 35.2
      vertex 87.1422 -1.7059 36
      vertex 87.1422 -1.7059 35.2
    endloop
  endfacet
  facet normal 0.824632 -0.56567 0
    outer loop
      vertex 87.0351 -1.86203 36
      vertex 87.1422 -1.7059 35.2
      vertex 87.1422 -1.7059 36
    endloop
  endfacet
  facet normal 0.824632 -0.56567 0
    outer loop
      vertex 87.1422 -1.7059 35.2
      vertex 87.0351 -1.86203 36
      vertex 87.0351 -1.86203 35.2
    endloop
  endfacet
  facet normal 0.890335 -0.455305 0
    outer loop
      vertex 86.9464 -2.03548 36
      vertex 87.0351 -1.86203 35.2
      vertex 87.0351 -1.86203 36
    endloop
  endfacet
  facet normal 0.890335 -0.455305 0
    outer loop
      vertex 87.0351 -1.86203 35.2
      vertex 86.9464 -2.03548 36
      vertex 86.9464 -2.03548 35.2
    endloop
  endfacet
  facet normal 0.939167 -0.343462 0
    outer loop
      vertex 86.8848 -2.20392 36
      vertex 86.9464 -2.03548 35.2
      vertex 86.9464 -2.03548 36
    endloop
  endfacet
  facet normal 0.939167 -0.343462 0
    outer loop
      vertex 86.9464 -2.03548 35.2
      vertex 86.8848 -2.20392 36
      vertex 86.8848 -2.20392 35.2
    endloop
  endfacet
  facet normal 0.973901 -0.226973 0
    outer loop
      vertex 86.8369 -2.40945 36
      vertex 86.8848 -2.20392 35.2
      vertex 86.8848 -2.20392 36
    endloop
  endfacet
  facet normal 0.973901 -0.226973 0
    outer loop
      vertex 86.8848 -2.20392 35.2
      vertex 86.8369 -2.40945 36
      vertex 86.8369 -2.40945 35.2
    endloop
  endfacet
  facet normal 0.993907 -0.110221 0
    outer loop
      vertex 86.8151 -2.60603 36
      vertex 86.8369 -2.40945 35.2
      vertex 86.8369 -2.40945 36
    endloop
  endfacet
  facet normal 0.993907 -0.110221 0
    outer loop
      vertex 86.8369 -2.40945 35.2
      vertex 86.8151 -2.60603 36
      vertex 86.8151 -2.60603 35.2
    endloop
  endfacet
  facet normal 0.999999 -0.0011452 0
    outer loop
      vertex 86.8121 -5.22566 36
      vertex 86.8151 -2.60603 35.2
      vertex 86.8151 -2.60603 36
    endloop
  endfacet
  facet normal 0.999999 -0.0011452 0
    outer loop
      vertex 86.8151 -2.60603 35.2
      vertex 86.8121 -5.22566 36
      vertex 86.8121 -5.22566 35.2
    endloop
  endfacet
  facet normal 0.996865 0.0791163 0
    outer loop
      vertex 86.8346 -5.50916 36
      vertex 86.8121 -5.22566 35.2
      vertex 86.8121 -5.22566 36
    endloop
  endfacet
  facet normal 0.996865 0.0791163 0
    outer loop
      vertex 86.8121 -5.22566 35.2
      vertex 86.8346 -5.50916 36
      vertex 86.8346 -5.50916 35.2
    endloop
  endfacet
  facet normal 0.979267 0.202575 0
    outer loop
      vertex 86.878 -5.71896 36
      vertex 86.8346 -5.50916 35.2
      vertex 86.8346 -5.50916 36
    endloop
  endfacet
  facet normal 0.979267 0.202575 0
    outer loop
      vertex 86.8346 -5.50916 35.2
      vertex 86.878 -5.71896 36
      vertex 86.878 -5.71896 35.2
    endloop
  endfacet
  facet normal 0.950538 0.310608 0
    outer loop
      vertex 86.9502 -5.93991 36
      vertex 86.878 -5.71896 35.2
      vertex 86.878 -5.71896 36
    endloop
  endfacet
  facet normal 0.950538 0.310608 0
    outer loop
      vertex 86.878 -5.71896 35.2
      vertex 86.9502 -5.93991 36
      vertex 86.9502 -5.93991 35.2
    endloop
  endfacet
  facet normal 0.910497 0.413515 0
    outer loop
      vertex 87.0367 -6.13037 36
      vertex 86.9502 -5.93991 35.2
      vertex 86.9502 -5.93991 36
    endloop
  endfacet
  facet normal 0.910497 0.413515 0
    outer loop
      vertex 86.9502 -5.93991 35.2
      vertex 87.0367 -6.13037 36
      vertex 87.0367 -6.13037 35.2
    endloop
  endfacet
  facet normal 0.859915 0.510438 0
    outer loop
      vertex 87.1534 -6.32697 36
      vertex 87.0367 -6.13037 35.2
      vertex 87.0367 -6.13037 36
    endloop
  endfacet
  facet normal 0.859915 0.510438 0
    outer loop
      vertex 87.0367 -6.13037 35.2
      vertex 87.1534 -6.32697 36
      vertex 87.1534 -6.32697 35.2
    endloop
  endfacet
  facet normal 0.796916 0.60409 0
    outer loop
      vertex 87.2909 -6.50836 36
      vertex 87.1534 -6.32697 35.2
      vertex 87.1534 -6.32697 36
    endloop
  endfacet
  facet normal 0.796916 0.60409 0
    outer loop
      vertex 87.1534 -6.32697 35.2
      vertex 87.2909 -6.50836 36
      vertex 87.2909 -6.50836 35.2
    endloop
  endfacet
  facet normal 0.724358 0.689424 0
    outer loop
      vertex 87.4476 -6.673 36
      vertex 87.2909 -6.50836 35.2
      vertex 87.2909 -6.50836 36
    endloop
  endfacet
  facet normal 0.724358 0.689424 0
    outer loop
      vertex 87.2909 -6.50836 35.2
      vertex 87.4476 -6.673 36
      vertex 87.4476 -6.673 35.2
    endloop
  endfacet
  facet normal 0.642888 0.76596 -0
    outer loop
      vertex 87.6218 -6.81921 35.2
      vertex 87.4476 -6.673 36
      vertex 87.6218 -6.81921 36
    endloop
  endfacet
  facet normal 0.642888 0.76596 0
    outer loop
      vertex 87.4476 -6.673 36
      vertex 87.6218 -6.81921 35.2
      vertex 87.4476 -6.673 35.2
    endloop
  endfacet
  facet normal 0.556935 0.830556 -0
    outer loop
      vertex 87.794 -6.93468 35.2
      vertex 87.6218 -6.81921 36
      vertex 87.794 -6.93468 36
    endloop
  endfacet
  facet normal 0.556935 0.830556 0
    outer loop
      vertex 87.6218 -6.81921 36
      vertex 87.794 -6.93468 35.2
      vertex 87.6218 -6.81921 35.2
    endloop
  endfacet
  facet normal 0.463687 0.885999 -0
    outer loop
      vertex 87.997 -7.04092 35.2
      vertex 87.794 -6.93468 36
      vertex 87.997 -7.04092 36
    endloop
  endfacet
  facet normal 0.463687 0.885999 0
    outer loop
      vertex 87.794 -6.93468 36
      vertex 87.997 -7.04092 35.2
      vertex 87.794 -6.93468 35.2
    endloop
  endfacet
  facet normal 0.364155 0.931338 -0
    outer loop
      vertex 88.1926 -7.1174 35.2
      vertex 87.997 -7.04092 36
      vertex 88.1926 -7.1174 36
    endloop
  endfacet
  facet normal 0.364155 0.931338 0
    outer loop
      vertex 87.997 -7.04092 36
      vertex 88.1926 -7.1174 35.2
      vertex 87.997 -7.04092 35.2
    endloop
  endfacet
  facet normal 0.258461 0.966022 -0
    outer loop
      vertex 88.4185 -7.17784 35.2
      vertex 88.1926 -7.1174 36
      vertex 88.4185 -7.17784 36
    endloop
  endfacet
  facet normal 0.258461 0.966022 0
    outer loop
      vertex 88.1926 -7.1174 36
      vertex 88.4185 -7.17784 35.2
      vertex 88.1926 -7.1174 35.2
    endloop
  endfacet
  facet normal 0.148273 0.988947 -0
    outer loop
      vertex 88.632 -7.20985 35.2
      vertex 88.4185 -7.17784 36
      vertex 88.632 -7.20985 36
    endloop
  endfacet
  facet normal 0.148273 0.988947 0
    outer loop
      vertex 88.4185 -7.17784 36
      vertex 88.632 -7.20985 35.2
      vertex 88.4185 -7.17784 35.2
    endloop
  endfacet
  facet normal 0.05127 0.998685 -0
    outer loop
      vertex 88.8077 -7.21887 35.2
      vertex 88.632 -7.20985 36
      vertex 88.8077 -7.21887 36
    endloop
  endfacet
  facet normal 0.05127 0.998685 0
    outer loop
      vertex 88.632 -7.20985 36
      vertex 88.8077 -7.21887 35.2
      vertex 88.632 -7.20985 35.2
    endloop
  endfacet
  facet normal -5.16949e-05 1 0
    outer loop
      vertex 90.1618 -7.2188 35.2
      vertex 88.8077 -7.21887 36
      vertex 90.1618 -7.2188 36
    endloop
  endfacet
  facet normal -5.16949e-05 1 0
    outer loop
      vertex 88.8077 -7.21887 36
      vertex 90.1618 -7.2188 35.2
      vertex 88.8077 -7.21887 35.2
    endloop
  endfacet
  facet normal -0.050425 0.998728 0
    outer loop
      vertex 90.3151 -7.21106 35.2
      vertex 90.1618 -7.2188 36
      vertex 90.3151 -7.21106 36
    endloop
  endfacet
  facet normal -0.050425 0.998728 0
    outer loop
      vertex 90.1618 -7.2188 36
      vertex 90.3151 -7.21106 35.2
      vertex 90.1618 -7.2188 35.2
    endloop
  endfacet
  facet normal -0.130194 0.991489 0
    outer loop
      vertex 90.4866 -7.18854 35.2
      vertex 90.3151 -7.21106 36
      vertex 90.4866 -7.18854 36
    endloop
  endfacet
  facet normal -0.130194 0.991489 0
    outer loop
      vertex 90.3151 -7.21106 36
      vertex 90.4866 -7.18854 35.2
      vertex 90.3151 -7.21106 35.2
    endloop
  endfacet
  facet normal -0.224401 0.974497 0
    outer loop
      vertex 90.6947 -7.14062 35.2
      vertex 90.4866 -7.18854 36
      vertex 90.6947 -7.14062 36
    endloop
  endfacet
  facet normal -0.224401 0.974497 0
    outer loop
      vertex 90.4866 -7.18854 36
      vertex 90.6947 -7.14062 35.2
      vertex 90.4866 -7.18854 35.2
    endloop
  endfacet
  facet normal -0.329123 0.944287 0
    outer loop
      vertex 90.9141 -7.06415 35.2
      vertex 90.6947 -7.14062 36
      vertex 90.9141 -7.06415 36
    endloop
  endfacet
  facet normal -0.329123 0.944287 0
    outer loop
      vertex 90.6947 -7.14062 36
      vertex 90.9141 -7.06415 35.2
      vertex 90.6947 -7.14062 35.2
    endloop
  endfacet
  facet normal -0.429193 0.903213 0
    outer loop
      vertex 91.1035 -6.97415 35.2
      vertex 90.9141 -7.06415 36
      vertex 91.1035 -6.97415 36
    endloop
  endfacet
  facet normal -0.429193 0.903213 0
    outer loop
      vertex 90.9141 -7.06415 36
      vertex 91.1035 -6.97415 35.2
      vertex 90.9141 -7.06415 35.2
    endloop
  endfacet
  facet normal -0.523002 0.852332 0
    outer loop
      vertex 91.2989 -6.85425 35.2
      vertex 91.1035 -6.97415 36
      vertex 91.2989 -6.85425 36
    endloop
  endfacet
  facet normal -0.523002 0.852332 0
    outer loop
      vertex 91.1035 -6.97415 36
      vertex 91.2989 -6.85425 35.2
      vertex 91.1035 -6.97415 35.2
    endloop
  endfacet
  facet normal -0.613501 0.789694 0
    outer loop
      vertex 91.4793 -6.7141 35.2
      vertex 91.2989 -6.85425 36
      vertex 91.4793 -6.7141 36
    endloop
  endfacet
  facet normal -0.613501 0.789694 0
    outer loop
      vertex 91.2989 -6.85425 36
      vertex 91.4793 -6.7141 35.2
      vertex 91.2989 -6.85425 35.2
    endloop
  endfacet
  facet normal -0.69706 0.717013 0
    outer loop
      vertex 91.6428 -6.55515 35.2
      vertex 91.4793 -6.7141 36
      vertex 91.6428 -6.55515 36
    endloop
  endfacet
  facet normal -0.69706 0.717013 0
    outer loop
      vertex 91.4793 -6.7141 36
      vertex 91.6428 -6.55515 35.2
      vertex 91.4793 -6.7141 35.2
    endloop
  endfacet
  facet normal -0.771983 0.635643 0
    outer loop
      vertex 91.6428 -6.55515 35.2
      vertex 91.7877 -6.37917 36
      vertex 91.7877 -6.37917 35.2
    endloop
  endfacet
  facet normal -0.771983 0.635643 0
    outer loop
      vertex 91.7877 -6.37917 36
      vertex 91.6428 -6.55515 35.2
      vertex 91.6428 -6.55515 36
    endloop
  endfacet
  facet normal -0.835106 0.55009 0
    outer loop
      vertex 91.7877 -6.37917 35.2
      vertex 91.9019 -6.2058 36
      vertex 91.9019 -6.2058 35.2
    endloop
  endfacet
  facet normal -0.835106 0.55009 0
    outer loop
      vertex 91.9019 -6.2058 36
      vertex 91.7877 -6.37917 35.2
      vertex 91.7877 -6.37917 36
    endloop
  endfacet
  facet normal -0.890067 0.45583 0
    outer loop
      vertex 91.9019 -6.2058 35.2
      vertex 92.0064 -6.00175 36
      vertex 92.0064 -6.00175 35.2
    endloop
  endfacet
  facet normal -0.890067 0.45583 0
    outer loop
      vertex 92.0064 -6.00175 36
      vertex 91.9019 -6.2058 35.2
      vertex 91.9019 -6.2058 36
    endloop
  endfacet
  facet normal -0.936805 0.349851 0
    outer loop
      vertex 92.0064 -6.00175 35.2
      vertex 92.0872 -5.78539 36
      vertex 92.0872 -5.78539 35.2
    endloop
  endfacet
  facet normal -0.936805 0.349851 0
    outer loop
      vertex 92.0872 -5.78539 36
      vertex 92.0064 -6.00175 35.2
      vertex 92.0064 -6.00175 36
    endloop
  endfacet
  facet normal -0.971403 0.237439 0
    outer loop
      vertex 92.0872 -5.78539 35.2
      vertex 92.1427 -5.55833 36
      vertex 92.1427 -5.55833 35.2
    endloop
  endfacet
  facet normal -0.971403 0.237439 0
    outer loop
      vertex 92.1427 -5.55833 36
      vertex 92.0872 -5.78539 35.2
      vertex 92.0872 -5.78539 36
    endloop
  endfacet
  facet normal -0.992989 0.118208 0
    outer loop
      vertex 92.1427 -5.55833 35.2
      vertex 92.1708 -5.32228 36
      vertex 92.1708 -5.32228 35.2
    endloop
  endfacet
  facet normal -0.992989 0.118208 0
    outer loop
      vertex 92.1708 -5.32228 36
      vertex 92.1427 -5.55833 35.2
      vertex 92.1427 -5.55833 36
    endloop
  endfacet
  facet normal -1 0.000850525 0
    outer loop
      vertex 92.1708 -5.32228 35.2
      vertex 92.1742 -1.32475 36
      vertex 92.1742 -1.32475 35.2
    endloop
  endfacet
  facet normal -1 0.000850525 0
    outer loop
      vertex 92.1742 -1.32475 36
      vertex 92.1708 -5.32228 35.2
      vertex 92.1708 -5.32228 36
    endloop
  endfacet
  facet normal -0.451796 -0.892121 0
    outer loop
      vertex 92.1602 -1.31766 35.2
      vertex 92.1742 -1.32475 36
      vertex 92.1602 -1.31766 36
    endloop
  endfacet
  facet normal -0.451796 -0.892121 -0
    outer loop
      vertex 92.1742 -1.32475 36
      vertex 92.1602 -1.31766 35.2
      vertex 92.1742 -1.32475 35.2
    endloop
  endfacet
  facet normal -0.0258914 -0.999665 0
    outer loop
      vertex 88.717 -6.10075 35.2
      vertex 88.9753 -6.10744 36
      vertex 88.717 -6.10075 36
    endloop
  endfacet
  facet normal -0.0258914 -0.999665 -0
    outer loop
      vertex 88.9753 -6.10744 36
      vertex 88.717 -6.10075 35.2
      vertex 88.9753 -6.10744 35.2
    endloop
  endfacet
  facet normal -0.204172 -0.978935 0
    outer loop
      vertex 88.5699 -6.07007 35.2
      vertex 88.717 -6.10075 36
      vertex 88.5699 -6.07007 36
    endloop
  endfacet
  facet normal -0.204172 -0.978935 -0
    outer loop
      vertex 88.717 -6.10075 36
      vertex 88.5699 -6.07007 35.2
      vertex 88.717 -6.10075 35.2
    endloop
  endfacet
  facet normal -0.364128 -0.931349 0
    outer loop
      vertex 88.4326 -6.01639 35.2
      vertex 88.5699 -6.07007 36
      vertex 88.4326 -6.01639 36
    endloop
  endfacet
  facet normal -0.364128 -0.931349 -0
    outer loop
      vertex 88.5699 -6.07007 36
      vertex 88.4326 -6.01639 35.2
      vertex 88.5699 -6.07007 35.2
    endloop
  endfacet
  facet normal -0.510811 -0.859693 0
    outer loop
      vertex 88.3072 -5.94188 35.2
      vertex 88.4326 -6.01639 36
      vertex 88.3072 -5.94188 36
    endloop
  endfacet
  facet normal -0.510811 -0.859693 -0
    outer loop
      vertex 88.4326 -6.01639 36
      vertex 88.3072 -5.94188 35.2
      vertex 88.4326 -6.01639 35.2
    endloop
  endfacet
  facet normal -0.650637 -0.759389 0
    outer loop
      vertex 88.1813 -5.83401 35.2
      vertex 88.3072 -5.94188 36
      vertex 88.1813 -5.83401 36
    endloop
  endfacet
  facet normal -0.650637 -0.759389 -0
    outer loop
      vertex 88.3072 -5.94188 36
      vertex 88.1813 -5.83401 35.2
      vertex 88.3072 -5.94188 35.2
    endloop
  endfacet
  facet normal -0.777871 -0.628424 0
    outer loop
      vertex 88.1813 -5.83401 35.2
      vertex 88.0771 -5.70503 36
      vertex 88.0771 -5.70503 35.2
    endloop
  endfacet
  facet normal -0.777871 -0.628424 0
    outer loop
      vertex 88.0771 -5.70503 36
      vertex 88.1813 -5.83401 35.2
      vertex 88.1813 -5.83401 36
    endloop
  endfacet
  facet normal -0.874286 -0.48541 0
    outer loop
      vertex 88.0771 -5.70503 35.2
      vertex 88.0062 -5.57733 36
      vertex 88.0062 -5.57733 35.2
    endloop
  endfacet
  facet normal -0.874286 -0.48541 0
    outer loop
      vertex 88.0062 -5.57733 36
      vertex 88.0771 -5.70503 35.2
      vertex 88.0771 -5.70503 36
    endloop
  endfacet
  facet normal -0.941795 -0.336186 0
    outer loop
      vertex 88.0062 -5.57733 35.2
      vertex 87.9565 -5.4381 36
      vertex 87.9565 -5.4381 35.2
    endloop
  endfacet
  facet normal -0.941795 -0.336186 0
    outer loop
      vertex 87.9565 -5.4381 36
      vertex 88.0062 -5.57733 35.2
      vertex 88.0062 -5.57733 36
    endloop
  endfacet
  facet normal -0.984601 -0.174817 0
    outer loop
      vertex 87.9565 -5.4381 35.2
      vertex 87.9301 -5.28941 36
      vertex 87.9301 -5.28941 35.2
    endloop
  endfacet
  facet normal -0.984601 -0.174817 0
    outer loop
      vertex 87.9301 -5.28941 36
      vertex 87.9565 -5.4381 35.2
      vertex 87.9565 -5.4381 36
    endloop
  endfacet
  facet normal -0.999999 -0.00144106 0
    outer loop
      vertex 87.9301 -5.28941 35.2
      vertex 87.9264 -2.72185 36
      vertex 87.9264 -2.72185 35.2
    endloop
  endfacet
  facet normal -0.999999 -0.00144106 0
    outer loop
      vertex 87.9264 -2.72185 36
      vertex 87.9301 -5.28941 35.2
      vertex 87.9301 -5.28941 36
    endloop
  endfacet
  facet normal -0.99766 0.0683714 0
    outer loop
      vertex 87.9264 -2.72185 35.2
      vertex 87.9337 -2.61533 36
      vertex 87.9337 -2.61533 35.2
    endloop
  endfacet
  facet normal -0.99766 0.0683714 0
    outer loop
      vertex 87.9337 -2.61533 36
      vertex 87.9264 -2.72185 35.2
      vertex 87.9264 -2.72185 36
    endloop
  endfacet
  facet normal -0.957846 0.287281 0
    outer loop
      vertex 87.9337 -2.61533 35.2
      vertex 87.9773 -2.46996 36
      vertex 87.9773 -2.46996 35.2
    endloop
  endfacet
  facet normal -0.957846 0.287281 0
    outer loop
      vertex 87.9773 -2.46996 36
      vertex 87.9337 -2.61533 35.2
      vertex 87.9337 -2.61533 36
    endloop
  endfacet
  facet normal -0.855266 0.518189 0
    outer loop
      vertex 87.9773 -2.46996 35.2
      vertex 88.0181 -2.40262 36
      vertex 88.0181 -2.40262 35.2
    endloop
  endfacet
  facet normal -0.855266 0.518189 0
    outer loop
      vertex 88.0181 -2.40262 36
      vertex 87.9773 -2.46996 35.2
      vertex 87.9773 -2.46996 36
    endloop
  endfacet
  facet normal -0.743971 0.668212 0
    outer loop
      vertex 88.0181 -2.40262 35.2
      vertex 88.0667 -2.34851 36
      vertex 88.0667 -2.34851 35.2
    endloop
  endfacet
  facet normal -0.743971 0.668212 0
    outer loop
      vertex 88.0667 -2.34851 36
      vertex 88.0181 -2.40262 35.2
      vertex 88.0181 -2.40262 36
    endloop
  endfacet
  facet normal -0.619331 0.78513 0
    outer loop
      vertex 88.1204 -2.30615 35.2
      vertex 88.0667 -2.34851 36
      vertex 88.1204 -2.30615 36
    endloop
  endfacet
  facet normal -0.619331 0.78513 0
    outer loop
      vertex 88.0667 -2.34851 36
      vertex 88.1204 -2.30615 35.2
      vertex 88.0667 -2.34851 35.2
    endloop
  endfacet
  facet normal -0.4766 0.87912 0
    outer loop
      vertex 88.1954 -2.26549 35.2
      vertex 88.1204 -2.30615 36
      vertex 88.1954 -2.26549 36
    endloop
  endfacet
  facet normal -0.4766 0.87912 0
    outer loop
      vertex 88.1204 -2.30615 36
      vertex 88.1954 -2.26549 35.2
      vertex 88.1204 -2.30615 35.2
    endloop
  endfacet
  facet normal -0.316354 0.948641 0
    outer loop
      vertex 88.2859 -2.23531 35.2
      vertex 88.1954 -2.26549 36
      vertex 88.2859 -2.23531 36
    endloop
  endfacet
  facet normal -0.316354 0.948641 0
    outer loop
      vertex 88.1954 -2.26549 36
      vertex 88.2859 -2.23531 35.2
      vertex 88.1954 -2.26549 35.2
    endloop
  endfacet
  facet normal -0.166397 0.986059 0
    outer loop
      vertex 88.3739 -2.22046 35.2
      vertex 88.2859 -2.23531 36
      vertex 88.3739 -2.22046 36
    endloop
  endfacet
  facet normal -0.166397 0.986059 0
    outer loop
      vertex 88.2859 -2.23531 36
      vertex 88.3739 -2.22046 35.2
      vertex 88.2859 -2.23531 35.2
    endloop
  endfacet
  facet normal -0.00982409 0.999952 0
    outer loop
      vertex 88.5164 -2.21906 35.2
      vertex 88.3739 -2.22046 36
      vertex 88.5164 -2.21906 36
    endloop
  endfacet
  facet normal -0.00982409 0.999952 0
    outer loop
      vertex 88.3739 -2.22046 36
      vertex 88.5164 -2.21906 35.2
      vertex 88.3739 -2.22046 35.2
    endloop
  endfacet
  facet normal 0.131198 0.991356 -0
    outer loop
      vertex 88.6206 -2.23285 35.2
      vertex 88.5164 -2.21906 36
      vertex 88.6206 -2.23285 36
    endloop
  endfacet
  facet normal 0.131198 0.991356 0
    outer loop
      vertex 88.5164 -2.21906 36
      vertex 88.6206 -2.23285 35.2
      vertex 88.5164 -2.21906 35.2
    endloop
  endfacet
  facet normal 0.283355 0.959015 -0
    outer loop
      vertex 88.7132 -2.26021 35.2
      vertex 88.6206 -2.23285 36
      vertex 88.7132 -2.26021 36
    endloop
  endfacet
  facet normal 0.283355 0.959015 0
    outer loop
      vertex 88.6206 -2.23285 36
      vertex 88.7132 -2.26021 35.2
      vertex 88.6206 -2.23285 35.2
    endloop
  endfacet
  facet normal 0.461382 0.887201 -0
    outer loop
      vertex 88.8075 -2.30925 35.2
      vertex 88.7132 -2.26021 36
      vertex 88.8075 -2.30925 36
    endloop
  endfacet
  facet normal 0.461382 0.887201 0
    outer loop
      vertex 88.7132 -2.26021 36
      vertex 88.8075 -2.30925 35.2
      vertex 88.7132 -2.26021 35.2
    endloop
  endfacet
  facet normal 0.651127 0.758969 -0
    outer loop
      vertex 88.8764 -2.36836 35.2
      vertex 88.8075 -2.30925 36
      vertex 88.8764 -2.36836 36
    endloop
  endfacet
  facet normal 0.651127 0.758969 0
    outer loop
      vertex 88.8075 -2.30925 36
      vertex 88.8764 -2.36836 35.2
      vertex 88.8075 -2.30925 35.2
    endloop
  endfacet
  facet normal 0.818464 0.574558 0
    outer loop
      vertex 88.9327 -2.44856 36
      vertex 88.8764 -2.36836 35.2
      vertex 88.8764 -2.36836 36
    endloop
  endfacet
  facet normal 0.818464 0.574558 0
    outer loop
      vertex 88.8764 -2.36836 35.2
      vertex 88.9327 -2.44856 36
      vertex 88.9327 -2.44856 35.2
    endloop
  endfacet
  facet normal 0.928359 0.371686 0
    outer loop
      vertex 88.9631 -2.52449 36
      vertex 88.9327 -2.44856 35.2
      vertex 88.9327 -2.44856 36
    endloop
  endfacet
  facet normal 0.928359 0.371686 0
    outer loop
      vertex 88.9327 -2.44856 35.2
      vertex 88.9631 -2.52449 36
      vertex 88.9631 -2.52449 35.2
    endloop
  endfacet
  facet normal 0.982172 0.187986 0
    outer loop
      vertex 88.9805 -2.6154 36
      vertex 88.9631 -2.52449 35.2
      vertex 88.9631 -2.52449 36
    endloop
  endfacet
  facet normal 0.982172 0.187986 0
    outer loop
      vertex 88.9631 -2.52449 35.2
      vertex 88.9805 -2.6154 36
      vertex 88.9805 -2.6154 35.2
    endloop
  endfacet
  facet normal 1 0.000890999 0
    outer loop
      vertex 88.9836 -6.09464 36
      vertex 88.9805 -2.6154 35.2
      vertex 88.9805 -2.6154 36
    endloop
  endfacet
  facet normal 1 0.000890999 0
    outer loop
      vertex 88.9805 -2.6154 35.2
      vertex 88.9836 -6.09464 36
      vertex 88.9836 -6.09464 35.2
    endloop
  endfacet
  facet normal 0.839042 -0.544066 0
    outer loop
      vertex 88.9753 -6.10744 36
      vertex 88.9836 -6.09464 35.2
      vertex 88.9836 -6.09464 36
    endloop
  endfacet
  facet normal 0.839042 -0.544066 0
    outer loop
      vertex 88.9836 -6.09464 35.2
      vertex 88.9753 -6.10744 36
      vertex 88.9753 -6.10744 35.2
    endloop
  endfacet
  facet normal 0.51021 -0.86005 0
    outer loop
      vertex 91.0645 -7.89279 35.2
      vertex 91.0778 -7.8849 36
      vertex 91.0645 -7.89279 36
    endloop
  endfacet
  facet normal 0.51021 -0.86005 0
    outer loop
      vertex 91.0778 -7.8849 36
      vertex 91.0645 -7.89279 35.2
      vertex 91.0778 -7.8849 35.2
    endloop
  endfacet
  facet normal 1 -7.75292e-05 0
    outer loop
      vertex 91.0642 -11.7623 36
      vertex 91.0645 -7.89279 35.2
      vertex 91.0645 -7.89279 36
    endloop
  endfacet
  facet normal 1 -7.75292e-05 0
    outer loop
      vertex 91.0645 -7.89279 35.2
      vertex 91.0642 -11.7623 36
      vertex 91.0642 -11.7623 35.2
    endloop
  endfacet
  facet normal 0.995037 -0.0995037 0
    outer loop
      vertex 91.0512 -11.8923 36
      vertex 91.0642 -11.7623 35.2
      vertex 91.0642 -11.7623 36
    endloop
  endfacet
  facet normal 0.995037 -0.0995037 0
    outer loop
      vertex 91.0642 -11.7623 35.2
      vertex 91.0512 -11.8923 36
      vertex 91.0512 -11.8923 35.2
    endloop
  endfacet
  facet normal 0.970188 -0.242352 0
    outer loop
      vertex 91.0202 -12.0164 36
      vertex 91.0512 -11.8923 35.2
      vertex 91.0512 -11.8923 36
    endloop
  endfacet
  facet normal 0.970188 -0.242352 0
    outer loop
      vertex 91.0512 -11.8923 35.2
      vertex 91.0202 -12.0164 36
      vertex 91.0202 -12.0164 35.2
    endloop
  endfacet
  facet normal 0.926103 -0.377272 0
    outer loop
      vertex 90.9727 -12.133 36
      vertex 91.0202 -12.0164 35.2
      vertex 91.0202 -12.0164 36
    endloop
  endfacet
  facet normal 0.926103 -0.377272 0
    outer loop
      vertex 91.0202 -12.0164 35.2
      vertex 90.9727 -12.133 36
      vertex 90.9727 -12.133 35.2
    endloop
  endfacet
  facet normal 0.858522 -0.512776 0
    outer loop
      vertex 90.8981 -12.2579 36
      vertex 90.9727 -12.133 35.2
      vertex 90.9727 -12.133 36
    endloop
  endfacet
  facet normal 0.858522 -0.512776 0
    outer loop
      vertex 90.9727 -12.133 35.2
      vertex 90.8981 -12.2579 36
      vertex 90.8981 -12.2579 35.2
    endloop
  endfacet
  facet normal 0.751108 -0.660179 0
    outer loop
      vertex 90.7754 -12.3975 36
      vertex 90.8981 -12.2579 35.2
      vertex 90.8981 -12.2579 36
    endloop
  endfacet
  facet normal 0.751108 -0.660179 0
    outer loop
      vertex 90.8981 -12.2579 35.2
      vertex 90.7754 -12.3975 36
      vertex 90.7754 -12.3975 35.2
    endloop
  endfacet
  facet normal 0.609623 -0.792691 0
    outer loop
      vertex 90.6442 -12.4984 35.2
      vertex 90.7754 -12.3975 36
      vertex 90.6442 -12.4984 36
    endloop
  endfacet
  facet normal 0.609623 -0.792691 0
    outer loop
      vertex 90.7754 -12.3975 36
      vertex 90.6442 -12.4984 35.2
      vertex 90.7754 -12.3975 35.2
    endloop
  endfacet
  facet normal 0.454393 -0.890801 0
    outer loop
      vertex 90.4956 -12.5742 35.2
      vertex 90.6442 -12.4984 36
      vertex 90.4956 -12.5742 36
    endloop
  endfacet
  facet normal 0.454393 -0.890801 0
    outer loop
      vertex 90.6442 -12.4984 36
      vertex 90.4956 -12.5742 35.2
      vertex 90.6442 -12.4984 35.2
    endloop
  endfacet
  facet normal 0.279547 -0.960132 0
    outer loop
      vertex 90.3328 -12.6216 35.2
      vertex 90.4956 -12.5742 36
      vertex 90.3328 -12.6216 36
    endloop
  endfacet
  facet normal 0.279547 -0.960132 0
    outer loop
      vertex 90.4956 -12.5742 36
      vertex 90.3328 -12.6216 35.2
      vertex 90.4956 -12.5742 35.2
    endloop
  endfacet
  facet normal 0.103011 -0.99468 0
    outer loop
      vertex 90.1812 -12.6373 35.2
      vertex 90.3328 -12.6216 36
      vertex 90.1812 -12.6373 36
    endloop
  endfacet
  facet normal 0.103011 -0.99468 0
    outer loop
      vertex 90.3328 -12.6216 36
      vertex 90.1812 -12.6373 35.2
      vertex 90.3328 -12.6216 35.2
    endloop
  endfacet
  facet normal 0.000147754 -1 0
    outer loop
      vertex 88.8276 -12.6375 35.2
      vertex 90.1812 -12.6373 36
      vertex 88.8276 -12.6375 36
    endloop
  endfacet
  facet normal 0.000147754 -1 0
    outer loop
      vertex 90.1812 -12.6373 36
      vertex 88.8276 -12.6375 35.2
      vertex 90.1812 -12.6373 35.2
    endloop
  endfacet
  facet normal -0.0836948 -0.996491 0
    outer loop
      vertex 88.6752 -12.6247 35.2
      vertex 88.8276 -12.6375 36
      vertex 88.6752 -12.6247 36
    endloop
  endfacet
  facet normal -0.0836948 -0.996491 -0
    outer loop
      vertex 88.8276 -12.6375 36
      vertex 88.6752 -12.6247 35.2
      vertex 88.8276 -12.6375 35.2
    endloop
  endfacet
  facet normal -0.250264 -0.968178 0
    outer loop
      vertex 88.5309 -12.5874 35.2
      vertex 88.6752 -12.6247 36
      vertex 88.5309 -12.5874 36
    endloop
  endfacet
  facet normal -0.250264 -0.968178 -0
    outer loop
      vertex 88.6752 -12.6247 36
      vertex 88.5309 -12.5874 35.2
      vertex 88.6752 -12.6247 35.2
    endloop
  endfacet
  facet normal -0.405505 -0.914093 0
    outer loop
      vertex 88.397 -12.528 35.2
      vertex 88.5309 -12.5874 36
      vertex 88.397 -12.528 36
    endloop
  endfacet
  facet normal -0.405505 -0.914093 -0
    outer loop
      vertex 88.5309 -12.5874 36
      vertex 88.397 -12.528 35.2
      vertex 88.5309 -12.5874 35.2
    endloop
  endfacet
  facet normal -0.557618 -0.830098 0
    outer loop
      vertex 88.2593 -12.4355 35.2
      vertex 88.397 -12.528 36
      vertex 88.2593 -12.4355 36
    endloop
  endfacet
  facet normal -0.557618 -0.830098 -0
    outer loop
      vertex 88.397 -12.528 36
      vertex 88.2593 -12.4355 35.2
      vertex 88.397 -12.528 35.2
    endloop
  endfacet
  facet normal -0.699193 -0.714933 0
    outer loop
      vertex 88.1412 -12.32 35.2
      vertex 88.2593 -12.4355 36
      vertex 88.1412 -12.32 36
    endloop
  endfacet
  facet normal -0.699193 -0.714933 -0
    outer loop
      vertex 88.2593 -12.4355 36
      vertex 88.1412 -12.32 35.2
      vertex 88.2593 -12.4355 35.2
    endloop
  endfacet
  facet normal -0.810788 -0.58534 0
    outer loop
      vertex 88.1412 -12.32 35.2
      vertex 88.0563 -12.2024 36
      vertex 88.0563 -12.2024 35.2
    endloop
  endfacet
  facet normal -0.810788 -0.58534 0
    outer loop
      vertex 88.0563 -12.2024 36
      vertex 88.1412 -12.32 35.2
      vertex 88.1412 -12.32 36
    endloop
  endfacet
  facet normal -0.899636 -0.436641 0
    outer loop
      vertex 88.0563 -12.2024 35.2
      vertex 87.9834 -12.0522 36
      vertex 87.9834 -12.0522 35.2
    endloop
  endfacet
  facet normal -0.899636 -0.436641 0
    outer loop
      vertex 87.9834 -12.0522 36
      vertex 88.0563 -12.2024 35.2
      vertex 88.0563 -12.2024 36
    endloop
  endfacet
  facet normal -0.962106 -0.272675 0
    outer loop
      vertex 87.9834 -12.0522 35.2
      vertex 87.9429 -11.9093 36
      vertex 87.9429 -11.9093 35.2
    endloop
  endfacet
  facet normal -0.962106 -0.272675 0
    outer loop
      vertex 87.9429 -11.9093 36
      vertex 87.9834 -12.0522 35.2
      vertex 87.9834 -12.0522 36
    endloop
  endfacet
  facet normal -0.995513 -0.0946197 0
    outer loop
      vertex 87.9429 -11.9093 35.2
      vertex 87.9264 -11.7357 36
      vertex 87.9264 -11.7357 35.2
    endloop
  endfacet
  facet normal -0.995513 -0.0946197 0
    outer loop
      vertex 87.9264 -11.7357 36
      vertex 87.9429 -11.9093 35.2
      vertex 87.9429 -11.9093 36
    endloop
  endfacet
  facet normal -1 -0.000517302 0
    outer loop
      vertex 87.9264 -11.7357 35.2
      vertex 87.9244 -7.86949 36
      vertex 87.9244 -7.86949 35.2
    endloop
  endfacet
  facet normal -1 -0.000517302 0
    outer loop
      vertex 87.9244 -7.86949 36
      vertex 87.9264 -11.7357 35.2
      vertex 87.9264 -11.7357 36
    endloop
  endfacet
  facet normal 0 -1 0
    outer loop
      vertex 86.8252 -7.86949 35.2
      vertex 87.9244 -7.86949 36
      vertex 86.8252 -7.86949 36
    endloop
  endfacet
  facet normal 0 -1 -0
    outer loop
      vertex 87.9244 -7.86949 36
      vertex 86.8252 -7.86949 35.2
      vertex 87.9244 -7.86949 35.2
    endloop
  endfacet
  facet normal 0.717088 -0.696983 0
    outer loop
      vertex 86.8148 -7.88019 36
      vertex 86.8252 -7.86949 35.2
      vertex 86.8252 -7.86949 36
    endloop
  endfacet
  facet normal 0.717088 -0.696983 0
    outer loop
      vertex 86.8252 -7.86949 35.2
      vertex 86.8148 -7.88019 36
      vertex 86.8148 -7.88019 35.2
    endloop
  endfacet
  facet normal 1 0.000204436 0
    outer loop
      vertex 86.8156 -11.7934 36
      vertex 86.8148 -7.88019 35.2
      vertex 86.8148 -7.88019 36
    endloop
  endfacet
  facet normal 1 0.000204436 0
    outer loop
      vertex 86.8148 -7.88019 35.2
      vertex 86.8156 -11.7934 36
      vertex 86.8156 -11.7934 35.2
    endloop
  endfacet
  facet normal 0.997879 0.0650932 0
    outer loop
      vertex 86.8256 -11.9467 36
      vertex 86.8156 -11.7934 35.2
      vertex 86.8156 -11.7934 36
    endloop
  endfacet
  facet normal 0.997879 0.0650932 0
    outer loop
      vertex 86.8156 -11.7934 35.2
      vertex 86.8256 -11.9467 36
      vertex 86.8256 -11.9467 35.2
    endloop
  endfacet
  facet normal 0.989256 0.146193 0
    outer loop
      vertex 86.8509 -12.1179 36
      vertex 86.8256 -11.9467 35.2
      vertex 86.8256 -11.9467 36
    endloop
  endfacet
  facet normal 0.989256 0.146193 0
    outer loop
      vertex 86.8256 -11.9467 35.2
      vertex 86.8509 -12.1179 36
      vertex 86.8509 -12.1179 35.2
    endloop
  endfacet
  facet normal 0.974278 0.225348 0
    outer loop
      vertex 86.8846 -12.2636 36
      vertex 86.8509 -12.1179 35.2
      vertex 86.8509 -12.1179 36
    endloop
  endfacet
  facet normal 0.974278 0.225348 0
    outer loop
      vertex 86.8509 -12.1179 35.2
      vertex 86.8846 -12.2636 36
      vertex 86.8846 -12.2636 35.2
    endloop
  endfacet
  facet normal 0.953189 0.302375 0
    outer loop
      vertex 86.9358 -12.425 36
      vertex 86.8846 -12.2636 35.2
      vertex 86.8846 -12.2636 36
    endloop
  endfacet
  facet normal 0.953189 0.302375 0
    outer loop
      vertex 86.8846 -12.2636 35.2
      vertex 86.9358 -12.425 36
      vertex 86.9358 -12.425 35.2
    endloop
  endfacet
  facet normal 0.926207 0.377016 0
    outer loop
      vertex 86.9912 -12.5611 36
      vertex 86.9358 -12.425 35.2
      vertex 86.9358 -12.425 36
    endloop
  endfacet
  facet normal 0.926207 0.377016 0
    outer loop
      vertex 86.9358 -12.425 35.2
      vertex 86.9912 -12.5611 36
      vertex 86.9912 -12.5611 35.2
    endloop
  endfacet
  facet normal 0.893828 0.448411 0
    outer loop
      vertex 87.0661 -12.7104 36
      vertex 86.9912 -12.5611 35.2
      vertex 86.9912 -12.5611 36
    endloop
  endfacet
  facet normal 0.893828 0.448411 0
    outer loop
      vertex 86.9912 -12.5611 35.2
      vertex 87.0661 -12.7104 36
      vertex 87.0661 -12.7104 35.2
    endloop
  endfacet
  facet normal 0.854024 0.520233 0
    outer loop
      vertex 87.1526 -12.8524 36
      vertex 87.0661 -12.7104 35.2
      vertex 87.0661 -12.7104 36
    endloop
  endfacet
  facet normal 0.854024 0.520233 0
    outer loop
      vertex 87.0661 -12.7104 35.2
      vertex 87.1526 -12.8524 36
      vertex 87.1526 -12.8524 35.2
    endloop
  endfacet
  facet normal 0.808109 0.589033 0
    outer loop
      vertex 87.2502 -12.9863 36
      vertex 87.1526 -12.8524 35.2
      vertex 87.1526 -12.8524 36
    endloop
  endfacet
  facet normal 0.808109 0.589033 0
    outer loop
      vertex 87.1526 -12.8524 35.2
      vertex 87.2502 -12.9863 36
      vertex 87.2502 -12.9863 35.2
    endloop
  endfacet
  facet normal 0.757163 0.653226 0
    outer loop
      vertex 87.3583 -13.1116 36
      vertex 87.2502 -12.9863 35.2
      vertex 87.2502 -12.9863 36
    endloop
  endfacet
  facet normal 0.757163 0.653226 0
    outer loop
      vertex 87.2502 -12.9863 35.2
      vertex 87.3583 -13.1116 36
      vertex 87.3583 -13.1116 35.2
    endloop
  endfacet
  facet normal 0.701949 0.712227 -0
    outer loop
      vertex 87.4761 -13.2277 35.2
      vertex 87.3583 -13.1116 36
      vertex 87.4761 -13.2277 36
    endloop
  endfacet
  facet normal 0.701949 0.712227 0
    outer loop
      vertex 87.3583 -13.1116 36
      vertex 87.4761 -13.2277 35.2
      vertex 87.3583 -13.1116 35.2
    endloop
  endfacet
  facet normal 0.641135 0.767428 -0
    outer loop
      vertex 87.6031 -13.3338 35.2
      vertex 87.4761 -13.2277 36
      vertex 87.6031 -13.3338 36
    endloop
  endfacet
  facet normal 0.641135 0.767428 0
    outer loop
      vertex 87.4761 -13.2277 36
      vertex 87.6031 -13.3338 35.2
      vertex 87.4761 -13.2277 35.2
    endloop
  endfacet
  facet normal 0.581303 0.813687 -0
    outer loop
      vertex 87.7211 -13.4181 35.2
      vertex 87.6031 -13.3338 36
      vertex 87.7211 -13.4181 36
    endloop
  endfacet
  facet normal 0.581303 0.813687 0
    outer loop
      vertex 87.6031 -13.3338 36
      vertex 87.7211 -13.4181 35.2
      vertex 87.6031 -13.3338 35.2
    endloop
  endfacet
  facet normal 0.516528 0.85627 -0
    outer loop
      vertex 87.8635 -13.504 35.2
      vertex 87.7211 -13.4181 36
      vertex 87.8635 -13.504 36
    endloop
  endfacet
  facet normal 0.516528 0.85627 0
    outer loop
      vertex 87.7211 -13.4181 36
      vertex 87.8635 -13.504 35.2
      vertex 87.7211 -13.4181 35.2
    endloop
  endfacet
  facet normal 0.447487 0.89429 -0
    outer loop
      vertex 87.9942 -13.5694 35.2
      vertex 87.8635 -13.504 36
      vertex 87.9942 -13.5694 36
    endloop
  endfacet
  facet normal 0.447487 0.89429 0
    outer loop
      vertex 87.8635 -13.504 36
      vertex 87.9942 -13.5694 35.2
      vertex 87.8635 -13.504 35.2
    endloop
  endfacet
  facet normal 0.376824 0.926285 -0
    outer loop
      vertex 88.1498 -13.6327 35.2
      vertex 87.9942 -13.5694 36
      vertex 88.1498 -13.6327 36
    endloop
  endfacet
  facet normal 0.376824 0.926285 0
    outer loop
      vertex 87.9942 -13.5694 36
      vertex 88.1498 -13.6327 35.2
      vertex 87.9942 -13.5694 35.2
    endloop
  endfacet
  facet normal 0.302618 0.953112 -0
    outer loop
      vertex 88.2909 -13.6775 35.2
      vertex 88.1498 -13.6327 36
      vertex 88.2909 -13.6775 36
    endloop
  endfacet
  facet normal 0.302618 0.953112 0
    outer loop
      vertex 88.1498 -13.6327 36
      vertex 88.2909 -13.6775 35.2
      vertex 88.1498 -13.6327 35.2
    endloop
  endfacet
  facet normal 0.225158 0.974322 -0
    outer loop
      vertex 88.4575 -13.716 35.2
      vertex 88.2909 -13.6775 36
      vertex 88.4575 -13.716 36
    endloop
  endfacet
  facet normal 0.225158 0.974322 0
    outer loop
      vertex 88.2909 -13.6775 36
      vertex 88.4575 -13.716 35.2
      vertex 88.2909 -13.6775 35.2
    endloop
  endfacet
  facet normal 0.14595 0.989292 -0
    outer loop
      vertex 88.6073 -13.7381 35.2
      vertex 88.4575 -13.716 36
      vertex 88.6073 -13.7381 36
    endloop
  endfacet
  facet normal 0.14595 0.989292 0
    outer loop
      vertex 88.4575 -13.716 36
      vertex 88.6073 -13.7381 35.2
      vertex 88.4575 -13.716 35.2
    endloop
  endfacet
  facet normal 0.0365572 0.999332 -0
    outer loop
      vertex 88.9326 -13.75 35.2
      vertex 88.6073 -13.7381 36
      vertex 88.9326 -13.75 36
    endloop
  endfacet
  facet normal 0.0365572 0.999332 0
    outer loop
      vertex 88.6073 -13.7381 36
      vertex 88.9326 -13.75 35.2
      vertex 88.6073 -13.7381 35.2
    endloop
  endfacet
  facet normal -0.00294484 0.999996 0
    outer loop
      vertex 90.2909 -13.746 35.2
      vertex 88.9326 -13.75 36
      vertex 90.2909 -13.746 36
    endloop
  endfacet
  facet normal -0.00294484 0.999996 0
    outer loop
      vertex 88.9326 -13.75 36
      vertex 90.2909 -13.746 35.2
      vertex 88.9326 -13.75 35.2
    endloop
  endfacet
  facet normal -0.126777 0.991931 0
    outer loop
      vertex 90.5491 -13.713 35.2
      vertex 90.2909 -13.746 36
      vertex 90.5491 -13.713 36
    endloop
  endfacet
  facet normal -0.126777 0.991931 0
    outer loop
      vertex 90.2909 -13.746 36
      vertex 90.5491 -13.713 35.2
      vertex 90.2909 -13.746 35.2
    endloop
  endfacet
  facet normal -0.258676 0.965964 0
    outer loop
      vertex 90.8161 -13.6415 35.2
      vertex 90.5491 -13.713 36
      vertex 90.8161 -13.6415 36
    endloop
  endfacet
  facet normal -0.258676 0.965964 0
    outer loop
      vertex 90.5491 -13.713 36
      vertex 90.8161 -13.6415 35.2
      vertex 90.5491 -13.713 35.2
    endloop
  endfacet
  facet normal -0.364511 0.931199 0
    outer loop
      vertex 90.9727 -13.5802 35.2
      vertex 90.8161 -13.6415 36
      vertex 90.9727 -13.5802 36
    endloop
  endfacet
  facet normal -0.364511 0.931199 0
    outer loop
      vertex 90.8161 -13.6415 36
      vertex 90.9727 -13.5802 35.2
      vertex 90.8161 -13.6415 35.2
    endloop
  endfacet
  facet normal -0.44551 0.895277 0
    outer loop
      vertex 91.1409 -13.4965 35.2
      vertex 90.9727 -13.5802 36
      vertex 91.1409 -13.4965 36
    endloop
  endfacet
  facet normal -0.44551 0.895277 0
    outer loop
      vertex 90.9727 -13.5802 36
      vertex 91.1409 -13.4965 35.2
      vertex 90.9727 -13.5802 35.2
    endloop
  endfacet
  facet normal -0.527256 0.849706 0
    outer loop
      vertex 91.2998 -13.3979 35.2
      vertex 91.1409 -13.4965 36
      vertex 91.2998 -13.3979 36
    endloop
  endfacet
  facet normal -0.527256 0.849706 0
    outer loop
      vertex 91.1409 -13.4965 36
      vertex 91.2998 -13.3979 35.2
      vertex 91.1409 -13.4965 35.2
    endloop
  endfacet
  facet normal -0.603258 0.797546 0
    outer loop
      vertex 91.4484 -13.2855 35.2
      vertex 91.2998 -13.3979 36
      vertex 91.4484 -13.2855 36
    endloop
  endfacet
  facet normal -0.603258 0.797546 0
    outer loop
      vertex 91.2998 -13.3979 36
      vertex 91.4484 -13.2855 35.2
      vertex 91.2998 -13.3979 35.2
    endloop
  endfacet
  facet normal -0.673849 0.738869 0
    outer loop
      vertex 91.5859 -13.1601 35.2
      vertex 91.4484 -13.2855 36
      vertex 91.5859 -13.1601 36
    endloop
  endfacet
  facet normal -0.673849 0.738869 0
    outer loop
      vertex 91.4484 -13.2855 36
      vertex 91.5859 -13.1601 35.2
      vertex 91.4484 -13.2855 35.2
    endloop
  endfacet
  facet normal -0.739137 0.673555 0
    outer loop
      vertex 91.5859 -13.1601 35.2
      vertex 91.7112 -13.0226 36
      vertex 91.7112 -13.0226 35.2
    endloop
  endfacet
  facet normal -0.739137 0.673555 0
    outer loop
      vertex 91.7112 -13.0226 36
      vertex 91.5859 -13.1601 35.2
      vertex 91.5859 -13.1601 36
    endloop
  endfacet
  facet normal -0.797288 0.603599 0
    outer loop
      vertex 91.7112 -13.0226 35.2
      vertex 91.8237 -12.874 36
      vertex 91.8237 -12.874 35.2
    endloop
  endfacet
  facet normal -0.797288 0.603599 0
    outer loop
      vertex 91.8237 -12.874 36
      vertex 91.7112 -13.0226 35.2
      vertex 91.7112 -13.0226 36
    endloop
  endfacet
  facet normal -0.849706 0.527256 0
    outer loop
      vertex 91.8237 -12.874 35.2
      vertex 91.9223 -12.7151 36
      vertex 91.9223 -12.7151 35.2
    endloop
  endfacet
  facet normal -0.849706 0.527256 0
    outer loop
      vertex 91.9223 -12.7151 36
      vertex 91.8237 -12.874 35.2
      vertex 91.8237 -12.874 36
    endloop
  endfacet
  facet normal -0.899674 0.436562 0
    outer loop
      vertex 91.9223 -12.7151 35.2
      vertex 92.0226 -12.5084 36
      vertex 92.0226 -12.5084 35.2
    endloop
  endfacet
  facet normal -0.899674 0.436562 0
    outer loop
      vertex 92.0226 -12.5084 36
      vertex 91.9223 -12.7151 35.2
      vertex 91.9223 -12.7151 36
    endloop
  endfacet
  facet normal -0.94406 0.329774 0
    outer loop
      vertex 92.0226 -12.5084 35.2
      vertex 92.0991 -12.2894 36
      vertex 92.0991 -12.2894 35.2
    endloop
  endfacet
  facet normal -0.94406 0.329774 0
    outer loop
      vertex 92.0991 -12.2894 36
      vertex 92.0226 -12.5084 35.2
      vertex 92.0226 -12.5084 36
    endloop
  endfacet
  facet normal -0.976047 0.21756 0
    outer loop
      vertex 92.0991 -12.2894 35.2
      vertex 92.1503 -12.0597 36
      vertex 92.1503 -12.0597 35.2
    endloop
  endfacet
  facet normal -0.976047 0.21756 0
    outer loop
      vertex 92.1503 -12.0597 36
      vertex 92.0991 -12.2894 35.2
      vertex 92.0991 -12.2894 36
    endloop
  endfacet
  facet normal -0.994356 0.106095 0
    outer loop
      vertex 92.1503 -12.0597 35.2
      vertex 92.1734 -11.8432 36
      vertex 92.1734 -11.8432 35.2
    endloop
  endfacet
  facet normal -0.994356 0.106095 0
    outer loop
      vertex 92.1734 -11.8432 36
      vertex 92.1503 -12.0597 35.2
      vertex 92.1503 -12.0597 36
    endloop
  endfacet
  facet normal -1 0.000707514 0
    outer loop
      vertex 92.1734 -11.8432 35.2
      vertex 92.1762 -7.88568 36
      vertex 92.1762 -7.88568 35.2
    endloop
  endfacet
  facet normal -1 0.000707514 0
    outer loop
      vertex 92.1762 -7.88568 36
      vertex 92.1734 -11.8432 35.2
      vertex 92.1734 -11.8432 36
    endloop
  endfacet
  facet normal -0.000710124 -1 0
    outer loop
      vertex 91.0778 -7.8849 35.2
      vertex 92.1762 -7.88568 36
      vertex 91.0778 -7.8849 36
    endloop
  endfacet
  facet normal -0.000710124 -1 -0
    outer loop
      vertex 92.1762 -7.88568 36
      vertex 91.0778 -7.8849 35.2
      vertex 92.1762 -7.88568 35.2
    endloop
  endfacet
  facet normal -0.989375 -0.145384 0
    outer loop
      vertex 92.267 3.29305 35.2
      vertex 92.2423 3.46114 36
      vertex 92.2423 3.46114 35.2
    endloop
  endfacet
  facet normal -0.989375 -0.145384 0
    outer loop
      vertex 92.2423 3.46114 36
      vertex 92.267 3.29305 35.2
      vertex 92.267 3.29305 36
    endloop
  endfacet
  facet normal -0.966036 -0.258407 0
    outer loop
      vertex 92.2423 3.46114 35.2
      vertex 92.2043 3.6032 36
      vertex 92.2043 3.6032 35.2
    endloop
  endfacet
  facet normal -0.966036 -0.258407 0
    outer loop
      vertex 92.2043 3.6032 36
      vertex 92.2423 3.46114 35.2
      vertex 92.2423 3.46114 36
    endloop
  endfacet
  facet normal -0.930413 -0.366512 0
    outer loop
      vertex 92.2043 3.6032 35.2
      vertex 92.1431 3.75856 36
      vertex 92.1431 3.75856 35.2
    endloop
  endfacet
  facet normal -0.930413 -0.366512 0
    outer loop
      vertex 92.1431 3.75856 36
      vertex 92.2043 3.6032 35.2
      vertex 92.2043 3.6032 36
    endloop
  endfacet
  facet normal -0.878674 -0.477423 0
    outer loop
      vertex 92.1431 3.75856 35.2
      vertex 92.0635 3.90506 36
      vertex 92.0635 3.90506 35.2
    endloop
  endfacet
  facet normal -0.878674 -0.477423 0
    outer loop
      vertex 92.0635 3.90506 36
      vertex 92.1431 3.75856 35.2
      vertex 92.1431 3.75856 36
    endloop
  endfacet
  facet normal -0.814299 -0.580445 0
    outer loop
      vertex 92.0635 3.90506 35.2
      vertex 91.9665 4.04114 36
      vertex 91.9665 4.04114 35.2
    endloop
  endfacet
  facet normal -0.814299 -0.580445 0
    outer loop
      vertex 91.9665 4.04114 36
      vertex 92.0635 3.90506 35.2
      vertex 92.0635 3.90506 36
    endloop
  endfacet
  facet normal -0.737733 -0.675093 0
    outer loop
      vertex 91.9665 4.04114 35.2
      vertex 91.8528 4.16539 36
      vertex 91.8528 4.16539 35.2
    endloop
  endfacet
  facet normal -0.737733 -0.675093 0
    outer loop
      vertex 91.8528 4.16539 36
      vertex 91.9665 4.04114 35.2
      vertex 91.9665 4.04114 36
    endloop
  endfacet
  facet normal -0.655811 -0.754925 0
    outer loop
      vertex 91.7403 4.26312 35.2
      vertex 91.8528 4.16539 36
      vertex 91.7403 4.26312 36
    endloop
  endfacet
  facet normal -0.655811 -0.754925 -0
    outer loop
      vertex 91.8528 4.16539 36
      vertex 91.7403 4.26312 35.2
      vertex 91.8528 4.16539 35.2
    endloop
  endfacet
  facet normal -0.571995 -0.820257 0
    outer loop
      vertex 91.6164 4.34952 35.2
      vertex 91.7403 4.26312 36
      vertex 91.6164 4.34952 36
    endloop
  endfacet
  facet normal -0.571995 -0.820257 -0
    outer loop
      vertex 91.7403 4.26312 36
      vertex 91.6164 4.34952 35.2
      vertex 91.7403 4.26312 35.2
    endloop
  endfacet
  facet normal -0.528843 -0.84872 0
    outer loop
      vertex 86.8148 7.34143 35.2
      vertex 91.6164 4.34952 36
      vertex 86.8148 7.34143 36
    endloop
  endfacet
  facet normal -0.528843 -0.84872 -0
    outer loop
      vertex 91.6164 4.34952 36
      vertex 86.8148 7.34143 35.2
      vertex 91.6164 4.34952 35.2
    endloop
  endfacet
  facet normal 1 -0 0
    outer loop
      vertex 86.8148 6.05214 36
      vertex 86.8148 7.34143 35.2
      vertex 86.8148 7.34143 36
    endloop
  endfacet
  facet normal 1 0 0
    outer loop
      vertex 86.8148 7.34143 35.2
      vertex 86.8148 6.05214 36
      vertex 86.8148 6.05214 35.2
    endloop
  endfacet
  facet normal 0.529853 0.848089 -0
    outer loop
      vertex 91.0477 3.40759 35.2
      vertex 86.8148 6.05214 36
      vertex 91.0477 3.40759 36
    endloop
  endfacet
  facet normal 0.529853 0.848089 0
    outer loop
      vertex 86.8148 6.05214 36
      vertex 91.0477 3.40759 35.2
      vertex 86.8148 6.05214 35.2
    endloop
  endfacet
  facet normal 0.634919 0.772579 -0
    outer loop
      vertex 91.0917 3.37143 35.2
      vertex 91.0477 3.40759 36
      vertex 91.0917 3.37143 36
    endloop
  endfacet
  facet normal 0.634919 0.772579 0
    outer loop
      vertex 91.0477 3.40759 36
      vertex 91.0917 3.37143 35.2
      vertex 91.0477 3.40759 35.2
    endloop
  endfacet
  facet normal 0.798712 0.601714 0
    outer loop
      vertex 91.1366 3.31183 36
      vertex 91.0917 3.37143 35.2
      vertex 91.0917 3.37143 36
    endloop
  endfacet
  facet normal 0.798712 0.601714 0
    outer loop
      vertex 91.0917 3.37143 35.2
      vertex 91.1366 3.31183 36
      vertex 91.1366 3.31183 35.2
    endloop
  endfacet
  facet normal 0.936161 0.35157 0
    outer loop
      vertex 91.1659 3.23381 36
      vertex 91.1366 3.31183 35.2
      vertex 91.1366 3.31183 36
    endloop
  endfacet
  facet normal 0.936161 0.35157 0
    outer loop
      vertex 91.1366 3.31183 35.2
      vertex 91.1659 3.23381 36
      vertex 91.1659 3.23381 35.2
    endloop
  endfacet
  facet normal 0.994837 0.101486 0
    outer loop
      vertex 91.1732 3.16225 36
      vertex 91.1659 3.23381 35.2
      vertex 91.1659 3.23381 36
    endloop
  endfacet
  facet normal 0.994837 0.101486 0
    outer loop
      vertex 91.1659 3.23381 35.2
      vertex 91.1732 3.16225 36
      vertex 91.1732 3.16225 35.2
    endloop
  endfacet
  facet normal 0.987459 -0.157873 0
    outer loop
      vertex 91.1606 3.08344 36
      vertex 91.1732 3.16225 35.2
      vertex 91.1732 3.16225 36
    endloop
  endfacet
  facet normal 0.987459 -0.157873 0
    outer loop
      vertex 91.1732 3.16225 35.2
      vertex 91.1606 3.08344 36
      vertex 91.1606 3.08344 35.2
    endloop
  endfacet
  facet normal 0.919137 -0.393938 0
    outer loop
      vertex 91.1353 3.02441 36
      vertex 91.1606 3.08344 35.2
      vertex 91.1606 3.08344 36
    endloop
  endfacet
  facet normal 0.919137 -0.393938 0
    outer loop
      vertex 91.1606 3.08344 35.2
      vertex 91.1353 3.02441 36
      vertex 91.1353 3.02441 35.2
    endloop
  endfacet
  facet normal 0.789367 -0.613922 0
    outer loop
      vertex 91.0896 2.96565 36
      vertex 91.1353 3.02441 35.2
      vertex 91.1353 3.02441 36
    endloop
  endfacet
  facet normal 0.789367 -0.613922 0
    outer loop
      vertex 91.1353 3.02441 35.2
      vertex 91.0896 2.96565 36
      vertex 91.0896 2.96565 35.2
    endloop
  endfacet
  facet normal 0.621685 -0.783267 0
    outer loop
      vertex 91.0451 2.93033 35.2
      vertex 91.0896 2.96565 36
      vertex 91.0451 2.93033 36
    endloop
  endfacet
  facet normal 0.621685 -0.783267 0
    outer loop
      vertex 91.0896 2.96565 36
      vertex 91.0451 2.93033 35.2
      vertex 91.0896 2.96565 35.2
    endloop
  endfacet
  facet normal 0.517106 -0.855921 0
    outer loop
      vertex 86.8268 0.381836 35.2
      vertex 91.0451 2.93033 36
      vertex 86.8268 0.381836 36
    endloop
  endfacet
  facet normal 0.517106 -0.855921 0
    outer loop
      vertex 91.0451 2.93033 36
      vertex 86.8268 0.381836 35.2
      vertex 91.0451 2.93033 35.2
    endloop
  endfacet
  facet normal 0.766971 -0.641682 0
    outer loop
      vertex 86.8148 0.367493 36
      vertex 86.8268 0.381836 35.2
      vertex 86.8268 0.381836 36
    endloop
  endfacet
  facet normal 0.766971 -0.641682 0
    outer loop
      vertex 86.8268 0.381836 35.2
      vertex 86.8148 0.367493 36
      vertex 86.8148 0.367493 35.2
    endloop
  endfacet
  facet normal 1 -0 0
    outer loop
      vertex 86.8148 -0.90062 36
      vertex 86.8148 0.367493 35.2
      vertex 86.8148 0.367493 36
    endloop
  endfacet
  facet normal 1 0 0
    outer loop
      vertex 86.8148 0.367493 35.2
      vertex 86.8148 -0.90062 36
      vertex 86.8148 -0.90062 35.2
    endloop
  endfacet
  facet normal -0.516212 0.856461 0
    outer loop
      vertex 91.6042 1.98608 35.2
      vertex 86.8148 -0.90062 36
      vertex 91.6042 1.98608 36
    endloop
  endfacet
  facet normal -0.516212 0.856461 0
    outer loop
      vertex 86.8148 -0.90062 36
      vertex 91.6042 1.98608 35.2
      vertex 86.8148 -0.90062 35.2
    endloop
  endfacet
  facet normal -0.553918 0.832571 0
    outer loop
      vertex 91.7123 2.058 35.2
      vertex 91.6042 1.98608 36
      vertex 91.7123 2.058 36
    endloop
  endfacet
  facet normal -0.553918 0.832571 0
    outer loop
      vertex 91.6042 1.98608 36
      vertex 91.7123 2.058 35.2
      vertex 91.6042 1.98608 35.2
    endloop
  endfacet
  facet normal -0.634985 0.772524 0
    outer loop
      vertex 91.8275 2.15269 35.2
      vertex 91.7123 2.058 36
      vertex 91.8275 2.15269 36
    endloop
  endfacet
  facet normal -0.634985 0.772524 0
    outer loop
      vertex 91.7123 2.058 36
      vertex 91.8275 2.15269 35.2
      vertex 91.7123 2.058 35.2
    endloop
  endfacet
  facet normal -0.71908 0.694927 0
    outer loop
      vertex 91.8275 2.15269 35.2
      vertex 91.9446 2.27386 36
      vertex 91.9446 2.27386 35.2
    endloop
  endfacet
  facet normal -0.71908 0.694927 0
    outer loop
      vertex 91.9446 2.27386 36
      vertex 91.8275 2.15269 35.2
      vertex 91.8275 2.15269 36
    endloop
  endfacet
  facet normal -0.794806 0.606863 0
    outer loop
      vertex 91.9446 2.27386 35.2
      vertex 92.0333 2.39003 36
      vertex 92.0333 2.39003 35.2
    endloop
  endfacet
  facet normal -0.794806 0.606863 0
    outer loop
      vertex 92.0333 2.39003 36
      vertex 91.9446 2.27386 35.2
      vertex 91.9446 2.27386 36
    endloop
  endfacet
  facet normal -0.858988 0.511996 0
    outer loop
      vertex 92.0333 2.39003 35.2
      vertex 92.1186 2.53314 36
      vertex 92.1186 2.53314 35.2
    endloop
  endfacet
  facet normal -0.858988 0.511996 0
    outer loop
      vertex 92.1186 2.53314 36
      vertex 92.0333 2.39003 35.2
      vertex 92.0333 2.39003 36
    endloop
  endfacet
  facet normal -0.915067 0.403301 0
    outer loop
      vertex 92.1186 2.53314 35.2
      vertex 92.1859 2.68584 36
      vertex 92.1859 2.68584 35.2
    endloop
  endfacet
  facet normal -0.915067 0.403301 0
    outer loop
      vertex 92.1859 2.68584 36
      vertex 92.1186 2.53314 35.2
      vertex 92.1186 2.53314 36
    endloop
  endfacet
  facet normal -0.955102 0.296277 0
    outer loop
      vertex 92.1859 2.68584 35.2
      vertex 92.2294 2.82607 36
      vertex 92.2294 2.82607 35.2
    endloop
  endfacet
  facet normal -0.955102 0.296277 0
    outer loop
      vertex 92.2294 2.82607 36
      vertex 92.1859 2.68584 35.2
      vertex 92.1859 2.68584 36
    endloop
  endfacet
  facet normal -0.982564 0.185924 0
    outer loop
      vertex 92.2294 2.82607 35.2
      vertex 92.2609 2.99254 36
      vertex 92.2609 2.99254 35.2
    endloop
  endfacet
  facet normal -0.982564 0.185924 0
    outer loop
      vertex 92.2609 2.99254 36
      vertex 92.2294 2.82607 35.2
      vertex 92.2294 2.82607 36
    endloop
  endfacet
  facet normal -0.997274 0.0737933 0
    outer loop
      vertex 92.2609 2.99254 35.2
      vertex 92.272 3.14255 36
      vertex 92.272 3.14255 35.2
    endloop
  endfacet
  facet normal -0.997274 0.0737933 0
    outer loop
      vertex 92.272 3.14255 36
      vertex 92.2609 2.99254 35.2
      vertex 92.2609 2.99254 36
    endloop
  endfacet
  facet normal -0.999449 -0.0332043 0
    outer loop
      vertex 92.272 3.14255 35.2
      vertex 92.267 3.29305 36
      vertex 92.267 3.29305 35.2
    endloop
  endfacet
  facet normal -0.999449 -0.0332043 0
    outer loop
      vertex 92.267 3.29305 36
      vertex 92.272 3.14255 35.2
      vertex 92.272 3.14255 36
    endloop
  endfacet
  facet normal -0.302481 0.639171 0.707083
    outer loop
      vertex 73.9939 15.9391 35.4
      vertex 73.9229 15.9055 35.4
      vertex 74.2237 15.3841 36
    endloop
  endfacet
  facet normal 0 -1 0
    outer loop
      vertex 89.8818 -16 23.6732
      vertex 95.5521 -16 23.6852
      vertex 89.8675 -16 23.6852
    endloop
  endfacet
  facet normal 0 -1 0
    outer loop
      vertex 92.9076 -16 19.4523
      vertex 89.8818 -16 23.6732
      vertex 92.4303 -16 19.4549
    endloop
  endfacet
  facet normal 0 -1 0
    outer loop
      vertex 89.8818 -16 23.6732
      vertex 92.9076 -16 19.4523
      vertex 95.5521 -16 23.6852
    endloop
  endfacet
  facet normal 0 -1 0
    outer loop
      vertex 92.5834 -16 19.3394
      vertex 92.4303 -16 19.4549
      vertex 92.4657 -16 19.4104
    endloop
  endfacet
  facet normal 0 -1 0
    outer loop
      vertex 92.4303 -16 19.4549
      vertex 92.5834 -16 19.3394
      vertex 92.9076 -16 19.4523
    endloop
  endfacet
  facet normal 0 -1 0
    outer loop
      vertex 92.5834 -16 19.3394
      vertex 92.4657 -16 19.4104
      vertex 92.5244 -16 19.3647
    endloop
  endfacet
  facet normal 0 -1 0
    outer loop
      vertex 92.7338 -16 19.3341
      vertex 92.9076 -16 19.4523
      vertex 92.5834 -16 19.3394
    endloop
  endfacet
  facet normal 0 -1 0
    outer loop
      vertex 92.9076 -16 19.4523
      vertex 92.7338 -16 19.3341
      vertex 92.8714 -16 19.4083
    endloop
  endfacet
  facet normal 0 -1 0
    outer loop
      vertex 92.8714 -16 19.4083
      vertex 92.7338 -16 19.3341
      vertex 92.8118 -16 19.3634
    endloop
  endfacet
  facet normal -0 -1 0
    outer loop
      vertex 92.7338 -16 19.3341
      vertex 92.5834 -16 19.3394
      vertex 92.6622 -16 19.3268
    endloop
  endfacet
  facet normal 0 -1 0
    outer loop
      vertex 74.3 -16 35.4
      vertex 86.894 -16 23.6849
      vertex 88.5994 -16 23.6852
    endloop
  endfacet
  facet normal 0 -1 0
    outer loop
      vertex 87.0905 -16 23.6631
      vertex 88.5994 -16 23.6852
      vertex 86.894 -16 23.6849
    endloop
  endfacet
  facet normal 0 -1 0
    outer loop
      vertex 87.2961 -16 23.6152
      vertex 88.5994 -16 23.6852
      vertex 87.0905 -16 23.6631
    endloop
  endfacet
  facet normal 0 -1 0
    outer loop
      vertex 87.4645 -16 23.5536
      vertex 88.5994 -16 23.6852
      vertex 87.2961 -16 23.6152
    endloop
  endfacet
  facet normal 0 -1 0
    outer loop
      vertex 87.638 -16 23.4649
      vertex 88.5994 -16 23.6852
      vertex 87.4645 -16 23.5536
    endloop
  endfacet
  facet normal 0 -1 0
    outer loop
      vertex 87.7941 -16 23.3578
      vertex 88.5994 -16 23.6852
      vertex 87.638 -16 23.4649
    endloop
  endfacet
  facet normal 0 -1 0
    outer loop
      vertex 87.9327 -16 23.2345
      vertex 88.5994 -16 23.6852
      vertex 87.7941 -16 23.3578
    endloop
  endfacet
  facet normal 0 -1 0
    outer loop
      vertex 88.0537 -16 23.0973
      vertex 88.5994 -16 23.6852
      vertex 87.9327 -16 23.2345
    endloop
  endfacet
  facet normal 0 -1 0
    outer loop
      vertex 88.167 -16 22.9312
      vertex 88.5994 -16 23.6852
      vertex 88.0537 -16 23.0973
    endloop
  endfacet
  facet normal 0 -1 0
    outer loop
      vertex 88.2579 -16 22.7536
      vertex 88.5994 -16 23.6852
      vertex 88.167 -16 22.9312
    endloop
  endfacet
  facet normal 0 -1 0
    outer loop
      vertex 88.3261 -16 22.5676
      vertex 88.5994 -16 23.6852
      vertex 88.2579 -16 22.7536
    endloop
  endfacet
  facet normal 0 -1 0
    outer loop
      vertex 88.3713 -16 22.3762
      vertex 88.5994 -16 23.6852
      vertex 88.3261 -16 22.5676
    endloop
  endfacet
  facet normal 0 -1 0
    outer loop
      vertex 88.3932 -16 22.1826
      vertex 88.5994 -16 23.6852
      vertex 88.3713 -16 22.3762
    endloop
  endfacet
  facet normal 0 -1 0
    outer loop
      vertex 91.4861 -16 18.8958
      vertex 88.3932 -16 22.1826
      vertex 88.388 -16 21.9058
    endloop
  endfacet
  facet normal 0 -1 0
    outer loop
      vertex 91.4861 -16 18.8958
      vertex 88.388 -16 21.9058
      vertex 88.3684 -16 21.7314
    endloop
  endfacet
  facet normal 0 -1 0
    outer loop
      vertex 84.2922 -16 19.4355
      vertex 83.3945 -16 20.4075
      vertex 83.3983 -16 20.2588
    endloop
  endfacet
  facet normal 0 -1 0
    outer loop
      vertex 84.2922 -16 19.4355
      vertex 83.3983 -16 20.2588
      vertex 83.4271 -16 20.1119
    endloop
  endfacet
  facet normal 0 -1 0
    outer loop
      vertex 83.3945 -16 20.4075
      vertex 84.2922 -16 19.4355
      vertex 86.7748 -16 20.4094
    endloop
  endfacet
  facet normal 0 -1 0
    outer loop
      vertex 84.2922 -16 19.4355
      vertex 83.4271 -16 20.1119
      vertex 83.4782 -16 19.9732
    endloop
  endfacet
  facet normal 0 -1 0
    outer loop
      vertex 84.2922 -16 19.4355
      vertex 83.4782 -16 19.9732
      vertex 83.5497 -16 19.8452
    endloop
  endfacet
  facet normal 0 -1 0
    outer loop
      vertex 84.2922 -16 19.4355
      vertex 83.5497 -16 19.8452
      vertex 83.6395 -16 19.7302
    endloop
  endfacet
  facet normal 0 -1 0
    outer loop
      vertex 88.1796 -16 19.4355
      vertex 86.7748 -16 20.4094
      vertex 84.2922 -16 19.4355
    endloop
  endfacet
  facet normal 0 -1 0
    outer loop
      vertex 84.2922 -16 19.4355
      vertex 83.6395 -16 19.7302
      vertex 83.7456 -16 19.6306
    endloop
  endfacet
  facet normal 0 -1 0
    outer loop
      vertex 84.2922 -16 19.4355
      vertex 83.7456 -16 19.6306
      vertex 83.8659 -16 19.549
    endloop
  endfacet
  facet normal 0 -1 0
    outer loop
      vertex 84.2922 -16 19.4355
      vertex 83.8659 -16 19.549
      vertex 83.9984 -16 19.4876
    endloop
  endfacet
  facet normal 0 -1 0
    outer loop
      vertex 86.7748 -16 20.4094
      vertex 88.1796 -16 19.4355
      vertex 86.9778 -16 20.4196
    endloop
  endfacet
  facet normal 0 -1 0
    outer loop
      vertex 84.2922 -16 19.4355
      vertex 83.9984 -16 19.4876
      vertex 84.1412 -16 19.449
    endloop
  endfacet
  facet normal 0 -1 0
    outer loop
      vertex 86.9778 -16 20.4196
      vertex 88.1796 -16 19.4355
      vertex 87.1915 -16 20.4555
    endloop
  endfacet
  facet normal 0 -1 0
    outer loop
      vertex 87.1915 -16 20.4555
      vertex 88.1796 -16 19.4355
      vertex 87.3885 -16 20.515
    endloop
  endfacet
  facet normal 0 -1 0
    outer loop
      vertex 88.1796 -16 19.4355
      vertex 87.5874 -16 20.6063
      vertex 87.3885 -16 20.515
    endloop
  endfacet
  facet normal 0 -1 0
    outer loop
      vertex 88.1796 -16 19.4355
      vertex 87.7652 -16 20.721
      vertex 87.5874 -16 20.6063
    endloop
  endfacet
  facet normal 0 -1 0
    outer loop
      vertex 88.1796 -16 19.4355
      vertex 87.9213 -16 20.8561
      vertex 87.7652 -16 20.721
    endloop
  endfacet
  facet normal 0 -1 0
    outer loop
      vertex 88.1796 -16 19.4355
      vertex 88.0556 -16 21.0086
      vertex 87.9213 -16 20.8561
    endloop
  endfacet
  facet normal 0 -1 0
    outer loop
      vertex 88.1796 -16 19.4355
      vertex 88.1678 -16 21.1754
      vertex 88.0556 -16 21.0086
    endloop
  endfacet
  facet normal 0 -1 0
    outer loop
      vertex 91.4861 -16 18.8958
      vertex 88.1678 -16 21.1754
      vertex 88.1796 -16 19.4355
    endloop
  endfacet
  facet normal 0 -1 0
    outer loop
      vertex 88.1678 -16 21.1754
      vertex 91.4861 -16 18.8958
      vertex 88.2575 -16 21.3535
    endloop
  endfacet
  facet normal 0 -1 0
    outer loop
      vertex 88.2575 -16 21.3535
      vertex 91.4861 -16 18.8958
      vertex 88.3245 -16 21.5399
    endloop
  endfacet
  facet normal 0 -1 0
    outer loop
      vertex 88.3245 -16 21.5399
      vertex 91.4861 -16 18.8958
      vertex 88.3684 -16 21.7314
    endloop
  endfacet
  facet normal 0 -1 0
    outer loop
      vertex 91.4861 -16 18.8958
      vertex 88.1796 -16 19.4355
      vertex 88.1823 -16 19.4172
    endloop
  endfacet
  facet normal 0 -1 0
    outer loop
      vertex 88.3932 -16 22.1826
      vertex 91.4861 -16 18.8958
      vertex 88.5994 -16 23.6852
    endloop
  endfacet
  facet normal 0 -1 0
    outer loop
      vertex 88.1823 -16 18.3398
      vertex 91.4861 -16 18.8958
      vertex 88.1823 -16 19.4172
    endloop
  endfacet
  facet normal 0 -1 -0
    outer loop
      vertex 91.4861 -16 18.8958
      vertex 88.1823 -16 18.3398
      vertex 91.558 -16 18.7877
    endloop
  endfacet
  facet normal 0 -1 -0
    outer loop
      vertex 91.558 -16 18.7877
      vertex 88.1823 -16 18.3398
      vertex 91.6527 -16 18.6725
    endloop
  endfacet
  facet normal 0 -1 0
    outer loop
      vertex 88.1752 -16 18.3258
      vertex 91.6527 -16 18.6725
      vertex 88.1823 -16 18.3398
    endloop
  endfacet
  facet normal 0 -1 -0
    outer loop
      vertex 91.6527 -16 18.6725
      vertex 88.1752 -16 18.3258
      vertex 91.7739 -16 18.5554
    endloop
  endfacet
  facet normal 0 -1 -0
    outer loop
      vertex 91.7739 -16 18.5554
      vertex 88.1752 -16 18.3258
      vertex 91.89 -16 18.4667
    endloop
  endfacet
  facet normal 0 -1 -0
    outer loop
      vertex 91.89 -16 18.4667
      vertex 88.1752 -16 18.3258
      vertex 92.0331 -16 18.3814
    endloop
  endfacet
  facet normal 0 -1 0
    outer loop
      vertex 88.1752 -16 18.3258
      vertex 92.1858 -16 18.3141
      vertex 92.0331 -16 18.3814
    endloop
  endfacet
  facet normal 0 -1 -0
    outer loop
      vertex 84.1777 -16 18.3292
      vertex 74.3 -16 6
      vertex 88.1752 -16 18.3258
    endloop
  endfacet
  facet normal 0 -1 0
    outer loop
      vertex 89.8675 -16 23.6852
      vertex 104.7 -16 35.4
      vertex 74.3 -16 35.4
    endloop
  endfacet
  facet normal 0 -1 0
    outer loop
      vertex 104.7 -16 35.4
      vertex 98.8975 -16 23.77
      vertex 99.0896 -16 23.7722
    endloop
  endfacet
  facet normal -0 -1 0
    outer loop
      vertex 98.7278 -16 23.75
      vertex 104.7 -16 35.4
      vertex 96.8414 -16 23.6852
    endloop
  endfacet
  facet normal 0 -1 0
    outer loop
      vertex 104.7 -16 35.4
      vertex 98.7278 -16 23.75
      vertex 98.8975 -16 23.77
    endloop
  endfacet
  facet normal 0 -1 0
    outer loop
      vertex 86.894 -16 23.6849
      vertex 74.3 -16 35.4
      vertex 84.2743 -16 23.6879
    endloop
  endfacet
  facet normal 0 -1 0
    outer loop
      vertex 83.9908 -16 23.6654
      vertex 74.3 -16 35.4
      vertex 81.6198 -16 23.6852
    endloop
  endfacet
  facet normal 0 -1 0
    outer loop
      vertex 74.3 -16 35.4
      vertex 77.7066 -16 23.6844
      vertex 81.6198 -16 23.6852
    endloop
  endfacet
  facet normal 0 -1 0
    outer loop
      vertex 74.3 -16 35.4
      vertex 77.5533 -16 23.6744
      vertex 77.7066 -16 23.6844
    endloop
  endfacet
  facet normal 0 -1 0
    outer loop
      vertex 74.3 -16 35.4
      vertex 77.3821 -16 23.6491
      vertex 77.5533 -16 23.6744
    endloop
  endfacet
  facet normal 0 -1 0
    outer loop
      vertex 74.3 -16 35.4
      vertex 77.2364 -16 23.6154
      vertex 77.3821 -16 23.6491
    endloop
  endfacet
  facet normal 0 -1 0
    outer loop
      vertex 74.3 -16 35.4
      vertex 77.075 -16 23.5642
      vertex 77.2364 -16 23.6154
    endloop
  endfacet
  facet normal 0 -1 0
    outer loop
      vertex 74.3 -16 35.4
      vertex 76.9389 -16 23.5088
      vertex 77.075 -16 23.5642
    endloop
  endfacet
  facet normal 0 -1 0
    outer loop
      vertex 74.3 -16 35.4
      vertex 76.7896 -16 23.4339
      vertex 76.9389 -16 23.5088
    endloop
  endfacet
  facet normal 0 -1 0
    outer loop
      vertex 74.3 -16 35.4
      vertex 76.6476 -16 23.3474
      vertex 76.7896 -16 23.4339
    endloop
  endfacet
  facet normal 0 -1 0
    outer loop
      vertex 74.3 -16 35.4
      vertex 76.5137 -16 23.2498
      vertex 76.6476 -16 23.3474
    endloop
  endfacet
  facet normal 0 -1 0
    outer loop
      vertex 74.3 -16 35.4
      vertex 76.3884 -16 23.1417
      vertex 76.5137 -16 23.2498
    endloop
  endfacet
  facet normal 0 -1 0
    outer loop
      vertex 74.3 -16 35.4
      vertex 76.2723 -16 23.0239
      vertex 76.3884 -16 23.1417
    endloop
  endfacet
  facet normal 0 -1 0
    outer loop
      vertex 74.3 -16 35.4
      vertex 76.1662 -16 22.8969
      vertex 76.2723 -16 23.0239
    endloop
  endfacet
  facet normal 0 -1 0
    outer loop
      vertex 74.3 -16 35.4
      vertex 76.0819 -16 22.7789
      vertex 76.1662 -16 22.8969
    endloop
  endfacet
  facet normal 0 -1 0
    outer loop
      vertex 74.3 -16 35.4
      vertex 75.996 -16 22.6365
      vertex 76.0819 -16 22.7789
    endloop
  endfacet
  facet normal 0 -1 0
    outer loop
      vertex 74.3 -16 35.4
      vertex 75.9306 -16 22.5058
      vertex 75.996 -16 22.6365
    endloop
  endfacet
  facet normal 0 -1 0
    outer loop
      vertex 74.3 -16 35.4
      vertex 75.8673 -16 22.3502
      vertex 75.9306 -16 22.5058
    endloop
  endfacet
  facet normal 0 -1 0
    outer loop
      vertex 74.3 -16 35.4
      vertex 75.8225 -16 22.2091
      vertex 75.8673 -16 22.3502
    endloop
  endfacet
  facet normal 0 -1 0
    outer loop
      vertex 74.3 -16 35.4
      vertex 75.784 -16 22.0425
      vertex 75.8225 -16 22.2091
    endloop
  endfacet
  facet normal 0 -1 0
    outer loop
      vertex 74.3 -16 35.4
      vertex 75.7619 -16 21.8927
      vertex 75.784 -16 22.0425
    endloop
  endfacet
  facet normal 0 -1 0
    outer loop
      vertex 74.3 -16 35.4
      vertex 75.75 -16 21.5674
      vertex 75.7619 -16 21.8927
    endloop
  endfacet
  facet normal 0 -1 0
    outer loop
      vertex 74.3 -16 35.4
      vertex 75.754 -16 20.2091
      vertex 75.75 -16 21.5674
    endloop
  endfacet
  facet normal 0 -1 0
    outer loop
      vertex 74.3 -16 6
      vertex 81.6143 -16 18.3238
      vertex 77.6568 -16 18.3266
    endloop
  endfacet
  facet normal 0 -1 0
    outer loop
      vertex 104.7 -16 6
      vertex 88.1752 -16 18.3258
      vertex 74.3 -16 6
    endloop
  endfacet
  facet normal 0 -1 0
    outer loop
      vertex 88.1752 -16 18.3258
      vertex 92.3261 -16 18.2706
      vertex 92.1858 -16 18.3141
    endloop
  endfacet
  facet normal 0 -1 0
    outer loop
      vertex 88.1752 -16 18.3258
      vertex 92.4925 -16 18.2391
      vertex 92.3261 -16 18.2706
    endloop
  endfacet
  facet normal 0 -1 0
    outer loop
      vertex 88.1752 -16 18.3258
      vertex 104.7 -16 6
      vertex 92.4925 -16 18.2391
    endloop
  endfacet
  facet normal 0 -1 -0
    outer loop
      vertex 77.4403 -16 18.3497
      vertex 74.3 -16 6
      vertex 77.6568 -16 18.3266
    endloop
  endfacet
  facet normal 0 -1 -0
    outer loop
      vertex 77.2106 -16 18.4009
      vertex 74.3 -16 6
      vertex 77.4403 -16 18.3497
    endloop
  endfacet
  facet normal 0 -1 -0
    outer loop
      vertex 76.9916 -16 18.4774
      vertex 74.3 -16 6
      vertex 77.2106 -16 18.4009
    endloop
  endfacet
  facet normal 0 -1 -0
    outer loop
      vertex 76.7849 -16 18.5777
      vertex 74.3 -16 6
      vertex 76.9916 -16 18.4774
    endloop
  endfacet
  facet normal 0 -1 -0
    outer loop
      vertex 76.626 -16 18.6763
      vertex 74.3 -16 6
      vertex 76.7849 -16 18.5777
    endloop
  endfacet
  facet normal 0 -1 -0
    outer loop
      vertex 76.4774 -16 18.7888
      vertex 74.3 -16 6
      vertex 76.626 -16 18.6763
    endloop
  endfacet
  facet normal 0 -1 -0
    outer loop
      vertex 76.3399 -16 18.9141
      vertex 74.3 -16 6
      vertex 76.4774 -16 18.7888
    endloop
  endfacet
  facet normal 0 -1 -0
    outer loop
      vertex 76.2145 -16 19.0516
      vertex 74.3 -16 6
      vertex 76.3399 -16 18.9141
    endloop
  endfacet
  facet normal 0 -1 -0
    outer loop
      vertex 76.1021 -16 19.2002
      vertex 74.3 -16 6
      vertex 76.2145 -16 19.0516
    endloop
  endfacet
  facet normal 0 -1 -0
    outer loop
      vertex 76.0035 -16 19.3591
      vertex 74.3 -16 6
      vertex 76.1021 -16 19.2002
    endloop
  endfacet
  facet normal 0 -1 -0
    outer loop
      vertex 75.9198 -16 19.5273
      vertex 74.3 -16 6
      vertex 76.0035 -16 19.3591
    endloop
  endfacet
  facet normal 0 -1 -0
    outer loop
      vertex 75.8585 -16 19.6839
      vertex 74.3 -16 6
      vertex 75.9198 -16 19.5273
    endloop
  endfacet
  facet normal 0 -1 -0
    outer loop
      vertex 75.787 -16 19.9509
      vertex 74.3 -16 6
      vertex 75.8585 -16 19.6839
    endloop
  endfacet
  facet normal 0 -1 -0
    outer loop
      vertex 75.754 -16 20.2091
      vertex 74.3 -16 6
      vertex 75.787 -16 19.9509
    endloop
  endfacet
  facet normal 0 -1 0
    outer loop
      vertex 74.3 -16 6
      vertex 75.754 -16 20.2091
      vertex 74.3 -16 35.4
    endloop
  endfacet
  facet normal 0 -1 0
    outer loop
      vertex 99.2399 -16 23.7646
      vertex 104.7 -16 35.4
      vertex 99.0896 -16 23.7722
    endloop
  endfacet
  facet normal 0 -1 0
    outer loop
      vertex 99.4074 -16 23.7367
      vertex 104.7 -16 35.4
      vertex 99.2399 -16 23.7646
    endloop
  endfacet
  facet normal 0 -1 0
    outer loop
      vertex 99.5686 -16 23.6891
      vertex 104.7 -16 35.4
      vertex 99.4074 -16 23.7367
    endloop
  endfacet
  facet normal 0 -1 0
    outer loop
      vertex 99.7219 -16 23.6224
      vertex 104.7 -16 35.4
      vertex 99.5686 -16 23.6891
    endloop
  endfacet
  facet normal 0 -1 0
    outer loop
      vertex 99.8658 -16 23.5376
      vertex 104.7 -16 35.4
      vertex 99.7219 -16 23.6224
    endloop
  endfacet
  facet normal 0 -1 0
    outer loop
      vertex 99.9988 -16 23.4353
      vertex 104.7 -16 35.4
      vertex 99.8658 -16 23.5376
    endloop
  endfacet
  facet normal 0 -1 0
    outer loop
      vertex 100.119 -16 23.3163
      vertex 104.7 -16 35.4
      vertex 99.9988 -16 23.4353
    endloop
  endfacet
  facet normal 0 -1 0
    outer loop
      vertex 100.227 -16 23.184
      vertex 104.7 -16 35.4
      vertex 100.119 -16 23.3163
    endloop
  endfacet
  facet normal 0 -1 0
    outer loop
      vertex 103.25 -16 18.3211
      vertex 104.7 -16 35.4
      vertex 100.227 -16 23.184
    endloop
  endfacet
  facet normal 0 -1 0
    outer loop
      vertex 99.9338 -16 18.3263
      vertex 104.7 -16 6
      vertex 101.942 -16 18.325
    endloop
  endfacet
  facet normal 0 -1 0
    outer loop
      vertex 104.7 -16 6
      vertex 92.9611 -16 18.2577
      vertex 92.793 -16 18.233
    endloop
  endfacet
  facet normal 0 -1 0
    outer loop
      vertex 104.7 -16 6
      vertex 92.793 -16 18.233
      vertex 92.6425 -16 18.228
    endloop
  endfacet
  facet normal 0 -1 0
    outer loop
      vertex 92.4925 -16 18.2391
      vertex 104.7 -16 6
      vertex 92.6425 -16 18.228
    endloop
  endfacet
  facet normal 0 -1 0
    outer loop
      vertex 103.25 -16 18.3211
      vertex 104.7 -16 6
      vertex 104.7 -16 35.4
    endloop
  endfacet
  facet normal 0 -1 0
    outer loop
      vertex 101.942 -16 18.325
      vertex 104.7 -16 6
      vertex 103.25 -16 18.3211
    endloop
  endfacet
  facet normal 0 -1 0
    outer loop
      vertex 89.8675 -16 23.6852
      vertex 74.3 -16 35.4
      vertex 88.5994 -16 23.6852
    endloop
  endfacet
  facet normal 0 -1 0
    outer loop
      vertex 104.7 -16 35.4
      vertex 89.8675 -16 23.6852
      vertex 95.5521 -16 23.6852
    endloop
  endfacet
  facet normal 0 -1 0
    outer loop
      vertex 104.7 -16 35.4
      vertex 95.5521 -16 23.6852
      vertex 96.8414 -16 23.6852
    endloop
  endfacet
  facet normal 0 -1 0
    outer loop
      vertex 98.7278 -16 23.75
      vertex 96.8414 -16 23.6852
      vertex 98.5639 -16 23.71
    endloop
  endfacet
  facet normal 0 -1 0
    outer loop
      vertex 96.8414 -16 23.6852
      vertex 98.3886 -16 23.6421
      vertex 98.5639 -16 23.71
    endloop
  endfacet
  facet normal 0 -1 0
    outer loop
      vertex 96.8414 -16 23.6852
      vertex 98.2422 -16 23.5622
      vertex 98.3886 -16 23.6421
    endloop
  endfacet
  facet normal 0 -1 0
    outer loop
      vertex 96.8414 -16 23.6852
      vertex 98.1062 -16 23.4646
      vertex 98.2422 -16 23.5622
    endloop
  endfacet
  facet normal 0 -1 0
    outer loop
      vertex 96.8414 -16 23.6852
      vertex 97.9819 -16 23.3503
      vertex 98.1062 -16 23.4646
    endloop
  endfacet
  facet normal 0 -1 0
    outer loop
      vertex 96.8414 -16 23.6852
      vertex 97.8572 -16 23.2036
      vertex 97.9819 -16 23.3503
    endloop
  endfacet
  facet normal 0 -1 0
    outer loop
      vertex 94.8069 -16 18.3333
      vertex 96.8414 -16 23.6852
      vertex 93.8495 -16 18.8836
    endloop
  endfacet
  facet normal 0 -1 0
    outer loop
      vertex 94.8069 -16 18.3333
      vertex 93.8495 -16 18.8836
      vertex 93.7631 -16 18.7597
    endloop
  endfacet
  facet normal 0 -1 0
    outer loop
      vertex 94.8061 -16 18.3211
      vertex 93.7631 -16 18.7597
      vertex 93.6654 -16 18.6472
    endloop
  endfacet
  facet normal 0 -1 -0
    outer loop
      vertex 96.8414 -16 23.6852
      vertex 94.8069 -16 18.3333
      vertex 97.8572 -16 23.2036
    endloop
  endfacet
  facet normal 0 -1 0
    outer loop
      vertex 94.8061 -16 18.3211
      vertex 93.6654 -16 18.6472
      vertex 93.5411 -16 18.5335
    endloop
  endfacet
  facet normal 0 -1 0
    outer loop
      vertex 94.8061 -16 18.3211
      vertex 93.5411 -16 18.5335
      vertex 93.4051 -16 18.4365
    endloop
  endfacet
  facet normal 0 -1 0
    outer loop
      vertex 94.8061 -16 18.3211
      vertex 93.4051 -16 18.4365
      vertex 93.2586 -16 18.3569
    endloop
  endfacet
  facet normal 0 -1 0
    outer loop
      vertex 93.7631 -16 18.7597
      vertex 94.8061 -16 18.3211
      vertex 94.8069 -16 18.3333
    endloop
  endfacet
  facet normal 0 -1 0
    outer loop
      vertex 92.9611 -16 18.2577
      vertex 94.8061 -16 18.3211
      vertex 93.1032 -16 18.2957
    endloop
  endfacet
  facet normal 0 -1 0
    outer loop
      vertex 93.1032 -16 18.2957
      vertex 94.8061 -16 18.3211
      vertex 93.2586 -16 18.3569
    endloop
  endfacet
  facet normal 0 -1 0
    outer loop
      vertex 83.3696 -16 23.4633
      vertex 81.6198 -16 23.6852
      vertex 81.6305 -16 23.6748
    endloop
  endfacet
  facet normal 0 -1 0
    outer loop
      vertex 74.3 -16 35.4
      vertex 83.9908 -16 23.6654
      vertex 84.2743 -16 23.6879
    endloop
  endfacet
  facet normal 0 -1 0
    outer loop
      vertex 81.6198 -16 23.6852
      vertex 83.781 -16 23.622
      vertex 83.9908 -16 23.6654
    endloop
  endfacet
  facet normal 0 -1 0
    outer loop
      vertex 81.6198 -16 23.6852
      vertex 83.5601 -16 23.5498
      vertex 83.781 -16 23.622
    endloop
  endfacet
  facet normal 0 -1 0
    outer loop
      vertex 81.6198 -16 23.6852
      vertex 83.3696 -16 23.4633
      vertex 83.5601 -16 23.5498
    endloop
  endfacet
  facet normal 0 -1 0
    outer loop
      vertex 81.6305 -16 23.6748
      vertex 83.173 -16 23.3466
      vertex 83.3696 -16 23.4633
    endloop
  endfacet
  facet normal 0 -1 0
    outer loop
      vertex 81.6305 -16 23.6748
      vertex 82.9916 -16 23.2091
      vertex 83.173 -16 23.3466
    endloop
  endfacet
  facet normal 0 -1 0
    outer loop
      vertex 81.6305 -16 23.6748
      vertex 82.827 -16 23.0524
      vertex 82.9916 -16 23.2091
    endloop
  endfacet
  facet normal 0 -1 0
    outer loop
      vertex 81.6305 -16 23.6748
      vertex 82.6808 -16 22.8782
      vertex 82.827 -16 23.0524
    endloop
  endfacet
  facet normal 0 -1 0
    outer loop
      vertex 81.6305 -16 23.6748
      vertex 82.5653 -16 22.706
      vertex 82.6808 -16 22.8782
    endloop
  endfacet
  facet normal 0 -1 0
    outer loop
      vertex 81.6305 -16 22.5756
      vertex 82.5653 -16 22.706
      vertex 81.6305 -16 23.6748
    endloop
  endfacet
  facet normal 0 -1 0
    outer loop
      vertex 76.8625 -16 21.6724
      vertex 77.7643 -16 22.5736
      vertex 77.5907 -16 22.5571
    endloop
  endfacet
  facet normal 0 -1 0
    outer loop
      vertex 76.8625 -16 21.6724
      vertex 77.5907 -16 22.5571
      vertex 77.4478 -16 22.5166
    endloop
  endfacet
  facet normal 0 -1 0
    outer loop
      vertex 81.6305 -16 22.5756
      vertex 82.4591 -16 22.503
      vertex 82.5653 -16 22.706
    endloop
  endfacet
  facet normal 0 -1 0
    outer loop
      vertex 81.6072 -16 19.4355
      vertex 77.7643 -16 22.5736
      vertex 77.7377 -16 19.4358
    endloop
  endfacet
  facet normal 0 -1 0
    outer loop
      vertex 76.8625 -16 21.6724
      vertex 77.4478 -16 22.5166
      vertex 77.2976 -16 22.4437
    endloop
  endfacet
  facet normal 0 -1 0
    outer loop
      vertex 76.8625 -16 21.6724
      vertex 77.2976 -16 22.4437
      vertex 77.18 -16 22.3588
    endloop
  endfacet
  facet normal 0 -1 0
    outer loop
      vertex 81.6305 -16 22.5756
      vertex 82.3826 -16 22.3074
      vertex 82.4591 -16 22.503
    endloop
  endfacet
  facet normal 0 -1 0
    outer loop
      vertex 76.8625 -16 21.6724
      vertex 77.18 -16 22.3588
      vertex 77.0645 -16 22.2407
    endloop
  endfacet
  facet normal 0 -1 0
    outer loop
      vertex 76.8625 -16 21.6724
      vertex 77.0645 -16 22.2407
      vertex 76.972 -16 22.103
    endloop
  endfacet
  facet normal 0 -1 0
    outer loop
      vertex 81.6305 -16 22.5756
      vertex 82.3222 -16 22.0815
      vertex 82.3826 -16 22.3074
    endloop
  endfacet
  facet normal 0 -1 0
    outer loop
      vertex 76.8625 -16 21.6724
      vertex 76.972 -16 22.103
      vertex 76.9126 -16 21.9691
    endloop
  endfacet
  facet normal 0 -1 0
    outer loop
      vertex 81.6305 -16 22.5756
      vertex 82.2901 -16 21.868
      vertex 82.3222 -16 22.0815
    endloop
  endfacet
  facet normal 0 -1 0
    outer loop
      vertex 76.8625 -16 21.6724
      vertex 76.9126 -16 21.9691
      vertex 76.8753 -16 21.8248
    endloop
  endfacet
  facet normal 0 -1 0
    outer loop
      vertex 81.6305 -16 22.5756
      vertex 82.2811 -16 21.6923
      vertex 82.2901 -16 21.868
    endloop
  endfacet
  facet normal 0 -1 0
    outer loop
      vertex 77.7643 -16 22.5736
      vertex 76.8625 -16 21.6724
      vertex 77.7377 -16 19.4358
    endloop
  endfacet
  facet normal 0 -1 0
    outer loop
      vertex 77.7643 -16 22.5736
      vertex 81.6072 -16 19.4355
      vertex 81.6305 -16 22.5756
    endloop
  endfacet
  facet normal 0 -1 0
    outer loop
      vertex 77.7377 -16 19.4358
      vertex 76.8625 -16 21.6724
      vertex 76.8627 -16 20.3188
    endloop
  endfacet
  facet normal 0 -1 -0
    outer loop
      vertex 81.6305 -16 22.5756
      vertex 81.6072 -16 19.4355
      vertex 82.2811 -16 21.6923
    endloop
  endfacet
  facet normal 0 -1 0
    outer loop
      vertex 77.7377 -16 19.4358
      vertex 76.8627 -16 20.3188
      vertex 76.8784 -16 20.1672
    endloop
  endfacet
  facet normal 0 -1 -0
    outer loop
      vertex 82.2811 -16 21.6923
      vertex 81.6072 -16 19.4355
      vertex 82.2812 -16 20.3382
    endloop
  endfacet
  facet normal 0 -1 0
    outer loop
      vertex 77.7377 -16 19.4358
      vertex 76.8784 -16 20.1672
      vertex 76.9258 -16 20.0044
    endloop
  endfacet
  facet normal 0 -1 0
    outer loop
      vertex 77.7377 -16 19.4358
      vertex 76.9258 -16 20.0044
      vertex 77.0016 -16 19.8558
    endloop
  endfacet
  facet normal 0 -1 -0
    outer loop
      vertex 82.2812 -16 20.3382
      vertex 81.6072 -16 19.4355
      vertex 82.2889 -16 20.1849
    endloop
  endfacet
  facet normal 0 -1 0
    outer loop
      vertex 77.7377 -16 19.4358
      vertex 77.0016 -16 19.8558
      vertex 77.1025 -16 19.7246
    endloop
  endfacet
  facet normal 0 -1 0
    outer loop
      vertex 77.7377 -16 19.4358
      vertex 77.1025 -16 19.7246
      vertex 77.2421 -16 19.6019
    endloop
  endfacet
  facet normal 0 -1 -0
    outer loop
      vertex 82.2889 -16 20.1849
      vertex 81.6072 -16 19.4355
      vertex 82.3115 -16 20.0134
    endloop
  endfacet
  facet normal 0 -1 0
    outer loop
      vertex 77.7377 -16 19.4358
      vertex 77.2421 -16 19.6019
      vertex 77.367 -16 19.5273
    endloop
  endfacet
  facet normal 0 -1 0
    outer loop
      vertex 77.7377 -16 19.4358
      vertex 77.367 -16 19.5273
      vertex 77.4836 -16 19.4798
    endloop
  endfacet
  facet normal 0 -1 0
    outer loop
      vertex 77.7377 -16 19.4358
      vertex 77.4836 -16 19.4798
      vertex 77.6077 -16 19.4488
    endloop
  endfacet
  facet normal 0 -1 -0
    outer loop
      vertex 82.3115 -16 20.0134
      vertex 81.6072 -16 19.4355
      vertex 82.3594 -16 19.8053
    endloop
  endfacet
  facet normal 0 -1 0
    outer loop
      vertex 81.6151 -16 19.4222
      vertex 82.3594 -16 19.8053
      vertex 81.6072 -16 19.4355
    endloop
  endfacet
  facet normal 0 -1 -0
    outer loop
      vertex 82.3594 -16 19.8053
      vertex 81.6151 -16 19.4222
      vertex 82.4359 -16 19.5859
    endloop
  endfacet
  facet normal 0 -1 0
    outer loop
      vertex 81.6151 -16 19.4222
      vertex 82.5258 -16 19.3965
      vertex 82.4359 -16 19.5859
    endloop
  endfacet
  facet normal 0 -1 0
    outer loop
      vertex 81.6151 -16 19.4222
      vertex 82.6458 -16 19.2011
      vertex 82.5258 -16 19.3965
    endloop
  endfacet
  facet normal 0 -1 0
    outer loop
      vertex 81.6143 -16 18.3238
      vertex 82.6458 -16 19.2011
      vertex 81.6151 -16 19.4222
    endloop
  endfacet
  facet normal 0 -1 -0
    outer loop
      vertex 82.6458 -16 19.2011
      vertex 81.6143 -16 18.3238
      vertex 82.7859 -16 19.0207
    endloop
  endfacet
  facet normal 0 -1 -0
    outer loop
      vertex 82.7859 -16 19.0207
      vertex 81.6143 -16 18.3238
      vertex 82.9449 -16 18.8572
    endloop
  endfacet
  facet normal 0 -1 -0
    outer loop
      vertex 82.9449 -16 18.8572
      vertex 81.6143 -16 18.3238
      vertex 83.1208 -16 18.7123
    endloop
  endfacet
  facet normal 0 -1 -0
    outer loop
      vertex 83.1208 -16 18.7123
      vertex 81.6143 -16 18.3238
      vertex 83.2942 -16 18.5981
    endloop
  endfacet
  facet normal 0 -1 0
    outer loop
      vertex 74.3 -16 6
      vertex 84.1777 -16 18.3292
      vertex 81.6143 -16 18.3238
    endloop
  endfacet
  facet normal 0 -1 -0
    outer loop
      vertex 83.9417 -16 18.3573
      vertex 81.6143 -16 18.3238
      vertex 84.1777 -16 18.3292
    endloop
  endfacet
  facet normal 0 -1 -0
    outer loop
      vertex 83.7146 -16 18.4128
      vertex 81.6143 -16 18.3238
      vertex 83.9417 -16 18.3573
    endloop
  endfacet
  facet normal 0 -1 -0
    outer loop
      vertex 83.4982 -16 18.4936
      vertex 81.6143 -16 18.3238
      vertex 83.7146 -16 18.4128
    endloop
  endfacet
  facet normal 0 -1 -0
    outer loop
      vertex 83.2942 -16 18.5981
      vertex 81.6143 -16 18.3238
      vertex 83.4982 -16 18.4936
    endloop
  endfacet
  facet normal 0 -1 0
    outer loop
      vertex 99.9338 -16 18.3263
      vertex 101.942 -16 18.325
      vertex 98.6135 -16 23.6698
    endloop
  endfacet
  facet normal 0 -1 0
    outer loop
      vertex 104.7 -16 6
      vertex 94.8061 -16 18.3211
      vertex 92.9611 -16 18.2577
    endloop
  endfacet
  facet normal 0 -1 0
    outer loop
      vertex 94.8061 -16 18.3211
      vertex 104.7 -16 6
      vertex 99.9338 -16 18.3263
    endloop
  endfacet
  facet normal 0 -1 0
    outer loop
      vertex 86.8846 -16 21.5195
      vertex 86.7782 -16 22.5736
      vertex 84.2106 -16 22.5699
    endloop
  endfacet
  facet normal 0 -1 0
    outer loop
      vertex 83.4054 -16 21.5164
      vertex 84.2106 -16 22.5699
      vertex 84.0619 -16 22.5435
    endloop
  endfacet
  facet normal -0 -1 0
    outer loop
      vertex 87.2809 -16 21.9836
      vertex 86.7782 -16 22.5736
      vertex 86.8846 -16 21.5195
    endloop
  endfacet
  facet normal 0 -1 0
    outer loop
      vertex 83.4054 -16 21.5164
      vertex 84.0619 -16 22.5435
      vertex 83.9227 -16 22.4938
    endloop
  endfacet
  facet normal -0 -1 -0
    outer loop
      vertex 87.2795 -16 22.1261
      vertex 86.7782 -16 22.5736
      vertex 87.2809 -16 21.9836
    endloop
  endfacet
  facet normal -0 -1 -0
    outer loop
      vertex 87.2647 -16 22.2141
      vertex 86.8847 -16 22.5663
      vertex 87.2795 -16 22.1261
    endloop
  endfacet
  facet normal 0 -1 0
    outer loop
      vertex 83.4054 -16 21.5164
      vertex 83.9227 -16 22.4938
      vertex 83.795 -16 22.4229
    endloop
  endfacet
  facet normal -0 -1 -0
    outer loop
      vertex 87.2345 -16 22.3046
      vertex 86.8847 -16 22.5663
      vertex 87.2647 -16 22.2141
    endloop
  endfacet
  facet normal 0 -1 0
    outer loop
      vertex 83.4054 -16 21.5164
      vertex 83.795 -16 22.4229
      vertex 83.666 -16 22.3187
    endloop
  endfacet
  facet normal 0 -1 0
    outer loop
      vertex 86.8847 -16 22.5663
      vertex 87.2345 -16 22.3046
      vertex 87.03 -16 22.5227
    endloop
  endfacet
  facet normal 0 -1 0
    outer loop
      vertex 87.0974 -16 22.4819
      vertex 87.2345 -16 22.3046
      vertex 87.1515 -16 22.4333
    endloop
  endfacet
  facet normal 0 -1 0
    outer loop
      vertex 83.4054 -16 21.5164
      vertex 83.666 -16 22.3187
      vertex 83.5581 -16 22.1928
    endloop
  endfacet
  facet normal 0 -1 0
    outer loop
      vertex 87.1515 -16 22.4333
      vertex 87.2345 -16 22.3046
      vertex 87.1938 -16 22.3796
    endloop
  endfacet
  facet normal 0 -1 0
    outer loop
      vertex 83.4054 -16 21.5164
      vertex 83.5581 -16 22.1928
      vertex 83.4836 -16 22.0674
    endloop
  endfacet
  facet normal 0 -1 0
    outer loop
      vertex 87.03 -16 22.5227
      vertex 87.2345 -16 22.3046
      vertex 87.0974 -16 22.4819
    endloop
  endfacet
  facet normal 0 -1 0
    outer loop
      vertex 83.4054 -16 21.5164
      vertex 83.4836 -16 22.0674
      vertex 83.4299 -16 21.9301
    endloop
  endfacet
  facet normal 0 -1 0
    outer loop
      vertex 86.7782 -16 22.5736
      vertex 87.2795 -16 22.1261
      vertex 86.8847 -16 22.5663
    endloop
  endfacet
  facet normal 0 -1 0
    outer loop
      vertex 87.2809 -16 21.9836
      vertex 86.8846 -16 21.5195
      vertex 87.2672 -16 21.8794
    endloop
  endfacet
  facet normal 0 -1 0
    outer loop
      vertex 83.4054 -16 21.5164
      vertex 83.4299 -16 21.9301
      vertex 83.3992 -16 21.783
    endloop
  endfacet
  facet normal 0 -1 0
    outer loop
      vertex 87.2672 -16 21.8794
      vertex 86.8846 -16 21.5195
      vertex 87.2398 -16 21.7868
    endloop
  endfacet
  facet normal 0 -1 0
    outer loop
      vertex 87.2398 -16 21.7868
      vertex 86.8846 -16 21.5195
      vertex 87.1908 -16 21.6925
    endloop
  endfacet
  facet normal -0 -1 0
    outer loop
      vertex 86.9755 -16 21.5369
      vertex 87.1908 -16 21.6925
      vertex 86.8846 -16 21.5195
    endloop
  endfacet
  facet normal 0 -1 0
    outer loop
      vertex 87.1908 -16 21.6925
      vertex 86.9755 -16 21.5369
      vertex 87.1316 -16 21.6236
    endloop
  endfacet
  facet normal 0 -1 0
    outer loop
      vertex 83.4054 -16 21.5164
      vertex 83.3992 -16 21.783
      vertex 83.3926 -16 21.5247
    endloop
  endfacet
  facet normal 0 -1 0
    outer loop
      vertex 87.1316 -16 21.6236
      vertex 86.9755 -16 21.5369
      vertex 87.0514 -16 21.5673
    endloop
  endfacet
  facet normal 0 -1 -0
    outer loop
      vertex 84.2106 -16 22.5699
      vertex 83.4054 -16 21.5164
      vertex 86.8846 -16 21.5195
    endloop
  endfacet
  facet normal 0.467263 0.530981 0.706912
    outer loop
      vertex 105.266 15.7657 35.4
      vertex 104.826 15.3541 36
      vertex 104.841 15.3409 36
    endloop
  endfacet
  facet normal 0.364567 0.606103 0.706916
    outer loop
      vertex 105.077 15.9055 35.4
      vertex 104.811 15.3657 36
      vertex 105.144 15.8652 35.4
    endloop
  endfacet
  facet normal 0 0.707107 0.707107
    outer loop
      vertex 104.7 16 35.4
      vertex 74.3146 15.4 36
      vertex 104.685 15.4 36
    endloop
  endfacet
  facet normal 0 0.707107 0.707107
    outer loop
      vertex 74.3146 15.4 36
      vertex 104.7 16 35.4
      vertex 74.3 16 35.4
    endloop
  endfacet
  facet normal -0.0352084 0.70624 0.707097
    outer loop
      vertex 74.3 16 35.4
      vertex 74.2805 15.3983 36
      vertex 74.3146 15.4 36
    endloop
  endfacet
  facet normal 0.515436 0.856928 -0
    outer loop
      vertex 105.144 15.8652 6
      vertex 105.077 15.9055 35.4
      vertex 105.144 15.8652 35.4
    endloop
  endfacet
  facet normal 0.515436 0.856928 0
    outer loop
      vertex 105.077 15.9055 35.4
      vertex 105.144 15.8652 6
      vertex 105.077 15.9055 6
    endloop
  endfacet
  facet normal 0.47531 -0.523111 0.707415
    outer loop
      vertex 105.266 -15.7657 35.4
      vertex 104.826 -15.3541 36
      vertex 105.208 -15.8184 35.4
    endloop
  endfacet
  facet normal 0.101463 -0.699742 0.707154
    outer loop
      vertex 104.739 -15.3954 36
      vertex 104.719 -15.3983 36
      vertex 104.778 -15.9961 35.4
    endloop
  endfacet
  facet normal -1 0 0
    outer loop
      vertex 73.5 -15.2 6
      vertex 73.5 15.2 35.4
      vertex 73.5 15.2 6
    endloop
  endfacet
  facet normal -1 -0 0
    outer loop
      vertex 73.5 15.2 35.4
      vertex 73.5 -15.2 6
      vertex 73.5 -15.2 35.4
    endloop
  endfacet
  facet normal -0.238743 0.665586 0.707105
    outer loop
      vertex 74.2421 15.3907 36
      vertex 73.9939 15.9391 35.4
      vertex 74.2237 15.3841 36
    endloop
  endfacet
  facet normal -0.706279 -0.0342329 0.707106
    outer loop
      vertex 74.1 -15.1855 36
      vertex 73.5 -15.2 35.4
      vertex 73.5038 -15.2784 35.4
    endloop
  endfacet
  facet normal 0.0353112 0.706224 0.707107
    outer loop
      vertex 104.7 16 35.4
      vertex 104.685 15.4 36
      vertex 104.719 15.3983 36
    endloop
  endfacet
  facet normal 0.970217 -0.242236 0
    outer loop
      vertex 105.466 -15.4322 35.4
      vertex 105.485 -15.3561 6
      vertex 105.485 -15.3561 35.4
    endloop
  endfacet
  facet normal 0.970217 -0.242236 0
    outer loop
      vertex 105.485 -15.3561 6
      vertex 105.466 -15.4322 35.4
      vertex 105.466 -15.4322 6
    endloop
  endfacet
  facet normal 0.664204 0.242673 0.707066
    outer loop
      vertex 105.439 15.5061 35.4
      vertex 104.891 15.2578 36
      vertex 105.466 15.4322 35.4
    endloop
  endfacet
  facet normal -0.421656 0.567615 0.707121
    outer loop
      vertex 73.8555 15.8652 35.4
      vertex 73.7925 15.8184 35.4
      vertex 74.1893 15.3657 36
    endloop
  endfacet
  facet normal 0.145859 0.989305 -0
    outer loop
      vertex 104.856 15.9846 6
      vertex 104.778 15.9961 35.4
      vertex 104.856 15.9846 35.4
    endloop
  endfacet
  facet normal 0.145859 0.989305 0
    outer loop
      vertex 104.778 15.9961 35.4
      vertex 104.856 15.9846 6
      vertex 104.778 15.9961 6
    endloop
  endfacet
  facet normal 0.560377 -0.431059 0.707224
    outer loop
      vertex 104.866 -15.3107 36
      vertex 104.854 -15.3263 36
      vertex 105.318 -15.7075 35.4
    endloop
  endfacet
  facet normal 0.566971 0.422978 0.706848
    outer loop
      vertex 105.318 15.7075 35.4
      vertex 104.866 15.3107 36
      vertex 105.365 15.6445 35.4
    endloop
  endfacet
  facet normal 0.707107 0 0.707107
    outer loop
      vertex 104.9 15.1854 36
      vertex 105.5 -15.2 35.4
      vertex 105.5 15.2 35.4
    endloop
  endfacet
  facet normal 0.707107 0 0.707107
    outer loop
      vertex 105.5 -15.2 35.4
      vertex 104.9 15.1854 36
      vertex 104.9 -15.1854 36
    endloop
  endfacet
  facet normal 0.604216 0.36755 0.706987
    outer loop
      vertex 105.365 15.6445 35.4
      vertex 104.866 15.3107 36
      vertex 105.406 15.5771 35.4
    endloop
  endfacet
  facet normal -0.336417 -0.941713 0
    outer loop
      vertex 73.9939 -15.9391 6
      vertex 74.0678 -15.9655 35.4
      vertex 73.9939 -15.9391 35.4
    endloop
  endfacet
  facet normal -0.336417 -0.941713 -0
    outer loop
      vertex 74.0678 -15.9655 35.4
      vertex 73.9939 -15.9391 6
      vertex 74.0678 -15.9655 6
    endloop
  endfacet
  facet normal 0.645244 0.289997 0.706796
    outer loop
      vertex 105.406 15.5771 35.4
      vertex 104.876 15.294 36
      vertex 104.884 15.2762 36
    endloop
  endfacet
  facet normal 0.699766 0.0990659 0.70747
    outer loop
      vertex 105.485 15.3561 35.4
      vertex 104.895 15.2388 36
      vertex 105.496 15.2784 35.4
    endloop
  endfacet
  facet normal -0.665591 -0.238676 0.707122
    outer loop
      vertex 74.1093 -15.2578 36
      vertex 73.5344 -15.4322 35.4
      vertex 73.5609 -15.5061 35.4
    endloop
  endfacet
  facet normal 0.0499376 0.998752 -0
    outer loop
      vertex 104.778 15.9961 6
      vertex 104.7 16 35.4
      vertex 104.778 15.9961 35.4
    endloop
  endfacet
  facet normal 0.0499376 0.998752 0
    outer loop
      vertex 104.7 16 35.4
      vertex 104.778 15.9961 6
      vertex 104.7 16 6
    endloop
  endfacet
  facet normal -0.941309 0.337546 0
    outer loop
      vertex 73.5344 15.4322 6
      vertex 73.5609 15.5061 35.4
      vertex 73.5609 15.5061 6
    endloop
  endfacet
  facet normal -0.941309 0.337546 0
    outer loop
      vertex 73.5609 15.5061 35.4
      vertex 73.5344 15.4322 6
      vertex 73.5344 15.4322 35.4
    endloop
  endfacet
  facet normal 0.417467 -0.570896 0.706965
    outer loop
      vertex 105.208 -15.8184 35.4
      vertex 104.811 -15.3657 36
      vertex 105.144 -15.8652 35.4
    endloop
  endfacet
  facet normal -0.707107 0 0.707107
    outer loop
      vertex 73.5 15.2 35.4
      vertex 74.1 -15.1855 36
      vertex 74.1 15.1855 36
    endloop
  endfacet
  facet normal -0.707107 0 0.707107
    outer loop
      vertex 74.1 -15.1855 36
      vertex 73.5 15.2 35.4
      vertex 73.5 -15.2 35.4
    endloop
  endfacet
  facet normal 0.302459 -0.639125 0.707133
    outer loop
      vertex 105.077 -15.9055 35.4
      vertex 104.776 -15.3841 36
      vertex 105.006 -15.9391 35.4
    endloop
  endfacet
  facet normal 0.243373 0.663745 0.707257
    outer loop
      vertex 105.006 15.9391 35.4
      vertex 104.758 15.3907 36
      vertex 104.776 15.3841 36
    endloop
  endfacet
  facet normal 0.0353112 0.706224 0.707107
    outer loop
      vertex 104.778 15.9961 35.4
      vertex 104.7 16 35.4
      vertex 104.719 15.3983 36
    endloop
  endfacet
  facet normal 0.705996 -0.0414074 0.707004
    outer loop
      vertex 104.9 -15.1854 36
      vertex 104.898 -15.2195 36
      vertex 105.5 -15.2 35.4
    endloop
  endfacet
  facet normal -0.802744 -0.596324 0
    outer loop
      vertex 73.6816 -15.7075 6
      vertex 73.6348 -15.6445 35.4
      vertex 73.6348 -15.6445 6
    endloop
  endfacet
  facet normal -0.802744 -0.596324 0
    outer loop
      vertex 73.6348 -15.6445 35.4
      vertex 73.6816 -15.7075 6
      vertex 73.6816 -15.7075 35.4
    endloop
  endfacet
  facet normal -0.639148 0.30247 0.707108
    outer loop
      vertex 73.5945 15.5771 35.4
      vertex 73.5609 15.5061 35.4
      vertex 74.1159 15.2762 36
    endloop
  endfacet
  facet normal 0 1 -0
    outer loop
      vertex 79.0662 16 18.3263
      vertex 77.0578 16 18.325
      vertex 80.3865 16 23.6698
    endloop
  endfacet
  facet normal 0 1 0
    outer loop
      vertex 74.3 16 6
      vertex 79.0662 16 18.3263
      vertex 84.1939 16 18.3211
    endloop
  endfacet
  facet normal 0 1 0
    outer loop
      vertex 79.0662 16 18.3263
      vertex 74.3 16 6
      vertex 77.0578 16 18.325
    endloop
  endfacet
  facet normal 0 1 -0
    outer loop
      vertex 89.1182 16 23.6732
      vertex 83.4479 16 23.6852
      vertex 89.1325 16 23.6852
    endloop
  endfacet
  facet normal 0 1 0
    outer loop
      vertex 86.0924 16 19.4523
      vertex 89.1182 16 23.6732
      vertex 86.5697 16 19.4549
    endloop
  endfacet
  facet normal 0 1 0
    outer loop
      vertex 89.1182 16 23.6732
      vertex 86.0924 16 19.4523
      vertex 83.4479 16 23.6852
    endloop
  endfacet
  facet normal 0 1 0
    outer loop
      vertex 86.4166 16 19.3394
      vertex 86.5697 16 19.4549
      vertex 86.5343 16 19.4104
    endloop
  endfacet
  facet normal 0 1 0
    outer loop
      vertex 86.5697 16 19.4549
      vertex 86.4166 16 19.3394
      vertex 86.0924 16 19.4523
    endloop
  endfacet
  facet normal 0 1 0
    outer loop
      vertex 86.4166 16 19.3394
      vertex 86.5343 16 19.4104
      vertex 86.4756 16 19.3647
    endloop
  endfacet
  facet normal 0 1 -0
    outer loop
      vertex 86.2662 16 19.3341
      vertex 86.0924 16 19.4523
      vertex 86.4166 16 19.3394
    endloop
  endfacet
  facet normal 0 1 0
    outer loop
      vertex 86.0924 16 19.4523
      vertex 86.2662 16 19.3341
      vertex 86.1286 16 19.4083
    endloop
  endfacet
  facet normal 0 1 0
    outer loop
      vertex 86.1286 16 19.4083
      vertex 86.2662 16 19.3341
      vertex 86.1882 16 19.3634
    endloop
  endfacet
  facet normal -0 1 0
    outer loop
      vertex 86.2662 16 19.3341
      vertex 86.4166 16 19.3394
      vertex 86.3378 16 19.3268
    endloop
  endfacet
  facet normal 0 1 0
    outer loop
      vertex 104.7 16 35.4
      vertex 92.106 16 23.6849
      vertex 90.4006 16 23.6852
    endloop
  endfacet
  facet normal 0 1 -0
    outer loop
      vertex 91.9095 16 23.6631
      vertex 90.4006 16 23.6852
      vertex 92.106 16 23.6849
    endloop
  endfacet
  facet normal 0 1 -0
    outer loop
      vertex 91.7039 16 23.6152
      vertex 90.4006 16 23.6852
      vertex 91.9095 16 23.6631
    endloop
  endfacet
  facet normal 0 1 -0
    outer loop
      vertex 91.5355 16 23.5536
      vertex 90.4006 16 23.6852
      vertex 91.7039 16 23.6152
    endloop
  endfacet
  facet normal 0 1 -0
    outer loop
      vertex 91.362 16 23.4649
      vertex 90.4006 16 23.6852
      vertex 91.5355 16 23.5536
    endloop
  endfacet
  facet normal 0 1 -0
    outer loop
      vertex 91.2059 16 23.3578
      vertex 90.4006 16 23.6852
      vertex 91.362 16 23.4649
    endloop
  endfacet
  facet normal 0 1 -0
    outer loop
      vertex 91.0673 16 23.2345
      vertex 90.4006 16 23.6852
      vertex 91.2059 16 23.3578
    endloop
  endfacet
  facet normal 0 1 -0
    outer loop
      vertex 90.9463 16 23.0973
      vertex 90.4006 16 23.6852
      vertex 91.0673 16 23.2345
    endloop
  endfacet
  facet normal 0 1 -0
    outer loop
      vertex 90.833 16 22.9312
      vertex 90.4006 16 23.6852
      vertex 90.9463 16 23.0973
    endloop
  endfacet
  facet normal 0 1 -0
    outer loop
      vertex 90.7421 16 22.7536
      vertex 90.4006 16 23.6852
      vertex 90.833 16 22.9312
    endloop
  endfacet
  facet normal 0 1 -0
    outer loop
      vertex 90.6739 16 22.5676
      vertex 90.4006 16 23.6852
      vertex 90.7421 16 22.7536
    endloop
  endfacet
  facet normal 0 1 -0
    outer loop
      vertex 90.6287 16 22.3762
      vertex 90.4006 16 23.6852
      vertex 90.6739 16 22.5676
    endloop
  endfacet
  facet normal 0 1 -0
    outer loop
      vertex 90.6068 16 22.1826
      vertex 90.4006 16 23.6852
      vertex 90.6287 16 22.3762
    endloop
  endfacet
  facet normal 0 1 0
    outer loop
      vertex 87.5139 16 18.8958
      vertex 90.6068 16 22.1826
      vertex 90.612 16 21.9058
    endloop
  endfacet
  facet normal 0 1 0
    outer loop
      vertex 87.5139 16 18.8958
      vertex 90.612 16 21.9058
      vertex 90.6316 16 21.7314
    endloop
  endfacet
  facet normal 0 1 0
    outer loop
      vertex 94.7078 16 19.4355
      vertex 95.6055 16 20.4075
      vertex 95.6017 16 20.2588
    endloop
  endfacet
  facet normal 0 1 0
    outer loop
      vertex 94.7078 16 19.4355
      vertex 95.6017 16 20.2588
      vertex 95.5729 16 20.1119
    endloop
  endfacet
  facet normal 0 1 0
    outer loop
      vertex 95.6055 16 20.4075
      vertex 94.7078 16 19.4355
      vertex 92.2252 16 20.4094
    endloop
  endfacet
  facet normal 0 1 0
    outer loop
      vertex 94.7078 16 19.4355
      vertex 95.5729 16 20.1119
      vertex 95.5218 16 19.9732
    endloop
  endfacet
  facet normal 0 1 0
    outer loop
      vertex 94.7078 16 19.4355
      vertex 95.5218 16 19.9732
      vertex 95.4503 16 19.8452
    endloop
  endfacet
  facet normal 0 1 0
    outer loop
      vertex 94.7078 16 19.4355
      vertex 95.4503 16 19.8452
      vertex 95.3605 16 19.7302
    endloop
  endfacet
  facet normal 0 1 0
    outer loop
      vertex 90.8204 16 19.4355
      vertex 92.2252 16 20.4094
      vertex 94.7078 16 19.4355
    endloop
  endfacet
  facet normal 0 1 0
    outer loop
      vertex 94.7078 16 19.4355
      vertex 95.3605 16 19.7302
      vertex 95.2544 16 19.6306
    endloop
  endfacet
  facet normal 0 1 0
    outer loop
      vertex 94.7078 16 19.4355
      vertex 95.2544 16 19.6306
      vertex 95.1341 16 19.549
    endloop
  endfacet
  facet normal 0 1 0
    outer loop
      vertex 94.7078 16 19.4355
      vertex 95.1341 16 19.549
      vertex 95.0016 16 19.4876
    endloop
  endfacet
  facet normal 0 1 0
    outer loop
      vertex 92.2252 16 20.4094
      vertex 90.8204 16 19.4355
      vertex 92.0222 16 20.4196
    endloop
  endfacet
  facet normal 0 1 0
    outer loop
      vertex 94.7078 16 19.4355
      vertex 95.0016 16 19.4876
      vertex 94.8588 16 19.449
    endloop
  endfacet
  facet normal 0 1 0
    outer loop
      vertex 92.0222 16 20.4196
      vertex 90.8204 16 19.4355
      vertex 91.8085 16 20.4555
    endloop
  endfacet
  facet normal 0 1 0
    outer loop
      vertex 91.8085 16 20.4555
      vertex 90.8204 16 19.4355
      vertex 91.6115 16 20.515
    endloop
  endfacet
  facet normal 0 1 0
    outer loop
      vertex 90.8204 16 19.4355
      vertex 91.4126 16 20.6063
      vertex 91.6115 16 20.515
    endloop
  endfacet
  facet normal 0 1 0
    outer loop
      vertex 90.8204 16 19.4355
      vertex 91.2348 16 20.721
      vertex 91.4126 16 20.6063
    endloop
  endfacet
  facet normal 0 1 0
    outer loop
      vertex 90.8204 16 19.4355
      vertex 91.0787 16 20.8561
      vertex 91.2348 16 20.721
    endloop
  endfacet
  facet normal 0 1 0
    outer loop
      vertex 90.8204 16 19.4355
      vertex 90.9444 16 21.0086
      vertex 91.0787 16 20.8561
    endloop
  endfacet
  facet normal 0 1 0
    outer loop
      vertex 90.8204 16 19.4355
      vertex 90.8322 16 21.1754
      vertex 90.9444 16 21.0086
    endloop
  endfacet
  facet normal 0 1 0
    outer loop
      vertex 87.5139 16 18.8958
      vertex 90.8322 16 21.1754
      vertex 90.8204 16 19.4355
    endloop
  endfacet
  facet normal 0 1 0
    outer loop
      vertex 90.8322 16 21.1754
      vertex 87.5139 16 18.8958
      vertex 90.7425 16 21.3535
    endloop
  endfacet
  facet normal 0 1 0
    outer loop
      vertex 90.7425 16 21.3535
      vertex 87.5139 16 18.8958
      vertex 90.6755 16 21.5399
    endloop
  endfacet
  facet normal 0 1 0
    outer loop
      vertex 90.6755 16 21.5399
      vertex 87.5139 16 18.8958
      vertex 90.6316 16 21.7314
    endloop
  endfacet
  facet normal 0 1 0
    outer loop
      vertex 87.5139 16 18.8958
      vertex 90.8204 16 19.4355
      vertex 90.8177 16 19.4172
    endloop
  endfacet
  facet normal 0 1 0
    outer loop
      vertex 90.6068 16 22.1826
      vertex 87.5139 16 18.8958
      vertex 90.4006 16 23.6852
    endloop
  endfacet
  facet normal 0 1 -0
    outer loop
      vertex 90.8177 16 18.3398
      vertex 87.5139 16 18.8958
      vertex 90.8177 16 19.4172
    endloop
  endfacet
  facet normal 0 1 0
    outer loop
      vertex 87.5139 16 18.8958
      vertex 90.8177 16 18.3398
      vertex 87.442 16 18.7877
    endloop
  endfacet
  facet normal 0 1 0
    outer loop
      vertex 87.442 16 18.7877
      vertex 90.8177 16 18.3398
      vertex 87.3473 16 18.6725
    endloop
  endfacet
  facet normal 0 1 0
    outer loop
      vertex 90.8248 16 18.3258
      vertex 87.3473 16 18.6725
      vertex 90.8177 16 18.3398
    endloop
  endfacet
  facet normal 0 1 0
    outer loop
      vertex 87.3473 16 18.6725
      vertex 90.8248 16 18.3258
      vertex 87.2261 16 18.5554
    endloop
  endfacet
  facet normal 0 1 0
    outer loop
      vertex 87.2261 16 18.5554
      vertex 90.8248 16 18.3258
      vertex 87.11 16 18.4667
    endloop
  endfacet
  facet normal 0 1 0
    outer loop
      vertex 87.11 16 18.4667
      vertex 90.8248 16 18.3258
      vertex 86.9669 16 18.3814
    endloop
  endfacet
  facet normal 0 1 0
    outer loop
      vertex 90.8248 16 18.3258
      vertex 86.8142 16 18.3141
      vertex 86.9669 16 18.3814
    endloop
  endfacet
  facet normal 0 1 0
    outer loop
      vertex 94.8223 16 18.3292
      vertex 104.7 16 6
      vertex 90.8248 16 18.3258
    endloop
  endfacet
  facet normal 0 1 -0
    outer loop
      vertex 89.1325 16 23.6852
      vertex 74.3 16 35.4
      vertex 104.7 16 35.4
    endloop
  endfacet
  facet normal 0 1 0
    outer loop
      vertex 74.3 16 35.4
      vertex 80.1025 16 23.77
      vertex 79.9104 16 23.7722
    endloop
  endfacet
  facet normal -0 1 -0
    outer loop
      vertex 80.2722 16 23.75
      vertex 74.3 16 35.4
      vertex 82.1586 16 23.6852
    endloop
  endfacet
  facet normal 0 1 0
    outer loop
      vertex 74.3 16 35.4
      vertex 80.2722 16 23.75
      vertex 80.1025 16 23.77
    endloop
  endfacet
  facet normal 0 1 0
    outer loop
      vertex 92.106 16 23.6849
      vertex 104.7 16 35.4
      vertex 94.7257 16 23.6879
    endloop
  endfacet
  facet normal 0 1 0
    outer loop
      vertex 95.0092 16 23.6654
      vertex 104.7 16 35.4
      vertex 97.3802 16 23.6852
    endloop
  endfacet
  facet normal 0 1 0
    outer loop
      vertex 104.7 16 35.4
      vertex 101.293 16 23.6844
      vertex 97.3802 16 23.6852
    endloop
  endfacet
  facet normal 0 1 0
    outer loop
      vertex 104.7 16 35.4
      vertex 101.447 16 23.6744
      vertex 101.293 16 23.6844
    endloop
  endfacet
  facet normal 0 1 0
    outer loop
      vertex 104.7 16 35.4
      vertex 101.618 16 23.6491
      vertex 101.447 16 23.6744
    endloop
  endfacet
  facet normal 0 1 0
    outer loop
      vertex 104.7 16 35.4
      vertex 101.764 16 23.6154
      vertex 101.618 16 23.6491
    endloop
  endfacet
  facet normal 0 1 0
    outer loop
      vertex 104.7 16 35.4
      vertex 101.925 16 23.5642
      vertex 101.764 16 23.6154
    endloop
  endfacet
  facet normal 0 1 0
    outer loop
      vertex 104.7 16 35.4
      vertex 102.061 16 23.5088
      vertex 101.925 16 23.5642
    endloop
  endfacet
  facet normal 0 1 0
    outer loop
      vertex 104.7 16 35.4
      vertex 102.21 16 23.4339
      vertex 102.061 16 23.5088
    endloop
  endfacet
  facet normal 0 1 0
    outer loop
      vertex 104.7 16 35.4
      vertex 102.352 16 23.3474
      vertex 102.21 16 23.4339
    endloop
  endfacet
  facet normal 0 1 0
    outer loop
      vertex 104.7 16 35.4
      vertex 102.486 16 23.2498
      vertex 102.352 16 23.3474
    endloop
  endfacet
  facet normal 0 1 0
    outer loop
      vertex 104.7 16 35.4
      vertex 102.612 16 23.1417
      vertex 102.486 16 23.2498
    endloop
  endfacet
  facet normal 0 1 0
    outer loop
      vertex 104.7 16 35.4
      vertex 102.728 16 23.0239
      vertex 102.612 16 23.1417
    endloop
  endfacet
  facet normal 0 1 0
    outer loop
      vertex 104.7 16 35.4
      vertex 102.834 16 22.8969
      vertex 102.728 16 23.0239
    endloop
  endfacet
  facet normal 0 1 0
    outer loop
      vertex 104.7 16 35.4
      vertex 102.918 16 22.7789
      vertex 102.834 16 22.8969
    endloop
  endfacet
  facet normal 0 1 0
    outer loop
      vertex 104.7 16 35.4
      vertex 103.004 16 22.6365
      vertex 102.918 16 22.7789
    endloop
  endfacet
  facet normal 0 1 0
    outer loop
      vertex 104.7 16 35.4
      vertex 103.069 16 22.5058
      vertex 103.004 16 22.6365
    endloop
  endfacet
  facet normal 0 1 0
    outer loop
      vertex 104.7 16 35.4
      vertex 103.133 16 22.3502
      vertex 103.069 16 22.5058
    endloop
  endfacet
  facet normal 0 1 0
    outer loop
      vertex 104.7 16 35.4
      vertex 103.177 16 22.2091
      vertex 103.133 16 22.3502
    endloop
  endfacet
  facet normal 0 1 0
    outer loop
      vertex 104.7 16 35.4
      vertex 103.216 16 22.0425
      vertex 103.177 16 22.2091
    endloop
  endfacet
  facet normal 0 1 0
    outer loop
      vertex 104.7 16 35.4
      vertex 103.238 16 21.8927
      vertex 103.216 16 22.0425
    endloop
  endfacet
  facet normal 0 1 0
    outer loop
      vertex 104.7 16 35.4
      vertex 103.25 16 21.5674
      vertex 103.238 16 21.8927
    endloop
  endfacet
  facet normal 0 1 0
    outer loop
      vertex 104.7 16 35.4
      vertex 103.246 16 20.2091
      vertex 103.25 16 21.5674
    endloop
  endfacet
  facet normal 0 1 0
    outer loop
      vertex 104.7 16 6
      vertex 97.3857 16 18.3238
      vertex 101.343 16 18.3266
    endloop
  endfacet
  facet normal 0 1 0
    outer loop
      vertex 74.3 16 6
      vertex 90.8248 16 18.3258
      vertex 104.7 16 6
    endloop
  endfacet
  facet normal 0 1 0
    outer loop
      vertex 90.8248 16 18.3258
      vertex 86.6739 16 18.2706
      vertex 86.8142 16 18.3141
    endloop
  endfacet
  facet normal 0 1 0
    outer loop
      vertex 90.8248 16 18.3258
      vertex 86.5075 16 18.2391
      vertex 86.6739 16 18.2706
    endloop
  endfacet
  facet normal 0 1 0
    outer loop
      vertex 90.8248 16 18.3258
      vertex 74.3 16 6
      vertex 86.5075 16 18.2391
    endloop
  endfacet
  facet normal 0 1 0
    outer loop
      vertex 101.56 16 18.3497
      vertex 104.7 16 6
      vertex 101.343 16 18.3266
    endloop
  endfacet
  facet normal 0 1 0
    outer loop
      vertex 101.789 16 18.4009
      vertex 104.7 16 6
      vertex 101.56 16 18.3497
    endloop
  endfacet
  facet normal 0 1 0
    outer loop
      vertex 102.008 16 18.4774
      vertex 104.7 16 6
      vertex 101.789 16 18.4009
    endloop
  endfacet
  facet normal 0 1 0
    outer loop
      vertex 102.215 16 18.5777
      vertex 104.7 16 6
      vertex 102.008 16 18.4774
    endloop
  endfacet
  facet normal 0 1 0
    outer loop
      vertex 102.374 16 18.6763
      vertex 104.7 16 6
      vertex 102.215 16 18.5777
    endloop
  endfacet
  facet normal 0 1 0
    outer loop
      vertex 102.523 16 18.7888
      vertex 104.7 16 6
      vertex 102.374 16 18.6763
    endloop
  endfacet
  facet normal 0 1 0
    outer loop
      vertex 102.66 16 18.9141
      vertex 104.7 16 6
      vertex 102.523 16 18.7888
    endloop
  endfacet
  facet normal 0 1 0
    outer loop
      vertex 102.786 16 19.0516
      vertex 104.7 16 6
      vertex 102.66 16 18.9141
    endloop
  endfacet
  facet normal 0 1 0
    outer loop
      vertex 102.898 16 19.2002
      vertex 104.7 16 6
      vertex 102.786 16 19.0516
    endloop
  endfacet
  facet normal 0 1 0
    outer loop
      vertex 102.997 16 19.3591
      vertex 104.7 16 6
      vertex 102.898 16 19.2002
    endloop
  endfacet
  facet normal 0 1 0
    outer loop
      vertex 103.08 16 19.5273
      vertex 104.7 16 6
      vertex 102.997 16 19.3591
    endloop
  endfacet
  facet normal 0 1 0
    outer loop
      vertex 103.142 16 19.6839
      vertex 104.7 16 6
      vertex 103.08 16 19.5273
    endloop
  endfacet
  facet normal 0 1 0
    outer loop
      vertex 103.213 16 19.9509
      vertex 104.7 16 6
      vertex 103.142 16 19.6839
    endloop
  endfacet
  facet normal 0 1 0
    outer loop
      vertex 103.246 16 20.2091
      vertex 104.7 16 6
      vertex 103.213 16 19.9509
    endloop
  endfacet
  facet normal 0 1 -0
    outer loop
      vertex 104.7 16 6
      vertex 103.246 16 20.2091
      vertex 104.7 16 35.4
    endloop
  endfacet
  facet normal 0 1 -0
    outer loop
      vertex 79.7601 16 23.7646
      vertex 74.3 16 35.4
      vertex 79.9104 16 23.7722
    endloop
  endfacet
  facet normal 0 1 -0
    outer loop
      vertex 79.5926 16 23.7367
      vertex 74.3 16 35.4
      vertex 79.7601 16 23.7646
    endloop
  endfacet
  facet normal 0 1 -0
    outer loop
      vertex 79.4314 16 23.6891
      vertex 74.3 16 35.4
      vertex 79.5926 16 23.7367
    endloop
  endfacet
  facet normal 0 1 -0
    outer loop
      vertex 79.2781 16 23.6224
      vertex 74.3 16 35.4
      vertex 79.4314 16 23.6891
    endloop
  endfacet
  facet normal 0 1 -0
    outer loop
      vertex 79.1342 16 23.5376
      vertex 74.3 16 35.4
      vertex 79.2781 16 23.6224
    endloop
  endfacet
  facet normal 0 1 -0
    outer loop
      vertex 79.0012 16 23.4353
      vertex 74.3 16 35.4
      vertex 79.1342 16 23.5376
    endloop
  endfacet
  facet normal 0 1 -0
    outer loop
      vertex 78.8807 16 23.3163
      vertex 74.3 16 35.4
      vertex 79.0012 16 23.4353
    endloop
  endfacet
  facet normal 0 1 -0
    outer loop
      vertex 78.773 16 23.184
      vertex 74.3 16 35.4
      vertex 78.8807 16 23.3163
    endloop
  endfacet
  facet normal 0 1 -0
    outer loop
      vertex 75.75 16 18.3211
      vertex 74.3 16 35.4
      vertex 78.773 16 23.184
    endloop
  endfacet
  facet normal 0 1 0
    outer loop
      vertex 86.207 16 18.233
      vertex 84.1939 16 18.3211
      vertex 86.0389 16 18.2577
    endloop
  endfacet
  facet normal 0 1 0
    outer loop
      vertex 84.1939 16 18.3211
      vertex 86.207 16 18.233
      vertex 74.3 16 6
    endloop
  endfacet
  facet normal 0 1 0
    outer loop
      vertex 74.3 16 6
      vertex 86.207 16 18.233
      vertex 86.3575 16 18.228
    endloop
  endfacet
  facet normal 0 1 0
    outer loop
      vertex 86.5075 16 18.2391
      vertex 74.3 16 6
      vertex 86.3575 16 18.228
    endloop
  endfacet
  facet normal 0 1 0
    outer loop
      vertex 75.75 16 18.3211
      vertex 74.3 16 6
      vertex 74.3 16 35.4
    endloop
  endfacet
  facet normal 0 1 0
    outer loop
      vertex 77.0578 16 18.325
      vertex 74.3 16 6
      vertex 75.75 16 18.3211
    endloop
  endfacet
  facet normal 0 1 0
    outer loop
      vertex 89.1325 16 23.6852
      vertex 104.7 16 35.4
      vertex 90.4006 16 23.6852
    endloop
  endfacet
  facet normal 0 1 0
    outer loop
      vertex 74.3 16 35.4
      vertex 89.1325 16 23.6852
      vertex 83.4479 16 23.6852
    endloop
  endfacet
  facet normal 0 1 0
    outer loop
      vertex 74.3 16 35.4
      vertex 83.4479 16 23.6852
      vertex 82.1586 16 23.6852
    endloop
  endfacet
  facet normal 0 1 0
    outer loop
      vertex 80.2722 16 23.75
      vertex 82.1586 16 23.6852
      vertex 80.4361 16 23.71
    endloop
  endfacet
  facet normal 0 1 0
    outer loop
      vertex 82.1586 16 23.6852
      vertex 80.6114 16 23.6421
      vertex 80.4361 16 23.71
    endloop
  endfacet
  facet normal 0 1 0
    outer loop
      vertex 82.1586 16 23.6852
      vertex 80.7578 16 23.5622
      vertex 80.6114 16 23.6421
    endloop
  endfacet
  facet normal 0 1 0
    outer loop
      vertex 82.1586 16 23.6852
      vertex 80.8938 16 23.4646
      vertex 80.7578 16 23.5622
    endloop
  endfacet
  facet normal 0 1 0
    outer loop
      vertex 82.1586 16 23.6852
      vertex 81.0181 16 23.3503
      vertex 80.8938 16 23.4646
    endloop
  endfacet
  facet normal 0 1 0
    outer loop
      vertex 82.1586 16 23.6852
      vertex 81.1428 16 23.2036
      vertex 81.0181 16 23.3503
    endloop
  endfacet
  facet normal 0 1 -0
    outer loop
      vertex 84.1931 16 18.3333
      vertex 82.1586 16 23.6852
      vertex 85.1505 16 18.8836
    endloop
  endfacet
  facet normal 0 1 0
    outer loop
      vertex 84.1931 16 18.3333
      vertex 85.1505 16 18.8836
      vertex 85.2369 16 18.7597
    endloop
  endfacet
  facet normal 0 1 0
    outer loop
      vertex 84.1939 16 18.3211
      vertex 85.2369 16 18.7597
      vertex 85.3346 16 18.6472
    endloop
  endfacet
  facet normal 0 1 0
    outer loop
      vertex 82.1586 16 23.6852
      vertex 84.1931 16 18.3333
      vertex 81.1428 16 23.2036
    endloop
  endfacet
  facet normal 0 1 0
    outer loop
      vertex 84.1939 16 18.3211
      vertex 85.3346 16 18.6472
      vertex 85.4589 16 18.5335
    endloop
  endfacet
  facet normal 0 1 0
    outer loop
      vertex 84.1939 16 18.3211
      vertex 85.4589 16 18.5335
      vertex 85.5949 16 18.4365
    endloop
  endfacet
  facet normal 0 1 0
    outer loop
      vertex 84.1939 16 18.3211
      vertex 85.5949 16 18.4365
      vertex 85.7414 16 18.3569
    endloop
  endfacet
  facet normal 0 1 0
    outer loop
      vertex 85.2369 16 18.7597
      vertex 84.1939 16 18.3211
      vertex 84.1931 16 18.3333
    endloop
  endfacet
  facet normal 0 1 0
    outer loop
      vertex 86.0389 16 18.2577
      vertex 84.1939 16 18.3211
      vertex 85.8968 16 18.2957
    endloop
  endfacet
  facet normal 0 1 0
    outer loop
      vertex 85.8968 16 18.2957
      vertex 84.1939 16 18.3211
      vertex 85.7414 16 18.3569
    endloop
  endfacet
  facet normal 0 1 0
    outer loop
      vertex 95.6304 16 23.4633
      vertex 97.3802 16 23.6852
      vertex 97.3695 16 23.6748
    endloop
  endfacet
  facet normal 0 1 0
    outer loop
      vertex 104.7 16 35.4
      vertex 95.0092 16 23.6654
      vertex 94.7257 16 23.6879
    endloop
  endfacet
  facet normal 0 1 0
    outer loop
      vertex 97.3802 16 23.6852
      vertex 95.219 16 23.622
      vertex 95.0092 16 23.6654
    endloop
  endfacet
  facet normal 0 1 0
    outer loop
      vertex 97.3802 16 23.6852
      vertex 95.4399 16 23.5498
      vertex 95.219 16 23.622
    endloop
  endfacet
  facet normal 0 1 0
    outer loop
      vertex 97.3802 16 23.6852
      vertex 95.6304 16 23.4633
      vertex 95.4399 16 23.5498
    endloop
  endfacet
  facet normal 0 1 0
    outer loop
      vertex 97.3695 16 23.6748
      vertex 95.827 16 23.3466
      vertex 95.6304 16 23.4633
    endloop
  endfacet
  facet normal 0 1 0
    outer loop
      vertex 97.3695 16 23.6748
      vertex 96.0084 16 23.2091
      vertex 95.827 16 23.3466
    endloop
  endfacet
  facet normal 0 1 0
    outer loop
      vertex 97.3695 16 23.6748
      vertex 96.173 16 23.0524
      vertex 96.0084 16 23.2091
    endloop
  endfacet
  facet normal 0 1 0
    outer loop
      vertex 97.3695 16 23.6748
      vertex 96.3192 16 22.8782
      vertex 96.173 16 23.0524
    endloop
  endfacet
  facet normal 0 1 0
    outer loop
      vertex 97.3695 16 23.6748
      vertex 96.4347 16 22.706
      vertex 96.3192 16 22.8782
    endloop
  endfacet
  facet normal 0 1 -0
    outer loop
      vertex 97.3695 16 22.5756
      vertex 96.4347 16 22.706
      vertex 97.3695 16 23.6748
    endloop
  endfacet
  facet normal 0 1 0
    outer loop
      vertex 102.137 16 21.6724
      vertex 101.236 16 22.5736
      vertex 101.409 16 22.5571
    endloop
  endfacet
  facet normal 0 1 0
    outer loop
      vertex 102.137 16 21.6724
      vertex 101.409 16 22.5571
      vertex 101.552 16 22.5166
    endloop
  endfacet
  facet normal 0 1 0
    outer loop
      vertex 97.3695 16 22.5756
      vertex 96.5409 16 22.503
      vertex 96.4347 16 22.706
    endloop
  endfacet
  facet normal 0 1 0
    outer loop
      vertex 97.3928 16 19.4355
      vertex 101.236 16 22.5736
      vertex 101.262 16 19.4358
    endloop
  endfacet
  facet normal 0 1 0
    outer loop
      vertex 102.137 16 21.6724
      vertex 101.552 16 22.5166
      vertex 101.702 16 22.4437
    endloop
  endfacet
  facet normal 0 1 0
    outer loop
      vertex 102.137 16 21.6724
      vertex 101.702 16 22.4437
      vertex 101.82 16 22.3588
    endloop
  endfacet
  facet normal 0 1 0
    outer loop
      vertex 97.3695 16 22.5756
      vertex 96.6174 16 22.3074
      vertex 96.5409 16 22.503
    endloop
  endfacet
  facet normal 0 1 0
    outer loop
      vertex 102.137 16 21.6724
      vertex 101.82 16 22.3588
      vertex 101.936 16 22.2407
    endloop
  endfacet
  facet normal 0 1 0
    outer loop
      vertex 102.137 16 21.6724
      vertex 101.936 16 22.2407
      vertex 102.028 16 22.103
    endloop
  endfacet
  facet normal 0 1 0
    outer loop
      vertex 97.3695 16 22.5756
      vertex 96.6778 16 22.0815
      vertex 96.6174 16 22.3074
    endloop
  endfacet
  facet normal 0 1 0
    outer loop
      vertex 102.137 16 21.6724
      vertex 102.028 16 22.103
      vertex 102.087 16 21.9691
    endloop
  endfacet
  facet normal 0 1 0
    outer loop
      vertex 97.3695 16 22.5756
      vertex 96.7099 16 21.868
      vertex 96.6778 16 22.0815
    endloop
  endfacet
  facet normal 0 1 0
    outer loop
      vertex 102.137 16 21.6724
      vertex 102.087 16 21.9691
      vertex 102.125 16 21.8248
    endloop
  endfacet
  facet normal 0 1 0
    outer loop
      vertex 97.3695 16 22.5756
      vertex 96.7189 16 21.6923
      vertex 96.7099 16 21.868
    endloop
  endfacet
  facet normal 0 1 0
    outer loop
      vertex 101.236 16 22.5736
      vertex 102.137 16 21.6724
      vertex 101.262 16 19.4358
    endloop
  endfacet
  facet normal 0 1 0
    outer loop
      vertex 101.236 16 22.5736
      vertex 97.3928 16 19.4355
      vertex 97.3695 16 22.5756
    endloop
  endfacet
  facet normal 0 1 0
    outer loop
      vertex 101.262 16 19.4358
      vertex 102.137 16 21.6724
      vertex 102.137 16 20.3188
    endloop
  endfacet
  facet normal 0 1 0
    outer loop
      vertex 97.3695 16 22.5756
      vertex 97.3928 16 19.4355
      vertex 96.7189 16 21.6923
    endloop
  endfacet
  facet normal 0 1 0
    outer loop
      vertex 101.262 16 19.4358
      vertex 102.137 16 20.3188
      vertex 102.122 16 20.1672
    endloop
  endfacet
  facet normal 0 1 0
    outer loop
      vertex 96.7189 16 21.6923
      vertex 97.3928 16 19.4355
      vertex 96.7188 16 20.3382
    endloop
  endfacet
  facet normal 0 1 0
    outer loop
      vertex 101.262 16 19.4358
      vertex 102.122 16 20.1672
      vertex 102.074 16 20.0044
    endloop
  endfacet
  facet normal 0 1 0
    outer loop
      vertex 101.262 16 19.4358
      vertex 102.074 16 20.0044
      vertex 101.998 16 19.8558
    endloop
  endfacet
  facet normal 0 1 0
    outer loop
      vertex 96.7188 16 20.3382
      vertex 97.3928 16 19.4355
      vertex 96.7111 16 20.1849
    endloop
  endfacet
  facet normal 0 1 0
    outer loop
      vertex 101.262 16 19.4358
      vertex 101.998 16 19.8558
      vertex 101.898 16 19.7246
    endloop
  endfacet
  facet normal 0 1 0
    outer loop
      vertex 101.262 16 19.4358
      vertex 101.898 16 19.7246
      vertex 101.758 16 19.6019
    endloop
  endfacet
  facet normal 0 1 0
    outer loop
      vertex 96.7111 16 20.1849
      vertex 97.3928 16 19.4355
      vertex 96.6885 16 20.0134
    endloop
  endfacet
  facet normal 0 1 0
    outer loop
      vertex 101.262 16 19.4358
      vertex 101.758 16 19.6019
      vertex 101.633 16 19.5273
    endloop
  endfacet
  facet normal 0 1 0
    outer loop
      vertex 101.262 16 19.4358
      vertex 101.633 16 19.5273
      vertex 101.516 16 19.4798
    endloop
  endfacet
  facet normal 0 1 0
    outer loop
      vertex 101.262 16 19.4358
      vertex 101.516 16 19.4798
      vertex 101.392 16 19.4488
    endloop
  endfacet
  facet normal 0 1 0
    outer loop
      vertex 96.6885 16 20.0134
      vertex 97.3928 16 19.4355
      vertex 96.6406 16 19.8053
    endloop
  endfacet
  facet normal 0 1 -0
    outer loop
      vertex 97.3849 16 19.4222
      vertex 96.6406 16 19.8053
      vertex 97.3928 16 19.4355
    endloop
  endfacet
  facet normal 0 1 0
    outer loop
      vertex 96.6406 16 19.8053
      vertex 97.3849 16 19.4222
      vertex 96.5641 16 19.5859
    endloop
  endfacet
  facet normal 0 1 0
    outer loop
      vertex 97.3849 16 19.4222
      vertex 96.4742 16 19.3965
      vertex 96.5641 16 19.5859
    endloop
  endfacet
  facet normal 0 1 0
    outer loop
      vertex 97.3849 16 19.4222
      vertex 96.3542 16 19.2011
      vertex 96.4742 16 19.3965
    endloop
  endfacet
  facet normal 0 1 0
    outer loop
      vertex 97.3857 16 18.3238
      vertex 96.3542 16 19.2011
      vertex 97.3849 16 19.4222
    endloop
  endfacet
  facet normal 0 1 0
    outer loop
      vertex 96.3542 16 19.2011
      vertex 97.3857 16 18.3238
      vertex 96.2141 16 19.0207
    endloop
  endfacet
  facet normal 0 1 0
    outer loop
      vertex 96.2141 16 19.0207
      vertex 97.3857 16 18.3238
      vertex 96.0551 16 18.8572
    endloop
  endfacet
  facet normal 0 1 0
    outer loop
      vertex 96.0551 16 18.8572
      vertex 97.3857 16 18.3238
      vertex 95.8792 16 18.7123
    endloop
  endfacet
  facet normal 0 1 0
    outer loop
      vertex 95.8792 16 18.7123
      vertex 97.3857 16 18.3238
      vertex 95.7058 16 18.5981
    endloop
  endfacet
  facet normal 0 1 0
    outer loop
      vertex 104.7 16 6
      vertex 94.8223 16 18.3292
      vertex 97.3857 16 18.3238
    endloop
  endfacet
  facet normal 0 1 0
    outer loop
      vertex 95.0583 16 18.3573
      vertex 97.3857 16 18.3238
      vertex 94.8223 16 18.3292
    endloop
  endfacet
  facet normal 0 1 0
    outer loop
      vertex 95.2854 16 18.4128
      vertex 97.3857 16 18.3238
      vertex 95.0583 16 18.3573
    endloop
  endfacet
  facet normal 0 1 0
    outer loop
      vertex 95.5018 16 18.4936
      vertex 97.3857 16 18.3238
      vertex 95.2854 16 18.4128
    endloop
  endfacet
  facet normal 0 1 0
    outer loop
      vertex 95.7058 16 18.5981
      vertex 97.3857 16 18.3238
      vertex 95.5018 16 18.4936
    endloop
  endfacet
  facet normal 0 1 0
    outer loop
      vertex 92.1154 16 21.5195
      vertex 92.2218 16 22.5736
      vertex 94.7894 16 22.5699
    endloop
  endfacet
  facet normal 0 1 0
    outer loop
      vertex 95.5946 16 21.5164
      vertex 94.7894 16 22.5699
      vertex 94.9381 16 22.5435
    endloop
  endfacet
  facet normal -0 1 0
    outer loop
      vertex 91.7191 16 21.9836
      vertex 92.2218 16 22.5736
      vertex 92.1154 16 21.5195
    endloop
  endfacet
  facet normal 0 1 0
    outer loop
      vertex 95.5946 16 21.5164
      vertex 94.9381 16 22.5435
      vertex 95.0773 16 22.4938
    endloop
  endfacet
  facet normal -0 1 0
    outer loop
      vertex 91.7205 16 22.1261
      vertex 92.2218 16 22.5736
      vertex 91.7191 16 21.9836
    endloop
  endfacet
  facet normal -0 1 0
    outer loop
      vertex 91.7353 16 22.2141
      vertex 92.1153 16 22.5663
      vertex 91.7205 16 22.1261
    endloop
  endfacet
  facet normal 0 1 0
    outer loop
      vertex 95.5946 16 21.5164
      vertex 95.0773 16 22.4938
      vertex 95.205 16 22.4229
    endloop
  endfacet
  facet normal -0 1 0
    outer loop
      vertex 91.7655 16 22.3046
      vertex 92.1153 16 22.5663
      vertex 91.7353 16 22.2141
    endloop
  endfacet
  facet normal 0 1 0
    outer loop
      vertex 95.5946 16 21.5164
      vertex 95.205 16 22.4229
      vertex 95.334 16 22.3187
    endloop
  endfacet
  facet normal 0 1 0
    outer loop
      vertex 92.1153 16 22.5663
      vertex 91.7655 16 22.3046
      vertex 91.97 16 22.5227
    endloop
  endfacet
  facet normal 0 1 0
    outer loop
      vertex 91.9026 16 22.4819
      vertex 91.7655 16 22.3046
      vertex 91.8485 16 22.4333
    endloop
  endfacet
  facet normal 0 1 0
    outer loop
      vertex 95.5946 16 21.5164
      vertex 95.334 16 22.3187
      vertex 95.4419 16 22.1928
    endloop
  endfacet
  facet normal 0 1 0
    outer loop
      vertex 91.8485 16 22.4333
      vertex 91.7655 16 22.3046
      vertex 91.8062 16 22.3796
    endloop
  endfacet
  facet normal 0 1 0
    outer loop
      vertex 95.5946 16 21.5164
      vertex 95.4419 16 22.1928
      vertex 95.5164 16 22.0674
    endloop
  endfacet
  facet normal 0 1 0
    outer loop
      vertex 91.97 16 22.5227
      vertex 91.7655 16 22.3046
      vertex 91.9026 16 22.4819
    endloop
  endfacet
  facet normal 0 1 0
    outer loop
      vertex 95.5946 16 21.5164
      vertex 95.5164 16 22.0674
      vertex 95.5701 16 21.9301
    endloop
  endfacet
  facet normal 0 1 0
    outer loop
      vertex 92.2218 16 22.5736
      vertex 91.7205 16 22.1261
      vertex 92.1153 16 22.5663
    endloop
  endfacet
  facet normal 0 1 0
    outer loop
      vertex 91.7191 16 21.9836
      vertex 92.1154 16 21.5195
      vertex 91.7328 16 21.8794
    endloop
  endfacet
  facet normal 0 1 -0
    outer loop
      vertex 95.5946 16 21.5164
      vertex 95.5701 16 21.9301
      vertex 95.6008 16 21.783
    endloop
  endfacet
  facet normal 0 1 0
    outer loop
      vertex 91.7328 16 21.8794
      vertex 92.1154 16 21.5195
      vertex 91.7602 16 21.7868
    endloop
  endfacet
  facet normal 0 1 0
    outer loop
      vertex 91.7602 16 21.7868
      vertex 92.1154 16 21.5195
      vertex 91.8092 16 21.6925
    endloop
  endfacet
  facet normal -0 1 -0
    outer loop
      vertex 92.0245 16 21.5369
      vertex 91.8092 16 21.6925
      vertex 92.1154 16 21.5195
    endloop
  endfacet
  facet normal 0 1 0
    outer loop
      vertex 91.8092 16 21.6925
      vertex 92.0245 16 21.5369
      vertex 91.8684 16 21.6236
    endloop
  endfacet
  facet normal 0 1 0
    outer loop
      vertex 95.5946 16 21.5164
      vertex 95.6008 16 21.783
      vertex 95.6074 16 21.5247
    endloop
  endfacet
  facet normal 0 1 0
    outer loop
      vertex 91.8684 16 21.6236
      vertex 92.0245 16 21.5369
      vertex 91.9486 16 21.5673
    endloop
  endfacet
  facet normal 0 1 0
    outer loop
      vertex 94.7894 16 22.5699
      vertex 95.5946 16 21.5164
      vertex 92.1154 16 21.5195
    endloop
  endfacet
  facet normal -0.475972 0.522848 0.707164
    outer loop
      vertex 74.1736 15.3541 36
      vertex 73.7343 15.7657 35.4
      vertex 74.1591 15.3409 36
    endloop
  endfacet
  facet normal 0.5273 -0.471127 0.707102
    outer loop
      vertex 105.318 -15.7075 35.4
      vertex 104.854 -15.3263 36
      vertex 105.266 -15.7657 35.4
    endloop
  endfacet
  facet normal -0.741264 0.671213 0
    outer loop
      vertex 73.6816 15.7075 6
      vertex 73.7343 15.7657 35.4
      vertex 73.7343 15.7657 6
    endloop
  endfacet
  facet normal -0.741264 0.671213 0
    outer loop
      vertex 73.7343 15.7657 35.4
      vertex 73.6816 15.7075 6
      vertex 73.6816 15.7075 35.4
    endloop
  endfacet
  facet normal -0.336417 0.941713 0
    outer loop
      vertex 74.0678 15.9655 6
      vertex 73.9939 15.9391 35.4
      vertex 74.0678 15.9655 35.4
    endloop
  endfacet
  facet normal -0.336417 0.941713 0
    outer loop
      vertex 73.9939 15.9391 35.4
      vertex 74.0678 15.9655 6
      vertex 73.9939 15.9391 6
    endloop
  endfacet
  facet normal -0.858278 -0.513184 0
    outer loop
      vertex 73.6348 -15.6445 6
      vertex 73.5945 -15.5771 35.4
      vertex 73.5945 -15.5771 6
    endloop
  endfacet
  facet normal -0.858278 -0.513184 0
    outer loop
      vertex 73.5945 -15.5771 35.4
      vertex 73.6348 -15.6445 6
      vertex 73.6348 -15.6445 35.4
    endloop
  endfacet
  facet normal 0.706056 -0.0360233 0.707239
    outer loop
      vertex 105.5 -15.2 35.4
      vertex 104.898 -15.2195 36
      vertex 105.496 -15.2784 35.4
    endloop
  endfacet
  facet normal -0.0496835 -0.998765 0
    outer loop
      vertex 74.2216 -15.9961 6
      vertex 74.3 -16 35.4
      vertex 74.2216 -15.9961 35.4
    endloop
  endfacet
  facet normal -0.0496835 -0.998765 -0
    outer loop
      vertex 74.3 -16 35.4
      vertex 74.2216 -15.9961 6
      vertex 74.3 -16 6
    endloop
  endfacet
  facet normal -0.513184 -0.858278 0
    outer loop
      vertex 73.8555 -15.8652 6
      vertex 73.9229 -15.9055 35.4
      vertex 73.8555 -15.8652 35.4
    endloop
  endfacet
  facet normal -0.513184 -0.858278 -0
    outer loop
      vertex 73.9229 -15.9055 35.4
      vertex 73.8555 -15.8652 6
      vertex 73.9229 -15.9055 6
    endloop
  endfacet
  facet normal -0.567615 -0.421656 0.707121
    outer loop
      vertex 74.1343 -15.3107 36
      vertex 73.6348 -15.6445 35.4
      vertex 73.6816 -15.7075 35.4
    endloop
  endfacet
  facet normal 1 0 0
    outer loop
      vertex 105.5 -7.14062 19.8053
      vertex 105.5 -7.89279 19.4355
      vertex 105.5 -7.8849 19.4222
    endloop
  endfacet
  facet normal 1 -0 0
    outer loop
      vertex 105.5 -11.7357 22.5736
      vertex 105.5 -7.89279 19.4355
      vertex 105.5 -7.86949 22.5756
    endloop
  endfacet
  facet normal 1 0 0
    outer loop
      vertex 105.5 -11.7357 22.5736
      vertex 105.5 -11.7623 19.4358
      vertex 105.5 -7.89279 19.4355
    endloop
  endfacet
  facet normal 1 -0 0
    outer loop
      vertex 105.5 -12.6373 20.3188
      vertex 105.5 -11.7623 19.4358
      vertex 105.5 -11.7357 22.5736
    endloop
  endfacet
  facet normal 1 0 0
    outer loop
      vertex 105.5 -12.6375 21.6724
      vertex 105.5 -11.7357 22.5736
      vertex 105.5 -11.9093 22.5571
    endloop
  endfacet
  facet normal 1 0 -0
    outer loop
      vertex 105.5 -12.6373 20.3188
      vertex 105.5 -11.7357 22.5736
      vertex 105.5 -12.6375 21.6724
    endloop
  endfacet
  facet normal 1 0 0
    outer loop
      vertex 105.5 -12.6375 21.6724
      vertex 105.5 -11.9093 22.5571
      vertex 105.5 -12.0522 22.5166
    endloop
  endfacet
  facet normal 1 0 0
    outer loop
      vertex 105.5 -11.7623 19.4358
      vertex 105.5 -12.6373 20.3188
      vertex 105.5 -11.8923 19.4488
    endloop
  endfacet
  facet normal 1 0 0
    outer loop
      vertex 105.5 -12.6375 21.6724
      vertex 105.5 -12.0522 22.5166
      vertex 105.5 -12.2024 22.4437
    endloop
  endfacet
  facet normal 1 0 0
    outer loop
      vertex 105.5 -11.8923 19.4488
      vertex 105.5 -12.6373 20.3188
      vertex 105.5 -12.0164 19.4798
    endloop
  endfacet
  facet normal 1 0 0
    outer loop
      vertex 105.5 -12.6375 21.6724
      vertex 105.5 -12.2024 22.4437
      vertex 105.5 -12.32 22.3588
    endloop
  endfacet
  facet normal 1 0 0
    outer loop
      vertex 105.5 -12.0164 19.4798
      vertex 105.5 -12.6373 20.3188
      vertex 105.5 -12.133 19.5273
    endloop
  endfacet
  facet normal 1 0 0
    outer loop
      vertex 105.5 -12.6375 21.6724
      vertex 105.5 -12.32 22.3588
      vertex 105.5 -12.4355 22.2407
    endloop
  endfacet
  facet normal 1 0 0
    outer loop
      vertex 105.5 -12.133 19.5273
      vertex 105.5 -12.6373 20.3188
      vertex 105.5 -12.2579 19.6019
    endloop
  endfacet
  facet normal 1 0 0
    outer loop
      vertex 105.5 -12.6375 21.6724
      vertex 105.5 -12.4355 22.2407
      vertex 105.5 -12.528 22.103
    endloop
  endfacet
  facet normal 1 0 0
    outer loop
      vertex 105.5 -12.2579 19.6019
      vertex 105.5 -12.6373 20.3188
      vertex 105.5 -12.3975 19.7246
    endloop
  endfacet
  facet normal 1 0 0
    outer loop
      vertex 105.5 -12.6375 21.6724
      vertex 105.5 -12.528 22.103
      vertex 105.5 -12.5874 21.9691
    endloop
  endfacet
  facet normal 1 0 0
    outer loop
      vertex 105.5 -12.3975 19.7246
      vertex 105.5 -12.6373 20.3188
      vertex 105.5 -12.4984 19.8558
    endloop
  endfacet
  facet normal 1 0 0
    outer loop
      vertex 105.5 -12.6375 21.6724
      vertex 105.5 -12.5874 21.9691
      vertex 105.5 -12.6247 21.8248
    endloop
  endfacet
  facet normal 1 0 0
    outer loop
      vertex 105.5 -12.4984 19.8558
      vertex 105.5 -12.6373 20.3188
      vertex 105.5 -12.5742 20.0044
    endloop
  endfacet
  facet normal 1 0 0
    outer loop
      vertex 105.5 -12.5742 20.0044
      vertex 105.5 -12.6373 20.3188
      vertex 105.5 -12.6216 20.1672
    endloop
  endfacet
  facet normal 1 0 0
    outer loop
      vertex 105.5 1.98608 18.8958
      vertex 105.5 -1.32039 19.4355
      vertex 105.5 -1.31766 19.4172
    endloop
  endfacet
  facet normal 1 0 0
    outer loop
      vertex 105.5 1.98608 18.8958
      vertex 105.5 -1.33221 21.1754
      vertex 105.5 -1.32039 19.4355
    endloop
  endfacet
  facet normal 1 -0 0
    outer loop
      vertex 105.5 -1.44437 21.0086
      vertex 105.5 -1.32039 19.4355
      vertex 105.5 -1.33221 21.1754
    endloop
  endfacet
  facet normal 1 -0 0
    outer loop
      vertex 105.5 -1.57869 20.8561
      vertex 105.5 -1.32039 19.4355
      vertex 105.5 -1.44437 21.0086
    endloop
  endfacet
  facet normal 1 -0 0
    outer loop
      vertex 105.5 -1.73482 20.721
      vertex 105.5 -1.32039 19.4355
      vertex 105.5 -1.57869 20.8561
    endloop
  endfacet
  facet normal 1 -0 0
    outer loop
      vertex 105.5 -1.91255 20.6063
      vertex 105.5 -1.32039 19.4355
      vertex 105.5 -1.73482 20.721
    endloop
  endfacet
  facet normal 1 -0 0
    outer loop
      vertex 105.5 -2.11154 20.515
      vertex 105.5 -1.32039 19.4355
      vertex 105.5 -1.91255 20.6063
    endloop
  endfacet
  facet normal 1 -0 0
    outer loop
      vertex 105.5 -2.30849 20.4555
      vertex 105.5 -1.32039 19.4355
      vertex 105.5 -2.11154 20.515
    endloop
  endfacet
  facet normal 1 -0 0
    outer loop
      vertex 105.5 -2.52223 20.4196
      vertex 105.5 -1.32039 19.4355
      vertex 105.5 -2.30849 20.4555
    endloop
  endfacet
  facet normal 1 -0 0
    outer loop
      vertex 105.5 -2.72516 20.4094
      vertex 105.5 -1.32039 19.4355
      vertex 105.5 -2.52223 20.4196
    endloop
  endfacet
  facet normal 1 0 0
    outer loop
      vertex 105.5 -2.72516 20.4094
      vertex 105.5 -5.20779 19.4355
      vertex 105.5 -1.32039 19.4355
    endloop
  endfacet
  facet normal 1 -0 0
    outer loop
      vertex 105.5 -6.10547 20.4075
      vertex 105.5 -5.20779 19.4355
      vertex 105.5 -2.72516 20.4094
    endloop
  endfacet
  facet normal 1 -0 -0
    outer loop
      vertex 105.5 -5.86053 19.7302
      vertex 105.5 -5.20779 19.4355
      vertex 105.5 -6.10547 20.4075
    endloop
  endfacet
  facet normal 1 0 0
    outer loop
      vertex 105.5 -5.20779 19.4355
      vertex 105.5 -5.50156 19.4876
      vertex 105.5 -5.3588 19.449
    endloop
  endfacet
  facet normal 1 0 0
    outer loop
      vertex 105.5 -5.20779 19.4355
      vertex 105.5 -5.63411 19.549
      vertex 105.5 -5.50156 19.4876
    endloop
  endfacet
  facet normal 1 0 0
    outer loop
      vertex 105.5 -5.20779 19.4355
      vertex 105.5 -5.75444 19.6306
      vertex 105.5 -5.63411 19.549
    endloop
  endfacet
  facet normal 1 0 0
    outer loop
      vertex 105.5 -5.20779 19.4355
      vertex 105.5 -5.86053 19.7302
      vertex 105.5 -5.75444 19.6306
    endloop
  endfacet
  facet normal 1 0 0
    outer loop
      vertex 105.5 -5.86053 19.7302
      vertex 105.5 -6.10547 20.4075
      vertex 105.5 -5.95032 19.8452
    endloop
  endfacet
  facet normal 1 0 0
    outer loop
      vertex 105.5 -5.95032 19.8452
      vertex 105.5 -6.10547 20.4075
      vertex 105.5 -6.0218 19.9732
    endloop
  endfacet
  facet normal 1 0 0
    outer loop
      vertex 105.5 -6.0218 19.9732
      vertex 105.5 -6.10547 20.4075
      vertex 105.5 -6.07289 20.1119
    endloop
  endfacet
  facet normal 1 0 0
    outer loop
      vertex 105.5 -6.07289 20.1119
      vertex 105.5 -6.10547 20.4075
      vertex 105.5 -6.10167 20.2588
    endloop
  endfacet
  facet normal 1 0 0
    outer loop
      vertex 105.5 12.4422 18.325
      vertex 105.5 9.11349 23.6698
      vertex 105.5 10.4338 18.3263
    endloop
  endfacet
  facet normal 1 0 0
    outer loop
      vertex 105.5 15.2 35.4
      vertex 105.5 13.75 18.3211
      vertex 105.5 15.2 6
    endloop
  endfacet
  facet normal 1 0 0
    outer loop
      vertex 105.5 15.2 35.4
      vertex 105.5 10.727 23.184
      vertex 105.5 13.75 18.3211
    endloop
  endfacet
  facet normal 1 0 0
    outer loop
      vertex 105.5 15.2 35.4
      vertex 105.5 10.6193 23.3163
      vertex 105.5 10.727 23.184
    endloop
  endfacet
  facet normal 1 0 0
    outer loop
      vertex 105.5 15.2 35.4
      vertex 105.5 10.4988 23.4353
      vertex 105.5 10.6193 23.3163
    endloop
  endfacet
  facet normal 1 0 0
    outer loop
      vertex 105.5 15.2 35.4
      vertex 105.5 10.3658 23.5376
      vertex 105.5 10.4988 23.4353
    endloop
  endfacet
  facet normal 1 0 0
    outer loop
      vertex 105.5 15.2 35.4
      vertex 105.5 10.2219 23.6224
      vertex 105.5 10.3658 23.5376
    endloop
  endfacet
  facet normal 1 0 0
    outer loop
      vertex 105.5 15.2 35.4
      vertex 105.5 10.0686 23.6891
      vertex 105.5 10.2219 23.6224
    endloop
  endfacet
  facet normal 1 0 0
    outer loop
      vertex 105.5 15.2 35.4
      vertex 105.5 9.90744 23.7367
      vertex 105.5 10.0686 23.6891
    endloop
  endfacet
  facet normal 1 0 0
    outer loop
      vertex 105.5 15.2 35.4
      vertex 105.5 9.73991 23.7646
      vertex 105.5 9.90744 23.7367
    endloop
  endfacet
  facet normal 1 0 0
    outer loop
      vertex 105.5 15.2 35.4
      vertex 105.5 9.58955 23.7722
      vertex 105.5 9.73991 23.7646
    endloop
  endfacet
  facet normal 1 0 0
    outer loop
      vertex 105.5 15.2 35.4
      vertex 105.5 9.39746 23.77
      vertex 105.5 9.58955 23.7722
    endloop
  endfacet
  facet normal 1 0 0
    outer loop
      vertex 105.5 15.2 35.4
      vertex 105.5 9.22775 23.75
      vertex 105.5 9.39746 23.77
    endloop
  endfacet
  facet normal 1 0 0
    outer loop
      vertex 105.5 7.34143 23.6852
      vertex 105.5 9.22775 23.75
      vertex 105.5 15.2 35.4
    endloop
  endfacet
  facet normal 1 0 0
    outer loop
      vertex 105.5 9.22775 23.75
      vertex 105.5 7.34143 23.6852
      vertex 105.5 9.06395 23.71
    endloop
  endfacet
  facet normal 1 0 0
    outer loop
      vertex 105.5 9.06395 23.71
      vertex 105.5 7.34143 23.6852
      vertex 105.5 8.88861 23.6421
    endloop
  endfacet
  facet normal 1 0 0
    outer loop
      vertex 105.5 8.88861 23.6421
      vertex 105.5 7.34143 23.6852
      vertex 105.5 8.74219 23.5622
    endloop
  endfacet
  facet normal 1 0 0
    outer loop
      vertex 105.5 8.74219 23.5622
      vertex 105.5 7.34143 23.6852
      vertex 105.5 8.60619 23.4646
    endloop
  endfacet
  facet normal 1 0 0
    outer loop
      vertex 105.5 8.60619 23.4646
      vertex 105.5 7.34143 23.6852
      vertex 105.5 8.48192 23.3503
    endloop
  endfacet
  facet normal 1 0 0
    outer loop
      vertex 105.5 8.48192 23.3503
      vertex 105.5 7.34143 23.6852
      vertex 105.5 8.35724 23.2036
    endloop
  endfacet
  facet normal 1 0 0
    outer loop
      vertex 105.5 15.2 35.4
      vertex 105.5 6.05214 23.6852
      vertex 105.5 7.34143 23.6852
    endloop
  endfacet
  facet normal 1 -0 0
    outer loop
      vertex 105.5 0.381836 23.6732
      vertex 105.5 3.40759 19.4523
      vertex 105.5 6.05214 23.6852
    endloop
  endfacet
  facet normal 1 0 -0
    outer loop
      vertex 105.5 3.23381 19.3341
      vertex 105.5 3.40759 19.4523
      vertex 105.5 2.93033 19.4549
    endloop
  endfacet
  facet normal 1 0 0
    outer loop
      vertex 105.5 3.40759 19.4523
      vertex 105.5 3.23381 19.3341
      vertex 105.5 3.37143 19.4083
    endloop
  endfacet
  facet normal 1 0 0
    outer loop
      vertex 105.5 3.37143 19.4083
      vertex 105.5 3.23381 19.3341
      vertex 105.5 3.31183 19.3634
    endloop
  endfacet
  facet normal 1 0 0
    outer loop
      vertex 105.5 3.23381 19.3341
      vertex 105.5 2.93033 19.4549
      vertex 105.5 3.16225 19.3268
    endloop
  endfacet
  facet normal 1 0 0
    outer loop
      vertex 105.5 3.16225 19.3268
      vertex 105.5 2.93033 19.4549
      vertex 105.5 3.08344 19.3394
    endloop
  endfacet
  facet normal 1 0 0
    outer loop
      vertex 105.5 3.08344 19.3394
      vertex 105.5 2.93033 19.4549
      vertex 105.5 3.02441 19.3647
    endloop
  endfacet
  facet normal 1 0 0
    outer loop
      vertex 105.5 3.02441 19.3647
      vertex 105.5 2.93033 19.4549
      vertex 105.5 2.96565 19.4104
    endloop
  endfacet
  facet normal 1 0 0
    outer loop
      vertex 105.5 3.40759 19.4523
      vertex 105.5 0.381836 23.6732
      vertex 105.5 2.93033 19.4549
    endloop
  endfacet
  facet normal 1 0 0
    outer loop
      vertex 105.5 0.367493 23.6852
      vertex 105.5 6.05214 23.6852
      vertex 105.5 15.2 35.4
    endloop
  endfacet
  facet normal 1 0 0
    outer loop
      vertex 105.5 6.05214 23.6852
      vertex 105.5 0.367493 23.6852
      vertex 105.5 0.381836 23.6732
    endloop
  endfacet
  facet normal 1 -0 0
    outer loop
      vertex 105.5 -15.2 35.4
      vertex 105.5 0.367493 23.6852
      vertex 105.5 15.2 35.4
    endloop
  endfacet
  facet normal 1 0 0
    outer loop
      vertex 105.5 -0.90062 23.6852
      vertex 105.5 -1.12872 22.3762
      vertex 105.5 -1.10684 22.1826
    endloop
  endfacet
  facet normal 1 0 0
    outer loop
      vertex 105.5 -0.90062 23.6852
      vertex 105.5 -1.1739 22.5676
      vertex 105.5 -1.12872 22.3762
    endloop
  endfacet
  facet normal 1 0 0
    outer loop
      vertex 105.5 -0.90062 23.6852
      vertex 105.5 -1.24208 22.7536
      vertex 105.5 -1.1739 22.5676
    endloop
  endfacet
  facet normal 1 0 0
    outer loop
      vertex 105.5 -0.90062 23.6852
      vertex 105.5 -1.33299 22.9312
      vertex 105.5 -1.24208 22.7536
    endloop
  endfacet
  facet normal 1 0 0
    outer loop
      vertex 105.5 -0.90062 23.6852
      vertex 105.5 -1.44633 23.0973
      vertex 105.5 -1.33299 22.9312
    endloop
  endfacet
  facet normal 1 0 0
    outer loop
      vertex 105.5 -0.90062 23.6852
      vertex 105.5 -1.56729 23.2345
      vertex 105.5 -1.44633 23.0973
    endloop
  endfacet
  facet normal 1 0 0
    outer loop
      vertex 105.5 0.367493 23.6852
      vertex 105.5 -15.2 35.4
      vertex 105.5 -0.90062 23.6852
    endloop
  endfacet
  facet normal 1 0 0
    outer loop
      vertex 105.5 -0.90062 23.6852
      vertex 105.5 -1.7059 23.3578
      vertex 105.5 -1.56729 23.2345
    endloop
  endfacet
  facet normal 1 0 0
    outer loop
      vertex 105.5 -0.90062 23.6852
      vertex 105.5 -1.86203 23.4649
      vertex 105.5 -1.7059 23.3578
    endloop
  endfacet
  facet normal 1 0 0
    outer loop
      vertex 105.5 -0.90062 23.6852
      vertex 105.5 -2.03548 23.5536
      vertex 105.5 -1.86203 23.4649
    endloop
  endfacet
  facet normal 1 0 0
    outer loop
      vertex 105.5 -0.90062 23.6852
      vertex 105.5 -2.20392 23.6152
      vertex 105.5 -2.03548 23.5536
    endloop
  endfacet
  facet normal 1 0 0
    outer loop
      vertex 105.5 -0.90062 23.6852
      vertex 105.5 -2.40945 23.6631
      vertex 105.5 -2.20392 23.6152
    endloop
  endfacet
  facet normal 1 0 -0
    outer loop
      vertex 105.5 -2.60603 23.6849
      vertex 105.5 -0.90062 23.6852
      vertex 105.5 -15.2 35.4
    endloop
  endfacet
  facet normal 1 0 0
    outer loop
      vertex 105.5 -0.90062 23.6852
      vertex 105.5 -2.60603 23.6849
      vertex 105.5 -2.40945 23.6631
    endloop
  endfacet
  facet normal 1 0 0
    outer loop
      vertex 105.5 -2.60603 23.6849
      vertex 105.5 -15.2 35.4
      vertex 105.5 -5.22566 23.6879
    endloop
  endfacet
  facet normal 1 0 0
    outer loop
      vertex 105.5 -5.22566 23.6879
      vertex 105.5 -15.2 35.4
      vertex 105.5 -5.50916 23.6654
    endloop
  endfacet
  facet normal 1 -0 -0
    outer loop
      vertex 105.5 -7.88019 23.6852
      vertex 105.5 -5.50916 23.6654
      vertex 105.5 -15.2 35.4
    endloop
  endfacet
  facet normal 1 0 0
    outer loop
      vertex 105.5 -5.50916 23.6654
      vertex 105.5 -7.88019 23.6852
      vertex 105.5 -5.71896 23.622
    endloop
  endfacet
  facet normal 1 0 0
    outer loop
      vertex 105.5 -7.17784 22.0815
      vertex 105.5 -7.86949 22.5756
      vertex 105.5 -7.20985 21.868
    endloop
  endfacet
  facet normal 1 0 0
    outer loop
      vertex 105.5 -7.1174 22.3074
      vertex 105.5 -7.86949 22.5756
      vertex 105.5 -7.17784 22.0815
    endloop
  endfacet
  facet normal 1 0 0
    outer loop
      vertex 105.5 -7.04092 22.503
      vertex 105.5 -7.86949 22.5756
      vertex 105.5 -7.1174 22.3074
    endloop
  endfacet
  facet normal 1 0 0
    outer loop
      vertex 105.5 -6.93468 22.706
      vertex 105.5 -7.86949 22.5756
      vertex 105.5 -7.04092 22.503
    endloop
  endfacet
  facet normal 1 0 0
    outer loop
      vertex 105.5 -7.86949 22.5756
      vertex 105.5 -6.93468 22.706
      vertex 105.5 -7.86949 23.6748
    endloop
  endfacet
  facet normal 1 0 0
    outer loop
      vertex 105.5 -6.81921 22.8782
      vertex 105.5 -7.86949 23.6748
      vertex 105.5 -6.93468 22.706
    endloop
  endfacet
  facet normal 1 0 0
    outer loop
      vertex 105.5 -6.673 23.0524
      vertex 105.5 -7.86949 23.6748
      vertex 105.5 -6.81921 22.8782
    endloop
  endfacet
  facet normal 1 0 0
    outer loop
      vertex 105.5 -6.50836 23.2091
      vertex 105.5 -7.86949 23.6748
      vertex 105.5 -6.673 23.0524
    endloop
  endfacet
  facet normal 1 0 0
    outer loop
      vertex 105.5 -6.32697 23.3466
      vertex 105.5 -7.86949 23.6748
      vertex 105.5 -6.50836 23.2091
    endloop
  endfacet
  facet normal 1 0 0
    outer loop
      vertex 105.5 -6.13037 23.4633
      vertex 105.5 -7.86949 23.6748
      vertex 105.5 -6.32697 23.3466
    endloop
  endfacet
  facet normal 1 0 0
    outer loop
      vertex 105.5 -5.71896 23.622
      vertex 105.5 -7.88019 23.6852
      vertex 105.5 -5.93991 23.5498
    endloop
  endfacet
  facet normal 1 0 0
    outer loop
      vertex 105.5 -6.13037 23.4633
      vertex 105.5 -7.88019 23.6852
      vertex 105.5 -7.86949 23.6748
    endloop
  endfacet
  facet normal 1 0 0
    outer loop
      vertex 105.5 -5.93991 23.5498
      vertex 105.5 -7.88019 23.6852
      vertex 105.5 -6.13037 23.4633
    endloop
  endfacet
  facet normal 1 0 0
    outer loop
      vertex 105.5 -7.88019 23.6852
      vertex 105.5 -15.2 35.4
      vertex 105.5 -11.7934 23.6844
    endloop
  endfacet
  facet normal 1 0 0
    outer loop
      vertex 105.5 -11.7934 23.6844
      vertex 105.5 -15.2 35.4
      vertex 105.5 -11.9467 23.6744
    endloop
  endfacet
  facet normal 1 0 0
    outer loop
      vertex 105.5 -11.9467 23.6744
      vertex 105.5 -15.2 35.4
      vertex 105.5 -12.1179 23.6491
    endloop
  endfacet
  facet normal 1 0 0
    outer loop
      vertex 105.5 -12.1179 23.6491
      vertex 105.5 -15.2 35.4
      vertex 105.5 -12.2636 23.6154
    endloop
  endfacet
  facet normal 1 0 0
    outer loop
      vertex 105.5 -12.2636 23.6154
      vertex 105.5 -15.2 35.4
      vertex 105.5 -12.425 23.5642
    endloop
  endfacet
  facet normal 1 0 0
    outer loop
      vertex 105.5 -13.7381 21.8927
      vertex 105.5 -15.2 35.4
      vertex 105.5 -13.75 21.5674
    endloop
  endfacet
  facet normal 1 0 0
    outer loop
      vertex 105.5 -13.716 22.0425
      vertex 105.5 -15.2 35.4
      vertex 105.5 -13.7381 21.8927
    endloop
  endfacet
  facet normal 1 0 0
    outer loop
      vertex 105.5 -13.6775 22.2091
      vertex 105.5 -15.2 35.4
      vertex 105.5 -13.716 22.0425
    endloop
  endfacet
  facet normal 1 0 0
    outer loop
      vertex 105.5 -13.6327 22.3502
      vertex 105.5 -15.2 35.4
      vertex 105.5 -13.6775 22.2091
    endloop
  endfacet
  facet normal 1 0 0
    outer loop
      vertex 105.5 -13.5694 22.5058
      vertex 105.5 -15.2 35.4
      vertex 105.5 -13.6327 22.3502
    endloop
  endfacet
  facet normal 1 0 0
    outer loop
      vertex 105.5 -13.504 22.6365
      vertex 105.5 -15.2 35.4
      vertex 105.5 -13.5694 22.5058
    endloop
  endfacet
  facet normal 1 0 0
    outer loop
      vertex 105.5 -13.4181 22.7789
      vertex 105.5 -15.2 35.4
      vertex 105.5 -13.504 22.6365
    endloop
  endfacet
  facet normal 1 0 0
    outer loop
      vertex 105.5 -13.3338 22.8969
      vertex 105.5 -15.2 35.4
      vertex 105.5 -13.4181 22.7789
    endloop
  endfacet
  facet normal 1 0 0
    outer loop
      vertex 105.5 -13.2277 23.0239
      vertex 105.5 -15.2 35.4
      vertex 105.5 -13.3338 22.8969
    endloop
  endfacet
  facet normal 1 0 0
    outer loop
      vertex 105.5 -13.1116 23.1417
      vertex 105.5 -15.2 35.4
      vertex 105.5 -13.2277 23.0239
    endloop
  endfacet
  facet normal 1 0 0
    outer loop
      vertex 105.5 -12.9863 23.2498
      vertex 105.5 -15.2 35.4
      vertex 105.5 -13.1116 23.1417
    endloop
  endfacet
  facet normal 1 0 0
    outer loop
      vertex 105.5 -12.8524 23.3474
      vertex 105.5 -15.2 35.4
      vertex 105.5 -12.9863 23.2498
    endloop
  endfacet
  facet normal 1 0 0
    outer loop
      vertex 105.5 -12.7104 23.4339
      vertex 105.5 -15.2 35.4
      vertex 105.5 -12.8524 23.3474
    endloop
  endfacet
  facet normal 1 0 0
    outer loop
      vertex 105.5 -12.5611 23.5088
      vertex 105.5 -15.2 35.4
      vertex 105.5 -12.7104 23.4339
    endloop
  endfacet
  facet normal 1 0 0
    outer loop
      vertex 105.5 -12.425 23.5642
      vertex 105.5 -15.2 35.4
      vertex 105.5 -12.5611 23.5088
    endloop
  endfacet
  facet normal 1 0 0
    outer loop
      vertex 105.5 12.4422 18.325
      vertex 105.5 15.2 6
      vertex 105.5 13.75 18.3211
    endloop
  endfacet
  facet normal 1 0 0
    outer loop
      vertex 105.5 10.4338 18.3263
      vertex 105.5 15.2 6
      vertex 105.5 12.4422 18.325
    endloop
  endfacet
  facet normal 1 -0 0
    outer loop
      vertex 105.5 5.30609 18.3211
      vertex 105.5 15.2 6
      vertex 105.5 10.4338 18.3263
    endloop
  endfacet
  facet normal 1 0 0
    outer loop
      vertex 105.5 5.30693 18.3333
      vertex 105.5 4.26312 18.7597
      vertex 105.5 5.30609 18.3211
    endloop
  endfacet
  facet normal 1 -0 0
    outer loop
      vertex 105.5 4.16539 18.6472
      vertex 105.5 5.30609 18.3211
      vertex 105.5 4.26312 18.7597
    endloop
  endfacet
  facet normal 1 -0 0
    outer loop
      vertex 105.5 4.04114 18.5335
      vertex 105.5 5.30609 18.3211
      vertex 105.5 4.16539 18.6472
    endloop
  endfacet
  facet normal 1 -0 0
    outer loop
      vertex 105.5 3.90506 18.4365
      vertex 105.5 5.30609 18.3211
      vertex 105.5 4.04114 18.5335
    endloop
  endfacet
  facet normal 1 -0 0
    outer loop
      vertex 105.5 3.75856 18.3569
      vertex 105.5 5.30609 18.3211
      vertex 105.5 3.90506 18.4365
    endloop
  endfacet
  facet normal 1 0 0
    outer loop
      vertex 105.5 3.6032 18.2957
      vertex 105.5 5.30609 18.3211
      vertex 105.5 3.75856 18.3569
    endloop
  endfacet
  facet normal 1 0 0
    outer loop
      vertex 105.5 3.46114 18.2577
      vertex 105.5 5.30609 18.3211
      vertex 105.5 3.6032 18.2957
    endloop
  endfacet
  facet normal 1 0 0
    outer loop
      vertex 105.5 3.29305 18.233
      vertex 105.5 5.30609 18.3211
      vertex 105.5 3.46114 18.2577
    endloop
  endfacet
  facet normal 1 0 0
    outer loop
      vertex 105.5 5.30609 18.3211
      vertex 105.5 3.29305 18.233
      vertex 105.5 15.2 6
    endloop
  endfacet
  facet normal 1 -0 0
    outer loop
      vertex 105.5 3.14255 18.228
      vertex 105.5 15.2 6
      vertex 105.5 3.29305 18.233
    endloop
  endfacet
  facet normal 1 0 0
    outer loop
      vertex 105.5 2.99254 18.2391
      vertex 105.5 15.2 6
      vertex 105.5 3.14255 18.228
    endloop
  endfacet
  facet normal 1 0 0
    outer loop
      vertex 105.5 -1.32475 18.3258
      vertex 105.5 2.99254 18.2391
      vertex 105.5 2.82607 18.2706
    endloop
  endfacet
  facet normal 1 0 0
    outer loop
      vertex 105.5 -1.32475 18.3258
      vertex 105.5 2.82607 18.2706
      vertex 105.5 2.68584 18.3141
    endloop
  endfacet
  facet normal 1 -0 0
    outer loop
      vertex 105.5 -1.32475 18.3258
      vertex 105.5 2.68584 18.3141
      vertex 105.5 2.53314 18.3814
    endloop
  endfacet
  facet normal 1 0 0
    outer loop
      vertex 105.5 -1.32475 18.3258
      vertex 105.5 2.53314 18.3814
      vertex 105.5 2.39003 18.4667
    endloop
  endfacet
  facet normal 1 0 0
    outer loop
      vertex 105.5 -1.32475 18.3258
      vertex 105.5 2.39003 18.4667
      vertex 105.5 2.27386 18.5554
    endloop
  endfacet
  facet normal 1 0 0
    outer loop
      vertex 105.5 -1.32475 18.3258
      vertex 105.5 2.27386 18.5554
      vertex 105.5 2.15269 18.6725
    endloop
  endfacet
  facet normal 1 -0 0
    outer loop
      vertex 105.5 -1.10684 22.1826
      vertex 105.5 1.98608 18.8958
      vertex 105.5 -0.90062 23.6852
    endloop
  endfacet
  facet normal 1 -0 0
    outer loop
      vertex 105.5 -1.11198 21.9058
      vertex 105.5 1.98608 18.8958
      vertex 105.5 -1.10684 22.1826
    endloop
  endfacet
  facet normal 1 -0 0
    outer loop
      vertex 105.5 -1.13162 21.7314
      vertex 105.5 1.98608 18.8958
      vertex 105.5 -1.11198 21.9058
    endloop
  endfacet
  facet normal 1 -0 0
    outer loop
      vertex 105.5 -1.17552 21.5399
      vertex 105.5 1.98608 18.8958
      vertex 105.5 -1.13162 21.7314
    endloop
  endfacet
  facet normal 1 -0 0
    outer loop
      vertex 105.5 -1.24251 21.3535
      vertex 105.5 1.98608 18.8958
      vertex 105.5 -1.17552 21.5399
    endloop
  endfacet
  facet normal 1 -0 0
    outer loop
      vertex 105.5 -1.33221 21.1754
      vertex 105.5 1.98608 18.8958
      vertex 105.5 -1.24251 21.3535
    endloop
  endfacet
  facet normal 1 0 0
    outer loop
      vertex 105.5 -1.31766 18.3398
      vertex 105.5 1.98608 18.8958
      vertex 105.5 -1.31766 19.4172
    endloop
  endfacet
  facet normal 1 0 0
    outer loop
      vertex 105.5 1.98608 18.8958
      vertex 105.5 -1.31766 18.3398
      vertex 105.5 2.058 18.7877
    endloop
  endfacet
  facet normal 1 0 0
    outer loop
      vertex 105.5 2.058 18.7877
      vertex 105.5 -1.31766 18.3398
      vertex 105.5 2.15269 18.6725
    endloop
  endfacet
  facet normal 1 0 0
    outer loop
      vertex 105.5 -1.32475 18.3258
      vertex 105.5 2.15269 18.6725
      vertex 105.5 -1.31766 18.3398
    endloop
  endfacet
  facet normal 1 0 0
    outer loop
      vertex 105.5 2.99254 18.2391
      vertex 105.5 -1.32475 18.3258
      vertex 105.5 15.2 6
    endloop
  endfacet
  facet normal 1 0 0
    outer loop
      vertex 105.5 -15.2 6
      vertex 105.5 -1.32475 18.3258
      vertex 105.5 -5.32228 18.3292
    endloop
  endfacet
  facet normal 1 0 0
    outer loop
      vertex 105.5 -15.2 6
      vertex 105.5 -5.32228 18.3292
      vertex 105.5 -5.55833 18.3573
    endloop
  endfacet
  facet normal 1 0 0
    outer loop
      vertex 105.5 -7.88568 18.3238
      vertex 105.5 -5.55833 18.3573
      vertex 105.5 -5.78539 18.4128
    endloop
  endfacet
  facet normal 1 0 0
    outer loop
      vertex 105.5 -7.88568 18.3238
      vertex 105.5 -5.78539 18.4128
      vertex 105.5 -6.00175 18.4936
    endloop
  endfacet
  facet normal 1 0 0
    outer loop
      vertex 105.5 -7.88568 18.3238
      vertex 105.5 -6.00175 18.4936
      vertex 105.5 -6.2058 18.5981
    endloop
  endfacet
  facet normal 1 0 0
    outer loop
      vertex 105.5 -7.20985 21.868
      vertex 105.5 -7.86949 22.5756
      vertex 105.5 -7.21887 21.6923
    endloop
  endfacet
  facet normal 1 0 0
    outer loop
      vertex 105.5 -7.21887 21.6923
      vertex 105.5 -7.86949 22.5756
      vertex 105.5 -7.2188 20.3382
    endloop
  endfacet
  facet normal 1 0 0
    outer loop
      vertex 105.5 -7.89279 19.4355
      vertex 105.5 -7.2188 20.3382
      vertex 105.5 -7.86949 22.5756
    endloop
  endfacet
  facet normal 1 0 0
    outer loop
      vertex 105.5 -7.89279 19.4355
      vertex 105.5 -7.21106 20.1849
      vertex 105.5 -7.2188 20.3382
    endloop
  endfacet
  facet normal 1 0 0
    outer loop
      vertex 105.5 -7.89279 19.4355
      vertex 105.5 -7.18854 20.0134
      vertex 105.5 -7.21106 20.1849
    endloop
  endfacet
  facet normal 1 0 0
    outer loop
      vertex 105.5 -7.89279 19.4355
      vertex 105.5 -7.14062 19.8053
      vertex 105.5 -7.18854 20.0134
    endloop
  endfacet
  facet normal 1 0 0
    outer loop
      vertex 105.5 -7.8849 19.4222
      vertex 105.5 -7.06415 19.5859
      vertex 105.5 -7.14062 19.8053
    endloop
  endfacet
  facet normal 1 -0 0
    outer loop
      vertex 105.5 -7.8849 19.4222
      vertex 105.5 -6.97415 19.3965
      vertex 105.5 -7.06415 19.5859
    endloop
  endfacet
  facet normal 1 0 0
    outer loop
      vertex 105.5 -7.8849 19.4222
      vertex 105.5 -6.85425 19.2011
      vertex 105.5 -6.97415 19.3965
    endloop
  endfacet
  facet normal 1 0 0
    outer loop
      vertex 105.5 -7.88568 18.3238
      vertex 105.5 -6.85425 19.2011
      vertex 105.5 -7.8849 19.4222
    endloop
  endfacet
  facet normal 1 0 0
    outer loop
      vertex 105.5 -6.85425 19.2011
      vertex 105.5 -7.88568 18.3238
      vertex 105.5 -6.7141 19.0207
    endloop
  endfacet
  facet normal 1 0 0
    outer loop
      vertex 105.5 -6.7141 19.0207
      vertex 105.5 -7.88568 18.3238
      vertex 105.5 -6.55515 18.8572
    endloop
  endfacet
  facet normal 1 0 0
    outer loop
      vertex 105.5 -6.55515 18.8572
      vertex 105.5 -7.88568 18.3238
      vertex 105.5 -6.37917 18.7123
    endloop
  endfacet
  facet normal 1 0 0
    outer loop
      vertex 105.5 -6.37917 18.7123
      vertex 105.5 -7.88568 18.3238
      vertex 105.5 -6.2058 18.5981
    endloop
  endfacet
  facet normal 1 0 0
    outer loop
      vertex 105.5 -5.55833 18.3573
      vertex 105.5 -7.88568 18.3238
      vertex 105.5 -15.2 6
    endloop
  endfacet
  facet normal 1 0 0
    outer loop
      vertex 105.5 -15.2 6
      vertex 105.5 -7.88568 18.3238
      vertex 105.5 -11.8432 18.3266
    endloop
  endfacet
  facet normal 1 0 0
    outer loop
      vertex 105.5 -15.2 6
      vertex 105.5 -11.8432 18.3266
      vertex 105.5 -12.0597 18.3497
    endloop
  endfacet
  facet normal 1 0 0
    outer loop
      vertex 105.5 -15.2 6
      vertex 105.5 -12.0597 18.3497
      vertex 105.5 -12.2894 18.4009
    endloop
  endfacet
  facet normal 1 0 0
    outer loop
      vertex 105.5 -15.2 6
      vertex 105.5 -12.2894 18.4009
      vertex 105.5 -12.5084 18.4774
    endloop
  endfacet
  facet normal 1 0 0
    outer loop
      vertex 105.5 -15.2 35.4
      vertex 105.5 -13.746 20.2091
      vertex 105.5 -13.75 21.5674
    endloop
  endfacet
  facet normal 1 0 0
    outer loop
      vertex 105.5 -1.32475 18.3258
      vertex 105.5 -15.2 6
      vertex 105.5 15.2 6
    endloop
  endfacet
  facet normal 1 0 0
    outer loop
      vertex 105.5 -12.7151 18.5777
      vertex 105.5 -15.2 6
      vertex 105.5 -12.5084 18.4774
    endloop
  endfacet
  facet normal 1 0 0
    outer loop
      vertex 105.5 -12.874 18.6763
      vertex 105.5 -15.2 6
      vertex 105.5 -12.7151 18.5777
    endloop
  endfacet
  facet normal 1 0 0
    outer loop
      vertex 105.5 -13.0226 18.7888
      vertex 105.5 -15.2 6
      vertex 105.5 -12.874 18.6763
    endloop
  endfacet
  facet normal 1 0 0
    outer loop
      vertex 105.5 -13.1601 18.9141
      vertex 105.5 -15.2 6
      vertex 105.5 -13.0226 18.7888
    endloop
  endfacet
  facet normal 1 0 0
    outer loop
      vertex 105.5 -13.2855 19.0516
      vertex 105.5 -15.2 6
      vertex 105.5 -13.1601 18.9141
    endloop
  endfacet
  facet normal 1 0 0
    outer loop
      vertex 105.5 -13.3979 19.2002
      vertex 105.5 -15.2 6
      vertex 105.5 -13.2855 19.0516
    endloop
  endfacet
  facet normal 1 0 0
    outer loop
      vertex 105.5 -13.4965 19.3591
      vertex 105.5 -15.2 6
      vertex 105.5 -13.3979 19.2002
    endloop
  endfacet
  facet normal 1 0 0
    outer loop
      vertex 105.5 -13.5802 19.5273
      vertex 105.5 -15.2 6
      vertex 105.5 -13.4965 19.3591
    endloop
  endfacet
  facet normal 1 0 0
    outer loop
      vertex 105.5 -13.6415 19.6839
      vertex 105.5 -15.2 6
      vertex 105.5 -13.5802 19.5273
    endloop
  endfacet
  facet normal 1 0 0
    outer loop
      vertex 105.5 -13.713 19.9509
      vertex 105.5 -15.2 6
      vertex 105.5 -13.6415 19.6839
    endloop
  endfacet
  facet normal 1 0 0
    outer loop
      vertex 105.5 -13.746 20.2091
      vertex 105.5 -15.2 6
      vertex 105.5 -13.713 19.9509
    endloop
  endfacet
  facet normal 1 0 0
    outer loop
      vertex 105.5 -15.2 6
      vertex 105.5 -13.746 20.2091
      vertex 105.5 -15.2 35.4
    endloop
  endfacet
  facet normal 1 0 0
    outer loop
      vertex 105.5 7.34143 23.6852
      vertex 105.5 5.30693 18.3333
      vertex 105.5 8.35724 23.2036
    endloop
  endfacet
  facet normal 1 -0 0
    outer loop
      vertex 105.5 4.26312 18.7597
      vertex 105.5 5.30693 18.3333
      vertex 105.5 4.34952 18.8836
    endloop
  endfacet
  facet normal 1 -0 0
    outer loop
      vertex 105.5 4.34952 18.8836
      vertex 105.5 5.30693 18.3333
      vertex 105.5 7.34143 23.6852
    endloop
  endfacet
  facet normal 1 0 0
    outer loop
      vertex 105.5 -2.72185 22.5736
      vertex 105.5 -2.21906 21.9836
      vertex 105.5 -2.22046 22.1261
    endloop
  endfacet
  facet normal 1 0 0
    outer loop
      vertex 105.5 -2.72185 22.5736
      vertex 105.5 -2.22046 22.1261
      vertex 105.5 -2.23531 22.2141
    endloop
  endfacet
  facet normal 1 0 0
    outer loop
      vertex 105.5 -2.21906 21.9836
      vertex 105.5 -2.72185 22.5736
      vertex 105.5 -2.6154 21.5195
    endloop
  endfacet
  facet normal 1 0 0
    outer loop
      vertex 105.5 -2.61533 22.5663
      vertex 105.5 -2.23531 22.2141
      vertex 105.5 -2.26549 22.3046
    endloop
  endfacet
  facet normal 1 0 0
    outer loop
      vertex 105.5 -2.61533 22.5663
      vertex 105.5 -2.26549 22.3046
      vertex 105.5 -2.30615 22.3796
    endloop
  endfacet
  facet normal 1 0 0
    outer loop
      vertex 105.5 -2.21906 21.9836
      vertex 105.5 -2.6154 21.5195
      vertex 105.5 -2.23285 21.8794
    endloop
  endfacet
  facet normal 1 0 0
    outer loop
      vertex 105.5 -2.46996 22.5227
      vertex 105.5 -2.30615 22.3796
      vertex 105.5 -2.34851 22.4333
    endloop
  endfacet
  facet normal 1 0 0
    outer loop
      vertex 105.5 -2.26021 21.7868
      vertex 105.5 -2.6154 21.5195
      vertex 105.5 -2.30925 21.6925
    endloop
  endfacet
  facet normal 1 0 0
    outer loop
      vertex 105.5 -2.46996 22.5227
      vertex 105.5 -2.34851 22.4333
      vertex 105.5 -2.40262 22.4819
    endloop
  endfacet
  facet normal 1 0 -0
    outer loop
      vertex 105.5 -2.52449 21.5369
      vertex 105.5 -2.30925 21.6925
      vertex 105.5 -2.6154 21.5195
    endloop
  endfacet
  facet normal 1 0 0
    outer loop
      vertex 105.5 -2.30615 22.3796
      vertex 105.5 -2.46996 22.5227
      vertex 105.5 -2.61533 22.5663
    endloop
  endfacet
  facet normal 1 0 0
    outer loop
      vertex 105.5 -2.30925 21.6925
      vertex 105.5 -2.52449 21.5369
      vertex 105.5 -2.36836 21.6236
    endloop
  endfacet
  facet normal 1 0 0
    outer loop
      vertex 105.5 -2.23531 22.2141
      vertex 105.5 -2.61533 22.5663
      vertex 105.5 -2.72185 22.5736
    endloop
  endfacet
  facet normal 1 0 0
    outer loop
      vertex 105.5 -2.36836 21.6236
      vertex 105.5 -2.52449 21.5369
      vertex 105.5 -2.44856 21.5673
    endloop
  endfacet
  facet normal 1 0 0
    outer loop
      vertex 105.5 -2.23285 21.8794
      vertex 105.5 -2.6154 21.5195
      vertex 105.5 -2.26021 21.7868
    endloop
  endfacet
  facet normal 1 -0 0
    outer loop
      vertex 105.5 -5.28941 22.5699
      vertex 105.5 -2.6154 21.5195
      vertex 105.5 -2.72185 22.5736
    endloop
  endfacet
  facet normal 1 0 0
    outer loop
      vertex 105.5 -6.09464 21.5164
      vertex 105.5 -5.28941 22.5699
      vertex 105.5 -5.4381 22.5435
    endloop
  endfacet
  facet normal 1 0 0
    outer loop
      vertex 105.5 -6.09464 21.5164
      vertex 105.5 -5.4381 22.5435
      vertex 105.5 -5.57733 22.4938
    endloop
  endfacet
  facet normal 1 0 0
    outer loop
      vertex 105.5 -6.09464 21.5164
      vertex 105.5 -5.57733 22.4938
      vertex 105.5 -5.70503 22.4229
    endloop
  endfacet
  facet normal 1 0 0
    outer loop
      vertex 105.5 -6.09464 21.5164
      vertex 105.5 -5.70503 22.4229
      vertex 105.5 -5.83401 22.3187
    endloop
  endfacet
  facet normal 1 0 0
    outer loop
      vertex 105.5 -6.09464 21.5164
      vertex 105.5 -5.83401 22.3187
      vertex 105.5 -5.94188 22.1928
    endloop
  endfacet
  facet normal 1 0 0
    outer loop
      vertex 105.5 -6.09464 21.5164
      vertex 105.5 -5.94188 22.1928
      vertex 105.5 -6.01639 22.0674
    endloop
  endfacet
  facet normal 1 0 0
    outer loop
      vertex 105.5 -6.09464 21.5164
      vertex 105.5 -6.01639 22.0674
      vertex 105.5 -6.07007 21.9301
    endloop
  endfacet
  facet normal 1 0 0
    outer loop
      vertex 105.5 -5.28941 22.5699
      vertex 105.5 -6.09464 21.5164
      vertex 105.5 -2.6154 21.5195
    endloop
  endfacet
  facet normal 1 -0 0
    outer loop
      vertex 105.5 -6.10075 21.783
      vertex 105.5 -6.09464 21.5164
      vertex 105.5 -6.07007 21.9301
    endloop
  endfacet
  facet normal 1 0 0
    outer loop
      vertex 105.5 -6.09464 21.5164
      vertex 105.5 -6.10075 21.783
      vertex 105.5 -6.10744 21.5247
    endloop
  endfacet
  facet normal -0.802744 0.596324 0
    outer loop
      vertex 73.6348 15.6445 6
      vertex 73.6816 15.7075 35.4
      vertex 73.6816 15.7075 6
    endloop
  endfacet
  facet normal -0.802744 0.596324 0
    outer loop
      vertex 73.6816 15.7075 35.4
      vertex 73.6348 15.6445 6
      vertex 73.6348 15.6445 35.4
    endloop
  endfacet
  facet normal 0.641126 -0.297988 0.70722
    outer loop
      vertex 105.439 -15.5061 35.4
      vertex 104.884 -15.2762 36
      vertex 105.406 -15.5771 35.4
    endloop
  endfacet
  facet normal -0.474632 0.524167 0.707088
    outer loop
      vertex 73.7925 15.8184 35.4
      vertex 73.7343 15.7657 35.4
      vertex 74.1736 15.3541 36
    endloop
  endfacet
  facet normal -0.665567 0.238736 0.707125
    outer loop
      vertex 74.1159 15.2762 36
      vertex 73.5609 15.5061 35.4
      vertex 74.1093 15.2578 36
    endloop
  endfacet
  facet normal -0.686034 -0.171283 0.707121
    outer loop
      vertex 74.1093 -15.2578 36
      vertex 73.5154 -15.3561 35.4
      vertex 73.5344 -15.4322 35.4
    endloop
  endfacet
  facet normal 0.560377 0.431059 0.707224
    outer loop
      vertex 105.318 15.7075 35.4
      vertex 104.854 15.3263 36
      vertex 104.866 15.3107 36
    endloop
  endfacet
  facet normal 0.5273 0.471127 0.707102
    outer loop
      vertex 105.266 15.7657 35.4
      vertex 104.854 15.3263 36
      vertex 105.318 15.7075 35.4
    endloop
  endfacet
  facet normal 0.698745 -0.108613 0.707078
    outer loop
      vertex 104.898 -15.2195 36
      vertex 104.895 -15.2388 36
      vertex 105.496 -15.2784 35.4
    endloop
  endfacet
  facet normal -0.685633 -0.173212 0.70704
    outer loop
      vertex 74.1045 -15.2388 36
      vertex 73.5154 -15.3561 35.4
      vertex 74.1093 -15.2578 36
    endloop
  endfacet
  facet normal 0.528143 0.470264 0.707048
    outer loop
      vertex 105.266 15.7657 35.4
      vertex 104.841 15.3409 36
      vertex 104.854 15.3263 36
    endloop
  endfacet
  facet normal 0.101463 0.699742 0.707154
    outer loop
      vertex 104.778 15.9961 35.4
      vertex 104.719 15.3983 36
      vertex 104.739 15.3954 36
    endloop
  endfacet
  facet normal 0.467263 -0.530981 0.706912
    outer loop
      vertex 104.841 -15.3409 36
      vertex 104.826 -15.3541 36
      vertex 105.266 -15.7657 35.4
    endloop
  endfacet
  facet normal 0 -0.707107 0.707107
    outer loop
      vertex 74.3146 -15.4 36
      vertex 104.7 -16 35.4
      vertex 104.685 -15.4 36
    endloop
  endfacet
  facet normal 0 -0.707107 0.707107
    outer loop
      vertex 104.7 -16 35.4
      vertex 74.3146 -15.4 36
      vertex 74.3 -16 35.4
    endloop
  endfacet
  facet normal -0.60667 -0.363275 0.707095
    outer loop
      vertex 74.1243 -15.294 36
      vertex 73.5945 -15.5771 35.4
      vertex 74.1343 -15.3107 36
    endloop
  endfacet
  facet normal -0.567615 0.421656 0.707121
    outer loop
      vertex 73.6816 15.7075 35.4
      vertex 73.6348 15.6445 35.4
      vertex 74.1343 15.3107 36
    endloop
  endfacet
  facet normal -0.238743 -0.665586 0.707105
    outer loop
      vertex 74.2237 -15.3841 36
      vertex 73.9939 -15.9391 35.4
      vertex 74.2421 -15.3907 36
    endloop
  endfacet
  facet normal -0.105077 0.699306 0.707057
    outer loop
      vertex 74.2805 15.3983 36
      vertex 74.2216 15.9961 35.4
      vertex 74.2612 15.3954 36
    endloop
  endfacet
  facet normal -0.699686 0.101509 0.707202
    outer loop
      vertex 74.1045 15.2388 36
      vertex 73.5038 15.2784 35.4
      vertex 74.1017 15.2195 36
    endloop
  endfacet
  facet normal -0.427758 0.903893 0
    outer loop
      vertex 73.9939 15.9391 6
      vertex 73.9229 15.9055 35.4
      vertex 73.9939 15.9391 35.4
    endloop
  endfacet
  facet normal -0.427758 0.903893 0
    outer loop
      vertex 73.9229 15.9055 35.4
      vertex 73.9939 15.9391 6
      vertex 73.9229 15.9055 6
    endloop
  endfacet
  facet normal -0.903893 0.427758 0
    outer loop
      vertex 73.5609 15.5061 6
      vertex 73.5945 15.5771 35.4
      vertex 73.5945 15.5771 6
    endloop
  endfacet
  facet normal -0.903893 0.427758 0
    outer loop
      vertex 73.5945 15.5771 35.4
      vertex 73.5609 15.5061 6
      vertex 73.5609 15.5061 35.4
    endloop
  endfacet
  facet normal -0.706279 0.0342329 0.707106
    outer loop
      vertex 73.5038 15.2784 35.4
      vertex 73.5 15.2 35.4
      vertex 74.1 15.1855 36
    endloop
  endfacet
  facet normal -0.420233 0.568763 0.707045
    outer loop
      vertex 74.1893 15.3657 36
      vertex 73.7925 15.8184 35.4
      vertex 74.1736 15.3541 36
    endloop
  endfacet
  facet normal -0.741264 -0.671213 0
    outer loop
      vertex 73.7343 -15.7657 6
      vertex 73.6816 -15.7075 35.4
      vertex 73.6816 -15.7075 6
    endloop
  endfacet
  facet normal -0.741264 -0.671213 0
    outer loop
      vertex 73.6816 -15.7075 35.4
      vertex 73.7343 -15.7657 6
      vertex 73.7343 -15.7657 35.4
    endloop
  endfacet
  facet normal 0.358476 0.609409 0.707189
    outer loop
      vertex 105.077 15.9055 35.4
      vertex 104.794 15.3757 36
      vertex 104.811 15.3657 36
    endloop
  endfacet
  facet normal 0.566971 -0.422978 0.706848
    outer loop
      vertex 105.365 -15.6445 35.4
      vertex 104.866 -15.3107 36
      vertex 105.318 -15.7075 35.4
    endloop
  endfacet
  facet normal -0.14641 -0.989224 0
    outer loop
      vertex 74.1439 -15.9846 6
      vertex 74.2216 -15.9961 35.4
      vertex 74.1439 -15.9846 35.4
    endloop
  endfacet
  facet normal -0.14641 -0.989224 -0
    outer loop
      vertex 74.2216 -15.9961 35.4
      vertex 74.1439 -15.9846 6
      vertex 74.2216 -15.9961 6
    endloop
  endfacet
  facet normal 0.0499376 -0.998752 0
    outer loop
      vertex 104.7 -16 6
      vertex 104.778 -15.9961 35.4
      vertex 104.7 -16 35.4
    endloop
  endfacet
  facet normal 0.0499376 -0.998752 0
    outer loop
      vertex 104.778 -15.9961 35.4
      vertex 104.7 -16 6
      vertex 104.778 -15.9961 6
    endloop
  endfacet
  facet normal 0.0353112 -0.706224 0.707107
    outer loop
      vertex 104.719 -15.3983 36
      vertex 104.7 -16 35.4
      vertex 104.778 -15.9961 35.4
    endloop
  endfacet
  facet normal 0.0353112 -0.706224 0.707107
    outer loop
      vertex 104.719 -15.3983 36
      vertex 104.685 -15.4 36
      vertex 104.7 -16 35.4
    endloop
  endfacet
  facet normal 0.528143 -0.470264 0.707048
    outer loop
      vertex 104.854 -15.3263 36
      vertex 104.841 -15.3409 36
      vertex 105.266 -15.7657 35.4
    endloop
  endfacet
  facet normal 0.705996 0.0414074 0.707004
    outer loop
      vertex 105.5 15.2 35.4
      vertex 104.898 15.2195 36
      vertex 104.9 15.1854 36
    endloop
  endfacet
  facet normal -0.685633 0.173212 0.70704
    outer loop
      vertex 74.1093 15.2578 36
      vertex 73.5154 15.3561 35.4
      vertex 74.1045 15.2388 36
    endloop
  endfacet
  facet normal 0.660634 -0.251328 0.707387
    outer loop
      vertex 104.891 -15.2578 36
      vertex 104.884 -15.2762 36
      vertex 105.439 -15.5061 35.4
    endloop
  endfacet
  facet normal -0.364922 0.605771 0.707017
    outer loop
      vertex 74.2059 15.3757 36
      vertex 73.9229 15.9055 35.4
      vertex 74.1893 15.3657 36
    endloop
  endfacet
  facet normal -0.301799 -0.639527 0.707051
    outer loop
      vertex 74.2059 -15.3757 36
      vertex 73.9229 -15.9055 35.4
      vertex 74.2237 -15.3841 36
    endloop
  endfacet
  facet normal 0.47531 0.523111 0.707415
    outer loop
      vertex 105.208 15.8184 35.4
      vertex 104.826 15.3541 36
      vertex 105.266 15.7657 35.4
    endloop
  endfacet
  facet normal -0.301799 0.639527 0.707051
    outer loop
      vertex 74.2237 15.3841 36
      vertex 73.9229 15.9055 35.4
      vertex 74.2059 15.3757 36
    endloop
  endfacet
  facet normal 0.606583 -0.363223 0.707196
    outer loop
      vertex 104.876 -15.294 36
      vertex 104.866 -15.3107 36
      vertex 105.406 -15.5771 35.4
    endloop
  endfacet
  facet normal -0.596324 -0.802744 0
    outer loop
      vertex 73.7925 -15.8184 6
      vertex 73.8555 -15.8652 35.4
      vertex 73.7925 -15.8184 35.4
    endloop
  endfacet
  facet normal -0.596324 -0.802744 -0
    outer loop
      vertex 73.8555 -15.8652 35.4
      vertex 73.7925 -15.8184 6
      vertex 73.8555 -15.8652 6
    endloop
  endfacet
  facet normal 0.854345 -0.519706 0
    outer loop
      vertex 105.365 -15.6445 35.4
      vertex 105.406 -15.5771 6
      vertex 105.406 -15.5771 35.4
    endloop
  endfacet
  facet normal 0.854345 -0.519706 0
    outer loop
      vertex 105.406 -15.5771 6
      vertex 105.365 -15.6445 35.4
      vertex 105.365 -15.6445 6
    endloop
  endfacet
  facet normal -0.168937 0.686532 0.707202
    outer loop
      vertex 74.2612 15.3954 36
      vertex 74.1439 15.9846 35.4
      vertex 74.2421 15.3907 36
    endloop
  endfacet
  facet normal -0.665567 -0.238736 0.707125
    outer loop
      vertex 74.1093 -15.2578 36
      vertex 73.5609 -15.5061 35.4
      vertex 74.1159 -15.2762 36
    endloop
  endfacet
  facet normal -0.362873 0.606889 0.707113
    outer loop
      vertex 73.9229 15.9055 35.4
      vertex 73.8555 15.8652 35.4
      vertex 74.1893 15.3657 36
    endloop
  endfacet
  facet normal -0.596324 0.802744 0
    outer loop
      vertex 73.8555 15.8652 6
      vertex 73.7925 15.8184 35.4
      vertex 73.8555 15.8652 35.4
    endloop
  endfacet
  facet normal -0.596324 0.802744 0
    outer loop
      vertex 73.7925 15.8184 35.4
      vertex 73.8555 15.8652 6
      vertex 73.7925 15.8184 6
    endloop
  endfacet
  facet normal -0.0351319 -0.706241 0.7071
    outer loop
      vertex 74.2805 -15.3983 36
      vertex 74.2216 -15.9961 35.4
      vertex 74.3 -16 35.4
    endloop
  endfacet
  facet normal -0.567405 0.421916 0.707134
    outer loop
      vertex 74.1459 15.3263 36
      vertex 73.6816 15.7075 35.4
      vertex 74.1343 15.3107 36
    endloop
  endfacet
  facet normal -0.362873 -0.606889 0.707113
    outer loop
      vertex 74.1893 -15.3657 36
      vertex 73.8555 -15.8652 35.4
      vertex 73.9229 -15.9055 35.4
    endloop
  endfacet
  facet normal -0.903893 -0.427758 0
    outer loop
      vertex 73.5945 -15.5771 6
      vertex 73.5609 -15.5061 35.4
      vertex 73.5609 -15.5061 6
    endloop
  endfacet
  facet normal -0.903893 -0.427758 0
    outer loop
      vertex 73.5609 -15.5061 35.4
      vertex 73.5945 -15.5771 6
      vertex 73.5945 -15.5771 35.4
    endloop
  endfacet
  facet normal 0.243736 -0.969841 0
    outer loop
      vertex 104.856 -15.9846 6
      vertex 104.932 -15.9655 35.4
      vertex 104.856 -15.9846 35.4
    endloop
  endfacet
  facet normal 0.243736 -0.969841 0
    outer loop
      vertex 104.932 -15.9655 35.4
      vertex 104.856 -15.9846 6
      vertex 104.932 -15.9655 6
    endloop
  endfacet
  facet normal 0.990127 0.140172 0
    outer loop
      vertex 105.496 15.2784 35.4
      vertex 105.485 15.3561 6
      vertex 105.485 15.3561 35.4
    endloop
  endfacet
  facet normal 0.990127 0.140172 0
    outer loop
      vertex 105.485 15.3561 6
      vertex 105.496 15.2784 35.4
      vertex 105.496 15.2784 6
    endloop
  endfacet
  facet normal -0.524137 -0.474606 0.707128
    outer loop
      vertex 74.1459 -15.3263 36
      vertex 73.6816 -15.7075 35.4
      vertex 73.7343 -15.7657 35.4
    endloop
  endfacet
  facet normal -0.172143 -0.68587 0.707071
    outer loop
      vertex 74.2421 -15.3907 36
      vertex 74.0678 -15.9655 35.4
      vertex 74.1439 -15.9846 35.4
    endloop
  endfacet
  facet normal 0.691069 0.145488 0.707995
    outer loop
      vertex 105.485 15.3561 35.4
      vertex 104.891 15.2578 36
      vertex 104.895 15.2388 36
    endloop
  endfacet
  facet normal -0.103526 0.699473 0.707121
    outer loop
      vertex 74.2216 15.9961 35.4
      vertex 74.1439 15.9846 35.4
      vertex 74.2612 15.3954 36
    endloop
  endfacet
  facet normal 0.172366 0.685853 0.707033
    outer loop
      vertex 104.856 15.9846 35.4
      vertex 104.758 15.3907 36
      vertex 104.932 15.9655 35.4
    endloop
  endfacet
  facet normal -0.606889 0.362873 0.707113
    outer loop
      vertex 73.6348 15.6445 35.4
      vertex 73.5945 15.5771 35.4
      vertex 74.1343 15.3107 36
    endloop
  endfacet
  facet normal -0.364922 -0.605771 0.707017
    outer loop
      vertex 74.1893 -15.3657 36
      vertex 73.9229 -15.9055 35.4
      vertex 74.2059 -15.3757 36
    endloop
  endfacet
  facet normal 0.606583 0.363223 0.707196
    outer loop
      vertex 105.406 15.5771 35.4
      vertex 104.866 15.3107 36
      vertex 104.876 15.294 36
    endloop
  endfacet
  facet normal 0.660634 0.251328 0.707387
    outer loop
      vertex 105.439 15.5061 35.4
      vertex 104.884 15.2762 36
      vertex 104.891 15.2578 36
    endloop
  endfacet
  facet normal -0.427758 -0.903893 0
    outer loop
      vertex 73.9229 -15.9055 6
      vertex 73.9939 -15.9391 35.4
      vertex 73.9229 -15.9055 35.4
    endloop
  endfacet
  facet normal -0.427758 -0.903893 -0
    outer loop
      vertex 73.9939 -15.9391 35.4
      vertex 73.9229 -15.9055 6
      vertex 73.9939 -15.9391 6
    endloop
  endfacet
  facet normal 0.74571 0.66627 0
    outer loop
      vertex 105.318 15.7075 35.4
      vertex 105.266 15.7657 6
      vertex 105.266 15.7657 35.4
    endloop
  endfacet
  facet normal 0.74571 0.66627 0
    outer loop
      vertex 105.266 15.7657 6
      vertex 105.318 15.7075 35.4
      vertex 105.318 15.7075 6
    endloop
  endfacet
  facet normal 0.990127 -0.140172 0
    outer loop
      vertex 105.485 -15.3561 35.4
      vertex 105.496 -15.2784 6
      vertex 105.496 -15.2784 35.4
    endloop
  endfacet
  facet normal 0.990127 -0.140172 0
    outer loop
      vertex 105.496 -15.2784 6
      vertex 105.485 -15.3561 35.4
      vertex 105.485 -15.3561 6
    endloop
  endfacet
  facet normal 0.699766 -0.0990659 0.70747
    outer loop
      vertex 105.496 -15.2784 35.4
      vertex 104.895 -15.2388 36
      vertex 105.485 -15.3561 35.4
    endloop
  endfacet
  facet normal -0.14641 0.989224 0
    outer loop
      vertex 74.2216 15.9961 6
      vertex 74.1439 15.9846 35.4
      vertex 74.2216 15.9961 35.4
    endloop
  endfacet
  facet normal -0.14641 0.989224 0
    outer loop
      vertex 74.1439 15.9846 35.4
      vertex 74.2216 15.9961 6
      vertex 74.1439 15.9846 6
    endloop
  endfacet
  facet normal -0.0496835 0.998765 0
    outer loop
      vertex 74.3 16 6
      vertex 74.2216 15.9961 35.4
      vertex 74.3 16 35.4
    endloop
  endfacet
  facet normal -0.0496835 0.998765 0
    outer loop
      vertex 74.2216 15.9961 35.4
      vertex 74.3 16 6
      vertex 74.2216 15.9961 6
    endloop
  endfacet
  facet normal 0.604216 -0.36755 0.706987
    outer loop
      vertex 105.406 -15.5771 35.4
      vertex 104.866 -15.3107 36
      vertex 105.365 -15.6445 35.4
    endloop
  endfacet
  facet normal -0.671213 0.741264 0
    outer loop
      vertex 73.7925 15.8184 6
      vertex 73.7343 15.7657 35.4
      vertex 73.7925 15.8184 35.4
    endloop
  endfacet
  facet normal -0.671213 0.741264 0
    outer loop
      vertex 73.7343 15.7657 35.4
      vertex 73.7925 15.8184 6
      vertex 73.7343 15.7657 6
    endloop
  endfacet
  facet normal -0.524137 0.474606 0.707128
    outer loop
      vertex 73.7343 15.7657 35.4
      vertex 73.6816 15.7075 35.4
      vertex 74.1459 15.3263 36
    endloop
  endfacet
  facet normal -0.302481 -0.639171 0.707083
    outer loop
      vertex 74.2237 -15.3841 36
      vertex 73.9229 -15.9055 35.4
      vertex 73.9939 -15.9391 35.4
    endloop
  endfacet
  facet normal 0.237628 -0.666079 0.707016
    outer loop
      vertex 105.006 -15.9391 35.4
      vertex 104.758 -15.3907 36
      vertex 104.932 -15.9655 35.4
    endloop
  endfacet
  facet normal -0.237896 -0.665928 0.707068
    outer loop
      vertex 74.2421 -15.3907 36
      vertex 73.9939 -15.9391 35.4
      vertex 74.0678 -15.9655 35.4
    endloop
  endfacet
  facet normal 0.939273 0.343171 0
    outer loop
      vertex 105.466 15.4322 35.4
      vertex 105.439 15.5061 6
      vertex 105.439 15.5061 35.4
    endloop
  endfacet
  facet normal 0.939273 0.343171 0
    outer loop
      vertex 105.439 15.5061 6
      vertex 105.466 15.4322 35.4
      vertex 105.466 15.4322 6
    endloop
  endfacet
  facet normal -0.858278 0.513184 0
    outer loop
      vertex 73.5945 15.5771 6
      vertex 73.6348 15.6445 35.4
      vertex 73.6348 15.6445 6
    endloop
  endfacet
  facet normal -0.858278 0.513184 0
    outer loop
      vertex 73.6348 15.6445 35.4
      vertex 73.5945 15.5771 6
      vertex 73.5945 15.5771 35.4
    endloop
  endfacet
  facet normal 0.801524 0.597962 0
    outer loop
      vertex 105.365 15.6445 35.4
      vertex 105.318 15.7075 6
      vertex 105.318 15.7075 35.4
    endloop
  endfacet
  facet normal 0.801524 0.597962 0
    outer loop
      vertex 105.318 15.7075 6
      vertex 105.365 15.6445 35.4
      vertex 105.365 15.6445 6
    endloop
  endfacet
  facet normal -0.168937 -0.686532 0.707202
    outer loop
      vertex 74.2421 -15.3907 36
      vertex 74.1439 -15.9846 35.4
      vertex 74.2612 -15.3954 36
    endloop
  endfacet
  facet normal 0.145859 -0.989305 0
    outer loop
      vertex 104.778 -15.9961 6
      vertex 104.856 -15.9846 35.4
      vertex 104.778 -15.9961 35.4
    endloop
  endfacet
  facet normal 0.145859 -0.989305 0
    outer loop
      vertex 104.856 -15.9846 35.4
      vertex 104.778 -15.9961 6
      vertex 104.856 -15.9846 6
    endloop
  endfacet
  facet normal -0.243435 -0.969917 0
    outer loop
      vertex 74.0678 -15.9655 6
      vertex 74.1439 -15.9846 35.4
      vertex 74.0678 -15.9655 35.4
    endloop
  endfacet
  facet normal -0.243435 -0.969917 -0
    outer loop
      vertex 74.1439 -15.9846 35.4
      vertex 74.0678 -15.9655 6
      vertex 74.1439 -15.9846 6
    endloop
  endfacet
  facet normal -0.699378 0.104412 0.707085
    outer loop
      vertex 73.5154 15.3561 35.4
      vertex 73.5038 15.2784 35.4
      vertex 74.1045 15.2388 36
    endloop
  endfacet
  facet normal -0.706168 0.0353084 0.707163
    outer loop
      vertex 74.1017 15.2195 36
      vertex 73.5038 15.2784 35.4
      vertex 74.1 15.1855 36
    endloop
  endfacet
  facet normal -0.665591 0.238676 0.707122
    outer loop
      vertex 73.5609 15.5061 35.4
      vertex 73.5344 15.4322 35.4
      vertex 74.1093 15.2578 36
    endloop
  endfacet
  facet normal -0.524516 0.47422 0.707105
    outer loop
      vertex 74.1591 15.3409 36
      vertex 73.7343 15.7657 35.4
      vertex 74.1459 15.3263 36
    endloop
  endfacet
  facet normal 0.691069 -0.145488 0.707995
    outer loop
      vertex 104.895 -15.2388 36
      vertex 104.891 -15.2578 36
      vertex 105.485 -15.3561 35.4
    endloop
  endfacet
  facet normal -0.706168 -0.0353084 0.707163
    outer loop
      vertex 74.1 -15.1855 36
      vertex 73.5038 -15.2784 35.4
      vertex 74.1017 -15.2195 36
    endloop
  endfacet
  facet normal -0.639148 -0.30247 0.707108
    outer loop
      vertex 74.1159 -15.2762 36
      vertex 73.5609 -15.5061 35.4
      vertex 73.5945 -15.5771 35.4
    endloop
  endfacet
  facet normal 0.515436 -0.856928 0
    outer loop
      vertex 105.077 -15.9055 6
      vertex 105.144 -15.8652 35.4
      vertex 105.077 -15.9055 35.4
    endloop
  endfacet
  facet normal 0.515436 -0.856928 0
    outer loop
      vertex 105.144 -15.8652 35.4
      vertex 105.077 -15.9055 6
      vertex 105.144 -15.8652 6
    endloop
  endfacet
  facet normal 0.237628 0.666079 0.707016
    outer loop
      vertex 104.932 15.9655 35.4
      vertex 104.758 15.3907 36
      vertex 105.006 15.9391 35.4
    endloop
  endfacet
  facet normal -0.699378 -0.104412 0.707085
    outer loop
      vertex 74.1045 -15.2388 36
      vertex 73.5038 -15.2784 35.4
      vertex 73.5154 -15.3561 35.4
    endloop
  endfacet
  facet normal 0.645244 -0.289997 0.706796
    outer loop
      vertex 104.884 -15.2762 36
      vertex 104.876 -15.294 36
      vertex 105.406 -15.5771 35.4
    endloop
  endfacet
  facet normal -0.699686 -0.101509 0.707202
    outer loop
      vertex 74.1017 -15.2195 36
      vertex 73.5038 -15.2784 35.4
      vertex 74.1045 -15.2388 36
    endloop
  endfacet
  facet normal -0.970217 0.242236 0
    outer loop
      vertex 73.5154 15.3561 6
      vertex 73.5344 15.4322 35.4
      vertex 73.5344 15.4322 6
    endloop
  endfacet
  facet normal -0.970217 0.242236 0
    outer loop
      vertex 73.5344 15.4322 35.4
      vertex 73.5154 15.3561 6
      vertex 73.5154 15.3561 35.4
    endloop
  endfacet
  facet normal -0.421656 -0.567615 0.707121
    outer loop
      vertex 74.1893 -15.3657 36
      vertex 73.7925 -15.8184 35.4
      vertex 73.8555 -15.8652 35.4
    endloop
  endfacet
  facet normal -0 0 1
    outer loop
      vertex 92.1708 -5.32228 36
      vertex 104.9 -15.1854 36
      vertex 92.1742 -1.32475 36
    endloop
  endfacet
  facet normal -0 0 1
    outer loop
      vertex 92.1186 2.53314 36
      vertex 92.1742 -1.32475 36
      vertex 92.1859 2.68584 36
    endloop
  endfacet
  facet normal -0 0 1
    outer loop
      vertex 92.0333 2.39003 36
      vertex 92.1742 -1.32475 36
      vertex 92.1186 2.53314 36
    endloop
  endfacet
  facet normal -0 0 1
    outer loop
      vertex 91.9446 2.27386 36
      vertex 92.1742 -1.32475 36
      vertex 92.0333 2.39003 36
    endloop
  endfacet
  facet normal -0 0 1
    outer loop
      vertex 91.8275 2.15269 36
      vertex 92.1742 -1.32475 36
      vertex 91.9446 2.27386 36
    endloop
  endfacet
  facet normal 0 0 1
    outer loop
      vertex 92.1742 -1.32475 36
      vertex 91.8275 2.15269 36
      vertex 92.1602 -1.31766 36
    endloop
  endfacet
  facet normal -0 0 1
    outer loop
      vertex 91.7123 2.058 36
      vertex 92.1602 -1.31766 36
      vertex 91.8275 2.15269 36
    endloop
  endfacet
  facet normal -0 0 1
    outer loop
      vertex 91.6042 1.98608 36
      vertex 92.1602 -1.31766 36
      vertex 91.7123 2.058 36
    endloop
  endfacet
  facet normal 0 0 1
    outer loop
      vertex 91.6042 1.98608 36
      vertex 91.0828 -1.31766 36
      vertex 92.1602 -1.31766 36
    endloop
  endfacet
  facet normal 0 0 1
    outer loop
      vertex 91.6042 1.98608 36
      vertex 91.0645 -1.32039 36
      vertex 91.0828 -1.31766 36
    endloop
  endfacet
  facet normal -0 0 1
    outer loop
      vertex 90.0906 -2.72516 36
      vertex 91.0645 -5.20779 36
      vertex 91.0645 -1.32039 36
    endloop
  endfacet
  facet normal 0 -0 1
    outer loop
      vertex 90.0925 -6.10547 36
      vertex 91.0645 -5.20779 36
      vertex 90.0906 -2.72516 36
    endloop
  endfacet
  facet normal 0 -0 1
    outer loop
      vertex 90.7698 -5.86053 36
      vertex 91.0645 -5.20779 36
      vertex 90.0925 -6.10547 36
    endloop
  endfacet
  facet normal 0 0 1
    outer loop
      vertex 91.0645 -5.20779 36
      vertex 91.0124 -5.50156 36
      vertex 91.051 -5.3588 36
    endloop
  endfacet
  facet normal 0 0 1
    outer loop
      vertex 91.0645 -5.20779 36
      vertex 90.951 -5.63411 36
      vertex 91.0124 -5.50156 36
    endloop
  endfacet
  facet normal 0 0 1
    outer loop
      vertex 91.0645 -5.20779 36
      vertex 90.8694 -5.75444 36
      vertex 90.951 -5.63411 36
    endloop
  endfacet
  facet normal 0 0 1
    outer loop
      vertex 91.0645 -5.20779 36
      vertex 90.7698 -5.86053 36
      vertex 90.8694 -5.75444 36
    endloop
  endfacet
  facet normal 0 0 1
    outer loop
      vertex 90.7698 -5.86053 36
      vertex 90.0925 -6.10547 36
      vertex 90.6548 -5.95032 36
    endloop
  endfacet
  facet normal 0 0 1
    outer loop
      vertex 90.6548 -5.95032 36
      vertex 90.0925 -6.10547 36
      vertex 90.5268 -6.0218 36
    endloop
  endfacet
  facet normal 0 0 1
    outer loop
      vertex 89.3246 -1.33221 36
      vertex 91.0645 -1.32039 36
      vertex 91.6042 1.98608 36
    endloop
  endfacet
  facet normal 0 0 1
    outer loop
      vertex 90.5268 -6.0218 36
      vertex 90.0925 -6.10547 36
      vertex 90.3881 -6.07289 36
    endloop
  endfacet
  facet normal 0 0 1
    outer loop
      vertex 90.3881 -6.07289 36
      vertex 90.0925 -6.10547 36
      vertex 90.2412 -6.10167 36
    endloop
  endfacet
  facet normal 0 0 1
    outer loop
      vertex 91.0645 -1.32039 36
      vertex 90.0804 -2.52223 36
      vertex 90.0906 -2.72516 36
    endloop
  endfacet
  facet normal 0 0 1
    outer loop
      vertex 91.0645 -1.32039 36
      vertex 90.0445 -2.30849 36
      vertex 90.0804 -2.52223 36
    endloop
  endfacet
  facet normal 0 0 1
    outer loop
      vertex 91.0645 -1.32039 36
      vertex 89.985 -2.11154 36
      vertex 90.0445 -2.30849 36
    endloop
  endfacet
  facet normal 0 0 1
    outer loop
      vertex 91.0645 -1.32039 36
      vertex 89.8937 -1.91255 36
      vertex 89.985 -2.11154 36
    endloop
  endfacet
  facet normal 0 0 1
    outer loop
      vertex 91.0645 -1.32039 36
      vertex 89.779 -1.73482 36
      vertex 89.8937 -1.91255 36
    endloop
  endfacet
  facet normal 0 0 1
    outer loop
      vertex 91.0645 -1.32039 36
      vertex 89.6439 -1.57869 36
      vertex 89.779 -1.73482 36
    endloop
  endfacet
  facet normal 0 0 1
    outer loop
      vertex 91.0645 -1.32039 36
      vertex 89.4914 -1.44437 36
      vertex 89.6439 -1.57869 36
    endloop
  endfacet
  facet normal 0 0 1
    outer loop
      vertex 91.0645 -1.32039 36
      vertex 89.3246 -1.33221 36
      vertex 89.4914 -1.44437 36
    endloop
  endfacet
  facet normal 0 0 1
    outer loop
      vertex 91.6042 1.98608 36
      vertex 89.1465 -1.24251 36
      vertex 89.3246 -1.33221 36
    endloop
  endfacet
  facet normal 0 0 1
    outer loop
      vertex 91.6042 1.98608 36
      vertex 88.9601 -1.17552 36
      vertex 89.1465 -1.24251 36
    endloop
  endfacet
  facet normal 0 0 1
    outer loop
      vertex 91.6042 1.98608 36
      vertex 88.7686 -1.13162 36
      vertex 88.9601 -1.17552 36
    endloop
  endfacet
  facet normal 0 0 1
    outer loop
      vertex 91.6042 1.98608 36
      vertex 88.5942 -1.11198 36
      vertex 88.7686 -1.13162 36
    endloop
  endfacet
  facet normal 0 0 1
    outer loop
      vertex 91.6042 1.98608 36
      vertex 88.3174 -1.10684 36
      vertex 88.5942 -1.11198 36
    endloop
  endfacet
  facet normal -0 0 1
    outer loop
      vertex 86.8148 -0.90062 36
      vertex 88.3174 -1.10684 36
      vertex 91.6042 1.98608 36
    endloop
  endfacet
  facet normal 0 0 1
    outer loop
      vertex 88.3174 -1.10684 36
      vertex 86.8148 -0.90062 36
      vertex 88.1238 -1.12872 36
    endloop
  endfacet
  facet normal 0 0 1
    outer loop
      vertex 88.1238 -1.12872 36
      vertex 86.8148 -0.90062 36
      vertex 87.9324 -1.1739 36
    endloop
  endfacet
  facet normal 0 0 1
    outer loop
      vertex 87.9324 -1.1739 36
      vertex 86.8148 -0.90062 36
      vertex 87.7464 -1.24208 36
    endloop
  endfacet
  facet normal 0 0 1
    outer loop
      vertex 87.7464 -1.24208 36
      vertex 86.8148 -0.90062 36
      vertex 87.5688 -1.33299 36
    endloop
  endfacet
  facet normal 0 0 1
    outer loop
      vertex 87.5688 -1.33299 36
      vertex 86.8148 -0.90062 36
      vertex 87.4027 -1.44633 36
    endloop
  endfacet
  facet normal 0 0 1
    outer loop
      vertex 86.8148 -0.90062 36
      vertex 87.2655 -1.56729 36
      vertex 87.4027 -1.44633 36
    endloop
  endfacet
  facet normal 0 0 1
    outer loop
      vertex 86.8148 -0.90062 36
      vertex 87.1422 -1.7059 36
      vertex 87.2655 -1.56729 36
    endloop
  endfacet
  facet normal 0 0 1
    outer loop
      vertex 86.8148 -0.90062 36
      vertex 87.0351 -1.86203 36
      vertex 87.1422 -1.7059 36
    endloop
  endfacet
  facet normal 0 0 1
    outer loop
      vertex 86.8148 -0.90062 36
      vertex 86.9464 -2.03548 36
      vertex 87.0351 -1.86203 36
    endloop
  endfacet
  facet normal 0 0 1
    outer loop
      vertex 86.8148 -0.90062 36
      vertex 86.8848 -2.20392 36
      vertex 86.9464 -2.03548 36
    endloop
  endfacet
  facet normal 0 0 1
    outer loop
      vertex 86.8148 -0.90062 36
      vertex 86.8369 -2.40945 36
      vertex 86.8848 -2.20392 36
    endloop
  endfacet
  facet normal 0 0 1
    outer loop
      vertex 86.8148 -0.90062 36
      vertex 86.8151 -2.60603 36
      vertex 86.8369 -2.40945 36
    endloop
  endfacet
  facet normal 0 0 1
    outer loop
      vertex 74.1 -15.1855 36
      vertex 86.8151 -2.60603 36
      vertex 86.8148 -0.90062 36
    endloop
  endfacet
  facet normal 0 0 1
    outer loop
      vertex 104.685 15.4 36
      vertex 92.1737 10.4338 36
      vertex 104.9 15.1854 36
    endloop
  endfacet
  facet normal 0 0 1
    outer loop
      vertex 104.9 15.1854 36
      vertex 92.1737 10.4338 36
      vertex 92.1789 5.30609 36
    endloop
  endfacet
  facet normal 0 -0 1
    outer loop
      vertex 92.1737 10.4338 36
      vertex 92.175 12.4422 36
      vertex 86.8302 9.11349 36
    endloop
  endfacet
  facet normal 0 0 1
    outer loop
      vertex 104.685 15.4 36
      vertex 104.9 15.1854 36
      vertex 104.898 15.2195 36
    endloop
  endfacet
  facet normal 0 0 1
    outer loop
      vertex 92.1742 -1.32475 36
      vertex 104.9 15.1854 36
      vertex 92.2609 2.99254 36
    endloop
  endfacet
  facet normal 0 0 1
    outer loop
      vertex 104.719 15.3983 36
      vertex 104.898 15.2195 36
      vertex 104.895 15.2388 36
    endloop
  endfacet
  facet normal 0 0 1
    outer loop
      vertex 92.1742 -1.32475 36
      vertex 92.2609 2.99254 36
      vertex 92.2294 2.82607 36
    endloop
  endfacet
  facet normal 0 0 1
    outer loop
      vertex 104.719 15.3983 36
      vertex 104.895 15.2388 36
      vertex 104.891 15.2578 36
    endloop
  endfacet
  facet normal 0 0 1
    outer loop
      vertex 92.1742 -1.32475 36
      vertex 92.2294 2.82607 36
      vertex 92.1859 2.68584 36
    endloop
  endfacet
  facet normal 0 0 1
    outer loop
      vertex 104.719 15.3983 36
      vertex 104.891 15.2578 36
      vertex 104.884 15.2762 36
    endloop
  endfacet
  facet normal 0 0 1
    outer loop
      vertex 104.9 15.1854 36
      vertex 92.1742 -1.32475 36
      vertex 104.9 -15.1854 36
    endloop
  endfacet
  facet normal 0 0 1
    outer loop
      vertex 104.719 15.3983 36
      vertex 104.884 15.2762 36
      vertex 104.876 15.294 36
    endloop
  endfacet
  facet normal -0 0 1
    outer loop
      vertex 92.1734 -11.8432 36
      vertex 104.9 -15.1854 36
      vertex 92.1762 -7.88568 36
    endloop
  endfacet
  facet normal 0 0 1
    outer loop
      vertex 104.719 15.3983 36
      vertex 104.876 15.294 36
      vertex 104.866 15.3107 36
    endloop
  endfacet
  facet normal 0 0 1
    outer loop
      vertex 104.9 -15.1854 36
      vertex 104.685 -15.4 36
      vertex 104.898 -15.2195 36
    endloop
  endfacet
  facet normal 0 0 1
    outer loop
      vertex 104.719 15.3983 36
      vertex 104.866 15.3107 36
      vertex 104.854 15.3263 36
    endloop
  endfacet
  facet normal 0 -0 1
    outer loop
      vertex 104.719 -15.3983 36
      vertex 104.898 -15.2195 36
      vertex 104.685 -15.4 36
    endloop
  endfacet
  facet normal 0 0 1
    outer loop
      vertex 104.719 15.3983 36
      vertex 104.854 15.3263 36
      vertex 104.841 15.3409 36
    endloop
  endfacet
  facet normal 0 0 1
    outer loop
      vertex 104.898 -15.2195 36
      vertex 104.719 -15.3983 36
      vertex 104.895 -15.2388 36
    endloop
  endfacet
  facet normal 0 0 1
    outer loop
      vertex 104.719 15.3983 36
      vertex 104.841 15.3409 36
      vertex 104.826 15.3541 36
    endloop
  endfacet
  facet normal 0 0 1
    outer loop
      vertex 104.895 -15.2388 36
      vertex 104.719 -15.3983 36
      vertex 104.891 -15.2578 36
    endloop
  endfacet
  facet normal 0 0 1
    outer loop
      vertex 104.719 15.3983 36
      vertex 104.826 15.3541 36
      vertex 104.811 15.3657 36
    endloop
  endfacet
  facet normal 0 0 1
    outer loop
      vertex 104.891 -15.2578 36
      vertex 104.719 -15.3983 36
      vertex 104.884 -15.2762 36
    endloop
  endfacet
  facet normal 0 0 1
    outer loop
      vertex 104.719 15.3983 36
      vertex 104.811 15.3657 36
      vertex 104.794 15.3757 36
    endloop
  endfacet
  facet normal 0 0 1
    outer loop
      vertex 104.884 -15.2762 36
      vertex 104.719 -15.3983 36
      vertex 104.876 -15.294 36
    endloop
  endfacet
  facet normal 0 0 1
    outer loop
      vertex 104.719 15.3983 36
      vertex 104.794 15.3757 36
      vertex 104.776 15.3841 36
    endloop
  endfacet
  facet normal 0 0 1
    outer loop
      vertex 104.876 -15.294 36
      vertex 104.719 -15.3983 36
      vertex 104.866 -15.3107 36
    endloop
  endfacet
  facet normal 0 0 1
    outer loop
      vertex 104.719 15.3983 36
      vertex 104.776 15.3841 36
      vertex 104.758 15.3907 36
    endloop
  endfacet
  facet normal 0 0 1
    outer loop
      vertex 104.866 -15.3107 36
      vertex 104.719 -15.3983 36
      vertex 104.854 -15.3263 36
    endloop
  endfacet
  facet normal 0 0 1
    outer loop
      vertex 104.719 15.3983 36
      vertex 104.758 15.3907 36
      vertex 104.739 15.3954 36
    endloop
  endfacet
  facet normal 0 0 1
    outer loop
      vertex 104.854 -15.3263 36
      vertex 104.719 -15.3983 36
      vertex 104.841 -15.3409 36
    endloop
  endfacet
  facet normal 0 0 1
    outer loop
      vertex 104.898 15.2195 36
      vertex 104.719 15.3983 36
      vertex 104.685 15.4 36
    endloop
  endfacet
  facet normal 0 0 1
    outer loop
      vertex 104.841 -15.3409 36
      vertex 104.719 -15.3983 36
      vertex 104.826 -15.3541 36
    endloop
  endfacet
  facet normal 0 0 1
    outer loop
      vertex 92.1737 10.4338 36
      vertex 104.685 15.4 36
      vertex 92.175 12.4422 36
    endloop
  endfacet
  facet normal 0 0 1
    outer loop
      vertex 104.826 -15.3541 36
      vertex 104.719 -15.3983 36
      vertex 104.811 -15.3657 36
    endloop
  endfacet
  facet normal 0 0 1
    outer loop
      vertex 104.9 15.1854 36
      vertex 92.272 3.14255 36
      vertex 92.2609 2.99254 36
    endloop
  endfacet
  facet normal 0 0 1
    outer loop
      vertex 104.9 15.1854 36
      vertex 92.267 3.29305 36
      vertex 92.272 3.14255 36
    endloop
  endfacet
  facet normal 0 0 1
    outer loop
      vertex 104.9 15.1854 36
      vertex 92.1789 5.30609 36
      vertex 92.267 3.29305 36
    endloop
  endfacet
  facet normal 0 0 1
    outer loop
      vertex 92.267 3.29305 36
      vertex 92.1789 5.30609 36
      vertex 92.2423 3.46114 36
    endloop
  endfacet
  facet normal 0 0 1
    outer loop
      vertex 92.175 12.4422 36
      vertex 104.685 15.4 36
      vertex 92.1789 13.75 36
    endloop
  endfacet
  facet normal 0 0 1
    outer loop
      vertex 86.7354 9.73991 36
      vertex 74.3146 15.4 36
      vertex 86.7278 9.58955 36
    endloop
  endfacet
  facet normal 0 0 1
    outer loop
      vertex 86.7633 9.90744 36
      vertex 74.3146 15.4 36
      vertex 86.7354 9.73991 36
    endloop
  endfacet
  facet normal 0 0 1
    outer loop
      vertex 86.8109 10.0686 36
      vertex 74.3146 15.4 36
      vertex 86.7633 9.90744 36
    endloop
  endfacet
  facet normal 0 0 1
    outer loop
      vertex 86.8776 10.2219 36
      vertex 74.3146 15.4 36
      vertex 86.8109 10.0686 36
    endloop
  endfacet
  facet normal 0 0 1
    outer loop
      vertex 86.9624 10.3658 36
      vertex 74.3146 15.4 36
      vertex 86.8776 10.2219 36
    endloop
  endfacet
  facet normal 0 0 1
    outer loop
      vertex 87.0647 10.4988 36
      vertex 74.3146 15.4 36
      vertex 86.9624 10.3658 36
    endloop
  endfacet
  facet normal 0 0 1
    outer loop
      vertex 87.1837 10.6193 36
      vertex 74.3146 15.4 36
      vertex 87.0647 10.4988 36
    endloop
  endfacet
  facet normal 0 0 1
    outer loop
      vertex 87.316 10.727 36
      vertex 74.3146 15.4 36
      vertex 87.1837 10.6193 36
    endloop
  endfacet
  facet normal 0 0 1
    outer loop
      vertex 92.1789 13.75 36
      vertex 74.3146 15.4 36
      vertex 87.316 10.727 36
    endloop
  endfacet
  facet normal -0 0 1
    outer loop
      vertex 74.3146 15.4 36
      vertex 92.1789 13.75 36
      vertex 104.685 15.4 36
    endloop
  endfacet
  facet normal 0 0 1
    outer loop
      vertex 104.811 -15.3657 36
      vertex 104.719 -15.3983 36
      vertex 104.794 -15.3757 36
    endloop
  endfacet
  facet normal 0 0 1
    outer loop
      vertex 104.794 -15.3757 36
      vertex 104.719 -15.3983 36
      vertex 104.776 -15.3841 36
    endloop
  endfacet
  facet normal 0 0 1
    outer loop
      vertex 104.758 -15.3907 36
      vertex 104.719 -15.3983 36
      vertex 104.739 -15.3954 36
    endloop
  endfacet
  facet normal 0 0 1
    outer loop
      vertex 104.776 -15.3841 36
      vertex 104.719 -15.3983 36
      vertex 104.758 -15.3907 36
    endloop
  endfacet
  facet normal 0 0 1
    outer loop
      vertex 104.9 -15.1854 36
      vertex 92.1734 -11.8432 36
      vertex 104.685 -15.4 36
    endloop
  endfacet
  facet normal -0 0 1
    outer loop
      vertex 92.1503 -12.0597 36
      vertex 104.685 -15.4 36
      vertex 92.1734 -11.8432 36
    endloop
  endfacet
  facet normal -0 0 1
    outer loop
      vertex 92.0991 -12.2894 36
      vertex 104.685 -15.4 36
      vertex 92.1503 -12.0597 36
    endloop
  endfacet
  facet normal -0 0 1
    outer loop
      vertex 92.0226 -12.5084 36
      vertex 104.685 -15.4 36
      vertex 92.0991 -12.2894 36
    endloop
  endfacet
  facet normal -0 0 1
    outer loop
      vertex 91.9223 -12.7151 36
      vertex 104.685 -15.4 36
      vertex 92.0226 -12.5084 36
    endloop
  endfacet
  facet normal -0 0 1
    outer loop
      vertex 91.8237 -12.874 36
      vertex 104.685 -15.4 36
      vertex 91.9223 -12.7151 36
    endloop
  endfacet
  facet normal -0 0 1
    outer loop
      vertex 91.7112 -13.0226 36
      vertex 104.685 -15.4 36
      vertex 91.8237 -12.874 36
    endloop
  endfacet
  facet normal -0 0 1
    outer loop
      vertex 91.5859 -13.1601 36
      vertex 104.685 -15.4 36
      vertex 91.7112 -13.0226 36
    endloop
  endfacet
  facet normal -0 0 1
    outer loop
      vertex 91.4484 -13.2855 36
      vertex 104.685 -15.4 36
      vertex 91.5859 -13.1601 36
    endloop
  endfacet
  facet normal -0 0 1
    outer loop
      vertex 91.2998 -13.3979 36
      vertex 104.685 -15.4 36
      vertex 91.4484 -13.2855 36
    endloop
  endfacet
  facet normal -0 0 1
    outer loop
      vertex 91.1409 -13.4965 36
      vertex 104.685 -15.4 36
      vertex 91.2998 -13.3979 36
    endloop
  endfacet
  facet normal -0 0 1
    outer loop
      vertex 90.9727 -13.5802 36
      vertex 104.685 -15.4 36
      vertex 91.1409 -13.4965 36
    endloop
  endfacet
  facet normal -0 0 1
    outer loop
      vertex 90.8161 -13.6415 36
      vertex 104.685 -15.4 36
      vertex 90.9727 -13.5802 36
    endloop
  endfacet
  facet normal -0 0 1
    outer loop
      vertex 90.5491 -13.713 36
      vertex 104.685 -15.4 36
      vertex 90.8161 -13.6415 36
    endloop
  endfacet
  facet normal -0 0 1
    outer loop
      vertex 90.2909 -13.746 36
      vertex 104.685 -15.4 36
      vertex 90.5491 -13.713 36
    endloop
  endfacet
  facet normal -0 0 1
    outer loop
      vertex 88.9326 -13.75 36
      vertex 104.685 -15.4 36
      vertex 90.2909 -13.746 36
    endloop
  endfacet
  facet normal 0 0 1
    outer loop
      vertex 74.3146 -15.4 36
      vertex 88.9326 -13.75 36
      vertex 88.6073 -13.7381 36
    endloop
  endfacet
  facet normal 0 0 1
    outer loop
      vertex 86.8346 -5.50916 36
      vertex 74.1 -15.1855 36
      vertex 86.8148 -7.88019 36
    endloop
  endfacet
  facet normal 0 0 1
    outer loop
      vertex 86.8148 0.367493 36
      vertex 74.1 -15.1855 36
      vertex 86.8148 -0.90062 36
    endloop
  endfacet
  facet normal 0 0 1
    outer loop
      vertex 74.1 15.1855 36
      vertex 86.79 9.06395 36
      vertex 86.75 9.22775 36
    endloop
  endfacet
  facet normal 0 0 1
    outer loop
      vertex 74.1 15.1855 36
      vertex 86.75 9.22775 36
      vertex 86.73 9.39746 36
    endloop
  endfacet
  facet normal 0 0 1
    outer loop
      vertex 74.1 15.1855 36
      vertex 86.73 9.39746 36
      vertex 86.7278 9.58955 36
    endloop
  endfacet
  facet normal -0 0 1
    outer loop
      vertex 74.1 15.1855 36
      vertex 86.7278 9.58955 36
      vertex 74.3146 15.4 36
    endloop
  endfacet
  facet normal 0 0 1
    outer loop
      vertex 86.8151 -2.60603 36
      vertex 74.1 -15.1855 36
      vertex 86.8121 -5.22566 36
    endloop
  endfacet
  facet normal 0 0 1
    outer loop
      vertex 86.8148 -7.88019 36
      vertex 74.1 -15.1855 36
      vertex 86.8156 -11.7934 36
    endloop
  endfacet
  facet normal 0 -0 1
    outer loop
      vertex 74.3146 -15.4 36
      vertex 86.8156 -11.7934 36
      vertex 74.1 -15.1855 36
    endloop
  endfacet
  facet normal 0 0 1
    outer loop
      vertex 86.8156 -11.7934 36
      vertex 74.3146 -15.4 36
      vertex 86.8256 -11.9467 36
    endloop
  endfacet
  facet normal 0 0 1
    outer loop
      vertex 86.8256 -11.9467 36
      vertex 74.3146 -15.4 36
      vertex 86.8509 -12.1179 36
    endloop
  endfacet
  facet normal 0 0 1
    outer loop
      vertex 88.9326 -13.75 36
      vertex 74.3146 -15.4 36
      vertex 104.685 -15.4 36
    endloop
  endfacet
  facet normal 0 0 1
    outer loop
      vertex 88.4575 -13.716 36
      vertex 74.3146 -15.4 36
      vertex 88.6073 -13.7381 36
    endloop
  endfacet
  facet normal 0 0 1
    outer loop
      vertex 88.2909 -13.6775 36
      vertex 74.3146 -15.4 36
      vertex 88.4575 -13.716 36
    endloop
  endfacet
  facet normal 0 0 1
    outer loop
      vertex 88.1498 -13.6327 36
      vertex 74.3146 -15.4 36
      vertex 88.2909 -13.6775 36
    endloop
  endfacet
  facet normal 0 0 1
    outer loop
      vertex 87.9942 -13.5694 36
      vertex 74.3146 -15.4 36
      vertex 88.1498 -13.6327 36
    endloop
  endfacet
  facet normal 0 0 1
    outer loop
      vertex 87.8635 -13.504 36
      vertex 74.3146 -15.4 36
      vertex 87.9942 -13.5694 36
    endloop
  endfacet
  facet normal 0 0 1
    outer loop
      vertex 87.7211 -13.4181 36
      vertex 74.3146 -15.4 36
      vertex 87.8635 -13.504 36
    endloop
  endfacet
  facet normal 0 0 1
    outer loop
      vertex 87.6031 -13.3338 36
      vertex 74.3146 -15.4 36
      vertex 87.7211 -13.4181 36
    endloop
  endfacet
  facet normal 0 0 1
    outer loop
      vertex 87.4761 -13.2277 36
      vertex 74.3146 -15.4 36
      vertex 87.6031 -13.3338 36
    endloop
  endfacet
  facet normal 0 0 1
    outer loop
      vertex 87.3583 -13.1116 36
      vertex 74.3146 -15.4 36
      vertex 87.4761 -13.2277 36
    endloop
  endfacet
  facet normal 0 0 1
    outer loop
      vertex 87.2502 -12.9863 36
      vertex 74.3146 -15.4 36
      vertex 87.3583 -13.1116 36
    endloop
  endfacet
  facet normal 0 0 1
    outer loop
      vertex 87.1526 -12.8524 36
      vertex 74.3146 -15.4 36
      vertex 87.2502 -12.9863 36
    endloop
  endfacet
  facet normal 0 0 1
    outer loop
      vertex 87.0661 -12.7104 36
      vertex 74.3146 -15.4 36
      vertex 87.1526 -12.8524 36
    endloop
  endfacet
  facet normal 0 0 1
    outer loop
      vertex 86.9912 -12.5611 36
      vertex 74.3146 -15.4 36
      vertex 87.0661 -12.7104 36
    endloop
  endfacet
  facet normal 0 0 1
    outer loop
      vertex 86.8509 -12.1179 36
      vertex 74.3146 -15.4 36
      vertex 86.8846 -12.2636 36
    endloop
  endfacet
  facet normal 0 0 1
    outer loop
      vertex 74.1 15.1855 36
      vertex 74.3146 15.4 36
      vertex 74.2805 15.3983 36
    endloop
  endfacet
  facet normal 0 0 1
    outer loop
      vertex 86.8846 -12.2636 36
      vertex 74.3146 -15.4 36
      vertex 86.9358 -12.425 36
    endloop
  endfacet
  facet normal 0 0 1
    outer loop
      vertex 74.1017 15.2195 36
      vertex 74.2805 15.3983 36
      vertex 74.2612 15.3954 36
    endloop
  endfacet
  facet normal 0 0 1
    outer loop
      vertex 86.9358 -12.425 36
      vertex 74.3146 -15.4 36
      vertex 86.9912 -12.5611 36
    endloop
  endfacet
  facet normal 0 0 1
    outer loop
      vertex 74.1017 15.2195 36
      vertex 74.2612 15.3954 36
      vertex 74.2421 15.3907 36
    endloop
  endfacet
  facet normal 0 0 1
    outer loop
      vertex 74.3146 -15.4 36
      vertex 74.1 -15.1855 36
      vertex 74.2805 -15.3983 36
    endloop
  endfacet
  facet normal 0 0 1
    outer loop
      vertex 74.1017 15.2195 36
      vertex 74.2421 15.3907 36
      vertex 74.2237 15.3841 36
    endloop
  endfacet
  facet normal -0 -0 1
    outer loop
      vertex 74.1017 -15.2195 36
      vertex 74.2805 -15.3983 36
      vertex 74.1 -15.1855 36
    endloop
  endfacet
  facet normal 0 0 1
    outer loop
      vertex 74.1017 15.2195 36
      vertex 74.2237 15.3841 36
      vertex 74.2059 15.3757 36
    endloop
  endfacet
  facet normal 0 0 1
    outer loop
      vertex 74.2805 -15.3983 36
      vertex 74.1017 -15.2195 36
      vertex 74.2612 -15.3954 36
    endloop
  endfacet
  facet normal 0 0 1
    outer loop
      vertex 74.1017 15.2195 36
      vertex 74.2059 15.3757 36
      vertex 74.1893 15.3657 36
    endloop
  endfacet
  facet normal 0 0 1
    outer loop
      vertex 74.2612 -15.3954 36
      vertex 74.1017 -15.2195 36
      vertex 74.2421 -15.3907 36
    endloop
  endfacet
  facet normal 0 0 1
    outer loop
      vertex 74.1017 15.2195 36
      vertex 74.1893 15.3657 36
      vertex 74.1736 15.3541 36
    endloop
  endfacet
  facet normal 0 0 1
    outer loop
      vertex 74.2421 -15.3907 36
      vertex 74.1017 -15.2195 36
      vertex 74.2237 -15.3841 36
    endloop
  endfacet
  facet normal 0 0 1
    outer loop
      vertex 74.1017 15.2195 36
      vertex 74.1736 15.3541 36
      vertex 74.1591 15.3409 36
    endloop
  endfacet
  facet normal 0 0 1
    outer loop
      vertex 74.2237 -15.3841 36
      vertex 74.1017 -15.2195 36
      vertex 74.2059 -15.3757 36
    endloop
  endfacet
  facet normal 0 0 1
    outer loop
      vertex 74.1017 15.2195 36
      vertex 74.1591 15.3409 36
      vertex 74.1459 15.3263 36
    endloop
  endfacet
  facet normal 0 0 1
    outer loop
      vertex 74.2059 -15.3757 36
      vertex 74.1017 -15.2195 36
      vertex 74.1893 -15.3657 36
    endloop
  endfacet
  facet normal 0 0 1
    outer loop
      vertex 74.1017 15.2195 36
      vertex 74.1459 15.3263 36
      vertex 74.1343 15.3107 36
    endloop
  endfacet
  facet normal 0 0 1
    outer loop
      vertex 74.1893 -15.3657 36
      vertex 74.1017 -15.2195 36
      vertex 74.1736 -15.3541 36
    endloop
  endfacet
  facet normal 0 0 1
    outer loop
      vertex 74.1017 15.2195 36
      vertex 74.1343 15.3107 36
      vertex 74.1243 15.294 36
    endloop
  endfacet
  facet normal 0 0 1
    outer loop
      vertex 74.1736 -15.3541 36
      vertex 74.1017 -15.2195 36
      vertex 74.1591 -15.3409 36
    endloop
  endfacet
  facet normal 0 0 1
    outer loop
      vertex 74.1017 15.2195 36
      vertex 74.1243 15.294 36
      vertex 74.1159 15.2762 36
    endloop
  endfacet
  facet normal 0 0 1
    outer loop
      vertex 74.1591 -15.3409 36
      vertex 74.1017 -15.2195 36
      vertex 74.1459 -15.3263 36
    endloop
  endfacet
  facet normal 0 0 1
    outer loop
      vertex 74.1017 15.2195 36
      vertex 74.1159 15.2762 36
      vertex 74.1093 15.2578 36
    endloop
  endfacet
  facet normal 0 0 1
    outer loop
      vertex 74.1459 -15.3263 36
      vertex 74.1017 -15.2195 36
      vertex 74.1343 -15.3107 36
    endloop
  endfacet
  facet normal 0 0 1
    outer loop
      vertex 74.1017 15.2195 36
      vertex 74.1093 15.2578 36
      vertex 74.1045 15.2388 36
    endloop
  endfacet
  facet normal 0 0 1
    outer loop
      vertex 74.1343 -15.3107 36
      vertex 74.1017 -15.2195 36
      vertex 74.1243 -15.294 36
    endloop
  endfacet
  facet normal 0 0 1
    outer loop
      vertex 74.2805 15.3983 36
      vertex 74.1017 15.2195 36
      vertex 74.1 15.1855 36
    endloop
  endfacet
  facet normal 0 0 1
    outer loop
      vertex 74.1243 -15.294 36
      vertex 74.1017 -15.2195 36
      vertex 74.1159 -15.2762 36
    endloop
  endfacet
  facet normal 0 0 1
    outer loop
      vertex 74.1159 -15.2762 36
      vertex 74.1017 -15.2195 36
      vertex 74.1093 -15.2578 36
    endloop
  endfacet
  facet normal 0 0 1
    outer loop
      vertex 74.1093 -15.2578 36
      vertex 74.1017 -15.2195 36
      vertex 74.1045 -15.2388 36
    endloop
  endfacet
  facet normal 0 0 1
    outer loop
      vertex 92.2423 3.46114 36
      vertex 92.1789 5.30609 36
      vertex 92.2043 3.6032 36
    endloop
  endfacet
  facet normal 0 0 1
    outer loop
      vertex 91.7403 4.26312 36
      vertex 92.1789 5.30609 36
      vertex 92.1667 5.30693 36
    endloop
  endfacet
  facet normal 0 0 1
    outer loop
      vertex 92.1789 5.30609 36
      vertex 92.1431 3.75856 36
      vertex 92.2043 3.6032 36
    endloop
  endfacet
  facet normal 0 0 1
    outer loop
      vertex 92.1789 5.30609 36
      vertex 92.0635 3.90506 36
      vertex 92.1431 3.75856 36
    endloop
  endfacet
  facet normal 0 0 1
    outer loop
      vertex 92.1789 5.30609 36
      vertex 91.9665 4.04114 36
      vertex 92.0635 3.90506 36
    endloop
  endfacet
  facet normal 0 0 1
    outer loop
      vertex 92.1789 5.30609 36
      vertex 91.8528 4.16539 36
      vertex 91.9665 4.04114 36
    endloop
  endfacet
  facet normal 0 0 1
    outer loop
      vertex 92.1789 5.30609 36
      vertex 91.7403 4.26312 36
      vertex 91.8528 4.16539 36
    endloop
  endfacet
  facet normal 0 0 1
    outer loop
      vertex 92.1667 5.30693 36
      vertex 91.6164 4.34952 36
      vertex 91.7403 4.26312 36
    endloop
  endfacet
  facet normal -0 0 1
    outer loop
      vertex 86.8148 7.34143 36
      vertex 92.1667 5.30693 36
      vertex 87.2964 8.35724 36
    endloop
  endfacet
  facet normal 0 0 1
    outer loop
      vertex 86.8148 7.34143 36
      vertex 87.2964 8.35724 36
      vertex 87.1497 8.48192 36
    endloop
  endfacet
  facet normal 0 0 1
    outer loop
      vertex 92.1667 5.30693 36
      vertex 86.8148 7.34143 36
      vertex 91.6164 4.34952 36
    endloop
  endfacet
  facet normal 0 0 1
    outer loop
      vertex 87.0354 8.60619 36
      vertex 86.8148 7.34143 36
      vertex 87.1497 8.48192 36
    endloop
  endfacet
  facet normal 0 0 1
    outer loop
      vertex 86.9378 8.74219 36
      vertex 86.8148 7.34143 36
      vertex 87.0354 8.60619 36
    endloop
  endfacet
  facet normal 0 0 1
    outer loop
      vertex 86.8579 8.88861 36
      vertex 86.8148 7.34143 36
      vertex 86.9378 8.74219 36
    endloop
  endfacet
  facet normal 0 0 1
    outer loop
      vertex 74.1 15.1855 36
      vertex 86.8148 7.34143 36
      vertex 86.79 9.06395 36
    endloop
  endfacet
  facet normal 0 0 1
    outer loop
      vertex 86.8148 7.34143 36
      vertex 74.1 15.1855 36
      vertex 86.8148 6.05214 36
    endloop
  endfacet
  facet normal 0 0 1
    outer loop
      vertex 86.8148 6.05214 36
      vertex 74.1 15.1855 36
      vertex 86.8148 0.367493 36
    endloop
  endfacet
  facet normal 0 0 1
    outer loop
      vertex 74.1 -15.1855 36
      vertex 86.8148 0.367493 36
      vertex 74.1 15.1855 36
    endloop
  endfacet
  facet normal 0 0 1
    outer loop
      vertex 86.79 9.06395 36
      vertex 86.8148 7.34143 36
      vertex 86.8579 8.88861 36
    endloop
  endfacet
  facet normal 0 0 1
    outer loop
      vertex 104.9 -15.1854 36
      vertex 92.1708 -5.32228 36
      vertex 92.1762 -7.88568 36
    endloop
  endfacet
  facet normal -0 0 1
    outer loop
      vertex 92.1427 -5.55833 36
      vertex 92.1762 -7.88568 36
      vertex 92.1708 -5.32228 36
    endloop
  endfacet
  facet normal -0 0 1
    outer loop
      vertex 92.0872 -5.78539 36
      vertex 92.1762 -7.88568 36
      vertex 92.1427 -5.55833 36
    endloop
  endfacet
  facet normal -0 0 1
    outer loop
      vertex 92.0064 -6.00175 36
      vertex 92.1762 -7.88568 36
      vertex 92.0872 -5.78539 36
    endloop
  endfacet
  facet normal -0 0 1
    outer loop
      vertex 91.9019 -6.2058 36
      vertex 92.1762 -7.88568 36
      vertex 92.0064 -6.00175 36
    endloop
  endfacet
  facet normal -0 0 1
    outer loop
      vertex 91.7877 -6.37917 36
      vertex 92.1762 -7.88568 36
      vertex 91.9019 -6.2058 36
    endloop
  endfacet
  facet normal -0 0 1
    outer loop
      vertex 91.6428 -6.55515 36
      vertex 92.1762 -7.88568 36
      vertex 91.7877 -6.37917 36
    endloop
  endfacet
  facet normal -0 0 1
    outer loop
      vertex 91.4793 -6.7141 36
      vertex 92.1762 -7.88568 36
      vertex 91.6428 -6.55515 36
    endloop
  endfacet
  facet normal -0 0 1
    outer loop
      vertex 91.2989 -6.85425 36
      vertex 92.1762 -7.88568 36
      vertex 91.4793 -6.7141 36
    endloop
  endfacet
  facet normal 0 0 1
    outer loop
      vertex 91.0778 -7.8849 36
      vertex 91.2989 -6.85425 36
      vertex 91.1035 -6.97415 36
    endloop
  endfacet
  facet normal 0 0 1
    outer loop
      vertex 91.2989 -6.85425 36
      vertex 91.0778 -7.8849 36
      vertex 92.1762 -7.88568 36
    endloop
  endfacet
  facet normal -0 0 1
    outer loop
      vertex 90.9141 -7.06415 36
      vertex 91.0778 -7.8849 36
      vertex 91.1035 -6.97415 36
    endloop
  endfacet
  facet normal -0 0 1
    outer loop
      vertex 87.9264 -11.7357 36
      vertex 91.0642 -11.7623 36
      vertex 91.0645 -7.89279 36
    endloop
  endfacet
  facet normal 0 -0 1
    outer loop
      vertex 90.1812 -12.6373 36
      vertex 91.0642 -11.7623 36
      vertex 87.9264 -11.7357 36
    endloop
  endfacet
  facet normal 0 0 1
    outer loop
      vertex 91.0642 -11.7623 36
      vertex 90.1812 -12.6373 36
      vertex 91.0512 -11.8923 36
    endloop
  endfacet
  facet normal -0 0 1
    outer loop
      vertex 90.6947 -7.14062 36
      vertex 91.0778 -7.8849 36
      vertex 90.9141 -7.06415 36
    endloop
  endfacet
  facet normal 0 0 1
    outer loop
      vertex 91.0778 -7.8849 36
      vertex 90.6947 -7.14062 36
      vertex 91.0645 -7.89279 36
    endloop
  endfacet
  facet normal -0 0 1
    outer loop
      vertex 90.4866 -7.18854 36
      vertex 91.0645 -7.89279 36
      vertex 90.6947 -7.14062 36
    endloop
  endfacet
  facet normal -0 0 1
    outer loop
      vertex 90.3151 -7.21106 36
      vertex 91.0645 -7.89279 36
      vertex 90.4866 -7.18854 36
    endloop
  endfacet
  facet normal -0 0 1
    outer loop
      vertex 90.1618 -7.2188 36
      vertex 91.0645 -7.89279 36
      vertex 90.3151 -7.21106 36
    endloop
  endfacet
  facet normal -0 0 1
    outer loop
      vertex 87.9244 -7.86949 36
      vertex 91.0645 -7.89279 36
      vertex 90.1618 -7.2188 36
    endloop
  endfacet
  facet normal 0 0 1
    outer loop
      vertex 91.0512 -11.8923 36
      vertex 90.1812 -12.6373 36
      vertex 91.0202 -12.0164 36
    endloop
  endfacet
  facet normal 0 0 1
    outer loop
      vertex 91.0202 -12.0164 36
      vertex 90.1812 -12.6373 36
      vertex 90.9727 -12.133 36
    endloop
  endfacet
  facet normal 0 0 1
    outer loop
      vertex 90.9727 -12.133 36
      vertex 90.1812 -12.6373 36
      vertex 90.8981 -12.2579 36
    endloop
  endfacet
  facet normal 0 0 1
    outer loop
      vertex 90.8981 -12.2579 36
      vertex 90.1812 -12.6373 36
      vertex 90.7754 -12.3975 36
    endloop
  endfacet
  facet normal 0 0 1
    outer loop
      vertex 90.7754 -12.3975 36
      vertex 90.1812 -12.6373 36
      vertex 90.6442 -12.4984 36
    endloop
  endfacet
  facet normal 0 0 1
    outer loop
      vertex 90.4956 -12.5742 36
      vertex 90.1812 -12.6373 36
      vertex 90.3328 -12.6216 36
    endloop
  endfacet
  facet normal 0 0 1
    outer loop
      vertex 90.6442 -12.4984 36
      vertex 90.1812 -12.6373 36
      vertex 90.4956 -12.5742 36
    endloop
  endfacet
  facet normal 0 0 1
    outer loop
      vertex 87.9244 -7.86949 36
      vertex 90.1618 -7.2188 36
      vertex 88.8077 -7.21887 36
    endloop
  endfacet
  facet normal 0 0 1
    outer loop
      vertex 90.1812 -12.6373 36
      vertex 87.9264 -11.7357 36
      vertex 88.8276 -12.6375 36
    endloop
  endfacet
  facet normal 0 0 1
    outer loop
      vertex 87.9244 -7.86949 36
      vertex 88.8077 -7.21887 36
      vertex 88.632 -7.20985 36
    endloop
  endfacet
  facet normal 0 0 1
    outer loop
      vertex 88.8276 -12.6375 36
      vertex 87.9264 -11.7357 36
      vertex 88.6752 -12.6247 36
    endloop
  endfacet
  facet normal 0 0 1
    outer loop
      vertex 87.9244 -7.86949 36
      vertex 88.632 -7.20985 36
      vertex 88.4185 -7.17784 36
    endloop
  endfacet
  facet normal 0 0 1
    outer loop
      vertex 88.6752 -12.6247 36
      vertex 87.9264 -11.7357 36
      vertex 88.5309 -12.5874 36
    endloop
  endfacet
  facet normal 0 0 1
    outer loop
      vertex 88.5309 -12.5874 36
      vertex 87.9264 -11.7357 36
      vertex 88.397 -12.528 36
    endloop
  endfacet
  facet normal 0 0 1
    outer loop
      vertex 87.9244 -7.86949 36
      vertex 88.4185 -7.17784 36
      vertex 88.1926 -7.1174 36
    endloop
  endfacet
  facet normal 0 0 1
    outer loop
      vertex 91.0645 -7.89279 36
      vertex 87.9244 -7.86949 36
      vertex 87.9264 -11.7357 36
    endloop
  endfacet
  facet normal 0 0 1
    outer loop
      vertex 88.397 -12.528 36
      vertex 87.9264 -11.7357 36
      vertex 88.2593 -12.4355 36
    endloop
  endfacet
  facet normal 0 0 1
    outer loop
      vertex 87.9244 -7.86949 36
      vertex 88.1926 -7.1174 36
      vertex 87.997 -7.04092 36
    endloop
  endfacet
  facet normal 0 0 1
    outer loop
      vertex 88.2593 -12.4355 36
      vertex 87.9264 -11.7357 36
      vertex 88.1412 -12.32 36
    endloop
  endfacet
  facet normal 0 0 1
    outer loop
      vertex 88.1412 -12.32 36
      vertex 87.9264 -11.7357 36
      vertex 88.0563 -12.2024 36
    endloop
  endfacet
  facet normal 0 0 1
    outer loop
      vertex 88.0563 -12.2024 36
      vertex 87.9264 -11.7357 36
      vertex 87.9834 -12.0522 36
    endloop
  endfacet
  facet normal 0 0 1
    outer loop
      vertex 87.9834 -12.0522 36
      vertex 87.9264 -11.7357 36
      vertex 87.9429 -11.9093 36
    endloop
  endfacet
  facet normal 0 0 1
    outer loop
      vertex 87.794 -6.93468 36
      vertex 87.9244 -7.86949 36
      vertex 87.997 -7.04092 36
    endloop
  endfacet
  facet normal 0 0 1
    outer loop
      vertex 86.8252 -7.86949 36
      vertex 87.794 -6.93468 36
      vertex 87.6218 -6.81921 36
    endloop
  endfacet
  facet normal 0 0 1
    outer loop
      vertex 86.8252 -7.86949 36
      vertex 87.6218 -6.81921 36
      vertex 87.4476 -6.673 36
    endloop
  endfacet
  facet normal 0 0 1
    outer loop
      vertex 86.8252 -7.86949 36
      vertex 87.4476 -6.673 36
      vertex 87.2909 -6.50836 36
    endloop
  endfacet
  facet normal 0 0 1
    outer loop
      vertex 86.8252 -7.86949 36
      vertex 87.2909 -6.50836 36
      vertex 87.1534 -6.32697 36
    endloop
  endfacet
  facet normal 0 0 1
    outer loop
      vertex 86.8252 -7.86949 36
      vertex 87.1534 -6.32697 36
      vertex 87.0367 -6.13037 36
    endloop
  endfacet
  facet normal 0 0 1
    outer loop
      vertex 87.794 -6.93468 36
      vertex 86.8252 -7.86949 36
      vertex 87.9244 -7.86949 36
    endloop
  endfacet
  facet normal 0 0 1
    outer loop
      vertex 86.8148 -7.88019 36
      vertex 87.0367 -6.13037 36
      vertex 86.9502 -5.93991 36
    endloop
  endfacet
  facet normal 0 0 1
    outer loop
      vertex 86.8148 -7.88019 36
      vertex 86.9502 -5.93991 36
      vertex 86.878 -5.71896 36
    endloop
  endfacet
  facet normal 0 0 1
    outer loop
      vertex 86.8148 -7.88019 36
      vertex 86.878 -5.71896 36
      vertex 86.8346 -5.50916 36
    endloop
  endfacet
  facet normal 0 0 1
    outer loop
      vertex 87.0367 -6.13037 36
      vertex 86.8148 -7.88019 36
      vertex 86.8252 -7.86949 36
    endloop
  endfacet
  facet normal 0 0 1
    outer loop
      vertex 74.1 -15.1855 36
      vertex 86.8346 -5.50916 36
      vertex 86.8121 -5.22566 36
    endloop
  endfacet
  facet normal 0 0 1
    outer loop
      vertex 91.1659 3.23381 36
      vertex 91.1606 3.08344 36
      vertex 91.1732 3.16225 36
    endloop
  endfacet
  facet normal 0 0 1
    outer loop
      vertex 91.0917 3.37143 36
      vertex 91.1659 3.23381 36
      vertex 91.1366 3.31183 36
    endloop
  endfacet
  facet normal 0 0 1
    outer loop
      vertex 91.0477 3.40759 36
      vertex 91.1659 3.23381 36
      vertex 91.0917 3.37143 36
    endloop
  endfacet
  facet normal 0 0 1
    outer loop
      vertex 91.1659 3.23381 36
      vertex 91.0477 3.40759 36
      vertex 91.1606 3.08344 36
    endloop
  endfacet
  facet normal 0 0 1
    outer loop
      vertex 91.1606 3.08344 36
      vertex 91.0896 2.96565 36
      vertex 91.1353 3.02441 36
    endloop
  endfacet
  facet normal 0 0 1
    outer loop
      vertex 91.0451 2.93033 36
      vertex 91.1606 3.08344 36
      vertex 91.0477 3.40759 36
    endloop
  endfacet
  facet normal 0 0 1
    outer loop
      vertex 91.1606 3.08344 36
      vertex 91.0451 2.93033 36
      vertex 91.0896 2.96565 36
    endloop
  endfacet
  facet normal 0 0 1
    outer loop
      vertex 91.0477 3.40759 36
      vertex 86.8268 0.381836 36
      vertex 91.0451 2.93033 36
    endloop
  endfacet
  facet normal 0 0 1
    outer loop
      vertex 86.8148 6.05214 36
      vertex 86.8268 0.381836 36
      vertex 91.0477 3.40759 36
    endloop
  endfacet
  facet normal 0 0 1
    outer loop
      vertex 86.8268 0.381836 36
      vertex 86.8148 6.05214 36
      vertex 86.8148 0.367493 36
    endloop
  endfacet
  facet normal -0 0 1
    outer loop
      vertex 87.9301 -5.28941 36
      vertex 88.9836 -6.09464 36
      vertex 88.9805 -2.6154 36
    endloop
  endfacet
  facet normal 0 0 1
    outer loop
      vertex 88.7132 -2.26021 36
      vertex 88.9805 -2.6154 36
      vertex 88.9631 -2.52449 36
    endloop
  endfacet
  facet normal 0 0 1
    outer loop
      vertex 88.8075 -2.30925 36
      vertex 88.9631 -2.52449 36
      vertex 88.9327 -2.44856 36
    endloop
  endfacet
  facet normal 0 0 1
    outer loop
      vertex 88.8075 -2.30925 36
      vertex 88.9327 -2.44856 36
      vertex 88.8764 -2.36836 36
    endloop
  endfacet
  facet normal 0 0 1
    outer loop
      vertex 88.9631 -2.52449 36
      vertex 88.8075 -2.30925 36
      vertex 88.7132 -2.26021 36
    endloop
  endfacet
  facet normal 0 -0 1
    outer loop
      vertex 88.717 -6.10075 36
      vertex 88.9836 -6.09464 36
      vertex 87.9301 -5.28941 36
    endloop
  endfacet
  facet normal 0 0 1
    outer loop
      vertex 88.9805 -2.6154 36
      vertex 88.7132 -2.26021 36
      vertex 88.6206 -2.23285 36
    endloop
  endfacet
  facet normal 0 0 1
    outer loop
      vertex 88.9805 -2.6154 36
      vertex 88.6206 -2.23285 36
      vertex 88.5164 -2.21906 36
    endloop
  endfacet
  facet normal 0 0 1
    outer loop
      vertex 88.9836 -6.09464 36
      vertex 88.717 -6.10075 36
      vertex 88.9753 -6.10744 36
    endloop
  endfacet
  facet normal 0 0 1
    outer loop
      vertex 88.9805 -2.6154 36
      vertex 88.5164 -2.21906 36
      vertex 87.9264 -2.72185 36
    endloop
  endfacet
  facet normal 0 0 1
    outer loop
      vertex 88.717 -6.10075 36
      vertex 87.9301 -5.28941 36
      vertex 88.5699 -6.07007 36
    endloop
  endfacet
  facet normal 0 0 1
    outer loop
      vertex 87.9264 -2.72185 36
      vertex 88.5164 -2.21906 36
      vertex 88.3739 -2.22046 36
    endloop
  endfacet
  facet normal 0 0 1
    outer loop
      vertex 88.5699 -6.07007 36
      vertex 87.9301 -5.28941 36
      vertex 88.4326 -6.01639 36
    endloop
  endfacet
  facet normal 0 0 1
    outer loop
      vertex 87.9264 -2.72185 36
      vertex 88.3739 -2.22046 36
      vertex 88.2859 -2.23531 36
    endloop
  endfacet
  facet normal 0 0 1
    outer loop
      vertex 87.9337 -2.61533 36
      vertex 88.2859 -2.23531 36
      vertex 88.1954 -2.26549 36
    endloop
  endfacet
  facet normal 0 0 1
    outer loop
      vertex 88.4326 -6.01639 36
      vertex 87.9301 -5.28941 36
      vertex 88.3072 -5.94188 36
    endloop
  endfacet
  facet normal 0 0 1
    outer loop
      vertex 87.9337 -2.61533 36
      vertex 88.1954 -2.26549 36
      vertex 88.1204 -2.30615 36
    endloop
  endfacet
  facet normal 0 0 1
    outer loop
      vertex 88.3072 -5.94188 36
      vertex 87.9301 -5.28941 36
      vertex 88.1813 -5.83401 36
    endloop
  endfacet
  facet normal 0 0 1
    outer loop
      vertex 87.9773 -2.46996 36
      vertex 88.1204 -2.30615 36
      vertex 88.0667 -2.34851 36
    endloop
  endfacet
  facet normal 0 0 1
    outer loop
      vertex 87.9773 -2.46996 36
      vertex 88.0667 -2.34851 36
      vertex 88.0181 -2.40262 36
    endloop
  endfacet
  facet normal 0 0 1
    outer loop
      vertex 88.9805 -2.6154 36
      vertex 87.9264 -2.72185 36
      vertex 87.9301 -5.28941 36
    endloop
  endfacet
  facet normal 0 0 1
    outer loop
      vertex 88.1204 -2.30615 36
      vertex 87.9773 -2.46996 36
      vertex 87.9337 -2.61533 36
    endloop
  endfacet
  facet normal 0 0 1
    outer loop
      vertex 88.1813 -5.83401 36
      vertex 87.9301 -5.28941 36
      vertex 88.0771 -5.70503 36
    endloop
  endfacet
  facet normal 0 0 1
    outer loop
      vertex 88.2859 -2.23531 36
      vertex 87.9337 -2.61533 36
      vertex 87.9264 -2.72185 36
    endloop
  endfacet
  facet normal 0 0 1
    outer loop
      vertex 88.0771 -5.70503 36
      vertex 87.9301 -5.28941 36
      vertex 88.0062 -5.57733 36
    endloop
  endfacet
  facet normal 0 0 1
    outer loop
      vertex 88.0062 -5.57733 36
      vertex 87.9301 -5.28941 36
      vertex 87.9565 -5.4381 36
    endloop
  endfacet
  facet normal -0.639505 0.301789 0.707077
    outer loop
      vertex 74.1243 15.294 36
      vertex 73.5945 15.5771 35.4
      vertex 74.1159 15.2762 36
    endloop
  endfacet
  facet normal 0.243373 -0.663745 0.707257
    outer loop
      vertex 104.776 -15.3841 36
      vertex 104.758 -15.3907 36
      vertex 105.006 -15.9391 35.4
    endloop
  endfacet
  facet normal 0.906835 0.421487 0
    outer loop
      vertex 105.439 15.5061 35.4
      vertex 105.406 15.5771 6
      vertex 105.406 15.5771 35.4
    endloop
  endfacet
  facet normal 0.906835 0.421487 0
    outer loop
      vertex 105.406 15.5771 6
      vertex 105.439 15.5061 35.4
      vertex 105.439 15.5061 6
    endloop
  endfacet
  facet normal 0.685978 0.171269 0.707178
    outer loop
      vertex 105.466 15.4322 35.4
      vertex 104.891 15.2578 36
      vertex 105.485 15.3561 35.4
    endloop
  endfacet
  facet normal 0.641126 0.297988 0.70722
    outer loop
      vertex 105.406 15.5771 35.4
      vertex 104.884 15.2762 36
      vertex 105.439 15.5061 35.4
    endloop
  endfacet
  facet normal 0.74571 -0.66627 0
    outer loop
      vertex 105.266 -15.7657 35.4
      vertex 105.318 -15.7075 6
      vertex 105.318 -15.7075 35.4
    endloop
  endfacet
  facet normal 0.74571 -0.66627 0
    outer loop
      vertex 105.318 -15.7075 6
      vertex 105.266 -15.7657 35.4
      vertex 105.266 -15.7657 6
    endloop
  endfacet
  facet normal 0.801524 -0.597962 0
    outer loop
      vertex 105.318 -15.7075 35.4
      vertex 105.365 -15.6445 6
      vertex 105.365 -15.6445 35.4
    endloop
  endfacet
  facet normal 0.801524 -0.597962 0
    outer loop
      vertex 105.365 -15.6445 6
      vertex 105.318 -15.7075 35.4
      vertex 105.318 -15.7075 6
    endloop
  endfacet
  facet normal 0.998701 -0.0509541 0
    outer loop
      vertex 105.496 -15.2784 35.4
      vertex 105.5 -15.2 6
      vertex 105.5 -15.2 35.4
    endloop
  endfacet
  facet normal 0.998701 -0.0509541 0
    outer loop
      vertex 105.5 -15.2 6
      vertex 105.496 -15.2784 35.4
      vertex 105.496 -15.2784 6
    endloop
  endfacet
  facet normal 0.906835 -0.421487 0
    outer loop
      vertex 105.406 -15.5771 35.4
      vertex 105.439 -15.5061 6
      vertex 105.439 -15.5061 35.4
    endloop
  endfacet
  facet normal 0.906835 -0.421487 0
    outer loop
      vertex 105.439 -15.5061 6
      vertex 105.406 -15.5771 35.4
      vertex 105.406 -15.5771 6
    endloop
  endfacet
  facet normal 0.970217 0.242236 0
    outer loop
      vertex 105.485 15.3561 35.4
      vertex 105.466 15.4322 6
      vertex 105.466 15.4322 35.4
    endloop
  endfacet
  facet normal 0.970217 0.242236 0
    outer loop
      vertex 105.466 15.4322 6
      vertex 105.485 15.3561 35.4
      vertex 105.485 15.3561 6
    endloop
  endfacet
  facet normal 0.854345 0.519706 0
    outer loop
      vertex 105.406 15.5771 35.4
      vertex 105.365 15.6445 6
      vertex 105.365 15.6445 35.4
    endloop
  endfacet
  facet normal 0.854345 0.519706 0
    outer loop
      vertex 105.365 15.6445 6
      vertex 105.406 15.5771 35.4
      vertex 105.406 15.5771 6
    endloop
  endfacet
  facet normal 0.59027 -0.807206 0
    outer loop
      vertex 105.144 -15.8652 6
      vertex 105.208 -15.8184 35.4
      vertex 105.144 -15.8652 35.4
    endloop
  endfacet
  facet normal 0.59027 -0.807206 0
    outer loop
      vertex 105.208 -15.8184 35.4
      vertex 105.144 -15.8652 6
      vertex 105.208 -15.8184 6
    endloop
  endfacet
  facet normal -0.513184 0.858278 0
    outer loop
      vertex 73.9229 15.9055 6
      vertex 73.8555 15.8652 35.4
      vertex 73.9229 15.9055 35.4
    endloop
  endfacet
  facet normal -0.513184 0.858278 0
    outer loop
      vertex 73.8555 15.8652 35.4
      vertex 73.9229 15.9055 6
      vertex 73.8555 15.8652 6
    endloop
  endfacet
  facet normal -0.237896 0.665928 0.707068
    outer loop
      vertex 74.0678 15.9655 35.4
      vertex 73.9939 15.9391 35.4
      vertex 74.2421 15.3907 36
    endloop
  endfacet
  facet normal -0.172143 0.68587 0.707071
    outer loop
      vertex 74.1439 15.9846 35.4
      vertex 74.0678 15.9655 35.4
      vertex 74.2421 15.3907 36
    endloop
  endfacet
  facet normal -0.0351319 0.706241 0.7071
    outer loop
      vertex 74.3 16 35.4
      vertex 74.2216 15.9961 35.4
      vertex 74.2805 15.3983 36
    endloop
  endfacet
  facet normal 0.336014 0.941857 -0
    outer loop
      vertex 105.006 15.9391 6
      vertex 104.932 15.9655 35.4
      vertex 105.006 15.9391 35.4
    endloop
  endfacet
  facet normal 0.336014 0.941857 0
    outer loop
      vertex 104.932 15.9655 35.4
      vertex 105.006 15.9391 6
      vertex 104.932 15.9655 6
    endloop
  endfacet
  facet normal -0.998827 -0.0484126 0
    outer loop
      vertex 73.5038 -15.2784 6
      vertex 73.5 -15.2 35.4
      vertex 73.5 -15.2 6
    endloop
  endfacet
  facet normal -0.998827 -0.0484126 0
    outer loop
      vertex 73.5 -15.2 35.4
      vertex 73.5038 -15.2784 6
      vertex 73.5038 -15.2784 35.4
    endloop
  endfacet
  facet normal -0.989039 0.147656 0
    outer loop
      vertex 73.5038 15.2784 6
      vertex 73.5154 15.3561 35.4
      vertex 73.5154 15.3561 6
    endloop
  endfacet
  facet normal -0.989039 0.147656 0
    outer loop
      vertex 73.5154 15.3561 35.4
      vertex 73.5038 15.2784 6
      vertex 73.5038 15.2784 35.4
    endloop
  endfacet
  facet normal -0.998827 0.0484126 0
    outer loop
      vertex 73.5 15.2 6
      vertex 73.5038 15.2784 35.4
      vertex 73.5038 15.2784 6
    endloop
  endfacet
  facet normal -0.998827 0.0484126 0
    outer loop
      vertex 73.5038 15.2784 35.4
      vertex 73.5 15.2 6
      vertex 73.5 15.2 35.4
    endloop
  endfacet
  facet normal -0.103526 -0.699473 0.707121
    outer loop
      vertex 74.2612 -15.3954 36
      vertex 74.1439 -15.9846 35.4
      vertex 74.2216 -15.9961 35.4
    endloop
  endfacet
  facet normal -0.0352084 -0.70624 0.707097
    outer loop
      vertex 74.3146 -15.4 36
      vertex 74.2805 -15.3983 36
      vertex 74.3 -16 35.4
    endloop
  endfacet
  facet normal -0.941309 -0.337546 0
    outer loop
      vertex 73.5609 -15.5061 6
      vertex 73.5344 -15.4322 35.4
      vertex 73.5344 -15.4322 6
    endloop
  endfacet
  facet normal -0.941309 -0.337546 0
    outer loop
      vertex 73.5344 -15.4322 35.4
      vertex 73.5609 -15.5061 6
      vertex 73.5609 -15.5061 35.4
    endloop
  endfacet
  facet normal -0.606889 -0.362873 0.707113
    outer loop
      vertex 74.1343 -15.3107 36
      vertex 73.5945 -15.5771 35.4
      vertex 73.6348 -15.6445 35.4
    endloop
  endfacet
  facet normal -0.105077 -0.699306 0.707057
    outer loop
      vertex 74.2612 -15.3954 36
      vertex 74.2216 -15.9961 35.4
      vertex 74.2805 -15.3983 36
    endloop
  endfacet
  facet normal -0.567405 -0.421916 0.707134
    outer loop
      vertex 74.1343 -15.3107 36
      vertex 73.6816 -15.7075 35.4
      vertex 74.1459 -15.3263 36
    endloop
  endfacet
  facet normal -0.60667 0.363275 0.707095
    outer loop
      vertex 74.1343 15.3107 36
      vertex 73.5945 15.5771 35.4
      vertex 74.1243 15.294 36
    endloop
  endfacet
  facet normal -0.474632 -0.524167 0.707088
    outer loop
      vertex 74.1736 -15.3541 36
      vertex 73.7343 -15.7657 35.4
      vertex 73.7925 -15.8184 35.4
    endloop
  endfacet
  facet normal -0.639505 -0.301789 0.707077
    outer loop
      vertex 74.1159 -15.2762 36
      vertex 73.5945 -15.5771 35.4
      vertex 74.1243 -15.294 36
    endloop
  endfacet
  facet normal 0.685978 -0.171269 0.707178
    outer loop
      vertex 105.485 -15.3561 35.4
      vertex 104.891 -15.2578 36
      vertex 105.466 -15.4322 35.4
    endloop
  endfacet
  facet normal 0.664204 -0.242673 0.707066
    outer loop
      vertex 105.466 -15.4322 35.4
      vertex 104.891 -15.2578 36
      vertex 105.439 -15.5061 35.4
    endloop
  endfacet
  facet normal -0.686034 0.171283 0.707121
    outer loop
      vertex 73.5344 15.4322 35.4
      vertex 73.5154 15.3561 35.4
      vertex 74.1093 15.2578 36
    endloop
  endfacet
  facet normal 0.698745 0.108613 0.707078
    outer loop
      vertex 105.496 15.2784 35.4
      vertex 104.895 15.2388 36
      vertex 104.898 15.2195 36
    endloop
  endfacet
  facet normal 0.706056 0.0360233 0.707239
    outer loop
      vertex 105.496 15.2784 35.4
      vertex 104.898 15.2195 36
      vertex 105.5 15.2 35.4
    endloop
  endfacet
  facet normal 0.998701 0.0509541 0
    outer loop
      vertex 105.5 15.2 35.4
      vertex 105.496 15.2784 6
      vertex 105.496 15.2784 35.4
    endloop
  endfacet
  facet normal 0.998701 0.0509541 0
    outer loop
      vertex 105.496 15.2784 6
      vertex 105.5 15.2 35.4
      vertex 105.5 15.2 6
    endloop
  endfacet
  facet normal 0.672482 -0.740113 0
    outer loop
      vertex 105.208 -15.8184 6
      vertex 105.266 -15.7657 35.4
      vertex 105.208 -15.8184 35.4
    endloop
  endfacet
  facet normal 0.672482 -0.740113 0
    outer loop
      vertex 105.266 -15.7657 35.4
      vertex 105.208 -15.8184 6
      vertex 105.266 -15.7657 6
    endloop
  endfacet
  facet normal 0 0 -1
    outer loop
      vertex 104.7 -16 6
      vertex 105.5 -15.2 6
      vertex 105.496 -15.2784 6
    endloop
  endfacet
  facet normal -0 0 -1
    outer loop
      vertex 105.5 -15.2 6
      vertex 104.7 -16 6
      vertex 105.5 15.2 6
    endloop
  endfacet
  facet normal 0 0 -1
    outer loop
      vertex 104.7 -16 6
      vertex 105.496 -15.2784 6
      vertex 105.485 -15.3561 6
    endloop
  endfacet
  facet normal 0 0 -1
    outer loop
      vertex 104.7 16 6
      vertex 105.5 15.2 6
      vertex 104.7 -16 6
    endloop
  endfacet
  facet normal 0 0 -1
    outer loop
      vertex 104.7 -16 6
      vertex 105.485 -15.3561 6
      vertex 105.466 -15.4322 6
    endloop
  endfacet
  facet normal 0 0 -1
    outer loop
      vertex 105.5 15.2 6
      vertex 104.7 16 6
      vertex 105.496 15.2784 6
    endloop
  endfacet
  facet normal 0 0 -1
    outer loop
      vertex 104.7 -16 6
      vertex 105.466 -15.4322 6
      vertex 105.439 -15.5061 6
    endloop
  endfacet
  facet normal 0 0 -1
    outer loop
      vertex 105.496 15.2784 6
      vertex 104.7 16 6
      vertex 105.485 15.3561 6
    endloop
  endfacet
  facet normal 0 0 -1
    outer loop
      vertex 104.7 -16 6
      vertex 105.439 -15.5061 6
      vertex 105.406 -15.5771 6
    endloop
  endfacet
  facet normal 0 0 -1
    outer loop
      vertex 105.485 15.3561 6
      vertex 104.7 16 6
      vertex 105.466 15.4322 6
    endloop
  endfacet
  facet normal 0 0 -1
    outer loop
      vertex 104.7 -16 6
      vertex 105.406 -15.5771 6
      vertex 105.365 -15.6445 6
    endloop
  endfacet
  facet normal 0 0 -1
    outer loop
      vertex 105.466 15.4322 6
      vertex 104.7 16 6
      vertex 105.439 15.5061 6
    endloop
  endfacet
  facet normal 0 0 -1
    outer loop
      vertex 104.7 -16 6
      vertex 105.365 -15.6445 6
      vertex 105.318 -15.7075 6
    endloop
  endfacet
  facet normal 0 0 -1
    outer loop
      vertex 105.439 15.5061 6
      vertex 104.7 16 6
      vertex 105.406 15.5771 6
    endloop
  endfacet
  facet normal 0 0 -1
    outer loop
      vertex 104.7 -16 6
      vertex 105.318 -15.7075 6
      vertex 105.266 -15.7657 6
    endloop
  endfacet
  facet normal 0 0 -1
    outer loop
      vertex 105.406 15.5771 6
      vertex 104.7 16 6
      vertex 105.365 15.6445 6
    endloop
  endfacet
  facet normal 0 0 -1
    outer loop
      vertex 104.7 -16 6
      vertex 105.266 -15.7657 6
      vertex 105.208 -15.8184 6
    endloop
  endfacet
  facet normal 0 0 -1
    outer loop
      vertex 105.365 15.6445 6
      vertex 104.7 16 6
      vertex 105.318 15.7075 6
    endloop
  endfacet
  facet normal 0 0 -1
    outer loop
      vertex 104.7 -16 6
      vertex 105.208 -15.8184 6
      vertex 105.144 -15.8652 6
    endloop
  endfacet
  facet normal 0 0 -1
    outer loop
      vertex 105.318 15.7075 6
      vertex 104.7 16 6
      vertex 105.266 15.7657 6
    endloop
  endfacet
  facet normal 0 0 -1
    outer loop
      vertex 104.7 -16 6
      vertex 105.144 -15.8652 6
      vertex 105.077 -15.9055 6
    endloop
  endfacet
  facet normal 0 0 -1
    outer loop
      vertex 105.266 15.7657 6
      vertex 104.7 16 6
      vertex 105.208 15.8184 6
    endloop
  endfacet
  facet normal 0 0 -1
    outer loop
      vertex 104.7 -16 6
      vertex 105.077 -15.9055 6
      vertex 105.006 -15.9391 6
    endloop
  endfacet
  facet normal 0 0 -1
    outer loop
      vertex 105.208 15.8184 6
      vertex 104.7 16 6
      vertex 105.144 15.8652 6
    endloop
  endfacet
  facet normal 0 0 -1
    outer loop
      vertex 104.7 -16 6
      vertex 105.006 -15.9391 6
      vertex 104.932 -15.9655 6
    endloop
  endfacet
  facet normal 0 0 -1
    outer loop
      vertex 105.144 15.8652 6
      vertex 104.7 16 6
      vertex 105.077 15.9055 6
    endloop
  endfacet
  facet normal 0 0 -1
    outer loop
      vertex 104.7 -16 6
      vertex 104.932 -15.9655 6
      vertex 104.856 -15.9846 6
    endloop
  endfacet
  facet normal 0 0 -1
    outer loop
      vertex 105.077 15.9055 6
      vertex 104.7 16 6
      vertex 105.006 15.9391 6
    endloop
  endfacet
  facet normal 0 0 -1
    outer loop
      vertex 104.7 -16 6
      vertex 104.856 -15.9846 6
      vertex 104.778 -15.9961 6
    endloop
  endfacet
  facet normal 0 0 -1
    outer loop
      vertex 105.006 15.9391 6
      vertex 104.7 16 6
      vertex 104.932 15.9655 6
    endloop
  endfacet
  facet normal 0 0 -1
    outer loop
      vertex 104.932 15.9655 6
      vertex 104.7 16 6
      vertex 104.856 15.9846 6
    endloop
  endfacet
  facet normal 0 0 -1
    outer loop
      vertex 104.856 15.9846 6
      vertex 104.7 16 6
      vertex 104.778 15.9961 6
    endloop
  endfacet
  facet normal 0 0 -1
    outer loop
      vertex 74.3 -16 6
      vertex 104.7 16 6
      vertex 104.7 -16 6
    endloop
  endfacet
  facet normal 0 0 -1
    outer loop
      vertex 74.3 -16 6
      vertex 74.3 16 6
      vertex 104.7 16 6
    endloop
  endfacet
  facet normal 0 0 -1
    outer loop
      vertex 73.5 -15.2 6
      vertex 74.3 -16 6
      vertex 74.2216 -15.9961 6
    endloop
  endfacet
  facet normal 0 0 -1
    outer loop
      vertex 74.3 -16 6
      vertex 73.5 -15.2 6
      vertex 74.3 16 6
    endloop
  endfacet
  facet normal 0 0 -1
    outer loop
      vertex 73.5 -15.2 6
      vertex 74.2216 -15.9961 6
      vertex 74.1439 -15.9846 6
    endloop
  endfacet
  facet normal 0 0 -1
    outer loop
      vertex 73.5 15.2 6
      vertex 74.3 16 6
      vertex 73.5 -15.2 6
    endloop
  endfacet
  facet normal 0 0 -1
    outer loop
      vertex 73.5 -15.2 6
      vertex 74.1439 -15.9846 6
      vertex 74.0678 -15.9655 6
    endloop
  endfacet
  facet normal 0 0 -1
    outer loop
      vertex 74.3 16 6
      vertex 73.5 15.2 6
      vertex 74.2216 15.9961 6
    endloop
  endfacet
  facet normal 0 0 -1
    outer loop
      vertex 73.5 -15.2 6
      vertex 74.0678 -15.9655 6
      vertex 73.9939 -15.9391 6
    endloop
  endfacet
  facet normal 0 0 -1
    outer loop
      vertex 74.2216 15.9961 6
      vertex 73.5 15.2 6
      vertex 74.1439 15.9846 6
    endloop
  endfacet
  facet normal 0 0 -1
    outer loop
      vertex 73.5 -15.2 6
      vertex 73.9939 -15.9391 6
      vertex 73.9229 -15.9055 6
    endloop
  endfacet
  facet normal 0 0 -1
    outer loop
      vertex 74.1439 15.9846 6
      vertex 73.5 15.2 6
      vertex 74.0678 15.9655 6
    endloop
  endfacet
  facet normal 0 0 -1
    outer loop
      vertex 73.5 -15.2 6
      vertex 73.9229 -15.9055 6
      vertex 73.8555 -15.8652 6
    endloop
  endfacet
  facet normal 0 0 -1
    outer loop
      vertex 74.0678 15.9655 6
      vertex 73.5 15.2 6
      vertex 73.9939 15.9391 6
    endloop
  endfacet
  facet normal 0 0 -1
    outer loop
      vertex 73.5 -15.2 6
      vertex 73.8555 -15.8652 6
      vertex 73.7925 -15.8184 6
    endloop
  endfacet
  facet normal 0 0 -1
    outer loop
      vertex 73.9939 15.9391 6
      vertex 73.5 15.2 6
      vertex 73.9229 15.9055 6
    endloop
  endfacet
  facet normal 0 0 -1
    outer loop
      vertex 73.5 -15.2 6
      vertex 73.7925 -15.8184 6
      vertex 73.7343 -15.7657 6
    endloop
  endfacet
  facet normal 0 0 -1
    outer loop
      vertex 73.9229 15.9055 6
      vertex 73.5 15.2 6
      vertex 73.8555 15.8652 6
    endloop
  endfacet
  facet normal 0 0 -1
    outer loop
      vertex 73.5 -15.2 6
      vertex 73.7343 -15.7657 6
      vertex 73.6816 -15.7075 6
    endloop
  endfacet
  facet normal 0 0 -1
    outer loop
      vertex 73.8555 15.8652 6
      vertex 73.5 15.2 6
      vertex 73.7925 15.8184 6
    endloop
  endfacet
  facet normal 0 0 -1
    outer loop
      vertex 73.5 -15.2 6
      vertex 73.6816 -15.7075 6
      vertex 73.6348 -15.6445 6
    endloop
  endfacet
  facet normal 0 0 -1
    outer loop
      vertex 73.7925 15.8184 6
      vertex 73.5 15.2 6
      vertex 73.7343 15.7657 6
    endloop
  endfacet
  facet normal 0 0 -1
    outer loop
      vertex 73.5 -15.2 6
      vertex 73.6348 -15.6445 6
      vertex 73.5945 -15.5771 6
    endloop
  endfacet
  facet normal 0 0 -1
    outer loop
      vertex 73.7343 15.7657 6
      vertex 73.5 15.2 6
      vertex 73.6816 15.7075 6
    endloop
  endfacet
  facet normal 0 0 -1
    outer loop
      vertex 73.5 -15.2 6
      vertex 73.5945 -15.5771 6
      vertex 73.5609 -15.5061 6
    endloop
  endfacet
  facet normal 0 0 -1
    outer loop
      vertex 73.6816 15.7075 6
      vertex 73.5 15.2 6
      vertex 73.6348 15.6445 6
    endloop
  endfacet
  facet normal 0 0 -1
    outer loop
      vertex 73.5 -15.2 6
      vertex 73.5609 -15.5061 6
      vertex 73.5344 -15.4322 6
    endloop
  endfacet
  facet normal 0 0 -1
    outer loop
      vertex 73.6348 15.6445 6
      vertex 73.5 15.2 6
      vertex 73.5945 15.5771 6
    endloop
  endfacet
  facet normal 0 0 -1
    outer loop
      vertex 73.5 -15.2 6
      vertex 73.5344 -15.4322 6
      vertex 73.5154 -15.3561 6
    endloop
  endfacet
  facet normal 0 0 -1
    outer loop
      vertex 73.5945 15.5771 6
      vertex 73.5 15.2 6
      vertex 73.5609 15.5061 6
    endloop
  endfacet
  facet normal 0 0 -1
    outer loop
      vertex 73.5 -15.2 6
      vertex 73.5154 -15.3561 6
      vertex 73.5038 -15.2784 6
    endloop
  endfacet
  facet normal 0 0 -1
    outer loop
      vertex 73.5609 15.5061 6
      vertex 73.5 15.2 6
      vertex 73.5344 15.4322 6
    endloop
  endfacet
  facet normal 0 0 -1
    outer loop
      vertex 73.5344 15.4322 6
      vertex 73.5 15.2 6
      vertex 73.5154 15.3561 6
    endloop
  endfacet
  facet normal 0 0 -1
    outer loop
      vertex 73.5154 15.3561 6
      vertex 73.5 15.2 6
      vertex 73.5038 15.2784 6
    endloop
  endfacet
  facet normal 0.364567 -0.606103 0.706916
    outer loop
      vertex 105.144 -15.8652 35.4
      vertex 104.811 -15.3657 36
      vertex 105.077 -15.9055 35.4
    endloop
  endfacet
  facet normal 0.427758 -0.903893 0
    outer loop
      vertex 105.006 -15.9391 6
      vertex 105.077 -15.9055 35.4
      vertex 105.006 -15.9391 35.4
    endloop
  endfacet
  facet normal 0.427758 -0.903893 0
    outer loop
      vertex 105.077 -15.9055 35.4
      vertex 105.006 -15.9391 6
      vertex 105.077 -15.9055 6
    endloop
  endfacet
  facet normal -0.243435 0.969917 0
    outer loop
      vertex 74.1439 15.9846 6
      vertex 74.0678 15.9655 35.4
      vertex 74.1439 15.9846 35.4
    endloop
  endfacet
  facet normal -0.243435 0.969917 0
    outer loop
      vertex 74.0678 15.9655 35.4
      vertex 74.1439 15.9846 6
      vertex 74.0678 15.9655 6
    endloop
  endfacet
  facet normal 0.939273 -0.343171 0
    outer loop
      vertex 105.439 -15.5061 35.4
      vertex 105.466 -15.4322 6
      vertex 105.466 -15.4322 35.4
    endloop
  endfacet
  facet normal 0.939273 -0.343171 0
    outer loop
      vertex 105.466 -15.4322 6
      vertex 105.439 -15.5061 35.4
      vertex 105.439 -15.5061 6
    endloop
  endfacet
  facet normal -0.671213 -0.741264 0
    outer loop
      vertex 73.7343 -15.7657 6
      vertex 73.7925 -15.8184 35.4
      vertex 73.7343 -15.7657 35.4
    endloop
  endfacet
  facet normal -0.671213 -0.741264 -0
    outer loop
      vertex 73.7925 -15.8184 35.4
      vertex 73.7343 -15.7657 6
      vertex 73.7925 -15.8184 6
    endloop
  endfacet
  facet normal 0.427758 0.903893 -0
    outer loop
      vertex 105.077 15.9055 6
      vertex 105.006 15.9391 35.4
      vertex 105.077 15.9055 35.4
    endloop
  endfacet
  facet normal 0.427758 0.903893 0
    outer loop
      vertex 105.006 15.9391 35.4
      vertex 105.077 15.9055 6
      vertex 105.006 15.9391 6
    endloop
  endfacet
  facet normal 0.243736 0.969841 -0
    outer loop
      vertex 104.932 15.9655 6
      vertex 104.856 15.9846 35.4
      vertex 104.932 15.9655 35.4
    endloop
  endfacet
  facet normal 0.243736 0.969841 0
    outer loop
      vertex 104.856 15.9846 35.4
      vertex 104.932 15.9655 6
      vertex 104.856 15.9846 6
    endloop
  endfacet
  facet normal 0.358476 -0.609409 0.707189
    outer loop
      vertex 104.811 -15.3657 36
      vertex 104.794 -15.3757 36
      vertex 105.077 -15.9055 35.4
    endloop
  endfacet
  facet normal -0.420233 -0.568763 0.707045
    outer loop
      vertex 74.1736 -15.3541 36
      vertex 73.7925 -15.8184 35.4
      vertex 74.1893 -15.3657 36
    endloop
  endfacet
  facet normal 0.172366 -0.685853 0.707033
    outer loop
      vertex 104.932 -15.9655 35.4
      vertex 104.758 -15.3907 36
      vertex 104.856 -15.9846 35.4
    endloop
  endfacet
  facet normal 0.299082 -0.64089 0.706973
    outer loop
      vertex 104.794 -15.3757 36
      vertex 104.776 -15.3841 36
      vertex 105.077 -15.9055 35.4
    endloop
  endfacet
  facet normal -0.524516 -0.47422 0.707105
    outer loop
      vertex 74.1459 -15.3263 36
      vertex 73.7343 -15.7657 35.4
      vertex 74.1591 -15.3409 36
    endloop
  endfacet
  facet normal -0.475972 -0.522848 0.707164
    outer loop
      vertex 74.1591 -15.3409 36
      vertex 73.7343 -15.7657 35.4
      vertex 74.1736 -15.3541 36
    endloop
  endfacet
  facet normal 0.336014 -0.941857 0
    outer loop
      vertex 104.932 -15.9655 6
      vertex 105.006 -15.9391 35.4
      vertex 104.932 -15.9655 35.4
    endloop
  endfacet
  facet normal 0.336014 -0.941857 0
    outer loop
      vertex 105.006 -15.9391 35.4
      vertex 104.932 -15.9655 6
      vertex 105.006 -15.9391 6
    endloop
  endfacet
  facet normal 0.103141 -0.699565 0.707086
    outer loop
      vertex 104.856 -15.9846 35.4
      vertex 104.739 -15.3954 36
      vertex 104.778 -15.9961 35.4
    endloop
  endfacet
  facet normal 0.43222 -0.558905 0.70768
    outer loop
      vertex 104.826 -15.3541 36
      vertex 104.811 -15.3657 36
      vertex 105.208 -15.8184 35.4
    endloop
  endfacet
  facet normal 0.417467 0.570896 0.706965
    outer loop
      vertex 105.144 15.8652 35.4
      vertex 104.811 15.3657 36
      vertex 105.208 15.8184 35.4
    endloop
  endfacet
  facet normal 0.43222 0.558905 0.70768
    outer loop
      vertex 105.208 15.8184 35.4
      vertex 104.811 15.3657 36
      vertex 104.826 15.3541 36
    endloop
  endfacet
  facet normal -0.970217 -0.242236 0
    outer loop
      vertex 73.5344 -15.4322 6
      vertex 73.5154 -15.3561 35.4
      vertex 73.5154 -15.3561 6
    endloop
  endfacet
  facet normal -0.970217 -0.242236 0
    outer loop
      vertex 73.5154 -15.3561 35.4
      vertex 73.5344 -15.4322 6
      vertex 73.5344 -15.4322 35.4
    endloop
  endfacet
  facet normal 0.103141 0.699565 0.707086
    outer loop
      vertex 104.778 15.9961 35.4
      vertex 104.739 15.3954 36
      vertex 104.856 15.9846 35.4
    endloop
  endfacet
  facet normal 0.16979 0.686385 0.70714
    outer loop
      vertex 104.856 15.9846 35.4
      vertex 104.739 15.3954 36
      vertex 104.758 15.3907 36
    endloop
  endfacet
  facet normal -0.989039 -0.147656 0
    outer loop
      vertex 73.5154 -15.3561 6
      vertex 73.5038 -15.2784 35.4
      vertex 73.5038 -15.2784 6
    endloop
  endfacet
  facet normal -0.989039 -0.147656 0
    outer loop
      vertex 73.5038 -15.2784 35.4
      vertex 73.5154 -15.3561 6
      vertex 73.5154 -15.3561 35.4
    endloop
  endfacet
  facet normal 0.672482 0.740113 -0
    outer loop
      vertex 105.266 15.7657 6
      vertex 105.208 15.8184 35.4
      vertex 105.266 15.7657 35.4
    endloop
  endfacet
  facet normal 0.672482 0.740113 0
    outer loop
      vertex 105.208 15.8184 35.4
      vertex 105.266 15.7657 6
      vertex 105.208 15.8184 6
    endloop
  endfacet
  facet normal 0.59027 0.807206 -0
    outer loop
      vertex 105.208 15.8184 6
      vertex 105.144 15.8652 35.4
      vertex 105.208 15.8184 35.4
    endloop
  endfacet
  facet normal 0.59027 0.807206 0
    outer loop
      vertex 105.144 15.8652 35.4
      vertex 105.208 15.8184 6
      vertex 105.144 15.8652 6
    endloop
  endfacet
  facet normal 0.16979 -0.686385 0.70714
    outer loop
      vertex 104.758 -15.3907 36
      vertex 104.739 -15.3954 36
      vertex 104.856 -15.9846 35.4
    endloop
  endfacet
  facet normal 0.302459 0.639125 0.707133
    outer loop
      vertex 105.006 15.9391 35.4
      vertex 104.776 15.3841 36
      vertex 105.077 15.9055 35.4
    endloop
  endfacet
  facet normal 0.299082 0.64089 0.706973
    outer loop
      vertex 105.077 15.9055 35.4
      vertex 104.776 15.3841 36
      vertex 104.794 15.3757 36
    endloop
  endfacet
endsolid OpenSCAD_Model
