solid OpenSCAD_Model
  facet normal 1 -0 0
    outer loop
      vertex 104.7 10.136 20.1048
      vertex 104.7 13.271 17.7
      vertex 104.7 10.136 24.3
    endloop
  endfacet
  facet normal 1 0 0
    outer loop
      vertex 104.7 13.271 17.7
      vertex 104.7 10.136 20.1048
      vertex 104.7 11.2782 17.7
    endloop
  endfacet
  facet normal 1 0 0
    outer loop
      vertex 104.7 7.00099 17.7
      vertex 104.7 10.136 20.1048
      vertex 104.7 10.136 24.3
    endloop
  endfacet
  facet normal 1 0 0
    outer loop
      vertex 104.7 10.136 20.1048
      vertex 104.7 7.00099 17.7
      vertex 104.7 8.99373 17.7
    endloop
  endfacet
  facet normal 1 0 0
    outer loop
      vertex 104.7 -8.63359 21.9765
      vertex 104.7 -7.01674 22.2745
      vertex 104.7 -7.07886 22.4795
    endloop
  endfacet
  facet normal 1 0 0
    outer loop
      vertex 104.7 -8.6519 22.0826
      vertex 104.7 -7.07886 22.4795
      vertex 104.7 -7.1545 22.6739
    endloop
  endfacet
  facet normal 1 0 0
    outer loop
      vertex 104.7 -8.67543 22.1838
      vertex 104.7 -7.1545 22.6739
      vertex 104.7 -7.24364 22.8577
    endloop
  endfacet
  facet normal 1 0 0
    outer loop
      vertex 104.7 -8.70419 22.2801
      vertex 104.7 -7.24364 22.8577
      vertex 104.7 -7.34631 23.0309
    endloop
  endfacet
  facet normal 1 0 0
    outer loop
      vertex 104.7 -8.73819 22.3716
      vertex 104.7 -7.34631 23.0309
      vertex 104.7 -7.46248 23.1935
    endloop
  endfacet
  facet normal 1 0 0
    outer loop
      vertex 104.7 -8.7774 22.4582
      vertex 104.7 -7.46248 23.1935
      vertex 104.7 -7.59218 23.3455
    endloop
  endfacet
  facet normal 1 0 0
    outer loop
      vertex 104.7 -8.82185 22.5399
      vertex 104.7 -7.59218 23.3455
      vertex 104.7 -7.7354 23.4869
    endloop
  endfacet
  facet normal 1 0 0
    outer loop
      vertex 104.7 -8.87155 22.6168
      vertex 104.7 -7.7354 23.4869
      vertex 104.7 -7.89211 23.6177
    endloop
  endfacet
  facet normal 1 0 0
    outer loop
      vertex 104.7 -8.92648 22.6888
      vertex 104.7 -7.89211 23.6177
      vertex 104.7 -8.06038 23.7362
    endloop
  endfacet
  facet normal 1 0 0
    outer loop
      vertex 104.7 -8.98663 22.7559
      vertex 104.7 -8.06038 23.7362
      vertex 104.7 -8.23822 23.8408
    endloop
  endfacet
  facet normal 1 0 0
    outer loop
      vertex 104.7 -9.05232 22.817
      vertex 104.7 -8.23822 23.8408
      vertex 104.7 -8.42567 23.9314
    endloop
  endfacet
  facet normal 1 0 0
    outer loop
      vertex 104.7 -9.12381 22.871
      vertex 104.7 -8.42567 23.9314
      vertex 104.7 -8.6227 24.0081
    endloop
  endfacet
  facet normal 1 0 0
    outer loop
      vertex 104.7 -7.59218 23.3455
      vertex 104.7 -8.82185 22.5399
      vertex 104.7 -8.7774 22.4582
    endloop
  endfacet
  facet normal 1 0 0
    outer loop
      vertex 104.7 -7.01674 22.2745
      vertex 104.7 -8.63359 21.9765
      vertex 104.7 -6.96812 22.0589
    endloop
  endfacet
  facet normal 1 0 0
    outer loop
      vertex 104.7 -7.07886 22.4795
      vertex 104.7 -8.6519 22.0826
      vertex 104.7 -8.63359 21.9765
    endloop
  endfacet
  facet normal 1 0 0
    outer loop
      vertex 104.7 -7.1545 22.6739
      vertex 104.7 -8.67543 22.1838
      vertex 104.7 -8.6519 22.0826
    endloop
  endfacet
  facet normal 1 0 0
    outer loop
      vertex 104.7 -7.24364 22.8577
      vertex 104.7 -8.70419 22.2801
      vertex 104.7 -8.67543 22.1838
    endloop
  endfacet
  facet normal 1 0 0
    outer loop
      vertex 104.7 -7.34631 23.0309
      vertex 104.7 -8.73819 22.3716
      vertex 104.7 -8.70419 22.2801
    endloop
  endfacet
  facet normal 1 0 0
    outer loop
      vertex 104.7 -7.46248 23.1935
      vertex 104.7 -8.7774 22.4582
      vertex 104.7 -8.73819 22.3716
    endloop
  endfacet
  facet normal 1 0 0
    outer loop
      vertex 104.7 -9.20111 22.9177
      vertex 104.7 -8.6227 24.0081
      vertex 104.7 -8.82932 24.0708
    endloop
  endfacet
  facet normal 1 0 0
    outer loop
      vertex 104.7 -7.7354 23.4869
      vertex 104.7 -8.87155 22.6168
      vertex 104.7 -8.82185 22.5399
    endloop
  endfacet
  facet normal 1 0 0
    outer loop
      vertex 104.7 -7.89211 23.6177
      vertex 104.7 -8.92648 22.6888
      vertex 104.7 -8.87155 22.6168
    endloop
  endfacet
  facet normal 1 0 0
    outer loop
      vertex 104.7 -8.06038 23.7362
      vertex 104.7 -8.98663 22.7559
      vertex 104.7 -8.92648 22.6888
    endloop
  endfacet
  facet normal 1 0 0
    outer loop
      vertex 104.7 -9.28424 22.9573
      vertex 104.7 -8.82932 24.0708
      vertex 104.7 -9.04553 24.1196
    endloop
  endfacet
  facet normal 1 0 0
    outer loop
      vertex 104.7 -8.23822 23.8408
      vertex 104.7 -9.05232 22.817
      vertex 104.7 -8.98663 22.7559
    endloop
  endfacet
  facet normal 1 0 0
    outer loop
      vertex 104.7 -8.42567 23.9314
      vertex 104.7 -9.12381 22.871
      vertex 104.7 -9.05232 22.817
    endloop
  endfacet
  facet normal 1 0 0
    outer loop
      vertex 104.7 -8.6227 24.0081
      vertex 104.7 -9.20111 22.9177
      vertex 104.7 -9.12381 22.871
    endloop
  endfacet
  facet normal 1 0 0
    outer loop
      vertex 104.7 -9.37317 22.9896
      vertex 104.7 -9.04553 24.1196
      vertex 104.7 -9.27135 24.1545
    endloop
  endfacet
  facet normal 1 0 0
    outer loop
      vertex 104.7 -8.82932 24.0708
      vertex 104.7 -9.28424 22.9573
      vertex 104.7 -9.20111 22.9177
    endloop
  endfacet
  facet normal 1 0 0
    outer loop
      vertex 104.7 -9.04553 24.1196
      vertex 104.7 -9.37317 22.9896
      vertex 104.7 -9.28424 22.9573
    endloop
  endfacet
  facet normal 1 0 0
    outer loop
      vertex 104.7 -9.27135 24.1545
      vertex 104.7 -9.46793 23.0148
      vertex 104.7 -9.37317 22.9896
    endloop
  endfacet
  facet normal 1 0 0
    outer loop
      vertex 104.7 -9.56848 23.0328
      vertex 104.7 -9.27135 24.1545
      vertex 104.7 -9.50673 24.1754
    endloop
  endfacet
  facet normal 1 0 0
    outer loop
      vertex 104.7 -9.27135 24.1545
      vertex 104.7 -9.56848 23.0328
      vertex 104.7 -9.46793 23.0148
    endloop
  endfacet
  facet normal 1 0 0
    outer loop
      vertex 104.7 -9.50673 24.1754
      vertex 104.7 -9.67485 23.0435
      vertex 104.7 -9.56848 23.0328
    endloop
  endfacet
  facet normal 1 0 0
    outer loop
      vertex 104.7 -9.75172 24.1824
      vertex 104.7 -9.67485 23.0435
      vertex 104.7 -9.50673 24.1754
    endloop
  endfacet
  facet normal 1 0 0
    outer loop
      vertex 104.7 -9.75172 24.1824
      vertex 104.7 -9.78705 23.0471
      vertex 104.7 -9.67485 23.0435
    endloop
  endfacet
  facet normal 1 -0 0
    outer loop
      vertex 104.7 -10.0679 24.1715
      vertex 104.7 -9.78705 23.0471
      vertex 104.7 -9.75172 24.1824
    endloop
  endfacet
  facet normal 1 0 0
    outer loop
      vertex 104.7 -9.78705 23.0471
      vertex 104.7 -10.0679 24.1715
      vertex 104.7 -10.0551 23.0208
    endloop
  endfacet
  facet normal 1 -0 0
    outer loop
      vertex 104.7 -10.3676 24.1389
      vertex 104.7 -10.0551 23.0208
      vertex 104.7 -10.0679 24.1715
    endloop
  endfacet
  facet normal 1 0 0
    outer loop
      vertex 104.7 -10.0551 23.0208
      vertex 104.7 -10.3676 24.1389
      vertex 104.7 -10.2915 22.9417
    endloop
  endfacet
  facet normal 1 -0 0
    outer loop
      vertex 104.7 -10.6509 24.0847
      vertex 104.7 -10.2915 22.9417
      vertex 104.7 -10.3676 24.1389
    endloop
  endfacet
  facet normal 1 -0 0
    outer loop
      vertex 104.7 -10.9177 24.0087
      vertex 104.7 -10.2915 22.9417
      vertex 104.7 -10.6509 24.0847
    endloop
  endfacet
  facet normal 1 0 0
    outer loop
      vertex 104.7 -10.2915 22.9417
      vertex 104.7 -10.9177 24.0087
      vertex 104.7 -10.4965 22.8099
    endloop
  endfacet
  facet normal 1 -0 0
    outer loop
      vertex 104.7 -11.1682 23.9109
      vertex 104.7 -10.4965 22.8099
      vertex 104.7 -10.9177 24.0087
    endloop
  endfacet
  facet normal 1 -0 0
    outer loop
      vertex 104.7 -11.4022 23.7915
      vertex 104.7 -10.4965 22.8099
      vertex 104.7 -11.1682 23.9109
    endloop
  endfacet
  facet normal 1 0 0
    outer loop
      vertex 104.7 -10.4965 22.8099
      vertex 104.7 -11.4022 23.7915
      vertex 104.7 -10.6699 22.6254
    endloop
  endfacet
  facet normal 1 -0 0
    outer loop
      vertex 104.7 -11.6198 23.6504
      vertex 104.7 -10.6699 22.6254
      vertex 104.7 -11.4022 23.7915
    endloop
  endfacet
  facet normal 1 -0 0
    outer loop
      vertex 104.7 -11.821 23.4875
      vertex 104.7 -10.6699 22.6254
      vertex 104.7 -11.6198 23.6504
    endloop
  endfacet
  facet normal 1 -0 0
    outer loop
      vertex 104.7 -12.0058 23.3029
      vertex 104.7 -10.8118 22.3881
      vertex 104.7 -11.821 23.4875
    endloop
  endfacet
  facet normal 1 0 0
    outer loop
      vertex 104.7 -10.6699 22.6254
      vertex 104.7 -11.821 23.4875
      vertex 104.7 -10.8118 22.3881
    endloop
  endfacet
  facet normal 1 0 0
    outer loop
      vertex 104.7 -8.58058 19.8941
      vertex 104.7 -6.94421 19.6743
      vertex 104.7 -6.92101 19.8177
    endloop
  endfacet
  facet normal 1 0 0
    outer loop
      vertex 104.7 -6.94421 19.6743
      vertex 104.7 -8.58058 19.8941
      vertex 104.7 -6.97461 19.5345
    endloop
  endfacet
  facet normal 1 -0 0
    outer loop
      vertex 104.7 -8.60057 19.767
      vertex 104.7 -6.97461 19.5345
      vertex 104.7 -8.58058 19.8941
    endloop
  endfacet
  facet normal 1 0 0
    outer loop
      vertex 104.7 -6.97461 19.5345
      vertex 104.7 -8.60057 19.767
      vertex 104.7 -7.01221 19.3981
    endloop
  endfacet
  facet normal 1 -0 0
    outer loop
      vertex 104.7 -8.62651 19.6471
      vertex 104.7 -7.05701 19.2652
      vertex 104.7 -8.60057 19.767
    endloop
  endfacet
  facet normal 1 0 0
    outer loop
      vertex 104.7 -7.05701 19.2652
      vertex 104.7 -8.62651 19.6471
      vertex 104.7 -7.10898 19.1357
    endloop
  endfacet
  facet normal 1 0 0
    outer loop
      vertex 104.7 -7.10898 19.1357
      vertex 104.7 -8.62651 19.6471
      vertex 104.7 -7.16817 19.0098
    endloop
  endfacet
  facet normal 1 0 0
    outer loop
      vertex 104.7 -7.16817 19.0098
      vertex 104.7 -8.65842 19.5343
      vertex 104.7 -7.23453 18.8873
    endloop
  endfacet
  facet normal 1 0 0
    outer loop
      vertex 104.7 -7.23453 18.8873
      vertex 104.7 -8.65842 19.5343
      vertex 104.7 -7.30811 18.7684
    endloop
  endfacet
  facet normal 1 -0 0
    outer loop
      vertex 104.7 -8.69627 19.4288
      vertex 104.7 -7.30811 18.7684
      vertex 104.7 -8.65842 19.5343
    endloop
  endfacet
  facet normal 1 0 0
    outer loop
      vertex 104.7 -7.30811 18.7684
      vertex 104.7 -8.69627 19.4288
      vertex 104.7 -7.38885 18.6529
    endloop
  endfacet
  facet normal 1 -0 0
    outer loop
      vertex 104.7 -8.7401 19.3304
      vertex 104.7 -7.47615 18.5421
      vertex 104.7 -8.69627 19.4288
    endloop
  endfacet
  facet normal 1 0 0
    outer loop
      vertex 104.7 -7.47615 18.5421
      vertex 104.7 -8.7401 19.3304
      vertex 104.7 -7.56934 18.4369
    endloop
  endfacet
  facet normal 1 -0 0
    outer loop
      vertex 104.7 -8.78986 19.2392
      vertex 104.7 -7.56934 18.4369
      vertex 104.7 -8.7401 19.3304
    endloop
  endfacet
  facet normal 1 0 0
    outer loop
      vertex 104.7 -7.66841 18.3376
      vertex 104.7 -8.78986 19.2392
      vertex 104.7 -7.77338 18.2439
    endloop
  endfacet
  facet normal 1 -0 0
    outer loop
      vertex 104.7 -8.8456 19.1552
      vertex 104.7 -7.77338 18.2439
      vertex 104.7 -8.78986 19.2392
    endloop
  endfacet
  facet normal 1 0 0
    outer loop
      vertex 104.7 -7.77338 18.2439
      vertex 104.7 -8.8456 19.1552
      vertex 104.7 -7.8842 18.156
    endloop
  endfacet
  facet normal 1 -0 0
    outer loop
      vertex 104.7 -8.90727 19.0784
      vertex 104.7 -8.00093 18.0739
      vertex 104.7 -8.8456 19.1552
    endloop
  endfacet
  facet normal 1 0 0
    outer loop
      vertex 104.7 -7.01221 19.3981
      vertex 104.7 -8.60057 19.767
      vertex 104.7 -7.05701 19.2652
    endloop
  endfacet
  facet normal 1 -0 0
    outer loop
      vertex 104.7 -8.65842 19.5343
      vertex 104.7 -7.16817 19.0098
      vertex 104.7 -8.62651 19.6471
    endloop
  endfacet
  facet normal 1 0 0
    outer loop
      vertex 104.7 -7.38885 18.6529
      vertex 104.7 -8.69627 19.4288
      vertex 104.7 -7.47615 18.5421
    endloop
  endfacet
  facet normal 1 0 0
    outer loop
      vertex 104.7 -7.56934 18.4369
      vertex 104.7 -8.78986 19.2392
      vertex 104.7 -7.66841 18.3376
    endloop
  endfacet
  facet normal 1 0 0
    outer loop
      vertex 104.7 -7.8842 18.156
      vertex 104.7 -8.8456 19.1552
      vertex 104.7 -8.00093 18.0739
    endloop
  endfacet
  facet normal 1 0 0
    outer loop
      vertex 104.7 -8.00093 18.0739
      vertex 104.7 -8.90727 19.0784
      vertex 104.7 -8.12355 17.9974
    endloop
  endfacet
  facet normal 1 -0 0
    outer loop
      vertex 104.7 -8.97493 19.0088
      vertex 104.7 -8.12355 17.9974
      vertex 104.7 -8.90727 19.0784
    endloop
  endfacet
  facet normal 1 0 0
    outer loop
      vertex 104.7 -8.12355 17.9974
      vertex 104.7 -8.97493 19.0088
      vertex 104.7 -8.25204 17.9267
    endloop
  endfacet
  facet normal 1 -0 0
    outer loop
      vertex 104.7 -9.04742 18.9465
      vertex 104.7 -8.25204 17.9267
      vertex 104.7 -8.97493 19.0088
    endloop
  endfacet
  facet normal 1 0 0
    outer loop
      vertex 104.7 -8.25204 17.9267
      vertex 104.7 -9.04742 18.9465
      vertex 104.7 -8.38644 17.8618
    endloop
  endfacet
  facet normal 1 0 0
    outer loop
      vertex 104.7 -8.38644 17.8618
      vertex 104.7 -9.04742 18.9465
      vertex 104.7 -8.52565 17.8031
    endloop
  endfacet
  facet normal 1 -0 0
    outer loop
      vertex 104.7 -9.12373 18.8915
      vertex 104.7 -8.52565 17.8031
      vertex 104.7 -9.04742 18.9465
    endloop
  endfacet
  facet normal 1 0 0
    outer loop
      vertex 104.7 -8.52565 17.8031
      vertex 104.7 -9.12373 18.8915
      vertex 104.7 -8.66862 17.7514
    endloop
  endfacet
  facet normal 1 -0 0
    outer loop
      vertex 104.7 -9.2038 18.8438
      vertex 104.7 -8.66862 17.7514
      vertex 104.7 -9.12373 18.8915
    endloop
  endfacet
  facet normal 1 0 0
    outer loop
      vertex 104.7 -8.66862 17.7514
      vertex 104.7 -9.2038 18.8438
      vertex 104.7 -8.81537 17.7066
    endloop
  endfacet
  facet normal 1 -0 0
    outer loop
      vertex 104.7 -9.28764 18.8035
      vertex 104.7 -8.81537 17.7066
      vertex 104.7 -9.2038 18.8438
    endloop
  endfacet
  facet normal 1 0 0
    outer loop
      vertex 104.7 -8.81537 17.7066
      vertex 104.7 -9.28764 18.8035
      vertex 104.7 -8.96591 17.6686
    endloop
  endfacet
  facet normal 1 -0 0
    outer loop
      vertex 104.7 -9.37526 18.7705
      vertex 104.7 -8.96591 17.6686
      vertex 104.7 -9.28764 18.8035
    endloop
  endfacet
  facet normal 1 0 0
    outer loop
      vertex 104.7 -8.96591 17.6686
      vertex 104.7 -9.37526 18.7705
      vertex 104.7 -9.12022 17.6376
    endloop
  endfacet
  facet normal 1 -0 0
    outer loop
      vertex 104.7 -9.46666 18.7448
      vertex 104.7 -9.12022 17.6376
      vertex 104.7 -9.37526 18.7705
    endloop
  endfacet
  facet normal 1 0 0
    outer loop
      vertex 104.7 -9.12022 17.6376
      vertex 104.7 -9.46666 18.7448
      vertex 104.7 -9.27831 17.6134
    endloop
  endfacet
  facet normal 1 -0 0
    outer loop
      vertex 104.7 -9.56183 18.7265
      vertex 104.7 -9.27831 17.6134
      vertex 104.7 -9.46666 18.7448
    endloop
  endfacet
  facet normal 1 0 0
    outer loop
      vertex 104.7 -9.27831 17.6134
      vertex 104.7 -9.56183 18.7265
      vertex 104.7 -9.44019 17.5962
    endloop
  endfacet
  facet normal 1 -0 0
    outer loop
      vertex 104.7 -9.6608 18.7155
      vertex 104.7 -9.44019 17.5962
      vertex 104.7 -9.56183 18.7265
    endloop
  endfacet
  facet normal 1 0 0
    outer loop
      vertex 104.7 -9.44019 17.5962
      vertex 104.7 -9.6608 18.7155
      vertex 104.7 -9.60582 17.5858
    endloop
  endfacet
  facet normal 1 -0 0
    outer loop
      vertex 104.7 -9.76353 18.7118
      vertex 104.7 -9.60582 17.5858
      vertex 104.7 -9.6608 18.7155
    endloop
  endfacet
  facet normal 1 0 0
    outer loop
      vertex 104.7 -9.76353 18.7118
      vertex 104.7 -9.77525 17.5824
      vertex 104.7 -9.60582 17.5858
    endloop
  endfacet
  facet normal 1 0 0
    outer loop
      vertex 104.7 -10.0888 17.593
      vertex 104.7 -9.76353 18.7118
      vertex 104.7 -10.0365 18.739
    endloop
  endfacet
  facet normal 1 0 0
    outer loop
      vertex 104.7 -9.76353 18.7118
      vertex 104.7 -10.0888 17.593
      vertex 104.7 -9.77525 17.5824
    endloop
  endfacet
  facet normal 1 0 0
    outer loop
      vertex 104.7 -10.3861 17.6249
      vertex 104.7 -10.0365 18.739
      vertex 104.7 -10.2773 18.8204
    endloop
  endfacet
  facet normal 1 0 0
    outer loop
      vertex 104.7 -10.0365 18.739
      vertex 104.7 -10.3861 17.6249
      vertex 104.7 -10.0888 17.593
    endloop
  endfacet
  facet normal 1 0 0
    outer loop
      vertex 104.7 -10.9319 17.7526
      vertex 104.7 -10.2773 18.8204
      vertex 104.7 -10.4861 18.9563
    endloop
  endfacet
  facet normal 1 0 0
    outer loop
      vertex 104.7 -11.4126 17.9654
      vertex 104.7 -10.4861 18.9563
      vertex 104.7 -10.6627 19.1464
    endloop
  endfacet
  facet normal 1 0 0
    outer loop
      vertex 104.7 -10.2773 18.8204
      vertex 104.7 -10.6672 17.6781
      vertex 104.7 -10.3861 17.6249
    endloop
  endfacet
  facet normal 1 0 0
    outer loop
      vertex 104.7 -11.8282 18.2632
      vertex 104.7 -10.6627 19.1464
      vertex 104.7 -10.8072 19.3908
    endloop
  endfacet
  facet normal 1 0 0
    outer loop
      vertex 104.7 -12.3231 18.8607
      vertex 104.7 -10.8072 19.3908
      vertex 104.7 -10.9196 19.6896
    endloop
  endfacet
  facet normal 1 0 0
    outer loop
      vertex 104.7 -10.2773 18.8204
      vertex 104.7 -10.9319 17.7526
      vertex 104.7 -10.6672 17.6781
    endloop
  endfacet
  facet normal 1 0 0
    outer loop
      vertex 104.7 -12.5568 19.3444
      vertex 104.7 -10.9196 19.6896
      vertex 104.7 -10.9998 20.0427
    endloop
  endfacet
  facet normal 1 0 0
    outer loop
      vertex 104.7 -12.7126 19.8951
      vertex 104.7 -10.9998 20.0427
      vertex 104.7 -11.048 20.4501
    endloop
  endfacet
  facet normal 1 0 0
    outer loop
      vertex 104.7 -10.4861 18.9563
      vertex 104.7 -11.1804 17.8483
      vertex 104.7 -10.9319 17.7526
    endloop
  endfacet
  facet normal 1 -0 0
    outer loop
      vertex 104.7 -12.7905 20.513
      vertex 104.7 -11.048 20.4501
      vertex 104.7 -11.0641 20.9118
    endloop
  endfacet
  facet normal 1 -0 0
    outer loop
      vertex 104.7 -12.1725 23.0989
      vertex 104.7 -10.8118 22.3881
      vertex 104.7 -12.0058 23.3029
    endloop
  endfacet
  facet normal 1 -0 0
    outer loop
      vertex 104.7 -12.3196 22.8777
      vertex 104.7 -10.8118 22.3881
      vertex 104.7 -12.1725 23.0989
    endloop
  endfacet
  facet normal 1 0 -0
    outer loop
      vertex 104.7 -12.7905 20.513
      vertex 104.7 -11.0641 20.9118
      vertex 104.7 -12.8002 20.8471
    endloop
  endfacet
  facet normal 1 0 0
    outer loop
      vertex 104.7 -10.8118 22.3881
      vertex 104.7 -12.3196 22.8777
      vertex 104.7 -10.9222 22.0981
    endloop
  endfacet
  facet normal 1 0 0
    outer loop
      vertex 104.7 -11.048 20.4501
      vertex 104.7 -12.7905 20.513
      vertex 104.7 -12.7612 20.1957
    endloop
  endfacet
  facet normal 1 -0 0
    outer loop
      vertex 104.7 -12.4471 22.6392
      vertex 104.7 -10.9222 22.0981
      vertex 104.7 -12.3196 22.8777
    endloop
  endfacet
  facet normal 1 0 0
    outer loop
      vertex 104.7 -11.0641 20.9118
      vertex 104.7 -12.7904 21.1888
      vertex 104.7 -12.8002 20.8471
    endloop
  endfacet
  facet normal 1 -0 0
    outer loop
      vertex 104.7 -12.555 22.3836
      vertex 104.7 -10.9222 22.0981
      vertex 104.7 -12.4471 22.6392
    endloop
  endfacet
  facet normal 1 0 0
    outer loop
      vertex 104.7 -11.048 20.4501
      vertex 104.7 -12.7612 20.1957
      vertex 104.7 -12.7126 19.8951
    endloop
  endfacet
  facet normal 1 0 0
    outer loop
      vertex 104.7 -10.9222 22.0981
      vertex 104.7 -12.555 22.3836
      vertex 104.7 -11.001 21.7554
    endloop
  endfacet
  facet normal 1 0 0
    outer loop
      vertex 104.7 -10.9998 20.0427
      vertex 104.7 -12.7126 19.8951
      vertex 104.7 -12.6444 19.6114
    endloop
  endfacet
  facet normal 1 -0 0
    outer loop
      vertex 104.7 -12.6433 22.1107
      vertex 104.7 -11.001 21.7554
      vertex 104.7 -12.555 22.3836
    endloop
  endfacet
  facet normal 1 0 0
    outer loop
      vertex 104.7 -10.9998 20.0427
      vertex 104.7 -12.6444 19.6114
      vertex 104.7 -12.5568 19.3444
    endloop
  endfacet
  facet normal 1 -0 0
    outer loop
      vertex 104.7 -12.7119 21.8206
      vertex 104.7 -11.001 21.7554
      vertex 104.7 -12.6433 22.1107
    endloop
  endfacet
  facet normal 1 0 0
    outer loop
      vertex 104.7 -10.9196 19.6896
      vertex 104.7 -12.5568 19.3444
      vertex 104.7 -12.4497 19.0941
    endloop
  endfacet
  facet normal 1 0 0
    outer loop
      vertex 104.7 -11.001 21.7554
      vertex 104.7 -12.7119 21.8206
      vertex 104.7 -11.0483 21.36
    endloop
  endfacet
  facet normal 1 0 0
    outer loop
      vertex 104.7 -10.4861 18.9563
      vertex 104.7 -11.4126 17.9654
      vertex 104.7 -11.1804 17.8483
    endloop
  endfacet
  facet normal 1 -0 0
    outer loop
      vertex 104.7 -12.761 21.5133
      vertex 104.7 -11.0483 21.36
      vertex 104.7 -12.7119 21.8206
    endloop
  endfacet
  facet normal 1 0 0
    outer loop
      vertex 104.7 -10.6627 19.1464
      vertex 104.7 -11.6285 18.1037
      vertex 104.7 -11.4126 17.9654
    endloop
  endfacet
  facet normal 1 0 0
    outer loop
      vertex 104.7 -12.7904 21.1888
      vertex 104.7 -11.0483 21.36
      vertex 104.7 -12.761 21.5133
    endloop
  endfacet
  facet normal 1 0 0
    outer loop
      vertex 104.7 -11.0483 21.36
      vertex 104.7 -12.7904 21.1888
      vertex 104.7 -11.0641 20.9118
    endloop
  endfacet
  facet normal 1 0 0
    outer loop
      vertex 104.7 -10.6627 19.1464
      vertex 104.7 -11.8282 18.2632
      vertex 104.7 -11.6285 18.1037
    endloop
  endfacet
  facet normal 1 0 0
    outer loop
      vertex 104.7 -10.8072 19.3908
      vertex 104.7 -12.0116 18.4441
      vertex 104.7 -11.8282 18.2632
    endloop
  endfacet
  facet normal 1 0 0
    outer loop
      vertex 104.7 -10.8072 19.3908
      vertex 104.7 -12.1771 18.644
      vertex 104.7 -12.0116 18.4441
    endloop
  endfacet
  facet normal 1 0 0
    outer loop
      vertex 104.7 -10.8072 19.3908
      vertex 104.7 -12.3231 18.8607
      vertex 104.7 -12.1771 18.644
    endloop
  endfacet
  facet normal 1 0 0
    outer loop
      vertex 104.7 -10.9196 19.6896
      vertex 104.7 -12.4497 19.0941
      vertex 104.7 -12.3231 18.8607
    endloop
  endfacet
  facet normal 1 0 0
    outer loop
      vertex 104.7 -0.576462 22.0032
      vertex 104.7 -2.04811 21.7665
      vertex 104.7 -2.03423 21.6001
    endloop
  endfacet
  facet normal 1 0 0
    outer loop
      vertex 104.7 -1.71187 23.7785
      vertex 104.7 -2.06882 21.9235
      vertex 104.7 -2.04811 21.7665
    endloop
  endfacet
  facet normal 1 0 0
    outer loop
      vertex 104.7 -1.71187 23.7785
      vertex 104.7 -2.09636 22.071
      vertex 104.7 -2.06882 21.9235
    endloop
  endfacet
  facet normal 1 0 0
    outer loop
      vertex 104.7 -1.71187 23.7785
      vertex 104.7 -2.13074 22.2089
      vertex 104.7 -2.09636 22.071
    endloop
  endfacet
  facet normal 1 0 0
    outer loop
      vertex 104.7 -2.64566 22.97
      vertex 104.7 -1.92867 23.9019
      vertex 104.7 -2.16147 24.0029
    endloop
  endfacet
  facet normal 1 0 0
    outer loop
      vertex 104.7 -1.71187 23.7785
      vertex 104.7 -2.17194 22.3373
      vertex 104.7 -2.13074 22.2089
    endloop
  endfacet
  facet normal 1 0 0
    outer loop
      vertex 104.7 -1.71187 23.7785
      vertex 104.7 -2.21997 22.4563
      vertex 104.7 -2.17194 22.3373
    endloop
  endfacet
  facet normal 1 0 0
    outer loop
      vertex 104.7 -1.71187 23.7785
      vertex 104.7 -2.27483 22.5657
      vertex 104.7 -2.21997 22.4563
    endloop
  endfacet
  facet normal 1 0 0
    outer loop
      vertex 104.7 -1.71187 23.7785
      vertex 104.7 -2.33653 22.6656
      vertex 104.7 -2.27483 22.5657
    endloop
  endfacet
  facet normal 1 0 0
    outer loop
      vertex 104.7 -1.71187 23.7785
      vertex 104.7 -2.40504 22.7559
      vertex 104.7 -2.33653 22.6656
    endloop
  endfacet
  facet normal 1 0 0
    outer loop
      vertex 104.7 -2.73691 23.0223
      vertex 104.7 -2.16147 24.0029
      vertex 104.7 -2.41025 24.0814
    endloop
  endfacet
  facet normal 1 0 0
    outer loop
      vertex 104.7 -1.71187 23.7785
      vertex 104.7 -2.47972 22.8368
      vertex 104.7 -2.40504 22.7559
    endloop
  endfacet
  facet normal 1 0 0
    outer loop
      vertex 104.7 -1.92867 23.9019
      vertex 104.7 -2.55992 22.9082
      vertex 104.7 -2.47972 22.8368
    endloop
  endfacet
  facet normal 1 0 0
    outer loop
      vertex 104.7 -1.92867 23.9019
      vertex 104.7 -2.64566 22.97
      vertex 104.7 -2.55992 22.9082
    endloop
  endfacet
  facet normal 1 0 0
    outer loop
      vertex 104.7 -2.83368 23.0652
      vertex 104.7 -2.41025 24.0814
      vertex 104.7 -2.67502 24.1375
    endloop
  endfacet
  facet normal 1 0 0
    outer loop
      vertex 104.7 -2.16147 24.0029
      vertex 104.7 -2.73691 23.0223
      vertex 104.7 -2.64566 22.97
    endloop
  endfacet
  facet normal 1 0 0
    outer loop
      vertex 104.7 -2.41025 24.0814
      vertex 104.7 -2.83368 23.0652
      vertex 104.7 -2.73691 23.0223
    endloop
  endfacet
  facet normal 1 0 0
    outer loop
      vertex 104.7 -2.67502 24.1375
      vertex 104.7 -2.93597 23.0984
      vertex 104.7 -2.83368 23.0652
    endloop
  endfacet
  facet normal 1 0 0
    outer loop
      vertex 104.7 -2.95576 24.1712
      vertex 104.7 -2.93597 23.0984
      vertex 104.7 -2.67502 24.1375
    endloop
  endfacet
  facet normal 1 0 0
    outer loop
      vertex 104.7 -2.95576 24.1712
      vertex 104.7 -3.04379 23.1222
      vertex 104.7 -2.93597 23.0984
    endloop
  endfacet
  facet normal 1 0 0
    outer loop
      vertex 104.7 -2.95576 24.1712
      vertex 104.7 -3.15715 23.1365
      vertex 104.7 -3.04379 23.1222
    endloop
  endfacet
  facet normal 1 0 0
    outer loop
      vertex 104.7 -3.25249 24.1824
      vertex 104.7 -3.15715 23.1365
      vertex 104.7 -2.95576 24.1712
    endloop
  endfacet
  facet normal 1 0 0
    outer loop
      vertex 104.7 -3.25249 24.1824
      vertex 104.7 -3.27602 23.1413
      vertex 104.7 -3.15715 23.1365
    endloop
  endfacet
  facet normal 1 0 0
    outer loop
      vertex 104.7 -3.25249 24.1824
      vertex 104.7 -3.40216 23.1363
      vertex 104.7 -3.27602 23.1413
    endloop
  endfacet
  facet normal 1 -0 0
    outer loop
      vertex 104.7 -3.56352 24.1719
      vertex 104.7 -3.40216 23.1363
      vertex 104.7 -3.25249 24.1824
    endloop
  endfacet
  facet normal 1 0 0
    outer loop
      vertex 104.7 -3.40216 23.1363
      vertex 104.7 -3.56352 24.1719
      vertex 104.7 -3.52171 23.1212
    endloop
  endfacet
  facet normal 1 -0 0
    outer loop
      vertex 104.7 -3.85843 24.1405
      vertex 104.7 -3.52171 23.1212
      vertex 104.7 -3.56352 24.1719
    endloop
  endfacet
  facet normal 1 0 0
    outer loop
      vertex 104.7 -3.52171 23.1212
      vertex 104.7 -3.85843 24.1405
      vertex 104.7 -3.63464 23.0961
    endloop
  endfacet
  facet normal 1 0 0
    outer loop
      vertex 104.7 -3.63464 23.0961
      vertex 104.7 -3.85843 24.1405
      vertex 104.7 -3.74098 23.0611
    endloop
  endfacet
  facet normal 1 -0 0
    outer loop
      vertex 104.7 -4.13721 24.0883
      vertex 104.7 -3.74098 23.0611
      vertex 104.7 -3.85843 24.1405
    endloop
  endfacet
  facet normal 1 0 0
    outer loop
      vertex 104.7 -3.74098 23.0611
      vertex 104.7 -4.13721 24.0883
      vertex 104.7 -3.8407 23.016
    endloop
  endfacet
  facet normal 1 -0 0
    outer loop
      vertex 104.7 -4.39986 24.0151
      vertex 104.7 -3.8407 23.016
      vertex 104.7 -4.13721 24.0883
    endloop
  endfacet
  facet normal 1 0 0
    outer loop
      vertex 104.7 -3.8407 23.016
      vertex 104.7 -4.39986 24.0151
      vertex 104.7 -3.93381 22.9608
    endloop
  endfacet
  facet normal 1 -0 0
    outer loop
      vertex 104.7 -4.64636 23.9209
      vertex 104.7 -3.93381 22.9608
      vertex 104.7 -4.39986 24.0151
    endloop
  endfacet
  facet normal 1 0 0
    outer loop
      vertex 104.7 -3.93381 22.9608
      vertex 104.7 -4.64636 23.9209
      vertex 104.7 -4.02029 22.8957
    endloop
  endfacet
  facet normal 1 0 0
    outer loop
      vertex 104.7 -4.02029 22.8957
      vertex 104.7 -4.64636 23.9209
      vertex 104.7 -4.10017 22.8205
    endloop
  endfacet
  facet normal 1 -0 0
    outer loop
      vertex 104.7 -4.87674 23.8059
      vertex 104.7 -4.10017 22.8205
      vertex 104.7 -4.64636 23.9209
    endloop
  endfacet
  facet normal 1 0 0
    outer loop
      vertex 104.7 -4.10017 22.8205
      vertex 104.7 -4.87674 23.8059
      vertex 104.7 -4.17345 22.7353
    endloop
  endfacet
  facet normal 1 -0 0
    outer loop
      vertex 104.7 -5.091 23.67
      vertex 104.7 -4.17345 22.7353
      vertex 104.7 -4.87674 23.8059
    endloop
  endfacet
  facet normal 1 0 0
    outer loop
      vertex 104.7 -4.17345 22.7353
      vertex 104.7 -5.091 23.67
      vertex 104.7 -4.23975 22.6411
    endloop
  endfacet
  facet normal 1 -0 0
    outer loop
      vertex 104.7 -5.28912 23.5131
      vertex 104.7 -4.23975 22.6411
      vertex 104.7 -5.091 23.67
    endloop
  endfacet
  facet normal 1 0 0
    outer loop
      vertex 104.7 -4.23975 22.6411
      vertex 104.7 -5.28912 23.5131
      vertex 104.7 -4.29871 22.5389
    endloop
  endfacet
  facet normal 1 -0 0
    outer loop
      vertex 104.7 -5.47113 23.3353
      vertex 104.7 -4.29871 22.5389
      vertex 104.7 -5.28912 23.5131
    endloop
  endfacet
  facet normal 1 0 0
    outer loop
      vertex 104.7 -4.29871 22.5389
      vertex 104.7 -5.47113 23.3353
      vertex 104.7 -4.35034 22.4288
    endloop
  endfacet
  facet normal 1 -0 0
    outer loop
      vertex 104.7 -5.63541 23.1381
      vertex 104.7 -4.35034 22.4288
      vertex 104.7 -5.47113 23.3353
    endloop
  endfacet
  facet normal 1 -0 0
    outer loop
      vertex 104.7 -5.78035 22.9228
      vertex 104.7 -4.39462 22.3106
      vertex 104.7 -5.63541 23.1381
    endloop
  endfacet
  facet normal 1 0 0
    outer loop
      vertex 104.7 -4.35034 22.4288
      vertex 104.7 -5.63541 23.1381
      vertex 104.7 -4.39462 22.3106
    endloop
  endfacet
  facet normal 1 0 0
    outer loop
      vertex 104.7 -2.03423 21.6001
      vertex 104.7 -0.433487 20.6118
      vertex 104.7 -0.442429 20.9909
    endloop
  endfacet
  facet normal 1 0 0
    outer loop
      vertex 104.7 -2.03423 21.6001
      vertex 104.7 -0.442429 20.9909
      vertex 104.7 -0.469223 21.3492
    endloop
  endfacet
  facet normal 1 -0 0
    outer loop
      vertex 104.7 -2.03423 21.6001
      vertex 104.7 -0.469223 21.3492
      vertex 104.7 -0.513916 21.6866
    endloop
  endfacet
  facet normal 1 0 0
    outer loop
      vertex 104.7 -2.03423 21.6001
      vertex 104.7 -0.513916 21.6866
      vertex 104.7 -0.576462 22.0032
    endloop
  endfacet
  facet normal 1 0 0
    outer loop
      vertex 104.7 -2.04811 21.7665
      vertex 104.7 -0.576462 22.0032
      vertex 104.7 -0.656891 22.299
    endloop
  endfacet
  facet normal 1 0 0
    outer loop
      vertex 104.7 -2.04811 21.7665
      vertex 104.7 -0.656891 22.299
      vertex 104.7 -0.755203 22.5739
    endloop
  endfacet
  facet normal 1 0 0
    outer loop
      vertex 104.7 -2.04811 21.7665
      vertex 104.7 -0.755203 22.5739
      vertex 104.7 -0.871384 22.8279
    endloop
  endfacet
  facet normal 1 0 0
    outer loop
      vertex 104.7 -2.04811 21.7665
      vertex 104.7 -0.871384 22.8279
      vertex 104.7 -1.00543 23.0612
    endloop
  endfacet
  facet normal 1 0 0
    outer loop
      vertex 104.7 -2.04811 21.7665
      vertex 104.7 -1.00543 23.0612
      vertex 104.7 -1.15735 23.2735
    endloop
  endfacet
  facet normal 1 0 0
    outer loop
      vertex 104.7 -2.04811 21.7665
      vertex 104.7 -1.15735 23.2735
      vertex 104.7 -1.3262 23.4643
    endloop
  endfacet
  facet normal 1 0 0
    outer loop
      vertex 104.7 -2.04811 21.7665
      vertex 104.7 -1.3262 23.4643
      vertex 104.7 -1.51105 23.6326
    endloop
  endfacet
  facet normal 1 0 0
    outer loop
      vertex 104.7 -2.04811 21.7665
      vertex 104.7 -1.51105 23.6326
      vertex 104.7 -1.71187 23.7785
    endloop
  endfacet
  facet normal 1 0 0
    outer loop
      vertex 104.7 -2.47972 22.8368
      vertex 104.7 -1.71187 23.7785
      vertex 104.7 -1.92867 23.9019
    endloop
  endfacet
  facet normal 1 0 0
    outer loop
      vertex 104.7 -0.433487 20.6118
      vertex 104.7 -2.03423 21.6001
      vertex 104.7 -0.433487 20.5648
    endloop
  endfacet
  facet normal 1 0 0
    outer loop
      vertex 104.7 -4.51772 20.5648
      vertex 104.7 -2.03423 21.6001
      vertex 104.7 -4.50601 21.6001
    endloop
  endfacet
  facet normal 1 0 0
    outer loop
      vertex 104.7 -2.03423 21.6001
      vertex 104.7 -4.51772 20.5648
      vertex 104.7 -0.433487 20.5648
    endloop
  endfacet
  facet normal 1 0 0
    outer loop
      vertex 104.7 -2.08725 19.4471
      vertex 104.7 -0.695267 18.9489
      vertex 104.7 -0.527634 19.3118
    endloop
  endfacet
  facet normal 1 0 0
    outer loop
      vertex 104.7 -0.695267 18.9489
      vertex 104.7 -2.08725 19.4471
      vertex 104.7 -0.897339 18.6286
    endloop
  endfacet
  facet normal 1 -0 0
    outer loop
      vertex 104.7 -2.14622 19.2878
      vertex 104.7 -0.897339 18.6286
      vertex 104.7 -2.08725 19.4471
    endloop
  endfacet
  facet normal 1 -0 0
    outer loop
      vertex 104.7 -2.22121 19.1473
      vertex 104.7 -1.13383 18.351
      vertex 104.7 -2.14622 19.2878
    endloop
  endfacet
  facet normal 1 0 0
    outer loop
      vertex 104.7 -1.13383 18.351
      vertex 104.7 -2.22121 19.1473
      vertex 104.7 -1.40477 18.1161
    endloop
  endfacet
  facet normal 1 0 0
    outer loop
      vertex 104.7 -0.897339 18.6286
      vertex 104.7 -2.14622 19.2878
      vertex 104.7 -1.13383 18.351
    endloop
  endfacet
  facet normal 1 -0 0
    outer loop
      vertex 104.7 -2.31215 19.0255
      vertex 104.7 -1.40477 18.1161
      vertex 104.7 -2.22121 19.1473
    endloop
  endfacet
  facet normal 1 0 0
    outer loop
      vertex 104.7 -1.40477 18.1161
      vertex 104.7 -2.31215 19.0255
      vertex 104.7 -1.71014 17.924
    endloop
  endfacet
  facet normal 1 -0 0
    outer loop
      vertex 104.7 -2.4191 18.9225
      vertex 104.7 -1.71014 17.924
      vertex 104.7 -2.31215 19.0255
    endloop
  endfacet
  facet normal 1 0 0
    outer loop
      vertex 104.7 -1.71014 17.924
      vertex 104.7 -2.4191 18.9225
      vertex 104.7 -2.04996 17.7745
    endloop
  endfacet
  facet normal 1 -0 0
    outer loop
      vertex 104.7 -2.54202 18.8382
      vertex 104.7 -2.04996 17.7745
      vertex 104.7 -2.4191 18.9225
    endloop
  endfacet
  facet normal 1 -0 0
    outer loop
      vertex 104.7 -2.68092 18.7726
      vertex 104.7 -2.04996 17.7745
      vertex 104.7 -2.54202 18.8382
    endloop
  endfacet
  facet normal 1 0 0
    outer loop
      vertex 104.7 -2.04996 17.7745
      vertex 104.7 -2.68092 18.7726
      vertex 104.7 -2.42421 17.6678
    endloop
  endfacet
  facet normal 1 -0 0
    outer loop
      vertex 104.7 -2.83583 18.7258
      vertex 104.7 -2.42421 17.6678
      vertex 104.7 -2.68092 18.7726
    endloop
  endfacet
  facet normal 1 0 0
    outer loop
      vertex 104.7 -2.42421 17.6678
      vertex 104.7 -2.83583 18.7258
      vertex 104.7 -2.83289 17.6037
    endloop
  endfacet
  facet normal 1 -0 0
    outer loop
      vertex 104.7 -3.0067 18.6976
      vertex 104.7 -2.83289 17.6037
      vertex 104.7 -2.83583 18.7258
    endloop
  endfacet
  facet normal 1 -0 0
    outer loop
      vertex 104.7 -3.19356 18.6883
      vertex 104.7 -2.83289 17.6037
      vertex 104.7 -3.0067 18.6976
    endloop
  endfacet
  facet normal 1 0 0
    outer loop
      vertex 104.7 -3.19356 18.6883
      vertex 104.7 -3.27602 17.5824
      vertex 104.7 -2.83289 17.6037
    endloop
  endfacet
  facet normal 1 0 0
    outer loop
      vertex 104.7 -3.33122 18.6941
      vertex 104.7 -3.27602 17.5824
      vertex 104.7 -3.19356 18.6883
    endloop
  endfacet
  facet normal 1 0 0
    outer loop
      vertex 104.7 -3.5869 17.5929
      vertex 104.7 -3.33122 18.6941
      vertex 104.7 -3.46169 18.7117
    endloop
  endfacet
  facet normal 1 0 0
    outer loop
      vertex 104.7 -3.5869 17.5929
      vertex 104.7 -3.46169 18.7117
      vertex 104.7 -3.58493 18.7409
    endloop
  endfacet
  facet normal 1 0 0
    outer loop
      vertex 104.7 -3.33122 18.6941
      vertex 104.7 -3.5869 17.5929
      vertex 104.7 -3.27602 17.5824
    endloop
  endfacet
  facet normal 1 0 0
    outer loop
      vertex 104.7 -3.88136 17.6244
      vertex 104.7 -3.58493 18.7409
      vertex 104.7 -3.701 18.7818
    endloop
  endfacet
  facet normal 1 0 0
    outer loop
      vertex 104.7 -4.15942 17.6768
      vertex 104.7 -3.701 18.7818
      vertex 104.7 -3.80988 18.8344
    endloop
  endfacet
  facet normal 1 0 0
    outer loop
      vertex 104.7 -3.58493 18.7409
      vertex 104.7 -3.88136 17.6244
      vertex 104.7 -3.5869 17.5929
    endloop
  endfacet
  facet normal 1 0 0
    outer loop
      vertex 104.7 -4.42105 17.7503
      vertex 104.7 -3.80988 18.8344
      vertex 104.7 -3.91158 18.8987
    endloop
  endfacet
  facet normal 1 0 0
    outer loop
      vertex 104.7 -4.66628 17.8447
      vertex 104.7 -3.91158 18.8987
      vertex 104.7 -4.00606 18.9747
    endloop
  endfacet
  facet normal 1 0 0
    outer loop
      vertex 104.7 -4.89505 17.9602
      vertex 104.7 -4.00606 18.9747
      vertex 104.7 -4.09334 19.0624
    endloop
  endfacet
  facet normal 1 0 0
    outer loop
      vertex 104.7 -3.701 18.7818
      vertex 104.7 -4.15942 17.6768
      vertex 104.7 -3.88136 17.6244
    endloop
  endfacet
  facet normal 1 0 0
    outer loop
      vertex 104.7 -5.10744 18.0966
      vertex 104.7 -4.09334 19.0624
      vertex 104.7 -4.17345 19.1617
    endloop
  endfacet
  facet normal 1 0 0
    outer loop
      vertex 104.7 -5.30339 18.254
      vertex 104.7 -4.17345 19.1617
      vertex 104.7 -4.24571 19.2726
    endloop
  endfacet
  facet normal 1 0 0
    outer loop
      vertex 104.7 -5.48293 18.4324
      vertex 104.7 -4.24571 19.2726
      vertex 104.7 -4.30946 19.3947
    endloop
  endfacet
  facet normal 1 0 0
    outer loop
      vertex 104.7 -5.64473 18.6309
      vertex 104.7 -4.30946 19.3947
      vertex 104.7 -4.36472 19.5281
    endloop
  endfacet
  facet normal 1 0 0
    outer loop
      vertex 104.7 -5.91121 19.0857
      vertex 104.7 -4.36472 19.5281
      vertex 104.7 -4.41147 19.6727
    endloop
  endfacet
  facet normal 1 0 0
    outer loop
      vertex 104.7 -3.80988 18.8344
      vertex 104.7 -4.42105 17.7503
      vertex 104.7 -4.15942 17.6768
    endloop
  endfacet
  facet normal 1 0 0
    outer loop
      vertex 104.7 -6.0159 19.3419
      vertex 104.7 -4.41147 19.6727
      vertex 104.7 -4.44972 19.8286
    endloop
  endfacet
  facet normal 1 0 0
    outer loop
      vertex 104.7 -6.10156 19.6174
      vertex 104.7 -4.44972 19.8286
      vertex 104.7 -4.47948 19.9958
    endloop
  endfacet
  facet normal 1 0 0
    outer loop
      vertex 104.7 -6.16818 19.9122
      vertex 104.7 -4.47948 19.9958
      vertex 104.7 -4.50072 20.1742
    endloop
  endfacet
  facet normal 1 -0 0
    outer loop
      vertex 104.7 -6.21577 20.2261
      vertex 104.7 -4.50072 20.1742
      vertex 104.7 -4.51347 20.3638
    endloop
  endfacet
  facet normal 1 0 0
    outer loop
      vertex 104.7 -4.39462 22.3106
      vertex 104.7 -5.78035 22.9228
      vertex 104.7 -4.43158 22.1845
    endloop
  endfacet
  facet normal 1 -0 0
    outer loop
      vertex 104.7 -5.90596 22.6896
      vertex 104.7 -4.43158 22.1845
      vertex 104.7 -5.78035 22.9228
    endloop
  endfacet
  facet normal 1 0 -0
    outer loop
      vertex 104.7 -6.21577 20.2261
      vertex 104.7 -4.51772 20.5648
      vertex 104.7 -6.24432 20.5594
    endloop
  endfacet
  facet normal 1 0 0
    outer loop
      vertex 104.7 -4.43158 22.1845
      vertex 104.7 -5.90596 22.6896
      vertex 104.7 -4.46118 22.0504
    endloop
  endfacet
  facet normal 1 0 0
    outer loop
      vertex 104.7 -4.51772 20.5648
      vertex 104.7 -6.21577 20.2261
      vertex 104.7 -4.51347 20.3638
    endloop
  endfacet
  facet normal 1 -0 0
    outer loop
      vertex 104.7 -6.01227 22.4383
      vertex 104.7 -4.46118 22.0504
      vertex 104.7 -5.90596 22.6896
    endloop
  endfacet
  facet normal 1 0 0
    outer loop
      vertex 104.7 -4.50072 20.1742
      vertex 104.7 -6.21577 20.2261
      vertex 104.7 -6.16818 19.9122
    endloop
  endfacet
  facet normal 1 0 0
    outer loop
      vertex 104.7 -4.46118 22.0504
      vertex 104.7 -6.01227 22.4383
      vertex 104.7 -4.48346 21.9082
    endloop
  endfacet
  facet normal 1 0 0
    outer loop
      vertex 104.7 -4.47948 19.9958
      vertex 104.7 -6.16818 19.9122
      vertex 104.7 -6.10156 19.6174
    endloop
  endfacet
  facet normal 1 -0 0
    outer loop
      vertex 104.7 -6.09924 22.169
      vertex 104.7 -4.48346 21.9082
      vertex 104.7 -6.01227 22.4383
    endloop
  endfacet
  facet normal 1 0 0
    outer loop
      vertex 104.7 -4.44972 19.8286
      vertex 104.7 -6.10156 19.6174
      vertex 104.7 -6.0159 19.3419
    endloop
  endfacet
  facet normal 1 0 0
    outer loop
      vertex 104.7 -4.48346 21.9082
      vertex 104.7 -6.09924 22.169
      vertex 104.7 -4.4984 21.7581
    endloop
  endfacet
  facet normal 1 0 0
    outer loop
      vertex 104.7 -4.41147 19.6727
      vertex 104.7 -6.0159 19.3419
      vertex 104.7 -5.91121 19.0857
    endloop
  endfacet
  facet normal 1 -0 0
    outer loop
      vertex 104.7 -6.16687 21.8817
      vertex 104.7 -4.4984 21.7581
      vertex 104.7 -6.09924 22.169
    endloop
  endfacet
  facet normal 1 0 0
    outer loop
      vertex 104.7 -3.91158 18.8987
      vertex 104.7 -4.66628 17.8447
      vertex 104.7 -4.42105 17.7503
    endloop
  endfacet
  facet normal 1 0 0
    outer loop
      vertex 104.7 -4.4984 21.7581
      vertex 104.7 -6.16687 21.8817
      vertex 104.7 -4.50601 21.6001
    endloop
  endfacet
  facet normal 1 0 0
    outer loop
      vertex 104.7 -4.00606 18.9747
      vertex 104.7 -4.89505 17.9602
      vertex 104.7 -4.66628 17.8447
    endloop
  endfacet
  facet normal 1 0 0
    outer loop
      vertex 104.7 -6.21518 21.5764
      vertex 104.7 -4.50601 21.6001
      vertex 104.7 -6.16687 21.8817
    endloop
  endfacet
  facet normal 1 0 0
    outer loop
      vertex 104.7 -4.09334 19.0624
      vertex 104.7 -5.10744 18.0966
      vertex 104.7 -4.89505 17.9602
    endloop
  endfacet
  facet normal 1 0 0
    outer loop
      vertex 104.7 -6.24417 21.2531
      vertex 104.7 -4.50601 21.6001
      vertex 104.7 -6.21518 21.5764
    endloop
  endfacet
  facet normal 1 0 0
    outer loop
      vertex 104.7 -4.50601 21.6001
      vertex 104.7 -6.24417 21.2531
      vertex 104.7 -4.51772 20.5648
    endloop
  endfacet
  facet normal 1 -0 0
    outer loop
      vertex 104.7 -6.25385 20.9118
      vertex 104.7 -4.51772 20.5648
      vertex 104.7 -6.24417 21.2531
    endloop
  endfacet
  facet normal 1 0 0
    outer loop
      vertex 104.7 -4.36472 19.5281
      vertex 104.7 -5.78749 18.8487
      vertex 104.7 -5.64473 18.6309
    endloop
  endfacet
  facet normal 1 0 -0
    outer loop
      vertex 104.7 -6.24432 20.5594
      vertex 104.7 -4.51772 20.5648
      vertex 104.7 -6.25385 20.9118
    endloop
  endfacet
  facet normal 1 0 0
    outer loop
      vertex 104.7 -4.36472 19.5281
      vertex 104.7 -5.91121 19.0857
      vertex 104.7 -5.78749 18.8487
    endloop
  endfacet
  facet normal 1 0 0
    outer loop
      vertex 104.7 -4.17345 19.1617
      vertex 104.7 -5.30339 18.254
      vertex 104.7 -5.10744 18.0966
    endloop
  endfacet
  facet normal 1 0 0
    outer loop
      vertex 104.7 -4.30946 19.3947
      vertex 104.7 -5.64473 18.6309
      vertex 104.7 -5.48293 18.4324
    endloop
  endfacet
  facet normal 1 0 0
    outer loop
      vertex 104.7 -4.24571 19.2726
      vertex 104.7 -5.48293 18.4324
      vertex 104.7 -5.30339 18.254
    endloop
  endfacet
  facet normal 1 0 0
    outer loop
      vertex 104.7 4.49355 23.3066
      vertex 104.7 6.47179 24.0648
      vertex 104.7 4.74158 24.0648
    endloop
  endfacet
  facet normal 1 0 0
    outer loop
      vertex 104.7 4.26991 22.6219
      vertex 104.7 6.47179 24.0648
      vertex 104.7 4.49355 23.3066
    endloop
  endfacet
  facet normal 1 0 0
    outer loop
      vertex 104.7 4.07071 22.0105
      vertex 104.7 6.47179 24.0648
      vertex 104.7 4.26991 22.6219
    endloop
  endfacet
  facet normal 1 0 0
    outer loop
      vertex 104.7 3.8959 21.4724
      vertex 104.7 6.47179 24.0648
      vertex 104.7 4.07071 22.0105
    endloop
  endfacet
  facet normal 1 0 0
    outer loop
      vertex 104.7 6.47179 24.0648
      vertex 104.7 3.8959 21.4724
      vertex 104.7 4.12367 17.7
    endloop
  endfacet
  facet normal 1 -0 0
    outer loop
      vertex 104.7 3.7455 21.0077
      vertex 104.7 4.12367 17.7
      vertex 104.7 3.8959 21.4724
    endloop
  endfacet
  facet normal 1 -0 0
    outer loop
      vertex 104.7 3.61951 20.6163
      vertex 104.7 4.12367 17.7
      vertex 104.7 3.7455 21.0077
    endloop
  endfacet
  facet normal 1 -0 0
    outer loop
      vertex 104.7 3.51793 20.2983
      vertex 104.7 4.12367 17.7
      vertex 104.7 3.61951 20.6163
    endloop
  endfacet
  facet normal 1 -0 0
    outer loop
      vertex 104.7 3.44077 20.0537
      vertex 104.7 4.12367 17.7
      vertex 104.7 3.51793 20.2983
    endloop
  endfacet
  facet normal 1 -0 0
    outer loop
      vertex 104.7 3.38802 19.8823
      vertex 104.7 4.12367 17.7
      vertex 104.7 3.44077 20.0537
    endloop
  endfacet
  facet normal 1 -0 0
    outer loop
      vertex 104.7 3.34898 19.7522
      vertex 104.7 4.12367 17.7
      vertex 104.7 3.38802 19.8823
    endloop
  endfacet
  facet normal 1 -0 0
    outer loop
      vertex 104.7 3.31303 19.6311
      vertex 104.7 4.12367 17.7
      vertex 104.7 3.34898 19.7522
    endloop
  endfacet
  facet normal 1 -0 0
    outer loop
      vertex 104.7 3.28012 19.519
      vertex 104.7 4.12367 17.7
      vertex 104.7 3.31303 19.6311
    endloop
  endfacet
  facet normal 1 -0 0
    outer loop
      vertex 104.7 3.25027 19.4158
      vertex 104.7 4.12367 17.7
      vertex 104.7 3.28012 19.519
    endloop
  endfacet
  facet normal 1 -0 0
    outer loop
      vertex 104.7 3.22346 19.3217
      vertex 104.7 4.12367 17.7
      vertex 104.7 3.25027 19.4158
    endloop
  endfacet
  facet normal 1 -0 0
    outer loop
      vertex 104.7 3.19971 19.2366
      vertex 104.7 4.12367 17.7
      vertex 104.7 3.22346 19.3217
    endloop
  endfacet
  facet normal 1 -0 0
    outer loop
      vertex 104.7 3.179 19.1605
      vertex 104.7 4.12367 17.7
      vertex 104.7 3.19971 19.2366
    endloop
  endfacet
  facet normal 1 -0 0
    outer loop
      vertex 104.7 3.16135 19.0934
      vertex 104.7 4.12367 17.7
      vertex 104.7 3.179 19.1605
    endloop
  endfacet
  facet normal 1 -0 0
    outer loop
      vertex 104.7 3.14676 19.0353
      vertex 104.7 4.12367 17.7
      vertex 104.7 3.16135 19.0934
    endloop
  endfacet
  facet normal 1 0 0
    outer loop
      vertex 104.7 2.1463 17.7
      vertex 104.7 3.07651 19.2858
      vertex 104.7 3.01219 19.5146
    endloop
  endfacet
  facet normal 1 0 0
    outer loop
      vertex 104.7 2.1463 17.7
      vertex 104.7 3.01219 19.5146
      vertex 104.7 2.95387 19.7216
    endloop
  endfacet
  facet normal 1 0 0
    outer loop
      vertex 104.7 2.1463 17.7
      vertex 104.7 2.95387 19.7216
      vertex 104.7 2.90147 19.9068
    endloop
  endfacet
  facet normal 1 0 0
    outer loop
      vertex 104.7 2.1463 17.7
      vertex 104.7 2.90147 19.9068
      vertex 104.7 2.85506 20.0702
    endloop
  endfacet
  facet normal 1 0 0
    outer loop
      vertex 104.7 2.1463 17.7
      vertex 104.7 2.85506 20.0702
      vertex 104.7 2.81458 20.2118
    endloop
  endfacet
  facet normal 1 0 0
    outer loop
      vertex 104.7 2.1463 17.7
      vertex 104.7 2.81458 20.2118
      vertex 104.7 2.78004 20.3316
    endloop
  endfacet
  facet normal 1 0 0
    outer loop
      vertex 104.7 2.1463 17.7
      vertex 104.7 2.78004 20.3316
      vertex 104.7 2.75148 20.4297
    endloop
  endfacet
  facet normal 1 0 0
    outer loop
      vertex 104.7 2.1463 17.7
      vertex 104.7 2.75148 20.4297
      vertex 104.7 2.72888 20.506
    endloop
  endfacet
  facet normal 1 0 0
    outer loop
      vertex 104.7 3.14676 19.0353
      vertex 104.7 2.1463 17.7
      vertex 104.7 4.12367 17.7
    endloop
  endfacet
  facet normal 1 0 0
    outer loop
      vertex 104.7 3.07651 19.2858
      vertex 104.7 2.1463 17.7
      vertex 104.7 3.14676 19.0353
    endloop
  endfacet
  facet normal 1 -0 0
    outer loop
      vertex 104.7 -0.131149 24.0648
      vertex 104.7 2.72888 20.506
      vertex 104.7 1.61665 24.0648
    endloop
  endfacet
  facet normal 1 0 0
    outer loop
      vertex 104.7 2.72888 20.506
      vertex 104.7 -0.131149 24.0648
      vertex 104.7 2.1463 17.7
    endloop
  endfacet
  facet normal 0 0.903289 0.429032
    outer loop
      vertex 105.5 11.2782 17.7
      vertex 104.7 10.136 20.1048
      vertex 105.5 10.136 20.1048
    endloop
  endfacet
  facet normal 0 0.903289 0.429032
    outer loop
      vertex 104.7 10.136 20.1048
      vertex 105.5 11.2782 17.7
      vertex 104.7 11.2782 17.7
    endloop
  endfacet
  facet normal -0 0 1
    outer loop
      vertex 104.7 13.271 17.7
      vertex 105.5 11.2782 17.7
      vertex 105.5 13.271 17.7
    endloop
  endfacet
  facet normal 0 0 1
    outer loop
      vertex 105.5 11.2782 17.7
      vertex 104.7 13.271 17.7
      vertex 104.7 11.2782 17.7
    endloop
  endfacet
  facet normal 0 -0.903278 -0.429057
    outer loop
      vertex 104.7 13.271 17.7
      vertex 105.5 10.136 24.3
      vertex 104.7 10.136 24.3
    endloop
  endfacet
  facet normal 0 -0.903278 -0.429057
    outer loop
      vertex 105.5 10.136 24.3
      vertex 104.7 13.271 17.7
      vertex 105.5 13.271 17.7
    endloop
  endfacet
  facet normal 0 0.903277 -0.429058
    outer loop
      vertex 105.5 7.00099 17.7
      vertex 104.7 10.136 24.3
      vertex 105.5 10.136 24.3
    endloop
  endfacet
  facet normal 0 0.903277 -0.429058
    outer loop
      vertex 104.7 10.136 24.3
      vertex 105.5 7.00099 17.7
      vertex 104.7 7.00099 17.7
    endloop
  endfacet
  facet normal -0 0 1
    outer loop
      vertex 104.7 8.99373 17.7
      vertex 105.5 7.00099 17.7
      vertex 105.5 8.99373 17.7
    endloop
  endfacet
  facet normal 0 0 1
    outer loop
      vertex 105.5 7.00099 17.7
      vertex 104.7 8.99373 17.7
      vertex 104.7 7.00099 17.7
    endloop
  endfacet
  facet normal 0 -0.903279 0.429054
    outer loop
      vertex 104.7 8.99373 17.7
      vertex 105.5 10.136 20.1048
      vertex 104.7 10.136 20.1048
    endloop
  endfacet
  facet normal 0 -0.903279 0.429054
    outer loop
      vertex 105.5 10.136 20.1048
      vertex 104.7 8.99373 17.7
      vertex 105.5 8.99373 17.7
    endloop
  endfacet
  facet normal 0 -0.0626671 0.998034
    outer loop
      vertex 104.7 -9.44019 17.5962
      vertex 105.5 -9.60582 17.5858
      vertex 105.5 -9.44019 17.5962
    endloop
  endfacet
  facet normal 0 -0.0626671 0.998034
    outer loop
      vertex 105.5 -9.60582 17.5858
      vertex 104.7 -9.44019 17.5962
      vertex 104.7 -9.60582 17.5858
    endloop
  endfacet
  facet normal 0 -0.105657 0.994403
    outer loop
      vertex 104.7 -9.27831 17.6134
      vertex 105.5 -9.44019 17.5962
      vertex 105.5 -9.27831 17.6134
    endloop
  endfacet
  facet normal 0 -0.105657 0.994403
    outer loop
      vertex 105.5 -9.44019 17.5962
      vertex 104.7 -9.27831 17.6134
      vertex 104.7 -9.44019 17.5962
    endloop
  endfacet
  facet normal 0 -0.151315 0.988486
    outer loop
      vertex 104.7 -9.12022 17.6376
      vertex 105.5 -9.27831 17.6134
      vertex 105.5 -9.12022 17.6376
    endloop
  endfacet
  facet normal 0 -0.151315 0.988486
    outer loop
      vertex 105.5 -9.27831 17.6134
      vertex 104.7 -9.12022 17.6376
      vertex 104.7 -9.27831 17.6134
    endloop
  endfacet
  facet normal 0 -0.196959 0.980412
    outer loop
      vertex 104.7 -8.96591 17.6686
      vertex 105.5 -9.12022 17.6376
      vertex 105.5 -8.96591 17.6686
    endloop
  endfacet
  facet normal 0 -0.196959 0.980412
    outer loop
      vertex 105.5 -9.12022 17.6376
      vertex 104.7 -8.96591 17.6686
      vertex 104.7 -9.12022 17.6376
    endloop
  endfacet
  facet normal 0 -0.244748 0.969587
    outer loop
      vertex 104.7 -8.81537 17.7066
      vertex 105.5 -8.96591 17.6686
      vertex 105.5 -8.81537 17.7066
    endloop
  endfacet
  facet normal 0 -0.244748 0.969587
    outer loop
      vertex 105.5 -8.96591 17.6686
      vertex 104.7 -8.81537 17.7066
      vertex 104.7 -8.96591 17.6686
    endloop
  endfacet
  facet normal 0 -0.291978 0.956425
    outer loop
      vertex 104.7 -8.66862 17.7514
      vertex 105.5 -8.81537 17.7066
      vertex 105.5 -8.66862 17.7514
    endloop
  endfacet
  facet normal 0 -0.291978 0.956425
    outer loop
      vertex 105.5 -8.81537 17.7066
      vertex 104.7 -8.66862 17.7514
      vertex 104.7 -8.81537 17.7066
    endloop
  endfacet
  facet normal 0 -0.340063 0.940403
    outer loop
      vertex 104.7 -8.52565 17.8031
      vertex 105.5 -8.66862 17.7514
      vertex 105.5 -8.52565 17.8031
    endloop
  endfacet
  facet normal 0 -0.340063 0.940403
    outer loop
      vertex 105.5 -8.66862 17.7514
      vertex 104.7 -8.52565 17.8031
      vertex 104.7 -8.66862 17.7514
    endloop
  endfacet
  facet normal 0 -0.388536 0.921433
    outer loop
      vertex 104.7 -8.38644 17.8618
      vertex 105.5 -8.52565 17.8031
      vertex 105.5 -8.38644 17.8618
    endloop
  endfacet
  facet normal 0 -0.388536 0.921433
    outer loop
      vertex 105.5 -8.52565 17.8031
      vertex 104.7 -8.38644 17.8618
      vertex 104.7 -8.52565 17.8031
    endloop
  endfacet
  facet normal 0 -0.434843 0.900506
    outer loop
      vertex 104.7 -8.25204 17.9267
      vertex 105.5 -8.38644 17.8618
      vertex 105.5 -8.25204 17.9267
    endloop
  endfacet
  facet normal 0 -0.434843 0.900506
    outer loop
      vertex 105.5 -8.38644 17.8618
      vertex 104.7 -8.25204 17.9267
      vertex 104.7 -8.38644 17.8618
    endloop
  endfacet
  facet normal 0 -0.482078 0.876128
    outer loop
      vertex 104.7 -8.12355 17.9974
      vertex 105.5 -8.25204 17.9267
      vertex 105.5 -8.12355 17.9974
    endloop
  endfacet
  facet normal 0 -0.482078 0.876128
    outer loop
      vertex 105.5 -8.25204 17.9267
      vertex 104.7 -8.12355 17.9974
      vertex 104.7 -8.25204 17.9267
    endloop
  endfacet
  facet normal 0 -0.529315 0.848426
    outer loop
      vertex 104.7 -8.00093 18.0739
      vertex 105.5 -8.12355 17.9974
      vertex 105.5 -8.00093 18.0739
    endloop
  endfacet
  facet normal 0 -0.529315 0.848426
    outer loop
      vertex 105.5 -8.12355 17.9974
      vertex 104.7 -8.00093 18.0739
      vertex 104.7 -8.12355 17.9974
    endloop
  endfacet
  facet normal 0 -0.57529 0.817949
    outer loop
      vertex 104.7 -7.8842 18.156
      vertex 105.5 -8.00093 18.0739
      vertex 105.5 -7.8842 18.156
    endloop
  endfacet
  facet normal 0 -0.57529 0.817949
    outer loop
      vertex 105.5 -8.00093 18.0739
      vertex 104.7 -7.8842 18.156
      vertex 104.7 -8.00093 18.0739
    endloop
  endfacet
  facet normal 0 -0.621431 0.783469
    outer loop
      vertex 104.7 -7.77338 18.2439
      vertex 105.5 -7.8842 18.156
      vertex 105.5 -7.77338 18.2439
    endloop
  endfacet
  facet normal 0 -0.621431 0.783469
    outer loop
      vertex 105.5 -7.8842 18.156
      vertex 104.7 -7.77338 18.2439
      vertex 104.7 -7.8842 18.156
    endloop
  endfacet
  facet normal 0 -0.665924 0.74602
    outer loop
      vertex 104.7 -7.66841 18.3376
      vertex 105.5 -7.77338 18.2439
      vertex 105.5 -7.66841 18.3376
    endloop
  endfacet
  facet normal 0 -0.665924 0.74602
    outer loop
      vertex 105.5 -7.77338 18.2439
      vertex 104.7 -7.66841 18.3376
      vertex 104.7 -7.77338 18.2439
    endloop
  endfacet
  facet normal 0 -0.707926 0.706286
    outer loop
      vertex 104.7 -7.66841 18.3376
      vertex 105.5 -7.56934 18.4369
      vertex 104.7 -7.56934 18.4369
    endloop
  endfacet
  facet normal 0 -0.707926 0.706286
    outer loop
      vertex 105.5 -7.56934 18.4369
      vertex 104.7 -7.66841 18.3376
      vertex 105.5 -7.66841 18.3376
    endloop
  endfacet
  facet normal 0 -0.748543 0.663087
    outer loop
      vertex 104.7 -7.56934 18.4369
      vertex 105.5 -7.47615 18.5421
      vertex 104.7 -7.47615 18.5421
    endloop
  endfacet
  facet normal 0 -0.748543 0.663087
    outer loop
      vertex 105.5 -7.47615 18.5421
      vertex 104.7 -7.56934 18.4369
      vertex 105.5 -7.56934 18.4369
    endloop
  endfacet
  facet normal 0 -0.785481 0.618885
    outer loop
      vertex 104.7 -7.47615 18.5421
      vertex 105.5 -7.38885 18.6529
      vertex 104.7 -7.38885 18.6529
    endloop
  endfacet
  facet normal 0 -0.785481 0.618885
    outer loop
      vertex 105.5 -7.38885 18.6529
      vertex 104.7 -7.47615 18.5421
      vertex 105.5 -7.47615 18.5421
    endloop
  endfacet
  facet normal 0 -0.819598 0.572938
    outer loop
      vertex 104.7 -7.38885 18.6529
      vertex 105.5 -7.30811 18.7684
      vertex 104.7 -7.30811 18.7684
    endloop
  endfacet
  facet normal 0 -0.819598 0.572938
    outer loop
      vertex 105.5 -7.30811 18.7684
      vertex 104.7 -7.38885 18.6529
      vertex 105.5 -7.38885 18.6529
    endloop
  endfacet
  facet normal 0 -0.850344 0.526227
    outer loop
      vertex 104.7 -7.30811 18.7684
      vertex 105.5 -7.23453 18.8873
      vertex 104.7 -7.23453 18.8873
    endloop
  endfacet
  facet normal 0 -0.850344 0.526227
    outer loop
      vertex 105.5 -7.23453 18.8873
      vertex 104.7 -7.30811 18.7684
      vertex 105.5 -7.30811 18.7684
    endloop
  endfacet
  facet normal 0 -0.879274 0.476316
    outer loop
      vertex 104.7 -7.23453 18.8873
      vertex 105.5 -7.16817 19.0098
      vertex 104.7 -7.16817 19.0098
    endloop
  endfacet
  facet normal 0 -0.879274 0.476316
    outer loop
      vertex 105.5 -7.16817 19.0098
      vertex 104.7 -7.23453 18.8873
      vertex 105.5 -7.23453 18.8873
    endloop
  endfacet
  facet normal 0 -0.904977 0.425461
    outer loop
      vertex 104.7 -7.16817 19.0098
      vertex 105.5 -7.10898 19.1357
      vertex 104.7 -7.10898 19.1357
    endloop
  endfacet
  facet normal 0 -0.904977 0.425461
    outer loop
      vertex 105.5 -7.10898 19.1357
      vertex 104.7 -7.16817 19.0098
      vertex 105.5 -7.16817 19.0098
    endloop
  endfacet
  facet normal 0 -0.928056 0.372441
    outer loop
      vertex 104.7 -7.10898 19.1357
      vertex 105.5 -7.05701 19.2652
      vertex 104.7 -7.05701 19.2652
    endloop
  endfacet
  facet normal 0 -0.928056 0.372441
    outer loop
      vertex 105.5 -7.05701 19.2652
      vertex 104.7 -7.10898 19.1357
      vertex 105.5 -7.10898 19.1357
    endloop
  endfacet
  facet normal 0 -0.947608 0.319435
    outer loop
      vertex 104.7 -7.05701 19.2652
      vertex 105.5 -7.01221 19.3981
      vertex 104.7 -7.01221 19.3981
    endloop
  endfacet
  facet normal 0 -0.947608 0.319435
    outer loop
      vertex 105.5 -7.01221 19.3981
      vertex 104.7 -7.05701 19.2652
      vertex 105.5 -7.05701 19.2652
    endloop
  endfacet
  facet normal 0 -0.964043 0.265748
    outer loop
      vertex 104.7 -7.01221 19.3981
      vertex 105.5 -6.97461 19.5345
      vertex 104.7 -6.97461 19.5345
    endloop
  endfacet
  facet normal 0 -0.964043 0.265748
    outer loop
      vertex 105.5 -6.97461 19.5345
      vertex 104.7 -7.01221 19.3981
      vertex 105.5 -7.01221 19.3981
    endloop
  endfacet
  facet normal 0 -0.977164 0.212488
    outer loop
      vertex 104.7 -6.97461 19.5345
      vertex 105.5 -6.94421 19.6743
      vertex 104.7 -6.94421 19.6743
    endloop
  endfacet
  facet normal 0 -0.977164 0.212488
    outer loop
      vertex 105.5 -6.94421 19.6743
      vertex 104.7 -6.97461 19.5345
      vertex 105.5 -6.97461 19.5345
    endloop
  endfacet
  facet normal 0 -0.987164 0.159709
    outer loop
      vertex 104.7 -6.94421 19.6743
      vertex 105.5 -6.92101 19.8177
      vertex 104.7 -6.92101 19.8177
    endloop
  endfacet
  facet normal 0 -0.987164 0.159709
    outer loop
      vertex 105.5 -6.92101 19.8177
      vertex 104.7 -6.94421 19.6743
      vertex 105.5 -6.94421 19.6743
    endloop
  endfacet
  facet normal 0 -0.0459873 -0.998942
    outer loop
      vertex 104.7 -8.58058 19.8941
      vertex 105.5 -6.92101 19.8177
      vertex 105.5 -8.58058 19.8941
    endloop
  endfacet
  facet normal -0 -0.0459873 -0.998942
    outer loop
      vertex 105.5 -6.92101 19.8177
      vertex 104.7 -8.58058 19.8941
      vertex 104.7 -6.92101 19.8177
    endloop
  endfacet
  facet normal 0 0.987857 -0.155368
    outer loop
      vertex 105.5 -8.60057 19.767
      vertex 104.7 -8.58058 19.8941
      vertex 105.5 -8.58058 19.8941
    endloop
  endfacet
  facet normal 0 0.987857 -0.155368
    outer loop
      vertex 104.7 -8.58058 19.8941
      vertex 105.5 -8.60057 19.767
      vertex 104.7 -8.60057 19.767
    endloop
  endfacet
  facet normal 0 0.977388 -0.211455
    outer loop
      vertex 105.5 -8.62651 19.6471
      vertex 104.7 -8.60057 19.767
      vertex 105.5 -8.60057 19.767
    endloop
  endfacet
  facet normal 0 0.977388 -0.211455
    outer loop
      vertex 104.7 -8.60057 19.767
      vertex 105.5 -8.62651 19.6471
      vertex 104.7 -8.62651 19.6471
    endloop
  endfacet
  facet normal 0 0.962239 -0.272208
    outer loop
      vertex 105.5 -8.65842 19.5343
      vertex 104.7 -8.62651 19.6471
      vertex 105.5 -8.62651 19.6471
    endloop
  endfacet
  facet normal 0 0.962239 -0.272208
    outer loop
      vertex 104.7 -8.62651 19.6471
      vertex 105.5 -8.65842 19.5343
      vertex 104.7 -8.65842 19.5343
    endloop
  endfacet
  facet normal 0 0.941256 -0.337692
    outer loop
      vertex 105.5 -8.69627 19.4288
      vertex 104.7 -8.65842 19.5343
      vertex 105.5 -8.65842 19.5343
    endloop
  endfacet
  facet normal 0 0.941256 -0.337692
    outer loop
      vertex 104.7 -8.65842 19.5343
      vertex 105.5 -8.69627 19.4288
      vertex 104.7 -8.69627 19.4288
    endloop
  endfacet
  facet normal 0 0.913478 -0.406888
    outer loop
      vertex 105.5 -8.7401 19.3304
      vertex 104.7 -8.69627 19.4288
      vertex 105.5 -8.69627 19.4288
    endloop
  endfacet
  facet normal 0 0.913478 -0.406888
    outer loop
      vertex 104.7 -8.69627 19.4288
      vertex 105.5 -8.7401 19.3304
      vertex 104.7 -8.7401 19.3304
    endloop
  endfacet
  facet normal 0 0.877837 -0.47896
    outer loop
      vertex 105.5 -8.78986 19.2392
      vertex 104.7 -8.7401 19.3304
      vertex 105.5 -8.7401 19.3304
    endloop
  endfacet
  facet normal 0 0.877837 -0.47896
    outer loop
      vertex 104.7 -8.7401 19.3304
      vertex 105.5 -8.78986 19.2392
      vertex 104.7 -8.78986 19.2392
    endloop
  endfacet
  facet normal 0 0.833239 -0.552913
    outer loop
      vertex 105.5 -8.8456 19.1552
      vertex 104.7 -8.78986 19.2392
      vertex 105.5 -8.78986 19.2392
    endloop
  endfacet
  facet normal 0 0.833239 -0.552913
    outer loop
      vertex 104.7 -8.78986 19.2392
      vertex 105.5 -8.8456 19.1552
      vertex 104.7 -8.8456 19.1552
    endloop
  endfacet
  facet normal 0 0.779728 -0.626118
    outer loop
      vertex 105.5 -8.90727 19.0784
      vertex 104.7 -8.8456 19.1552
      vertex 105.5 -8.8456 19.1552
    endloop
  endfacet
  facet normal 0 0.779728 -0.626118
    outer loop
      vertex 104.7 -8.8456 19.1552
      vertex 105.5 -8.90727 19.0784
      vertex 104.7 -8.90727 19.0784
    endloop
  endfacet
  facet normal 0 0.717029 -0.697043
    outer loop
      vertex 105.5 -8.97493 19.0088
      vertex 104.7 -8.90727 19.0784
      vertex 105.5 -8.90727 19.0784
    endloop
  endfacet
  facet normal 0 0.717029 -0.697043
    outer loop
      vertex 104.7 -8.90727 19.0784
      vertex 105.5 -8.97493 19.0088
      vertex 104.7 -8.97493 19.0088
    endloop
  endfacet
  facet normal 0 0.65179 -0.758399
    outer loop
      vertex 104.7 -9.04742 18.9465
      vertex 105.5 -8.97493 19.0088
      vertex 105.5 -9.04742 18.9465
    endloop
  endfacet
  facet normal 0 0.65179 -0.758399
    outer loop
      vertex 105.5 -8.97493 19.0088
      vertex 104.7 -9.04742 18.9465
      vertex 104.7 -8.97493 19.0088
    endloop
  endfacet
  facet normal 0 0.584702 -0.811248
    outer loop
      vertex 104.7 -9.12373 18.8915
      vertex 105.5 -9.04742 18.9465
      vertex 105.5 -9.12373 18.8915
    endloop
  endfacet
  facet normal 0 0.584702 -0.811248
    outer loop
      vertex 105.5 -9.04742 18.9465
      vertex 104.7 -9.12373 18.8915
      vertex 104.7 -9.04742 18.9465
    endloop
  endfacet
  facet normal 0 0.511795 -0.859108
    outer loop
      vertex 104.7 -9.2038 18.8438
      vertex 105.5 -9.12373 18.8915
      vertex 105.5 -9.2038 18.8438
    endloop
  endfacet
  facet normal 0 0.511795 -0.859108
    outer loop
      vertex 105.5 -9.12373 18.8915
      vertex 104.7 -9.2038 18.8438
      vertex 104.7 -9.12373 18.8915
    endloop
  endfacet
  facet normal 0 0.433227 -0.901285
    outer loop
      vertex 104.7 -9.28764 18.8035
      vertex 105.5 -9.2038 18.8438
      vertex 105.5 -9.28764 18.8035
    endloop
  endfacet
  facet normal 0 0.433227 -0.901285
    outer loop
      vertex 105.5 -9.2038 18.8438
      vertex 104.7 -9.28764 18.8035
      vertex 104.7 -9.2038 18.8438
    endloop
  endfacet
  facet normal 0 0.352457 -0.935828
    outer loop
      vertex 104.7 -9.37526 18.7705
      vertex 105.5 -9.28764 18.8035
      vertex 105.5 -9.37526 18.7705
    endloop
  endfacet
  facet normal 0 0.352457 -0.935828
    outer loop
      vertex 105.5 -9.28764 18.8035
      vertex 104.7 -9.37526 18.7705
      vertex 104.7 -9.28764 18.8035
    endloop
  endfacet
  facet normal 0 0.270685 -0.962668
    outer loop
      vertex 104.7 -9.46666 18.7448
      vertex 105.5 -9.37526 18.7705
      vertex 105.5 -9.46666 18.7448
    endloop
  endfacet
  facet normal 0 0.270685 -0.962668
    outer loop
      vertex 105.5 -9.37526 18.7705
      vertex 104.7 -9.46666 18.7448
      vertex 104.7 -9.37526 18.7705
    endloop
  endfacet
  facet normal 0 0.188828 -0.98201
    outer loop
      vertex 104.7 -9.56183 18.7265
      vertex 105.5 -9.46666 18.7448
      vertex 105.5 -9.56183 18.7265
    endloop
  endfacet
  facet normal 0 0.188828 -0.98201
    outer loop
      vertex 105.5 -9.46666 18.7448
      vertex 104.7 -9.56183 18.7265
      vertex 104.7 -9.46666 18.7448
    endloop
  endfacet
  facet normal 0 0.110465 -0.99388
    outer loop
      vertex 104.7 -9.6608 18.7155
      vertex 105.5 -9.56183 18.7265
      vertex 105.5 -9.6608 18.7155
    endloop
  endfacet
  facet normal 0 0.110465 -0.99388
    outer loop
      vertex 105.5 -9.56183 18.7265
      vertex 104.7 -9.6608 18.7155
      vertex 104.7 -9.56183 18.7265
    endloop
  endfacet
  facet normal 0 0.0359934 -0.999352
    outer loop
      vertex 104.7 -9.76353 18.7118
      vertex 105.5 -9.6608 18.7155
      vertex 105.5 -9.76353 18.7118
    endloop
  endfacet
  facet normal 0 0.0359934 -0.999352
    outer loop
      vertex 105.5 -9.6608 18.7155
      vertex 104.7 -9.76353 18.7118
      vertex 104.7 -9.6608 18.7155
    endloop
  endfacet
  facet normal 0 -0.0991536 -0.995072
    outer loop
      vertex 104.7 -10.0365 18.739
      vertex 105.5 -9.76353 18.7118
      vertex 105.5 -10.0365 18.739
    endloop
  endfacet
  facet normal -0 -0.0991536 -0.995072
    outer loop
      vertex 105.5 -9.76353 18.7118
      vertex 104.7 -10.0365 18.739
      vertex 104.7 -9.76353 18.7118
    endloop
  endfacet
  facet normal 0 -0.320238 -0.947337
    outer loop
      vertex 104.7 -10.2773 18.8204
      vertex 105.5 -10.0365 18.739
      vertex 105.5 -10.2773 18.8204
    endloop
  endfacet
  facet normal -0 -0.320238 -0.947337
    outer loop
      vertex 105.5 -10.0365 18.739
      vertex 104.7 -10.2773 18.8204
      vertex 104.7 -10.0365 18.739
    endloop
  endfacet
  facet normal 0 -0.545496 -0.838113
    outer loop
      vertex 104.7 -10.4861 18.9563
      vertex 105.5 -10.2773 18.8204
      vertex 105.5 -10.4861 18.9563
    endloop
  endfacet
  facet normal -0 -0.545496 -0.838113
    outer loop
      vertex 105.5 -10.2773 18.8204
      vertex 104.7 -10.4861 18.9563
      vertex 104.7 -10.2773 18.8204
    endloop
  endfacet
  facet normal 0 -0.732642 -0.680614
    outer loop
      vertex 104.7 -10.4861 18.9563
      vertex 105.5 -10.6627 19.1464
      vertex 104.7 -10.6627 19.1464
    endloop
  endfacet
  facet normal 0 -0.732642 -0.680614
    outer loop
      vertex 105.5 -10.6627 19.1464
      vertex 104.7 -10.4861 18.9563
      vertex 105.5 -10.4861 18.9563
    endloop
  endfacet
  facet normal 0 -0.8608 -0.508943
    outer loop
      vertex 104.7 -10.6627 19.1464
      vertex 105.5 -10.8072 19.3908
      vertex 104.7 -10.8072 19.3908
    endloop
  endfacet
  facet normal 0 -0.8608 -0.508943
    outer loop
      vertex 105.5 -10.8072 19.3908
      vertex 104.7 -10.6627 19.1464
      vertex 105.5 -10.6627 19.1464
    endloop
  endfacet
  facet normal 0 -0.935968 -0.352084
    outer loop
      vertex 104.7 -10.8072 19.3908
      vertex 105.5 -10.9196 19.6896
      vertex 104.7 -10.9196 19.6896
    endloop
  endfacet
  facet normal 0 -0.935968 -0.352084
    outer loop
      vertex 105.5 -10.9196 19.6896
      vertex 104.7 -10.8072 19.3908
      vertex 105.5 -10.8072 19.3908
    endloop
  endfacet
  facet normal 0 -0.975163 -0.22149
    outer loop
      vertex 104.7 -10.9196 19.6896
      vertex 105.5 -10.9998 20.0427
      vertex 104.7 -10.9998 20.0427
    endloop
  endfacet
  facet normal 0 -0.975163 -0.22149
    outer loop
      vertex 105.5 -10.9998 20.0427
      vertex 104.7 -10.9196 19.6896
      vertex 105.5 -10.9196 19.6896
    endloop
  endfacet
  facet normal 0 -0.993074 -0.117492
    outer loop
      vertex 104.7 -10.9998 20.0427
      vertex 105.5 -11.048 20.4501
      vertex 104.7 -11.048 20.4501
    endloop
  endfacet
  facet normal 0 -0.993074 -0.117492
    outer loop
      vertex 105.5 -11.048 20.4501
      vertex 104.7 -10.9998 20.0427
      vertex 105.5 -10.9998 20.0427
    endloop
  endfacet
  facet normal 0 -0.999393 -0.0348499
    outer loop
      vertex 104.7 -11.048 20.4501
      vertex 105.5 -11.0641 20.9118
      vertex 104.7 -11.0641 20.9118
    endloop
  endfacet
  facet normal 0 -0.999393 -0.0348499
    outer loop
      vertex 105.5 -11.0641 20.9118
      vertex 104.7 -11.048 20.4501
      vertex 105.5 -11.048 20.4501
    endloop
  endfacet
  facet normal 0 -0.999379 0.0352302
    outer loop
      vertex 104.7 -11.0641 20.9118
      vertex 105.5 -11.0483 21.36
      vertex 104.7 -11.0483 21.36
    endloop
  endfacet
  facet normal 0 -0.999379 0.0352302
    outer loop
      vertex 105.5 -11.0483 21.36
      vertex 104.7 -11.0641 20.9118
      vertex 105.5 -11.0641 20.9118
    endloop
  endfacet
  facet normal 0 -0.992921 0.118779
    outer loop
      vertex 104.7 -11.0483 21.36
      vertex 105.5 -11.001 21.7554
      vertex 104.7 -11.001 21.7554
    endloop
  endfacet
  facet normal 0 -0.992921 0.118779
    outer loop
      vertex 105.5 -11.001 21.7554
      vertex 104.7 -11.0483 21.36
      vertex 105.5 -11.0483 21.36
    endloop
  endfacet
  facet normal 0 -0.974568 0.224091
    outer loop
      vertex 104.7 -11.001 21.7554
      vertex 105.5 -10.9222 22.0981
      vertex 104.7 -10.9222 22.0981
    endloop
  endfacet
  facet normal 0 -0.974568 0.224091
    outer loop
      vertex 105.5 -10.9222 22.0981
      vertex 104.7 -11.001 21.7554
      vertex 105.5 -11.001 21.7554
    endloop
  endfacet
  facet normal 0 -0.934569 0.355781
    outer loop
      vertex 104.7 -10.9222 22.0981
      vertex 105.5 -10.8118 22.3881
      vertex 104.7 -10.8118 22.3881
    endloop
  endfacet
  facet normal 0 -0.934569 0.355781
    outer loop
      vertex 105.5 -10.8118 22.3881
      vertex 104.7 -10.9222 22.0981
      vertex 105.5 -10.9222 22.0981
    endloop
  endfacet
  facet normal 0 -0.858258 0.513219
    outer loop
      vertex 104.7 -10.8118 22.3881
      vertex 105.5 -10.6699 22.6254
      vertex 104.7 -10.6699 22.6254
    endloop
  endfacet
  facet normal 0 -0.858258 0.513219
    outer loop
      vertex 105.5 -10.6699 22.6254
      vertex 104.7 -10.8118 22.3881
      vertex 105.5 -10.8118 22.3881
    endloop
  endfacet
  facet normal 0 -0.728687 0.684847
    outer loop
      vertex 104.7 -10.6699 22.6254
      vertex 105.5 -10.4965 22.8099
      vertex 104.7 -10.4965 22.8099
    endloop
  endfacet
  facet normal 0 -0.728687 0.684847
    outer loop
      vertex 105.5 -10.4965 22.8099
      vertex 104.7 -10.6699 22.6254
      vertex 105.5 -10.6699 22.6254
    endloop
  endfacet
  facet normal 0 -0.540799 0.841152
    outer loop
      vertex 104.7 -10.2915 22.9417
      vertex 105.5 -10.4965 22.8099
      vertex 105.5 -10.2915 22.9417
    endloop
  endfacet
  facet normal 0 -0.540799 0.841152
    outer loop
      vertex 105.5 -10.4965 22.8099
      vertex 104.7 -10.2915 22.9417
      vertex 104.7 -10.4965 22.8099
    endloop
  endfacet
  facet normal 0 -0.317311 0.948322
    outer loop
      vertex 104.7 -10.0551 23.0208
      vertex 105.5 -10.2915 22.9417
      vertex 105.5 -10.0551 23.0208
    endloop
  endfacet
  facet normal 0 -0.317311 0.948322
    outer loop
      vertex 105.5 -10.2915 22.9417
      vertex 104.7 -10.0551 23.0208
      vertex 104.7 -10.2915 22.9417
    endloop
  endfacet
  facet normal 0 -0.0976471 0.995221
    outer loop
      vertex 104.7 -9.78705 23.0471
      vertex 105.5 -10.0551 23.0208
      vertex 105.5 -9.78705 23.0471
    endloop
  endfacet
  facet normal 0 -0.0976471 0.995221
    outer loop
      vertex 105.5 -10.0551 23.0208
      vertex 104.7 -9.78705 23.0471
      vertex 104.7 -10.0551 23.0208
    endloop
  endfacet
  facet normal -0 0.0320691 0.999486
    outer loop
      vertex 104.7 -9.67485 23.0435
      vertex 105.5 -9.78705 23.0471
      vertex 105.5 -9.67485 23.0435
    endloop
  endfacet
  facet normal 0 0.0320691 0.999486
    outer loop
      vertex 105.5 -9.78705 23.0471
      vertex 104.7 -9.67485 23.0435
      vertex 104.7 -9.78705 23.0471
    endloop
  endfacet
  facet normal -0 0.100087 0.994979
    outer loop
      vertex 104.7 -9.56848 23.0328
      vertex 105.5 -9.67485 23.0435
      vertex 105.5 -9.56848 23.0328
    endloop
  endfacet
  facet normal 0 0.100087 0.994979
    outer loop
      vertex 105.5 -9.67485 23.0435
      vertex 104.7 -9.56848 23.0328
      vertex 104.7 -9.67485 23.0435
    endloop
  endfacet
  facet normal -0 0.176214 0.984352
    outer loop
      vertex 104.7 -9.46793 23.0148
      vertex 105.5 -9.56848 23.0328
      vertex 105.5 -9.46793 23.0148
    endloop
  endfacet
  facet normal 0 0.176214 0.984352
    outer loop
      vertex 105.5 -9.56848 23.0328
      vertex 104.7 -9.46793 23.0148
      vertex 104.7 -9.56848 23.0328
    endloop
  endfacet
  facet normal -0 0.257002 0.966411
    outer loop
      vertex 104.7 -9.37317 22.9896
      vertex 105.5 -9.46793 23.0148
      vertex 105.5 -9.37317 22.9896
    endloop
  endfacet
  facet normal 0 0.257002 0.966411
    outer loop
      vertex 105.5 -9.46793 23.0148
      vertex 104.7 -9.37317 22.9896
      vertex 104.7 -9.46793 23.0148
    endloop
  endfacet
  facet normal -0 0.341387 0.939923
    outer loop
      vertex 104.7 -9.28424 22.9573
      vertex 105.5 -9.37317 22.9896
      vertex 105.5 -9.28424 22.9573
    endloop
  endfacet
  facet normal 0 0.341387 0.939923
    outer loop
      vertex 105.5 -9.37317 22.9896
      vertex 104.7 -9.28424 22.9573
      vertex 104.7 -9.37317 22.9896
    endloop
  endfacet
  facet normal -0 0.43006 0.9028
    outer loop
      vertex 104.7 -9.20111 22.9177
      vertex 105.5 -9.28424 22.9573
      vertex 105.5 -9.20111 22.9177
    endloop
  endfacet
  facet normal 0 0.43006 0.9028
    outer loop
      vertex 105.5 -9.28424 22.9573
      vertex 104.7 -9.20111 22.9177
      vertex 104.7 -9.28424 22.9573
    endloop
  endfacet
  facet normal -0 0.517099 0.855926
    outer loop
      vertex 104.7 -9.12381 22.871
      vertex 105.5 -9.20111 22.9177
      vertex 105.5 -9.12381 22.871
    endloop
  endfacet
  facet normal 0 0.517099 0.855926
    outer loop
      vertex 105.5 -9.20111 22.9177
      vertex 104.7 -9.12381 22.871
      vertex 104.7 -9.20111 22.9177
    endloop
  endfacet
  facet normal -0 0.602729 0.797946
    outer loop
      vertex 104.7 -9.05232 22.817
      vertex 105.5 -9.12381 22.871
      vertex 105.5 -9.05232 22.817
    endloop
  endfacet
  facet normal 0 0.602729 0.797946
    outer loop
      vertex 105.5 -9.12381 22.871
      vertex 104.7 -9.05232 22.817
      vertex 104.7 -9.12381 22.871
    endloop
  endfacet
  facet normal -0 0.681062 0.732226
    outer loop
      vertex 104.7 -8.98663 22.7559
      vertex 105.5 -9.05232 22.817
      vertex 105.5 -8.98663 22.7559
    endloop
  endfacet
  facet normal 0 0.681062 0.732226
    outer loop
      vertex 105.5 -9.05232 22.817
      vertex 104.7 -8.98663 22.7559
      vertex 104.7 -9.05232 22.817
    endloop
  endfacet
  facet normal 0 0.744617 0.667492
    outer loop
      vertex 105.5 -8.92648 22.6888
      vertex 104.7 -8.98663 22.7559
      vertex 105.5 -8.98663 22.7559
    endloop
  endfacet
  facet normal 0 0.744617 0.667492
    outer loop
      vertex 104.7 -8.98663 22.7559
      vertex 105.5 -8.92648 22.6888
      vertex 104.7 -8.92648 22.6888
    endloop
  endfacet
  facet normal 0 0.795044 0.606552
    outer loop
      vertex 105.5 -8.87155 22.6168
      vertex 104.7 -8.92648 22.6888
      vertex 105.5 -8.92648 22.6888
    endloop
  endfacet
  facet normal 0 0.795044 0.606552
    outer loop
      vertex 104.7 -8.92648 22.6888
      vertex 105.5 -8.87155 22.6168
      vertex 104.7 -8.87155 22.6168
    endloop
  endfacet
  facet normal 0 0.839863 0.542798
    outer loop
      vertex 105.5 -8.82185 22.5399
      vertex 104.7 -8.87155 22.6168
      vertex 105.5 -8.87155 22.6168
    endloop
  endfacet
  facet normal 0 0.839863 0.542798
    outer loop
      vertex 104.7 -8.87155 22.6168
      vertex 105.5 -8.82185 22.5399
      vertex 104.7 -8.82185 22.5399
    endloop
  endfacet
  facet normal 0 0.878409 0.47791
    outer loop
      vertex 105.5 -8.7774 22.4582
      vertex 104.7 -8.82185 22.5399
      vertex 105.5 -8.82185 22.5399
    endloop
  endfacet
  facet normal 0 0.878409 0.47791
    outer loop
      vertex 104.7 -8.82185 22.5399
      vertex 105.5 -8.7774 22.4582
      vertex 104.7 -8.7774 22.4582
    endloop
  endfacet
  facet normal 0 0.910974 0.412463
    outer loop
      vertex 105.5 -8.73819 22.3716
      vertex 104.7 -8.7774 22.4582
      vertex 105.5 -8.7774 22.4582
    endloop
  endfacet
  facet normal 0 0.910974 0.412463
    outer loop
      vertex 104.7 -8.7774 22.4582
      vertex 105.5 -8.73819 22.3716
      vertex 104.7 -8.73819 22.3716
    endloop
  endfacet
  facet normal 0 0.937377 0.348315
    outer loop
      vertex 105.5 -8.70419 22.2801
      vertex 104.7 -8.73819 22.3716
      vertex 105.5 -8.73819 22.3716
    endloop
  endfacet
  facet normal 0 0.937377 0.348315
    outer loop
      vertex 104.7 -8.73819 22.3716
      vertex 105.5 -8.70419 22.2801
      vertex 104.7 -8.70419 22.2801
    endloop
  endfacet
  facet normal 0 0.958182 0.286161
    outer loop
      vertex 105.5 -8.67543 22.1838
      vertex 104.7 -8.70419 22.2801
      vertex 105.5 -8.70419 22.2801
    endloop
  endfacet
  facet normal 0 0.958182 0.286161
    outer loop
      vertex 104.7 -8.70419 22.2801
      vertex 105.5 -8.67543 22.1838
      vertex 104.7 -8.67543 22.1838
    endloop
  endfacet
  facet normal 0 0.974018 0.226469
    outer loop
      vertex 105.5 -8.6519 22.0826
      vertex 104.7 -8.67543 22.1838
      vertex 105.5 -8.67543 22.1838
    endloop
  endfacet
  facet normal 0 0.974018 0.226469
    outer loop
      vertex 104.7 -8.67543 22.1838
      vertex 105.5 -8.6519 22.0826
      vertex 104.7 -8.6519 22.0826
    endloop
  endfacet
  facet normal 0 0.985434 0.170059
    outer loop
      vertex 105.5 -8.63359 21.9765
      vertex 104.7 -8.6519 22.0826
      vertex 105.5 -8.6519 22.0826
    endloop
  endfacet
  facet normal 0 0.985434 0.170059
    outer loop
      vertex 104.7 -8.6519 22.0826
      vertex 105.5 -8.63359 21.9765
      vertex 104.7 -8.63359 21.9765
    endloop
  endfacet
  facet normal 0 -0.0494151 0.998778
    outer loop
      vertex 104.7 -6.96812 22.0589
      vertex 105.5 -8.63359 21.9765
      vertex 105.5 -6.96812 22.0589
    endloop
  endfacet
  facet normal 0 -0.0494151 0.998778
    outer loop
      vertex 105.5 -8.63359 21.9765
      vertex 104.7 -6.96812 22.0589
      vertex 104.7 -8.63359 21.9765
    endloop
  endfacet
  facet normal 0 -0.975503 -0.219986
    outer loop
      vertex 104.7 -6.96812 22.0589
      vertex 105.5 -7.01674 22.2745
      vertex 104.7 -7.01674 22.2745
    endloop
  endfacet
  facet normal 0 -0.975503 -0.219986
    outer loop
      vertex 105.5 -7.01674 22.2745
      vertex 104.7 -6.96812 22.0589
      vertex 105.5 -6.96812 22.0589
    endloop
  endfacet
  facet normal 0 -0.957026 -0.290002
    outer loop
      vertex 104.7 -7.01674 22.2745
      vertex 105.5 -7.07886 22.4795
      vertex 104.7 -7.07886 22.4795
    endloop
  endfacet
  facet normal 0 -0.957026 -0.290002
    outer loop
      vertex 105.5 -7.07886 22.4795
      vertex 104.7 -7.01674 22.2745
      vertex 105.5 -7.01674 22.2745
    endloop
  endfacet
  facet normal 0 -0.93194 -0.362613
    outer loop
      vertex 104.7 -7.07886 22.4795
      vertex 105.5 -7.1545 22.6739
      vertex 104.7 -7.1545 22.6739
    endloop
  endfacet
  facet normal 0 -0.93194 -0.362613
    outer loop
      vertex 105.5 -7.1545 22.6739
      vertex 104.7 -7.07886 22.4795
      vertex 105.5 -7.07886 22.4795
    endloop
  endfacet
  facet normal 0 -0.899766 -0.436372
    outer loop
      vertex 104.7 -7.1545 22.6739
      vertex 105.5 -7.24364 22.8577
      vertex 104.7 -7.24364 22.8577
    endloop
  endfacet
  facet normal 0 -0.899766 -0.436372
    outer loop
      vertex 105.5 -7.24364 22.8577
      vertex 104.7 -7.1545 22.6739
      vertex 105.5 -7.1545 22.6739
    endloop
  endfacet
  facet normal 0 -0.86022 -0.509924
    outer loop
      vertex 104.7 -7.24364 22.8577
      vertex 105.5 -7.34631 23.0309
      vertex 104.7 -7.34631 23.0309
    endloop
  endfacet
  facet normal 0 -0.86022 -0.509924
    outer loop
      vertex 105.5 -7.34631 23.0309
      vertex 104.7 -7.24364 22.8577
      vertex 105.5 -7.24364 22.8577
    endloop
  endfacet
  facet normal 0 -0.813669 -0.581328
    outer loop
      vertex 104.7 -7.34631 23.0309
      vertex 105.5 -7.46248 23.1935
      vertex 104.7 -7.46248 23.1935
    endloop
  endfacet
  facet normal 0 -0.813669 -0.581328
    outer loop
      vertex 105.5 -7.46248 23.1935
      vertex 104.7 -7.34631 23.0309
      vertex 105.5 -7.34631 23.0309
    endloop
  endfacet
  facet normal 0 -0.760703 -0.6491
    outer loop
      vertex 104.7 -7.46248 23.1935
      vertex 105.5 -7.59218 23.3455
      vertex 104.7 -7.59218 23.3455
    endloop
  endfacet
  facet normal 0 -0.760703 -0.6491
    outer loop
      vertex 105.5 -7.59218 23.3455
      vertex 104.7 -7.46248 23.1935
      vertex 105.5 -7.46248 23.1935
    endloop
  endfacet
  facet normal 0 -0.702571 -0.711614
    outer loop
      vertex 104.7 -7.7354 23.4869
      vertex 105.5 -7.59218 23.3455
      vertex 105.5 -7.7354 23.4869
    endloop
  endfacet
  facet normal -0 -0.702571 -0.711614
    outer loop
      vertex 105.5 -7.59218 23.3455
      vertex 104.7 -7.7354 23.4869
      vertex 104.7 -7.59218 23.3455
    endloop
  endfacet
  facet normal 0 -0.640787 -0.767719
    outer loop
      vertex 104.7 -7.89211 23.6177
      vertex 105.5 -7.7354 23.4869
      vertex 105.5 -7.89211 23.6177
    endloop
  endfacet
  facet normal -0 -0.640787 -0.767719
    outer loop
      vertex 105.5 -7.7354 23.4869
      vertex 104.7 -7.89211 23.6177
      vertex 104.7 -7.7354 23.4869
    endloop
  endfacet
  facet normal 0 -0.575779 -0.817606
    outer loop
      vertex 104.7 -8.06038 23.7362
      vertex 105.5 -7.89211 23.6177
      vertex 105.5 -8.06038 23.7362
    endloop
  endfacet
  facet normal -0 -0.575779 -0.817606
    outer loop
      vertex 105.5 -7.89211 23.6177
      vertex 104.7 -8.06038 23.7362
      vertex 104.7 -7.89211 23.6177
    endloop
  endfacet
  facet normal 0 -0.506978 -0.861959
    outer loop
      vertex 104.7 -8.23822 23.8408
      vertex 105.5 -8.06038 23.7362
      vertex 105.5 -8.23822 23.8408
    endloop
  endfacet
  facet normal -0 -0.506978 -0.861959
    outer loop
      vertex 105.5 -8.06038 23.7362
      vertex 104.7 -8.23822 23.8408
      vertex 104.7 -8.06038 23.7362
    endloop
  endfacet
  facet normal 0 -0.435165 -0.900351
    outer loop
      vertex 104.7 -8.42567 23.9314
      vertex 105.5 -8.23822 23.8408
      vertex 105.5 -8.42567 23.9314
    endloop
  endfacet
  facet normal -0 -0.435165 -0.900351
    outer loop
      vertex 105.5 -8.23822 23.8408
      vertex 104.7 -8.42567 23.9314
      vertex 104.7 -8.23822 23.8408
    endloop
  endfacet
  facet normal 0 -0.362763 -0.931881
    outer loop
      vertex 104.7 -8.6227 24.0081
      vertex 105.5 -8.42567 23.9314
      vertex 105.5 -8.6227 24.0081
    endloop
  endfacet
  facet normal -0 -0.362763 -0.931881
    outer loop
      vertex 105.5 -8.42567 23.9314
      vertex 104.7 -8.6227 24.0081
      vertex 104.7 -8.42567 23.9314
    endloop
  endfacet
  facet normal 0 -0.29038 -0.956911
    outer loop
      vertex 104.7 -8.82932 24.0708
      vertex 105.5 -8.6227 24.0081
      vertex 105.5 -8.82932 24.0708
    endloop
  endfacet
  facet normal -0 -0.29038 -0.956911
    outer loop
      vertex 105.5 -8.6227 24.0081
      vertex 104.7 -8.82932 24.0708
      vertex 104.7 -8.6227 24.0081
    endloop
  endfacet
  facet normal 0 -0.220168 -0.975462
    outer loop
      vertex 104.7 -9.04553 24.1196
      vertex 105.5 -8.82932 24.0708
      vertex 105.5 -9.04553 24.1196
    endloop
  endfacet
  facet normal -0 -0.220168 -0.975462
    outer loop
      vertex 105.5 -8.82932 24.0708
      vertex 104.7 -9.04553 24.1196
      vertex 104.7 -8.82932 24.0708
    endloop
  endfacet
  facet normal 0 -0.152735 -0.988267
    outer loop
      vertex 104.7 -9.27135 24.1545
      vertex 105.5 -9.04553 24.1196
      vertex 105.5 -9.27135 24.1545
    endloop
  endfacet
  facet normal -0 -0.152735 -0.988267
    outer loop
      vertex 105.5 -9.04553 24.1196
      vertex 104.7 -9.27135 24.1545
      vertex 104.7 -9.04553 24.1196
    endloop
  endfacet
  facet normal 0 -0.0884446 -0.996081
    outer loop
      vertex 104.7 -9.50673 24.1754
      vertex 105.5 -9.27135 24.1545
      vertex 105.5 -9.50673 24.1754
    endloop
  endfacet
  facet normal -0 -0.0884446 -0.996081
    outer loop
      vertex 105.5 -9.27135 24.1545
      vertex 104.7 -9.50673 24.1754
      vertex 104.7 -9.27135 24.1545
    endloop
  endfacet
  facet normal 0 -0.0285609 -0.999592
    outer loop
      vertex 104.7 -9.75172 24.1824
      vertex 105.5 -9.50673 24.1754
      vertex 105.5 -9.75172 24.1824
    endloop
  endfacet
  facet normal -0 -0.0285609 -0.999592
    outer loop
      vertex 105.5 -9.50673 24.1754
      vertex 104.7 -9.75172 24.1824
      vertex 104.7 -9.50673 24.1754
    endloop
  endfacet
  facet normal 0 0.0344536 -0.999406
    outer loop
      vertex 104.7 -10.0679 24.1715
      vertex 105.5 -9.75172 24.1824
      vertex 105.5 -10.0679 24.1715
    endloop
  endfacet
  facet normal 0 0.0344536 -0.999406
    outer loop
      vertex 105.5 -9.75172 24.1824
      vertex 104.7 -10.0679 24.1715
      vertex 104.7 -9.75172 24.1824
    endloop
  endfacet
  facet normal 0 0.108138 -0.994136
    outer loop
      vertex 104.7 -10.3676 24.1389
      vertex 105.5 -10.0679 24.1715
      vertex 105.5 -10.3676 24.1389
    endloop
  endfacet
  facet normal 0 0.108138 -0.994136
    outer loop
      vertex 105.5 -10.0679 24.1715
      vertex 104.7 -10.3676 24.1389
      vertex 104.7 -10.0679 24.1715
    endloop
  endfacet
  facet normal 0 0.187909 -0.982187
    outer loop
      vertex 104.7 -10.6509 24.0847
      vertex 105.5 -10.3676 24.1389
      vertex 105.5 -10.6509 24.0847
    endloop
  endfacet
  facet normal 0 0.187909 -0.982187
    outer loop
      vertex 105.5 -10.3676 24.1389
      vertex 104.7 -10.6509 24.0847
      vertex 104.7 -10.3676 24.1389
    endloop
  endfacet
  facet normal 0 0.273959 -0.961741
    outer loop
      vertex 104.7 -10.9177 24.0087
      vertex 105.5 -10.6509 24.0847
      vertex 105.5 -10.9177 24.0087
    endloop
  endfacet
  facet normal 0 0.273959 -0.961741
    outer loop
      vertex 105.5 -10.6509 24.0847
      vertex 104.7 -10.9177 24.0087
      vertex 104.7 -10.6509 24.0847
    endloop
  endfacet
  facet normal 0 0.363684 -0.931522
    outer loop
      vertex 104.7 -11.1682 23.9109
      vertex 105.5 -10.9177 24.0087
      vertex 105.5 -11.1682 23.9109
    endloop
  endfacet
  facet normal 0 0.363684 -0.931522
    outer loop
      vertex 105.5 -10.9177 24.0087
      vertex 104.7 -11.1682 23.9109
      vertex 104.7 -10.9177 24.0087
    endloop
  endfacet
  facet normal 0 0.454507 -0.890743
    outer loop
      vertex 104.7 -11.4022 23.7915
      vertex 105.5 -11.1682 23.9109
      vertex 105.5 -11.4022 23.7915
    endloop
  endfacet
  facet normal 0 0.454507 -0.890743
    outer loop
      vertex 105.5 -11.1682 23.9109
      vertex 104.7 -11.4022 23.7915
      vertex 104.7 -11.1682 23.9109
    endloop
  endfacet
  facet normal 0 0.544066 -0.839042
    outer loop
      vertex 104.7 -11.6198 23.6504
      vertex 105.5 -11.4022 23.7915
      vertex 105.5 -11.6198 23.6504
    endloop
  endfacet
  facet normal 0 0.544066 -0.839042
    outer loop
      vertex 105.5 -11.4022 23.7915
      vertex 104.7 -11.6198 23.6504
      vertex 104.7 -11.4022 23.7915
    endloop
  endfacet
  facet normal 0 0.629254 -0.7772
    outer loop
      vertex 104.7 -11.821 23.4875
      vertex 105.5 -11.6198 23.6504
      vertex 105.5 -11.821 23.4875
    endloop
  endfacet
  facet normal 0 0.629254 -0.7772
    outer loop
      vertex 105.5 -11.6198 23.6504
      vertex 104.7 -11.821 23.4875
      vertex 104.7 -11.6198 23.6504
    endloop
  endfacet
  facet normal 0 0.706724 -0.70749
    outer loop
      vertex 104.7 -12.0058 23.3029
      vertex 105.5 -11.821 23.4875
      vertex 105.5 -12.0058 23.3029
    endloop
  endfacet
  facet normal 0 0.706724 -0.70749
    outer loop
      vertex 105.5 -11.821 23.4875
      vertex 104.7 -12.0058 23.3029
      vertex 104.7 -11.821 23.4875
    endloop
  endfacet
  facet normal 0 0.774346 -0.632762
    outer loop
      vertex 105.5 -12.1725 23.0989
      vertex 104.7 -12.0058 23.3029
      vertex 105.5 -12.0058 23.3029
    endloop
  endfacet
  facet normal 0 0.774346 -0.632762
    outer loop
      vertex 104.7 -12.0058 23.3029
      vertex 105.5 -12.1725 23.0989
      vertex 104.7 -12.1725 23.0989
    endloop
  endfacet
  facet normal 0 0.832687 -0.553744
    outer loop
      vertex 105.5 -12.3196 22.8777
      vertex 104.7 -12.1725 23.0989
      vertex 105.5 -12.1725 23.0989
    endloop
  endfacet
  facet normal 0 0.832687 -0.553744
    outer loop
      vertex 104.7 -12.1725 23.0989
      vertex 105.5 -12.3196 22.8777
      vertex 104.7 -12.3196 22.8777
    endloop
  endfacet
  facet normal 0 0.881892 -0.471452
    outer loop
      vertex 105.5 -12.4471 22.6392
      vertex 104.7 -12.3196 22.8777
      vertex 105.5 -12.3196 22.8777
    endloop
  endfacet
  facet normal 0 0.881892 -0.471452
    outer loop
      vertex 104.7 -12.3196 22.8777
      vertex 105.5 -12.4471 22.6392
      vertex 104.7 -12.4471 22.6392
    endloop
  endfacet
  facet normal 0 0.921275 -0.388911
    outer loop
      vertex 105.5 -12.555 22.3836
      vertex 104.7 -12.4471 22.6392
      vertex 105.5 -12.4471 22.6392
    endloop
  endfacet
  facet normal 0 0.921275 -0.388911
    outer loop
      vertex 104.7 -12.4471 22.6392
      vertex 105.5 -12.555 22.3836
      vertex 104.7 -12.555 22.3836
    endloop
  endfacet
  facet normal 0 0.951436 -0.307848
    outer loop
      vertex 105.5 -12.6433 22.1107
      vertex 104.7 -12.555 22.3836
      vertex 105.5 -12.555 22.3836
    endloop
  endfacet
  facet normal 0 0.951436 -0.307848
    outer loop
      vertex 104.7 -12.555 22.3836
      vertex 105.5 -12.6433 22.1107
      vertex 104.7 -12.6433 22.1107
    endloop
  endfacet
  facet normal 0 0.973161 -0.230124
    outer loop
      vertex 105.5 -12.7119 21.8206
      vertex 104.7 -12.6433 22.1107
      vertex 105.5 -12.6433 22.1107
    endloop
  endfacet
  facet normal 0 0.973161 -0.230124
    outer loop
      vertex 104.7 -12.6433 22.1107
      vertex 105.5 -12.7119 21.8206
      vertex 104.7 -12.7119 21.8206
    endloop
  endfacet
  facet normal 0 0.987475 -0.157777
    outer loop
      vertex 105.5 -12.761 21.5133
      vertex 104.7 -12.7119 21.8206
      vertex 105.5 -12.7119 21.8206
    endloop
  endfacet
  facet normal 0 0.987475 -0.157777
    outer loop
      vertex 104.7 -12.7119 21.8206
      vertex 105.5 -12.761 21.5133
      vertex 104.7 -12.761 21.5133
    endloop
  endfacet
  facet normal 0 0.995921 -0.0902313
    outer loop
      vertex 105.5 -12.7904 21.1888
      vertex 104.7 -12.761 21.5133
      vertex 105.5 -12.761 21.5133
    endloop
  endfacet
  facet normal 0 0.995921 -0.0902313
    outer loop
      vertex 104.7 -12.761 21.5133
      vertex 105.5 -12.7904 21.1888
      vertex 104.7 -12.7904 21.1888
    endloop
  endfacet
  facet normal 0 0.999589 -0.0286683
    outer loop
      vertex 105.5 -12.8002 20.8471
      vertex 104.7 -12.7904 21.1888
      vertex 105.5 -12.7904 21.1888
    endloop
  endfacet
  facet normal 0 0.999589 -0.0286683
    outer loop
      vertex 104.7 -12.7904 21.1888
      vertex 105.5 -12.8002 20.8471
      vertex 104.7 -12.8002 20.8471
    endloop
  endfacet
  facet normal 0 0.999579 0.029021
    outer loop
      vertex 105.5 -12.7905 20.513
      vertex 104.7 -12.8002 20.8471
      vertex 105.5 -12.8002 20.8471
    endloop
  endfacet
  facet normal 0 0.999579 0.029021
    outer loop
      vertex 104.7 -12.8002 20.8471
      vertex 105.5 -12.7905 20.513
      vertex 104.7 -12.7905 20.513
    endloop
  endfacet
  facet normal 0 0.995764 0.0919504
    outer loop
      vertex 105.5 -12.7612 20.1957
      vertex 104.7 -12.7905 20.513
      vertex 105.5 -12.7905 20.513
    endloop
  endfacet
  facet normal 0 0.995764 0.0919504
    outer loop
      vertex 104.7 -12.7905 20.513
      vertex 105.5 -12.7612 20.1957
      vertex 104.7 -12.7612 20.1957
    endloop
  endfacet
  facet normal 0 0.987181 0.159604
    outer loop
      vertex 105.5 -12.7126 19.8951
      vertex 104.7 -12.7612 20.1957
      vertex 105.5 -12.7612 20.1957
    endloop
  endfacet
  facet normal 0 0.987181 0.159604
    outer loop
      vertex 104.7 -12.7612 20.1957
      vertex 105.5 -12.7126 19.8951
      vertex 104.7 -12.7126 19.8951
    endloop
  endfacet
  facet normal 0 0.9723 0.233736
    outer loop
      vertex 105.5 -12.6444 19.6114
      vertex 104.7 -12.7126 19.8951
      vertex 105.5 -12.7126 19.8951
    endloop
  endfacet
  facet normal 0 0.9723 0.233736
    outer loop
      vertex 104.7 -12.7126 19.8951
      vertex 105.5 -12.6444 19.6114
      vertex 104.7 -12.6444 19.6114
    endloop
  endfacet
  facet normal 0 0.950167 0.31174
    outer loop
      vertex 105.5 -12.5568 19.3444
      vertex 104.7 -12.6444 19.6114
      vertex 105.5 -12.6444 19.6114
    endloop
  endfacet
  facet normal 0 0.950167 0.31174
    outer loop
      vertex 104.7 -12.6444 19.6114
      vertex 105.5 -12.5568 19.3444
      vertex 104.7 -12.5568 19.3444
    endloop
  endfacet
  facet normal 0 0.919373 0.393387
    outer loop
      vertex 105.5 -12.4497 19.0941
      vertex 104.7 -12.5568 19.3444
      vertex 105.5 -12.5568 19.3444
    endloop
  endfacet
  facet normal 0 0.919373 0.393387
    outer loop
      vertex 104.7 -12.5568 19.3444
      vertex 105.5 -12.4497 19.0941
      vertex 104.7 -12.4497 19.0941
    endloop
  endfacet
  facet normal 0 0.879016 0.476793
    outer loop
      vertex 105.5 -12.3231 18.8607
      vertex 104.7 -12.4497 19.0941
      vertex 105.5 -12.4497 19.0941
    endloop
  endfacet
  facet normal 0 0.879016 0.476793
    outer loop
      vertex 104.7 -12.4497 19.0941
      vertex 105.5 -12.3231 18.8607
      vertex 104.7 -12.3231 18.8607
    endloop
  endfacet
  facet normal 0 0.829332 0.558756
    outer loop
      vertex 105.5 -12.1771 18.644
      vertex 104.7 -12.3231 18.8607
      vertex 105.5 -12.3231 18.8607
    endloop
  endfacet
  facet normal 0 0.829332 0.558756
    outer loop
      vertex 104.7 -12.3231 18.8607
      vertex 105.5 -12.1771 18.644
      vertex 104.7 -12.1771 18.644
    endloop
  endfacet
  facet normal 0 0.77027 0.637718
    outer loop
      vertex 105.5 -12.0116 18.4441
      vertex 104.7 -12.1771 18.644
      vertex 105.5 -12.1771 18.644
    endloop
  endfacet
  facet normal 0 0.77027 0.637718
    outer loop
      vertex 104.7 -12.1771 18.644
      vertex 105.5 -12.0116 18.4441
      vertex 104.7 -12.0116 18.4441
    endloop
  endfacet
  facet normal -0 0.702238 0.711943
    outer loop
      vertex 104.7 -11.8282 18.2632
      vertex 105.5 -12.0116 18.4441
      vertex 105.5 -11.8282 18.2632
    endloop
  endfacet
  facet normal 0 0.702238 0.711943
    outer loop
      vertex 105.5 -12.0116 18.4441
      vertex 104.7 -11.8282 18.2632
      vertex 104.7 -12.0116 18.4441
    endloop
  endfacet
  facet normal -0 0.624075 0.781365
    outer loop
      vertex 104.7 -11.6285 18.1037
      vertex 105.5 -11.8282 18.2632
      vertex 105.5 -11.6285 18.1037
    endloop
  endfacet
  facet normal 0 0.624075 0.781365
    outer loop
      vertex 105.5 -11.8282 18.2632
      vertex 104.7 -11.6285 18.1037
      vertex 104.7 -11.8282 18.2632
    endloop
  endfacet
  facet normal -0 0.539397 0.842052
    outer loop
      vertex 104.7 -11.4126 17.9654
      vertex 105.5 -11.6285 18.1037
      vertex 105.5 -11.4126 17.9654
    endloop
  endfacet
  facet normal 0 0.539397 0.842052
    outer loop
      vertex 105.5 -11.6285 18.1037
      vertex 104.7 -11.4126 17.9654
      vertex 104.7 -11.6285 18.1037
    endloop
  endfacet
  facet normal -0 0.450287 0.892884
    outer loop
      vertex 104.7 -11.1804 17.8483
      vertex 105.5 -11.4126 17.9654
      vertex 105.5 -11.1804 17.8483
    endloop
  endfacet
  facet normal 0 0.450287 0.892884
    outer loop
      vertex 105.5 -11.4126 17.9654
      vertex 104.7 -11.1804 17.8483
      vertex 104.7 -11.4126 17.9654
    endloop
  endfacet
  facet normal -0 0.359382 0.933191
    outer loop
      vertex 104.7 -10.9319 17.7526
      vertex 105.5 -11.1804 17.8483
      vertex 105.5 -10.9319 17.7526
    endloop
  endfacet
  facet normal 0 0.359382 0.933191
    outer loop
      vertex 105.5 -11.1804 17.8483
      vertex 104.7 -10.9319 17.7526
      vertex 104.7 -11.1804 17.8483
    endloop
  endfacet
  facet normal -0 0.270925 0.962601
    outer loop
      vertex 104.7 -10.6672 17.6781
      vertex 105.5 -10.9319 17.7526
      vertex 105.5 -10.6672 17.6781
    endloop
  endfacet
  facet normal 0 0.270925 0.962601
    outer loop
      vertex 105.5 -10.9319 17.7526
      vertex 104.7 -10.6672 17.6781
      vertex 104.7 -10.9319 17.7526
    endloop
  endfacet
  facet normal -0 0.185956 0.982558
    outer loop
      vertex 104.7 -10.3861 17.6249
      vertex 105.5 -10.6672 17.6781
      vertex 105.5 -10.3861 17.6249
    endloop
  endfacet
  facet normal 0 0.185956 0.982558
    outer loop
      vertex 105.5 -10.6672 17.6781
      vertex 104.7 -10.3861 17.6249
      vertex 104.7 -10.6672 17.6781
    endloop
  endfacet
  facet normal -0 0.106687 0.994293
    outer loop
      vertex 104.7 -10.0888 17.593
      vertex 105.5 -10.3861 17.6249
      vertex 105.5 -10.0888 17.593
    endloop
  endfacet
  facet normal 0 0.106687 0.994293
    outer loop
      vertex 105.5 -10.3861 17.6249
      vertex 104.7 -10.0888 17.593
      vertex 104.7 -10.3861 17.6249
    endloop
  endfacet
  facet normal -0 0.0337871 0.999429
    outer loop
      vertex 104.7 -9.77525 17.5824
      vertex 105.5 -10.0888 17.593
      vertex 105.5 -9.77525 17.5824
    endloop
  endfacet
  facet normal 0 0.0337871 0.999429
    outer loop
      vertex 105.5 -10.0888 17.593
      vertex 104.7 -9.77525 17.5824
      vertex 104.7 -10.0888 17.593
    endloop
  endfacet
  facet normal 0 -0.0200632 0.999799
    outer loop
      vertex 104.7 -9.60582 17.5858
      vertex 105.5 -9.77525 17.5824
      vertex 105.5 -9.60582 17.5858
    endloop
  endfacet
  facet normal 0 -0.0200632 0.999799
    outer loop
      vertex 105.5 -9.77525 17.5824
      vertex 104.7 -9.60582 17.5858
      vertex 104.7 -9.77525 17.5824
    endloop
  endfacet
  facet normal 0 -0.154952 0.987922
    outer loop
      vertex 104.7 -2.42421 17.6678
      vertex 105.5 -2.83289 17.6037
      vertex 105.5 -2.42421 17.6678
    endloop
  endfacet
  facet normal 0 -0.154952 0.987922
    outer loop
      vertex 105.5 -2.83289 17.6037
      vertex 104.7 -2.42421 17.6678
      vertex 104.7 -2.83289 17.6037
    endloop
  endfacet
  facet normal 0 -0.274178 0.961679
    outer loop
      vertex 104.7 -2.04996 17.7745
      vertex 105.5 -2.42421 17.6678
      vertex 105.5 -2.04996 17.7745
    endloop
  endfacet
  facet normal 0 -0.274178 0.961679
    outer loop
      vertex 105.5 -2.42421 17.6678
      vertex 104.7 -2.04996 17.7745
      vertex 104.7 -2.42421 17.6678
    endloop
  endfacet
  facet normal 0 -0.402692 0.915336
    outer loop
      vertex 104.7 -1.71014 17.924
      vertex 105.5 -2.04996 17.7745
      vertex 105.5 -1.71014 17.924
    endloop
  endfacet
  facet normal 0 -0.402692 0.915336
    outer loop
      vertex 105.5 -2.04996 17.7745
      vertex 104.7 -1.71014 17.924
      vertex 104.7 -2.04996 17.7745
    endloop
  endfacet
  facet normal 0 -0.532476 0.846445
    outer loop
      vertex 104.7 -1.40477 18.1161
      vertex 105.5 -1.71014 17.924
      vertex 105.5 -1.40477 18.1161
    endloop
  endfacet
  facet normal 0 -0.532476 0.846445
    outer loop
      vertex 105.5 -1.71014 17.924
      vertex 104.7 -1.40477 18.1161
      vertex 104.7 -1.71014 17.924
    endloop
  endfacet
  facet normal 0 -0.655066 0.755571
    outer loop
      vertex 104.7 -1.13383 18.351
      vertex 105.5 -1.40477 18.1161
      vertex 105.5 -1.13383 18.351
    endloop
  endfacet
  facet normal 0 -0.655066 0.755571
    outer loop
      vertex 105.5 -1.40477 18.1161
      vertex 104.7 -1.13383 18.351
      vertex 104.7 -1.40477 18.1161
    endloop
  endfacet
  facet normal 0 -0.76122 0.648493
    outer loop
      vertex 104.7 -1.13383 18.351
      vertex 105.5 -0.897339 18.6286
      vertex 104.7 -0.897339 18.6286
    endloop
  endfacet
  facet normal 0 -0.76122 0.648493
    outer loop
      vertex 105.5 -0.897339 18.6286
      vertex 104.7 -1.13383 18.351
      vertex 105.5 -1.13383 18.351
    endloop
  endfacet
  facet normal 0 -0.845754 0.533572
    outer loop
      vertex 104.7 -0.897339 18.6286
      vertex 105.5 -0.695267 18.9489
      vertex 104.7 -0.695267 18.9489
    endloop
  endfacet
  facet normal 0 -0.845754 0.533572
    outer loop
      vertex 105.5 -0.695267 18.9489
      vertex 104.7 -0.897339 18.6286
      vertex 105.5 -0.897339 18.6286
    endloop
  endfacet
  facet normal 0 -0.907825 0.419348
    outer loop
      vertex 104.7 -0.695267 18.9489
      vertex 105.5 -0.527634 19.3118
      vertex 104.7 -0.527634 19.3118
    endloop
  endfacet
  facet normal 0 -0.907825 0.419348
    outer loop
      vertex 105.5 -0.527634 19.3118
      vertex 104.7 -0.695267 18.9489
      vertex 105.5 -0.695267 18.9489
    endloop
  endfacet
  facet normal 0 -0.0864275 -0.996258
    outer loop
      vertex 104.7 -2.08725 19.4471
      vertex 105.5 -0.527634 19.3118
      vertex 105.5 -2.08725 19.4471
    endloop
  endfacet
  facet normal -0 -0.0864275 -0.996258
    outer loop
      vertex 105.5 -0.527634 19.3118
      vertex 104.7 -2.08725 19.4471
      vertex 104.7 -0.527634 19.3118
    endloop
  endfacet
  facet normal 0 0.937806 -0.347159
    outer loop
      vertex 105.5 -2.14622 19.2878
      vertex 104.7 -2.08725 19.4471
      vertex 105.5 -2.08725 19.4471
    endloop
  endfacet
  facet normal 0 0.937806 -0.347159
    outer loop
      vertex 104.7 -2.08725 19.4471
      vertex 105.5 -2.14622 19.2878
      vertex 104.7 -2.14622 19.2878
    endloop
  endfacet
  facet normal 0 0.882205 -0.470865
    outer loop
      vertex 105.5 -2.22121 19.1473
      vertex 104.7 -2.14622 19.2878
      vertex 105.5 -2.14622 19.2878
    endloop
  endfacet
  facet normal 0 0.882205 -0.470865
    outer loop
      vertex 104.7 -2.14622 19.2878
      vertex 105.5 -2.22121 19.1473
      vertex 104.7 -2.22121 19.1473
    endloop
  endfacet
  facet normal 0 0.801293 -0.598272
    outer loop
      vertex 105.5 -2.31215 19.0255
      vertex 104.7 -2.22121 19.1473
      vertex 105.5 -2.22121 19.1473
    endloop
  endfacet
  facet normal 0 0.801293 -0.598272
    outer loop
      vertex 104.7 -2.22121 19.1473
      vertex 105.5 -2.31215 19.0255
      vertex 104.7 -2.31215 19.0255
    endloop
  endfacet
  facet normal 0 0.693681 -0.720283
    outer loop
      vertex 104.7 -2.4191 18.9225
      vertex 105.5 -2.31215 19.0255
      vertex 105.5 -2.4191 18.9225
    endloop
  endfacet
  facet normal 0 0.693681 -0.720283
    outer loop
      vertex 105.5 -2.31215 19.0255
      vertex 104.7 -2.4191 18.9225
      vertex 104.7 -2.31215 19.0255
    endloop
  endfacet
  facet normal 0 0.565583 -0.824691
    outer loop
      vertex 104.7 -2.54202 18.8382
      vertex 105.5 -2.4191 18.9225
      vertex 105.5 -2.54202 18.8382
    endloop
  endfacet
  facet normal 0 0.565583 -0.824691
    outer loop
      vertex 105.5 -2.4191 18.9225
      vertex 104.7 -2.54202 18.8382
      vertex 104.7 -2.4191 18.9225
    endloop
  endfacet
  facet normal 0 0.427051 -0.904228
    outer loop
      vertex 104.7 -2.68092 18.7726
      vertex 105.5 -2.54202 18.8382
      vertex 105.5 -2.68092 18.7726
    endloop
  endfacet
  facet normal 0 0.427051 -0.904228
    outer loop
      vertex 105.5 -2.54202 18.8382
      vertex 104.7 -2.68092 18.7726
      vertex 104.7 -2.54202 18.8382
    endloop
  endfacet
  facet normal 0 0.289201 -0.957268
    outer loop
      vertex 104.7 -2.83583 18.7258
      vertex 105.5 -2.68092 18.7726
      vertex 105.5 -2.83583 18.7258
    endloop
  endfacet
  facet normal 0 0.289201 -0.957268
    outer loop
      vertex 105.5 -2.68092 18.7726
      vertex 104.7 -2.83583 18.7258
      vertex 104.7 -2.68092 18.7726
    endloop
  endfacet
  facet normal 0 0.162835 -0.986653
    outer loop
      vertex 104.7 -3.0067 18.6976
      vertex 105.5 -2.83583 18.7258
      vertex 105.5 -3.0067 18.6976
    endloop
  endfacet
  facet normal 0 0.162835 -0.986653
    outer loop
      vertex 105.5 -2.83583 18.7258
      vertex 104.7 -3.0067 18.6976
      vertex 104.7 -2.83583 18.7258
    endloop
  endfacet
  facet normal 0 0.0497084 -0.998764
    outer loop
      vertex 104.7 -3.19356 18.6883
      vertex 105.5 -3.0067 18.6976
      vertex 105.5 -3.19356 18.6883
    endloop
  endfacet
  facet normal 0 0.0497084 -0.998764
    outer loop
      vertex 105.5 -3.0067 18.6976
      vertex 104.7 -3.19356 18.6883
      vertex 104.7 -3.0067 18.6976
    endloop
  endfacet
  facet normal 0 -0.0420954 -0.999114
    outer loop
      vertex 104.7 -3.33122 18.6941
      vertex 105.5 -3.19356 18.6883
      vertex 105.5 -3.33122 18.6941
    endloop
  endfacet
  facet normal -0 -0.0420954 -0.999114
    outer loop
      vertex 105.5 -3.19356 18.6883
      vertex 104.7 -3.33122 18.6941
      vertex 104.7 -3.19356 18.6883
    endloop
  endfacet
  facet normal 0 -0.133686 -0.991024
    outer loop
      vertex 104.7 -3.46169 18.7117
      vertex 105.5 -3.33122 18.6941
      vertex 105.5 -3.46169 18.7117
    endloop
  endfacet
  facet normal -0 -0.133686 -0.991024
    outer loop
      vertex 105.5 -3.33122 18.6941
      vertex 104.7 -3.46169 18.7117
      vertex 104.7 -3.33122 18.6941
    endloop
  endfacet
  facet normal 0 -0.230553 -0.97306
    outer loop
      vertex 104.7 -3.58493 18.7409
      vertex 105.5 -3.46169 18.7117
      vertex 105.5 -3.58493 18.7409
    endloop
  endfacet
  facet normal -0 -0.230553 -0.97306
    outer loop
      vertex 105.5 -3.46169 18.7117
      vertex 104.7 -3.58493 18.7409
      vertex 104.7 -3.46169 18.7117
    endloop
  endfacet
  facet normal 0 -0.332344 -0.943158
    outer loop
      vertex 104.7 -3.701 18.7818
      vertex 105.5 -3.58493 18.7409
      vertex 105.5 -3.701 18.7818
    endloop
  endfacet
  facet normal -0 -0.332344 -0.943158
    outer loop
      vertex 105.5 -3.58493 18.7409
      vertex 104.7 -3.701 18.7818
      vertex 104.7 -3.58493 18.7409
    endloop
  endfacet
  facet normal 0 -0.434999 -0.900431
    outer loop
      vertex 104.7 -3.80988 18.8344
      vertex 105.5 -3.701 18.7818
      vertex 105.5 -3.80988 18.8344
    endloop
  endfacet
  facet normal -0 -0.434999 -0.900431
    outer loop
      vertex 105.5 -3.701 18.7818
      vertex 104.7 -3.80988 18.8344
      vertex 104.7 -3.701 18.7818
    endloop
  endfacet
  facet normal 0 -0.534399 -0.845232
    outer loop
      vertex 104.7 -3.91158 18.8987
      vertex 105.5 -3.80988 18.8344
      vertex 105.5 -3.91158 18.8987
    endloop
  endfacet
  facet normal -0 -0.534399 -0.845232
    outer loop
      vertex 105.5 -3.80988 18.8344
      vertex 104.7 -3.91158 18.8987
      vertex 104.7 -3.80988 18.8344
    endloop
  endfacet
  facet normal 0 -0.626785 -0.779192
    outer loop
      vertex 104.7 -4.00606 18.9747
      vertex 105.5 -3.91158 18.8987
      vertex 105.5 -4.00606 18.9747
    endloop
  endfacet
  facet normal -0 -0.626785 -0.779192
    outer loop
      vertex 105.5 -3.91158 18.8987
      vertex 104.7 -4.00606 18.9747
      vertex 104.7 -3.91158 18.8987
    endloop
  endfacet
  facet normal 0 -0.708802 -0.705407
    outer loop
      vertex 104.7 -4.00606 18.9747
      vertex 105.5 -4.09334 19.0624
      vertex 104.7 -4.09334 19.0624
    endloop
  endfacet
  facet normal 0 -0.708802 -0.705407
    outer loop
      vertex 105.5 -4.09334 19.0624
      vertex 104.7 -4.00606 18.9747
      vertex 105.5 -4.00606 18.9747
    endloop
  endfacet
  facet normal 0 -0.778301 -0.627892
    outer loop
      vertex 104.7 -4.09334 19.0624
      vertex 105.5 -4.17345 19.1617
      vertex 104.7 -4.17345 19.1617
    endloop
  endfacet
  facet normal 0 -0.778301 -0.627892
    outer loop
      vertex 105.5 -4.17345 19.1617
      vertex 104.7 -4.09334 19.0624
      vertex 105.5 -4.09334 19.0624
    endloop
  endfacet
  facet normal 0 -0.837839 -0.545917
    outer loop
      vertex 104.7 -4.17345 19.1617
      vertex 105.5 -4.24571 19.2726
      vertex 104.7 -4.24571 19.2726
    endloop
  endfacet
  facet normal 0 -0.837839 -0.545917
    outer loop
      vertex 105.5 -4.24571 19.2726
      vertex 104.7 -4.17345 19.1617
      vertex 105.5 -4.17345 19.1617
    endloop
  endfacet
  facet normal 0 -0.886449 -0.462827
    outer loop
      vertex 104.7 -4.24571 19.2726
      vertex 105.5 -4.30946 19.3947
      vertex 104.7 -4.30946 19.3947
    endloop
  endfacet
  facet normal 0 -0.886449 -0.462827
    outer loop
      vertex 105.5 -4.30946 19.3947
      vertex 104.7 -4.24571 19.2726
      vertex 105.5 -4.24571 19.2726
    endloop
  endfacet
  facet normal 0 -0.92387 -0.382707
    outer loop
      vertex 104.7 -4.30946 19.3947
      vertex 105.5 -4.36472 19.5281
      vertex 104.7 -4.36472 19.5281
    endloop
  endfacet
  facet normal 0 -0.92387 -0.382707
    outer loop
      vertex 105.5 -4.36472 19.5281
      vertex 104.7 -4.30946 19.3947
      vertex 105.5 -4.30946 19.3947
    endloop
  endfacet
  facet normal 0 -0.951507 -0.307628
    outer loop
      vertex 104.7 -4.36472 19.5281
      vertex 105.5 -4.41147 19.6727
      vertex 104.7 -4.41147 19.6727
    endloop
  endfacet
  facet normal 0 -0.951507 -0.307628
    outer loop
      vertex 105.5 -4.41147 19.6727
      vertex 104.7 -4.36472 19.5281
      vertex 105.5 -4.36472 19.5281
    endloop
  endfacet
  facet normal 0 -0.971196 -0.238283
    outer loop
      vertex 104.7 -4.41147 19.6727
      vertex 105.5 -4.44972 19.8286
      vertex 104.7 -4.44972 19.8286
    endloop
  endfacet
  facet normal 0 -0.971196 -0.238283
    outer loop
      vertex 105.5 -4.44972 19.8286
      vertex 104.7 -4.41147 19.6727
      vertex 105.5 -4.41147 19.6727
    endloop
  endfacet
  facet normal 0 -0.984526 -0.175236
    outer loop
      vertex 104.7 -4.44972 19.8286
      vertex 105.5 -4.47948 19.9958
      vertex 104.7 -4.47948 19.9958
    endloop
  endfacet
  facet normal 0 -0.984526 -0.175236
    outer loop
      vertex 105.5 -4.47948 19.9958
      vertex 104.7 -4.44972 19.8286
      vertex 105.5 -4.44972 19.8286
    endloop
  endfacet
  facet normal 0 -0.992987 -0.118223
    outer loop
      vertex 104.7 -4.47948 19.9958
      vertex 105.5 -4.50072 20.1742
      vertex 104.7 -4.50072 20.1742
    endloop
  endfacet
  facet normal 0 -0.992987 -0.118223
    outer loop
      vertex 105.5 -4.50072 20.1742
      vertex 104.7 -4.47948 19.9958
      vertex 105.5 -4.47948 19.9958
    endloop
  endfacet
  facet normal 0 -0.997747 -0.0670953
    outer loop
      vertex 104.7 -4.50072 20.1742
      vertex 105.5 -4.51347 20.3638
      vertex 104.7 -4.51347 20.3638
    endloop
  endfacet
  facet normal 0 -0.997747 -0.0670953
    outer loop
      vertex 105.5 -4.51347 20.3638
      vertex 104.7 -4.50072 20.1742
      vertex 105.5 -4.50072 20.1742
    endloop
  endfacet
  facet normal 0 -0.999777 -0.0211396
    outer loop
      vertex 104.7 -4.51347 20.3638
      vertex 105.5 -4.51772 20.5648
      vertex 104.7 -4.51772 20.5648
    endloop
  endfacet
  facet normal 0 -0.999777 -0.0211396
    outer loop
      vertex 105.5 -4.51772 20.5648
      vertex 104.7 -4.51347 20.3638
      vertex 105.5 -4.51347 20.3638
    endloop
  endfacet
  facet normal -0 0 1
    outer loop
      vertex 104.7 -0.433487 20.5648
      vertex 105.5 -4.51772 20.5648
      vertex 105.5 -0.433487 20.5648
    endloop
  endfacet
  facet normal 0 0 1
    outer loop
      vertex 105.5 -4.51772 20.5648
      vertex 104.7 -0.433487 20.5648
      vertex 104.7 -4.51772 20.5648
    endloop
  endfacet
  facet normal 0 -1 0
    outer loop
      vertex 104.7 -0.433487 20.5648
      vertex 105.5 -0.433487 20.6118
      vertex 104.7 -0.433487 20.6118
    endloop
  endfacet
  facet normal 0 -1 -0
    outer loop
      vertex 105.5 -0.433487 20.6118
      vertex 104.7 -0.433487 20.5648
      vertex 105.5 -0.433487 20.5648
    endloop
  endfacet
  facet normal 0 -0.999722 -0.0235809
    outer loop
      vertex 104.7 -0.433487 20.6118
      vertex 105.5 -0.442429 20.9909
      vertex 104.7 -0.442429 20.9909
    endloop
  endfacet
  facet normal 0 -0.999722 -0.0235809
    outer loop
      vertex 105.5 -0.442429 20.9909
      vertex 104.7 -0.433487 20.6118
      vertex 105.5 -0.433487 20.6118
    endloop
  endfacet
  facet normal 0 -0.997216 -0.0745727
    outer loop
      vertex 104.7 -0.442429 20.9909
      vertex 105.5 -0.469223 21.3492
      vertex 104.7 -0.469223 21.3492
    endloop
  endfacet
  facet normal 0 -0.997216 -0.0745727
    outer loop
      vertex 105.5 -0.469223 21.3492
      vertex 104.7 -0.442429 20.9909
      vertex 105.5 -0.442429 20.9909
    endloop
  endfacet
  facet normal 0 -0.991341 -0.131316
    outer loop
      vertex 104.7 -0.469223 21.3492
      vertex 105.5 -0.513916 21.6866
      vertex 104.7 -0.513916 21.6866
    endloop
  endfacet
  facet normal 0 -0.991341 -0.131316
    outer loop
      vertex 105.5 -0.513916 21.6866
      vertex 104.7 -0.469223 21.3492
      vertex 105.5 -0.469223 21.3492
    endloop
  endfacet
  facet normal 0 -0.981039 -0.193809
    outer loop
      vertex 104.7 -0.513916 21.6866
      vertex 105.5 -0.576462 22.0032
      vertex 104.7 -0.576462 22.0032
    endloop
  endfacet
  facet normal 0 -0.981039 -0.193809
    outer loop
      vertex 105.5 -0.576462 22.0032
      vertex 104.7 -0.513916 21.6866
      vertex 105.5 -0.513916 21.6866
    endloop
  endfacet
  facet normal 0 -0.964965 -0.262377
    outer loop
      vertex 104.7 -0.576462 22.0032
      vertex 105.5 -0.656891 22.299
      vertex 104.7 -0.656891 22.299
    endloop
  endfacet
  facet normal 0 -0.964965 -0.262377
    outer loop
      vertex 105.5 -0.656891 22.299
      vertex 104.7 -0.576462 22.0032
      vertex 105.5 -0.576462 22.0032
    endloop
  endfacet
  facet normal 0 -0.941597 -0.336742
    outer loop
      vertex 104.7 -0.656891 22.299
      vertex 105.5 -0.755203 22.5739
      vertex 104.7 -0.755203 22.5739
    endloop
  endfacet
  facet normal 0 -0.941597 -0.336742
    outer loop
      vertex 105.5 -0.755203 22.5739
      vertex 104.7 -0.656891 22.299
      vertex 105.5 -0.656891 22.299
    endloop
  endfacet
  facet normal 0 -0.909384 -0.415957
    outer loop
      vertex 104.7 -0.755203 22.5739
      vertex 105.5 -0.871384 22.8279
      vertex 104.7 -0.871384 22.8279
    endloop
  endfacet
  facet normal 0 -0.909384 -0.415957
    outer loop
      vertex 105.5 -0.871384 22.8279
      vertex 104.7 -0.755203 22.5739
      vertex 105.5 -0.755203 22.5739
    endloop
  endfacet
  facet normal 0 -0.867069 -0.498188
    outer loop
      vertex 104.7 -0.871384 22.8279
      vertex 105.5 -1.00543 23.0612
      vertex 104.7 -1.00543 23.0612
    endloop
  endfacet
  facet normal 0 -0.867069 -0.498188
    outer loop
      vertex 105.5 -1.00543 23.0612
      vertex 104.7 -0.871384 22.8279
      vertex 105.5 -0.871384 22.8279
    endloop
  endfacet
  facet normal 0 -0.813231 -0.581941
    outer loop
      vertex 104.7 -1.00543 23.0612
      vertex 105.5 -1.15735 23.2735
      vertex 104.7 -1.15735 23.2735
    endloop
  endfacet
  facet normal 0 -0.813231 -0.581941
    outer loop
      vertex 105.5 -1.15735 23.2735
      vertex 104.7 -1.00543 23.0612
      vertex 105.5 -1.00543 23.0612
    endloop
  endfacet
  facet normal 0 -0.748869 -0.662718
    outer loop
      vertex 104.7 -1.15735 23.2735
      vertex 105.5 -1.3262 23.4643
      vertex 104.7 -1.3262 23.4643
    endloop
  endfacet
  facet normal 0 -0.748869 -0.662718
    outer loop
      vertex 105.5 -1.3262 23.4643
      vertex 104.7 -1.15735 23.2735
      vertex 105.5 -1.15735 23.2735
    endloop
  endfacet
  facet normal 0 -0.67323 -0.739433
    outer loop
      vertex 104.7 -1.51105 23.6326
      vertex 105.5 -1.3262 23.4643
      vertex 105.5 -1.51105 23.6326
    endloop
  endfacet
  facet normal -0 -0.67323 -0.739433
    outer loop
      vertex 105.5 -1.3262 23.4643
      vertex 104.7 -1.51105 23.6326
      vertex 104.7 -1.3262 23.4643
    endloop
  endfacet
  facet normal 0 -0.587774 -0.809025
    outer loop
      vertex 104.7 -1.71187 23.7785
      vertex 105.5 -1.51105 23.6326
      vertex 105.5 -1.71187 23.7785
    endloop
  endfacet
  facet normal -0 -0.587774 -0.809025
    outer loop
      vertex 105.5 -1.51105 23.6326
      vertex 104.7 -1.71187 23.7785
      vertex 104.7 -1.51105 23.6326
    endloop
  endfacet
  facet normal 0 -0.49467 -0.869081
    outer loop
      vertex 104.7 -1.92867 23.9019
      vertex 105.5 -1.71187 23.7785
      vertex 105.5 -1.92867 23.9019
    endloop
  endfacet
  facet normal -0 -0.49467 -0.869081
    outer loop
      vertex 105.5 -1.71187 23.7785
      vertex 104.7 -1.92867 23.9019
      vertex 104.7 -1.71187 23.7785
    endloop
  endfacet
  facet normal 0 -0.398006 -0.917383
    outer loop
      vertex 104.7 -2.16147 24.0029
      vertex 105.5 -1.92867 23.9019
      vertex 105.5 -2.16147 24.0029
    endloop
  endfacet
  facet normal -0 -0.398006 -0.917383
    outer loop
      vertex 105.5 -1.92867 23.9019
      vertex 104.7 -2.16147 24.0029
      vertex 104.7 -1.92867 23.9019
    endloop
  endfacet
  facet normal 0 -0.300915 -0.953651
    outer loop
      vertex 104.7 -2.41025 24.0814
      vertex 105.5 -2.16147 24.0029
      vertex 105.5 -2.41025 24.0814
    endloop
  endfacet
  facet normal -0 -0.300915 -0.953651
    outer loop
      vertex 105.5 -2.16147 24.0029
      vertex 104.7 -2.41025 24.0814
      vertex 104.7 -2.16147 24.0029
    endloop
  endfacet
  facet normal 0 -0.20728 -0.978282
    outer loop
      vertex 104.7 -2.67502 24.1375
      vertex 105.5 -2.41025 24.0814
      vertex 105.5 -2.67502 24.1375
    endloop
  endfacet
  facet normal -0 -0.20728 -0.978282
    outer loop
      vertex 105.5 -2.41025 24.0814
      vertex 104.7 -2.67502 24.1375
      vertex 104.7 -2.41025 24.0814
    endloop
  endfacet
  facet normal 0 -0.119184 -0.992872
    outer loop
      vertex 104.7 -2.95576 24.1712
      vertex 105.5 -2.67502 24.1375
      vertex 105.5 -2.95576 24.1712
    endloop
  endfacet
  facet normal -0 -0.119184 -0.992872
    outer loop
      vertex 105.5 -2.67502 24.1375
      vertex 104.7 -2.95576 24.1712
      vertex 104.7 -2.67502 24.1375
    endloop
  endfacet
  facet normal 0 -0.0377179 -0.999288
    outer loop
      vertex 104.7 -3.25249 24.1824
      vertex 105.5 -2.95576 24.1712
      vertex 105.5 -3.25249 24.1824
    endloop
  endfacet
  facet normal -0 -0.0377179 -0.999288
    outer loop
      vertex 105.5 -2.95576 24.1712
      vertex 104.7 -3.25249 24.1824
      vertex 104.7 -2.95576 24.1712
    endloop
  endfacet
  facet normal 0 0.0337396 -0.999431
    outer loop
      vertex 104.7 -3.56352 24.1719
      vertex 105.5 -3.25249 24.1824
      vertex 105.5 -3.56352 24.1719
    endloop
  endfacet
  facet normal 0 0.0337396 -0.999431
    outer loop
      vertex 105.5 -3.25249 24.1824
      vertex 104.7 -3.56352 24.1719
      vertex 104.7 -3.25249 24.1824
    endloop
  endfacet
  facet normal 0 0.105875 -0.994379
    outer loop
      vertex 104.7 -3.85843 24.1405
      vertex 105.5 -3.56352 24.1719
      vertex 105.5 -3.85843 24.1405
    endloop
  endfacet
  facet normal 0 0.105875 -0.994379
    outer loop
      vertex 105.5 -3.56352 24.1719
      vertex 104.7 -3.85843 24.1405
      vertex 104.7 -3.56352 24.1719
    endloop
  endfacet
  facet normal 0 0.184046 -0.982918
    outer loop
      vertex 104.7 -4.13721 24.0883
      vertex 105.5 -3.85843 24.1405
      vertex 105.5 -4.13721 24.0883
    endloop
  endfacet
  facet normal 0 0.184046 -0.982918
    outer loop
      vertex 105.5 -3.85843 24.1405
      vertex 104.7 -4.13721 24.0883
      vertex 104.7 -3.85843 24.1405
    endloop
  endfacet
  facet normal 0 0.268467 -0.963289
    outer loop
      vertex 104.7 -4.39986 24.0151
      vertex 105.5 -4.13721 24.0883
      vertex 105.5 -4.39986 24.0151
    endloop
  endfacet
  facet normal 0 0.268467 -0.963289
    outer loop
      vertex 105.5 -4.13721 24.0883
      vertex 104.7 -4.39986 24.0151
      vertex 104.7 -4.13721 24.0883
    endloop
  endfacet
  facet normal 0 0.356972 -0.934115
    outer loop
      vertex 104.7 -4.64636 23.9209
      vertex 105.5 -4.39986 24.0151
      vertex 105.5 -4.64636 23.9209
    endloop
  endfacet
  facet normal 0 0.356972 -0.934115
    outer loop
      vertex 105.5 -4.39986 24.0151
      vertex 104.7 -4.64636 23.9209
      vertex 104.7 -4.39986 24.0151
    endloop
  endfacet
  facet normal 0 0.446623 -0.894722
    outer loop
      vertex 104.7 -4.87674 23.8059
      vertex 105.5 -4.64636 23.9209
      vertex 105.5 -4.87674 23.8059
    endloop
  endfacet
  facet normal 0 0.446623 -0.894722
    outer loop
      vertex 105.5 -4.64636 23.9209
      vertex 104.7 -4.87674 23.8059
      vertex 104.7 -4.64636 23.9209
    endloop
  endfacet
  facet normal 0 0.53562 -0.844459
    outer loop
      vertex 104.7 -5.091 23.67
      vertex 105.5 -4.87674 23.8059
      vertex 105.5 -5.091 23.67
    endloop
  endfacet
  facet normal 0 0.53562 -0.844459
    outer loop
      vertex 105.5 -4.87674 23.8059
      vertex 104.7 -5.091 23.67
      vertex 104.7 -4.87674 23.8059
    endloop
  endfacet
  facet normal 0 0.620837 -0.78394
    outer loop
      vertex 104.7 -5.28912 23.5131
      vertex 105.5 -5.091 23.67
      vertex 105.5 -5.28912 23.5131
    endloop
  endfacet
  facet normal 0 0.620837 -0.78394
    outer loop
      vertex 105.5 -5.091 23.67
      vertex 104.7 -5.28912 23.5131
      vertex 104.7 -5.091 23.67
    endloop
  endfacet
  facet normal 0 0.698785 -0.715331
    outer loop
      vertex 104.7 -5.47113 23.3353
      vertex 105.5 -5.28912 23.5131
      vertex 105.5 -5.47113 23.3353
    endloop
  endfacet
  facet normal 0 0.698785 -0.715331
    outer loop
      vertex 105.5 -5.28912 23.5131
      vertex 104.7 -5.47113 23.3353
      vertex 104.7 -5.28912 23.5131
    endloop
  endfacet
  facet normal 0 0.768323 -0.640062
    outer loop
      vertex 105.5 -5.63541 23.1381
      vertex 104.7 -5.47113 23.3353
      vertex 105.5 -5.47113 23.3353
    endloop
  endfacet
  facet normal 0 0.768323 -0.640062
    outer loop
      vertex 104.7 -5.47113 23.3353
      vertex 105.5 -5.63541 23.1381
      vertex 104.7 -5.63541 23.1381
    endloop
  endfacet
  facet normal 0 0.82954 -0.558447
    outer loop
      vertex 105.5 -5.78035 22.9228
      vertex 104.7 -5.63541 23.1381
      vertex 105.5 -5.63541 23.1381
    endloop
  endfacet
  facet normal 0 0.82954 -0.558447
    outer loop
      vertex 104.7 -5.63541 23.1381
      vertex 105.5 -5.78035 22.9228
      vertex 104.7 -5.78035 22.9228
    endloop
  endfacet
  facet normal 0 0.880407 -0.474219
    outer loop
      vertex 105.5 -5.90596 22.6896
      vertex 104.7 -5.78035 22.9228
      vertex 105.5 -5.78035 22.9228
    endloop
  endfacet
  facet normal 0 0.880407 -0.474219
    outer loop
      vertex 104.7 -5.78035 22.9228
      vertex 105.5 -5.90596 22.6896
      vertex 104.7 -5.90596 22.6896
    endloop
  endfacet
  facet normal 0 0.920979 -0.389611
    outer loop
      vertex 105.5 -6.01227 22.4383
      vertex 104.7 -5.90596 22.6896
      vertex 105.5 -5.90596 22.6896
    endloop
  endfacet
  facet normal 0 0.920979 -0.389611
    outer loop
      vertex 104.7 -5.90596 22.6896
      vertex 105.5 -6.01227 22.4383
      vertex 104.7 -6.01227 22.4383
    endloop
  endfacet
  facet normal 0 0.951606 -0.30732
    outer loop
      vertex 105.5 -6.09924 22.169
      vertex 104.7 -6.01227 22.4383
      vertex 105.5 -6.01227 22.4383
    endloop
  endfacet
  facet normal 0 0.951606 -0.30732
    outer loop
      vertex 104.7 -6.01227 22.4383
      vertex 105.5 -6.09924 22.169
      vertex 104.7 -6.09924 22.169
    endloop
  endfacet
  facet normal 0 0.973395 -0.229136
    outer loop
      vertex 105.5 -6.16687 21.8817
      vertex 104.7 -6.09924 22.169
      vertex 105.5 -6.09924 22.169
    endloop
  endfacet
  facet normal 0 0.973395 -0.229136
    outer loop
      vertex 104.7 -6.09924 22.169
      vertex 105.5 -6.16687 21.8817
      vertex 104.7 -6.16687 21.8817
    endloop
  endfacet
  facet normal 0 0.987711 -0.156293
    outer loop
      vertex 105.5 -6.21518 21.5764
      vertex 104.7 -6.16687 21.8817
      vertex 105.5 -6.16687 21.8817
    endloop
  endfacet
  facet normal 0 0.987711 -0.156293
    outer loop
      vertex 104.7 -6.16687 21.8817
      vertex 105.5 -6.21518 21.5764
      vertex 104.7 -6.21518 21.5764
    endloop
  endfacet
  facet normal 0 0.996004 -0.0893107
    outer loop
      vertex 105.5 -6.24417 21.2531
      vertex 104.7 -6.21518 21.5764
      vertex 105.5 -6.21518 21.5764
    endloop
  endfacet
  facet normal 0 0.996004 -0.0893107
    outer loop
      vertex 104.7 -6.21518 21.5764
      vertex 105.5 -6.24417 21.2531
      vertex 104.7 -6.24417 21.2531
    endloop
  endfacet
  facet normal 0 0.999598 -0.0283507
    outer loop
      vertex 105.5 -6.25385 20.9118
      vertex 104.7 -6.24417 21.2531
      vertex 105.5 -6.24417 21.2531
    endloop
  endfacet
  facet normal 0 0.999598 -0.0283507
    outer loop
      vertex 104.7 -6.24417 21.2531
      vertex 105.5 -6.25385 20.9118
      vertex 104.7 -6.25385 20.9118
    endloop
  endfacet
  facet normal 0 0.999635 0.0270332
    outer loop
      vertex 105.5 -6.24432 20.5594
      vertex 104.7 -6.25385 20.9118
      vertex 105.5 -6.25385 20.9118
    endloop
  endfacet
  facet normal 0 0.999635 0.0270332
    outer loop
      vertex 104.7 -6.25385 20.9118
      vertex 105.5 -6.24432 20.5594
      vertex 104.7 -6.24432 20.5594
    endloop
  endfacet
  facet normal 0 0.996351 0.085346
    outer loop
      vertex 105.5 -6.21577 20.2261
      vertex 104.7 -6.24432 20.5594
      vertex 105.5 -6.24432 20.5594
    endloop
  endfacet
  facet normal 0 0.996351 0.085346
    outer loop
      vertex 104.7 -6.24432 20.5594
      vertex 105.5 -6.21577 20.2261
      vertex 104.7 -6.21577 20.2261
    endloop
  endfacet
  facet normal 0 0.988702 0.149896
    outer loop
      vertex 105.5 -6.16818 19.9122
      vertex 104.7 -6.21577 20.2261
      vertex 105.5 -6.21577 20.2261
    endloop
  endfacet
  facet normal 0 0.988702 0.149896
    outer loop
      vertex 104.7 -6.21577 20.2261
      vertex 105.5 -6.16818 19.9122
      vertex 104.7 -6.16818 19.9122
    endloop
  endfacet
  facet normal 0 0.975404 0.220425
    outer loop
      vertex 105.5 -6.10156 19.6174
      vertex 104.7 -6.16818 19.9122
      vertex 105.5 -6.16818 19.9122
    endloop
  endfacet
  facet normal 0 0.975404 0.220425
    outer loop
      vertex 104.7 -6.16818 19.9122
      vertex 105.5 -6.10156 19.6174
      vertex 104.7 -6.10156 19.6174
    endloop
  endfacet
  facet normal 0 0.954907 0.296905
    outer loop
      vertex 105.5 -6.0159 19.3419
      vertex 104.7 -6.10156 19.6174
      vertex 105.5 -6.10156 19.6174
    endloop
  endfacet
  facet normal 0 0.954907 0.296905
    outer loop
      vertex 104.7 -6.10156 19.6174
      vertex 105.5 -6.0159 19.3419
      vertex 104.7 -6.0159 19.3419
    endloop
  endfacet
  facet normal 0 0.925698 0.378264
    outer loop
      vertex 105.5 -5.91121 19.0857
      vertex 104.7 -6.0159 19.3419
      vertex 105.5 -6.0159 19.3419
    endloop
  endfacet
  facet normal 0 0.925698 0.378264
    outer loop
      vertex 104.7 -6.0159 19.3419
      vertex 105.5 -5.91121 19.0857
      vertex 104.7 -5.91121 19.0857
    endloop
  endfacet
  facet normal 0 0.886481 0.462765
    outer loop
      vertex 105.5 -5.78749 18.8487
      vertex 104.7 -5.91121 19.0857
      vertex 105.5 -5.91121 19.0857
    endloop
  endfacet
  facet normal 0 0.886481 0.462765
    outer loop
      vertex 104.7 -5.91121 19.0857
      vertex 105.5 -5.78749 18.8487
      vertex 104.7 -5.78749 18.8487
    endloop
  endfacet
  facet normal 0 0.836349 0.548197
    outer loop
      vertex 105.5 -5.64473 18.6309
      vertex 104.7 -5.78749 18.8487
      vertex 105.5 -5.78749 18.8487
    endloop
  endfacet
  facet normal 0 0.836349 0.548197
    outer loop
      vertex 104.7 -5.78749 18.8487
      vertex 105.5 -5.64473 18.6309
      vertex 104.7 -5.64473 18.6309
    endloop
  endfacet
  facet normal 0 0.775122 0.631812
    outer loop
      vertex 105.5 -5.48293 18.4324
      vertex 104.7 -5.64473 18.6309
      vertex 105.5 -5.64473 18.6309
    endloop
  endfacet
  facet normal 0 0.775122 0.631812
    outer loop
      vertex 104.7 -5.64473 18.6309
      vertex 105.5 -5.48293 18.4324
      vertex 104.7 -5.48293 18.4324
    endloop
  endfacet
  facet normal -0 0.704851 0.709355
    outer loop
      vertex 104.7 -5.30339 18.254
      vertex 105.5 -5.48293 18.4324
      vertex 105.5 -5.30339 18.254
    endloop
  endfacet
  facet normal 0 0.704851 0.709355
    outer loop
      vertex 105.5 -5.48293 18.4324
      vertex 104.7 -5.30339 18.254
      vertex 104.7 -5.48293 18.4324
    endloop
  endfacet
  facet normal -0 0.626246 0.779625
    outer loop
      vertex 104.7 -5.10744 18.0966
      vertex 105.5 -5.30339 18.254
      vertex 105.5 -5.10744 18.0966
    endloop
  endfacet
  facet normal 0 0.626246 0.779625
    outer loop
      vertex 105.5 -5.30339 18.254
      vertex 104.7 -5.10744 18.0966
      vertex 104.7 -5.30339 18.254
    endloop
  endfacet
  facet normal -0 0.540375 0.841424
    outer loop
      vertex 104.7 -4.89505 17.9602
      vertex 105.5 -5.10744 18.0966
      vertex 105.5 -4.89505 17.9602
    endloop
  endfacet
  facet normal 0 0.540375 0.841424
    outer loop
      vertex 105.5 -5.10744 18.0966
      vertex 104.7 -4.89505 17.9602
      vertex 104.7 -5.10744 18.0966
    endloop
  endfacet
  facet normal -0 0.450691 0.89268
    outer loop
      vertex 104.7 -4.66628 17.8447
      vertex 105.5 -4.89505 17.9602
      vertex 105.5 -4.66628 17.8447
    endloop
  endfacet
  facet normal 0 0.450691 0.89268
    outer loop
      vertex 105.5 -4.89505 17.9602
      vertex 104.7 -4.66628 17.8447
      vertex 104.7 -4.89505 17.9602
    endloop
  endfacet
  facet normal -0 0.359247 0.933243
    outer loop
      vertex 104.7 -4.42105 17.7503
      vertex 105.5 -4.66628 17.8447
      vertex 105.5 -4.42105 17.7503
    endloop
  endfacet
  facet normal 0 0.359247 0.933243
    outer loop
      vertex 105.5 -4.66628 17.8447
      vertex 104.7 -4.42105 17.7503
      vertex 104.7 -4.66628 17.8447
    endloop
  endfacet
  facet normal -0 0.270461 0.962731
    outer loop
      vertex 104.7 -4.15942 17.6768
      vertex 105.5 -4.42105 17.7503
      vertex 105.5 -4.15942 17.6768
    endloop
  endfacet
  facet normal 0 0.270461 0.962731
    outer loop
      vertex 105.5 -4.42105 17.7503
      vertex 104.7 -4.15942 17.6768
      vertex 104.7 -4.42105 17.7503
    endloop
  endfacet
  facet normal -0 0.185189 0.982703
    outer loop
      vertex 104.7 -3.88136 17.6244
      vertex 105.5 -4.15942 17.6768
      vertex 105.5 -3.88136 17.6244
    endloop
  endfacet
  facet normal 0 0.185189 0.982703
    outer loop
      vertex 105.5 -4.15942 17.6768
      vertex 104.7 -3.88136 17.6244
      vertex 104.7 -4.15942 17.6768
    endloop
  endfacet
  facet normal -0 0.106369 0.994327
    outer loop
      vertex 104.7 -3.5869 17.5929
      vertex 105.5 -3.88136 17.6244
      vertex 105.5 -3.5869 17.5929
    endloop
  endfacet
  facet normal 0 0.106369 0.994327
    outer loop
      vertex 105.5 -3.88136 17.6244
      vertex 104.7 -3.5869 17.5929
      vertex 104.7 -3.88136 17.6244
    endloop
  endfacet
  facet normal -0 0.0337558 0.99943
    outer loop
      vertex 104.7 -3.27602 17.5824
      vertex 105.5 -3.5869 17.5929
      vertex 105.5 -3.27602 17.5824
    endloop
  endfacet
  facet normal 0 0.0337558 0.99943
    outer loop
      vertex 105.5 -3.5869 17.5929
      vertex 104.7 -3.27602 17.5824
      vertex 104.7 -3.5869 17.5929
    endloop
  endfacet
  facet normal 0 -0.0480117 0.998847
    outer loop
      vertex 104.7 -2.83289 17.6037
      vertex 105.5 -3.27602 17.5824
      vertex 105.5 -2.83289 17.6037
    endloop
  endfacet
  facet normal 0 -0.0480117 0.998847
    outer loop
      vertex 105.5 -3.27602 17.5824
      vertex 104.7 -2.83289 17.6037
      vertex 104.7 -3.27602 17.5824
    endloop
  endfacet
  facet normal 0 -0.998842 0.0481088
    outer loop
      vertex 104.7 -4.50601 21.6001
      vertex 105.5 -4.4984 21.7581
      vertex 104.7 -4.4984 21.7581
    endloop
  endfacet
  facet normal 0 -0.998842 0.0481088
    outer loop
      vertex 105.5 -4.4984 21.7581
      vertex 104.7 -4.50601 21.6001
      vertex 105.5 -4.50601 21.6001
    endloop
  endfacet
  facet normal 0 -0.995083 0.0990442
    outer loop
      vertex 104.7 -4.4984 21.7581
      vertex 105.5 -4.48346 21.9082
      vertex 104.7 -4.48346 21.9082
    endloop
  endfacet
  facet normal 0 -0.995083 0.0990442
    outer loop
      vertex 105.5 -4.48346 21.9082
      vertex 104.7 -4.4984 21.7581
      vertex 105.5 -4.4984 21.7581
    endloop
  endfacet
  facet normal 0 -0.987947 0.154792
    outer loop
      vertex 104.7 -4.48346 21.9082
      vertex 105.5 -4.46118 22.0504
      vertex 104.7 -4.46118 22.0504
    endloop
  endfacet
  facet normal 0 -0.987947 0.154792
    outer loop
      vertex 105.5 -4.46118 22.0504
      vertex 104.7 -4.48346 21.9082
      vertex 105.5 -4.48346 21.9082
    endloop
  endfacet
  facet normal 0 -0.976494 0.215542
    outer loop
      vertex 104.7 -4.46118 22.0504
      vertex 105.5 -4.43158 22.1845
      vertex 104.7 -4.43158 22.1845
    endloop
  endfacet
  facet normal 0 -0.976494 0.215542
    outer loop
      vertex 105.5 -4.43158 22.1845
      vertex 104.7 -4.46118 22.0504
      vertex 105.5 -4.46118 22.0504
    endloop
  endfacet
  facet normal 0 -0.959629 0.281268
    outer loop
      vertex 104.7 -4.43158 22.1845
      vertex 105.5 -4.39462 22.3106
      vertex 104.7 -4.39462 22.3106
    endloop
  endfacet
  facet normal 0 -0.959629 0.281268
    outer loop
      vertex 105.5 -4.39462 22.3106
      vertex 104.7 -4.43158 22.1845
      vertex 105.5 -4.43158 22.1845
    endloop
  endfacet
  facet normal 0 -0.936446 0.350811
    outer loop
      vertex 104.7 -4.39462 22.3106
      vertex 105.5 -4.35034 22.4288
      vertex 104.7 -4.35034 22.4288
    endloop
  endfacet
  facet normal 0 -0.936446 0.350811
    outer loop
      vertex 105.5 -4.35034 22.4288
      vertex 104.7 -4.39462 22.3106
      vertex 105.5 -4.39462 22.3106
    endloop
  endfacet
  facet normal 0 -0.905394 0.424573
    outer loop
      vertex 104.7 -4.35034 22.4288
      vertex 105.5 -4.29871 22.5389
      vertex 104.7 -4.29871 22.5389
    endloop
  endfacet
  facet normal 0 -0.905394 0.424573
    outer loop
      vertex 105.5 -4.29871 22.5389
      vertex 104.7 -4.35034 22.4288
      vertex 105.5 -4.35034 22.4288
    endloop
  endfacet
  facet normal 0 -0.866191 0.499713
    outer loop
      vertex 104.7 -4.29871 22.5389
      vertex 105.5 -4.23975 22.6411
      vertex 104.7 -4.23975 22.6411
    endloop
  endfacet
  facet normal 0 -0.866191 0.499713
    outer loop
      vertex 105.5 -4.23975 22.6411
      vertex 104.7 -4.29871 22.5389
      vertex 105.5 -4.29871 22.5389
    endloop
  endfacet
  facet normal 0 -0.817761 0.575558
    outer loop
      vertex 104.7 -4.23975 22.6411
      vertex 105.5 -4.17345 22.7353
      vertex 104.7 -4.17345 22.7353
    endloop
  endfacet
  facet normal 0 -0.817761 0.575558
    outer loop
      vertex 105.5 -4.17345 22.7353
      vertex 104.7 -4.23975 22.6411
      vertex 105.5 -4.23975 22.6411
    endloop
  endfacet
  facet normal 0 -0.75815 0.65208
    outer loop
      vertex 104.7 -4.17345 22.7353
      vertex 105.5 -4.10017 22.8205
      vertex 104.7 -4.10017 22.8205
    endloop
  endfacet
  facet normal 0 -0.75815 0.65208
    outer loop
      vertex 105.5 -4.10017 22.8205
      vertex 104.7 -4.17345 22.7353
      vertex 105.5 -4.17345 22.7353
    endloop
  endfacet
  facet normal 0 -0.685456 0.728114
    outer loop
      vertex 104.7 -4.02029 22.8957
      vertex 105.5 -4.10017 22.8205
      vertex 105.5 -4.02029 22.8957
    endloop
  endfacet
  facet normal 0 -0.685456 0.728114
    outer loop
      vertex 105.5 -4.10017 22.8205
      vertex 104.7 -4.02029 22.8957
      vertex 104.7 -4.10017 22.8205
    endloop
  endfacet
  facet normal 0 -0.601418 0.798934
    outer loop
      vertex 104.7 -3.93381 22.9608
      vertex 105.5 -4.02029 22.8957
      vertex 105.5 -3.93381 22.9608
    endloop
  endfacet
  facet normal 0 -0.601418 0.798934
    outer loop
      vertex 105.5 -4.02029 22.8957
      vertex 104.7 -3.93381 22.9608
      vertex 104.7 -4.02029 22.8957
    endloop
  endfacet
  facet normal 0 -0.509964 0.860195
    outer loop
      vertex 104.7 -3.8407 23.016
      vertex 105.5 -3.93381 22.9608
      vertex 105.5 -3.8407 23.016
    endloop
  endfacet
  facet normal 0 -0.509964 0.860195
    outer loop
      vertex 105.5 -3.93381 22.9608
      vertex 104.7 -3.8407 23.016
      vertex 104.7 -3.93381 22.9608
    endloop
  endfacet
  facet normal 0 -0.412081 0.911147
    outer loop
      vertex 104.7 -3.74098 23.0611
      vertex 105.5 -3.8407 23.016
      vertex 105.5 -3.74098 23.0611
    endloop
  endfacet
  facet normal 0 -0.412081 0.911147
    outer loop
      vertex 105.5 -3.8407 23.016
      vertex 104.7 -3.74098 23.0611
      vertex 104.7 -3.8407 23.016
    endloop
  endfacet
  facet normal 0 -0.312635 0.949873
    outer loop
      vertex 104.7 -3.63464 23.0961
      vertex 105.5 -3.74098 23.0611
      vertex 105.5 -3.63464 23.0961
    endloop
  endfacet
  facet normal 0 -0.312635 0.949873
    outer loop
      vertex 105.5 -3.74098 23.0611
      vertex 104.7 -3.63464 23.0961
      vertex 104.7 -3.74098 23.0611
    endloop
  endfacet
  facet normal 0 -0.216967 0.976179
    outer loop
      vertex 104.7 -3.52171 23.1212
      vertex 105.5 -3.63464 23.0961
      vertex 105.5 -3.52171 23.1212
    endloop
  endfacet
  facet normal 0 -0.216967 0.976179
    outer loop
      vertex 105.5 -3.63464 23.0961
      vertex 104.7 -3.52171 23.1212
      vertex 104.7 -3.63464 23.0961
    endloop
  endfacet
  facet normal 0 -0.125311 0.992117
    outer loop
      vertex 104.7 -3.40216 23.1363
      vertex 105.5 -3.52171 23.1212
      vertex 105.5 -3.40216 23.1363
    endloop
  endfacet
  facet normal 0 -0.125311 0.992117
    outer loop
      vertex 105.5 -3.52171 23.1212
      vertex 104.7 -3.40216 23.1363
      vertex 104.7 -3.52171 23.1212
    endloop
  endfacet
  facet normal 0 -0.0396074 0.999215
    outer loop
      vertex 104.7 -3.27602 23.1413
      vertex 105.5 -3.40216 23.1363
      vertex 105.5 -3.27602 23.1413
    endloop
  endfacet
  facet normal 0 -0.0396074 0.999215
    outer loop
      vertex 105.5 -3.40216 23.1363
      vertex 104.7 -3.27602 23.1413
      vertex 104.7 -3.40216 23.1363
    endloop
  endfacet
  facet normal -0 0.0403474 0.999186
    outer loop
      vertex 104.7 -3.15715 23.1365
      vertex 105.5 -3.27602 23.1413
      vertex 105.5 -3.15715 23.1365
    endloop
  endfacet
  facet normal 0 0.0403474 0.999186
    outer loop
      vertex 105.5 -3.27602 23.1413
      vertex 104.7 -3.15715 23.1365
      vertex 104.7 -3.27602 23.1413
    endloop
  endfacet
  facet normal -0 0.125155 0.992137
    outer loop
      vertex 104.7 -3.04379 23.1222
      vertex 105.5 -3.15715 23.1365
      vertex 105.5 -3.04379 23.1222
    endloop
  endfacet
  facet normal 0 0.125155 0.992137
    outer loop
      vertex 105.5 -3.15715 23.1365
      vertex 104.7 -3.04379 23.1222
      vertex 104.7 -3.15715 23.1365
    endloop
  endfacet
  facet normal -0 0.215549 0.976493
    outer loop
      vertex 104.7 -2.93597 23.0984
      vertex 105.5 -3.04379 23.1222
      vertex 105.5 -2.93597 23.0984
    endloop
  endfacet
  facet normal 0 0.215549 0.976493
    outer loop
      vertex 105.5 -3.04379 23.1222
      vertex 104.7 -2.93597 23.0984
      vertex 104.7 -3.04379 23.1222
    endloop
  endfacet
  facet normal -0 0.308714 0.951155
    outer loop
      vertex 104.7 -2.83368 23.0652
      vertex 105.5 -2.93597 23.0984
      vertex 105.5 -2.83368 23.0652
    endloop
  endfacet
  facet normal 0 0.308714 0.951155
    outer loop
      vertex 105.5 -2.93597 23.0984
      vertex 104.7 -2.83368 23.0652
      vertex 104.7 -2.93597 23.0984
    endloop
  endfacet
  facet normal -0 0.405279 0.914193
    outer loop
      vertex 104.7 -2.73691 23.0223
      vertex 105.5 -2.83368 23.0652
      vertex 105.5 -2.73691 23.0223
    endloop
  endfacet
  facet normal 0 0.405279 0.914193
    outer loop
      vertex 105.5 -2.83368 23.0652
      vertex 104.7 -2.73691 23.0223
      vertex 104.7 -2.83368 23.0652
    endloop
  endfacet
  facet normal -0 0.497265 0.867599
    outer loop
      vertex 104.7 -2.64566 22.97
      vertex 105.5 -2.73691 23.0223
      vertex 105.5 -2.64566 22.97
    endloop
  endfacet
  facet normal 0 0.497265 0.867599
    outer loop
      vertex 105.5 -2.73691 23.0223
      vertex 104.7 -2.64566 22.97
      vertex 104.7 -2.73691 23.0223
    endloop
  endfacet
  facet normal -0 0.584723 0.811233
    outer loop
      vertex 104.7 -2.55992 22.9082
      vertex 105.5 -2.64566 22.97
      vertex 105.5 -2.55992 22.9082
    endloop
  endfacet
  facet normal 0 0.584723 0.811233
    outer loop
      vertex 105.5 -2.64566 22.97
      vertex 104.7 -2.55992 22.9082
      vertex 104.7 -2.64566 22.97
    endloop
  endfacet
  facet normal -0 0.664942 0.746895
    outer loop
      vertex 104.7 -2.47972 22.8368
      vertex 105.5 -2.55992 22.9082
      vertex 105.5 -2.47972 22.8368
    endloop
  endfacet
  facet normal 0 0.664942 0.746895
    outer loop
      vertex 105.5 -2.55992 22.9082
      vertex 104.7 -2.47972 22.8368
      vertex 104.7 -2.55992 22.9082
    endloop
  endfacet
  facet normal 0 0.73479 0.678295
    outer loop
      vertex 105.5 -2.40504 22.7559
      vertex 104.7 -2.47972 22.8368
      vertex 105.5 -2.47972 22.8368
    endloop
  endfacet
  facet normal 0 0.73479 0.678295
    outer loop
      vertex 104.7 -2.47972 22.8368
      vertex 105.5 -2.40504 22.7559
      vertex 104.7 -2.40504 22.7559
    endloop
  endfacet
  facet normal 0 0.796663 0.604423
    outer loop
      vertex 105.5 -2.33653 22.6656
      vertex 104.7 -2.40504 22.7559
      vertex 105.5 -2.40504 22.7559
    endloop
  endfacet
  facet normal 0 0.796663 0.604423
    outer loop
      vertex 104.7 -2.40504 22.7559
      vertex 105.5 -2.33653 22.6656
      vertex 104.7 -2.33653 22.6656
    endloop
  endfacet
  facet normal 0 0.850809 0.525475
    outer loop
      vertex 105.5 -2.27483 22.5657
      vertex 104.7 -2.33653 22.6656
      vertex 105.5 -2.33653 22.6656
    endloop
  endfacet
  facet normal 0 0.850809 0.525475
    outer loop
      vertex 104.7 -2.33653 22.6656
      vertex 105.5 -2.27483 22.5657
      vertex 104.7 -2.27483 22.5657
    endloop
  endfacet
  facet normal 0 0.893904 0.448259
    outer loop
      vertex 105.5 -2.21997 22.4563
      vertex 104.7 -2.27483 22.5657
      vertex 105.5 -2.27483 22.5657
    endloop
  endfacet
  facet normal 0 0.893904 0.448259
    outer loop
      vertex 104.7 -2.27483 22.5657
      vertex 105.5 -2.21997 22.4563
      vertex 104.7 -2.21997 22.4563
    endloop
  endfacet
  facet normal 0 0.927317 0.374278
    outer loop
      vertex 105.5 -2.17194 22.3373
      vertex 104.7 -2.21997 22.4563
      vertex 105.5 -2.21997 22.4563
    endloop
  endfacet
  facet normal 0 0.927317 0.374278
    outer loop
      vertex 104.7 -2.21997 22.4563
      vertex 105.5 -2.17194 22.3373
      vertex 104.7 -2.17194 22.3373
    endloop
  endfacet
  facet normal 0 0.952183 0.305529
    outer loop
      vertex 105.5 -2.13074 22.2089
      vertex 104.7 -2.17194 22.3373
      vertex 105.5 -2.17194 22.3373
    endloop
  endfacet
  facet normal 0 0.952183 0.305529
    outer loop
      vertex 104.7 -2.17194 22.3373
      vertex 105.5 -2.13074 22.2089
      vertex 104.7 -2.13074 22.2089
    endloop
  endfacet
  facet normal 0 0.9703 0.241906
    outer loop
      vertex 105.5 -2.09636 22.071
      vertex 104.7 -2.13074 22.2089
      vertex 105.5 -2.13074 22.2089
    endloop
  endfacet
  facet normal 0 0.9703 0.241906
    outer loop
      vertex 104.7 -2.13074 22.2089
      vertex 105.5 -2.09636 22.071
      vertex 104.7 -2.09636 22.071
    endloop
  endfacet
  facet normal 0 0.983012 0.18354
    outer loop
      vertex 105.5 -2.06882 21.9235
      vertex 104.7 -2.09636 22.071
      vertex 105.5 -2.09636 22.071
    endloop
  endfacet
  facet normal 0 0.983012 0.18354
    outer loop
      vertex 104.7 -2.09636 22.071
      vertex 105.5 -2.06882 21.9235
      vertex 104.7 -2.06882 21.9235
    endloop
  endfacet
  facet normal 0 0.991412 0.130778
    outer loop
      vertex 105.5 -2.04811 21.7665
      vertex 104.7 -2.06882 21.9235
      vertex 105.5 -2.06882 21.9235
    endloop
  endfacet
  facet normal 0 0.991412 0.130778
    outer loop
      vertex 104.7 -2.06882 21.9235
      vertex 105.5 -2.04811 21.7665
      vertex 104.7 -2.04811 21.7665
    endloop
  endfacet
  facet normal 0 0.996539 0.0831248
    outer loop
      vertex 105.5 -2.03423 21.6001
      vertex 104.7 -2.04811 21.7665
      vertex 105.5 -2.04811 21.7665
    endloop
  endfacet
  facet normal 0 0.996539 0.0831248
    outer loop
      vertex 104.7 -2.04811 21.7665
      vertex 105.5 -2.03423 21.6001
      vertex 104.7 -2.03423 21.6001
    endloop
  endfacet
  facet normal 0 0 -1
    outer loop
      vertex 104.7 -4.50601 21.6001
      vertex 105.5 -2.03423 21.6001
      vertex 105.5 -4.50601 21.6001
    endloop
  endfacet
  facet normal -0 0 -1
    outer loop
      vertex 105.5 -2.03423 21.6001
      vertex 104.7 -4.50601 21.6001
      vertex 104.7 -2.03423 21.6001
    endloop
  endfacet
  facet normal 0 0 -1
    outer loop
      vertex 104.7 4.74158 24.0648
      vertex 105.5 6.47179 24.0648
      vertex 105.5 4.74158 24.0648
    endloop
  endfacet
  facet normal -0 0 -1
    outer loop
      vertex 105.5 6.47179 24.0648
      vertex 104.7 4.74158 24.0648
      vertex 104.7 6.47179 24.0648
    endloop
  endfacet
  facet normal 0 0.950437 -0.310917
    outer loop
      vertex 105.5 4.49355 23.3066
      vertex 104.7 4.74158 24.0648
      vertex 105.5 4.74158 24.0648
    endloop
  endfacet
  facet normal 0 0.950437 -0.310917
    outer loop
      vertex 104.7 4.74158 24.0648
      vertex 105.5 4.49355 23.3066
      vertex 104.7 4.49355 23.3066
    endloop
  endfacet
  facet normal 0 0.950579 -0.310483
    outer loop
      vertex 105.5 4.26991 22.6219
      vertex 104.7 4.49355 23.3066
      vertex 105.5 4.49355 23.3066
    endloop
  endfacet
  facet normal 0 0.950579 -0.310483
    outer loop
      vertex 104.7 4.49355 23.3066
      vertex 105.5 4.26991 22.6219
      vertex 104.7 4.26991 22.6219
    endloop
  endfacet
  facet normal 0 0.950808 -0.309782
    outer loop
      vertex 105.5 4.07071 22.0105
      vertex 104.7 4.26991 22.6219
      vertex 105.5 4.26991 22.6219
    endloop
  endfacet
  facet normal 0 0.950808 -0.309782
    outer loop
      vertex 104.7 4.26991 22.6219
      vertex 105.5 4.07071 22.0105
      vertex 104.7 4.07071 22.0105
    endloop
  endfacet
  facet normal 0 0.951072 -0.30897
    outer loop
      vertex 105.5 3.8959 21.4724
      vertex 104.7 4.07071 22.0105
      vertex 105.5 4.07071 22.0105
    endloop
  endfacet
  facet normal 0 0.951072 -0.30897
    outer loop
      vertex 104.7 4.07071 22.0105
      vertex 105.5 3.8959 21.4724
      vertex 104.7 3.8959 21.4724
    endloop
  endfacet
  facet normal 0 0.951411 -0.307924
    outer loop
      vertex 105.5 3.7455 21.0077
      vertex 104.7 3.8959 21.4724
      vertex 105.5 3.8959 21.4724
    endloop
  endfacet
  facet normal 0 0.951411 -0.307924
    outer loop
      vertex 104.7 3.8959 21.4724
      vertex 105.5 3.7455 21.0077
      vertex 104.7 3.7455 21.0077
    endloop
  endfacet
  facet normal 0 0.951899 -0.306412
    outer loop
      vertex 105.5 3.61951 20.6163
      vertex 104.7 3.7455 21.0077
      vertex 105.5 3.7455 21.0077
    endloop
  endfacet
  facet normal 0 0.951899 -0.306412
    outer loop
      vertex 104.7 3.7455 21.0077
      vertex 105.5 3.61951 20.6163
      vertex 104.7 3.61951 20.6163
    endloop
  endfacet
  facet normal 0 0.952581 -0.304287
    outer loop
      vertex 105.5 3.51793 20.2983
      vertex 104.7 3.61951 20.6163
      vertex 105.5 3.61951 20.6163
    endloop
  endfacet
  facet normal 0 0.952581 -0.304287
    outer loop
      vertex 104.7 3.61951 20.6163
      vertex 105.5 3.51793 20.2983
      vertex 104.7 3.51793 20.2983
    endloop
  endfacet
  facet normal 0 0.953675 -0.30084
    outer loop
      vertex 105.5 3.44077 20.0537
      vertex 104.7 3.51793 20.2983
      vertex 105.5 3.51793 20.2983
    endloop
  endfacet
  facet normal 0 0.953675 -0.30084
    outer loop
      vertex 104.7 3.51793 20.2983
      vertex 105.5 3.44077 20.0537
      vertex 104.7 3.44077 20.0537
    endloop
  endfacet
  facet normal 0 0.955761 -0.294145
    outer loop
      vertex 105.5 3.38802 19.8823
      vertex 104.7 3.44077 20.0537
      vertex 105.5 3.44077 20.0537
    endloop
  endfacet
  facet normal 0 0.955761 -0.294145
    outer loop
      vertex 104.7 3.44077 20.0537
      vertex 105.5 3.38802 19.8823
      vertex 104.7 3.38802 19.8823
    endloop
  endfacet
  facet normal 0 0.957806 -0.287415
    outer loop
      vertex 105.5 3.34898 19.7522
      vertex 104.7 3.38802 19.8823
      vertex 105.5 3.38802 19.8823
    endloop
  endfacet
  facet normal 0 0.957806 -0.287415
    outer loop
      vertex 104.7 3.38802 19.8823
      vertex 105.5 3.34898 19.7522
      vertex 104.7 3.34898 19.7522
    endloop
  endfacet
  facet normal 0 0.95865 -0.284587
    outer loop
      vertex 105.5 3.31303 19.6311
      vertex 104.7 3.34898 19.7522
      vertex 105.5 3.34898 19.7522
    endloop
  endfacet
  facet normal 0 0.95865 -0.284587
    outer loop
      vertex 104.7 3.34898 19.7522
      vertex 105.5 3.31303 19.6311
      vertex 104.7 3.31303 19.6311
    endloop
  endfacet
  facet normal 0 0.959506 -0.281689
    outer loop
      vertex 105.5 3.28012 19.519
      vertex 104.7 3.31303 19.6311
      vertex 105.5 3.31303 19.6311
    endloop
  endfacet
  facet normal 0 0.959506 -0.281689
    outer loop
      vertex 104.7 3.31303 19.6311
      vertex 105.5 3.28012 19.519
      vertex 104.7 3.28012 19.519
    endloop
  endfacet
  facet normal 0 0.960623 -0.277855
    outer loop
      vertex 105.5 3.25027 19.4158
      vertex 104.7 3.28012 19.519
      vertex 105.5 3.28012 19.519
    endloop
  endfacet
  facet normal 0 0.960623 -0.277855
    outer loop
      vertex 104.7 3.28012 19.519
      vertex 105.5 3.25027 19.4158
      vertex 104.7 3.25027 19.4158
    endloop
  endfacet
  facet normal 0 0.961728 -0.274006
    outer loop
      vertex 105.5 3.22346 19.3217
      vertex 104.7 3.25027 19.4158
      vertex 105.5 3.25027 19.4158
    endloop
  endfacet
  facet normal 0 0.961728 -0.274006
    outer loop
      vertex 104.7 3.25027 19.4158
      vertex 105.5 3.22346 19.3217
      vertex 104.7 3.22346 19.3217
    endloop
  endfacet
  facet normal 0 0.963193 -0.268811
    outer loop
      vertex 105.5 3.19971 19.2366
      vertex 104.7 3.22346 19.3217
      vertex 105.5 3.22346 19.3217
    endloop
  endfacet
  facet normal 0 0.963193 -0.268811
    outer loop
      vertex 104.7 3.22346 19.3217
      vertex 105.5 3.19971 19.2366
      vertex 104.7 3.19971 19.2366
    endloop
  endfacet
  facet normal 0 0.964907 -0.262592
    outer loop
      vertex 105.5 3.179 19.1605
      vertex 104.7 3.19971 19.2366
      vertex 105.5 3.19971 19.2366
    endloop
  endfacet
  facet normal 0 0.964907 -0.262592
    outer loop
      vertex 104.7 3.19971 19.2366
      vertex 105.5 3.179 19.1605
      vertex 104.7 3.179 19.1605
    endloop
  endfacet
  facet normal 0 0.967103 -0.254387
    outer loop
      vertex 105.5 3.16135 19.0934
      vertex 104.7 3.179 19.1605
      vertex 105.5 3.179 19.1605
    endloop
  endfacet
  facet normal 0 0.967103 -0.254387
    outer loop
      vertex 104.7 3.179 19.1605
      vertex 105.5 3.16135 19.0934
      vertex 104.7 3.16135 19.0934
    endloop
  endfacet
  facet normal 0 0.969887 -0.243557
    outer loop
      vertex 105.5 3.14676 19.0353
      vertex 104.7 3.16135 19.0934
      vertex 105.5 3.16135 19.0934
    endloop
  endfacet
  facet normal 0 0.969887 -0.243557
    outer loop
      vertex 104.7 3.16135 19.0934
      vertex 105.5 3.14676 19.0353
      vertex 104.7 3.14676 19.0353
    endloop
  endfacet
  facet normal 0 -0.962854 -0.270022
    outer loop
      vertex 104.7 3.14676 19.0353
      vertex 105.5 3.07651 19.2858
      vertex 104.7 3.07651 19.2858
    endloop
  endfacet
  facet normal 0 -0.962854 -0.270022
    outer loop
      vertex 105.5 3.07651 19.2858
      vertex 104.7 3.14676 19.0353
      vertex 105.5 3.14676 19.0353
    endloop
  endfacet
  facet normal 0 -0.962684 -0.270629
    outer loop
      vertex 104.7 3.07651 19.2858
      vertex 105.5 3.01219 19.5146
      vertex 104.7 3.01219 19.5146
    endloop
  endfacet
  facet normal 0 -0.962684 -0.270629
    outer loop
      vertex 105.5 3.01219 19.5146
      vertex 104.7 3.07651 19.2858
      vertex 105.5 3.07651 19.2858
    endloop
  endfacet
  facet normal 0 -0.962528 -0.271182
    outer loop
      vertex 104.7 3.01219 19.5146
      vertex 105.5 2.95387 19.7216
      vertex 104.7 2.95387 19.7216
    endloop
  endfacet
  facet normal 0 -0.962528 -0.271182
    outer loop
      vertex 105.5 2.95387 19.7216
      vertex 104.7 3.01219 19.5146
      vertex 105.5 3.01219 19.5146
    endloop
  endfacet
  facet normal 0 -0.962227 -0.27225
    outer loop
      vertex 104.7 2.95387 19.7216
      vertex 105.5 2.90147 19.9068
      vertex 104.7 2.90147 19.9068
    endloop
  endfacet
  facet normal 0 -0.962227 -0.27225
    outer loop
      vertex 105.5 2.90147 19.9068
      vertex 104.7 2.95387 19.7216
      vertex 105.5 2.95387 19.7216
    endloop
  endfacet
  facet normal 0 -0.961952 -0.27322
    outer loop
      vertex 104.7 2.90147 19.9068
      vertex 105.5 2.85506 20.0702
      vertex 104.7 2.85506 20.0702
    endloop
  endfacet
  facet normal 0 -0.961952 -0.27322
    outer loop
      vertex 105.5 2.85506 20.0702
      vertex 104.7 2.90147 19.9068
      vertex 105.5 2.90147 19.9068
    endloop
  endfacet
  facet normal 0 -0.961483 -0.274865
    outer loop
      vertex 104.7 2.85506 20.0702
      vertex 105.5 2.81458 20.2118
      vertex 104.7 2.81458 20.2118
    endloop
  endfacet
  facet normal 0 -0.961483 -0.274865
    outer loop
      vertex 105.5 2.81458 20.2118
      vertex 104.7 2.85506 20.0702
      vertex 105.5 2.85506 20.0702
    endloop
  endfacet
  facet normal 0 -0.960861 -0.27703
    outer loop
      vertex 104.7 2.81458 20.2118
      vertex 105.5 2.78004 20.3316
      vertex 104.7 2.78004 20.3316
    endloop
  endfacet
  facet normal 0 -0.960861 -0.27703
    outer loop
      vertex 105.5 2.78004 20.3316
      vertex 104.7 2.81458 20.2118
      vertex 105.5 2.81458 20.2118
    endloop
  endfacet
  facet normal 0 -0.960138 -0.279526
    outer loop
      vertex 104.7 2.78004 20.3316
      vertex 105.5 2.75148 20.4297
      vertex 104.7 2.75148 20.4297
    endloop
  endfacet
  facet normal 0 -0.960138 -0.279526
    outer loop
      vertex 105.5 2.75148 20.4297
      vertex 104.7 2.78004 20.3316
      vertex 105.5 2.78004 20.3316
    endloop
  endfacet
  facet normal 0 -0.958823 -0.284003
    outer loop
      vertex 104.7 2.75148 20.4297
      vertex 105.5 2.72888 20.506
      vertex 104.7 2.72888 20.506
    endloop
  endfacet
  facet normal 0 -0.958823 -0.284003
    outer loop
      vertex 105.5 2.72888 20.506
      vertex 104.7 2.75148 20.4297
      vertex 105.5 2.75148 20.4297
    endloop
  endfacet
  facet normal 0 -0.954472 -0.298301
    outer loop
      vertex 104.7 2.72888 20.506
      vertex 105.5 1.61665 24.0648
      vertex 104.7 1.61665 24.0648
    endloop
  endfacet
  facet normal 0 -0.954472 -0.298301
    outer loop
      vertex 105.5 1.61665 24.0648
      vertex 104.7 2.72888 20.506
      vertex 105.5 2.72888 20.506
    endloop
  endfacet
  facet normal 0 0 -1
    outer loop
      vertex 104.7 -0.131149 24.0648
      vertex 105.5 1.61665 24.0648
      vertex 105.5 -0.131149 24.0648
    endloop
  endfacet
  facet normal -0 0 -1
    outer loop
      vertex 105.5 1.61665 24.0648
      vertex 104.7 -0.131149 24.0648
      vertex 104.7 1.61665 24.0648
    endloop
  endfacet
  facet normal 0 0.94154 0.336901
    outer loop
      vertex 105.5 2.1463 17.7
      vertex 104.7 -0.131149 24.0648
      vertex 105.5 -0.131149 24.0648
    endloop
  endfacet
  facet normal 0 0.94154 0.336901
    outer loop
      vertex 104.7 -0.131149 24.0648
      vertex 105.5 2.1463 17.7
      vertex 104.7 2.1463 17.7
    endloop
  endfacet
  facet normal -0 0 1
    outer loop
      vertex 104.7 4.12367 17.7
      vertex 105.5 2.1463 17.7
      vertex 105.5 4.12367 17.7
    endloop
  endfacet
  facet normal 0 0 1
    outer loop
      vertex 105.5 2.1463 17.7
      vertex 104.7 4.12367 17.7
      vertex 104.7 2.1463 17.7
    endloop
  endfacet
  facet normal 0 -0.93819 0.34612
    outer loop
      vertex 104.7 4.12367 17.7
      vertex 105.5 6.47179 24.0648
      vertex 104.7 6.47179 24.0648
    endloop
  endfacet
  facet normal 0 -0.93819 0.34612
    outer loop
      vertex 105.5 6.47179 24.0648
      vertex 104.7 4.12367 17.7
      vertex 105.5 4.12367 17.7
    endloop
  endfacet
  facet normal 0 1 0
    outer loop
      vertex 82.499 15.2 17.7
      vertex 79.364 15.2 20.1048
      vertex 79.364 15.2 24.3
    endloop
  endfacet
  facet normal 0 1 0
    outer loop
      vertex 79.364 15.2 20.1048
      vertex 82.499 15.2 17.7
      vertex 80.5063 15.2 17.7
    endloop
  endfacet
  facet normal 0 1 0
    outer loop
      vertex 76.229 15.2 17.7
      vertex 79.364 15.2 20.1048
      vertex 78.2218 15.2 17.7
    endloop
  endfacet
  facet normal 0 1 -0
    outer loop
      vertex 79.364 15.2 20.1048
      vertex 76.229 15.2 17.7
      vertex 79.364 15.2 24.3
    endloop
  endfacet
  facet normal 0 1 0
    outer loop
      vertex 99.5679 15.2 24.1715
      vertex 99.5551 15.2 23.0208
      vertex 99.287 15.2 23.0471
    endloop
  endfacet
  facet normal 0 1 0
    outer loop
      vertex 101.506 15.2 23.3029
      vertex 99.7915 15.2 22.9417
      vertex 99.5551 15.2 23.0208
    endloop
  endfacet
  facet normal 0 1 0
    outer loop
      vertex 100.312 15.2 22.3881
      vertex 101.673 15.2 23.0989
      vertex 101.82 15.2 22.8777
    endloop
  endfacet
  facet normal 0 1 0
    outer loop
      vertex 101.506 15.2 23.3029
      vertex 99.9965 15.2 22.8099
      vertex 99.7915 15.2 22.9417
    endloop
  endfacet
  facet normal 0 1 0
    outer loop
      vertex 100.422 15.2 22.0981
      vertex 101.82 15.2 22.8777
      vertex 101.947 15.2 22.6392
    endloop
  endfacet
  facet normal 0 1 0
    outer loop
      vertex 101.506 15.2 23.3029
      vertex 100.17 15.2 22.6254
      vertex 99.9965 15.2 22.8099
    endloop
  endfacet
  facet normal 0 1 0
    outer loop
      vertex 101.506 15.2 23.3029
      vertex 100.312 15.2 22.3881
      vertex 100.17 15.2 22.6254
    endloop
  endfacet
  facet normal 0 1 0
    outer loop
      vertex 100.422 15.2 22.0981
      vertex 101.947 15.2 22.6392
      vertex 102.055 15.2 22.3836
    endloop
  endfacet
  facet normal 0 1 0
    outer loop
      vertex 100.501 15.2 21.7554
      vertex 102.055 15.2 22.3836
      vertex 102.143 15.2 22.1107
    endloop
  endfacet
  facet normal 0 1 0
    outer loop
      vertex 101.82 15.2 22.8777
      vertex 100.422 15.2 22.0981
      vertex 100.312 15.2 22.3881
    endloop
  endfacet
  facet normal 0 1 0
    outer loop
      vertex 100.501 15.2 21.7554
      vertex 102.143 15.2 22.1107
      vertex 102.212 15.2 21.8206
    endloop
  endfacet
  facet normal 0 1 0
    outer loop
      vertex 102.055 15.2 22.3836
      vertex 100.501 15.2 21.7554
      vertex 100.422 15.2 22.0981
    endloop
  endfacet
  facet normal 0 1 0
    outer loop
      vertex 100.548 15.2 21.36
      vertex 102.212 15.2 21.8206
      vertex 102.261 15.2 21.5133
    endloop
  endfacet
  facet normal 0 1 0
    outer loop
      vertex 102.212 15.2 21.8206
      vertex 100.548 15.2 21.36
      vertex 100.501 15.2 21.7554
    endloop
  endfacet
  facet normal 0 1 0
    outer loop
      vertex 102.29 15.2 21.1888
      vertex 100.548 15.2 21.36
      vertex 102.261 15.2 21.5133
    endloop
  endfacet
  facet normal 0 1 0
    outer loop
      vertex 102.29 15.2 21.1888
      vertex 100.564 15.2 20.9118
      vertex 100.548 15.2 21.36
    endloop
  endfacet
  facet normal 0 1 0
    outer loop
      vertex 102.3 15.2 20.8471
      vertex 100.564 15.2 20.9118
      vertex 102.29 15.2 21.1888
    endloop
  endfacet
  facet normal 0 1 -0
    outer loop
      vertex 102.29 15.2 20.513
      vertex 100.564 15.2 20.9118
      vertex 102.3 15.2 20.8471
    endloop
  endfacet
  facet normal 0 1 0
    outer loop
      vertex 102.29 15.2 20.513
      vertex 100.548 15.2 20.4501
      vertex 100.564 15.2 20.9118
    endloop
  endfacet
  facet normal 0 1 -0
    outer loop
      vertex 102.261 15.2 20.1957
      vertex 100.548 15.2 20.4501
      vertex 102.29 15.2 20.513
    endloop
  endfacet
  facet normal 0 1 -0
    outer loop
      vertex 102.213 15.2 19.8951
      vertex 100.548 15.2 20.4501
      vertex 102.261 15.2 20.1957
    endloop
  endfacet
  facet normal 0 1 0
    outer loop
      vertex 100.548 15.2 20.4501
      vertex 102.213 15.2 19.8951
      vertex 100.5 15.2 20.0427
    endloop
  endfacet
  facet normal 0 1 -0
    outer loop
      vertex 102.144 15.2 19.6114
      vertex 100.5 15.2 20.0427
      vertex 102.213 15.2 19.8951
    endloop
  endfacet
  facet normal 0 1 -0
    outer loop
      vertex 102.057 15.2 19.3444
      vertex 100.5 15.2 20.0427
      vertex 102.144 15.2 19.6114
    endloop
  endfacet
  facet normal 0 1 0
    outer loop
      vertex 100.5 15.2 20.0427
      vertex 102.057 15.2 19.3444
      vertex 100.42 15.2 19.6896
    endloop
  endfacet
  facet normal 0 1 -0
    outer loop
      vertex 101.95 15.2 19.0941
      vertex 100.42 15.2 19.6896
      vertex 102.057 15.2 19.3444
    endloop
  endfacet
  facet normal 0 1 -0
    outer loop
      vertex 101.823 15.2 18.8607
      vertex 100.42 15.2 19.6896
      vertex 101.95 15.2 19.0941
    endloop
  endfacet
  facet normal 0 1 0
    outer loop
      vertex 100.42 15.2 19.6896
      vertex 101.823 15.2 18.8607
      vertex 100.307 15.2 19.3908
    endloop
  endfacet
  facet normal 0 1 -0
    outer loop
      vertex 101.677 15.2 18.644
      vertex 100.307 15.2 19.3908
      vertex 101.823 15.2 18.8607
    endloop
  endfacet
  facet normal 0 1 -0
    outer loop
      vertex 101.512 15.2 18.4441
      vertex 100.307 15.2 19.3908
      vertex 101.677 15.2 18.644
    endloop
  endfacet
  facet normal 0 1 -0
    outer loop
      vertex 101.328 15.2 18.2632
      vertex 100.307 15.2 19.3908
      vertex 101.512 15.2 18.4441
    endloop
  endfacet
  facet normal 0 1 0
    outer loop
      vertex 100.307 15.2 19.3908
      vertex 101.328 15.2 18.2632
      vertex 100.163 15.2 19.1464
    endloop
  endfacet
  facet normal 0 1 -0
    outer loop
      vertex 101.129 15.2 18.1037
      vertex 100.163 15.2 19.1464
      vertex 101.328 15.2 18.2632
    endloop
  endfacet
  facet normal 0 1 -0
    outer loop
      vertex 100.913 15.2 17.9654
      vertex 100.163 15.2 19.1464
      vertex 101.129 15.2 18.1037
    endloop
  endfacet
  facet normal 0 1 0
    outer loop
      vertex 100.163 15.2 19.1464
      vertex 100.913 15.2 17.9654
      vertex 99.9861 15.2 18.9563
    endloop
  endfacet
  facet normal -0 1 0
    outer loop
      vertex 99.1058 15.2 17.5858
      vertex 99.2635 15.2 18.7118
      vertex 99.2753 15.2 17.5824
    endloop
  endfacet
  facet normal 0 1 -0
    outer loop
      vertex 100.68 15.2 17.8483
      vertex 99.9861 15.2 18.9563
      vertex 100.913 15.2 17.9654
    endloop
  endfacet
  facet normal -0 1 0
    outer loop
      vertex 98.9402 15.2 17.5962
      vertex 99.2635 15.2 18.7118
      vertex 99.1058 15.2 17.5858
    endloop
  endfacet
  facet normal -0 1 0
    outer loop
      vertex 98.7783 15.2 17.6134
      vertex 99.2635 15.2 18.7118
      vertex 98.9402 15.2 17.5962
    endloop
  endfacet
  facet normal 0 1 -0
    outer loop
      vertex 100.432 15.2 17.7526
      vertex 99.9861 15.2 18.9563
      vertex 100.68 15.2 17.8483
    endloop
  endfacet
  facet normal -0 1 0
    outer loop
      vertex 98.6202 15.2 17.6376
      vertex 99.2635 15.2 18.7118
      vertex 98.7783 15.2 17.6134
    endloop
  endfacet
  facet normal -0 1 0
    outer loop
      vertex 98.4659 15.2 17.6686
      vertex 99.2635 15.2 18.7118
      vertex 98.6202 15.2 17.6376
    endloop
  endfacet
  facet normal 0 1 0
    outer loop
      vertex 99.9861 15.2 18.9563
      vertex 100.432 15.2 17.7526
      vertex 99.7773 15.2 18.8204
    endloop
  endfacet
  facet normal -0 1 0
    outer loop
      vertex 98.3154 15.2 17.7066
      vertex 99.2635 15.2 18.7118
      vertex 98.4659 15.2 17.6686
    endloop
  endfacet
  facet normal -0 1 0
    outer loop
      vertex 98.0257 15.2 17.8031
      vertex 99.2635 15.2 18.7118
      vertex 98.1686 15.2 17.7514
    endloop
  endfacet
  facet normal 0 1 -0
    outer loop
      vertex 100.167 15.2 17.6781
      vertex 99.7773 15.2 18.8204
      vertex 100.432 15.2 17.7526
    endloop
  endfacet
  facet normal 0 1 0
    outer loop
      vertex 99.2635 15.2 18.7118
      vertex 97.6236 15.2 17.9974
      vertex 97.5009 15.2 18.0739
    endloop
  endfacet
  facet normal -0 1 0
    outer loop
      vertex 97.6236 15.2 17.9974
      vertex 99.2635 15.2 18.7118
      vertex 97.752 15.2 17.9267
    endloop
  endfacet
  facet normal 0 1 -0
    outer loop
      vertex 99.8861 15.2 17.6249
      vertex 99.7773 15.2 18.8204
      vertex 100.167 15.2 17.6781
    endloop
  endfacet
  facet normal -0 1 0
    outer loop
      vertex 97.752 15.2 17.9267
      vertex 99.2635 15.2 18.7118
      vertex 97.8864 15.2 17.8618
    endloop
  endfacet
  facet normal 0 1 0
    outer loop
      vertex 99.7773 15.2 18.8204
      vertex 99.8861 15.2 17.6249
      vertex 99.5365 15.2 18.739
    endloop
  endfacet
  facet normal -0 1 0
    outer loop
      vertex 97.8864 15.2 17.8618
      vertex 99.2635 15.2 18.7118
      vertex 98.0257 15.2 17.8031
    endloop
  endfacet
  facet normal 0 1 0
    outer loop
      vertex 99.2635 15.2 18.7118
      vertex 97.5009 15.2 18.0739
      vertex 97.3842 15.2 18.156
    endloop
  endfacet
  facet normal 0 1 -0
    outer loop
      vertex 99.5888 15.2 17.593
      vertex 99.5365 15.2 18.739
      vertex 99.8861 15.2 17.6249
    endloop
  endfacet
  facet normal 0 1 0
    outer loop
      vertex 99.2635 15.2 18.7118
      vertex 97.3842 15.2 18.156
      vertex 97.2734 15.2 18.2439
    endloop
  endfacet
  facet normal 0 1 0
    outer loop
      vertex 99.2635 15.2 18.7118
      vertex 97.2734 15.2 18.2439
      vertex 97.1684 15.2 18.3376
    endloop
  endfacet
  facet normal 0 1 0
    outer loop
      vertex 99.5365 15.2 18.739
      vertex 99.5888 15.2 17.593
      vertex 99.2635 15.2 18.7118
    endloop
  endfacet
  facet normal 0 1 0
    outer loop
      vertex 99.2635 15.2 18.7118
      vertex 97.1684 15.2 18.3376
      vertex 97.0693 15.2 18.4369
    endloop
  endfacet
  facet normal 0 1 0
    outer loop
      vertex 99.2635 15.2 18.7118
      vertex 97.0693 15.2 18.4369
      vertex 96.9762 15.2 18.5421
    endloop
  endfacet
  facet normal 0 1 0
    outer loop
      vertex 99.2635 15.2 18.7118
      vertex 99.5888 15.2 17.593
      vertex 99.2753 15.2 17.5824
    endloop
  endfacet
  facet normal 0 1 0
    outer loop
      vertex 99.2635 15.2 18.7118
      vertex 96.9762 15.2 18.5421
      vertex 96.8889 15.2 18.6529
    endloop
  endfacet
  facet normal -0 1 0
    outer loop
      vertex 98.1686 15.2 17.7514
      vertex 99.2635 15.2 18.7118
      vertex 98.3154 15.2 17.7066
    endloop
  endfacet
  facet normal 0 1 -0
    outer loop
      vertex 99.287 15.2 23.0471
      vertex 99.2517 15.2 24.1824
      vertex 99.5679 15.2 24.1715
    endloop
  endfacet
  facet normal 0 1 0
    outer loop
      vertex 99.1749 15.2 23.0435
      vertex 99.2517 15.2 24.1824
      vertex 99.287 15.2 23.0471
    endloop
  endfacet
  facet normal 0 1 0
    outer loop
      vertex 99.5551 15.2 23.0208
      vertex 99.5679 15.2 24.1715
      vertex 99.8676 15.2 24.1389
    endloop
  endfacet
  facet normal 0 1 0
    outer loop
      vertex 99.2517 15.2 24.1824
      vertex 99.1749 15.2 23.0435
      vertex 99.0067 15.2 24.1754
    endloop
  endfacet
  facet normal 0 1 0
    outer loop
      vertex 99.5551 15.2 23.0208
      vertex 99.8676 15.2 24.1389
      vertex 100.151 15.2 24.0847
    endloop
  endfacet
  facet normal 0 1 -0
    outer loop
      vertex 99.0685 15.2 23.0328
      vertex 99.0067 15.2 24.1754
      vertex 99.1749 15.2 23.0435
    endloop
  endfacet
  facet normal 0 1 0
    outer loop
      vertex 99.5551 15.2 23.0208
      vertex 100.151 15.2 24.0847
      vertex 100.418 15.2 24.0087
    endloop
  endfacet
  facet normal 0 1 0
    outer loop
      vertex 99.0067 15.2 24.1754
      vertex 99.0685 15.2 23.0328
      vertex 98.7713 15.2 24.1545
    endloop
  endfacet
  facet normal 0 1 -0
    outer loop
      vertex 98.9679 15.2 23.0148
      vertex 98.7713 15.2 24.1545
      vertex 99.0685 15.2 23.0328
    endloop
  endfacet
  facet normal 0 1 0
    outer loop
      vertex 99.5551 15.2 23.0208
      vertex 100.418 15.2 24.0087
      vertex 100.668 15.2 23.9109
    endloop
  endfacet
  facet normal 0 1 -0
    outer loop
      vertex 98.8732 15.2 22.9896
      vertex 98.7713 15.2 24.1545
      vertex 98.9679 15.2 23.0148
    endloop
  endfacet
  facet normal 0 1 0
    outer loop
      vertex 99.5551 15.2 23.0208
      vertex 100.668 15.2 23.9109
      vertex 100.902 15.2 23.7915
    endloop
  endfacet
  facet normal 0 1 0
    outer loop
      vertex 98.7713 15.2 24.1545
      vertex 98.8732 15.2 22.9896
      vertex 98.5455 15.2 24.1196
    endloop
  endfacet
  facet normal 0 1 0
    outer loop
      vertex 99.5551 15.2 23.0208
      vertex 100.902 15.2 23.7915
      vertex 101.12 15.2 23.6504
    endloop
  endfacet
  facet normal 0 1 -0
    outer loop
      vertex 98.7842 15.2 22.9573
      vertex 98.5455 15.2 24.1196
      vertex 98.8732 15.2 22.9896
    endloop
  endfacet
  facet normal 0 1 0
    outer loop
      vertex 99.5551 15.2 23.0208
      vertex 101.12 15.2 23.6504
      vertex 101.321 15.2 23.4875
    endloop
  endfacet
  facet normal 0 1 0
    outer loop
      vertex 98.5455 15.2 24.1196
      vertex 98.7842 15.2 22.9573
      vertex 98.3293 15.2 24.0708
    endloop
  endfacet
  facet normal 0 1 -0
    outer loop
      vertex 98.7011 15.2 22.9177
      vertex 98.3293 15.2 24.0708
      vertex 98.7842 15.2 22.9573
    endloop
  endfacet
  facet normal 0 1 0
    outer loop
      vertex 99.5551 15.2 23.0208
      vertex 101.321 15.2 23.4875
      vertex 101.506 15.2 23.3029
    endloop
  endfacet
  facet normal 0 1 0
    outer loop
      vertex 98.3293 15.2 24.0708
      vertex 98.7011 15.2 22.9177
      vertex 98.1227 15.2 24.0081
    endloop
  endfacet
  facet normal 0 1 0
    outer loop
      vertex 100.312 15.2 22.3881
      vertex 101.506 15.2 23.3029
      vertex 101.673 15.2 23.0989
    endloop
  endfacet
  facet normal 0 1 -0
    outer loop
      vertex 98.6238 15.2 22.871
      vertex 98.1227 15.2 24.0081
      vertex 98.7011 15.2 22.9177
    endloop
  endfacet
  facet normal 0 1 0
    outer loop
      vertex 98.1227 15.2 24.0081
      vertex 98.6238 15.2 22.871
      vertex 97.9257 15.2 23.9314
    endloop
  endfacet
  facet normal 0 1 -0
    outer loop
      vertex 98.5523 15.2 22.817
      vertex 97.9257 15.2 23.9314
      vertex 98.6238 15.2 22.871
    endloop
  endfacet
  facet normal 0 1 0
    outer loop
      vertex 97.9257 15.2 23.9314
      vertex 98.5523 15.2 22.817
      vertex 97.7382 15.2 23.8408
    endloop
  endfacet
  facet normal 0 1 -0
    outer loop
      vertex 98.4866 15.2 22.7559
      vertex 97.7382 15.2 23.8408
      vertex 98.5523 15.2 22.817
    endloop
  endfacet
  facet normal 0 1 0
    outer loop
      vertex 97.7382 15.2 23.8408
      vertex 98.4866 15.2 22.7559
      vertex 97.5604 15.2 23.7362
    endloop
  endfacet
  facet normal 0 1 -0
    outer loop
      vertex 98.4265 15.2 22.6888
      vertex 97.5604 15.2 23.7362
      vertex 98.4866 15.2 22.7559
    endloop
  endfacet
  facet normal 0 1 0
    outer loop
      vertex 97.5604 15.2 23.7362
      vertex 98.4265 15.2 22.6888
      vertex 97.3921 15.2 23.6177
    endloop
  endfacet
  facet normal 0 1 -0
    outer loop
      vertex 98.3716 15.2 22.6168
      vertex 97.3921 15.2 23.6177
      vertex 98.4265 15.2 22.6888
    endloop
  endfacet
  facet normal 0 1 0
    outer loop
      vertex 97.3921 15.2 23.6177
      vertex 98.3716 15.2 22.6168
      vertex 97.2354 15.2 23.4869
    endloop
  endfacet
  facet normal 0 1 -0
    outer loop
      vertex 98.3219 15.2 22.5399
      vertex 97.2354 15.2 23.4869
      vertex 98.3716 15.2 22.6168
    endloop
  endfacet
  facet normal 0 1 0
    outer loop
      vertex 97.2354 15.2 23.4869
      vertex 98.3219 15.2 22.5399
      vertex 97.0922 15.2 23.3455
    endloop
  endfacet
  facet normal 0 1 -0
    outer loop
      vertex 98.2774 15.2 22.4582
      vertex 97.0922 15.2 23.3455
      vertex 98.3219 15.2 22.5399
    endloop
  endfacet
  facet normal 0 1 0
    outer loop
      vertex 97.0922 15.2 23.3455
      vertex 98.2774 15.2 22.4582
      vertex 96.9625 15.2 23.1935
    endloop
  endfacet
  facet normal 0 1 -0
    outer loop
      vertex 98.2382 15.2 22.3716
      vertex 96.9625 15.2 23.1935
      vertex 98.2774 15.2 22.4582
    endloop
  endfacet
  facet normal 0 1 0
    outer loop
      vertex 96.9625 15.2 23.1935
      vertex 98.2382 15.2 22.3716
      vertex 96.8463 15.2 23.0309
    endloop
  endfacet
  facet normal 0 1 -0
    outer loop
      vertex 98.2042 15.2 22.2801
      vertex 96.8463 15.2 23.0309
      vertex 98.2382 15.2 22.3716
    endloop
  endfacet
  facet normal 0 1 0
    outer loop
      vertex 96.8463 15.2 23.0309
      vertex 98.2042 15.2 22.2801
      vertex 96.7436 15.2 22.8577
    endloop
  endfacet
  facet normal 0 1 -0
    outer loop
      vertex 98.1754 15.2 22.1838
      vertex 96.7436 15.2 22.8577
      vertex 98.2042 15.2 22.2801
    endloop
  endfacet
  facet normal 0 1 0
    outer loop
      vertex 96.7436 15.2 22.8577
      vertex 98.1754 15.2 22.1838
      vertex 96.6545 15.2 22.6739
    endloop
  endfacet
  facet normal 0 1 -0
    outer loop
      vertex 98.1519 15.2 22.0826
      vertex 96.6545 15.2 22.6739
      vertex 98.1754 15.2 22.1838
    endloop
  endfacet
  facet normal 0 1 0
    outer loop
      vertex 96.6545 15.2 22.6739
      vertex 98.1519 15.2 22.0826
      vertex 96.5789 15.2 22.4795
    endloop
  endfacet
  facet normal 0 1 -0
    outer loop
      vertex 98.1336 15.2 21.9765
      vertex 96.5789 15.2 22.4795
      vertex 98.1519 15.2 22.0826
    endloop
  endfacet
  facet normal 0 1 0
    outer loop
      vertex 96.5789 15.2 22.4795
      vertex 98.1336 15.2 21.9765
      vertex 96.5167 15.2 22.2745
    endloop
  endfacet
  facet normal 0 1 0
    outer loop
      vertex 96.5167 15.2 22.2745
      vertex 98.1336 15.2 21.9765
      vertex 96.4681 15.2 22.0589
    endloop
  endfacet
  facet normal 0 1 0
    outer loop
      vertex 96.4746 15.2 19.5345
      vertex 98.0806 15.2 19.8941
      vertex 98.1006 15.2 19.767
    endloop
  endfacet
  facet normal 0 1 0
    outer loop
      vertex 98.0806 15.2 19.8941
      vertex 96.4442 15.2 19.6743
      vertex 96.421 15.2 19.8177
    endloop
  endfacet
  facet normal 0 1 0
    outer loop
      vertex 96.557 15.2 19.2652
      vertex 98.1006 15.2 19.767
      vertex 98.1265 15.2 19.6471
    endloop
  endfacet
  facet normal 0 1 0
    outer loop
      vertex 98.0806 15.2 19.8941
      vertex 96.4746 15.2 19.5345
      vertex 96.4442 15.2 19.6743
    endloop
  endfacet
  facet normal 0 1 0
    outer loop
      vertex 96.6682 15.2 19.0098
      vertex 98.1265 15.2 19.6471
      vertex 98.1584 15.2 19.5343
    endloop
  endfacet
  facet normal 0 1 0
    outer loop
      vertex 96.8081 15.2 18.7684
      vertex 98.1584 15.2 19.5343
      vertex 98.1963 15.2 19.4288
    endloop
  endfacet
  facet normal 0 1 0
    outer loop
      vertex 98.1006 15.2 19.767
      vertex 96.5122 15.2 19.3981
      vertex 96.4746 15.2 19.5345
    endloop
  endfacet
  facet normal 0 1 0
    outer loop
      vertex 96.8889 15.2 18.6529
      vertex 98.1963 15.2 19.4288
      vertex 98.2401 15.2 19.3304
    endloop
  endfacet
  facet normal 0 1 0
    outer loop
      vertex 98.1006 15.2 19.767
      vertex 96.557 15.2 19.2652
      vertex 96.5122 15.2 19.3981
    endloop
  endfacet
  facet normal 0 1 0
    outer loop
      vertex 96.8889 15.2 18.6529
      vertex 98.2401 15.2 19.3304
      vertex 98.2899 15.2 19.2392
    endloop
  endfacet
  facet normal 0 1 0
    outer loop
      vertex 96.8889 15.2 18.6529
      vertex 98.2899 15.2 19.2392
      vertex 98.3456 15.2 19.1552
    endloop
  endfacet
  facet normal 0 1 0
    outer loop
      vertex 98.1265 15.2 19.6471
      vertex 96.609 15.2 19.1357
      vertex 96.557 15.2 19.2652
    endloop
  endfacet
  facet normal 0 1 0
    outer loop
      vertex 96.8889 15.2 18.6529
      vertex 98.3456 15.2 19.1552
      vertex 98.4073 15.2 19.0784
    endloop
  endfacet
  facet normal 0 1 0
    outer loop
      vertex 98.1265 15.2 19.6471
      vertex 96.6682 15.2 19.0098
      vertex 96.609 15.2 19.1357
    endloop
  endfacet
  facet normal 0 1 0
    outer loop
      vertex 96.8889 15.2 18.6529
      vertex 98.4073 15.2 19.0784
      vertex 98.4749 15.2 19.0088
    endloop
  endfacet
  facet normal 0 1 0
    outer loop
      vertex 96.8889 15.2 18.6529
      vertex 98.4749 15.2 19.0088
      vertex 98.5474 15.2 18.9465
    endloop
  endfacet
  facet normal 0 1 0
    outer loop
      vertex 96.8889 15.2 18.6529
      vertex 98.5474 15.2 18.9465
      vertex 98.6237 15.2 18.8915
    endloop
  endfacet
  facet normal 0 1 0
    outer loop
      vertex 98.1584 15.2 19.5343
      vertex 96.7345 15.2 18.8873
      vertex 96.6682 15.2 19.0098
    endloop
  endfacet
  facet normal 0 1 0
    outer loop
      vertex 96.8889 15.2 18.6529
      vertex 98.6237 15.2 18.8915
      vertex 98.7038 15.2 18.8438
    endloop
  endfacet
  facet normal 0 1 0
    outer loop
      vertex 96.8889 15.2 18.6529
      vertex 98.7038 15.2 18.8438
      vertex 98.7876 15.2 18.8035
    endloop
  endfacet
  facet normal 0 1 0
    outer loop
      vertex 96.8889 15.2 18.6529
      vertex 98.7876 15.2 18.8035
      vertex 98.8753 15.2 18.7705
    endloop
  endfacet
  facet normal 0 1 0
    outer loop
      vertex 98.1584 15.2 19.5343
      vertex 96.8081 15.2 18.7684
      vertex 96.7345 15.2 18.8873
    endloop
  endfacet
  facet normal 0 1 0
    outer loop
      vertex 96.8889 15.2 18.6529
      vertex 98.8753 15.2 18.7705
      vertex 98.9667 15.2 18.7448
    endloop
  endfacet
  facet normal 0 1 0
    outer loop
      vertex 96.8889 15.2 18.6529
      vertex 98.9667 15.2 18.7448
      vertex 99.0618 15.2 18.7265
    endloop
  endfacet
  facet normal 0 1 0
    outer loop
      vertex 96.8889 15.2 18.6529
      vertex 99.0618 15.2 18.7265
      vertex 99.1608 15.2 18.7155
    endloop
  endfacet
  facet normal 0 1 0
    outer loop
      vertex 96.8889 15.2 18.6529
      vertex 99.1608 15.2 18.7155
      vertex 99.2635 15.2 18.7118
    endloop
  endfacet
  facet normal 0 1 0
    outer loop
      vertex 98.1963 15.2 19.4288
      vertex 96.8889 15.2 18.6529
      vertex 96.8081 15.2 18.7684
    endloop
  endfacet
  facet normal 0 1 0
    outer loop
      vertex 91.5342 15.2 21.6001
      vertex 89.9335 15.2 20.5648
      vertex 89.9335 15.2 20.6118
    endloop
  endfacet
  facet normal 0 1 0
    outer loop
      vertex 90.3973 15.2 18.6286
      vertex 91.5872 15.2 19.4471
      vertex 91.6462 15.2 19.2878
    endloop
  endfacet
  facet normal 0 1 0
    outer loop
      vertex 90.6338 15.2 18.351
      vertex 91.6462 15.2 19.2878
      vertex 91.7212 15.2 19.1473
    endloop
  endfacet
  facet normal 0 1 0
    outer loop
      vertex 90.9048 15.2 18.1161
      vertex 91.7212 15.2 19.1473
      vertex 91.8121 15.2 19.0255
    endloop
  endfacet
  facet normal 0 1 0
    outer loop
      vertex 91.5872 15.2 19.4471
      vertex 90.1953 15.2 18.9489
      vertex 90.0276 15.2 19.3118
    endloop
  endfacet
  facet normal 0 1 0
    outer loop
      vertex 91.2101 15.2 17.924
      vertex 91.8121 15.2 19.0255
      vertex 91.9191 15.2 18.9225
    endloop
  endfacet
  facet normal 0 1 0
    outer loop
      vertex 91.55 15.2 17.7745
      vertex 91.9191 15.2 18.9225
      vertex 92.042 15.2 18.8382
    endloop
  endfacet
  facet normal 0 1 0
    outer loop
      vertex 91.55 15.2 17.7745
      vertex 92.042 15.2 18.8382
      vertex 92.1809 15.2 18.7726
    endloop
  endfacet
  facet normal 0 1 0
    outer loop
      vertex 91.9242 15.2 17.6678
      vertex 92.1809 15.2 18.7726
      vertex 92.3358 15.2 18.7258
    endloop
  endfacet
  facet normal 0 1 0
    outer loop
      vertex 92.3329 15.2 17.6037
      vertex 92.3358 15.2 18.7258
      vertex 92.5067 15.2 18.6976
    endloop
  endfacet
  facet normal 0 1 0
    outer loop
      vertex 91.5872 15.2 19.4471
      vertex 90.3973 15.2 18.6286
      vertex 90.1953 15.2 18.9489
    endloop
  endfacet
  facet normal 0 1 0
    outer loop
      vertex 92.3329 15.2 17.6037
      vertex 92.5067 15.2 18.6976
      vertex 92.6936 15.2 18.6883
    endloop
  endfacet
  facet normal 0 1 0
    outer loop
      vertex 93.4116 15.2 18.8987
      vertex 93.9211 15.2 17.7503
      vertex 93.3099 15.2 18.8344
    endloop
  endfacet
  facet normal 0 1 -0
    outer loop
      vertex 93.6594 15.2 17.6768
      vertex 93.3099 15.2 18.8344
      vertex 93.9211 15.2 17.7503
    endloop
  endfacet
  facet normal -0 1 0
    outer loop
      vertex 92.3329 15.2 17.6037
      vertex 92.6936 15.2 18.6883
      vertex 92.776 15.2 17.5824
    endloop
  endfacet
  facet normal 0 1 0
    outer loop
      vertex 93.3099 15.2 18.8344
      vertex 93.6594 15.2 17.6768
      vertex 93.201 15.2 18.7818
    endloop
  endfacet
  facet normal 0 1 0
    outer loop
      vertex 92.3358 15.2 18.7258
      vertex 92.3329 15.2 17.6037
      vertex 91.9242 15.2 17.6678
    endloop
  endfacet
  facet normal 0 1 -0
    outer loop
      vertex 93.3814 15.2 17.6244
      vertex 93.201 15.2 18.7818
      vertex 93.6594 15.2 17.6768
    endloop
  endfacet
  facet normal 0 1 0
    outer loop
      vertex 93.201 15.2 18.7818
      vertex 93.3814 15.2 17.6244
      vertex 93.0849 15.2 18.7409
    endloop
  endfacet
  facet normal 0 1 0
    outer loop
      vertex 92.1809 15.2 18.7726
      vertex 91.9242 15.2 17.6678
      vertex 91.55 15.2 17.7745
    endloop
  endfacet
  facet normal 0 1 -0
    outer loop
      vertex 93.0869 15.2 17.5929
      vertex 93.0849 15.2 18.7409
      vertex 93.3814 15.2 17.6244
    endloop
  endfacet
  facet normal 0 1 0
    outer loop
      vertex 91.9191 15.2 18.9225
      vertex 91.55 15.2 17.7745
      vertex 91.2101 15.2 17.924
    endloop
  endfacet
  facet normal 0 1 0
    outer loop
      vertex 93.0849 15.2 18.7409
      vertex 93.0869 15.2 17.5929
      vertex 92.9617 15.2 18.7117
    endloop
  endfacet
  facet normal 0 1 0
    outer loop
      vertex 92.9617 15.2 18.7117
      vertex 93.0869 15.2 17.5929
      vertex 92.8312 15.2 18.6941
    endloop
  endfacet
  facet normal 0 1 0
    outer loop
      vertex 92.776 15.2 17.5824
      vertex 92.8312 15.2 18.6941
      vertex 93.0869 15.2 17.5929
    endloop
  endfacet
  facet normal 0 1 0
    outer loop
      vertex 92.8312 15.2 18.6941
      vertex 92.776 15.2 17.5824
      vertex 92.6936 15.2 18.6883
    endloop
  endfacet
  facet normal 0 1 0
    outer loop
      vertex 91.8121 15.2 19.0255
      vertex 91.2101 15.2 17.924
      vertex 90.9048 15.2 18.1161
    endloop
  endfacet
  facet normal 0 1 0
    outer loop
      vertex 91.6462 15.2 19.2878
      vertex 90.6338 15.2 18.351
      vertex 90.3973 15.2 18.6286
    endloop
  endfacet
  facet normal 0 1 0
    outer loop
      vertex 91.7212 15.2 19.1473
      vertex 90.9048 15.2 18.1161
      vertex 90.6338 15.2 18.351
    endloop
  endfacet
  facet normal 0 1 -0
    outer loop
      vertex 92.9022 15.2 23.1363
      vertex 92.7525 15.2 24.1824
      vertex 93.0635 15.2 24.1719
    endloop
  endfacet
  facet normal 0 1 0
    outer loop
      vertex 93.0217 15.2 23.1212
      vertex 93.0635 15.2 24.1719
      vertex 93.3584 15.2 24.1405
    endloop
  endfacet
  facet normal 0 1 0
    outer loop
      vertex 92.7525 15.2 24.1824
      vertex 92.9022 15.2 23.1363
      vertex 92.776 15.2 23.1413
    endloop
  endfacet
  facet normal 0 1 0
    outer loop
      vertex 93.241 15.2 23.0611
      vertex 93.3584 15.2 24.1405
      vertex 93.6372 15.2 24.0883
    endloop
  endfacet
  facet normal 0 1 0
    outer loop
      vertex 92.6572 15.2 23.1365
      vertex 92.7525 15.2 24.1824
      vertex 92.776 15.2 23.1413
    endloop
  endfacet
  facet normal 0 1 0
    outer loop
      vertex 93.3407 15.2 23.016
      vertex 93.6372 15.2 24.0883
      vertex 93.8999 15.2 24.0151
    endloop
  endfacet
  facet normal 0 1 0
    outer loop
      vertex 92.7525 15.2 24.1824
      vertex 92.6572 15.2 23.1365
      vertex 92.4558 15.2 24.1712
    endloop
  endfacet
  facet normal 0 1 0
    outer loop
      vertex 93.4338 15.2 22.9608
      vertex 93.8999 15.2 24.0151
      vertex 94.1464 15.2 23.9209
    endloop
  endfacet
  facet normal 0 1 -0
    outer loop
      vertex 92.5438 15.2 23.1222
      vertex 92.4558 15.2 24.1712
      vertex 92.6572 15.2 23.1365
    endloop
  endfacet
  facet normal 0 1 0
    outer loop
      vertex 93.5203 15.2 22.8957
      vertex 94.1464 15.2 23.9209
      vertex 94.3767 15.2 23.8059
    endloop
  endfacet
  facet normal 0 1 0
    outer loop
      vertex 92.4558 15.2 24.1712
      vertex 92.5438 15.2 23.1222
      vertex 92.175 15.2 24.1375
    endloop
  endfacet
  facet normal 0 1 0
    outer loop
      vertex 93.6734 15.2 22.7353
      vertex 94.3767 15.2 23.8059
      vertex 94.591 15.2 23.67
    endloop
  endfacet
  facet normal 0 1 -0
    outer loop
      vertex 92.3337 15.2 23.0652
      vertex 92.175 15.2 24.1375
      vertex 92.436 15.2 23.0984
    endloop
  endfacet
  facet normal 0 1 0
    outer loop
      vertex 93.7397 15.2 22.6411
      vertex 94.591 15.2 23.67
      vertex 94.7891 15.2 23.5131
    endloop
  endfacet
  facet normal 0 1 0
    outer loop
      vertex 92.175 15.2 24.1375
      vertex 92.3337 15.2 23.0652
      vertex 91.9102 15.2 24.0814
    endloop
  endfacet
  facet normal 0 1 0
    outer loop
      vertex 93.7987 15.2 22.5389
      vertex 94.7891 15.2 23.5131
      vertex 94.9711 15.2 23.3353
    endloop
  endfacet
  facet normal 0 1 -0
    outer loop
      vertex 92.2369 15.2 23.0223
      vertex 91.9102 15.2 24.0814
      vertex 92.3337 15.2 23.0652
    endloop
  endfacet
  facet normal 0 1 0
    outer loop
      vertex 91.9102 15.2 24.0814
      vertex 92.2369 15.2 23.0223
      vertex 91.6615 15.2 24.0029
    endloop
  endfacet
  facet normal 0 1 0
    outer loop
      vertex 93.8503 15.2 22.4288
      vertex 94.9711 15.2 23.3353
      vertex 95.1354 15.2 23.1381
    endloop
  endfacet
  facet normal 0 1 -0
    outer loop
      vertex 92.436 15.2 23.0984
      vertex 92.175 15.2 24.1375
      vertex 92.5438 15.2 23.1222
    endloop
  endfacet
  facet normal 0 1 0
    outer loop
      vertex 93.0635 15.2 24.1719
      vertex 93.0217 15.2 23.1212
      vertex 92.9022 15.2 23.1363
    endloop
  endfacet
  facet normal 0 1 0
    outer loop
      vertex 93.3584 15.2 24.1405
      vertex 93.1346 15.2 23.0961
      vertex 93.0217 15.2 23.1212
    endloop
  endfacet
  facet normal 0 1 0
    outer loop
      vertex 93.3584 15.2 24.1405
      vertex 93.241 15.2 23.0611
      vertex 93.1346 15.2 23.0961
    endloop
  endfacet
  facet normal 0 1 0
    outer loop
      vertex 93.6372 15.2 24.0883
      vertex 93.3407 15.2 23.016
      vertex 93.241 15.2 23.0611
    endloop
  endfacet
  facet normal 0 1 0
    outer loop
      vertex 93.8999 15.2 24.0151
      vertex 93.4338 15.2 22.9608
      vertex 93.3407 15.2 23.016
    endloop
  endfacet
  facet normal 0 1 0
    outer loop
      vertex 93.8946 15.2 22.3106
      vertex 95.1354 15.2 23.1381
      vertex 95.2803 15.2 22.9228
    endloop
  endfacet
  facet normal 0 1 0
    outer loop
      vertex 94.1464 15.2 23.9209
      vertex 93.5203 15.2 22.8957
      vertex 93.4338 15.2 22.9608
    endloop
  endfacet
  facet normal 0 1 0
    outer loop
      vertex 94.3767 15.2 23.8059
      vertex 93.6002 15.2 22.8205
      vertex 93.5203 15.2 22.8957
    endloop
  endfacet
  facet normal 0 1 0
    outer loop
      vertex 94.3767 15.2 23.8059
      vertex 93.6734 15.2 22.7353
      vertex 93.6002 15.2 22.8205
    endloop
  endfacet
  facet normal 0 1 0
    outer loop
      vertex 93.9316 15.2 22.1845
      vertex 95.2803 15.2 22.9228
      vertex 95.406 15.2 22.6896
    endloop
  endfacet
  facet normal 0 1 0
    outer loop
      vertex 94.591 15.2 23.67
      vertex 93.7397 15.2 22.6411
      vertex 93.6734 15.2 22.7353
    endloop
  endfacet
  facet normal 0 1 0
    outer loop
      vertex 94.7891 15.2 23.5131
      vertex 93.7987 15.2 22.5389
      vertex 93.7397 15.2 22.6411
    endloop
  endfacet
  facet normal 0 1 0
    outer loop
      vertex 93.9612 15.2 22.0504
      vertex 95.406 15.2 22.6896
      vertex 95.5123 15.2 22.4383
    endloop
  endfacet
  facet normal 0 1 0
    outer loop
      vertex 94.9711 15.2 23.3353
      vertex 93.8503 15.2 22.4288
      vertex 93.7987 15.2 22.5389
    endloop
  endfacet
  facet normal 0 1 0
    outer loop
      vertex 95.1354 15.2 23.1381
      vertex 93.8946 15.2 22.3106
      vertex 93.8503 15.2 22.4288
    endloop
  endfacet
  facet normal 0 1 0
    outer loop
      vertex 95.2803 15.2 22.9228
      vertex 93.9316 15.2 22.1845
      vertex 93.8946 15.2 22.3106
    endloop
  endfacet
  facet normal 0 1 0
    outer loop
      vertex 93.9835 15.2 21.9082
      vertex 95.5123 15.2 22.4383
      vertex 95.5992 15.2 22.169
    endloop
  endfacet
  facet normal 0 1 0
    outer loop
      vertex 95.406 15.2 22.6896
      vertex 93.9612 15.2 22.0504
      vertex 93.9316 15.2 22.1845
    endloop
  endfacet
  facet normal 0 1 0
    outer loop
      vertex 95.5123 15.2 22.4383
      vertex 93.9835 15.2 21.9082
      vertex 93.9612 15.2 22.0504
    endloop
  endfacet
  facet normal 0 1 0
    outer loop
      vertex 93.9984 15.2 21.7581
      vertex 95.5992 15.2 22.169
      vertex 95.6669 15.2 21.8817
    endloop
  endfacet
  facet normal 0 1 0
    outer loop
      vertex 95.5992 15.2 22.169
      vertex 93.9984 15.2 21.7581
      vertex 93.9835 15.2 21.9082
    endloop
  endfacet
  facet normal 0 1 0
    outer loop
      vertex 95.6669 15.2 21.8817
      vertex 94.006 15.2 21.6001
      vertex 93.9984 15.2 21.7581
    endloop
  endfacet
  facet normal 0 1 0
    outer loop
      vertex 95.7442 15.2 21.2531
      vertex 94.006 15.2 21.6001
      vertex 95.7152 15.2 21.5764
    endloop
  endfacet
  facet normal 0 1 0
    outer loop
      vertex 95.7152 15.2 21.5764
      vertex 94.006 15.2 21.6001
      vertex 95.6669 15.2 21.8817
    endloop
  endfacet
  facet normal 0 1 -0
    outer loop
      vertex 92.1457 15.2 22.97
      vertex 91.6615 15.2 24.0029
      vertex 92.2369 15.2 23.0223
    endloop
  endfacet
  facet normal 0 1 0
    outer loop
      vertex 91.6615 15.2 24.0029
      vertex 92.1457 15.2 22.97
      vertex 91.4287 15.2 23.9019
    endloop
  endfacet
  facet normal 0 1 -0
    outer loop
      vertex 92.0599 15.2 22.9082
      vertex 91.4287 15.2 23.9019
      vertex 92.1457 15.2 22.97
    endloop
  endfacet
  facet normal 0 1 0
    outer loop
      vertex 91.4287 15.2 23.9019
      vertex 92.0599 15.2 22.9082
      vertex 91.2119 15.2 23.7785
    endloop
  endfacet
  facet normal 0 1 -0
    outer loop
      vertex 91.9797 15.2 22.8368
      vertex 91.2119 15.2 23.7785
      vertex 92.0599 15.2 22.9082
    endloop
  endfacet
  facet normal 0 1 -0
    outer loop
      vertex 91.905 15.2 22.7559
      vertex 91.2119 15.2 23.7785
      vertex 91.9797 15.2 22.8368
    endloop
  endfacet
  facet normal 0 1 0
    outer loop
      vertex 91.2119 15.2 23.7785
      vertex 91.905 15.2 22.7559
      vertex 91.011 15.2 23.6326
    endloop
  endfacet
  facet normal 0 1 -0
    outer loop
      vertex 91.8365 15.2 22.6656
      vertex 91.011 15.2 23.6326
      vertex 91.905 15.2 22.7559
    endloop
  endfacet
  facet normal 0 1 0
    outer loop
      vertex 91.011 15.2 23.6326
      vertex 91.8365 15.2 22.6656
      vertex 90.8262 15.2 23.4643
    endloop
  endfacet
  facet normal 0 1 -0
    outer loop
      vertex 91.7748 15.2 22.5657
      vertex 90.8262 15.2 23.4643
      vertex 91.8365 15.2 22.6656
    endloop
  endfacet
  facet normal 0 1 0
    outer loop
      vertex 90.8262 15.2 23.4643
      vertex 91.7748 15.2 22.5657
      vertex 90.6573 15.2 23.2735
    endloop
  endfacet
  facet normal 0 1 -0
    outer loop
      vertex 91.72 15.2 22.4563
      vertex 90.6573 15.2 23.2735
      vertex 91.7748 15.2 22.5657
    endloop
  endfacet
  facet normal 0 1 0
    outer loop
      vertex 90.6573 15.2 23.2735
      vertex 91.72 15.2 22.4563
      vertex 90.5054 15.2 23.0612
    endloop
  endfacet
  facet normal 0 1 -0
    outer loop
      vertex 91.6719 15.2 22.3373
      vertex 90.5054 15.2 23.0612
      vertex 91.72 15.2 22.4563
    endloop
  endfacet
  facet normal 0 1 0
    outer loop
      vertex 90.5054 15.2 23.0612
      vertex 91.6719 15.2 22.3373
      vertex 90.3714 15.2 22.8279
    endloop
  endfacet
  facet normal 0 1 -0
    outer loop
      vertex 91.6307 15.2 22.2089
      vertex 90.3714 15.2 22.8279
      vertex 91.6719 15.2 22.3373
    endloop
  endfacet
  facet normal 0 1 0
    outer loop
      vertex 90.3714 15.2 22.8279
      vertex 91.6307 15.2 22.2089
      vertex 90.2552 15.2 22.5739
    endloop
  endfacet
  facet normal 0 1 -0
    outer loop
      vertex 91.5964 15.2 22.071
      vertex 90.2552 15.2 22.5739
      vertex 91.6307 15.2 22.2089
    endloop
  endfacet
  facet normal 0 1 0
    outer loop
      vertex 90.2552 15.2 22.5739
      vertex 91.5964 15.2 22.071
      vertex 90.1569 15.2 22.299
    endloop
  endfacet
  facet normal 0 1 -0
    outer loop
      vertex 91.5688 15.2 21.9235
      vertex 90.1569 15.2 22.299
      vertex 91.5964 15.2 22.071
    endloop
  endfacet
  facet normal 0 1 0
    outer loop
      vertex 90.1569 15.2 22.299
      vertex 91.5688 15.2 21.9235
      vertex 90.0765 15.2 22.0032
    endloop
  endfacet
  facet normal 0 1 -0
    outer loop
      vertex 91.5481 15.2 21.7665
      vertex 90.0765 15.2 22.0032
      vertex 91.5688 15.2 21.9235
    endloop
  endfacet
  facet normal 0 1 -0
    outer loop
      vertex 91.5342 15.2 21.6001
      vertex 90.0765 15.2 22.0032
      vertex 91.5481 15.2 21.7665
    endloop
  endfacet
  facet normal 0 1 0
    outer loop
      vertex 90.0765 15.2 22.0032
      vertex 91.5342 15.2 21.6001
      vertex 90.0139 15.2 21.6866
    endloop
  endfacet
  facet normal 0 1 0
    outer loop
      vertex 91.5342 15.2 21.6001
      vertex 89.9692 15.2 21.3492
      vertex 90.0139 15.2 21.6866
    endloop
  endfacet
  facet normal 0 1 0
    outer loop
      vertex 94.006 15.2 21.6001
      vertex 94.0177 15.2 20.5648
      vertex 91.5342 15.2 21.6001
    endloop
  endfacet
  facet normal 0 1 0
    outer loop
      vertex 94.006 15.2 21.6001
      vertex 95.7442 15.2 21.2531
      vertex 94.0177 15.2 20.5648
    endloop
  endfacet
  facet normal 0 1 0
    outer loop
      vertex 89.9335 15.2 20.5648
      vertex 91.5342 15.2 21.6001
      vertex 94.0177 15.2 20.5648
    endloop
  endfacet
  facet normal 0 1 0
    outer loop
      vertex 94.0177 15.2 20.5648
      vertex 95.7442 15.2 21.2531
      vertex 95.7538 15.2 20.9118
    endloop
  endfacet
  facet normal 0 1 0
    outer loop
      vertex 91.5342 15.2 21.6001
      vertex 89.9424 15.2 20.9909
      vertex 89.9692 15.2 21.3492
    endloop
  endfacet
  facet normal 0 1 0
    outer loop
      vertex 91.5342 15.2 21.6001
      vertex 89.9335 15.2 20.6118
      vertex 89.9424 15.2 20.9909
    endloop
  endfacet
  facet normal 0 1 -0
    outer loop
      vertex 95.7443 15.2 20.5594
      vertex 94.0177 15.2 20.5648
      vertex 95.7538 15.2 20.9118
    endloop
  endfacet
  facet normal 0 1 -0
    outer loop
      vertex 95.7158 15.2 20.2261
      vertex 94.0177 15.2 20.5648
      vertex 95.7443 15.2 20.5594
    endloop
  endfacet
  facet normal 0 1 0
    outer loop
      vertex 94.0177 15.2 20.5648
      vertex 95.7158 15.2 20.2261
      vertex 94.0135 15.2 20.3638
    endloop
  endfacet
  facet normal 0 1 0
    outer loop
      vertex 95.7158 15.2 20.2261
      vertex 94.0007 15.2 20.1742
      vertex 94.0135 15.2 20.3638
    endloop
  endfacet
  facet normal 0 1 -0
    outer loop
      vertex 95.6682 15.2 19.9122
      vertex 94.0007 15.2 20.1742
      vertex 95.7158 15.2 20.2261
    endloop
  endfacet
  facet normal 0 1 0
    outer loop
      vertex 94.0007 15.2 20.1742
      vertex 95.6682 15.2 19.9122
      vertex 93.9795 15.2 19.9958
    endloop
  endfacet
  facet normal 0 1 -0
    outer loop
      vertex 95.6016 15.2 19.6174
      vertex 93.9795 15.2 19.9958
      vertex 95.6682 15.2 19.9122
    endloop
  endfacet
  facet normal 0 1 0
    outer loop
      vertex 93.9795 15.2 19.9958
      vertex 95.6016 15.2 19.6174
      vertex 93.9497 15.2 19.8286
    endloop
  endfacet
  facet normal 0 1 -0
    outer loop
      vertex 95.5159 15.2 19.3419
      vertex 93.9497 15.2 19.8286
      vertex 95.6016 15.2 19.6174
    endloop
  endfacet
  facet normal 0 1 0
    outer loop
      vertex 93.9497 15.2 19.8286
      vertex 95.5159 15.2 19.3419
      vertex 93.9115 15.2 19.6727
    endloop
  endfacet
  facet normal 0 1 -0
    outer loop
      vertex 95.4112 15.2 19.0857
      vertex 93.9115 15.2 19.6727
      vertex 95.5159 15.2 19.3419
    endloop
  endfacet
  facet normal 0 1 0
    outer loop
      vertex 93.9115 15.2 19.6727
      vertex 95.4112 15.2 19.0857
      vertex 93.8647 15.2 19.5281
    endloop
  endfacet
  facet normal 0 1 -0
    outer loop
      vertex 95.2875 15.2 18.8487
      vertex 93.8647 15.2 19.5281
      vertex 95.4112 15.2 19.0857
    endloop
  endfacet
  facet normal 0 1 0
    outer loop
      vertex 93.8647 15.2 19.5281
      vertex 95.2875 15.2 18.8487
      vertex 93.8095 15.2 19.3947
    endloop
  endfacet
  facet normal 0 1 -0
    outer loop
      vertex 95.1447 15.2 18.6309
      vertex 93.8095 15.2 19.3947
      vertex 95.2875 15.2 18.8487
    endloop
  endfacet
  facet normal 0 1 -0
    outer loop
      vertex 94.9829 15.2 18.4324
      vertex 93.8095 15.2 19.3947
      vertex 95.1447 15.2 18.6309
    endloop
  endfacet
  facet normal 0 1 0
    outer loop
      vertex 93.8095 15.2 19.3947
      vertex 94.9829 15.2 18.4324
      vertex 93.7457 15.2 19.2726
    endloop
  endfacet
  facet normal 0 1 -0
    outer loop
      vertex 94.8034 15.2 18.254
      vertex 93.7457 15.2 19.2726
      vertex 94.9829 15.2 18.4324
    endloop
  endfacet
  facet normal 0 1 0
    outer loop
      vertex 93.7457 15.2 19.2726
      vertex 94.8034 15.2 18.254
      vertex 93.6734 15.2 19.1617
    endloop
  endfacet
  facet normal 0 1 -0
    outer loop
      vertex 94.6074 15.2 18.0966
      vertex 93.6734 15.2 19.1617
      vertex 94.8034 15.2 18.254
    endloop
  endfacet
  facet normal 0 1 0
    outer loop
      vertex 93.6734 15.2 19.1617
      vertex 94.6074 15.2 18.0966
      vertex 93.5933 15.2 19.0624
    endloop
  endfacet
  facet normal 0 1 -0
    outer loop
      vertex 94.3951 15.2 17.9602
      vertex 93.5933 15.2 19.0624
      vertex 94.6074 15.2 18.0966
    endloop
  endfacet
  facet normal 0 1 0
    outer loop
      vertex 93.5933 15.2 19.0624
      vertex 94.3951 15.2 17.9602
      vertex 93.5061 15.2 18.9747
    endloop
  endfacet
  facet normal 0 1 -0
    outer loop
      vertex 94.1663 15.2 17.8447
      vertex 93.5061 15.2 18.9747
      vertex 94.3951 15.2 17.9602
    endloop
  endfacet
  facet normal 0 1 -0
    outer loop
      vertex 93.9211 15.2 17.7503
      vertex 93.4116 15.2 18.8987
      vertex 94.1663 15.2 17.8447
    endloop
  endfacet
  facet normal 0 1 0
    outer loop
      vertex 93.5061 15.2 18.9747
      vertex 94.1663 15.2 17.8447
      vertex 93.4116 15.2 18.8987
    endloop
  endfacet
  facet normal 0 1 0
    outer loop
      vertex 89.6311 15.2 24.0648
      vertex 86.7711 15.2 20.506
      vertex 87.8833 15.2 24.0648
    endloop
  endfacet
  facet normal 0 1 -0
    outer loop
      vertex 87.3537 15.2 17.7
      vertex 86.7711 15.2 20.506
      vertex 89.6311 15.2 24.0648
    endloop
  endfacet
  facet normal 0 1 0
    outer loop
      vertex 86.7711 15.2 20.506
      vertex 87.3537 15.2 17.7
      vertex 86.7485 15.2 20.4297
    endloop
  endfacet
  facet normal 0 1 0
    outer loop
      vertex 86.7485 15.2 20.4297
      vertex 87.3537 15.2 17.7
      vertex 86.72 15.2 20.3316
    endloop
  endfacet
  facet normal 0 1 0
    outer loop
      vertex 86.72 15.2 20.3316
      vertex 87.3537 15.2 17.7
      vertex 86.6854 15.2 20.2118
    endloop
  endfacet
  facet normal 0 1 0
    outer loop
      vertex 86.6854 15.2 20.2118
      vertex 87.3537 15.2 17.7
      vertex 86.6449 15.2 20.0702
    endloop
  endfacet
  facet normal 0 1 0
    outer loop
      vertex 86.6449 15.2 20.0702
      vertex 87.3537 15.2 17.7
      vertex 86.5985 15.2 19.9068
    endloop
  endfacet
  facet normal 0 1 0
    outer loop
      vertex 86.5985 15.2 19.9068
      vertex 87.3537 15.2 17.7
      vertex 86.5461 15.2 19.7216
    endloop
  endfacet
  facet normal 0 1 0
    outer loop
      vertex 86.5461 15.2 19.7216
      vertex 87.3537 15.2 17.7
      vertex 86.4878 15.2 19.5146
    endloop
  endfacet
  facet normal 0 1 0
    outer loop
      vertex 86.4878 15.2 19.5146
      vertex 87.3537 15.2 17.7
      vertex 86.4235 15.2 19.2858
    endloop
  endfacet
  facet normal 0 1 0
    outer loop
      vertex 86.4235 15.2 19.2858
      vertex 87.3537 15.2 17.7
      vertex 86.3532 15.2 19.0353
    endloop
  endfacet
  facet normal 0 1 0
    outer loop
      vertex 85.0065 15.2 23.3066
      vertex 83.0282 15.2 24.0648
      vertex 84.7584 15.2 24.0648
    endloop
  endfacet
  facet normal 0 1 0
    outer loop
      vertex 85.2301 15.2 22.6219
      vertex 83.0282 15.2 24.0648
      vertex 85.0065 15.2 23.3066
    endloop
  endfacet
  facet normal 0 1 0
    outer loop
      vertex 85.4293 15.2 22.0105
      vertex 83.0282 15.2 24.0648
      vertex 85.2301 15.2 22.6219
    endloop
  endfacet
  facet normal 0 1 0
    outer loop
      vertex 85.6041 15.2 21.4724
      vertex 83.0282 15.2 24.0648
      vertex 85.4293 15.2 22.0105
    endloop
  endfacet
  facet normal 0 1 0
    outer loop
      vertex 85.7545 15.2 21.0077
      vertex 83.0282 15.2 24.0648
      vertex 85.6041 15.2 21.4724
    endloop
  endfacet
  facet normal 0 1 0
    outer loop
      vertex 85.3763 15.2 17.7
      vertex 85.7545 15.2 21.0077
      vertex 85.8805 15.2 20.6163
    endloop
  endfacet
  facet normal 0 1 0
    outer loop
      vertex 85.3763 15.2 17.7
      vertex 85.8805 15.2 20.6163
      vertex 85.9821 15.2 20.2983
    endloop
  endfacet
  facet normal 0 1 0
    outer loop
      vertex 85.3763 15.2 17.7
      vertex 85.9821 15.2 20.2983
      vertex 86.0592 15.2 20.0537
    endloop
  endfacet
  facet normal 0 1 0
    outer loop
      vertex 85.3763 15.2 17.7
      vertex 86.0592 15.2 20.0537
      vertex 86.112 15.2 19.8823
    endloop
  endfacet
  facet normal 0 1 0
    outer loop
      vertex 85.3763 15.2 17.7
      vertex 86.112 15.2 19.8823
      vertex 86.151 15.2 19.7522
    endloop
  endfacet
  facet normal 0 1 0
    outer loop
      vertex 85.3763 15.2 17.7
      vertex 86.151 15.2 19.7522
      vertex 86.187 15.2 19.6311
    endloop
  endfacet
  facet normal 0 1 0
    outer loop
      vertex 85.3763 15.2 17.7
      vertex 86.187 15.2 19.6311
      vertex 86.2199 15.2 19.519
    endloop
  endfacet
  facet normal 0 1 0
    outer loop
      vertex 85.3763 15.2 17.7
      vertex 86.2199 15.2 19.519
      vertex 86.2497 15.2 19.4158
    endloop
  endfacet
  facet normal 0 1 0
    outer loop
      vertex 85.3763 15.2 17.7
      vertex 86.2497 15.2 19.4158
      vertex 86.2765 15.2 19.3217
    endloop
  endfacet
  facet normal 0 1 0
    outer loop
      vertex 85.3763 15.2 17.7
      vertex 86.2765 15.2 19.3217
      vertex 86.3003 15.2 19.2366
    endloop
  endfacet
  facet normal 0 1 0
    outer loop
      vertex 85.3763 15.2 17.7
      vertex 86.3003 15.2 19.2366
      vertex 86.321 15.2 19.1605
    endloop
  endfacet
  facet normal 0 1 0
    outer loop
      vertex 85.3763 15.2 17.7
      vertex 86.321 15.2 19.1605
      vertex 86.3387 15.2 19.0934
    endloop
  endfacet
  facet normal 0 1 0
    outer loop
      vertex 85.3763 15.2 17.7
      vertex 86.3387 15.2 19.0934
      vertex 86.3532 15.2 19.0353
    endloop
  endfacet
  facet normal 0 1 0
    outer loop
      vertex 85.7545 15.2 21.0077
      vertex 85.3763 15.2 17.7
      vertex 83.0282 15.2 24.0648
    endloop
  endfacet
  facet normal 0 1 0
    outer loop
      vertex 85.3763 15.2 17.7
      vertex 86.3532 15.2 19.0353
      vertex 87.3537 15.2 17.7
    endloop
  endfacet
  facet normal -0.903289 0 0.429032
    outer loop
      vertex 78.2218 15.2 17.7
      vertex 79.364 16 20.1048
      vertex 78.2218 16 17.7
    endloop
  endfacet
  facet normal -0.903289 0 0.429032
    outer loop
      vertex 79.364 16 20.1048
      vertex 78.2218 15.2 17.7
      vertex 79.364 15.2 20.1048
    endloop
  endfacet
  facet normal -0 0 1
    outer loop
      vertex 76.229 16 17.7
      vertex 78.2218 15.2 17.7
      vertex 78.2218 16 17.7
    endloop
  endfacet
  facet normal 0 0 1
    outer loop
      vertex 78.2218 15.2 17.7
      vertex 76.229 16 17.7
      vertex 76.229 15.2 17.7
    endloop
  endfacet
  facet normal 0.903278 0 -0.429057
    outer loop
      vertex 79.364 15.2 24.3
      vertex 76.229 16 17.7
      vertex 79.364 16 24.3
    endloop
  endfacet
  facet normal 0.903278 0 -0.429057
    outer loop
      vertex 76.229 16 17.7
      vertex 79.364 15.2 24.3
      vertex 76.229 15.2 17.7
    endloop
  endfacet
  facet normal -0.903278 0 -0.429057
    outer loop
      vertex 82.499 15.2 17.7
      vertex 79.364 16 24.3
      vertex 82.499 16 17.7
    endloop
  endfacet
  facet normal -0.903278 -0 -0.429057
    outer loop
      vertex 79.364 16 24.3
      vertex 82.499 15.2 17.7
      vertex 79.364 15.2 24.3
    endloop
  endfacet
  facet normal -0 0 1
    outer loop
      vertex 80.5063 16 17.7
      vertex 82.499 15.2 17.7
      vertex 82.499 16 17.7
    endloop
  endfacet
  facet normal 0 0 1
    outer loop
      vertex 82.499 15.2 17.7
      vertex 80.5063 16 17.7
      vertex 80.5063 15.2 17.7
    endloop
  endfacet
  facet normal 0.903275 -0 0.429063
    outer loop
      vertex 79.364 15.2 20.1048
      vertex 80.5063 16 17.7
      vertex 79.364 16 20.1048
    endloop
  endfacet
  facet normal 0.903275 0 0.429063
    outer loop
      vertex 80.5063 16 17.7
      vertex 79.364 15.2 20.1048
      vertex 80.5063 15.2 17.7
    endloop
  endfacet
  facet normal 0.0626784 0 0.998034
    outer loop
      vertex 98.9402 16 17.5962
      vertex 99.1058 15.2 17.5858
      vertex 99.1058 16 17.5858
    endloop
  endfacet
  facet normal 0.0626784 0 0.998034
    outer loop
      vertex 99.1058 15.2 17.5858
      vertex 98.9402 16 17.5962
      vertex 98.9402 15.2 17.5962
    endloop
  endfacet
  facet normal 0.105644 0 0.994404
    outer loop
      vertex 98.7783 16 17.6134
      vertex 98.9402 15.2 17.5962
      vertex 98.9402 16 17.5962
    endloop
  endfacet
  facet normal 0.105644 0 0.994404
    outer loop
      vertex 98.9402 15.2 17.5962
      vertex 98.7783 16 17.6134
      vertex 98.7783 15.2 17.6134
    endloop
  endfacet
  facet normal 0.151305 0 0.988487
    outer loop
      vertex 98.6202 16 17.6376
      vertex 98.7783 15.2 17.6134
      vertex 98.7783 16 17.6134
    endloop
  endfacet
  facet normal 0.151305 0 0.988487
    outer loop
      vertex 98.7783 15.2 17.6134
      vertex 98.6202 16 17.6376
      vertex 98.6202 15.2 17.6376
    endloop
  endfacet
  facet normal 0.196971 0 0.980409
    outer loop
      vertex 98.4659 16 17.6686
      vertex 98.6202 15.2 17.6376
      vertex 98.6202 16 17.6376
    endloop
  endfacet
  facet normal 0.196971 0 0.980409
    outer loop
      vertex 98.6202 15.2 17.6376
      vertex 98.4659 16 17.6686
      vertex 98.4659 15.2 17.6686
    endloop
  endfacet
  facet normal 0.244809 0 0.969571
    outer loop
      vertex 98.3154 16 17.7066
      vertex 98.4659 15.2 17.6686
      vertex 98.4659 16 17.6686
    endloop
  endfacet
  facet normal 0.244809 0 0.969571
    outer loop
      vertex 98.4659 15.2 17.6686
      vertex 98.3154 16 17.7066
      vertex 98.3154 15.2 17.7066
    endloop
  endfacet
  facet normal 0.291887 0 0.956453
    outer loop
      vertex 98.1686 16 17.7514
      vertex 98.3154 15.2 17.7066
      vertex 98.3154 16 17.7066
    endloop
  endfacet
  facet normal 0.291887 0 0.956453
    outer loop
      vertex 98.3154 15.2 17.7066
      vertex 98.1686 16 17.7514
      vertex 98.1686 15.2 17.7514
    endloop
  endfacet
  facet normal 0.34021 0 0.940349
    outer loop
      vertex 98.0257 16 17.8031
      vertex 98.1686 15.2 17.7514
      vertex 98.1686 16 17.7514
    endloop
  endfacet
  facet normal 0.34021 0 0.940349
    outer loop
      vertex 98.1686 15.2 17.7514
      vertex 98.0257 16 17.8031
      vertex 98.0257 15.2 17.8031
    endloop
  endfacet
  facet normal 0.388323 0 0.921523
    outer loop
      vertex 97.8864 16 17.8618
      vertex 98.0257 15.2 17.8031
      vertex 98.0257 16 17.8031
    endloop
  endfacet
  facet normal 0.388323 0 0.921523
    outer loop
      vertex 98.0257 15.2 17.8031
      vertex 97.8864 16 17.8618
      vertex 97.8864 15.2 17.8618
    endloop
  endfacet
  facet normal 0.434843 0 0.900506
    outer loop
      vertex 97.752 16 17.9267
      vertex 97.8864 15.2 17.8618
      vertex 97.8864 16 17.8618
    endloop
  endfacet
  facet normal 0.434843 0 0.900506
    outer loop
      vertex 97.8864 15.2 17.8618
      vertex 97.752 16 17.9267
      vertex 97.752 15.2 17.9267
    endloop
  endfacet
  facet normal 0.482338 0 0.875985
    outer loop
      vertex 97.6236 16 17.9974
      vertex 97.752 15.2 17.9267
      vertex 97.752 16 17.9267
    endloop
  endfacet
  facet normal 0.482338 0 0.875985
    outer loop
      vertex 97.752 15.2 17.9267
      vertex 97.6236 16 17.9974
      vertex 97.6236 15.2 17.9974
    endloop
  endfacet
  facet normal 0.529066 0 0.848581
    outer loop
      vertex 97.5009 16 18.0739
      vertex 97.6236 15.2 17.9974
      vertex 97.6236 16 17.9974
    endloop
  endfacet
  facet normal 0.529066 0 0.848581
    outer loop
      vertex 97.6236 15.2 17.9974
      vertex 97.5009 16 18.0739
      vertex 97.5009 15.2 18.0739
    endloop
  endfacet
  facet normal 0.575389 0 0.81788
    outer loop
      vertex 97.3842 16 18.156
      vertex 97.5009 15.2 18.0739
      vertex 97.5009 16 18.0739
    endloop
  endfacet
  facet normal 0.575389 0 0.81788
    outer loop
      vertex 97.5009 15.2 18.0739
      vertex 97.3842 16 18.156
      vertex 97.3842 15.2 18.156
    endloop
  endfacet
  facet normal 0.621499 0 0.783415
    outer loop
      vertex 97.2734 16 18.2439
      vertex 97.3842 15.2 18.156
      vertex 97.3842 16 18.156
    endloop
  endfacet
  facet normal 0.621499 0 0.783415
    outer loop
      vertex 97.3842 15.2 18.156
      vertex 97.2734 16 18.2439
      vertex 97.2734 15.2 18.2439
    endloop
  endfacet
  facet normal 0.665818 0 0.746114
    outer loop
      vertex 97.1684 16 18.3376
      vertex 97.2734 15.2 18.2439
      vertex 97.2734 16 18.2439
    endloop
  endfacet
  facet normal 0.665818 0 0.746114
    outer loop
      vertex 97.2734 15.2 18.2439
      vertex 97.1684 16 18.3376
      vertex 97.1684 15.2 18.3376
    endloop
  endfacet
  facet normal 0.707819 -0 0.706394
    outer loop
      vertex 97.0693 15.2 18.4369
      vertex 97.1684 16 18.3376
      vertex 97.0693 16 18.4369
    endloop
  endfacet
  facet normal 0.707819 0 0.706394
    outer loop
      vertex 97.1684 16 18.3376
      vertex 97.0693 15.2 18.4369
      vertex 97.1684 15.2 18.3376
    endloop
  endfacet
  facet normal 0.748861 -0 0.662727
    outer loop
      vertex 96.9762 15.2 18.5421
      vertex 97.0693 16 18.4369
      vertex 96.9762 16 18.5421
    endloop
  endfacet
  facet normal 0.748861 0 0.662727
    outer loop
      vertex 97.0693 16 18.4369
      vertex 96.9762 15.2 18.5421
      vertex 97.0693 15.2 18.4369
    endloop
  endfacet
  facet normal 0.785481 -0 0.618885
    outer loop
      vertex 96.8889 15.2 18.6529
      vertex 96.9762 16 18.5421
      vertex 96.8889 16 18.6529
    endloop
  endfacet
  facet normal 0.785481 0 0.618885
    outer loop
      vertex 96.9762 16 18.5421
      vertex 96.8889 15.2 18.6529
      vertex 96.9762 15.2 18.5421
    endloop
  endfacet
  facet normal 0.819399 -0 0.573224
    outer loop
      vertex 96.8081 15.2 18.7684
      vertex 96.8889 16 18.6529
      vertex 96.8081 16 18.7684
    endloop
  endfacet
  facet normal 0.819399 0 0.573224
    outer loop
      vertex 96.8889 16 18.6529
      vertex 96.8081 15.2 18.7684
      vertex 96.8889 15.2 18.6529
    endloop
  endfacet
  facet normal 0.85028 -0 0.52633
    outer loop
      vertex 96.7345 15.2 18.8873
      vertex 96.8081 16 18.7684
      vertex 96.7345 16 18.8873
    endloop
  endfacet
  facet normal 0.85028 0 0.52633
    outer loop
      vertex 96.8081 16 18.7684
      vertex 96.7345 15.2 18.8873
      vertex 96.8081 15.2 18.7684
    endloop
  endfacet
  facet normal 0.879455 -0 0.475982
    outer loop
      vertex 96.6682 15.2 19.0098
      vertex 96.7345 16 18.8873
      vertex 96.6682 16 19.0098
    endloop
  endfacet
  facet normal 0.879455 0 0.475982
    outer loop
      vertex 96.7345 16 18.8873
      vertex 96.6682 15.2 19.0098
      vertex 96.7345 15.2 18.8873
    endloop
  endfacet
  facet normal 0.904949 -0 0.42552
    outer loop
      vertex 96.609 15.2 19.1357
      vertex 96.6682 16 19.0098
      vertex 96.609 16 19.1357
    endloop
  endfacet
  facet normal 0.904949 0 0.42552
    outer loop
      vertex 96.6682 16 19.0098
      vertex 96.609 15.2 19.1357
      vertex 96.6682 15.2 19.0098
    endloop
  endfacet
  facet normal 0.927982 -0 0.372626
    outer loop
      vertex 96.557 15.2 19.2652
      vertex 96.609 16 19.1357
      vertex 96.557 16 19.2652
    endloop
  endfacet
  facet normal 0.927982 0 0.372626
    outer loop
      vertex 96.609 16 19.1357
      vertex 96.557 15.2 19.2652
      vertex 96.609 15.2 19.1357
    endloop
  endfacet
  facet normal 0.947608 -0 0.319435
    outer loop
      vertex 96.5122 15.2 19.3981
      vertex 96.557 16 19.2652
      vertex 96.5122 16 19.3981
    endloop
  endfacet
  facet normal 0.947608 0 0.319435
    outer loop
      vertex 96.557 16 19.2652
      vertex 96.5122 15.2 19.3981
      vertex 96.557 15.2 19.2652
    endloop
  endfacet
  facet normal 0.964043 -0 0.265748
    outer loop
      vertex 96.4746 15.2 19.5345
      vertex 96.5122 16 19.3981
      vertex 96.4746 16 19.5345
    endloop
  endfacet
  facet normal 0.964043 0 0.265748
    outer loop
      vertex 96.5122 16 19.3981
      vertex 96.4746 15.2 19.5345
      vertex 96.5122 15.2 19.3981
    endloop
  endfacet
  facet normal 0.977164 -0 0.212488
    outer loop
      vertex 96.4442 15.2 19.6743
      vertex 96.4746 16 19.5345
      vertex 96.4442 16 19.6743
    endloop
  endfacet
  facet normal 0.977164 0 0.212488
    outer loop
      vertex 96.4746 16 19.5345
      vertex 96.4442 15.2 19.6743
      vertex 96.4746 15.2 19.5345
    endloop
  endfacet
  facet normal 0.987164 -0 0.159709
    outer loop
      vertex 96.421 15.2 19.8177
      vertex 96.4442 16 19.6743
      vertex 96.421 16 19.8177
    endloop
  endfacet
  facet normal 0.987164 0 0.159709
    outer loop
      vertex 96.4442 16 19.6743
      vertex 96.421 15.2 19.8177
      vertex 96.4442 15.2 19.6743
    endloop
  endfacet
  facet normal 0.0459865 0 -0.998942
    outer loop
      vertex 96.421 15.2 19.8177
      vertex 98.0806 16 19.8941
      vertex 98.0806 15.2 19.8941
    endloop
  endfacet
  facet normal 0.0459865 0 -0.998942
    outer loop
      vertex 98.0806 16 19.8941
      vertex 96.421 15.2 19.8177
      vertex 96.421 16 19.8177
    endloop
  endfacet
  facet normal -0.987845 0 -0.155444
    outer loop
      vertex 98.1006 15.2 19.767
      vertex 98.0806 16 19.8941
      vertex 98.1006 16 19.767
    endloop
  endfacet
  facet normal -0.987845 -0 -0.155444
    outer loop
      vertex 98.0806 16 19.8941
      vertex 98.1006 15.2 19.767
      vertex 98.0806 15.2 19.8941
    endloop
  endfacet
  facet normal -0.977455 0 -0.211143
    outer loop
      vertex 98.1265 15.2 19.6471
      vertex 98.1006 16 19.767
      vertex 98.1265 16 19.6471
    endloop
  endfacet
  facet normal -0.977455 -0 -0.211143
    outer loop
      vertex 98.1006 16 19.767
      vertex 98.1265 15.2 19.6471
      vertex 98.1006 15.2 19.767
    endloop
  endfacet
  facet normal -0.962261 0 -0.272129
    outer loop
      vertex 98.1584 15.2 19.5343
      vertex 98.1265 16 19.6471
      vertex 98.1584 16 19.5343
    endloop
  endfacet
  facet normal -0.962261 -0 -0.272129
    outer loop
      vertex 98.1265 16 19.6471
      vertex 98.1584 15.2 19.5343
      vertex 98.1265 15.2 19.6471
    endloop
  endfacet
  facet normal -0.941115 0 -0.338088
    outer loop
      vertex 98.1963 15.2 19.4288
      vertex 98.1584 16 19.5343
      vertex 98.1963 16 19.4288
    endloop
  endfacet
  facet normal -0.941115 -0 -0.338088
    outer loop
      vertex 98.1584 16 19.5343
      vertex 98.1963 15.2 19.4288
      vertex 98.1584 15.2 19.5343
    endloop
  endfacet
  facet normal -0.913582 0 -0.406655
    outer loop
      vertex 98.2401 15.2 19.3304
      vertex 98.1963 16 19.4288
      vertex 98.2401 16 19.3304
    endloop
  endfacet
  facet normal -0.913582 -0 -0.406655
    outer loop
      vertex 98.1963 16 19.4288
      vertex 98.2401 15.2 19.3304
      vertex 98.1963 15.2 19.4288
    endloop
  endfacet
  facet normal -0.877675 0 -0.479257
    outer loop
      vertex 98.2899 15.2 19.2392
      vertex 98.2401 16 19.3304
      vertex 98.2899 16 19.2392
    endloop
  endfacet
  facet normal -0.877675 -0 -0.479257
    outer loop
      vertex 98.2401 16 19.3304
      vertex 98.2899 15.2 19.2392
      vertex 98.2401 15.2 19.3304
    endloop
  endfacet
  facet normal -0.833422 0 -0.552638
    outer loop
      vertex 98.3456 15.2 19.1552
      vertex 98.2899 16 19.2392
      vertex 98.3456 16 19.1552
    endloop
  endfacet
  facet normal -0.833422 -0 -0.552638
    outer loop
      vertex 98.2899 16 19.2392
      vertex 98.3456 15.2 19.1552
      vertex 98.2899 15.2 19.2392
    endloop
  endfacet
  facet normal -0.77958 0 -0.626303
    outer loop
      vertex 98.4073 15.2 19.0784
      vertex 98.3456 16 19.1552
      vertex 98.4073 16 19.0784
    endloop
  endfacet
  facet normal -0.77958 -0 -0.626303
    outer loop
      vertex 98.3456 16 19.1552
      vertex 98.4073 15.2 19.0784
      vertex 98.3456 15.2 19.1552
    endloop
  endfacet
  facet normal -0.717338 0 -0.696725
    outer loop
      vertex 98.4749 15.2 19.0088
      vertex 98.4073 16 19.0784
      vertex 98.4749 16 19.0088
    endloop
  endfacet
  facet normal -0.717338 -0 -0.696725
    outer loop
      vertex 98.4073 16 19.0784
      vertex 98.4749 15.2 19.0088
      vertex 98.4073 15.2 19.0784
    endloop
  endfacet
  facet normal -0.651739 0 -0.758444
    outer loop
      vertex 98.4749 15.2 19.0088
      vertex 98.5474 16 18.9465
      vertex 98.5474 15.2 18.9465
    endloop
  endfacet
  facet normal -0.651739 0 -0.758444
    outer loop
      vertex 98.5474 16 18.9465
      vertex 98.4749 15.2 19.0088
      vertex 98.4749 16 19.0088
    endloop
  endfacet
  facet normal -0.584753 0 -0.811212
    outer loop
      vertex 98.5474 15.2 18.9465
      vertex 98.6237 16 18.8915
      vertex 98.6237 15.2 18.8915
    endloop
  endfacet
  facet normal -0.584753 0 -0.811212
    outer loop
      vertex 98.6237 16 18.8915
      vertex 98.5474 15.2 18.9465
      vertex 98.5474 16 18.9465
    endloop
  endfacet
  facet normal -0.511654 0 -0.859192
    outer loop
      vertex 98.6237 15.2 18.8915
      vertex 98.7038 16 18.8438
      vertex 98.7038 15.2 18.8438
    endloop
  endfacet
  facet normal -0.511654 0 -0.859192
    outer loop
      vertex 98.7038 16 18.8438
      vertex 98.6237 15.2 18.8915
      vertex 98.6237 16 18.8915
    endloop
  endfacet
  facet normal -0.433395 0 -0.901204
    outer loop
      vertex 98.7038 15.2 18.8438
      vertex 98.7876 16 18.8035
      vertex 98.7876 15.2 18.8035
    endloop
  endfacet
  facet normal -0.433395 0 -0.901204
    outer loop
      vertex 98.7876 16 18.8035
      vertex 98.7038 15.2 18.8438
      vertex 98.7038 16 18.8438
    endloop
  endfacet
  facet normal -0.352176 0 -0.935934
    outer loop
      vertex 98.7876 15.2 18.8035
      vertex 98.8753 16 18.7705
      vertex 98.8753 15.2 18.7705
    endloop
  endfacet
  facet normal -0.352176 0 -0.935934
    outer loop
      vertex 98.8753 16 18.7705
      vertex 98.7876 15.2 18.8035
      vertex 98.7876 16 18.8035
    endloop
  endfacet
  facet normal -0.270685 0 -0.962668
    outer loop
      vertex 98.8753 15.2 18.7705
      vertex 98.9667 16 18.7448
      vertex 98.9667 15.2 18.7448
    endloop
  endfacet
  facet normal -0.270685 0 -0.962668
    outer loop
      vertex 98.9667 16 18.7448
      vertex 98.8753 15.2 18.7705
      vertex 98.8753 16 18.7705
    endloop
  endfacet
  facet normal -0.188962 0 -0.981984
    outer loop
      vertex 98.9667 15.2 18.7448
      vertex 99.0618 16 18.7265
      vertex 99.0618 15.2 18.7265
    endloop
  endfacet
  facet normal -0.188962 0 -0.981984
    outer loop
      vertex 99.0618 16 18.7265
      vertex 98.9667 15.2 18.7448
      vertex 98.9667 16 18.7448
    endloop
  endfacet
  facet normal -0.110432 0 -0.993884
    outer loop
      vertex 99.0618 15.2 18.7265
      vertex 99.1608 16 18.7155
      vertex 99.1608 15.2 18.7155
    endloop
  endfacet
  facet normal -0.110432 0 -0.993884
    outer loop
      vertex 99.1608 16 18.7155
      vertex 99.0618 15.2 18.7265
      vertex 99.0618 16 18.7265
    endloop
  endfacet
  facet normal -0.0360039 0 -0.999352
    outer loop
      vertex 99.1608 15.2 18.7155
      vertex 99.2635 16 18.7118
      vertex 99.2635 15.2 18.7118
    endloop
  endfacet
  facet normal -0.0360039 0 -0.999352
    outer loop
      vertex 99.2635 16 18.7118
      vertex 99.1608 15.2 18.7155
      vertex 99.1608 16 18.7155
    endloop
  endfacet
  facet normal 0.0991428 0 -0.995073
    outer loop
      vertex 99.2635 15.2 18.7118
      vertex 99.5365 16 18.739
      vertex 99.5365 15.2 18.739
    endloop
  endfacet
  facet normal 0.0991428 0 -0.995073
    outer loop
      vertex 99.5365 16 18.739
      vertex 99.2635 15.2 18.7118
      vertex 99.2635 16 18.7118
    endloop
  endfacet
  facet normal 0.320238 0 -0.947337
    outer loop
      vertex 99.5365 15.2 18.739
      vertex 99.7773 16 18.8204
      vertex 99.7773 15.2 18.8204
    endloop
  endfacet
  facet normal 0.320238 0 -0.947337
    outer loop
      vertex 99.7773 16 18.8204
      vertex 99.5365 15.2 18.739
      vertex 99.5365 16 18.739
    endloop
  endfacet
  facet normal 0.545496 0 -0.838113
    outer loop
      vertex 99.7773 15.2 18.8204
      vertex 99.9861 16 18.9563
      vertex 99.9861 15.2 18.9563
    endloop
  endfacet
  facet normal 0.545496 0 -0.838113
    outer loop
      vertex 99.9861 16 18.9563
      vertex 99.7773 15.2 18.8204
      vertex 99.7773 16 18.8204
    endloop
  endfacet
  facet normal 0.732066 0 -0.681234
    outer loop
      vertex 100.163 15.2 19.1464
      vertex 99.9861 16 18.9563
      vertex 100.163 16 19.1464
    endloop
  endfacet
  facet normal 0.732066 0 -0.681234
    outer loop
      vertex 99.9861 16 18.9563
      vertex 100.163 15.2 19.1464
      vertex 99.9861 15.2 18.9563
    endloop
  endfacet
  facet normal 0.861572 0 -0.507636
    outer loop
      vertex 100.307 15.2 19.3908
      vertex 100.163 16 19.1464
      vertex 100.307 16 19.3908
    endloop
  endfacet
  facet normal 0.861572 0 -0.507636
    outer loop
      vertex 100.163 16 19.1464
      vertex 100.307 15.2 19.3908
      vertex 100.163 15.2 19.1464
    endloop
  endfacet
  facet normal 0.935348 0 -0.353729
    outer loop
      vertex 100.42 15.2 19.6896
      vertex 100.307 16 19.3908
      vertex 100.42 16 19.6896
    endloop
  endfacet
  facet normal 0.935348 0 -0.353729
    outer loop
      vertex 100.307 16 19.3908
      vertex 100.42 15.2 19.6896
      vertex 100.307 15.2 19.3908
    endloop
  endfacet
  facet normal 0.975282 0 -0.220964
    outer loop
      vertex 100.5 15.2 20.0427
      vertex 100.42 16 19.6896
      vertex 100.5 16 20.0427
    endloop
  endfacet
  facet normal 0.975282 0 -0.220964
    outer loop
      vertex 100.42 16 19.6896
      vertex 100.5 15.2 20.0427
      vertex 100.42 15.2 19.6896
    endloop
  endfacet
  facet normal 0.993131 0 -0.117011
    outer loop
      vertex 100.548 15.2 20.4501
      vertex 100.5 16 20.0427
      vertex 100.548 16 20.4501
    endloop
  endfacet
  facet normal 0.993131 0 -0.117011
    outer loop
      vertex 100.5 16 20.0427
      vertex 100.548 15.2 20.4501
      vertex 100.5 15.2 20.0427
    endloop
  endfacet
  facet normal 0.9994 0 -0.0346337
    outer loop
      vertex 100.564 15.2 20.9118
      vertex 100.548 16 20.4501
      vertex 100.564 16 20.9118
    endloop
  endfacet
  facet normal 0.9994 0 -0.0346337
    outer loop
      vertex 100.548 16 20.4501
      vertex 100.564 15.2 20.9118
      vertex 100.548 15.2 20.4501
    endloop
  endfacet
  facet normal 0.999363 -0 0.0356756
    outer loop
      vertex 100.548 15.2 21.36
      vertex 100.564 16 20.9118
      vertex 100.548 16 21.36
    endloop
  endfacet
  facet normal 0.999363 0 0.0356756
    outer loop
      vertex 100.564 16 20.9118
      vertex 100.548 15.2 21.36
      vertex 100.564 15.2 20.9118
    endloop
  endfacet
  facet normal 0.993009 -0 0.118036
    outer loop
      vertex 100.501 15.2 21.7554
      vertex 100.548 16 21.36
      vertex 100.501 16 21.7554
    endloop
  endfacet
  facet normal 0.993009 0 0.118036
    outer loop
      vertex 100.548 16 21.36
      vertex 100.501 15.2 21.7554
      vertex 100.548 15.2 21.36
    endloop
  endfacet
  facet normal 0.974444 -0 0.224631
    outer loop
      vertex 100.422 15.2 22.0981
      vertex 100.501 16 21.7554
      vertex 100.422 16 22.0981
    endloop
  endfacet
  facet normal 0.974444 0 0.224631
    outer loop
      vertex 100.501 16 21.7554
      vertex 100.422 15.2 22.0981
      vertex 100.501 15.2 21.7554
    endloop
  endfacet
  facet normal 0.934998 -0 0.354654
    outer loop
      vertex 100.312 15.2 22.3881
      vertex 100.422 16 22.0981
      vertex 100.312 16 22.3881
    endloop
  endfacet
  facet normal 0.934998 0 0.354654
    outer loop
      vertex 100.422 16 22.0981
      vertex 100.312 15.2 22.3881
      vertex 100.422 15.2 22.0981
    endloop
  endfacet
  facet normal 0.858099 -0 0.513485
    outer loop
      vertex 100.17 15.2 22.6254
      vertex 100.312 16 22.3881
      vertex 100.17 16 22.6254
    endloop
  endfacet
  facet normal 0.858099 0 0.513485
    outer loop
      vertex 100.312 16 22.3881
      vertex 100.17 15.2 22.6254
      vertex 100.312 15.2 22.3881
    endloop
  endfacet
  facet normal 0.72849 -0 0.685057
    outer loop
      vertex 99.9965 15.2 22.8099
      vertex 100.17 16 22.6254
      vertex 99.9965 16 22.8099
    endloop
  endfacet
  facet normal 0.72849 0 0.685057
    outer loop
      vertex 100.17 16 22.6254
      vertex 99.9965 15.2 22.8099
      vertex 100.17 15.2 22.6254
    endloop
  endfacet
  facet normal 0.540799 0 0.841152
    outer loop
      vertex 99.7915 16 22.9417
      vertex 99.9965 15.2 22.8099
      vertex 99.9965 16 22.8099
    endloop
  endfacet
  facet normal 0.540799 0 0.841152
    outer loop
      vertex 99.9965 15.2 22.8099
      vertex 99.7915 16 22.9417
      vertex 99.7915 15.2 22.9417
    endloop
  endfacet
  facet normal 0.317311 0 0.948322
    outer loop
      vertex 99.5551 16 23.0208
      vertex 99.7915 15.2 22.9417
      vertex 99.7915 16 22.9417
    endloop
  endfacet
  facet normal 0.317311 0 0.948322
    outer loop
      vertex 99.7915 15.2 22.9417
      vertex 99.5551 16 23.0208
      vertex 99.5551 15.2 23.0208
    endloop
  endfacet
  facet normal 0.0976291 0 0.995223
    outer loop
      vertex 99.287 16 23.0471
      vertex 99.5551 15.2 23.0208
      vertex 99.5551 16 23.0208
    endloop
  endfacet
  facet normal 0.0976291 0 0.995223
    outer loop
      vertex 99.5551 15.2 23.0208
      vertex 99.287 16 23.0471
      vertex 99.287 15.2 23.0471
    endloop
  endfacet
  facet normal -0.0320976 0 0.999485
    outer loop
      vertex 99.1749 16 23.0435
      vertex 99.287 15.2 23.0471
      vertex 99.287 16 23.0471
    endloop
  endfacet
  facet normal -0.0320976 0 0.999485
    outer loop
      vertex 99.287 15.2 23.0471
      vertex 99.1749 16 23.0435
      vertex 99.1749 15.2 23.0435
    endloop
  endfacet
  facet normal -0.100059 0 0.994981
    outer loop
      vertex 99.0685 16 23.0328
      vertex 99.1749 15.2 23.0435
      vertex 99.1749 16 23.0435
    endloop
  endfacet
  facet normal -0.100059 0 0.994981
    outer loop
      vertex 99.1749 15.2 23.0435
      vertex 99.0685 16 23.0328
      vertex 99.0685 15.2 23.0328
    endloop
  endfacet
  facet normal -0.176129 0 0.984367
    outer loop
      vertex 98.9679 16 23.0148
      vertex 99.0685 15.2 23.0328
      vertex 99.0685 16 23.0328
    endloop
  endfacet
  facet normal -0.176129 0 0.984367
    outer loop
      vertex 99.0685 15.2 23.0328
      vertex 98.9679 16 23.0148
      vertex 98.9679 15.2 23.0148
    endloop
  endfacet
  facet normal -0.257155 0 0.96637
    outer loop
      vertex 98.8732 16 22.9896
      vertex 98.9679 15.2 23.0148
      vertex 98.9679 16 23.0148
    endloop
  endfacet
  facet normal -0.257155 0 0.96637
    outer loop
      vertex 98.9679 15.2 23.0148
      vertex 98.8732 16 22.9896
      vertex 98.8732 15.2 22.9896
    endloop
  endfacet
  facet normal -0.341149 0 0.940009
    outer loop
      vertex 98.7842 16 22.9573
      vertex 98.8732 15.2 22.9896
      vertex 98.8732 16 22.9896
    endloop
  endfacet
  facet normal -0.341149 0 0.940009
    outer loop
      vertex 98.8732 15.2 22.9896
      vertex 98.7842 16 22.9573
      vertex 98.7842 15.2 22.9573
    endloop
  endfacet
  facet normal -0.430187 0 0.90274
    outer loop
      vertex 98.7011 16 22.9177
      vertex 98.7842 15.2 22.9573
      vertex 98.7842 16 22.9573
    endloop
  endfacet
  facet normal -0.430187 0 0.90274
    outer loop
      vertex 98.7842 15.2 22.9573
      vertex 98.7011 16 22.9177
      vertex 98.7011 15.2 22.9177
    endloop
  endfacet
  facet normal -0.517099 0 0.855926
    outer loop
      vertex 98.6238 16 22.871
      vertex 98.7011 15.2 22.9177
      vertex 98.7011 16 22.9177
    endloop
  endfacet
  facet normal -0.517099 0 0.855926
    outer loop
      vertex 98.7011 15.2 22.9177
      vertex 98.6238 16 22.871
      vertex 98.6238 15.2 22.871
    endloop
  endfacet
  facet normal -0.602675 0 0.797987
    outer loop
      vertex 98.5523 16 22.817
      vertex 98.6238 15.2 22.871
      vertex 98.6238 16 22.871
    endloop
  endfacet
  facet normal -0.602675 0 0.797987
    outer loop
      vertex 98.6238 15.2 22.871
      vertex 98.5523 16 22.817
      vertex 98.5523 15.2 22.817
    endloop
  endfacet
  facet normal -0.681007 0 0.732277
    outer loop
      vertex 98.4866 16 22.7559
      vertex 98.5523 15.2 22.817
      vertex 98.5523 16 22.817
    endloop
  endfacet
  facet normal -0.681007 0 0.732277
    outer loop
      vertex 98.5523 15.2 22.817
      vertex 98.4866 16 22.7559
      vertex 98.4866 15.2 22.7559
    endloop
  endfacet
  facet normal -0.744893 0 0.667184
    outer loop
      vertex 98.4265 15.2 22.6888
      vertex 98.4866 16 22.7559
      vertex 98.4265 16 22.6888
    endloop
  endfacet
  facet normal -0.744893 0 0.667184
    outer loop
      vertex 98.4866 16 22.7559
      vertex 98.4265 15.2 22.6888
      vertex 98.4866 15.2 22.7559
    endloop
  endfacet
  facet normal -0.795203 0 0.606343
    outer loop
      vertex 98.3716 15.2 22.6168
      vertex 98.4265 16 22.6888
      vertex 98.3716 16 22.6168
    endloop
  endfacet
  facet normal -0.795203 0 0.606343
    outer loop
      vertex 98.4265 16 22.6888
      vertex 98.3716 15.2 22.6168
      vertex 98.4265 15.2 22.6888
    endloop
  endfacet
  facet normal -0.839863 0 0.542798
    outer loop
      vertex 98.3219 15.2 22.5399
      vertex 98.3716 16 22.6168
      vertex 98.3219 16 22.5399
    endloop
  endfacet
  facet normal -0.839863 0 0.542798
    outer loop
      vertex 98.3716 16 22.6168
      vertex 98.3219 15.2 22.5399
      vertex 98.3716 15.2 22.6168
    endloop
  endfacet
  facet normal -0.878183 0 0.478325
    outer loop
      vertex 98.2774 15.2 22.4582
      vertex 98.3219 16 22.5399
      vertex 98.2774 16 22.4582
    endloop
  endfacet
  facet normal -0.878183 0 0.478325
    outer loop
      vertex 98.3219 16 22.5399
      vertex 98.2774 15.2 22.4582
      vertex 98.3219 15.2 22.5399
    endloop
  endfacet
  facet normal -0.911014 0 0.412376
    outer loop
      vertex 98.2382 15.2 22.3716
      vertex 98.2774 16 22.4582
      vertex 98.2382 16 22.3716
    endloop
  endfacet
  facet normal -0.911014 0 0.412376
    outer loop
      vertex 98.2774 16 22.4582
      vertex 98.2382 15.2 22.3716
      vertex 98.2774 15.2 22.4582
    endloop
  endfacet
  facet normal -0.937377 0 0.348315
    outer loop
      vertex 98.2042 15.2 22.2801
      vertex 98.2382 16 22.3716
      vertex 98.2042 16 22.2801
    endloop
  endfacet
  facet normal -0.937377 0 0.348315
    outer loop
      vertex 98.2382 16 22.3716
      vertex 98.2042 15.2 22.2801
      vertex 98.2382 15.2 22.3716
    endloop
  endfacet
  facet normal -0.958072 0 0.286526
    outer loop
      vertex 98.1754 15.2 22.1838
      vertex 98.2042 16 22.2801
      vertex 98.1754 16 22.1838
    endloop
  endfacet
  facet normal -0.958072 0 0.286526
    outer loop
      vertex 98.2042 16 22.2801
      vertex 98.1754 15.2 22.1838
      vertex 98.2042 15.2 22.2801
    endloop
  endfacet
  facet normal -0.974082 0 0.226195
    outer loop
      vertex 98.1519 15.2 22.0826
      vertex 98.1754 16 22.1838
      vertex 98.1519 16 22.0826
    endloop
  endfacet
  facet normal -0.974082 0 0.226195
    outer loop
      vertex 98.1754 16 22.1838
      vertex 98.1519 15.2 22.0826
      vertex 98.1754 15.2 22.1838
    endloop
  endfacet
  facet normal -0.985449 0 0.169969
    outer loop
      vertex 98.1336 15.2 21.9765
      vertex 98.1519 16 22.0826
      vertex 98.1336 16 21.9765
    endloop
  endfacet
  facet normal -0.985449 0 0.169969
    outer loop
      vertex 98.1519 16 22.0826
      vertex 98.1336 15.2 21.9765
      vertex 98.1519 15.2 22.0826
    endloop
  endfacet
  facet normal 0.0494142 0 0.998778
    outer loop
      vertex 96.4681 16 22.0589
      vertex 98.1336 15.2 21.9765
      vertex 98.1336 16 21.9765
    endloop
  endfacet
  facet normal 0.0494142 0 0.998778
    outer loop
      vertex 98.1336 15.2 21.9765
      vertex 96.4681 16 22.0589
      vertex 96.4681 15.2 22.0589
    endloop
  endfacet
  facet normal 0.975522 0 -0.2199
    outer loop
      vertex 96.5167 15.2 22.2745
      vertex 96.4681 16 22.0589
      vertex 96.5167 16 22.2745
    endloop
  endfacet
  facet normal 0.975522 0 -0.2199
    outer loop
      vertex 96.4681 16 22.0589
      vertex 96.5167 15.2 22.2745
      vertex 96.4681 15.2 22.0589
    endloop
  endfacet
  facet normal 0.956922 0 -0.290344
    outer loop
      vertex 96.5789 15.2 22.4795
      vertex 96.5167 16 22.2745
      vertex 96.5789 16 22.4795
    endloop
  endfacet
  facet normal 0.956922 0 -0.290344
    outer loop
      vertex 96.5167 16 22.2745
      vertex 96.5789 15.2 22.4795
      vertex 96.5167 15.2 22.2745
    endloop
  endfacet
  facet normal 0.932005 0 -0.362446
    outer loop
      vertex 96.6545 15.2 22.6739
      vertex 96.5789 16 22.4795
      vertex 96.6545 16 22.6739
    endloop
  endfacet
  facet normal 0.932005 0 -0.362446
    outer loop
      vertex 96.5789 16 22.4795
      vertex 96.6545 15.2 22.6739
      vertex 96.5789 15.2 22.4795
    endloop
  endfacet
  facet normal 0.899843 0 -0.436213
    outer loop
      vertex 96.7436 15.2 22.8577
      vertex 96.6545 16 22.6739
      vertex 96.7436 16 22.8577
    endloop
  endfacet
  facet normal 0.899843 0 -0.436213
    outer loop
      vertex 96.6545 16 22.6739
      vertex 96.7436 15.2 22.8577
      vertex 96.6545 15.2 22.6739
    endloop
  endfacet
  facet normal 0.860154 0 -0.510034
    outer loop
      vertex 96.8463 15.2 23.0309
      vertex 96.7436 16 22.8577
      vertex 96.8463 16 23.0309
    endloop
  endfacet
  facet normal 0.860154 0 -0.510034
    outer loop
      vertex 96.7436 16 22.8577
      vertex 96.8463 15.2 23.0309
      vertex 96.7436 15.2 22.8577
    endloop
  endfacet
  facet normal 0.813598 0 -0.581428
    outer loop
      vertex 96.9625 15.2 23.1935
      vertex 96.8463 16 23.0309
      vertex 96.9625 16 23.1935
    endloop
  endfacet
  facet normal 0.813598 0 -0.581428
    outer loop
      vertex 96.8463 16 23.0309
      vertex 96.9625 15.2 23.1935
      vertex 96.8463 15.2 23.0309
    endloop
  endfacet
  facet normal 0.760703 0 -0.6491
    outer loop
      vertex 97.0922 15.2 23.3455
      vertex 96.9625 16 23.1935
      vertex 97.0922 16 23.3455
    endloop
  endfacet
  facet normal 0.760703 0 -0.6491
    outer loop
      vertex 96.9625 16 23.1935
      vertex 97.0922 15.2 23.3455
      vertex 96.9625 15.2 23.1935
    endloop
  endfacet
  facet normal 0.702621 0 -0.711565
    outer loop
      vertex 97.0922 15.2 23.3455
      vertex 97.2354 16 23.4869
      vertex 97.2354 15.2 23.4869
    endloop
  endfacet
  facet normal 0.702621 0 -0.711565
    outer loop
      vertex 97.2354 16 23.4869
      vertex 97.0922 15.2 23.3455
      vertex 97.0922 16 23.3455
    endloop
  endfacet
  facet normal 0.640811 0 -0.767699
    outer loop
      vertex 97.2354 15.2 23.4869
      vertex 97.3921 16 23.6177
      vertex 97.3921 15.2 23.6177
    endloop
  endfacet
  facet normal 0.640811 0 -0.767699
    outer loop
      vertex 97.3921 16 23.6177
      vertex 97.2354 15.2 23.4869
      vertex 97.2354 16 23.4869
    endloop
  endfacet
  facet normal 0.57571 0 -0.817654
    outer loop
      vertex 97.3921 15.2 23.6177
      vertex 97.5604 16 23.7362
      vertex 97.5604 15.2 23.7362
    endloop
  endfacet
  facet normal 0.57571 0 -0.817654
    outer loop
      vertex 97.5604 16 23.7362
      vertex 97.3921 15.2 23.6177
      vertex 97.3921 16 23.6177
    endloop
  endfacet
  facet normal 0.507062 0 -0.861909
    outer loop
      vertex 97.5604 15.2 23.7362
      vertex 97.7382 16 23.8408
      vertex 97.7382 15.2 23.8408
    endloop
  endfacet
  facet normal 0.507062 0 -0.861909
    outer loop
      vertex 97.7382 16 23.8408
      vertex 97.5604 15.2 23.7362
      vertex 97.5604 16 23.7362
    endloop
  endfacet
  facet normal 0.435071 0 -0.900396
    outer loop
      vertex 97.7382 15.2 23.8408
      vertex 97.9257 16 23.9314
      vertex 97.9257 15.2 23.9314
    endloop
  endfacet
  facet normal 0.435071 0 -0.900396
    outer loop
      vertex 97.9257 16 23.9314
      vertex 97.7382 15.2 23.8408
      vertex 97.7382 16 23.8408
    endloop
  endfacet
  facet normal 0.362811 0 -0.931863
    outer loop
      vertex 97.9257 15.2 23.9314
      vertex 98.1227 16 24.0081
      vertex 98.1227 15.2 24.0081
    endloop
  endfacet
  facet normal 0.362811 0 -0.931863
    outer loop
      vertex 98.1227 16 24.0081
      vertex 97.9257 15.2 23.9314
      vertex 97.9257 16 23.9314
    endloop
  endfacet
  facet normal 0.290406 0 -0.956904
    outer loop
      vertex 98.1227 15.2 24.0081
      vertex 98.3293 16 24.0708
      vertex 98.3293 15.2 24.0708
    endloop
  endfacet
  facet normal 0.290406 0 -0.956904
    outer loop
      vertex 98.3293 16 24.0708
      vertex 98.1227 15.2 24.0081
      vertex 98.1227 16 24.0081
    endloop
  endfacet
  facet normal 0.220178 0 -0.97546
    outer loop
      vertex 98.3293 15.2 24.0708
      vertex 98.5455 16 24.1196
      vertex 98.5455 15.2 24.1196
    endloop
  endfacet
  facet normal 0.220178 0 -0.97546
    outer loop
      vertex 98.5455 16 24.1196
      vertex 98.3293 15.2 24.0708
      vertex 98.3293 16 24.0708
    endloop
  endfacet
  facet normal 0.152748 0 -0.988265
    outer loop
      vertex 98.5455 15.2 24.1196
      vertex 98.7713 16 24.1545
      vertex 98.7713 15.2 24.1545
    endloop
  endfacet
  facet normal 0.152748 0 -0.988265
    outer loop
      vertex 98.7713 16 24.1545
      vertex 98.5455 15.2 24.1196
      vertex 98.5455 16 24.1196
    endloop
  endfacet
  facet normal 0.0884372 0 -0.996082
    outer loop
      vertex 98.7713 15.2 24.1545
      vertex 99.0067 16 24.1754
      vertex 99.0067 15.2 24.1754
    endloop
  endfacet
  facet normal 0.0884372 0 -0.996082
    outer loop
      vertex 99.0067 16 24.1754
      vertex 98.7713 15.2 24.1545
      vertex 98.7713 16 24.1545
    endloop
  endfacet
  facet normal 0.0285598 0 -0.999592
    outer loop
      vertex 99.0067 15.2 24.1754
      vertex 99.2517 16 24.1824
      vertex 99.2517 15.2 24.1824
    endloop
  endfacet
  facet normal 0.0285598 0 -0.999592
    outer loop
      vertex 99.2517 16 24.1824
      vertex 99.0067 15.2 24.1754
      vertex 99.0067 16 24.1754
    endloop
  endfacet
  facet normal -0.0344514 0 -0.999406
    outer loop
      vertex 99.2517 15.2 24.1824
      vertex 99.5679 16 24.1715
      vertex 99.5679 15.2 24.1715
    endloop
  endfacet
  facet normal -0.0344514 0 -0.999406
    outer loop
      vertex 99.5679 16 24.1715
      vertex 99.2517 15.2 24.1824
      vertex 99.2517 16 24.1824
    endloop
  endfacet
  facet normal -0.108138 0 -0.994136
    outer loop
      vertex 99.5679 15.2 24.1715
      vertex 99.8676 16 24.1389
      vertex 99.8676 15.2 24.1389
    endloop
  endfacet
  facet normal -0.108138 0 -0.994136
    outer loop
      vertex 99.8676 16 24.1389
      vertex 99.5679 15.2 24.1715
      vertex 99.5679 16 24.1715
    endloop
  endfacet
  facet normal -0.187845 0 -0.982199
    outer loop
      vertex 99.8676 15.2 24.1389
      vertex 100.151 16 24.0847
      vertex 100.151 15.2 24.0847
    endloop
  endfacet
  facet normal -0.187845 0 -0.982199
    outer loop
      vertex 100.151 16 24.0847
      vertex 99.8676 15.2 24.1389
      vertex 99.8676 16 24.1389
    endloop
  endfacet
  facet normal -0.273769 0 -0.961795
    outer loop
      vertex 100.151 15.2 24.0847
      vertex 100.418 16 24.0087
      vertex 100.418 15.2 24.0087
    endloop
  endfacet
  facet normal -0.273769 0 -0.961795
    outer loop
      vertex 100.418 16 24.0087
      vertex 100.151 15.2 24.0847
      vertex 100.151 16 24.0847
    endloop
  endfacet
  facet normal -0.364315 0 -0.931276
    outer loop
      vertex 100.418 15.2 24.0087
      vertex 100.668 16 23.9109
      vertex 100.668 15.2 23.9109
    endloop
  endfacet
  facet normal -0.364315 0 -0.931276
    outer loop
      vertex 100.668 16 23.9109
      vertex 100.418 15.2 24.0087
      vertex 100.418 16 24.0087
    endloop
  endfacet
  facet normal -0.454507 0 -0.890743
    outer loop
      vertex 100.668 15.2 23.9109
      vertex 100.902 16 23.7915
      vertex 100.902 15.2 23.7915
    endloop
  endfacet
  facet normal -0.454507 0 -0.890743
    outer loop
      vertex 100.902 16 23.7915
      vertex 100.668 15.2 23.9109
      vertex 100.668 16 23.9109
    endloop
  endfacet
  facet normal -0.543363 0 -0.839498
    outer loop
      vertex 100.902 15.2 23.7915
      vertex 101.12 16 23.6504
      vertex 101.12 15.2 23.6504
    endloop
  endfacet
  facet normal -0.543363 0 -0.839498
    outer loop
      vertex 101.12 16 23.6504
      vertex 100.902 15.2 23.7915
      vertex 100.902 16 23.7915
    endloop
  endfacet
  facet normal -0.629632 0 -0.776894
    outer loop
      vertex 101.12 15.2 23.6504
      vertex 101.321 16 23.4875
      vertex 101.321 15.2 23.4875
    endloop
  endfacet
  facet normal -0.629632 0 -0.776894
    outer loop
      vertex 101.321 16 23.4875
      vertex 101.12 15.2 23.6504
      vertex 101.12 16 23.6504
    endloop
  endfacet
  facet normal -0.706341 0 -0.707872
    outer loop
      vertex 101.321 15.2 23.4875
      vertex 101.506 16 23.3029
      vertex 101.506 15.2 23.3029
    endloop
  endfacet
  facet normal -0.706341 0 -0.707872
    outer loop
      vertex 101.506 16 23.3029
      vertex 101.321 15.2 23.4875
      vertex 101.321 16 23.4875
    endloop
  endfacet
  facet normal -0.773788 0 -0.633444
    outer loop
      vertex 101.673 15.2 23.0989
      vertex 101.506 16 23.3029
      vertex 101.673 16 23.0989
    endloop
  endfacet
  facet normal -0.773788 -0 -0.633444
    outer loop
      vertex 101.506 16 23.3029
      vertex 101.673 15.2 23.0989
      vertex 101.506 15.2 23.3029
    endloop
  endfacet
  facet normal -0.83286 0 -0.553483
    outer loop
      vertex 101.82 15.2 22.8777
      vertex 101.673 16 23.0989
      vertex 101.82 16 22.8777
    endloop
  endfacet
  facet normal -0.83286 -0 -0.553483
    outer loop
      vertex 101.673 16 23.0989
      vertex 101.82 15.2 22.8777
      vertex 101.673 15.2 23.0989
    endloop
  endfacet
  facet normal -0.88266 0 -0.470012
    outer loop
      vertex 101.947 15.2 22.6392
      vertex 101.82 16 22.8777
      vertex 101.947 16 22.6392
    endloop
  endfacet
  facet normal -0.88266 -0 -0.470012
    outer loop
      vertex 101.82 16 22.8777
      vertex 101.947 15.2 22.6392
      vertex 101.82 15.2 22.8777
    endloop
  endfacet
  facet normal -0.921146 0 -0.389217
    outer loop
      vertex 102.055 15.2 22.3836
      vertex 101.947 16 22.6392
      vertex 102.055 16 22.3836
    endloop
  endfacet
  facet normal -0.921146 -0 -0.389217
    outer loop
      vertex 101.947 16 22.6392
      vertex 102.055 15.2 22.3836
      vertex 101.947 15.2 22.6392
    endloop
  endfacet
  facet normal -0.951741 0 -0.306901
    outer loop
      vertex 102.143 15.2 22.1107
      vertex 102.055 16 22.3836
      vertex 102.143 16 22.1107
    endloop
  endfacet
  facet normal -0.951741 -0 -0.306901
    outer loop
      vertex 102.055 16 22.3836
      vertex 102.143 15.2 22.1107
      vertex 102.055 15.2 22.3836
    endloop
  endfacet
  facet normal -0.97286 0 -0.231394
    outer loop
      vertex 102.212 15.2 21.8206
      vertex 102.143 16 22.1107
      vertex 102.212 16 21.8206
    endloop
  endfacet
  facet normal -0.97286 -0 -0.231394
    outer loop
      vertex 102.143 16 22.1107
      vertex 102.212 15.2 21.8206
      vertex 102.143 15.2 22.1107
    endloop
  endfacet
  facet normal -0.987525 0 -0.157464
    outer loop
      vertex 102.261 15.2 21.5133
      vertex 102.212 16 21.8206
      vertex 102.261 16 21.5133
    endloop
  endfacet
  facet normal -0.987525 -0 -0.157464
    outer loop
      vertex 102.212 16 21.8206
      vertex 102.261 15.2 21.5133
      vertex 102.212 15.2 21.8206
    endloop
  endfacet
  facet normal -0.99603 0 -0.0890135
    outer loop
      vertex 102.29 15.2 21.1888
      vertex 102.261 16 21.5133
      vertex 102.29 16 21.1888
    endloop
  endfacet
  facet normal -0.99603 -0 -0.0890135
    outer loop
      vertex 102.261 16 21.5133
      vertex 102.29 15.2 21.1888
      vertex 102.261 15.2 21.5133
    endloop
  endfacet
  facet normal -0.999572 0 -0.0292529
    outer loop
      vertex 102.3 15.2 20.8471
      vertex 102.29 16 21.1888
      vertex 102.3 16 20.8471
    endloop
  endfacet
  facet normal -0.999572 -0 -0.0292529
    outer loop
      vertex 102.29 16 21.1888
      vertex 102.3 15.2 20.8471
      vertex 102.29 15.2 21.1888
    endloop
  endfacet
  facet normal -0.999552 0 0.0299178
    outer loop
      vertex 102.29 15.2 20.513
      vertex 102.3 16 20.8471
      vertex 102.29 16 20.513
    endloop
  endfacet
  facet normal -0.999552 0 0.0299178
    outer loop
      vertex 102.3 16 20.8471
      vertex 102.29 15.2 20.513
      vertex 102.3 15.2 20.8471
    endloop
  endfacet
  facet normal -0.995849 0 0.0910168
    outer loop
      vertex 102.261 15.2 20.1957
      vertex 102.29 16 20.513
      vertex 102.261 16 20.1957
    endloop
  endfacet
  facet normal -0.995849 0 0.0910168
    outer loop
      vertex 102.29 16 20.513
      vertex 102.261 15.2 20.1957
      vertex 102.29 15.2 20.513
    endloop
  endfacet
  facet normal -0.98749 0 0.157683
    outer loop
      vertex 102.213 15.2 19.8951
      vertex 102.261 16 20.1957
      vertex 102.213 16 19.8951
    endloop
  endfacet
  facet normal -0.98749 0 0.157683
    outer loop
      vertex 102.261 16 20.1957
      vertex 102.213 15.2 19.8951
      vertex 102.261 15.2 20.1957
    endloop
  endfacet
  facet normal -0.971674 0 0.236325
    outer loop
      vertex 102.144 15.2 19.6114
      vertex 102.213 16 19.8951
      vertex 102.144 16 19.6114
    endloop
  endfacet
  facet normal -0.971674 0 0.236325
    outer loop
      vertex 102.213 16 19.8951
      vertex 102.144 15.2 19.6114
      vertex 102.213 15.2 19.8951
    endloop
  endfacet
  facet normal -0.950798 0 0.309811
    outer loop
      vertex 102.057 15.2 19.3444
      vertex 102.144 16 19.6114
      vertex 102.057 16 19.3444
    endloop
  endfacet
  facet normal -0.950798 0 0.309811
    outer loop
      vertex 102.144 16 19.6114
      vertex 102.057 15.2 19.3444
      vertex 102.144 15.2 19.6114
    endloop
  endfacet
  facet normal -0.919506 0 0.393077
    outer loop
      vertex 101.95 15.2 19.0941
      vertex 102.057 16 19.3444
      vertex 101.95 16 19.0941
    endloop
  endfacet
  facet normal -0.919506 0 0.393077
    outer loop
      vertex 102.057 16 19.3444
      vertex 101.95 15.2 19.0941
      vertex 102.057 15.2 19.3444
    endloop
  endfacet
  facet normal -0.878384 0 0.477955
    outer loop
      vertex 101.823 15.2 18.8607
      vertex 101.95 16 19.0941
      vertex 101.823 16 18.8607
    endloop
  endfacet
  facet normal -0.878384 0 0.477955
    outer loop
      vertex 101.95 16 19.0941
      vertex 101.823 15.2 18.8607
      vertex 101.95 15.2 19.0941
    endloop
  endfacet
  facet normal -0.829332 0 0.558756
    outer loop
      vertex 101.677 15.2 18.644
      vertex 101.823 16 18.8607
      vertex 101.677 16 18.644
    endloop
  endfacet
  facet normal -0.829332 0 0.558756
    outer loop
      vertex 101.823 16 18.8607
      vertex 101.677 15.2 18.644
      vertex 101.823 15.2 18.8607
    endloop
  endfacet
  facet normal -0.771217 0 0.636572
    outer loop
      vertex 101.512 15.2 18.4441
      vertex 101.677 16 18.644
      vertex 101.512 16 18.4441
    endloop
  endfacet
  facet normal -0.771217 0 0.636572
    outer loop
      vertex 101.677 16 18.644
      vertex 101.512 15.2 18.4441
      vertex 101.677 15.2 18.644
    endloop
  endfacet
  facet normal -0.701074 0 0.713088
    outer loop
      vertex 101.328 16 18.2632
      vertex 101.512 15.2 18.4441
      vertex 101.512 16 18.4441
    endloop
  endfacet
  facet normal -0.701074 0 0.713088
    outer loop
      vertex 101.512 15.2 18.4441
      vertex 101.328 16 18.2632
      vertex 101.328 15.2 18.2632
    endloop
  endfacet
  facet normal -0.625412 0 0.780295
    outer loop
      vertex 101.129 16 18.1037
      vertex 101.328 15.2 18.2632
      vertex 101.328 16 18.2632
    endloop
  endfacet
  facet normal -0.625412 0 0.780295
    outer loop
      vertex 101.328 15.2 18.2632
      vertex 101.129 16 18.1037
      vertex 101.129 15.2 18.1037
    endloop
  endfacet
  facet normal -0.53922 0 0.842165
    outer loop
      vertex 100.913 16 17.9654
      vertex 101.129 15.2 18.1037
      vertex 101.129 16 18.1037
    endloop
  endfacet
  facet normal -0.53922 0 0.842165
    outer loop
      vertex 101.129 15.2 18.1037
      vertex 100.913 16 17.9654
      vertex 100.913 15.2 17.9654
    endloop
  endfacet
  facet normal -0.449053 0 0.893505
    outer loop
      vertex 100.68 16 17.8483
      vertex 100.913 15.2 17.9654
      vertex 100.913 16 17.9654
    endloop
  endfacet
  facet normal -0.449053 0 0.893505
    outer loop
      vertex 100.913 15.2 17.9654
      vertex 100.68 16 17.8483
      vertex 100.68 15.2 17.8483
    endloop
  endfacet
  facet normal -0.360012 0 0.932948
    outer loop
      vertex 100.432 16 17.7526
      vertex 100.68 15.2 17.8483
      vertex 100.68 16 17.8483
    endloop
  endfacet
  facet normal -0.360012 0 0.932948
    outer loop
      vertex 100.68 15.2 17.8483
      vertex 100.432 16 17.7526
      vertex 100.432 15.2 17.7526
    endloop
  endfacet
  facet normal -0.27064 0 0.962681
    outer loop
      vertex 100.167 16 17.6781
      vertex 100.432 15.2 17.7526
      vertex 100.432 16 17.7526
    endloop
  endfacet
  facet normal -0.27064 0 0.962681
    outer loop
      vertex 100.432 15.2 17.7526
      vertex 100.167 16 17.6781
      vertex 100.167 15.2 17.6781
    endloop
  endfacet
  facet normal -0.186083 0 0.982534
    outer loop
      vertex 99.8861 16 17.6249
      vertex 100.167 15.2 17.6781
      vertex 100.167 16 17.6781
    endloop
  endfacet
  facet normal -0.186083 0 0.982534
    outer loop
      vertex 100.167 15.2 17.6781
      vertex 99.8861 16 17.6249
      vertex 99.8861 15.2 17.6249
    endloop
  endfacet
  facet normal -0.106687 0 0.994293
    outer loop
      vertex 99.5888 16 17.593
      vertex 99.8861 15.2 17.6249
      vertex 99.8861 16 17.6249
    endloop
  endfacet
  facet normal -0.106687 0 0.994293
    outer loop
      vertex 99.8861 15.2 17.6249
      vertex 99.5888 16 17.593
      vertex 99.5888 15.2 17.593
    endloop
  endfacet
  facet normal -0.0337925 0 0.999429
    outer loop
      vertex 99.2753 16 17.5824
      vertex 99.5888 15.2 17.593
      vertex 99.5888 16 17.593
    endloop
  endfacet
  facet normal -0.0337925 0 0.999429
    outer loop
      vertex 99.5888 15.2 17.593
      vertex 99.2753 16 17.5824
      vertex 99.2753 15.2 17.5824
    endloop
  endfacet
  facet normal 0.020055 0 0.999799
    outer loop
      vertex 99.1058 16 17.5858
      vertex 99.2753 15.2 17.5824
      vertex 99.2753 16 17.5824
    endloop
  endfacet
  facet normal 0.020055 0 0.999799
    outer loop
      vertex 99.2753 15.2 17.5824
      vertex 99.1058 16 17.5858
      vertex 99.1058 15.2 17.5858
    endloop
  endfacet
  facet normal 0.154945 0 0.987923
    outer loop
      vertex 91.9242 16 17.6678
      vertex 92.3329 15.2 17.6037
      vertex 92.3329 16 17.6037
    endloop
  endfacet
  facet normal 0.154945 0 0.987923
    outer loop
      vertex 92.3329 15.2 17.6037
      vertex 91.9242 16 17.6678
      vertex 91.9242 15.2 17.6678
    endloop
  endfacet
  facet normal 0.274212 0 0.961669
    outer loop
      vertex 91.55 16 17.7745
      vertex 91.9242 15.2 17.6678
      vertex 91.9242 16 17.6678
    endloop
  endfacet
  facet normal 0.274212 0 0.961669
    outer loop
      vertex 91.9242 15.2 17.6678
      vertex 91.55 16 17.7745
      vertex 91.55 15.2 17.7745
    endloop
  endfacet
  facet normal 0.402612 0 0.915371
    outer loop
      vertex 91.2101 16 17.924
      vertex 91.55 15.2 17.7745
      vertex 91.55 16 17.7745
    endloop
  endfacet
  facet normal 0.402612 0 0.915371
    outer loop
      vertex 91.55 15.2 17.7745
      vertex 91.2101 16 17.924
      vertex 91.2101 15.2 17.924
    endloop
  endfacet
  facet normal 0.532563 0 0.84639
    outer loop
      vertex 90.9048 16 18.1161
      vertex 91.2101 15.2 17.924
      vertex 91.2101 16 17.924
    endloop
  endfacet
  facet normal 0.532563 0 0.84639
    outer loop
      vertex 91.2101 15.2 17.924
      vertex 90.9048 16 18.1161
      vertex 90.9048 15.2 18.1161
    endloop
  endfacet
  facet normal 0.654984 0 0.755643
    outer loop
      vertex 90.6338 16 18.351
      vertex 90.9048 15.2 18.1161
      vertex 90.9048 16 18.1161
    endloop
  endfacet
  facet normal 0.654984 0 0.755643
    outer loop
      vertex 90.9048 15.2 18.1161
      vertex 90.6338 16 18.351
      vertex 90.6338 15.2 18.351
    endloop
  endfacet
  facet normal 0.761208 -0 0.648508
    outer loop
      vertex 90.3973 15.2 18.6286
      vertex 90.6338 16 18.351
      vertex 90.3973 16 18.6286
    endloop
  endfacet
  facet normal 0.761208 0 0.648508
    outer loop
      vertex 90.6338 16 18.351
      vertex 90.3973 15.2 18.6286
      vertex 90.6338 15.2 18.351
    endloop
  endfacet
  facet normal 0.84584 -0 0.533436
    outer loop
      vertex 90.1953 15.2 18.9489
      vertex 90.3973 16 18.6286
      vertex 90.1953 16 18.9489
    endloop
  endfacet
  facet normal 0.84584 0 0.533436
    outer loop
      vertex 90.3973 16 18.6286
      vertex 90.1953 15.2 18.9489
      vertex 90.3973 15.2 18.6286
    endloop
  endfacet
  facet normal 0.907762 -0 0.419486
    outer loop
      vertex 90.0276 15.2 19.3118
      vertex 90.1953 16 18.9489
      vertex 90.0276 16 19.3118
    endloop
  endfacet
  facet normal 0.907762 0 0.419486
    outer loop
      vertex 90.1953 16 18.9489
      vertex 90.0276 15.2 19.3118
      vertex 90.1953 15.2 18.9489
    endloop
  endfacet
  facet normal 0.0864284 0 -0.996258
    outer loop
      vertex 90.0276 15.2 19.3118
      vertex 91.5872 16 19.4471
      vertex 91.5872 15.2 19.4471
    endloop
  endfacet
  facet normal 0.0864284 0 -0.996258
    outer loop
      vertex 91.5872 16 19.4471
      vertex 90.0276 15.2 19.3118
      vertex 90.0276 16 19.3118
    endloop
  endfacet
  facet normal -0.937749 0 -0.347314
    outer loop
      vertex 91.6462 15.2 19.2878
      vertex 91.5872 16 19.4471
      vertex 91.6462 16 19.2878
    endloop
  endfacet
  facet normal -0.937749 -0 -0.347314
    outer loop
      vertex 91.5872 16 19.4471
      vertex 91.6462 15.2 19.2878
      vertex 91.5872 15.2 19.4471
    endloop
  endfacet
  facet normal -0.882179 0 -0.470914
    outer loop
      vertex 91.7212 15.2 19.1473
      vertex 91.6462 16 19.2878
      vertex 91.7212 16 19.1473
    endloop
  endfacet
  facet normal -0.882179 -0 -0.470914
    outer loop
      vertex 91.6462 16 19.2878
      vertex 91.7212 15.2 19.1473
      vertex 91.6462 15.2 19.2878
    endloop
  endfacet
  facet normal -0.801419 0 -0.598103
    outer loop
      vertex 91.8121 15.2 19.0255
      vertex 91.7212 16 19.1473
      vertex 91.8121 16 19.0255
    endloop
  endfacet
  facet normal -0.801419 -0 -0.598103
    outer loop
      vertex 91.7212 16 19.1473
      vertex 91.8121 15.2 19.0255
      vertex 91.7212 15.2 19.1473
    endloop
  endfacet
  facet normal -0.693512 0 -0.720445
    outer loop
      vertex 91.8121 15.2 19.0255
      vertex 91.9191 16 18.9225
      vertex 91.9191 15.2 18.9225
    endloop
  endfacet
  facet normal -0.693512 0 -0.720445
    outer loop
      vertex 91.9191 16 18.9225
      vertex 91.8121 15.2 19.0255
      vertex 91.8121 16 19.0255
    endloop
  endfacet
  facet normal -0.565646 0 -0.824648
    outer loop
      vertex 91.9191 15.2 18.9225
      vertex 92.042 16 18.8382
      vertex 92.042 15.2 18.8382
    endloop
  endfacet
  facet normal -0.565646 0 -0.824648
    outer loop
      vertex 92.042 16 18.8382
      vertex 91.9191 15.2 18.9225
      vertex 91.9191 16 18.9225
    endloop
  endfacet
  facet normal -0.427051 0 -0.904228
    outer loop
      vertex 92.042 15.2 18.8382
      vertex 92.1809 16 18.7726
      vertex 92.1809 15.2 18.7726
    endloop
  endfacet
  facet normal -0.427051 0 -0.904228
    outer loop
      vertex 92.1809 16 18.7726
      vertex 92.042 15.2 18.8382
      vertex 92.042 16 18.8382
    endloop
  endfacet
  facet normal -0.289218 0 -0.957263
    outer loop
      vertex 92.1809 15.2 18.7726
      vertex 92.3358 16 18.7258
      vertex 92.3358 15.2 18.7258
    endloop
  endfacet
  facet normal -0.289218 0 -0.957263
    outer loop
      vertex 92.3358 16 18.7258
      vertex 92.1809 15.2 18.7726
      vertex 92.1809 16 18.7726
    endloop
  endfacet
  facet normal -0.162807 0 -0.986658
    outer loop
      vertex 92.3358 15.2 18.7258
      vertex 92.5067 16 18.6976
      vertex 92.5067 15.2 18.6976
    endloop
  endfacet
  facet normal -0.162807 0 -0.986658
    outer loop
      vertex 92.5067 16 18.6976
      vertex 92.3358 15.2 18.7258
      vertex 92.3358 16 18.7258
    endloop
  endfacet
  facet normal -0.0496977 0 -0.998764
    outer loop
      vertex 92.5067 15.2 18.6976
      vertex 92.6936 16 18.6883
      vertex 92.6936 15.2 18.6883
    endloop
  endfacet
  facet normal -0.0496977 0 -0.998764
    outer loop
      vertex 92.6936 16 18.6883
      vertex 92.5067 15.2 18.6976
      vertex 92.5067 16 18.6976
    endloop
  endfacet
  facet normal 0.0421138 0 -0.999113
    outer loop
      vertex 92.6936 15.2 18.6883
      vertex 92.8312 16 18.6941
      vertex 92.8312 15.2 18.6941
    endloop
  endfacet
  facet normal 0.0421138 0 -0.999113
    outer loop
      vertex 92.8312 16 18.6941
      vertex 92.6936 15.2 18.6883
      vertex 92.6936 16 18.6883
    endloop
  endfacet
  facet normal 0.133656 0 -0.991028
    outer loop
      vertex 92.8312 15.2 18.6941
      vertex 92.9617 16 18.7117
      vertex 92.9617 15.2 18.7117
    endloop
  endfacet
  facet normal 0.133656 0 -0.991028
    outer loop
      vertex 92.9617 16 18.7117
      vertex 92.8312 15.2 18.6941
      vertex 92.8312 16 18.6941
    endloop
  endfacet
  facet normal 0.230624 0 -0.973043
    outer loop
      vertex 92.9617 15.2 18.7117
      vertex 93.0849 16 18.7409
      vertex 93.0849 15.2 18.7409
    endloop
  endfacet
  facet normal 0.230624 0 -0.973043
    outer loop
      vertex 93.0849 16 18.7409
      vertex 92.9617 15.2 18.7117
      vertex 92.9617 16 18.7117
    endloop
  endfacet
  facet normal 0.332268 0 -0.943185
    outer loop
      vertex 93.0849 15.2 18.7409
      vertex 93.201 16 18.7818
      vertex 93.201 15.2 18.7818
    endloop
  endfacet
  facet normal 0.332268 0 -0.943185
    outer loop
      vertex 93.201 16 18.7818
      vertex 93.0849 15.2 18.7409
      vertex 93.0849 16 18.7409
    endloop
  endfacet
  facet normal 0.434934 0 -0.900462
    outer loop
      vertex 93.201 15.2 18.7818
      vertex 93.3099 16 18.8344
      vertex 93.3099 15.2 18.8344
    endloop
  endfacet
  facet normal 0.434934 0 -0.900462
    outer loop
      vertex 93.3099 16 18.8344
      vertex 93.201 15.2 18.7818
      vertex 93.201 16 18.7818
    endloop
  endfacet
  facet normal 0.534399 0 -0.845232
    outer loop
      vertex 93.3099 15.2 18.8344
      vertex 93.4116 16 18.8987
      vertex 93.4116 15.2 18.8987
    endloop
  endfacet
  facet normal 0.534399 0 -0.845232
    outer loop
      vertex 93.4116 16 18.8987
      vertex 93.3099 15.2 18.8344
      vertex 93.3099 16 18.8344
    endloop
  endfacet
  facet normal 0.626704 0 -0.779257
    outer loop
      vertex 93.4116 15.2 18.8987
      vertex 93.5061 16 18.9747
      vertex 93.5061 15.2 18.9747
    endloop
  endfacet
  facet normal 0.626704 0 -0.779257
    outer loop
      vertex 93.5061 16 18.9747
      vertex 93.4116 15.2 18.8987
      vertex 93.4116 16 18.8987
    endloop
  endfacet
  facet normal 0.709125 0 -0.705082
    outer loop
      vertex 93.5933 15.2 19.0624
      vertex 93.5061 16 18.9747
      vertex 93.5933 16 19.0624
    endloop
  endfacet
  facet normal 0.709125 0 -0.705082
    outer loop
      vertex 93.5061 16 18.9747
      vertex 93.5933 15.2 19.0624
      vertex 93.5061 15.2 18.9747
    endloop
  endfacet
  facet normal 0.778339 0 -0.627844
    outer loop
      vertex 93.6734 15.2 19.1617
      vertex 93.5933 16 19.0624
      vertex 93.6734 16 19.1617
    endloop
  endfacet
  facet normal 0.778339 0 -0.627844
    outer loop
      vertex 93.5933 16 19.0624
      vertex 93.6734 15.2 19.1617
      vertex 93.5933 15.2 19.0624
    endloop
  endfacet
  facet normal 0.837701 0 -0.54613
    outer loop
      vertex 93.7457 15.2 19.2726
      vertex 93.6734 16 19.1617
      vertex 93.7457 16 19.2726
    endloop
  endfacet
  facet normal 0.837701 0 -0.54613
    outer loop
      vertex 93.6734 16 19.1617
      vertex 93.7457 15.2 19.2726
      vertex 93.6734 15.2 19.1617
    endloop
  endfacet
  facet normal 0.8863 0 -0.463112
    outer loop
      vertex 93.8095 15.2 19.3947
      vertex 93.7457 16 19.2726
      vertex 93.8095 16 19.3947
    endloop
  endfacet
  facet normal 0.8863 0 -0.463112
    outer loop
      vertex 93.7457 16 19.2726
      vertex 93.8095 15.2 19.3947
      vertex 93.7457 15.2 19.2726
    endloop
  endfacet
  facet normal 0.924017 0 -0.382352
    outer loop
      vertex 93.8647 15.2 19.5281
      vertex 93.8095 16 19.3947
      vertex 93.8647 16 19.5281
    endloop
  endfacet
  facet normal 0.924017 0 -0.382352
    outer loop
      vertex 93.8095 16 19.3947
      vertex 93.8647 15.2 19.5281
      vertex 93.8095 15.2 19.3947
    endloop
  endfacet
  facet normal 0.951411 0 -0.307925
    outer loop
      vertex 93.9115 15.2 19.6727
      vertex 93.8647 16 19.5281
      vertex 93.9115 16 19.6727
    endloop
  endfacet
  facet normal 0.951411 0 -0.307925
    outer loop
      vertex 93.8647 16 19.5281
      vertex 93.9115 15.2 19.6727
      vertex 93.8647 15.2 19.5281
    endloop
  endfacet
  facet normal 0.971268 0 -0.237989
    outer loop
      vertex 93.9497 15.2 19.8286
      vertex 93.9115 16 19.6727
      vertex 93.9497 16 19.8286
    endloop
  endfacet
  facet normal 0.971268 0 -0.237989
    outer loop
      vertex 93.9115 16 19.6727
      vertex 93.9497 15.2 19.8286
      vertex 93.9115 15.2 19.6727
    endloop
  endfacet
  facet normal 0.984486 0 -0.175465
    outer loop
      vertex 93.9795 15.2 19.9958
      vertex 93.9497 16 19.8286
      vertex 93.9795 16 19.9958
    endloop
  endfacet
  facet normal 0.984486 0 -0.175465
    outer loop
      vertex 93.9497 16 19.8286
      vertex 93.9795 15.2 19.9958
      vertex 93.9497 15.2 19.8286
    endloop
  endfacet
  facet normal 0.993013 0 -0.118004
    outer loop
      vertex 94.0007 15.2 20.1742
      vertex 93.9795 16 19.9958
      vertex 94.0007 16 20.1742
    endloop
  endfacet
  facet normal 0.993013 0 -0.118004
    outer loop
      vertex 93.9795 16 19.9958
      vertex 94.0007 15.2 20.1742
      vertex 93.9795 15.2 19.9958
    endloop
  endfacet
  facet normal 0.997729 0 -0.0673572
    outer loop
      vertex 94.0135 15.2 20.3638
      vertex 94.0007 16 20.1742
      vertex 94.0135 16 20.3638
    endloop
  endfacet
  facet normal 0.997729 0 -0.0673572
    outer loop
      vertex 94.0007 16 20.1742
      vertex 94.0135 15.2 20.3638
      vertex 94.0007 15.2 20.1742
    endloop
  endfacet
  facet normal 0.999782 0 -0.020891
    outer loop
      vertex 94.0177 15.2 20.5648
      vertex 94.0135 16 20.3638
      vertex 94.0177 16 20.5648
    endloop
  endfacet
  facet normal 0.999782 0 -0.020891
    outer loop
      vertex 94.0135 16 20.3638
      vertex 94.0177 15.2 20.5648
      vertex 94.0135 15.2 20.3638
    endloop
  endfacet
  facet normal -0 0 1
    outer loop
      vertex 89.9335 16 20.5648
      vertex 94.0177 15.2 20.5648
      vertex 94.0177 16 20.5648
    endloop
  endfacet
  facet normal 0 0 1
    outer loop
      vertex 94.0177 15.2 20.5648
      vertex 89.9335 16 20.5648
      vertex 89.9335 15.2 20.5648
    endloop
  endfacet
  facet normal 1 -0 0
    outer loop
      vertex 89.9335 15.2 20.6118
      vertex 89.9335 16 20.5648
      vertex 89.9335 16 20.6118
    endloop
  endfacet
  facet normal 1 0 0
    outer loop
      vertex 89.9335 16 20.5648
      vertex 89.9335 15.2 20.6118
      vertex 89.9335 15.2 20.5648
    endloop
  endfacet
  facet normal 0.999725 0 -0.0234702
    outer loop
      vertex 89.9424 15.2 20.9909
      vertex 89.9335 16 20.6118
      vertex 89.9424 16 20.9909
    endloop
  endfacet
  facet normal 0.999725 0 -0.0234702
    outer loop
      vertex 89.9335 16 20.6118
      vertex 89.9424 15.2 20.9909
      vertex 89.9335 15.2 20.6118
    endloop
  endfacet
  facet normal 0.997214 0 -0.0745893
    outer loop
      vertex 89.9692 15.2 21.3492
      vertex 89.9424 16 20.9909
      vertex 89.9692 16 21.3492
    endloop
  endfacet
  facet normal 0.997214 0 -0.0745893
    outer loop
      vertex 89.9424 16 20.9909
      vertex 89.9692 15.2 21.3492
      vertex 89.9424 15.2 20.9909
    endloop
  endfacet
  facet normal 0.991338 0 -0.131336
    outer loop
      vertex 90.0139 15.2 21.6866
      vertex 89.9692 16 21.3492
      vertex 90.0139 16 21.6866
    endloop
  endfacet
  facet normal 0.991338 0 -0.131336
    outer loop
      vertex 89.9692 16 21.3492
      vertex 90.0139 15.2 21.6866
      vertex 89.9692 15.2 21.3492
    endloop
  endfacet
  facet normal 0.981007 0 -0.193971
    outer loop
      vertex 90.0765 15.2 22.0032
      vertex 90.0139 16 21.6866
      vertex 90.0765 16 22.0032
    endloop
  endfacet
  facet normal 0.981007 0 -0.193971
    outer loop
      vertex 90.0139 16 21.6866
      vertex 90.0765 15.2 22.0032
      vertex 90.0139 15.2 21.6866
    endloop
  endfacet
  facet normal 0.964989 0 -0.262289
    outer loop
      vertex 90.1569 15.2 22.299
      vertex 90.0765 16 22.0032
      vertex 90.1569 16 22.299
    endloop
  endfacet
  facet normal 0.964989 0 -0.262289
    outer loop
      vertex 90.0765 16 22.0032
      vertex 90.1569 15.2 22.299
      vertex 90.0765 15.2 22.0032
    endloop
  endfacet
  facet normal 0.94161 0 -0.336705
    outer loop
      vertex 90.2552 15.2 22.5739
      vertex 90.1569 16 22.299
      vertex 90.2552 16 22.5739
    endloop
  endfacet
  facet normal 0.94161 0 -0.336705
    outer loop
      vertex 90.1569 16 22.299
      vertex 90.2552 15.2 22.5739
      vertex 90.1569 15.2 22.299
    endloop
  endfacet
  facet normal 0.909358 0 -0.416014
    outer loop
      vertex 90.3714 15.2 22.8279
      vertex 90.2552 16 22.5739
      vertex 90.3714 16 22.8279
    endloop
  endfacet
  facet normal 0.909358 0 -0.416014
    outer loop
      vertex 90.2552 16 22.5739
      vertex 90.3714 15.2 22.8279
      vertex 90.2552 15.2 22.5739
    endloop
  endfacet
  facet normal 0.867143 0 -0.498059
    outer loop
      vertex 90.5054 15.2 23.0612
      vertex 90.3714 16 22.8279
      vertex 90.5054 16 23.0612
    endloop
  endfacet
  facet normal 0.867143 0 -0.498059
    outer loop
      vertex 90.3714 16 22.8279
      vertex 90.5054 15.2 23.0612
      vertex 90.3714 15.2 22.8279
    endloop
  endfacet
  facet normal 0.813267 0 -0.58189
    outer loop
      vertex 90.6573 15.2 23.2735
      vertex 90.5054 16 23.0612
      vertex 90.6573 16 23.2735
    endloop
  endfacet
  facet normal 0.813267 0 -0.58189
    outer loop
      vertex 90.5054 16 23.0612
      vertex 90.6573 15.2 23.2735
      vertex 90.5054 15.2 23.0612
    endloop
  endfacet
  facet normal 0.748772 0 -0.662828
    outer loop
      vertex 90.8262 15.2 23.4643
      vertex 90.6573 16 23.2735
      vertex 90.8262 16 23.4643
    endloop
  endfacet
  facet normal 0.748772 0 -0.662828
    outer loop
      vertex 90.6573 16 23.2735
      vertex 90.8262 15.2 23.4643
      vertex 90.6573 15.2 23.2735
    endloop
  endfacet
  facet normal 0.67333 0 -0.739342
    outer loop
      vertex 90.8262 15.2 23.4643
      vertex 91.011 16 23.6326
      vertex 91.011 15.2 23.6326
    endloop
  endfacet
  facet normal 0.67333 0 -0.739342
    outer loop
      vertex 91.011 16 23.6326
      vertex 90.8262 15.2 23.4643
      vertex 90.8262 16 23.4643
    endloop
  endfacet
  facet normal 0.587621 0 -0.809136
    outer loop
      vertex 91.011 15.2 23.6326
      vertex 91.2119 16 23.7785
      vertex 91.2119 15.2 23.7785
    endloop
  endfacet
  facet normal 0.587621 0 -0.809136
    outer loop
      vertex 91.2119 16 23.7785
      vertex 91.011 15.2 23.6326
      vertex 91.011 16 23.6326
    endloop
  endfacet
  facet normal 0.49467 0 -0.869081
    outer loop
      vertex 91.2119 15.2 23.7785
      vertex 91.4287 16 23.9019
      vertex 91.4287 15.2 23.9019
    endloop
  endfacet
  facet normal 0.49467 0 -0.869081
    outer loop
      vertex 91.4287 16 23.9019
      vertex 91.2119 15.2 23.7785
      vertex 91.2119 16 23.7785
    endloop
  endfacet
  facet normal 0.398006 0 -0.917383
    outer loop
      vertex 91.4287 15.2 23.9019
      vertex 91.6615 16 24.0029
      vertex 91.6615 15.2 24.0029
    endloop
  endfacet
  facet normal 0.398006 0 -0.917383
    outer loop
      vertex 91.6615 16 24.0029
      vertex 91.4287 15.2 23.9019
      vertex 91.4287 16 23.9019
    endloop
  endfacet
  facet normal 0.301003 0 -0.953623
    outer loop
      vertex 91.6615 15.2 24.0029
      vertex 91.9102 16 24.0814
      vertex 91.9102 15.2 24.0814
    endloop
  endfacet
  facet normal 0.301003 0 -0.953623
    outer loop
      vertex 91.9102 16 24.0814
      vertex 91.6615 15.2 24.0029
      vertex 91.6615 16 24.0029
    endloop
  endfacet
  facet normal 0.207258 0 -0.978286
    outer loop
      vertex 91.9102 15.2 24.0814
      vertex 92.175 16 24.1375
      vertex 92.175 15.2 24.1375
    endloop
  endfacet
  facet normal 0.207258 0 -0.978286
    outer loop
      vertex 92.175 16 24.1375
      vertex 91.9102 15.2 24.0814
      vertex 91.9102 16 24.0814
    endloop
  endfacet
  facet normal 0.119159 0 -0.992875
    outer loop
      vertex 92.175 15.2 24.1375
      vertex 92.4558 16 24.1712
      vertex 92.4558 15.2 24.1712
    endloop
  endfacet
  facet normal 0.119159 0 -0.992875
    outer loop
      vertex 92.4558 16 24.1712
      vertex 92.175 15.2 24.1375
      vertex 92.175 16 24.1375
    endloop
  endfacet
  facet normal 0.0377217 0 -0.999288
    outer loop
      vertex 92.4558 15.2 24.1712
      vertex 92.7525 16 24.1824
      vertex 92.7525 15.2 24.1824
    endloop
  endfacet
  facet normal 0.0377217 0 -0.999288
    outer loop
      vertex 92.7525 16 24.1824
      vertex 92.4558 15.2 24.1712
      vertex 92.4558 16 24.1712
    endloop
  endfacet
  facet normal -0.0337428 0 -0.999431
    outer loop
      vertex 92.7525 15.2 24.1824
      vertex 93.0635 16 24.1719
      vertex 93.0635 15.2 24.1719
    endloop
  endfacet
  facet normal -0.0337428 0 -0.999431
    outer loop
      vertex 93.0635 16 24.1719
      vertex 92.7525 15.2 24.1824
      vertex 92.7525 16 24.1824
    endloop
  endfacet
  facet normal -0.105878 0 -0.994379
    outer loop
      vertex 93.0635 15.2 24.1719
      vertex 93.3584 16 24.1405
      vertex 93.3584 15.2 24.1405
    endloop
  endfacet
  facet normal -0.105878 0 -0.994379
    outer loop
      vertex 93.3584 16 24.1405
      vertex 93.0635 15.2 24.1719
      vertex 93.0635 16 24.1719
    endloop
  endfacet
  facet normal -0.184033 0 -0.98292
    outer loop
      vertex 93.3584 15.2 24.1405
      vertex 93.6372 16 24.0883
      vertex 93.6372 15.2 24.0883
    endloop
  endfacet
  facet normal -0.184033 0 -0.98292
    outer loop
      vertex 93.6372 16 24.0883
      vertex 93.3584 15.2 24.1405
      vertex 93.3584 16 24.1405
    endloop
  endfacet
  facet normal -0.268419 0 -0.963302
    outer loop
      vertex 93.6372 15.2 24.0883
      vertex 93.8999 16 24.0151
      vertex 93.8999 15.2 24.0151
    endloop
  endfacet
  facet normal -0.268419 0 -0.963302
    outer loop
      vertex 93.8999 16 24.0151
      vertex 93.6372 15.2 24.0883
      vertex 93.6372 16 24.0883
    endloop
  endfacet
  facet normal -0.356972 0 -0.934115
    outer loop
      vertex 93.8999 15.2 24.0151
      vertex 94.1464 16 23.9209
      vertex 94.1464 15.2 23.9209
    endloop
  endfacet
  facet normal -0.356972 0 -0.934115
    outer loop
      vertex 94.1464 16 23.9209
      vertex 93.8999 15.2 24.0151
      vertex 93.8999 16 24.0151
    endloop
  endfacet
  facet normal -0.446747 0 -0.89466
    outer loop
      vertex 94.1464 15.2 23.9209
      vertex 94.3767 16 23.8059
      vertex 94.3767 15.2 23.8059
    endloop
  endfacet
  facet normal -0.446747 0 -0.89466
    outer loop
      vertex 94.3767 16 23.8059
      vertex 94.1464 15.2 23.9209
      vertex 94.1464 16 23.9209
    endloop
  endfacet
  facet normal -0.535549 0 -0.844504
    outer loop
      vertex 94.3767 15.2 23.8059
      vertex 94.591 16 23.67
      vertex 94.591 15.2 23.67
    endloop
  endfacet
  facet normal -0.535549 0 -0.844504
    outer loop
      vertex 94.591 16 23.67
      vertex 94.3767 15.2 23.8059
      vertex 94.3767 16 23.8059
    endloop
  endfacet
  facet normal -0.620875 0 -0.783909
    outer loop
      vertex 94.591 15.2 23.67
      vertex 94.7891 16 23.5131
      vertex 94.7891 15.2 23.5131
    endloop
  endfacet
  facet normal -0.620875 0 -0.783909
    outer loop
      vertex 94.7891 16 23.5131
      vertex 94.591 15.2 23.67
      vertex 94.591 16 23.67
    endloop
  endfacet
  facet normal -0.698805 0 -0.715312
    outer loop
      vertex 94.7891 15.2 23.5131
      vertex 94.9711 16 23.3353
      vertex 94.9711 15.2 23.3353
    endloop
  endfacet
  facet normal -0.698805 0 -0.715312
    outer loop
      vertex 94.9711 16 23.3353
      vertex 94.7891 15.2 23.5131
      vertex 94.7891 16 23.5131
    endloop
  endfacet
  facet normal -0.768285 0 -0.640108
    outer loop
      vertex 95.1354 15.2 23.1381
      vertex 94.9711 16 23.3353
      vertex 95.1354 16 23.1381
    endloop
  endfacet
  facet normal -0.768285 -0 -0.640108
    outer loop
      vertex 94.9711 16 23.3353
      vertex 95.1354 15.2 23.1381
      vertex 94.9711 15.2 23.3353
    endloop
  endfacet
  facet normal -0.829612 0 -0.558341
    outer loop
      vertex 95.2803 15.2 22.9228
      vertex 95.1354 16 23.1381
      vertex 95.2803 16 22.9228
    endloop
  endfacet
  facet normal -0.829612 -0 -0.558341
    outer loop
      vertex 95.1354 16 23.1381
      vertex 95.2803 15.2 22.9228
      vertex 95.1354 15.2 23.1381
    endloop
  endfacet
  facet normal -0.880265 0 -0.474482
    outer loop
      vertex 95.406 15.2 22.6896
      vertex 95.2803 16 22.9228
      vertex 95.406 16 22.6896
    endloop
  endfacet
  facet normal -0.880265 -0 -0.474482
    outer loop
      vertex 95.2803 16 22.9228
      vertex 95.406 15.2 22.6896
      vertex 95.2803 15.2 22.9228
    endloop
  endfacet
  facet normal -0.920993 0 -0.38958
    outer loop
      vertex 95.5123 15.2 22.4383
      vertex 95.406 16 22.6896
      vertex 95.5123 16 22.4383
    endloop
  endfacet
  facet normal -0.920993 -0 -0.38958
    outer loop
      vertex 95.406 16 22.6896
      vertex 95.5123 15.2 22.4383
      vertex 95.406 15.2 22.6896
    endloop
  endfacet
  facet normal -0.951679 0 -0.307096
    outer loop
      vertex 95.5992 15.2 22.169
      vertex 95.5123 16 22.4383
      vertex 95.5992 16 22.169
    endloop
  endfacet
  facet normal -0.951679 -0 -0.307096
    outer loop
      vertex 95.5123 16 22.4383
      vertex 95.5992 15.2 22.169
      vertex 95.5123 15.2 22.4383
    endloop
  endfacet
  facet normal -0.973342 0 -0.22936
    outer loop
      vertex 95.6669 15.2 21.8817
      vertex 95.5992 16 22.169
      vertex 95.6669 16 21.8817
    endloop
  endfacet
  facet normal -0.973342 -0 -0.22936
    outer loop
      vertex 95.5992 16 22.169
      vertex 95.6669 15.2 21.8817
      vertex 95.5992 15.2 22.169
    endloop
  endfacet
  facet normal -0.987716 0 -0.156262
    outer loop
      vertex 95.7152 15.2 21.5764
      vertex 95.6669 16 21.8817
      vertex 95.7152 16 21.5764
    endloop
  endfacet
  facet normal -0.987716 -0 -0.156262
    outer loop
      vertex 95.6669 16 21.8817
      vertex 95.7152 15.2 21.5764
      vertex 95.6669 15.2 21.8817
    endloop
  endfacet
  facet normal -0.996001 0 -0.0893413
    outer loop
      vertex 95.7442 15.2 21.2531
      vertex 95.7152 16 21.5764
      vertex 95.7442 16 21.2531
    endloop
  endfacet
  facet normal -0.996001 -0 -0.0893413
    outer loop
      vertex 95.7152 16 21.5764
      vertex 95.7442 15.2 21.2531
      vertex 95.7152 15.2 21.5764
    endloop
  endfacet
  facet normal -0.999605 0 -0.0281166
    outer loop
      vertex 95.7538 15.2 20.9118
      vertex 95.7442 16 21.2531
      vertex 95.7538 16 20.9118
    endloop
  endfacet
  facet normal -0.999605 -0 -0.0281166
    outer loop
      vertex 95.7442 16 21.2531
      vertex 95.7538 15.2 20.9118
      vertex 95.7442 15.2 21.2531
    endloop
  endfacet
  facet normal -0.999637 0 0.0269482
    outer loop
      vertex 95.7443 15.2 20.5594
      vertex 95.7538 16 20.9118
      vertex 95.7443 16 20.5594
    endloop
  endfacet
  facet normal -0.999637 0 0.0269482
    outer loop
      vertex 95.7538 16 20.9118
      vertex 95.7443 15.2 20.5594
      vertex 95.7538 15.2 20.9118
    endloop
  endfacet
  facet normal -0.996364 0 0.0851976
    outer loop
      vertex 95.7158 15.2 20.2261
      vertex 95.7443 16 20.5594
      vertex 95.7158 16 20.2261
    endloop
  endfacet
  facet normal -0.996364 0 0.0851976
    outer loop
      vertex 95.7443 16 20.5594
      vertex 95.7158 15.2 20.2261
      vertex 95.7443 15.2 20.5594
    endloop
  endfacet
  facet normal -0.988697 0 0.149927
    outer loop
      vertex 95.6682 15.2 19.9122
      vertex 95.7158 16 20.2261
      vertex 95.6682 16 19.9122
    endloop
  endfacet
  facet normal -0.988697 0 0.149927
    outer loop
      vertex 95.7158 16 20.2261
      vertex 95.6682 15.2 19.9122
      vertex 95.7158 15.2 20.2261
    endloop
  endfacet
  facet normal -0.975418 0 0.220362
    outer loop
      vertex 95.6016 15.2 19.6174
      vertex 95.6682 16 19.9122
      vertex 95.6016 16 19.6174
    endloop
  endfacet
  facet normal -0.975418 0 0.220362
    outer loop
      vertex 95.6682 16 19.9122
      vertex 95.6016 15.2 19.6174
      vertex 95.6682 15.2 19.9122
    endloop
  endfacet
  facet normal -0.954868 0 0.297031
    outer loop
      vertex 95.5159 15.2 19.3419
      vertex 95.6016 16 19.6174
      vertex 95.5159 16 19.3419
    endloop
  endfacet
  facet normal -0.954868 0 0.297031
    outer loop
      vertex 95.6016 16 19.6174
      vertex 95.5159 15.2 19.3419
      vertex 95.6016 15.2 19.6174
    endloop
  endfacet
  facet normal -0.925685 0 0.378295
    outer loop
      vertex 95.4112 15.2 19.0857
      vertex 95.5159 16 19.3419
      vertex 95.4112 16 19.0857
    endloop
  endfacet
  facet normal -0.925685 0 0.378295
    outer loop
      vertex 95.5159 16 19.3419
      vertex 95.4112 15.2 19.0857
      vertex 95.5159 15.2 19.3419
    endloop
  endfacet
  facet normal -0.886511 0 0.462707
    outer loop
      vertex 95.2875 15.2 18.8487
      vertex 95.4112 16 19.0857
      vertex 95.2875 16 18.8487
    endloop
  endfacet
  facet normal -0.886511 0 0.462707
    outer loop
      vertex 95.4112 16 19.0857
      vertex 95.2875 15.2 18.8487
      vertex 95.4112 15.2 19.0857
    endloop
  endfacet
  facet normal -0.836279 0 0.548304
    outer loop
      vertex 95.1447 15.2 18.6309
      vertex 95.2875 16 18.8487
      vertex 95.1447 16 18.6309
    endloop
  endfacet
  facet normal -0.836279 0 0.548304
    outer loop
      vertex 95.2875 16 18.8487
      vertex 95.1447 15.2 18.6309
      vertex 95.2875 15.2 18.8487
    endloop
  endfacet
  facet normal -0.775122 0 0.631812
    outer loop
      vertex 94.9829 15.2 18.4324
      vertex 95.1447 16 18.6309
      vertex 94.9829 16 18.4324
    endloop
  endfacet
  facet normal -0.775122 0 0.631812
    outer loop
      vertex 95.1447 16 18.6309
      vertex 94.9829 15.2 18.4324
      vertex 95.1447 15.2 18.6309
    endloop
  endfacet
  facet normal -0.70493 0 0.709277
    outer loop
      vertex 94.8034 16 18.254
      vertex 94.9829 15.2 18.4324
      vertex 94.9829 16 18.4324
    endloop
  endfacet
  facet normal -0.70493 0 0.709277
    outer loop
      vertex 94.9829 15.2 18.4324
      vertex 94.8034 16 18.254
      vertex 94.8034 15.2 18.254
    endloop
  endfacet
  facet normal -0.626149 0 0.779703
    outer loop
      vertex 94.6074 16 18.0966
      vertex 94.8034 15.2 18.254
      vertex 94.8034 16 18.254
    endloop
  endfacet
  facet normal -0.626149 0 0.779703
    outer loop
      vertex 94.8034 15.2 18.254
      vertex 94.6074 16 18.0966
      vertex 94.6074 15.2 18.0966
    endloop
  endfacet
  facet normal -0.540537 0 0.84132
    outer loop
      vertex 94.3951 16 17.9602
      vertex 94.6074 15.2 18.0966
      vertex 94.6074 16 18.0966
    endloop
  endfacet
  facet normal -0.540537 0 0.84132
    outer loop
      vertex 94.6074 15.2 18.0966
      vertex 94.3951 16 17.9602
      vertex 94.3951 15.2 17.9602
    endloop
  endfacet
  facet normal -0.450644 0 0.892704
    outer loop
      vertex 94.1663 16 17.8447
      vertex 94.3951 15.2 17.9602
      vertex 94.3951 16 17.9602
    endloop
  endfacet
  facet normal -0.450644 0 0.892704
    outer loop
      vertex 94.3951 15.2 17.9602
      vertex 94.1663 16 17.8447
      vertex 94.1663 15.2 17.8447
    endloop
  endfacet
  facet normal -0.359285 0 0.933228
    outer loop
      vertex 93.9211 16 17.7503
      vertex 94.1663 15.2 17.8447
      vertex 94.1663 16 17.8447
    endloop
  endfacet
  facet normal -0.359285 0 0.933228
    outer loop
      vertex 94.1663 15.2 17.8447
      vertex 93.9211 16 17.7503
      vertex 93.9211 15.2 17.7503
    endloop
  endfacet
  facet normal -0.270394 0 0.96275
    outer loop
      vertex 93.6594 16 17.6768
      vertex 93.9211 15.2 17.7503
      vertex 93.9211 16 17.7503
    endloop
  endfacet
  facet normal -0.270394 0 0.96275
    outer loop
      vertex 93.9211 15.2 17.7503
      vertex 93.6594 16 17.6768
      vertex 93.6594 15.2 17.6768
    endloop
  endfacet
  facet normal -0.185228 0 0.982696
    outer loop
      vertex 93.3814 16 17.6244
      vertex 93.6594 15.2 17.6768
      vertex 93.6594 16 17.6768
    endloop
  endfacet
  facet normal -0.185228 0 0.982696
    outer loop
      vertex 93.6594 15.2 17.6768
      vertex 93.3814 16 17.6244
      vertex 93.3814 15.2 17.6244
    endloop
  endfacet
  facet normal -0.106354 0 0.994328
    outer loop
      vertex 93.0869 16 17.5929
      vertex 93.3814 15.2 17.6244
      vertex 93.3814 16 17.6244
    endloop
  endfacet
  facet normal -0.106354 0 0.994328
    outer loop
      vertex 93.3814 15.2 17.6244
      vertex 93.0869 16 17.5929
      vertex 93.0869 15.2 17.5929
    endloop
  endfacet
  facet normal -0.0337537 0 0.99943
    outer loop
      vertex 92.776 16 17.5824
      vertex 93.0869 15.2 17.5929
      vertex 93.0869 16 17.5929
    endloop
  endfacet
  facet normal -0.0337537 0 0.99943
    outer loop
      vertex 93.0869 15.2 17.5929
      vertex 92.776 16 17.5824
      vertex 92.776 15.2 17.5824
    endloop
  endfacet
  facet normal 0.048015 0 0.998847
    outer loop
      vertex 92.3329 16 17.6037
      vertex 92.776 15.2 17.5824
      vertex 92.776 16 17.5824
    endloop
  endfacet
  facet normal 0.048015 0 0.998847
    outer loop
      vertex 92.776 15.2 17.5824
      vertex 92.3329 16 17.6037
      vertex 92.3329 15.2 17.6037
    endloop
  endfacet
  facet normal 0.998845 -0 0.0480457
    outer loop
      vertex 93.9984 15.2 21.7581
      vertex 94.006 16 21.6001
      vertex 93.9984 16 21.7581
    endloop
  endfacet
  facet normal 0.998845 0 0.0480457
    outer loop
      vertex 94.006 16 21.6001
      vertex 93.9984 15.2 21.7581
      vertex 94.006 15.2 21.6001
    endloop
  endfacet
  facet normal 0.995109 -0 0.0987817
    outer loop
      vertex 93.9835 15.2 21.9082
      vertex 93.9984 16 21.7581
      vertex 93.9835 16 21.9082
    endloop
  endfacet
  facet normal 0.995109 0 0.0987817
    outer loop
      vertex 93.9984 16 21.7581
      vertex 93.9835 15.2 21.9082
      vertex 93.9984 15.2 21.7581
    endloop
  endfacet
  facet normal 0.987926 -0 0.154928
    outer loop
      vertex 93.9612 15.2 22.0504
      vertex 93.9835 16 21.9082
      vertex 93.9612 16 22.0504
    endloop
  endfacet
  facet normal 0.987926 0 0.154928
    outer loop
      vertex 93.9835 16 21.9082
      vertex 93.9612 15.2 22.0504
      vertex 93.9835 15.2 21.9082
    endloop
  endfacet
  facet normal 0.976494 -0 0.215542
    outer loop
      vertex 93.9316 15.2 22.1845
      vertex 93.9612 16 22.0504
      vertex 93.9316 16 22.1845
    endloop
  endfacet
  facet normal 0.976494 0 0.215542
    outer loop
      vertex 93.9612 16 22.0504
      vertex 93.9316 15.2 22.1845
      vertex 93.9612 15.2 22.0504
    endloop
  endfacet
  facet normal 0.959547 -0 0.281548
    outer loop
      vertex 93.8946 15.2 22.3106
      vertex 93.9316 16 22.1845
      vertex 93.8946 16 22.3106
    endloop
  endfacet
  facet normal 0.959547 0 0.281548
    outer loop
      vertex 93.9316 16 22.1845
      vertex 93.8946 15.2 22.3106
      vertex 93.9316 15.2 22.1845
    endloop
  endfacet
  facet normal 0.936394 -0 0.35095
    outer loop
      vertex 93.8503 15.2 22.4288
      vertex 93.8946 16 22.3106
      vertex 93.8503 16 22.4288
    endloop
  endfacet
  facet normal 0.936394 0 0.35095
    outer loop
      vertex 93.8946 16 22.3106
      vertex 93.8503 15.2 22.4288
      vertex 93.8946 15.2 22.3106
    endloop
  endfacet
  facet normal 0.905489 -0 0.424371
    outer loop
      vertex 93.7987 15.2 22.5389
      vertex 93.8503 16 22.4288
      vertex 93.7987 16 22.5389
    endloop
  endfacet
  facet normal 0.905489 0 0.424371
    outer loop
      vertex 93.8503 16 22.4288
      vertex 93.7987 15.2 22.5389
      vertex 93.8503 15.2 22.4288
    endloop
  endfacet
  facet normal 0.866044 -0 0.499967
    outer loop
      vertex 93.7397 15.2 22.6411
      vertex 93.7987 16 22.5389
      vertex 93.7397 16 22.6411
    endloop
  endfacet
  facet normal 0.866044 0 0.499967
    outer loop
      vertex 93.7987 16 22.5389
      vertex 93.7397 15.2 22.6411
      vertex 93.7987 15.2 22.5389
    endloop
  endfacet
  facet normal 0.817761 -0 0.575558
    outer loop
      vertex 93.6734 15.2 22.7353
      vertex 93.7397 16 22.6411
      vertex 93.6734 16 22.7353
    endloop
  endfacet
  facet normal 0.817761 0 0.575558
    outer loop
      vertex 93.7397 16 22.6411
      vertex 93.6734 15.2 22.7353
      vertex 93.7397 15.2 22.6411
    endloop
  endfacet
  facet normal 0.758502 -0 0.651671
    outer loop
      vertex 93.6002 15.2 22.8205
      vertex 93.6734 16 22.7353
      vertex 93.6002 16 22.8205
    endloop
  endfacet
  facet normal 0.758502 0 0.651671
    outer loop
      vertex 93.6734 16 22.7353
      vertex 93.6002 15.2 22.8205
      vertex 93.6734 15.2 22.7353
    endloop
  endfacet
  facet normal 0.685365 0 0.7282
    outer loop
      vertex 93.5203 16 22.8957
      vertex 93.6002 15.2 22.8205
      vertex 93.6002 16 22.8205
    endloop
  endfacet
  facet normal 0.685365 0 0.7282
    outer loop
      vertex 93.6002 15.2 22.8205
      vertex 93.5203 16 22.8957
      vertex 93.5203 15.2 22.8957
    endloop
  endfacet
  facet normal 0.601329 0 0.799001
    outer loop
      vertex 93.4338 16 22.9608
      vertex 93.5203 15.2 22.8957
      vertex 93.5203 16 22.8957
    endloop
  endfacet
  facet normal 0.601329 0 0.799001
    outer loop
      vertex 93.5203 15.2 22.8957
      vertex 93.4338 16 22.9608
      vertex 93.4338 15.2 22.9608
    endloop
  endfacet
  facet normal 0.510005 0 0.860171
    outer loop
      vertex 93.3407 16 23.016
      vertex 93.4338 15.2 22.9608
      vertex 93.4338 16 22.9608
    endloop
  endfacet
  facet normal 0.510005 0 0.860171
    outer loop
      vertex 93.4338 15.2 22.9608
      vertex 93.3407 16 23.016
      vertex 93.3407 15.2 23.016
    endloop
  endfacet
  facet normal 0.41215 0 0.911116
    outer loop
      vertex 93.241 16 23.0611
      vertex 93.3407 15.2 23.016
      vertex 93.3407 16 23.016
    endloop
  endfacet
  facet normal 0.41215 0 0.911116
    outer loop
      vertex 93.3407 15.2 23.016
      vertex 93.241 16 23.0611
      vertex 93.241 15.2 23.0611
    endloop
  endfacet
  facet normal 0.312476 0 0.949926
    outer loop
      vertex 93.1346 16 23.0961
      vertex 93.241 15.2 23.0611
      vertex 93.241 16 23.0611
    endloop
  endfacet
  facet normal 0.312476 0 0.949926
    outer loop
      vertex 93.241 15.2 23.0611
      vertex 93.1346 16 23.0961
      vertex 93.1346 15.2 23.0961
    endloop
  endfacet
  facet normal 0.217022 0 0.976167
    outer loop
      vertex 93.0217 16 23.1212
      vertex 93.1346 15.2 23.0961
      vertex 93.1346 16 23.0961
    endloop
  endfacet
  facet normal 0.217022 0 0.976167
    outer loop
      vertex 93.1346 15.2 23.0961
      vertex 93.0217 16 23.1212
      vertex 93.0217 15.2 23.1212
    endloop
  endfacet
  facet normal 0.125363 0 0.992111
    outer loop
      vertex 92.9022 16 23.1363
      vertex 93.0217 15.2 23.1212
      vertex 93.0217 16 23.1212
    endloop
  endfacet
  facet normal 0.125363 0 0.992111
    outer loop
      vertex 93.0217 15.2 23.1212
      vertex 92.9022 16 23.1363
      vertex 92.9022 15.2 23.1363
    endloop
  endfacet
  facet normal 0.0395886 0 0.999216
    outer loop
      vertex 92.776 16 23.1413
      vertex 92.9022 15.2 23.1363
      vertex 92.9022 16 23.1363
    endloop
  endfacet
  facet normal 0.0395886 0 0.999216
    outer loop
      vertex 92.9022 15.2 23.1363
      vertex 92.776 16 23.1413
      vertex 92.776 15.2 23.1413
    endloop
  endfacet
  facet normal -0.0403711 0 0.999185
    outer loop
      vertex 92.6572 16 23.1365
      vertex 92.776 15.2 23.1413
      vertex 92.776 16 23.1413
    endloop
  endfacet
  facet normal -0.0403711 0 0.999185
    outer loop
      vertex 92.776 15.2 23.1413
      vertex 92.6572 16 23.1365
      vertex 92.6572 15.2 23.1365
    endloop
  endfacet
  facet normal -0.125111 0 0.992143
    outer loop
      vertex 92.5438 16 23.1222
      vertex 92.6572 15.2 23.1365
      vertex 92.6572 16 23.1365
    endloop
  endfacet
  facet normal -0.125111 0 0.992143
    outer loop
      vertex 92.6572 15.2 23.1365
      vertex 92.5438 16 23.1222
      vertex 92.5438 15.2 23.1222
    endloop
  endfacet
  facet normal -0.215587 0 0.976485
    outer loop
      vertex 92.436 16 23.0984
      vertex 92.5438 15.2 23.1222
      vertex 92.5438 16 23.1222
    endloop
  endfacet
  facet normal -0.215587 0 0.976485
    outer loop
      vertex 92.5438 15.2 23.1222
      vertex 92.436 16 23.0984
      vertex 92.436 15.2 23.0984
    endloop
  endfacet
  facet normal -0.308687 0 0.951164
    outer loop
      vertex 92.3337 16 23.0652
      vertex 92.436 15.2 23.0984
      vertex 92.436 16 23.0984
    endloop
  endfacet
  facet normal -0.308687 0 0.951164
    outer loop
      vertex 92.436 15.2 23.0984
      vertex 92.3337 16 23.0652
      vertex 92.3337 15.2 23.0652
    endloop
  endfacet
  facet normal -0.405174 0 0.914239
    outer loop
      vertex 92.2369 16 23.0223
      vertex 92.3337 15.2 23.0652
      vertex 92.3337 16 23.0652
    endloop
  endfacet
  facet normal -0.405174 0 0.914239
    outer loop
      vertex 92.3337 15.2 23.0652
      vertex 92.2369 16 23.0223
      vertex 92.2369 15.2 23.0223
    endloop
  endfacet
  facet normal -0.49747 0 0.867481
    outer loop
      vertex 92.1457 16 22.97
      vertex 92.2369 15.2 23.0223
      vertex 92.2369 16 23.0223
    endloop
  endfacet
  facet normal -0.49747 0 0.867481
    outer loop
      vertex 92.2369 15.2 23.0223
      vertex 92.1457 16 22.97
      vertex 92.1457 15.2 22.97
    endloop
  endfacet
  facet normal -0.584454 0 0.811427
    outer loop
      vertex 92.0599 16 22.9082
      vertex 92.1457 15.2 22.97
      vertex 92.1457 16 22.97
    endloop
  endfacet
  facet normal -0.584454 0 0.811427
    outer loop
      vertex 92.1457 15.2 22.97
      vertex 92.0599 16 22.9082
      vertex 92.0599 15.2 22.9082
    endloop
  endfacet
  facet normal -0.664942 0 0.746895
    outer loop
      vertex 91.9797 16 22.8368
      vertex 92.0599 15.2 22.9082
      vertex 92.0599 16 22.9082
    endloop
  endfacet
  facet normal -0.664942 0 0.746895
    outer loop
      vertex 92.0599 15.2 22.9082
      vertex 91.9797 16 22.8368
      vertex 91.9797 15.2 22.8368
    endloop
  endfacet
  facet normal -0.734699 0 0.678393
    outer loop
      vertex 91.905 15.2 22.7559
      vertex 91.9797 16 22.8368
      vertex 91.905 16 22.7559
    endloop
  endfacet
  facet normal -0.734699 0 0.678393
    outer loop
      vertex 91.9797 16 22.8368
      vertex 91.905 15.2 22.7559
      vertex 91.9797 15.2 22.8368
    endloop
  endfacet
  facet normal -0.796706 0 0.604367
    outer loop
      vertex 91.8365 15.2 22.6656
      vertex 91.905 16 22.7559
      vertex 91.8365 16 22.6656
    endloop
  endfacet
  facet normal -0.796706 0 0.604367
    outer loop
      vertex 91.905 16 22.7559
      vertex 91.8365 15.2 22.6656
      vertex 91.905 15.2 22.7559
    endloop
  endfacet
  facet normal -0.850809 0 0.525475
    outer loop
      vertex 91.7748 15.2 22.5657
      vertex 91.8365 16 22.6656
      vertex 91.7748 16 22.5657
    endloop
  endfacet
  facet normal -0.850809 0 0.525475
    outer loop
      vertex 91.8365 16 22.6656
      vertex 91.7748 15.2 22.5657
      vertex 91.8365 15.2 22.6656
    endloop
  endfacet
  facet normal -0.8941 0 0.447867
    outer loop
      vertex 91.72 15.2 22.4563
      vertex 91.7748 16 22.5657
      vertex 91.72 16 22.4563
    endloop
  endfacet
  facet normal -0.8941 0 0.447867
    outer loop
      vertex 91.7748 16 22.5657
      vertex 91.72 15.2 22.4563
      vertex 91.7748 15.2 22.5657
    endloop
  endfacet
  facet normal -0.927127 0 0.374746
    outer loop
      vertex 91.6719 15.2 22.3373
      vertex 91.72 16 22.4563
      vertex 91.6719 16 22.3373
    endloop
  endfacet
  facet normal -0.927127 0 0.374746
    outer loop
      vertex 91.72 16 22.4563
      vertex 91.6719 15.2 22.3373
      vertex 91.72 15.2 22.4563
    endloop
  endfacet
  facet normal -0.952183 0 0.305529
    outer loop
      vertex 91.6307 15.2 22.2089
      vertex 91.6719 16 22.3373
      vertex 91.6307 16 22.2089
    endloop
  endfacet
  facet normal -0.952183 0 0.305529
    outer loop
      vertex 91.6719 16 22.3373
      vertex 91.6307 15.2 22.2089
      vertex 91.6719 15.2 22.3373
    endloop
  endfacet
  facet normal -0.970432 0 0.241376
    outer loop
      vertex 91.5964 15.2 22.071
      vertex 91.6307 16 22.2089
      vertex 91.5964 16 22.071
    endloop
  endfacet
  facet normal -0.970432 0 0.241376
    outer loop
      vertex 91.6307 16 22.2089
      vertex 91.5964 15.2 22.071
      vertex 91.6307 15.2 22.2089
    endloop
  endfacet
  facet normal -0.98294 0 0.183926
    outer loop
      vertex 91.5688 15.2 21.9235
      vertex 91.5964 16 22.071
      vertex 91.5688 16 21.9235
    endloop
  endfacet
  facet normal -0.98294 0 0.183926
    outer loop
      vertex 91.5964 16 22.071
      vertex 91.5688 15.2 21.9235
      vertex 91.5964 15.2 22.071
    endloop
  endfacet
  facet normal -0.99142 0 0.130716
    outer loop
      vertex 91.5481 15.2 21.7665
      vertex 91.5688 16 21.9235
      vertex 91.5481 16 21.7665
    endloop
  endfacet
  facet normal -0.99142 0 0.130716
    outer loop
      vertex 91.5688 16 21.9235
      vertex 91.5481 15.2 21.7665
      vertex 91.5688 15.2 21.9235
    endloop
  endfacet
  facet normal -0.996529 0 0.0832437
    outer loop
      vertex 91.5342 15.2 21.6001
      vertex 91.5481 16 21.7665
      vertex 91.5342 16 21.6001
    endloop
  endfacet
  facet normal -0.996529 0 0.0832437
    outer loop
      vertex 91.5481 16 21.7665
      vertex 91.5342 15.2 21.6001
      vertex 91.5481 15.2 21.7665
    endloop
  endfacet
  facet normal 0 0 -1
    outer loop
      vertex 91.5342 15.2 21.6001
      vertex 94.006 16 21.6001
      vertex 94.006 15.2 21.6001
    endloop
  endfacet
  facet normal -0 0 -1
    outer loop
      vertex 94.006 16 21.6001
      vertex 91.5342 15.2 21.6001
      vertex 91.5342 16 21.6001
    endloop
  endfacet
  facet normal 0 0 -1
    outer loop
      vertex 83.0282 15.2 24.0648
      vertex 84.7584 16 24.0648
      vertex 84.7584 15.2 24.0648
    endloop
  endfacet
  facet normal -0 0 -1
    outer loop
      vertex 84.7584 16 24.0648
      vertex 83.0282 15.2 24.0648
      vertex 83.0282 16 24.0648
    endloop
  endfacet
  facet normal -0.950411 0 -0.310996
    outer loop
      vertex 85.0065 15.2 23.3066
      vertex 84.7584 16 24.0648
      vertex 85.0065 16 23.3066
    endloop
  endfacet
  facet normal -0.950411 -0 -0.310996
    outer loop
      vertex 84.7584 16 24.0648
      vertex 85.0065 15.2 23.3066
      vertex 84.7584 15.2 24.0648
    endloop
  endfacet
  facet normal -0.950595 0 -0.310433
    outer loop
      vertex 85.2301 15.2 22.6219
      vertex 85.0065 16 23.3066
      vertex 85.2301 16 22.6219
    endloop
  endfacet
  facet normal -0.950595 -0 -0.310433
    outer loop
      vertex 85.0065 16 23.3066
      vertex 85.2301 15.2 22.6219
      vertex 85.0065 15.2 23.3066
    endloop
  endfacet
  facet normal -0.950808 0 -0.309782
    outer loop
      vertex 85.4293 15.2 22.0105
      vertex 85.2301 16 22.6219
      vertex 85.4293 16 22.0105
    endloop
  endfacet
  facet normal -0.950808 -0 -0.309782
    outer loop
      vertex 85.2301 16 22.6219
      vertex 85.4293 15.2 22.0105
      vertex 85.2301 15.2 22.6219
    endloop
  endfacet
  facet normal -0.951077 0 -0.308954
    outer loop
      vertex 85.6041 15.2 21.4724
      vertex 85.4293 16 22.0105
      vertex 85.6041 16 21.4724
    endloop
  endfacet
  facet normal -0.951077 -0 -0.308954
    outer loop
      vertex 85.4293 16 22.0105
      vertex 85.6041 15.2 21.4724
      vertex 85.4293 15.2 22.0105
    endloop
  endfacet
  facet normal -0.951411 0 -0.307924
    outer loop
      vertex 85.7545 15.2 21.0077
      vertex 85.6041 16 21.4724
      vertex 85.7545 16 21.0077
    endloop
  endfacet
  facet normal -0.951411 -0 -0.307924
    outer loop
      vertex 85.6041 16 21.4724
      vertex 85.7545 15.2 21.0077
      vertex 85.6041 15.2 21.4724
    endloop
  endfacet
  facet normal -0.951892 0 -0.306434
    outer loop
      vertex 85.8805 15.2 20.6163
      vertex 85.7545 16 21.0077
      vertex 85.8805 16 20.6163
    endloop
  endfacet
  facet normal -0.951892 -0 -0.306434
    outer loop
      vertex 85.7545 16 21.0077
      vertex 85.8805 15.2 20.6163
      vertex 85.7545 15.2 21.0077
    endloop
  endfacet
  facet normal -0.952563 0 -0.304341
    outer loop
      vertex 85.9821 15.2 20.2983
      vertex 85.8805 16 20.6163
      vertex 85.9821 16 20.2983
    endloop
  endfacet
  facet normal -0.952563 -0 -0.304341
    outer loop
      vertex 85.8805 16 20.6163
      vertex 85.9821 15.2 20.2983
      vertex 85.8805 15.2 20.6163
    endloop
  endfacet
  facet normal -0.953742 0 -0.300627
    outer loop
      vertex 86.0592 15.2 20.0537
      vertex 85.9821 16 20.2983
      vertex 86.0592 16 20.0537
    endloop
  endfacet
  facet normal -0.953742 -0 -0.300627
    outer loop
      vertex 85.9821 16 20.2983
      vertex 86.0592 15.2 20.0537
      vertex 85.9821 15.2 20.2983
    endloop
  endfacet
  facet normal -0.955683 0 -0.294399
    outer loop
      vertex 86.112 15.2 19.8823
      vertex 86.0592 16 20.0537
      vertex 86.112 16 19.8823
    endloop
  endfacet
  facet normal -0.955683 -0 -0.294399
    outer loop
      vertex 86.0592 16 20.0537
      vertex 86.112 15.2 19.8823
      vertex 86.0592 15.2 20.0537
    endloop
  endfacet
  facet normal -0.957887 0 -0.287145
    outer loop
      vertex 86.151 15.2 19.7522
      vertex 86.112 16 19.8823
      vertex 86.151 16 19.7522
    endloop
  endfacet
  facet normal -0.957887 -0 -0.287145
    outer loop
      vertex 86.112 16 19.8823
      vertex 86.151 15.2 19.7522
      vertex 86.112 15.2 19.8823
    endloop
  endfacet
  facet normal -0.958542 0 -0.284951
    outer loop
      vertex 86.187 15.2 19.6311
      vertex 86.151 16 19.7522
      vertex 86.187 16 19.6311
    endloop
  endfacet
  facet normal -0.958542 -0 -0.284951
    outer loop
      vertex 86.151 16 19.7522
      vertex 86.187 15.2 19.6311
      vertex 86.151 15.2 19.7522
    endloop
  endfacet
  facet normal -0.959529 0 -0.28161
    outer loop
      vertex 86.2199 15.2 19.519
      vertex 86.187 16 19.6311
      vertex 86.2199 16 19.519
    endloop
  endfacet
  facet normal -0.959529 -0 -0.28161
    outer loop
      vertex 86.187 16 19.6311
      vertex 86.2199 15.2 19.519
      vertex 86.187 15.2 19.6311
    endloop
  endfacet
  facet normal -0.960747 0 -0.277425
    outer loop
      vertex 86.2497 15.2 19.4158
      vertex 86.2199 16 19.519
      vertex 86.2497 16 19.4158
    endloop
  endfacet
  facet normal -0.960747 -0 -0.277425
    outer loop
      vertex 86.2199 16 19.519
      vertex 86.2497 15.2 19.4158
      vertex 86.2199 15.2 19.519
    endloop
  endfacet
  facet normal -0.961755 0 -0.273911
    outer loop
      vertex 86.2765 15.2 19.3217
      vertex 86.2497 16 19.4158
      vertex 86.2765 16 19.3217
    endloop
  endfacet
  facet normal -0.961755 -0 -0.273911
    outer loop
      vertex 86.2497 16 19.4158
      vertex 86.2765 15.2 19.3217
      vertex 86.2497 15.2 19.4158
    endloop
  endfacet
  facet normal -0.963046 0 -0.269336
    outer loop
      vertex 86.3003 15.2 19.2366
      vertex 86.2765 16 19.3217
      vertex 86.3003 16 19.2366
    endloop
  endfacet
  facet normal -0.963046 -0 -0.269336
    outer loop
      vertex 86.2765 16 19.3217
      vertex 86.3003 15.2 19.2366
      vertex 86.2765 15.2 19.3217
    endloop
  endfacet
  facet normal -0.964939 0 -0.262474
    outer loop
      vertex 86.321 15.2 19.1605
      vertex 86.3003 16 19.2366
      vertex 86.321 16 19.1605
    endloop
  endfacet
  facet normal -0.964939 -0 -0.262474
    outer loop
      vertex 86.3003 16 19.2366
      vertex 86.321 15.2 19.1605
      vertex 86.3003 15.2 19.2366
    endloop
  endfacet
  facet normal -0.966925 0 -0.255061
    outer loop
      vertex 86.3387 15.2 19.0934
      vertex 86.321 16 19.1605
      vertex 86.3387 16 19.0934
    endloop
  endfacet
  facet normal -0.966925 -0 -0.255061
    outer loop
      vertex 86.321 16 19.1605
      vertex 86.3387 15.2 19.0934
      vertex 86.321 15.2 19.1605
    endloop
  endfacet
  facet normal -0.970241 0 -0.242143
    outer loop
      vertex 86.3532 15.2 19.0353
      vertex 86.3387 16 19.0934
      vertex 86.3532 16 19.0353
    endloop
  endfacet
  facet normal -0.970241 -0 -0.242143
    outer loop
      vertex 86.3387 16 19.0934
      vertex 86.3532 15.2 19.0353
      vertex 86.3387 15.2 19.0934
    endloop
  endfacet
  facet normal 0.962804 0 -0.2702
    outer loop
      vertex 86.4235 15.2 19.2858
      vertex 86.3532 16 19.0353
      vertex 86.4235 16 19.2858
    endloop
  endfacet
  facet normal 0.962804 0 -0.2702
    outer loop
      vertex 86.3532 16 19.0353
      vertex 86.4235 15.2 19.2858
      vertex 86.3532 15.2 19.0353
    endloop
  endfacet
  facet normal 0.962706 0 -0.270551
    outer loop
      vertex 86.4878 15.2 19.5146
      vertex 86.4235 16 19.2858
      vertex 86.4878 16 19.5146
    endloop
  endfacet
  facet normal 0.962706 0 -0.270551
    outer loop
      vertex 86.4235 16 19.2858
      vertex 86.4878 15.2 19.5146
      vertex 86.4235 15.2 19.2858
    endloop
  endfacet
  facet normal 0.962552 0 -0.271096
    outer loop
      vertex 86.5461 15.2 19.7216
      vertex 86.4878 16 19.5146
      vertex 86.5461 16 19.7216
    endloop
  endfacet
  facet normal 0.962552 0 -0.271096
    outer loop
      vertex 86.4878 16 19.5146
      vertex 86.5461 15.2 19.7216
      vertex 86.4878 15.2 19.5146
    endloop
  endfacet
  facet normal 0.962227 0 -0.27225
    outer loop
      vertex 86.5985 15.2 19.9068
      vertex 86.5461 16 19.7216
      vertex 86.5985 16 19.9068
    endloop
  endfacet
  facet normal 0.962227 0 -0.27225
    outer loop
      vertex 86.5461 16 19.7216
      vertex 86.5985 15.2 19.9068
      vertex 86.5461 15.2 19.7216
    endloop
  endfacet
  facet normal 0.961967 0 -0.273166
    outer loop
      vertex 86.6449 15.2 20.0702
      vertex 86.5985 16 19.9068
      vertex 86.6449 16 20.0702
    endloop
  endfacet
  facet normal 0.961967 0 -0.273166
    outer loop
      vertex 86.5985 16 19.9068
      vertex 86.6449 15.2 20.0702
      vertex 86.5985 15.2 19.9068
    endloop
  endfacet
  facet normal 0.961447 0 -0.27499
    outer loop
      vertex 86.6854 15.2 20.2118
      vertex 86.6449 16 20.0702
      vertex 86.6854 16 20.2118
    endloop
  endfacet
  facet normal 0.961447 0 -0.27499
    outer loop
      vertex 86.6449 16 20.0702
      vertex 86.6854 15.2 20.2118
      vertex 86.6449 15.2 20.0702
    endloop
  endfacet
  facet normal 0.960733 0 -0.277474
    outer loop
      vertex 86.72 15.2 20.3316
      vertex 86.6854 16 20.2118
      vertex 86.72 16 20.3316
    endloop
  endfacet
  facet normal 0.960733 0 -0.277474
    outer loop
      vertex 86.6854 16 20.2118
      vertex 86.72 15.2 20.3316
      vertex 86.6854 15.2 20.2118
    endloop
  endfacet
  facet normal 0.960295 0 -0.278985
    outer loop
      vertex 86.7485 15.2 20.4297
      vertex 86.72 16 20.3316
      vertex 86.7485 16 20.4297
    endloop
  endfacet
  facet normal 0.960295 0 -0.278985
    outer loop
      vertex 86.72 16 20.3316
      vertex 86.7485 15.2 20.4297
      vertex 86.72 15.2 20.3316
    endloop
  endfacet
  facet normal 0.958823 0 -0.284003
    outer loop
      vertex 86.7711 15.2 20.506
      vertex 86.7485 16 20.4297
      vertex 86.7711 16 20.506
    endloop
  endfacet
  facet normal 0.958823 0 -0.284003
    outer loop
      vertex 86.7485 16 20.4297
      vertex 86.7711 15.2 20.506
      vertex 86.7485 15.2 20.4297
    endloop
  endfacet
  facet normal 0.954474 0 -0.298293
    outer loop
      vertex 87.8833 15.2 24.0648
      vertex 86.7711 16 20.506
      vertex 87.8833 16 24.0648
    endloop
  endfacet
  facet normal 0.954474 0 -0.298293
    outer loop
      vertex 86.7711 16 20.506
      vertex 87.8833 15.2 24.0648
      vertex 86.7711 15.2 20.506
    endloop
  endfacet
  facet normal 0 0 -1
    outer loop
      vertex 87.8833 15.2 24.0648
      vertex 89.6311 16 24.0648
      vertex 89.6311 15.2 24.0648
    endloop
  endfacet
  facet normal -0 0 -1
    outer loop
      vertex 89.6311 16 24.0648
      vertex 87.8833 15.2 24.0648
      vertex 87.8833 16 24.0648
    endloop
  endfacet
  facet normal -0.941542 0 0.336895
    outer loop
      vertex 87.3537 15.2 17.7
      vertex 89.6311 16 24.0648
      vertex 87.3537 16 17.7
    endloop
  endfacet
  facet normal -0.941542 0 0.336895
    outer loop
      vertex 89.6311 16 24.0648
      vertex 87.3537 15.2 17.7
      vertex 89.6311 15.2 24.0648
    endloop
  endfacet
  facet normal -0 0 1
    outer loop
      vertex 85.3763 16 17.7
      vertex 87.3537 15.2 17.7
      vertex 87.3537 16 17.7
    endloop
  endfacet
  facet normal 0 0 1
    outer loop
      vertex 87.3537 15.2 17.7
      vertex 85.3763 16 17.7
      vertex 85.3763 15.2 17.7
    endloop
  endfacet
  facet normal 0.938191 -0 0.346117
    outer loop
      vertex 83.0282 15.2 24.0648
      vertex 85.3763 16 17.7
      vertex 83.0282 16 24.0648
    endloop
  endfacet
  facet normal 0.938191 0 0.346117
    outer loop
      vertex 85.3763 16 17.7
      vertex 83.0282 15.2 24.0648
      vertex 85.3763 15.2 17.7
    endloop
  endfacet
  facet normal 0 -1 0
    outer loop
      vertex 96.501 -15.2 17.7
      vertex 99.636 -15.2 20.1048
      vertex 99.636 -15.2 24.3
    endloop
  endfacet
  facet normal 0 -1 0
    outer loop
      vertex 99.636 -15.2 20.1048
      vertex 96.501 -15.2 17.7
      vertex 98.4937 -15.2 17.7
    endloop
  endfacet
  facet normal 0 -1 0
    outer loop
      vertex 102.771 -15.2 17.7
      vertex 99.636 -15.2 20.1048
      vertex 100.778 -15.2 17.7
    endloop
  endfacet
  facet normal 0 -1 0
    outer loop
      vertex 99.636 -15.2 20.1048
      vertex 102.771 -15.2 17.7
      vertex 99.636 -15.2 24.3
    endloop
  endfacet
  facet normal 0 -1 0
    outer loop
      vertex 79.4321 -15.2 24.1715
      vertex 79.4449 -15.2 23.0208
      vertex 79.713 -15.2 23.0471
    endloop
  endfacet
  facet normal 0 -1 0
    outer loop
      vertex 77.4942 -15.2 23.3029
      vertex 79.2085 -15.2 22.9417
      vertex 79.4449 -15.2 23.0208
    endloop
  endfacet
  facet normal 0 -1 0
    outer loop
      vertex 78.6882 -15.2 22.3881
      vertex 77.3275 -15.2 23.0989
      vertex 77.1804 -15.2 22.8777
    endloop
  endfacet
  facet normal 0 -1 0
    outer loop
      vertex 77.4942 -15.2 23.3029
      vertex 79.0035 -15.2 22.8099
      vertex 79.2085 -15.2 22.9417
    endloop
  endfacet
  facet normal 0 -1 0
    outer loop
      vertex 78.5778 -15.2 22.0981
      vertex 77.1804 -15.2 22.8777
      vertex 77.0529 -15.2 22.6392
    endloop
  endfacet
  facet normal 0 -1 0
    outer loop
      vertex 77.4942 -15.2 23.3029
      vertex 78.8301 -15.2 22.6254
      vertex 79.0035 -15.2 22.8099
    endloop
  endfacet
  facet normal 0 -1 0
    outer loop
      vertex 77.4942 -15.2 23.3029
      vertex 78.6882 -15.2 22.3881
      vertex 78.8301 -15.2 22.6254
    endloop
  endfacet
  facet normal 0 -1 0
    outer loop
      vertex 78.5778 -15.2 22.0981
      vertex 77.0529 -15.2 22.6392
      vertex 76.945 -15.2 22.3836
    endloop
  endfacet
  facet normal 0 -1 0
    outer loop
      vertex 78.499 -15.2 21.7554
      vertex 76.945 -15.2 22.3836
      vertex 76.8567 -15.2 22.1107
    endloop
  endfacet
  facet normal 0 -1 0
    outer loop
      vertex 77.1804 -15.2 22.8777
      vertex 78.5778 -15.2 22.0981
      vertex 78.6882 -15.2 22.3881
    endloop
  endfacet
  facet normal 0 -1 0
    outer loop
      vertex 78.499 -15.2 21.7554
      vertex 76.8567 -15.2 22.1107
      vertex 76.7881 -15.2 21.8206
    endloop
  endfacet
  facet normal 0 -1 0
    outer loop
      vertex 76.945 -15.2 22.3836
      vertex 78.499 -15.2 21.7554
      vertex 78.5778 -15.2 22.0981
    endloop
  endfacet
  facet normal 0 -1 0
    outer loop
      vertex 78.4517 -15.2 21.36
      vertex 76.7881 -15.2 21.8206
      vertex 76.739 -15.2 21.5133
    endloop
  endfacet
  facet normal 0 -1 0
    outer loop
      vertex 76.7881 -15.2 21.8206
      vertex 78.4517 -15.2 21.36
      vertex 78.499 -15.2 21.7554
    endloop
  endfacet
  facet normal 0 -1 0
    outer loop
      vertex 76.7096 -15.2 21.1888
      vertex 78.4517 -15.2 21.36
      vertex 76.739 -15.2 21.5133
    endloop
  endfacet
  facet normal 0 -1 0
    outer loop
      vertex 76.7096 -15.2 21.1888
      vertex 78.4359 -15.2 20.9118
      vertex 78.4517 -15.2 21.36
    endloop
  endfacet
  facet normal 0 -1 0
    outer loop
      vertex 76.6998 -15.2 20.8471
      vertex 78.4359 -15.2 20.9118
      vertex 76.7096 -15.2 21.1888
    endloop
  endfacet
  facet normal 0 -1 0
    outer loop
      vertex 76.7095 -15.2 20.513
      vertex 78.4359 -15.2 20.9118
      vertex 76.6998 -15.2 20.8471
    endloop
  endfacet
  facet normal 0 -1 0
    outer loop
      vertex 76.7095 -15.2 20.513
      vertex 78.452 -15.2 20.4501
      vertex 78.4359 -15.2 20.9118
    endloop
  endfacet
  facet normal 0 -1 0
    outer loop
      vertex 76.7388 -15.2 20.1957
      vertex 78.452 -15.2 20.4501
      vertex 76.7095 -15.2 20.513
    endloop
  endfacet
  facet normal 0 -1 0
    outer loop
      vertex 76.7874 -15.2 19.8951
      vertex 78.452 -15.2 20.4501
      vertex 76.7388 -15.2 20.1957
    endloop
  endfacet
  facet normal 0 -1 -0
    outer loop
      vertex 78.452 -15.2 20.4501
      vertex 76.7874 -15.2 19.8951
      vertex 78.5002 -15.2 20.0427
    endloop
  endfacet
  facet normal 0 -1 0
    outer loop
      vertex 76.8556 -15.2 19.6114
      vertex 78.5002 -15.2 20.0427
      vertex 76.7874 -15.2 19.8951
    endloop
  endfacet
  facet normal 0 -1 0
    outer loop
      vertex 76.9432 -15.2 19.3444
      vertex 78.5002 -15.2 20.0427
      vertex 76.8556 -15.2 19.6114
    endloop
  endfacet
  facet normal 0 -1 -0
    outer loop
      vertex 78.5002 -15.2 20.0427
      vertex 76.9432 -15.2 19.3444
      vertex 78.5804 -15.2 19.6896
    endloop
  endfacet
  facet normal 0 -1 0
    outer loop
      vertex 77.0503 -15.2 19.0941
      vertex 78.5804 -15.2 19.6896
      vertex 76.9432 -15.2 19.3444
    endloop
  endfacet
  facet normal 0 -1 0
    outer loop
      vertex 77.1769 -15.2 18.8607
      vertex 78.5804 -15.2 19.6896
      vertex 77.0503 -15.2 19.0941
    endloop
  endfacet
  facet normal 0 -1 -0
    outer loop
      vertex 78.5804 -15.2 19.6896
      vertex 77.1769 -15.2 18.8607
      vertex 78.6928 -15.2 19.3908
    endloop
  endfacet
  facet normal 0 -1 0
    outer loop
      vertex 77.3229 -15.2 18.644
      vertex 78.6928 -15.2 19.3908
      vertex 77.1769 -15.2 18.8607
    endloop
  endfacet
  facet normal 0 -1 0
    outer loop
      vertex 77.4884 -15.2 18.4441
      vertex 78.6928 -15.2 19.3908
      vertex 77.3229 -15.2 18.644
    endloop
  endfacet
  facet normal 0 -1 0
    outer loop
      vertex 77.6718 -15.2 18.2632
      vertex 78.6928 -15.2 19.3908
      vertex 77.4884 -15.2 18.4441
    endloop
  endfacet
  facet normal 0 -1 -0
    outer loop
      vertex 78.6928 -15.2 19.3908
      vertex 77.6718 -15.2 18.2632
      vertex 78.8373 -15.2 19.1464
    endloop
  endfacet
  facet normal 0 -1 0
    outer loop
      vertex 77.8715 -15.2 18.1037
      vertex 78.8373 -15.2 19.1464
      vertex 77.6718 -15.2 18.2632
    endloop
  endfacet
  facet normal 0 -1 0
    outer loop
      vertex 78.0874 -15.2 17.9654
      vertex 78.8373 -15.2 19.1464
      vertex 77.8715 -15.2 18.1037
    endloop
  endfacet
  facet normal 0 -1 -0
    outer loop
      vertex 78.8373 -15.2 19.1464
      vertex 78.0874 -15.2 17.9654
      vertex 79.0139 -15.2 18.9563
    endloop
  endfacet
  facet normal -0 -1 0
    outer loop
      vertex 79.8942 -15.2 17.5858
      vertex 79.7365 -15.2 18.7118
      vertex 79.7247 -15.2 17.5824
    endloop
  endfacet
  facet normal 0 -1 0
    outer loop
      vertex 78.3196 -15.2 17.8483
      vertex 79.0139 -15.2 18.9563
      vertex 78.0874 -15.2 17.9654
    endloop
  endfacet
  facet normal -0 -1 0
    outer loop
      vertex 80.0598 -15.2 17.5962
      vertex 79.7365 -15.2 18.7118
      vertex 79.8942 -15.2 17.5858
    endloop
  endfacet
  facet normal -0 -1 0
    outer loop
      vertex 80.2217 -15.2 17.6134
      vertex 79.7365 -15.2 18.7118
      vertex 80.0598 -15.2 17.5962
    endloop
  endfacet
  facet normal 0 -1 0
    outer loop
      vertex 78.5681 -15.2 17.7526
      vertex 79.0139 -15.2 18.9563
      vertex 78.3196 -15.2 17.8483
    endloop
  endfacet
  facet normal -0 -1 0
    outer loop
      vertex 80.3798 -15.2 17.6376
      vertex 79.7365 -15.2 18.7118
      vertex 80.2217 -15.2 17.6134
    endloop
  endfacet
  facet normal -0 -1 0
    outer loop
      vertex 80.5341 -15.2 17.6686
      vertex 79.7365 -15.2 18.7118
      vertex 80.3798 -15.2 17.6376
    endloop
  endfacet
  facet normal 0 -1 -0
    outer loop
      vertex 79.0139 -15.2 18.9563
      vertex 78.5681 -15.2 17.7526
      vertex 79.2227 -15.2 18.8204
    endloop
  endfacet
  facet normal -0 -1 0
    outer loop
      vertex 80.6846 -15.2 17.7066
      vertex 79.7365 -15.2 18.7118
      vertex 80.5341 -15.2 17.6686
    endloop
  endfacet
  facet normal -0 -1 0
    outer loop
      vertex 80.9743 -15.2 17.8031
      vertex 79.7365 -15.2 18.7118
      vertex 80.8314 -15.2 17.7514
    endloop
  endfacet
  facet normal 0 -1 0
    outer loop
      vertex 78.8328 -15.2 17.6781
      vertex 79.2227 -15.2 18.8204
      vertex 78.5681 -15.2 17.7526
    endloop
  endfacet
  facet normal 0 -1 0
    outer loop
      vertex 79.7365 -15.2 18.7118
      vertex 81.3764 -15.2 17.9974
      vertex 81.4991 -15.2 18.0739
    endloop
  endfacet
  facet normal -0 -1 0
    outer loop
      vertex 81.3764 -15.2 17.9974
      vertex 79.7365 -15.2 18.7118
      vertex 81.248 -15.2 17.9267
    endloop
  endfacet
  facet normal 0 -1 0
    outer loop
      vertex 79.1139 -15.2 17.6249
      vertex 79.2227 -15.2 18.8204
      vertex 78.8328 -15.2 17.6781
    endloop
  endfacet
  facet normal -0 -1 0
    outer loop
      vertex 81.248 -15.2 17.9267
      vertex 79.7365 -15.2 18.7118
      vertex 81.1136 -15.2 17.8618
    endloop
  endfacet
  facet normal 0 -1 -0
    outer loop
      vertex 79.2227 -15.2 18.8204
      vertex 79.1139 -15.2 17.6249
      vertex 79.4635 -15.2 18.739
    endloop
  endfacet
  facet normal -0 -1 0
    outer loop
      vertex 81.1136 -15.2 17.8618
      vertex 79.7365 -15.2 18.7118
      vertex 80.9743 -15.2 17.8031
    endloop
  endfacet
  facet normal 0 -1 0
    outer loop
      vertex 79.7365 -15.2 18.7118
      vertex 81.4991 -15.2 18.0739
      vertex 81.6158 -15.2 18.156
    endloop
  endfacet
  facet normal 0 -1 0
    outer loop
      vertex 79.4112 -15.2 17.593
      vertex 79.4635 -15.2 18.739
      vertex 79.1139 -15.2 17.6249
    endloop
  endfacet
  facet normal 0 -1 0
    outer loop
      vertex 79.7365 -15.2 18.7118
      vertex 81.6158 -15.2 18.156
      vertex 81.7266 -15.2 18.2439
    endloop
  endfacet
  facet normal 0 -1 0
    outer loop
      vertex 79.7365 -15.2 18.7118
      vertex 81.7266 -15.2 18.2439
      vertex 81.8316 -15.2 18.3376
    endloop
  endfacet
  facet normal 0 -1 -0
    outer loop
      vertex 79.4635 -15.2 18.739
      vertex 79.4112 -15.2 17.593
      vertex 79.7365 -15.2 18.7118
    endloop
  endfacet
  facet normal 0 -1 0
    outer loop
      vertex 79.7365 -15.2 18.7118
      vertex 81.8316 -15.2 18.3376
      vertex 81.9307 -15.2 18.4369
    endloop
  endfacet
  facet normal 0 -1 0
    outer loop
      vertex 79.7365 -15.2 18.7118
      vertex 81.9307 -15.2 18.4369
      vertex 82.0238 -15.2 18.5421
    endloop
  endfacet
  facet normal 0 -1 0
    outer loop
      vertex 79.7365 -15.2 18.7118
      vertex 79.4112 -15.2 17.593
      vertex 79.7247 -15.2 17.5824
    endloop
  endfacet
  facet normal 0 -1 0
    outer loop
      vertex 79.7365 -15.2 18.7118
      vertex 82.0238 -15.2 18.5421
      vertex 82.1111 -15.2 18.6529
    endloop
  endfacet
  facet normal -0 -1 0
    outer loop
      vertex 80.8314 -15.2 17.7514
      vertex 79.7365 -15.2 18.7118
      vertex 80.6846 -15.2 17.7066
    endloop
  endfacet
  facet normal 0 -1 0
    outer loop
      vertex 79.713 -15.2 23.0471
      vertex 79.7483 -15.2 24.1824
      vertex 79.4321 -15.2 24.1715
    endloop
  endfacet
  facet normal 0 -1 0
    outer loop
      vertex 79.8251 -15.2 23.0435
      vertex 79.7483 -15.2 24.1824
      vertex 79.713 -15.2 23.0471
    endloop
  endfacet
  facet normal 0 -1 0
    outer loop
      vertex 79.4449 -15.2 23.0208
      vertex 79.4321 -15.2 24.1715
      vertex 79.1324 -15.2 24.1389
    endloop
  endfacet
  facet normal 0 -1 0
    outer loop
      vertex 79.7483 -15.2 24.1824
      vertex 79.8251 -15.2 23.0435
      vertex 79.9933 -15.2 24.1754
    endloop
  endfacet
  facet normal 0 -1 0
    outer loop
      vertex 79.4449 -15.2 23.0208
      vertex 79.1324 -15.2 24.1389
      vertex 78.8491 -15.2 24.0847
    endloop
  endfacet
  facet normal 0 -1 0
    outer loop
      vertex 79.9315 -15.2 23.0328
      vertex 79.9933 -15.2 24.1754
      vertex 79.8251 -15.2 23.0435
    endloop
  endfacet
  facet normal 0 -1 0
    outer loop
      vertex 79.4449 -15.2 23.0208
      vertex 78.8491 -15.2 24.0847
      vertex 78.5823 -15.2 24.0087
    endloop
  endfacet
  facet normal 0 -1 -0
    outer loop
      vertex 79.9933 -15.2 24.1754
      vertex 79.9315 -15.2 23.0328
      vertex 80.2287 -15.2 24.1545
    endloop
  endfacet
  facet normal 0 -1 0
    outer loop
      vertex 80.0321 -15.2 23.0148
      vertex 80.2287 -15.2 24.1545
      vertex 79.9315 -15.2 23.0328
    endloop
  endfacet
  facet normal 0 -1 0
    outer loop
      vertex 79.4449 -15.2 23.0208
      vertex 78.5823 -15.2 24.0087
      vertex 78.3318 -15.2 23.9109
    endloop
  endfacet
  facet normal 0 -1 0
    outer loop
      vertex 80.1268 -15.2 22.9896
      vertex 80.2287 -15.2 24.1545
      vertex 80.0321 -15.2 23.0148
    endloop
  endfacet
  facet normal 0 -1 0
    outer loop
      vertex 79.4449 -15.2 23.0208
      vertex 78.3318 -15.2 23.9109
      vertex 78.0978 -15.2 23.7915
    endloop
  endfacet
  facet normal 0 -1 -0
    outer loop
      vertex 80.2287 -15.2 24.1545
      vertex 80.1268 -15.2 22.9896
      vertex 80.4545 -15.2 24.1196
    endloop
  endfacet
  facet normal 0 -1 0
    outer loop
      vertex 79.4449 -15.2 23.0208
      vertex 78.0978 -15.2 23.7915
      vertex 77.8802 -15.2 23.6504
    endloop
  endfacet
  facet normal 0 -1 0
    outer loop
      vertex 80.2158 -15.2 22.9573
      vertex 80.4545 -15.2 24.1196
      vertex 80.1268 -15.2 22.9896
    endloop
  endfacet
  facet normal 0 -1 0
    outer loop
      vertex 79.4449 -15.2 23.0208
      vertex 77.8802 -15.2 23.6504
      vertex 77.679 -15.2 23.4875
    endloop
  endfacet
  facet normal 0 -1 -0
    outer loop
      vertex 80.4545 -15.2 24.1196
      vertex 80.2158 -15.2 22.9573
      vertex 80.6707 -15.2 24.0708
    endloop
  endfacet
  facet normal 0 -1 0
    outer loop
      vertex 80.2989 -15.2 22.9177
      vertex 80.6707 -15.2 24.0708
      vertex 80.2158 -15.2 22.9573
    endloop
  endfacet
  facet normal 0 -1 0
    outer loop
      vertex 79.4449 -15.2 23.0208
      vertex 77.679 -15.2 23.4875
      vertex 77.4942 -15.2 23.3029
    endloop
  endfacet
  facet normal 0 -1 -0
    outer loop
      vertex 80.6707 -15.2 24.0708
      vertex 80.2989 -15.2 22.9177
      vertex 80.8773 -15.2 24.0081
    endloop
  endfacet
  facet normal 0 -1 0
    outer loop
      vertex 78.6882 -15.2 22.3881
      vertex 77.4942 -15.2 23.3029
      vertex 77.3275 -15.2 23.0989
    endloop
  endfacet
  facet normal 0 -1 0
    outer loop
      vertex 80.3762 -15.2 22.871
      vertex 80.8773 -15.2 24.0081
      vertex 80.2989 -15.2 22.9177
    endloop
  endfacet
  facet normal 0 -1 -0
    outer loop
      vertex 80.8773 -15.2 24.0081
      vertex 80.3762 -15.2 22.871
      vertex 81.0743 -15.2 23.9314
    endloop
  endfacet
  facet normal 0 -1 0
    outer loop
      vertex 80.4477 -15.2 22.817
      vertex 81.0743 -15.2 23.9314
      vertex 80.3762 -15.2 22.871
    endloop
  endfacet
  facet normal 0 -1 -0
    outer loop
      vertex 81.0743 -15.2 23.9314
      vertex 80.4477 -15.2 22.817
      vertex 81.2618 -15.2 23.8408
    endloop
  endfacet
  facet normal 0 -1 0
    outer loop
      vertex 80.5134 -15.2 22.7559
      vertex 81.2618 -15.2 23.8408
      vertex 80.4477 -15.2 22.817
    endloop
  endfacet
  facet normal 0 -1 -0
    outer loop
      vertex 81.2618 -15.2 23.8408
      vertex 80.5134 -15.2 22.7559
      vertex 81.4396 -15.2 23.7362
    endloop
  endfacet
  facet normal 0 -1 0
    outer loop
      vertex 80.5735 -15.2 22.6888
      vertex 81.4396 -15.2 23.7362
      vertex 80.5134 -15.2 22.7559
    endloop
  endfacet
  facet normal 0 -1 -0
    outer loop
      vertex 81.4396 -15.2 23.7362
      vertex 80.5735 -15.2 22.6888
      vertex 81.6079 -15.2 23.6177
    endloop
  endfacet
  facet normal 0 -1 0
    outer loop
      vertex 80.6284 -15.2 22.6168
      vertex 81.6079 -15.2 23.6177
      vertex 80.5735 -15.2 22.6888
    endloop
  endfacet
  facet normal 0 -1 -0
    outer loop
      vertex 81.6079 -15.2 23.6177
      vertex 80.6284 -15.2 22.6168
      vertex 81.7646 -15.2 23.4869
    endloop
  endfacet
  facet normal 0 -1 0
    outer loop
      vertex 80.6781 -15.2 22.5399
      vertex 81.7646 -15.2 23.4869
      vertex 80.6284 -15.2 22.6168
    endloop
  endfacet
  facet normal 0 -1 -0
    outer loop
      vertex 81.7646 -15.2 23.4869
      vertex 80.6781 -15.2 22.5399
      vertex 81.9078 -15.2 23.3455
    endloop
  endfacet
  facet normal 0 -1 0
    outer loop
      vertex 80.7226 -15.2 22.4582
      vertex 81.9078 -15.2 23.3455
      vertex 80.6781 -15.2 22.5399
    endloop
  endfacet
  facet normal 0 -1 -0
    outer loop
      vertex 81.9078 -15.2 23.3455
      vertex 80.7226 -15.2 22.4582
      vertex 82.0375 -15.2 23.1935
    endloop
  endfacet
  facet normal 0 -1 0
    outer loop
      vertex 80.7618 -15.2 22.3716
      vertex 82.0375 -15.2 23.1935
      vertex 80.7226 -15.2 22.4582
    endloop
  endfacet
  facet normal 0 -1 -0
    outer loop
      vertex 82.0375 -15.2 23.1935
      vertex 80.7618 -15.2 22.3716
      vertex 82.1537 -15.2 23.0309
    endloop
  endfacet
  facet normal 0 -1 0
    outer loop
      vertex 80.7958 -15.2 22.2801
      vertex 82.1537 -15.2 23.0309
      vertex 80.7618 -15.2 22.3716
    endloop
  endfacet
  facet normal 0 -1 -0
    outer loop
      vertex 82.1537 -15.2 23.0309
      vertex 80.7958 -15.2 22.2801
      vertex 82.2564 -15.2 22.8577
    endloop
  endfacet
  facet normal 0 -1 0
    outer loop
      vertex 80.8246 -15.2 22.1838
      vertex 82.2564 -15.2 22.8577
      vertex 80.7958 -15.2 22.2801
    endloop
  endfacet
  facet normal 0 -1 -0
    outer loop
      vertex 82.2564 -15.2 22.8577
      vertex 80.8246 -15.2 22.1838
      vertex 82.3455 -15.2 22.6739
    endloop
  endfacet
  facet normal 0 -1 0
    outer loop
      vertex 80.8481 -15.2 22.0826
      vertex 82.3455 -15.2 22.6739
      vertex 80.8246 -15.2 22.1838
    endloop
  endfacet
  facet normal 0 -1 -0
    outer loop
      vertex 82.3455 -15.2 22.6739
      vertex 80.8481 -15.2 22.0826
      vertex 82.4211 -15.2 22.4795
    endloop
  endfacet
  facet normal 0 -1 0
    outer loop
      vertex 80.8664 -15.2 21.9765
      vertex 82.4211 -15.2 22.4795
      vertex 80.8481 -15.2 22.0826
    endloop
  endfacet
  facet normal 0 -1 -0
    outer loop
      vertex 82.4211 -15.2 22.4795
      vertex 80.8664 -15.2 21.9765
      vertex 82.4833 -15.2 22.2745
    endloop
  endfacet
  facet normal 0 -1 -0
    outer loop
      vertex 82.4833 -15.2 22.2745
      vertex 80.8664 -15.2 21.9765
      vertex 82.5319 -15.2 22.0589
    endloop
  endfacet
  facet normal 0 -1 0
    outer loop
      vertex 82.5254 -15.2 19.5345
      vertex 80.9194 -15.2 19.8941
      vertex 80.8994 -15.2 19.767
    endloop
  endfacet
  facet normal 0 -1 0
    outer loop
      vertex 80.9194 -15.2 19.8941
      vertex 82.5558 -15.2 19.6743
      vertex 82.579 -15.2 19.8177
    endloop
  endfacet
  facet normal 0 -1 0
    outer loop
      vertex 82.443 -15.2 19.2652
      vertex 80.8994 -15.2 19.767
      vertex 80.8735 -15.2 19.6471
    endloop
  endfacet
  facet normal 0 -1 0
    outer loop
      vertex 80.9194 -15.2 19.8941
      vertex 82.5254 -15.2 19.5345
      vertex 82.5558 -15.2 19.6743
    endloop
  endfacet
  facet normal 0 -1 0
    outer loop
      vertex 82.3318 -15.2 19.0098
      vertex 80.8735 -15.2 19.6471
      vertex 80.8416 -15.2 19.5343
    endloop
  endfacet
  facet normal 0 -1 0
    outer loop
      vertex 82.1919 -15.2 18.7684
      vertex 80.8416 -15.2 19.5343
      vertex 80.8037 -15.2 19.4288
    endloop
  endfacet
  facet normal 0 -1 0
    outer loop
      vertex 80.8994 -15.2 19.767
      vertex 82.4878 -15.2 19.3981
      vertex 82.5254 -15.2 19.5345
    endloop
  endfacet
  facet normal 0 -1 0
    outer loop
      vertex 82.1111 -15.2 18.6529
      vertex 80.8037 -15.2 19.4288
      vertex 80.7599 -15.2 19.3304
    endloop
  endfacet
  facet normal 0 -1 0
    outer loop
      vertex 80.8994 -15.2 19.767
      vertex 82.443 -15.2 19.2652
      vertex 82.4878 -15.2 19.3981
    endloop
  endfacet
  facet normal 0 -1 0
    outer loop
      vertex 82.1111 -15.2 18.6529
      vertex 80.7599 -15.2 19.3304
      vertex 80.7101 -15.2 19.2392
    endloop
  endfacet
  facet normal 0 -1 0
    outer loop
      vertex 82.1111 -15.2 18.6529
      vertex 80.7101 -15.2 19.2392
      vertex 80.6544 -15.2 19.1552
    endloop
  endfacet
  facet normal 0 -1 0
    outer loop
      vertex 80.8735 -15.2 19.6471
      vertex 82.391 -15.2 19.1357
      vertex 82.443 -15.2 19.2652
    endloop
  endfacet
  facet normal 0 -1 0
    outer loop
      vertex 82.1111 -15.2 18.6529
      vertex 80.6544 -15.2 19.1552
      vertex 80.5927 -15.2 19.0784
    endloop
  endfacet
  facet normal 0 -1 0
    outer loop
      vertex 80.8735 -15.2 19.6471
      vertex 82.3318 -15.2 19.0098
      vertex 82.391 -15.2 19.1357
    endloop
  endfacet
  facet normal 0 -1 0
    outer loop
      vertex 82.1111 -15.2 18.6529
      vertex 80.5927 -15.2 19.0784
      vertex 80.5251 -15.2 19.0088
    endloop
  endfacet
  facet normal 0 -1 0
    outer loop
      vertex 82.1111 -15.2 18.6529
      vertex 80.5251 -15.2 19.0088
      vertex 80.4526 -15.2 18.9465
    endloop
  endfacet
  facet normal 0 -1 0
    outer loop
      vertex 82.1111 -15.2 18.6529
      vertex 80.4526 -15.2 18.9465
      vertex 80.3763 -15.2 18.8915
    endloop
  endfacet
  facet normal 0 -1 0
    outer loop
      vertex 80.8416 -15.2 19.5343
      vertex 82.2655 -15.2 18.8873
      vertex 82.3318 -15.2 19.0098
    endloop
  endfacet
  facet normal 0 -1 0
    outer loop
      vertex 82.1111 -15.2 18.6529
      vertex 80.3763 -15.2 18.8915
      vertex 80.2962 -15.2 18.8438
    endloop
  endfacet
  facet normal 0 -1 0
    outer loop
      vertex 82.1111 -15.2 18.6529
      vertex 80.2962 -15.2 18.8438
      vertex 80.2124 -15.2 18.8035
    endloop
  endfacet
  facet normal 0 -1 0
    outer loop
      vertex 82.1111 -15.2 18.6529
      vertex 80.2124 -15.2 18.8035
      vertex 80.1247 -15.2 18.7705
    endloop
  endfacet
  facet normal 0 -1 0
    outer loop
      vertex 80.8416 -15.2 19.5343
      vertex 82.1919 -15.2 18.7684
      vertex 82.2655 -15.2 18.8873
    endloop
  endfacet
  facet normal 0 -1 0
    outer loop
      vertex 82.1111 -15.2 18.6529
      vertex 80.1247 -15.2 18.7705
      vertex 80.0333 -15.2 18.7448
    endloop
  endfacet
  facet normal 0 -1 0
    outer loop
      vertex 82.1111 -15.2 18.6529
      vertex 80.0333 -15.2 18.7448
      vertex 79.9382 -15.2 18.7265
    endloop
  endfacet
  facet normal 0 -1 0
    outer loop
      vertex 82.1111 -15.2 18.6529
      vertex 79.9382 -15.2 18.7265
      vertex 79.8392 -15.2 18.7155
    endloop
  endfacet
  facet normal 0 -1 0
    outer loop
      vertex 82.1111 -15.2 18.6529
      vertex 79.8392 -15.2 18.7155
      vertex 79.7365 -15.2 18.7118
    endloop
  endfacet
  facet normal 0 -1 0
    outer loop
      vertex 80.8037 -15.2 19.4288
      vertex 82.1111 -15.2 18.6529
      vertex 82.1919 -15.2 18.7684
    endloop
  endfacet
  facet normal 0 -1 0
    outer loop
      vertex 87.4658 -15.2 21.6001
      vertex 89.0665 -15.2 20.5648
      vertex 89.0665 -15.2 20.6118
    endloop
  endfacet
  facet normal 0 -1 0
    outer loop
      vertex 88.6027 -15.2 18.6286
      vertex 87.4128 -15.2 19.4471
      vertex 87.3538 -15.2 19.2878
    endloop
  endfacet
  facet normal 0 -1 0
    outer loop
      vertex 88.3662 -15.2 18.351
      vertex 87.3538 -15.2 19.2878
      vertex 87.2788 -15.2 19.1473
    endloop
  endfacet
  facet normal 0 -1 0
    outer loop
      vertex 88.0952 -15.2 18.1161
      vertex 87.2788 -15.2 19.1473
      vertex 87.1879 -15.2 19.0255
    endloop
  endfacet
  facet normal 0 -1 0
    outer loop
      vertex 87.4128 -15.2 19.4471
      vertex 88.8047 -15.2 18.9489
      vertex 88.9724 -15.2 19.3118
    endloop
  endfacet
  facet normal 0 -1 0
    outer loop
      vertex 87.7899 -15.2 17.924
      vertex 87.1879 -15.2 19.0255
      vertex 87.0809 -15.2 18.9225
    endloop
  endfacet
  facet normal 0 -1 0
    outer loop
      vertex 87.45 -15.2 17.7745
      vertex 87.0809 -15.2 18.9225
      vertex 86.958 -15.2 18.8382
    endloop
  endfacet
  facet normal 0 -1 0
    outer loop
      vertex 87.45 -15.2 17.7745
      vertex 86.958 -15.2 18.8382
      vertex 86.8191 -15.2 18.7726
    endloop
  endfacet
  facet normal 0 -1 0
    outer loop
      vertex 87.0758 -15.2 17.6678
      vertex 86.8191 -15.2 18.7726
      vertex 86.6642 -15.2 18.7258
    endloop
  endfacet
  facet normal 0 -1 0
    outer loop
      vertex 86.6671 -15.2 17.6037
      vertex 86.6642 -15.2 18.7258
      vertex 86.4933 -15.2 18.6976
    endloop
  endfacet
  facet normal 0 -1 0
    outer loop
      vertex 87.4128 -15.2 19.4471
      vertex 88.6027 -15.2 18.6286
      vertex 88.8047 -15.2 18.9489
    endloop
  endfacet
  facet normal 0 -1 0
    outer loop
      vertex 86.6671 -15.2 17.6037
      vertex 86.4933 -15.2 18.6976
      vertex 86.3064 -15.2 18.6883
    endloop
  endfacet
  facet normal 0 -1 -0
    outer loop
      vertex 85.5884 -15.2 18.8987
      vertex 85.0789 -15.2 17.7503
      vertex 85.6901 -15.2 18.8344
    endloop
  endfacet
  facet normal 0 -1 0
    outer loop
      vertex 85.3406 -15.2 17.6768
      vertex 85.6901 -15.2 18.8344
      vertex 85.0789 -15.2 17.7503
    endloop
  endfacet
  facet normal -0 -1 0
    outer loop
      vertex 86.6671 -15.2 17.6037
      vertex 86.3064 -15.2 18.6883
      vertex 86.224 -15.2 17.5824
    endloop
  endfacet
  facet normal 0 -1 -0
    outer loop
      vertex 85.6901 -15.2 18.8344
      vertex 85.3406 -15.2 17.6768
      vertex 85.799 -15.2 18.7818
    endloop
  endfacet
  facet normal 0 -1 0
    outer loop
      vertex 86.6642 -15.2 18.7258
      vertex 86.6671 -15.2 17.6037
      vertex 87.0758 -15.2 17.6678
    endloop
  endfacet
  facet normal 0 -1 0
    outer loop
      vertex 85.6186 -15.2 17.6244
      vertex 85.799 -15.2 18.7818
      vertex 85.3406 -15.2 17.6768
    endloop
  endfacet
  facet normal 0 -1 -0
    outer loop
      vertex 85.799 -15.2 18.7818
      vertex 85.6186 -15.2 17.6244
      vertex 85.9151 -15.2 18.7409
    endloop
  endfacet
  facet normal 0 -1 0
    outer loop
      vertex 86.8191 -15.2 18.7726
      vertex 87.0758 -15.2 17.6678
      vertex 87.45 -15.2 17.7745
    endloop
  endfacet
  facet normal 0 -1 0
    outer loop
      vertex 85.9131 -15.2 17.5929
      vertex 85.9151 -15.2 18.7409
      vertex 85.6186 -15.2 17.6244
    endloop
  endfacet
  facet normal 0 -1 0
    outer loop
      vertex 87.0809 -15.2 18.9225
      vertex 87.45 -15.2 17.7745
      vertex 87.7899 -15.2 17.924
    endloop
  endfacet
  facet normal 0 -1 -0
    outer loop
      vertex 85.9151 -15.2 18.7409
      vertex 85.9131 -15.2 17.5929
      vertex 86.0383 -15.2 18.7117
    endloop
  endfacet
  facet normal 0 -1 -0
    outer loop
      vertex 86.0383 -15.2 18.7117
      vertex 85.9131 -15.2 17.5929
      vertex 86.1688 -15.2 18.6941
    endloop
  endfacet
  facet normal 0 -1 0
    outer loop
      vertex 86.224 -15.2 17.5824
      vertex 86.1688 -15.2 18.6941
      vertex 85.9131 -15.2 17.5929
    endloop
  endfacet
  facet normal 0 -1 0
    outer loop
      vertex 86.1688 -15.2 18.6941
      vertex 86.224 -15.2 17.5824
      vertex 86.3064 -15.2 18.6883
    endloop
  endfacet
  facet normal 0 -1 0
    outer loop
      vertex 87.1879 -15.2 19.0255
      vertex 87.7899 -15.2 17.924
      vertex 88.0952 -15.2 18.1161
    endloop
  endfacet
  facet normal 0 -1 0
    outer loop
      vertex 87.3538 -15.2 19.2878
      vertex 88.3662 -15.2 18.351
      vertex 88.6027 -15.2 18.6286
    endloop
  endfacet
  facet normal 0 -1 0
    outer loop
      vertex 87.2788 -15.2 19.1473
      vertex 88.0952 -15.2 18.1161
      vertex 88.3662 -15.2 18.351
    endloop
  endfacet
  facet normal 0 -1 0
    outer loop
      vertex 86.0978 -15.2 23.1363
      vertex 86.2475 -15.2 24.1824
      vertex 85.9365 -15.2 24.1719
    endloop
  endfacet
  facet normal 0 -1 0
    outer loop
      vertex 85.9783 -15.2 23.1212
      vertex 85.9365 -15.2 24.1719
      vertex 85.6416 -15.2 24.1405
    endloop
  endfacet
  facet normal 0 -1 0
    outer loop
      vertex 86.2475 -15.2 24.1824
      vertex 86.0978 -15.2 23.1363
      vertex 86.224 -15.2 23.1413
    endloop
  endfacet
  facet normal 0 -1 0
    outer loop
      vertex 85.759 -15.2 23.0611
      vertex 85.6416 -15.2 24.1405
      vertex 85.3628 -15.2 24.0883
    endloop
  endfacet
  facet normal 0 -1 0
    outer loop
      vertex 86.3428 -15.2 23.1365
      vertex 86.2475 -15.2 24.1824
      vertex 86.224 -15.2 23.1413
    endloop
  endfacet
  facet normal 0 -1 0
    outer loop
      vertex 85.6593 -15.2 23.016
      vertex 85.3628 -15.2 24.0883
      vertex 85.1001 -15.2 24.0151
    endloop
  endfacet
  facet normal 0 -1 0
    outer loop
      vertex 86.2475 -15.2 24.1824
      vertex 86.3428 -15.2 23.1365
      vertex 86.5442 -15.2 24.1712
    endloop
  endfacet
  facet normal 0 -1 0
    outer loop
      vertex 85.5662 -15.2 22.9608
      vertex 85.1001 -15.2 24.0151
      vertex 84.8536 -15.2 23.9209
    endloop
  endfacet
  facet normal 0 -1 0
    outer loop
      vertex 86.4562 -15.2 23.1222
      vertex 86.5442 -15.2 24.1712
      vertex 86.3428 -15.2 23.1365
    endloop
  endfacet
  facet normal 0 -1 0
    outer loop
      vertex 85.4797 -15.2 22.8957
      vertex 84.8536 -15.2 23.9209
      vertex 84.6233 -15.2 23.8059
    endloop
  endfacet
  facet normal 0 -1 -0
    outer loop
      vertex 86.5442 -15.2 24.1712
      vertex 86.4562 -15.2 23.1222
      vertex 86.825 -15.2 24.1375
    endloop
  endfacet
  facet normal 0 -1 0
    outer loop
      vertex 85.3266 -15.2 22.7353
      vertex 84.6233 -15.2 23.8059
      vertex 84.409 -15.2 23.67
    endloop
  endfacet
  facet normal 0 -1 0
    outer loop
      vertex 86.6663 -15.2 23.0652
      vertex 86.825 -15.2 24.1375
      vertex 86.564 -15.2 23.0984
    endloop
  endfacet
  facet normal 0 -1 0
    outer loop
      vertex 85.2603 -15.2 22.6411
      vertex 84.409 -15.2 23.67
      vertex 84.2109 -15.2 23.5131
    endloop
  endfacet
  facet normal 0 -1 -0
    outer loop
      vertex 86.825 -15.2 24.1375
      vertex 86.6663 -15.2 23.0652
      vertex 87.0898 -15.2 24.0814
    endloop
  endfacet
  facet normal 0 -1 0
    outer loop
      vertex 85.2013 -15.2 22.5389
      vertex 84.2109 -15.2 23.5131
      vertex 84.0289 -15.2 23.3353
    endloop
  endfacet
  facet normal 0 -1 0
    outer loop
      vertex 86.7631 -15.2 23.0223
      vertex 87.0898 -15.2 24.0814
      vertex 86.6663 -15.2 23.0652
    endloop
  endfacet
  facet normal 0 -1 -0
    outer loop
      vertex 87.0898 -15.2 24.0814
      vertex 86.7631 -15.2 23.0223
      vertex 87.3385 -15.2 24.0029
    endloop
  endfacet
  facet normal 0 -1 0
    outer loop
      vertex 85.1497 -15.2 22.4288
      vertex 84.0289 -15.2 23.3353
      vertex 83.8646 -15.2 23.1381
    endloop
  endfacet
  facet normal 0 -1 0
    outer loop
      vertex 86.564 -15.2 23.0984
      vertex 86.825 -15.2 24.1375
      vertex 86.4562 -15.2 23.1222
    endloop
  endfacet
  facet normal 0 -1 0
    outer loop
      vertex 85.9365 -15.2 24.1719
      vertex 85.9783 -15.2 23.1212
      vertex 86.0978 -15.2 23.1363
    endloop
  endfacet
  facet normal 0 -1 0
    outer loop
      vertex 85.6416 -15.2 24.1405
      vertex 85.8654 -15.2 23.0961
      vertex 85.9783 -15.2 23.1212
    endloop
  endfacet
  facet normal 0 -1 0
    outer loop
      vertex 85.6416 -15.2 24.1405
      vertex 85.759 -15.2 23.0611
      vertex 85.8654 -15.2 23.0961
    endloop
  endfacet
  facet normal 0 -1 0
    outer loop
      vertex 85.3628 -15.2 24.0883
      vertex 85.6593 -15.2 23.016
      vertex 85.759 -15.2 23.0611
    endloop
  endfacet
  facet normal 0 -1 0
    outer loop
      vertex 85.1001 -15.2 24.0151
      vertex 85.5662 -15.2 22.9608
      vertex 85.6593 -15.2 23.016
    endloop
  endfacet
  facet normal 0 -1 0
    outer loop
      vertex 85.1054 -15.2 22.3106
      vertex 83.8646 -15.2 23.1381
      vertex 83.7197 -15.2 22.9228
    endloop
  endfacet
  facet normal 0 -1 0
    outer loop
      vertex 84.8536 -15.2 23.9209
      vertex 85.4797 -15.2 22.8957
      vertex 85.5662 -15.2 22.9608
    endloop
  endfacet
  facet normal 0 -1 0
    outer loop
      vertex 84.6233 -15.2 23.8059
      vertex 85.3998 -15.2 22.8205
      vertex 85.4797 -15.2 22.8957
    endloop
  endfacet
  facet normal 0 -1 0
    outer loop
      vertex 84.6233 -15.2 23.8059
      vertex 85.3266 -15.2 22.7353
      vertex 85.3998 -15.2 22.8205
    endloop
  endfacet
  facet normal 0 -1 0
    outer loop
      vertex 85.0684 -15.2 22.1845
      vertex 83.7197 -15.2 22.9228
      vertex 83.594 -15.2 22.6896
    endloop
  endfacet
  facet normal 0 -1 0
    outer loop
      vertex 84.409 -15.2 23.67
      vertex 85.2603 -15.2 22.6411
      vertex 85.3266 -15.2 22.7353
    endloop
  endfacet
  facet normal 0 -1 0
    outer loop
      vertex 84.2109 -15.2 23.5131
      vertex 85.2013 -15.2 22.5389
      vertex 85.2603 -15.2 22.6411
    endloop
  endfacet
  facet normal 0 -1 0
    outer loop
      vertex 85.0388 -15.2 22.0504
      vertex 83.594 -15.2 22.6896
      vertex 83.4877 -15.2 22.4383
    endloop
  endfacet
  facet normal 0 -1 0
    outer loop
      vertex 84.0289 -15.2 23.3353
      vertex 85.1497 -15.2 22.4288
      vertex 85.2013 -15.2 22.5389
    endloop
  endfacet
  facet normal 0 -1 0
    outer loop
      vertex 83.8646 -15.2 23.1381
      vertex 85.1054 -15.2 22.3106
      vertex 85.1497 -15.2 22.4288
    endloop
  endfacet
  facet normal 0 -1 0
    outer loop
      vertex 83.7197 -15.2 22.9228
      vertex 85.0684 -15.2 22.1845
      vertex 85.1054 -15.2 22.3106
    endloop
  endfacet
  facet normal 0 -1 0
    outer loop
      vertex 85.0165 -15.2 21.9082
      vertex 83.4877 -15.2 22.4383
      vertex 83.4008 -15.2 22.169
    endloop
  endfacet
  facet normal 0 -1 0
    outer loop
      vertex 83.594 -15.2 22.6896
      vertex 85.0388 -15.2 22.0504
      vertex 85.0684 -15.2 22.1845
    endloop
  endfacet
  facet normal 0 -1 0
    outer loop
      vertex 83.4877 -15.2 22.4383
      vertex 85.0165 -15.2 21.9082
      vertex 85.0388 -15.2 22.0504
    endloop
  endfacet
  facet normal 0 -1 0
    outer loop
      vertex 85.0016 -15.2 21.7581
      vertex 83.4008 -15.2 22.169
      vertex 83.3331 -15.2 21.8817
    endloop
  endfacet
  facet normal 0 -1 0
    outer loop
      vertex 83.4008 -15.2 22.169
      vertex 85.0016 -15.2 21.7581
      vertex 85.0165 -15.2 21.9082
    endloop
  endfacet
  facet normal 0 -1 0
    outer loop
      vertex 83.3331 -15.2 21.8817
      vertex 84.994 -15.2 21.6001
      vertex 85.0016 -15.2 21.7581
    endloop
  endfacet
  facet normal 0 -1 0
    outer loop
      vertex 83.2558 -15.2 21.2531
      vertex 84.994 -15.2 21.6001
      vertex 83.2848 -15.2 21.5764
    endloop
  endfacet
  facet normal 0 -1 0
    outer loop
      vertex 83.2848 -15.2 21.5764
      vertex 84.994 -15.2 21.6001
      vertex 83.3331 -15.2 21.8817
    endloop
  endfacet
  facet normal 0 -1 0
    outer loop
      vertex 86.8543 -15.2 22.97
      vertex 87.3385 -15.2 24.0029
      vertex 86.7631 -15.2 23.0223
    endloop
  endfacet
  facet normal 0 -1 -0
    outer loop
      vertex 87.3385 -15.2 24.0029
      vertex 86.8543 -15.2 22.97
      vertex 87.5713 -15.2 23.9019
    endloop
  endfacet
  facet normal 0 -1 0
    outer loop
      vertex 86.9401 -15.2 22.9082
      vertex 87.5713 -15.2 23.9019
      vertex 86.8543 -15.2 22.97
    endloop
  endfacet
  facet normal 0 -1 -0
    outer loop
      vertex 87.5713 -15.2 23.9019
      vertex 86.9401 -15.2 22.9082
      vertex 87.7881 -15.2 23.7785
    endloop
  endfacet
  facet normal 0 -1 0
    outer loop
      vertex 87.0203 -15.2 22.8368
      vertex 87.7881 -15.2 23.7785
      vertex 86.9401 -15.2 22.9082
    endloop
  endfacet
  facet normal 0 -1 0
    outer loop
      vertex 87.095 -15.2 22.7559
      vertex 87.7881 -15.2 23.7785
      vertex 87.0203 -15.2 22.8368
    endloop
  endfacet
  facet normal 0 -1 -0
    outer loop
      vertex 87.7881 -15.2 23.7785
      vertex 87.095 -15.2 22.7559
      vertex 87.989 -15.2 23.6326
    endloop
  endfacet
  facet normal 0 -1 0
    outer loop
      vertex 87.1635 -15.2 22.6656
      vertex 87.989 -15.2 23.6326
      vertex 87.095 -15.2 22.7559
    endloop
  endfacet
  facet normal 0 -1 -0
    outer loop
      vertex 87.989 -15.2 23.6326
      vertex 87.1635 -15.2 22.6656
      vertex 88.1738 -15.2 23.4643
    endloop
  endfacet
  facet normal 0 -1 0
    outer loop
      vertex 87.2252 -15.2 22.5657
      vertex 88.1738 -15.2 23.4643
      vertex 87.1635 -15.2 22.6656
    endloop
  endfacet
  facet normal 0 -1 -0
    outer loop
      vertex 88.1738 -15.2 23.4643
      vertex 87.2252 -15.2 22.5657
      vertex 88.3427 -15.2 23.2735
    endloop
  endfacet
  facet normal 0 -1 0
    outer loop
      vertex 87.28 -15.2 22.4563
      vertex 88.3427 -15.2 23.2735
      vertex 87.2252 -15.2 22.5657
    endloop
  endfacet
  facet normal 0 -1 -0
    outer loop
      vertex 88.3427 -15.2 23.2735
      vertex 87.28 -15.2 22.4563
      vertex 88.4946 -15.2 23.0612
    endloop
  endfacet
  facet normal 0 -1 0
    outer loop
      vertex 87.3281 -15.2 22.3373
      vertex 88.4946 -15.2 23.0612
      vertex 87.28 -15.2 22.4563
    endloop
  endfacet
  facet normal 0 -1 -0
    outer loop
      vertex 88.4946 -15.2 23.0612
      vertex 87.3281 -15.2 22.3373
      vertex 88.6286 -15.2 22.8279
    endloop
  endfacet
  facet normal 0 -1 0
    outer loop
      vertex 87.3693 -15.2 22.2089
      vertex 88.6286 -15.2 22.8279
      vertex 87.3281 -15.2 22.3373
    endloop
  endfacet
  facet normal 0 -1 -0
    outer loop
      vertex 88.6286 -15.2 22.8279
      vertex 87.3693 -15.2 22.2089
      vertex 88.7448 -15.2 22.5739
    endloop
  endfacet
  facet normal 0 -1 0
    outer loop
      vertex 87.4036 -15.2 22.071
      vertex 88.7448 -15.2 22.5739
      vertex 87.3693 -15.2 22.2089
    endloop
  endfacet
  facet normal 0 -1 -0
    outer loop
      vertex 88.7448 -15.2 22.5739
      vertex 87.4036 -15.2 22.071
      vertex 88.8431 -15.2 22.299
    endloop
  endfacet
  facet normal 0 -1 0
    outer loop
      vertex 87.4312 -15.2 21.9235
      vertex 88.8431 -15.2 22.299
      vertex 87.4036 -15.2 22.071
    endloop
  endfacet
  facet normal 0 -1 -0
    outer loop
      vertex 88.8431 -15.2 22.299
      vertex 87.4312 -15.2 21.9235
      vertex 88.9235 -15.2 22.0032
    endloop
  endfacet
  facet normal 0 -1 0
    outer loop
      vertex 87.4519 -15.2 21.7665
      vertex 88.9235 -15.2 22.0032
      vertex 87.4312 -15.2 21.9235
    endloop
  endfacet
  facet normal 0 -1 0
    outer loop
      vertex 87.4658 -15.2 21.6001
      vertex 88.9235 -15.2 22.0032
      vertex 87.4519 -15.2 21.7665
    endloop
  endfacet
  facet normal 0 -1 -0
    outer loop
      vertex 88.9235 -15.2 22.0032
      vertex 87.4658 -15.2 21.6001
      vertex 88.9861 -15.2 21.6866
    endloop
  endfacet
  facet normal 0 -1 0
    outer loop
      vertex 87.4658 -15.2 21.6001
      vertex 89.0308 -15.2 21.3492
      vertex 88.9861 -15.2 21.6866
    endloop
  endfacet
  facet normal 0 -1 -0
    outer loop
      vertex 84.994 -15.2 21.6001
      vertex 84.9823 -15.2 20.5648
      vertex 87.4658 -15.2 21.6001
    endloop
  endfacet
  facet normal 0 -1 0
    outer loop
      vertex 84.994 -15.2 21.6001
      vertex 83.2558 -15.2 21.2531
      vertex 84.9823 -15.2 20.5648
    endloop
  endfacet
  facet normal 0 -1 0
    outer loop
      vertex 89.0665 -15.2 20.5648
      vertex 87.4658 -15.2 21.6001
      vertex 84.9823 -15.2 20.5648
    endloop
  endfacet
  facet normal 0 -1 0
    outer loop
      vertex 84.9823 -15.2 20.5648
      vertex 83.2558 -15.2 21.2531
      vertex 83.2462 -15.2 20.9118
    endloop
  endfacet
  facet normal 0 -1 0
    outer loop
      vertex 87.4658 -15.2 21.6001
      vertex 89.0576 -15.2 20.9909
      vertex 89.0308 -15.2 21.3492
    endloop
  endfacet
  facet normal 0 -1 0
    outer loop
      vertex 87.4658 -15.2 21.6001
      vertex 89.0665 -15.2 20.6118
      vertex 89.0576 -15.2 20.9909
    endloop
  endfacet
  facet normal 0 -1 0
    outer loop
      vertex 83.2557 -15.2 20.5594
      vertex 84.9823 -15.2 20.5648
      vertex 83.2462 -15.2 20.9118
    endloop
  endfacet
  facet normal 0 -1 0
    outer loop
      vertex 83.2842 -15.2 20.2261
      vertex 84.9823 -15.2 20.5648
      vertex 83.2557 -15.2 20.5594
    endloop
  endfacet
  facet normal 0 -1 -0
    outer loop
      vertex 84.9823 -15.2 20.5648
      vertex 83.2842 -15.2 20.2261
      vertex 84.9865 -15.2 20.3638
    endloop
  endfacet
  facet normal 0 -1 0
    outer loop
      vertex 83.2842 -15.2 20.2261
      vertex 84.9993 -15.2 20.1742
      vertex 84.9865 -15.2 20.3638
    endloop
  endfacet
  facet normal 0 -1 0
    outer loop
      vertex 83.3318 -15.2 19.9122
      vertex 84.9993 -15.2 20.1742
      vertex 83.2842 -15.2 20.2261
    endloop
  endfacet
  facet normal 0 -1 -0
    outer loop
      vertex 84.9993 -15.2 20.1742
      vertex 83.3318 -15.2 19.9122
      vertex 85.0205 -15.2 19.9958
    endloop
  endfacet
  facet normal 0 -1 0
    outer loop
      vertex 83.3984 -15.2 19.6174
      vertex 85.0205 -15.2 19.9958
      vertex 83.3318 -15.2 19.9122
    endloop
  endfacet
  facet normal 0 -1 -0
    outer loop
      vertex 85.0205 -15.2 19.9958
      vertex 83.3984 -15.2 19.6174
      vertex 85.0503 -15.2 19.8286
    endloop
  endfacet
  facet normal 0 -1 0
    outer loop
      vertex 83.4841 -15.2 19.3419
      vertex 85.0503 -15.2 19.8286
      vertex 83.3984 -15.2 19.6174
    endloop
  endfacet
  facet normal 0 -1 -0
    outer loop
      vertex 85.0503 -15.2 19.8286
      vertex 83.4841 -15.2 19.3419
      vertex 85.0885 -15.2 19.6727
    endloop
  endfacet
  facet normal 0 -1 0
    outer loop
      vertex 83.5888 -15.2 19.0857
      vertex 85.0885 -15.2 19.6727
      vertex 83.4841 -15.2 19.3419
    endloop
  endfacet
  facet normal 0 -1 -0
    outer loop
      vertex 85.0885 -15.2 19.6727
      vertex 83.5888 -15.2 19.0857
      vertex 85.1353 -15.2 19.5281
    endloop
  endfacet
  facet normal 0 -1 0
    outer loop
      vertex 83.7125 -15.2 18.8487
      vertex 85.1353 -15.2 19.5281
      vertex 83.5888 -15.2 19.0857
    endloop
  endfacet
  facet normal 0 -1 -0
    outer loop
      vertex 85.1353 -15.2 19.5281
      vertex 83.7125 -15.2 18.8487
      vertex 85.1905 -15.2 19.3947
    endloop
  endfacet
  facet normal 0 -1 0
    outer loop
      vertex 83.8553 -15.2 18.6309
      vertex 85.1905 -15.2 19.3947
      vertex 83.7125 -15.2 18.8487
    endloop
  endfacet
  facet normal 0 -1 0
    outer loop
      vertex 84.0171 -15.2 18.4324
      vertex 85.1905 -15.2 19.3947
      vertex 83.8553 -15.2 18.6309
    endloop
  endfacet
  facet normal 0 -1 -0
    outer loop
      vertex 85.1905 -15.2 19.3947
      vertex 84.0171 -15.2 18.4324
      vertex 85.2543 -15.2 19.2726
    endloop
  endfacet
  facet normal 0 -1 0
    outer loop
      vertex 84.1966 -15.2 18.254
      vertex 85.2543 -15.2 19.2726
      vertex 84.0171 -15.2 18.4324
    endloop
  endfacet
  facet normal 0 -1 -0
    outer loop
      vertex 85.2543 -15.2 19.2726
      vertex 84.1966 -15.2 18.254
      vertex 85.3266 -15.2 19.1617
    endloop
  endfacet
  facet normal 0 -1 0
    outer loop
      vertex 84.3926 -15.2 18.0966
      vertex 85.3266 -15.2 19.1617
      vertex 84.1966 -15.2 18.254
    endloop
  endfacet
  facet normal 0 -1 -0
    outer loop
      vertex 85.3266 -15.2 19.1617
      vertex 84.3926 -15.2 18.0966
      vertex 85.4067 -15.2 19.0624
    endloop
  endfacet
  facet normal 0 -1 0
    outer loop
      vertex 84.6049 -15.2 17.9602
      vertex 85.4067 -15.2 19.0624
      vertex 84.3926 -15.2 18.0966
    endloop
  endfacet
  facet normal 0 -1 -0
    outer loop
      vertex 85.4067 -15.2 19.0624
      vertex 84.6049 -15.2 17.9602
      vertex 85.4939 -15.2 18.9747
    endloop
  endfacet
  facet normal 0 -1 0
    outer loop
      vertex 84.8337 -15.2 17.8447
      vertex 85.4939 -15.2 18.9747
      vertex 84.6049 -15.2 17.9602
    endloop
  endfacet
  facet normal 0 -1 0
    outer loop
      vertex 85.0789 -15.2 17.7503
      vertex 85.5884 -15.2 18.8987
      vertex 84.8337 -15.2 17.8447
    endloop
  endfacet
  facet normal 0 -1 -0
    outer loop
      vertex 85.4939 -15.2 18.9747
      vertex 84.8337 -15.2 17.8447
      vertex 85.5884 -15.2 18.8987
    endloop
  endfacet
  facet normal 0 -1 0
    outer loop
      vertex 89.3689 -15.2 24.0648
      vertex 92.2289 -15.2 20.506
      vertex 91.1167 -15.2 24.0648
    endloop
  endfacet
  facet normal 0 -1 0
    outer loop
      vertex 91.6463 -15.2 17.7
      vertex 92.2289 -15.2 20.506
      vertex 89.3689 -15.2 24.0648
    endloop
  endfacet
  facet normal 0 -1 -0
    outer loop
      vertex 92.2289 -15.2 20.506
      vertex 91.6463 -15.2 17.7
      vertex 92.2515 -15.2 20.4297
    endloop
  endfacet
  facet normal 0 -1 -0
    outer loop
      vertex 92.2515 -15.2 20.4297
      vertex 91.6463 -15.2 17.7
      vertex 92.28 -15.2 20.3316
    endloop
  endfacet
  facet normal 0 -1 -0
    outer loop
      vertex 92.28 -15.2 20.3316
      vertex 91.6463 -15.2 17.7
      vertex 92.3146 -15.2 20.2118
    endloop
  endfacet
  facet normal 0 -1 -0
    outer loop
      vertex 92.3146 -15.2 20.2118
      vertex 91.6463 -15.2 17.7
      vertex 92.3551 -15.2 20.0702
    endloop
  endfacet
  facet normal 0 -1 -0
    outer loop
      vertex 92.3551 -15.2 20.0702
      vertex 91.6463 -15.2 17.7
      vertex 92.4015 -15.2 19.9068
    endloop
  endfacet
  facet normal 0 -1 -0
    outer loop
      vertex 92.4015 -15.2 19.9068
      vertex 91.6463 -15.2 17.7
      vertex 92.4539 -15.2 19.7216
    endloop
  endfacet
  facet normal 0 -1 -0
    outer loop
      vertex 92.4539 -15.2 19.7216
      vertex 91.6463 -15.2 17.7
      vertex 92.5122 -15.2 19.5146
    endloop
  endfacet
  facet normal 0 -1 -0
    outer loop
      vertex 92.5122 -15.2 19.5146
      vertex 91.6463 -15.2 17.7
      vertex 92.5765 -15.2 19.2858
    endloop
  endfacet
  facet normal 0 -1 -0
    outer loop
      vertex 92.5765 -15.2 19.2858
      vertex 91.6463 -15.2 17.7
      vertex 92.6468 -15.2 19.0353
    endloop
  endfacet
  facet normal 0 -1 0
    outer loop
      vertex 93.9935 -15.2 23.3066
      vertex 95.9718 -15.2 24.0648
      vertex 94.2416 -15.2 24.0648
    endloop
  endfacet
  facet normal 0 -1 0
    outer loop
      vertex 93.7699 -15.2 22.6219
      vertex 95.9718 -15.2 24.0648
      vertex 93.9935 -15.2 23.3066
    endloop
  endfacet
  facet normal 0 -1 0
    outer loop
      vertex 93.5707 -15.2 22.0105
      vertex 95.9718 -15.2 24.0648
      vertex 93.7699 -15.2 22.6219
    endloop
  endfacet
  facet normal 0 -1 0
    outer loop
      vertex 93.3959 -15.2 21.4724
      vertex 95.9718 -15.2 24.0648
      vertex 93.5707 -15.2 22.0105
    endloop
  endfacet
  facet normal 0 -1 0
    outer loop
      vertex 93.2455 -15.2 21.0077
      vertex 95.9718 -15.2 24.0648
      vertex 93.3959 -15.2 21.4724
    endloop
  endfacet
  facet normal 0 -1 0
    outer loop
      vertex 93.6237 -15.2 17.7
      vertex 93.2455 -15.2 21.0077
      vertex 93.1195 -15.2 20.6163
    endloop
  endfacet
  facet normal 0 -1 0
    outer loop
      vertex 93.6237 -15.2 17.7
      vertex 93.1195 -15.2 20.6163
      vertex 93.0179 -15.2 20.2983
    endloop
  endfacet
  facet normal 0 -1 0
    outer loop
      vertex 93.6237 -15.2 17.7
      vertex 93.0179 -15.2 20.2983
      vertex 92.9408 -15.2 20.0537
    endloop
  endfacet
  facet normal 0 -1 0
    outer loop
      vertex 93.6237 -15.2 17.7
      vertex 92.9408 -15.2 20.0537
      vertex 92.888 -15.2 19.8823
    endloop
  endfacet
  facet normal 0 -1 0
    outer loop
      vertex 93.6237 -15.2 17.7
      vertex 92.888 -15.2 19.8823
      vertex 92.849 -15.2 19.7522
    endloop
  endfacet
  facet normal 0 -1 0
    outer loop
      vertex 93.6237 -15.2 17.7
      vertex 92.849 -15.2 19.7522
      vertex 92.813 -15.2 19.6311
    endloop
  endfacet
  facet normal 0 -1 0
    outer loop
      vertex 93.6237 -15.2 17.7
      vertex 92.813 -15.2 19.6311
      vertex 92.7801 -15.2 19.519
    endloop
  endfacet
  facet normal 0 -1 0
    outer loop
      vertex 93.6237 -15.2 17.7
      vertex 92.7801 -15.2 19.519
      vertex 92.7503 -15.2 19.4158
    endloop
  endfacet
  facet normal 0 -1 0
    outer loop
      vertex 93.6237 -15.2 17.7
      vertex 92.7503 -15.2 19.4158
      vertex 92.7235 -15.2 19.3217
    endloop
  endfacet
  facet normal 0 -1 0
    outer loop
      vertex 93.6237 -15.2 17.7
      vertex 92.7235 -15.2 19.3217
      vertex 92.6997 -15.2 19.2366
    endloop
  endfacet
  facet normal 0 -1 0
    outer loop
      vertex 93.6237 -15.2 17.7
      vertex 92.6997 -15.2 19.2366
      vertex 92.679 -15.2 19.1605
    endloop
  endfacet
  facet normal 0 -1 0
    outer loop
      vertex 93.6237 -15.2 17.7
      vertex 92.679 -15.2 19.1605
      vertex 92.6613 -15.2 19.0934
    endloop
  endfacet
  facet normal 0 -1 0
    outer loop
      vertex 93.6237 -15.2 17.7
      vertex 92.6613 -15.2 19.0934
      vertex 92.6468 -15.2 19.0353
    endloop
  endfacet
  facet normal 0 -1 0
    outer loop
      vertex 93.2455 -15.2 21.0077
      vertex 93.6237 -15.2 17.7
      vertex 95.9718 -15.2 24.0648
    endloop
  endfacet
  facet normal 0 -1 0
    outer loop
      vertex 93.6237 -15.2 17.7
      vertex 92.6468 -15.2 19.0353
      vertex 91.6463 -15.2 17.7
    endloop
  endfacet
  facet normal 0.903318 -0 0.428971
    outer loop
      vertex 99.636 -16 20.1048
      vertex 100.778 -15.2 17.7
      vertex 99.636 -15.2 20.1048
    endloop
  endfacet
  facet normal 0.903318 0 0.428971
    outer loop
      vertex 100.778 -15.2 17.7
      vertex 99.636 -16 20.1048
      vertex 100.778 -16 17.7
    endloop
  endfacet
  facet normal -0 0 1
    outer loop
      vertex 100.778 -15.2 17.7
      vertex 102.771 -16 17.7
      vertex 102.771 -15.2 17.7
    endloop
  endfacet
  facet normal 0 0 1
    outer loop
      vertex 102.771 -16 17.7
      vertex 100.778 -15.2 17.7
      vertex 100.778 -16 17.7
    endloop
  endfacet
  facet normal -0.903278 0 -0.429057
    outer loop
      vertex 102.771 -16 17.7
      vertex 99.636 -15.2 24.3
      vertex 102.771 -15.2 17.7
    endloop
  endfacet
  facet normal -0.903278 -0 -0.429057
    outer loop
      vertex 99.636 -15.2 24.3
      vertex 102.771 -16 17.7
      vertex 99.636 -16 24.3
    endloop
  endfacet
  facet normal 0.903278 0 -0.429057
    outer loop
      vertex 99.636 -16 24.3
      vertex 96.501 -15.2 17.7
      vertex 99.636 -15.2 24.3
    endloop
  endfacet
  facet normal 0.903278 0 -0.429057
    outer loop
      vertex 96.501 -15.2 17.7
      vertex 99.636 -16 24.3
      vertex 96.501 -16 17.7
    endloop
  endfacet
  facet normal -0 0 1
    outer loop
      vertex 96.501 -15.2 17.7
      vertex 98.4937 -16 17.7
      vertex 98.4937 -15.2 17.7
    endloop
  endfacet
  facet normal 0 0 1
    outer loop
      vertex 98.4937 -16 17.7
      vertex 96.501 -15.2 17.7
      vertex 96.501 -16 17.7
    endloop
  endfacet
  facet normal -0.903275 0 0.429063
    outer loop
      vertex 98.4937 -16 17.7
      vertex 99.636 -15.2 20.1048
      vertex 98.4937 -15.2 17.7
    endloop
  endfacet
  facet normal -0.903275 0 0.429063
    outer loop
      vertex 99.636 -15.2 20.1048
      vertex 98.4937 -16 17.7
      vertex 99.636 -16 20.1048
    endloop
  endfacet
  facet normal -0.0626784 0 0.998034
    outer loop
      vertex 79.8942 -15.2 17.5858
      vertex 80.0598 -16 17.5962
      vertex 80.0598 -15.2 17.5962
    endloop
  endfacet
  facet normal -0.0626784 0 0.998034
    outer loop
      vertex 80.0598 -16 17.5962
      vertex 79.8942 -15.2 17.5858
      vertex 79.8942 -16 17.5858
    endloop
  endfacet
  facet normal -0.105644 0 0.994404
    outer loop
      vertex 80.0598 -15.2 17.5962
      vertex 80.2217 -16 17.6134
      vertex 80.2217 -15.2 17.6134
    endloop
  endfacet
  facet normal -0.105644 0 0.994404
    outer loop
      vertex 80.2217 -16 17.6134
      vertex 80.0598 -15.2 17.5962
      vertex 80.0598 -16 17.5962
    endloop
  endfacet
  facet normal -0.151305 0 0.988487
    outer loop
      vertex 80.2217 -15.2 17.6134
      vertex 80.3798 -16 17.6376
      vertex 80.3798 -15.2 17.6376
    endloop
  endfacet
  facet normal -0.151305 0 0.988487
    outer loop
      vertex 80.3798 -16 17.6376
      vertex 80.2217 -15.2 17.6134
      vertex 80.2217 -16 17.6134
    endloop
  endfacet
  facet normal -0.196971 0 0.980409
    outer loop
      vertex 80.3798 -15.2 17.6376
      vertex 80.5341 -16 17.6686
      vertex 80.5341 -15.2 17.6686
    endloop
  endfacet
  facet normal -0.196971 0 0.980409
    outer loop
      vertex 80.5341 -16 17.6686
      vertex 80.3798 -15.2 17.6376
      vertex 80.3798 -16 17.6376
    endloop
  endfacet
  facet normal -0.244809 0 0.969571
    outer loop
      vertex 80.5341 -15.2 17.6686
      vertex 80.6846 -16 17.7066
      vertex 80.6846 -15.2 17.7066
    endloop
  endfacet
  facet normal -0.244809 0 0.969571
    outer loop
      vertex 80.6846 -16 17.7066
      vertex 80.5341 -15.2 17.6686
      vertex 80.5341 -16 17.6686
    endloop
  endfacet
  facet normal -0.291887 0 0.956453
    outer loop
      vertex 80.6846 -15.2 17.7066
      vertex 80.8314 -16 17.7514
      vertex 80.8314 -15.2 17.7514
    endloop
  endfacet
  facet normal -0.291887 0 0.956453
    outer loop
      vertex 80.8314 -16 17.7514
      vertex 80.6846 -15.2 17.7066
      vertex 80.6846 -16 17.7066
    endloop
  endfacet
  facet normal -0.34021 0 0.940349
    outer loop
      vertex 80.8314 -15.2 17.7514
      vertex 80.9743 -16 17.8031
      vertex 80.9743 -15.2 17.8031
    endloop
  endfacet
  facet normal -0.34021 0 0.940349
    outer loop
      vertex 80.9743 -16 17.8031
      vertex 80.8314 -15.2 17.7514
      vertex 80.8314 -16 17.7514
    endloop
  endfacet
  facet normal -0.388323 0 0.921523
    outer loop
      vertex 80.9743 -15.2 17.8031
      vertex 81.1136 -16 17.8618
      vertex 81.1136 -15.2 17.8618
    endloop
  endfacet
  facet normal -0.388323 0 0.921523
    outer loop
      vertex 81.1136 -16 17.8618
      vertex 80.9743 -15.2 17.8031
      vertex 80.9743 -16 17.8031
    endloop
  endfacet
  facet normal -0.434843 0 0.900506
    outer loop
      vertex 81.1136 -15.2 17.8618
      vertex 81.248 -16 17.9267
      vertex 81.248 -15.2 17.9267
    endloop
  endfacet
  facet normal -0.434843 0 0.900506
    outer loop
      vertex 81.248 -16 17.9267
      vertex 81.1136 -15.2 17.8618
      vertex 81.1136 -16 17.8618
    endloop
  endfacet
  facet normal -0.482338 0 0.875985
    outer loop
      vertex 81.248 -15.2 17.9267
      vertex 81.3764 -16 17.9974
      vertex 81.3764 -15.2 17.9974
    endloop
  endfacet
  facet normal -0.482338 0 0.875985
    outer loop
      vertex 81.3764 -16 17.9974
      vertex 81.248 -15.2 17.9267
      vertex 81.248 -16 17.9267
    endloop
  endfacet
  facet normal -0.529066 0 0.848581
    outer loop
      vertex 81.3764 -15.2 17.9974
      vertex 81.4991 -16 18.0739
      vertex 81.4991 -15.2 18.0739
    endloop
  endfacet
  facet normal -0.529066 0 0.848581
    outer loop
      vertex 81.4991 -16 18.0739
      vertex 81.3764 -15.2 17.9974
      vertex 81.3764 -16 17.9974
    endloop
  endfacet
  facet normal -0.575389 0 0.81788
    outer loop
      vertex 81.4991 -15.2 18.0739
      vertex 81.6158 -16 18.156
      vertex 81.6158 -15.2 18.156
    endloop
  endfacet
  facet normal -0.575389 0 0.81788
    outer loop
      vertex 81.6158 -16 18.156
      vertex 81.4991 -15.2 18.0739
      vertex 81.4991 -16 18.0739
    endloop
  endfacet
  facet normal -0.621499 0 0.783415
    outer loop
      vertex 81.6158 -15.2 18.156
      vertex 81.7266 -16 18.2439
      vertex 81.7266 -15.2 18.2439
    endloop
  endfacet
  facet normal -0.621499 0 0.783415
    outer loop
      vertex 81.7266 -16 18.2439
      vertex 81.6158 -15.2 18.156
      vertex 81.6158 -16 18.156
    endloop
  endfacet
  facet normal -0.665818 0 0.746114
    outer loop
      vertex 81.7266 -15.2 18.2439
      vertex 81.8316 -16 18.3376
      vertex 81.8316 -15.2 18.3376
    endloop
  endfacet
  facet normal -0.665818 0 0.746114
    outer loop
      vertex 81.8316 -16 18.3376
      vertex 81.7266 -15.2 18.2439
      vertex 81.7266 -16 18.2439
    endloop
  endfacet
  facet normal -0.707819 0 0.706394
    outer loop
      vertex 81.8316 -16 18.3376
      vertex 81.9307 -15.2 18.4369
      vertex 81.8316 -15.2 18.3376
    endloop
  endfacet
  facet normal -0.707819 0 0.706394
    outer loop
      vertex 81.9307 -15.2 18.4369
      vertex 81.8316 -16 18.3376
      vertex 81.9307 -16 18.4369
    endloop
  endfacet
  facet normal -0.748861 0 0.662727
    outer loop
      vertex 81.9307 -16 18.4369
      vertex 82.0238 -15.2 18.5421
      vertex 81.9307 -15.2 18.4369
    endloop
  endfacet
  facet normal -0.748861 0 0.662727
    outer loop
      vertex 82.0238 -15.2 18.5421
      vertex 81.9307 -16 18.4369
      vertex 82.0238 -16 18.5421
    endloop
  endfacet
  facet normal -0.785481 0 0.618885
    outer loop
      vertex 82.0238 -16 18.5421
      vertex 82.1111 -15.2 18.6529
      vertex 82.0238 -15.2 18.5421
    endloop
  endfacet
  facet normal -0.785481 0 0.618885
    outer loop
      vertex 82.1111 -15.2 18.6529
      vertex 82.0238 -16 18.5421
      vertex 82.1111 -16 18.6529
    endloop
  endfacet
  facet normal -0.819399 0 0.573224
    outer loop
      vertex 82.1111 -16 18.6529
      vertex 82.1919 -15.2 18.7684
      vertex 82.1111 -15.2 18.6529
    endloop
  endfacet
  facet normal -0.819399 0 0.573224
    outer loop
      vertex 82.1919 -15.2 18.7684
      vertex 82.1111 -16 18.6529
      vertex 82.1919 -16 18.7684
    endloop
  endfacet
  facet normal -0.85028 0 0.52633
    outer loop
      vertex 82.1919 -16 18.7684
      vertex 82.2655 -15.2 18.8873
      vertex 82.1919 -15.2 18.7684
    endloop
  endfacet
  facet normal -0.85028 0 0.52633
    outer loop
      vertex 82.2655 -15.2 18.8873
      vertex 82.1919 -16 18.7684
      vertex 82.2655 -16 18.8873
    endloop
  endfacet
  facet normal -0.879455 0 0.475982
    outer loop
      vertex 82.2655 -16 18.8873
      vertex 82.3318 -15.2 19.0098
      vertex 82.2655 -15.2 18.8873
    endloop
  endfacet
  facet normal -0.879455 0 0.475982
    outer loop
      vertex 82.3318 -15.2 19.0098
      vertex 82.2655 -16 18.8873
      vertex 82.3318 -16 19.0098
    endloop
  endfacet
  facet normal -0.904949 0 0.42552
    outer loop
      vertex 82.3318 -16 19.0098
      vertex 82.391 -15.2 19.1357
      vertex 82.3318 -15.2 19.0098
    endloop
  endfacet
  facet normal -0.904949 0 0.42552
    outer loop
      vertex 82.391 -15.2 19.1357
      vertex 82.3318 -16 19.0098
      vertex 82.391 -16 19.1357
    endloop
  endfacet
  facet normal -0.927982 0 0.372626
    outer loop
      vertex 82.391 -16 19.1357
      vertex 82.443 -15.2 19.2652
      vertex 82.391 -15.2 19.1357
    endloop
  endfacet
  facet normal -0.927982 0 0.372626
    outer loop
      vertex 82.443 -15.2 19.2652
      vertex 82.391 -16 19.1357
      vertex 82.443 -16 19.2652
    endloop
  endfacet
  facet normal -0.947608 0 0.319435
    outer loop
      vertex 82.443 -16 19.2652
      vertex 82.4878 -15.2 19.3981
      vertex 82.443 -15.2 19.2652
    endloop
  endfacet
  facet normal -0.947608 0 0.319435
    outer loop
      vertex 82.4878 -15.2 19.3981
      vertex 82.443 -16 19.2652
      vertex 82.4878 -16 19.3981
    endloop
  endfacet
  facet normal -0.964043 0 0.265748
    outer loop
      vertex 82.4878 -16 19.3981
      vertex 82.5254 -15.2 19.5345
      vertex 82.4878 -15.2 19.3981
    endloop
  endfacet
  facet normal -0.964043 0 0.265748
    outer loop
      vertex 82.5254 -15.2 19.5345
      vertex 82.4878 -16 19.3981
      vertex 82.5254 -16 19.5345
    endloop
  endfacet
  facet normal -0.977164 0 0.212488
    outer loop
      vertex 82.5254 -16 19.5345
      vertex 82.5558 -15.2 19.6743
      vertex 82.5254 -15.2 19.5345
    endloop
  endfacet
  facet normal -0.977164 0 0.212488
    outer loop
      vertex 82.5558 -15.2 19.6743
      vertex 82.5254 -16 19.5345
      vertex 82.5558 -16 19.6743
    endloop
  endfacet
  facet normal -0.987164 0 0.159709
    outer loop
      vertex 82.5558 -16 19.6743
      vertex 82.579 -15.2 19.8177
      vertex 82.5558 -15.2 19.6743
    endloop
  endfacet
  facet normal -0.987164 0 0.159709
    outer loop
      vertex 82.579 -15.2 19.8177
      vertex 82.5558 -16 19.6743
      vertex 82.579 -16 19.8177
    endloop
  endfacet
  facet normal -0.0459865 0 -0.998942
    outer loop
      vertex 80.9194 -16 19.8941
      vertex 82.579 -15.2 19.8177
      vertex 82.579 -16 19.8177
    endloop
  endfacet
  facet normal -0.0459865 0 -0.998942
    outer loop
      vertex 82.579 -15.2 19.8177
      vertex 80.9194 -16 19.8941
      vertex 80.9194 -15.2 19.8941
    endloop
  endfacet
  facet normal 0.987845 0 -0.155444
    outer loop
      vertex 80.9194 -16 19.8941
      vertex 80.8994 -15.2 19.767
      vertex 80.9194 -15.2 19.8941
    endloop
  endfacet
  facet normal 0.987845 0 -0.155444
    outer loop
      vertex 80.8994 -15.2 19.767
      vertex 80.9194 -16 19.8941
      vertex 80.8994 -16 19.767
    endloop
  endfacet
  facet normal 0.977455 0 -0.211143
    outer loop
      vertex 80.8994 -16 19.767
      vertex 80.8735 -15.2 19.6471
      vertex 80.8994 -15.2 19.767
    endloop
  endfacet
  facet normal 0.977455 0 -0.211143
    outer loop
      vertex 80.8735 -15.2 19.6471
      vertex 80.8994 -16 19.767
      vertex 80.8735 -16 19.6471
    endloop
  endfacet
  facet normal 0.962261 0 -0.272129
    outer loop
      vertex 80.8735 -16 19.6471
      vertex 80.8416 -15.2 19.5343
      vertex 80.8735 -15.2 19.6471
    endloop
  endfacet
  facet normal 0.962261 0 -0.272129
    outer loop
      vertex 80.8416 -15.2 19.5343
      vertex 80.8735 -16 19.6471
      vertex 80.8416 -16 19.5343
    endloop
  endfacet
  facet normal 0.941115 0 -0.338088
    outer loop
      vertex 80.8416 -16 19.5343
      vertex 80.8037 -15.2 19.4288
      vertex 80.8416 -15.2 19.5343
    endloop
  endfacet
  facet normal 0.941115 0 -0.338088
    outer loop
      vertex 80.8037 -15.2 19.4288
      vertex 80.8416 -16 19.5343
      vertex 80.8037 -16 19.4288
    endloop
  endfacet
  facet normal 0.913582 0 -0.406655
    outer loop
      vertex 80.8037 -16 19.4288
      vertex 80.7599 -15.2 19.3304
      vertex 80.8037 -15.2 19.4288
    endloop
  endfacet
  facet normal 0.913582 0 -0.406655
    outer loop
      vertex 80.7599 -15.2 19.3304
      vertex 80.8037 -16 19.4288
      vertex 80.7599 -16 19.3304
    endloop
  endfacet
  facet normal 0.877675 0 -0.479257
    outer loop
      vertex 80.7599 -16 19.3304
      vertex 80.7101 -15.2 19.2392
      vertex 80.7599 -15.2 19.3304
    endloop
  endfacet
  facet normal 0.877675 0 -0.479257
    outer loop
      vertex 80.7101 -15.2 19.2392
      vertex 80.7599 -16 19.3304
      vertex 80.7101 -16 19.2392
    endloop
  endfacet
  facet normal 0.833422 0 -0.552638
    outer loop
      vertex 80.7101 -16 19.2392
      vertex 80.6544 -15.2 19.1552
      vertex 80.7101 -15.2 19.2392
    endloop
  endfacet
  facet normal 0.833422 0 -0.552638
    outer loop
      vertex 80.6544 -15.2 19.1552
      vertex 80.7101 -16 19.2392
      vertex 80.6544 -16 19.1552
    endloop
  endfacet
  facet normal 0.77958 0 -0.626303
    outer loop
      vertex 80.6544 -16 19.1552
      vertex 80.5927 -15.2 19.0784
      vertex 80.6544 -15.2 19.1552
    endloop
  endfacet
  facet normal 0.77958 0 -0.626303
    outer loop
      vertex 80.5927 -15.2 19.0784
      vertex 80.6544 -16 19.1552
      vertex 80.5927 -16 19.0784
    endloop
  endfacet
  facet normal 0.717338 0 -0.696725
    outer loop
      vertex 80.5927 -16 19.0784
      vertex 80.5251 -15.2 19.0088
      vertex 80.5927 -15.2 19.0784
    endloop
  endfacet
  facet normal 0.717338 0 -0.696725
    outer loop
      vertex 80.5251 -15.2 19.0088
      vertex 80.5927 -16 19.0784
      vertex 80.5251 -16 19.0088
    endloop
  endfacet
  facet normal 0.651739 0 -0.758444
    outer loop
      vertex 80.4526 -16 18.9465
      vertex 80.5251 -15.2 19.0088
      vertex 80.5251 -16 19.0088
    endloop
  endfacet
  facet normal 0.651739 0 -0.758444
    outer loop
      vertex 80.5251 -15.2 19.0088
      vertex 80.4526 -16 18.9465
      vertex 80.4526 -15.2 18.9465
    endloop
  endfacet
  facet normal 0.584753 0 -0.811212
    outer loop
      vertex 80.3763 -16 18.8915
      vertex 80.4526 -15.2 18.9465
      vertex 80.4526 -16 18.9465
    endloop
  endfacet
  facet normal 0.584753 0 -0.811212
    outer loop
      vertex 80.4526 -15.2 18.9465
      vertex 80.3763 -16 18.8915
      vertex 80.3763 -15.2 18.8915
    endloop
  endfacet
  facet normal 0.511654 0 -0.859192
    outer loop
      vertex 80.2962 -16 18.8438
      vertex 80.3763 -15.2 18.8915
      vertex 80.3763 -16 18.8915
    endloop
  endfacet
  facet normal 0.511654 0 -0.859192
    outer loop
      vertex 80.3763 -15.2 18.8915
      vertex 80.2962 -16 18.8438
      vertex 80.2962 -15.2 18.8438
    endloop
  endfacet
  facet normal 0.433395 0 -0.901204
    outer loop
      vertex 80.2124 -16 18.8035
      vertex 80.2962 -15.2 18.8438
      vertex 80.2962 -16 18.8438
    endloop
  endfacet
  facet normal 0.433395 0 -0.901204
    outer loop
      vertex 80.2962 -15.2 18.8438
      vertex 80.2124 -16 18.8035
      vertex 80.2124 -15.2 18.8035
    endloop
  endfacet
  facet normal 0.352176 0 -0.935934
    outer loop
      vertex 80.1247 -16 18.7705
      vertex 80.2124 -15.2 18.8035
      vertex 80.2124 -16 18.8035
    endloop
  endfacet
  facet normal 0.352176 0 -0.935934
    outer loop
      vertex 80.2124 -15.2 18.8035
      vertex 80.1247 -16 18.7705
      vertex 80.1247 -15.2 18.7705
    endloop
  endfacet
  facet normal 0.270685 0 -0.962668
    outer loop
      vertex 80.0333 -16 18.7448
      vertex 80.1247 -15.2 18.7705
      vertex 80.1247 -16 18.7705
    endloop
  endfacet
  facet normal 0.270685 0 -0.962668
    outer loop
      vertex 80.1247 -15.2 18.7705
      vertex 80.0333 -16 18.7448
      vertex 80.0333 -15.2 18.7448
    endloop
  endfacet
  facet normal 0.188962 0 -0.981984
    outer loop
      vertex 79.9382 -16 18.7265
      vertex 80.0333 -15.2 18.7448
      vertex 80.0333 -16 18.7448
    endloop
  endfacet
  facet normal 0.188962 0 -0.981984
    outer loop
      vertex 80.0333 -15.2 18.7448
      vertex 79.9382 -16 18.7265
      vertex 79.9382 -15.2 18.7265
    endloop
  endfacet
  facet normal 0.110432 0 -0.993884
    outer loop
      vertex 79.8392 -16 18.7155
      vertex 79.9382 -15.2 18.7265
      vertex 79.9382 -16 18.7265
    endloop
  endfacet
  facet normal 0.110432 0 -0.993884
    outer loop
      vertex 79.9382 -15.2 18.7265
      vertex 79.8392 -16 18.7155
      vertex 79.8392 -15.2 18.7155
    endloop
  endfacet
  facet normal 0.0360039 0 -0.999352
    outer loop
      vertex 79.7365 -16 18.7118
      vertex 79.8392 -15.2 18.7155
      vertex 79.8392 -16 18.7155
    endloop
  endfacet
  facet normal 0.0360039 0 -0.999352
    outer loop
      vertex 79.8392 -15.2 18.7155
      vertex 79.7365 -16 18.7118
      vertex 79.7365 -15.2 18.7118
    endloop
  endfacet
  facet normal -0.0991428 0 -0.995073
    outer loop
      vertex 79.4635 -16 18.739
      vertex 79.7365 -15.2 18.7118
      vertex 79.7365 -16 18.7118
    endloop
  endfacet
  facet normal -0.0991428 0 -0.995073
    outer loop
      vertex 79.7365 -15.2 18.7118
      vertex 79.4635 -16 18.739
      vertex 79.4635 -15.2 18.739
    endloop
  endfacet
  facet normal -0.320238 0 -0.947337
    outer loop
      vertex 79.2227 -16 18.8204
      vertex 79.4635 -15.2 18.739
      vertex 79.4635 -16 18.739
    endloop
  endfacet
  facet normal -0.320238 0 -0.947337
    outer loop
      vertex 79.4635 -15.2 18.739
      vertex 79.2227 -16 18.8204
      vertex 79.2227 -15.2 18.8204
    endloop
  endfacet
  facet normal -0.545496 0 -0.838113
    outer loop
      vertex 79.0139 -16 18.9563
      vertex 79.2227 -15.2 18.8204
      vertex 79.2227 -16 18.8204
    endloop
  endfacet
  facet normal -0.545496 0 -0.838113
    outer loop
      vertex 79.2227 -15.2 18.8204
      vertex 79.0139 -16 18.9563
      vertex 79.0139 -15.2 18.9563
    endloop
  endfacet
  facet normal -0.732642 0 -0.680614
    outer loop
      vertex 79.0139 -16 18.9563
      vertex 78.8373 -15.2 19.1464
      vertex 79.0139 -15.2 18.9563
    endloop
  endfacet
  facet normal -0.732642 -0 -0.680614
    outer loop
      vertex 78.8373 -15.2 19.1464
      vertex 79.0139 -16 18.9563
      vertex 78.8373 -16 19.1464
    endloop
  endfacet
  facet normal -0.8608 0 -0.508943
    outer loop
      vertex 78.8373 -16 19.1464
      vertex 78.6928 -15.2 19.3908
      vertex 78.8373 -15.2 19.1464
    endloop
  endfacet
  facet normal -0.8608 -0 -0.508943
    outer loop
      vertex 78.6928 -15.2 19.3908
      vertex 78.8373 -16 19.1464
      vertex 78.6928 -16 19.3908
    endloop
  endfacet
  facet normal -0.935968 0 -0.352084
    outer loop
      vertex 78.6928 -16 19.3908
      vertex 78.5804 -15.2 19.6896
      vertex 78.6928 -15.2 19.3908
    endloop
  endfacet
  facet normal -0.935968 -0 -0.352084
    outer loop
      vertex 78.5804 -15.2 19.6896
      vertex 78.6928 -16 19.3908
      vertex 78.5804 -16 19.6896
    endloop
  endfacet
  facet normal -0.975163 0 -0.22149
    outer loop
      vertex 78.5804 -16 19.6896
      vertex 78.5002 -15.2 20.0427
      vertex 78.5804 -15.2 19.6896
    endloop
  endfacet
  facet normal -0.975163 -0 -0.22149
    outer loop
      vertex 78.5002 -15.2 20.0427
      vertex 78.5804 -16 19.6896
      vertex 78.5002 -16 20.0427
    endloop
  endfacet
  facet normal -0.993074 0 -0.117492
    outer loop
      vertex 78.5002 -16 20.0427
      vertex 78.452 -15.2 20.4501
      vertex 78.5002 -15.2 20.0427
    endloop
  endfacet
  facet normal -0.993074 -0 -0.117492
    outer loop
      vertex 78.452 -15.2 20.4501
      vertex 78.5002 -16 20.0427
      vertex 78.452 -16 20.4501
    endloop
  endfacet
  facet normal -0.999393 0 -0.0348499
    outer loop
      vertex 78.452 -16 20.4501
      vertex 78.4359 -15.2 20.9118
      vertex 78.452 -15.2 20.4501
    endloop
  endfacet
  facet normal -0.999393 -0 -0.0348499
    outer loop
      vertex 78.4359 -15.2 20.9118
      vertex 78.452 -16 20.4501
      vertex 78.4359 -16 20.9118
    endloop
  endfacet
  facet normal -0.999379 0 0.0352302
    outer loop
      vertex 78.4359 -16 20.9118
      vertex 78.4517 -15.2 21.36
      vertex 78.4359 -15.2 20.9118
    endloop
  endfacet
  facet normal -0.999379 0 0.0352302
    outer loop
      vertex 78.4517 -15.2 21.36
      vertex 78.4359 -16 20.9118
      vertex 78.4517 -16 21.36
    endloop
  endfacet
  facet normal -0.992921 0 0.118779
    outer loop
      vertex 78.4517 -16 21.36
      vertex 78.499 -15.2 21.7554
      vertex 78.4517 -15.2 21.36
    endloop
  endfacet
  facet normal -0.992921 0 0.118779
    outer loop
      vertex 78.499 -15.2 21.7554
      vertex 78.4517 -16 21.36
      vertex 78.499 -16 21.7554
    endloop
  endfacet
  facet normal -0.974568 0 0.224091
    outer loop
      vertex 78.499 -16 21.7554
      vertex 78.5778 -15.2 22.0981
      vertex 78.499 -15.2 21.7554
    endloop
  endfacet
  facet normal -0.974568 0 0.224091
    outer loop
      vertex 78.5778 -15.2 22.0981
      vertex 78.499 -16 21.7554
      vertex 78.5778 -16 22.0981
    endloop
  endfacet
  facet normal -0.934569 0 0.355781
    outer loop
      vertex 78.5778 -16 22.0981
      vertex 78.6882 -15.2 22.3881
      vertex 78.5778 -15.2 22.0981
    endloop
  endfacet
  facet normal -0.934569 0 0.355781
    outer loop
      vertex 78.6882 -15.2 22.3881
      vertex 78.5778 -16 22.0981
      vertex 78.6882 -16 22.3881
    endloop
  endfacet
  facet normal -0.858258 0 0.513219
    outer loop
      vertex 78.6882 -16 22.3881
      vertex 78.8301 -15.2 22.6254
      vertex 78.6882 -15.2 22.3881
    endloop
  endfacet
  facet normal -0.858258 0 0.513219
    outer loop
      vertex 78.8301 -15.2 22.6254
      vertex 78.6882 -16 22.3881
      vertex 78.8301 -16 22.6254
    endloop
  endfacet
  facet normal -0.728687 0 0.684847
    outer loop
      vertex 78.8301 -16 22.6254
      vertex 79.0035 -15.2 22.8099
      vertex 78.8301 -15.2 22.6254
    endloop
  endfacet
  facet normal -0.728687 0 0.684847
    outer loop
      vertex 79.0035 -15.2 22.8099
      vertex 78.8301 -16 22.6254
      vertex 79.0035 -16 22.8099
    endloop
  endfacet
  facet normal -0.540799 0 0.841152
    outer loop
      vertex 79.0035 -15.2 22.8099
      vertex 79.2085 -16 22.9417
      vertex 79.2085 -15.2 22.9417
    endloop
  endfacet
  facet normal -0.540799 0 0.841152
    outer loop
      vertex 79.2085 -16 22.9417
      vertex 79.0035 -15.2 22.8099
      vertex 79.0035 -16 22.8099
    endloop
  endfacet
  facet normal -0.317311 0 0.948322
    outer loop
      vertex 79.2085 -15.2 22.9417
      vertex 79.4449 -16 23.0208
      vertex 79.4449 -15.2 23.0208
    endloop
  endfacet
  facet normal -0.317311 0 0.948322
    outer loop
      vertex 79.4449 -16 23.0208
      vertex 79.2085 -15.2 22.9417
      vertex 79.2085 -16 22.9417
    endloop
  endfacet
  facet normal -0.0976291 0 0.995223
    outer loop
      vertex 79.4449 -15.2 23.0208
      vertex 79.713 -16 23.0471
      vertex 79.713 -15.2 23.0471
    endloop
  endfacet
  facet normal -0.0976291 0 0.995223
    outer loop
      vertex 79.713 -16 23.0471
      vertex 79.4449 -15.2 23.0208
      vertex 79.4449 -16 23.0208
    endloop
  endfacet
  facet normal 0.0320976 0 0.999485
    outer loop
      vertex 79.713 -15.2 23.0471
      vertex 79.8251 -16 23.0435
      vertex 79.8251 -15.2 23.0435
    endloop
  endfacet
  facet normal 0.0320976 0 0.999485
    outer loop
      vertex 79.8251 -16 23.0435
      vertex 79.713 -15.2 23.0471
      vertex 79.713 -16 23.0471
    endloop
  endfacet
  facet normal 0.100059 0 0.994981
    outer loop
      vertex 79.8251 -15.2 23.0435
      vertex 79.9315 -16 23.0328
      vertex 79.9315 -15.2 23.0328
    endloop
  endfacet
  facet normal 0.100059 0 0.994981
    outer loop
      vertex 79.9315 -16 23.0328
      vertex 79.8251 -15.2 23.0435
      vertex 79.8251 -16 23.0435
    endloop
  endfacet
  facet normal 0.176129 0 0.984367
    outer loop
      vertex 79.9315 -15.2 23.0328
      vertex 80.0321 -16 23.0148
      vertex 80.0321 -15.2 23.0148
    endloop
  endfacet
  facet normal 0.176129 0 0.984367
    outer loop
      vertex 80.0321 -16 23.0148
      vertex 79.9315 -15.2 23.0328
      vertex 79.9315 -16 23.0328
    endloop
  endfacet
  facet normal 0.257155 0 0.96637
    outer loop
      vertex 80.0321 -15.2 23.0148
      vertex 80.1268 -16 22.9896
      vertex 80.1268 -15.2 22.9896
    endloop
  endfacet
  facet normal 0.257155 0 0.96637
    outer loop
      vertex 80.1268 -16 22.9896
      vertex 80.0321 -15.2 23.0148
      vertex 80.0321 -16 23.0148
    endloop
  endfacet
  facet normal 0.341149 0 0.940009
    outer loop
      vertex 80.1268 -15.2 22.9896
      vertex 80.2158 -16 22.9573
      vertex 80.2158 -15.2 22.9573
    endloop
  endfacet
  facet normal 0.341149 0 0.940009
    outer loop
      vertex 80.2158 -16 22.9573
      vertex 80.1268 -15.2 22.9896
      vertex 80.1268 -16 22.9896
    endloop
  endfacet
  facet normal 0.430187 0 0.90274
    outer loop
      vertex 80.2158 -15.2 22.9573
      vertex 80.2989 -16 22.9177
      vertex 80.2989 -15.2 22.9177
    endloop
  endfacet
  facet normal 0.430187 0 0.90274
    outer loop
      vertex 80.2989 -16 22.9177
      vertex 80.2158 -15.2 22.9573
      vertex 80.2158 -16 22.9573
    endloop
  endfacet
  facet normal 0.517099 0 0.855926
    outer loop
      vertex 80.2989 -15.2 22.9177
      vertex 80.3762 -16 22.871
      vertex 80.3762 -15.2 22.871
    endloop
  endfacet
  facet normal 0.517099 0 0.855926
    outer loop
      vertex 80.3762 -16 22.871
      vertex 80.2989 -15.2 22.9177
      vertex 80.2989 -16 22.9177
    endloop
  endfacet
  facet normal 0.602675 0 0.797987
    outer loop
      vertex 80.3762 -15.2 22.871
      vertex 80.4477 -16 22.817
      vertex 80.4477 -15.2 22.817
    endloop
  endfacet
  facet normal 0.602675 0 0.797987
    outer loop
      vertex 80.4477 -16 22.817
      vertex 80.3762 -15.2 22.871
      vertex 80.3762 -16 22.871
    endloop
  endfacet
  facet normal 0.681007 0 0.732277
    outer loop
      vertex 80.4477 -15.2 22.817
      vertex 80.5134 -16 22.7559
      vertex 80.5134 -15.2 22.7559
    endloop
  endfacet
  facet normal 0.681007 0 0.732277
    outer loop
      vertex 80.5134 -16 22.7559
      vertex 80.4477 -15.2 22.817
      vertex 80.4477 -16 22.817
    endloop
  endfacet
  facet normal 0.744893 -0 0.667184
    outer loop
      vertex 80.5134 -16 22.7559
      vertex 80.5735 -15.2 22.6888
      vertex 80.5134 -15.2 22.7559
    endloop
  endfacet
  facet normal 0.744893 0 0.667184
    outer loop
      vertex 80.5735 -15.2 22.6888
      vertex 80.5134 -16 22.7559
      vertex 80.5735 -16 22.6888
    endloop
  endfacet
  facet normal 0.795203 -0 0.606343
    outer loop
      vertex 80.5735 -16 22.6888
      vertex 80.6284 -15.2 22.6168
      vertex 80.5735 -15.2 22.6888
    endloop
  endfacet
  facet normal 0.795203 0 0.606343
    outer loop
      vertex 80.6284 -15.2 22.6168
      vertex 80.5735 -16 22.6888
      vertex 80.6284 -16 22.6168
    endloop
  endfacet
  facet normal 0.839863 -0 0.542798
    outer loop
      vertex 80.6284 -16 22.6168
      vertex 80.6781 -15.2 22.5399
      vertex 80.6284 -15.2 22.6168
    endloop
  endfacet
  facet normal 0.839863 0 0.542798
    outer loop
      vertex 80.6781 -15.2 22.5399
      vertex 80.6284 -16 22.6168
      vertex 80.6781 -16 22.5399
    endloop
  endfacet
  facet normal 0.878183 -0 0.478325
    outer loop
      vertex 80.6781 -16 22.5399
      vertex 80.7226 -15.2 22.4582
      vertex 80.6781 -15.2 22.5399
    endloop
  endfacet
  facet normal 0.878183 0 0.478325
    outer loop
      vertex 80.7226 -15.2 22.4582
      vertex 80.6781 -16 22.5399
      vertex 80.7226 -16 22.4582
    endloop
  endfacet
  facet normal 0.911014 -0 0.412376
    outer loop
      vertex 80.7226 -16 22.4582
      vertex 80.7618 -15.2 22.3716
      vertex 80.7226 -15.2 22.4582
    endloop
  endfacet
  facet normal 0.911014 0 0.412376
    outer loop
      vertex 80.7618 -15.2 22.3716
      vertex 80.7226 -16 22.4582
      vertex 80.7618 -16 22.3716
    endloop
  endfacet
  facet normal 0.937377 -0 0.348315
    outer loop
      vertex 80.7618 -16 22.3716
      vertex 80.7958 -15.2 22.2801
      vertex 80.7618 -15.2 22.3716
    endloop
  endfacet
  facet normal 0.937377 0 0.348315
    outer loop
      vertex 80.7958 -15.2 22.2801
      vertex 80.7618 -16 22.3716
      vertex 80.7958 -16 22.2801
    endloop
  endfacet
  facet normal 0.958072 -0 0.286526
    outer loop
      vertex 80.7958 -16 22.2801
      vertex 80.8246 -15.2 22.1838
      vertex 80.7958 -15.2 22.2801
    endloop
  endfacet
  facet normal 0.958072 0 0.286526
    outer loop
      vertex 80.8246 -15.2 22.1838
      vertex 80.7958 -16 22.2801
      vertex 80.8246 -16 22.1838
    endloop
  endfacet
  facet normal 0.974082 -0 0.226195
    outer loop
      vertex 80.8246 -16 22.1838
      vertex 80.8481 -15.2 22.0826
      vertex 80.8246 -15.2 22.1838
    endloop
  endfacet
  facet normal 0.974082 0 0.226195
    outer loop
      vertex 80.8481 -15.2 22.0826
      vertex 80.8246 -16 22.1838
      vertex 80.8481 -16 22.0826
    endloop
  endfacet
  facet normal 0.985449 -0 0.169969
    outer loop
      vertex 80.8481 -16 22.0826
      vertex 80.8664 -15.2 21.9765
      vertex 80.8481 -15.2 22.0826
    endloop
  endfacet
  facet normal 0.985449 0 0.169969
    outer loop
      vertex 80.8664 -15.2 21.9765
      vertex 80.8481 -16 22.0826
      vertex 80.8664 -16 21.9765
    endloop
  endfacet
  facet normal -0.0494142 0 0.998778
    outer loop
      vertex 80.8664 -15.2 21.9765
      vertex 82.5319 -16 22.0589
      vertex 82.5319 -15.2 22.0589
    endloop
  endfacet
  facet normal -0.0494142 0 0.998778
    outer loop
      vertex 82.5319 -16 22.0589
      vertex 80.8664 -15.2 21.9765
      vertex 80.8664 -16 21.9765
    endloop
  endfacet
  facet normal -0.975522 0 -0.2199
    outer loop
      vertex 82.5319 -16 22.0589
      vertex 82.4833 -15.2 22.2745
      vertex 82.5319 -15.2 22.0589
    endloop
  endfacet
  facet normal -0.975522 -0 -0.2199
    outer loop
      vertex 82.4833 -15.2 22.2745
      vertex 82.5319 -16 22.0589
      vertex 82.4833 -16 22.2745
    endloop
  endfacet
  facet normal -0.956922 0 -0.290344
    outer loop
      vertex 82.4833 -16 22.2745
      vertex 82.4211 -15.2 22.4795
      vertex 82.4833 -15.2 22.2745
    endloop
  endfacet
  facet normal -0.956922 -0 -0.290344
    outer loop
      vertex 82.4211 -15.2 22.4795
      vertex 82.4833 -16 22.2745
      vertex 82.4211 -16 22.4795
    endloop
  endfacet
  facet normal -0.932005 0 -0.362446
    outer loop
      vertex 82.4211 -16 22.4795
      vertex 82.3455 -15.2 22.6739
      vertex 82.4211 -15.2 22.4795
    endloop
  endfacet
  facet normal -0.932005 -0 -0.362446
    outer loop
      vertex 82.3455 -15.2 22.6739
      vertex 82.4211 -16 22.4795
      vertex 82.3455 -16 22.6739
    endloop
  endfacet
  facet normal -0.899843 0 -0.436213
    outer loop
      vertex 82.3455 -16 22.6739
      vertex 82.2564 -15.2 22.8577
      vertex 82.3455 -15.2 22.6739
    endloop
  endfacet
  facet normal -0.899843 -0 -0.436213
    outer loop
      vertex 82.2564 -15.2 22.8577
      vertex 82.3455 -16 22.6739
      vertex 82.2564 -16 22.8577
    endloop
  endfacet
  facet normal -0.860154 0 -0.510034
    outer loop
      vertex 82.2564 -16 22.8577
      vertex 82.1537 -15.2 23.0309
      vertex 82.2564 -15.2 22.8577
    endloop
  endfacet
  facet normal -0.860154 -0 -0.510034
    outer loop
      vertex 82.1537 -15.2 23.0309
      vertex 82.2564 -16 22.8577
      vertex 82.1537 -16 23.0309
    endloop
  endfacet
  facet normal -0.813598 0 -0.581428
    outer loop
      vertex 82.1537 -16 23.0309
      vertex 82.0375 -15.2 23.1935
      vertex 82.1537 -15.2 23.0309
    endloop
  endfacet
  facet normal -0.813598 -0 -0.581428
    outer loop
      vertex 82.0375 -15.2 23.1935
      vertex 82.1537 -16 23.0309
      vertex 82.0375 -16 23.1935
    endloop
  endfacet
  facet normal -0.760703 0 -0.6491
    outer loop
      vertex 82.0375 -16 23.1935
      vertex 81.9078 -15.2 23.3455
      vertex 82.0375 -15.2 23.1935
    endloop
  endfacet
  facet normal -0.760703 -0 -0.6491
    outer loop
      vertex 81.9078 -15.2 23.3455
      vertex 82.0375 -16 23.1935
      vertex 81.9078 -16 23.3455
    endloop
  endfacet
  facet normal -0.702621 0 -0.711565
    outer loop
      vertex 81.7646 -16 23.4869
      vertex 81.9078 -15.2 23.3455
      vertex 81.9078 -16 23.3455
    endloop
  endfacet
  facet normal -0.702621 0 -0.711565
    outer loop
      vertex 81.9078 -15.2 23.3455
      vertex 81.7646 -16 23.4869
      vertex 81.7646 -15.2 23.4869
    endloop
  endfacet
  facet normal -0.640811 0 -0.767699
    outer loop
      vertex 81.6079 -16 23.6177
      vertex 81.7646 -15.2 23.4869
      vertex 81.7646 -16 23.4869
    endloop
  endfacet
  facet normal -0.640811 0 -0.767699
    outer loop
      vertex 81.7646 -15.2 23.4869
      vertex 81.6079 -16 23.6177
      vertex 81.6079 -15.2 23.6177
    endloop
  endfacet
  facet normal -0.57571 0 -0.817654
    outer loop
      vertex 81.4396 -16 23.7362
      vertex 81.6079 -15.2 23.6177
      vertex 81.6079 -16 23.6177
    endloop
  endfacet
  facet normal -0.57571 0 -0.817654
    outer loop
      vertex 81.6079 -15.2 23.6177
      vertex 81.4396 -16 23.7362
      vertex 81.4396 -15.2 23.7362
    endloop
  endfacet
  facet normal -0.507062 0 -0.861909
    outer loop
      vertex 81.2618 -16 23.8408
      vertex 81.4396 -15.2 23.7362
      vertex 81.4396 -16 23.7362
    endloop
  endfacet
  facet normal -0.507062 0 -0.861909
    outer loop
      vertex 81.4396 -15.2 23.7362
      vertex 81.2618 -16 23.8408
      vertex 81.2618 -15.2 23.8408
    endloop
  endfacet
  facet normal -0.435071 0 -0.900396
    outer loop
      vertex 81.0743 -16 23.9314
      vertex 81.2618 -15.2 23.8408
      vertex 81.2618 -16 23.8408
    endloop
  endfacet
  facet normal -0.435071 0 -0.900396
    outer loop
      vertex 81.2618 -15.2 23.8408
      vertex 81.0743 -16 23.9314
      vertex 81.0743 -15.2 23.9314
    endloop
  endfacet
  facet normal -0.362811 0 -0.931863
    outer loop
      vertex 80.8773 -16 24.0081
      vertex 81.0743 -15.2 23.9314
      vertex 81.0743 -16 23.9314
    endloop
  endfacet
  facet normal -0.362811 0 -0.931863
    outer loop
      vertex 81.0743 -15.2 23.9314
      vertex 80.8773 -16 24.0081
      vertex 80.8773 -15.2 24.0081
    endloop
  endfacet
  facet normal -0.290406 0 -0.956904
    outer loop
      vertex 80.6707 -16 24.0708
      vertex 80.8773 -15.2 24.0081
      vertex 80.8773 -16 24.0081
    endloop
  endfacet
  facet normal -0.290406 0 -0.956904
    outer loop
      vertex 80.8773 -15.2 24.0081
      vertex 80.6707 -16 24.0708
      vertex 80.6707 -15.2 24.0708
    endloop
  endfacet
  facet normal -0.220178 0 -0.97546
    outer loop
      vertex 80.4545 -16 24.1196
      vertex 80.6707 -15.2 24.0708
      vertex 80.6707 -16 24.0708
    endloop
  endfacet
  facet normal -0.220178 0 -0.97546
    outer loop
      vertex 80.6707 -15.2 24.0708
      vertex 80.4545 -16 24.1196
      vertex 80.4545 -15.2 24.1196
    endloop
  endfacet
  facet normal -0.152748 0 -0.988265
    outer loop
      vertex 80.2287 -16 24.1545
      vertex 80.4545 -15.2 24.1196
      vertex 80.4545 -16 24.1196
    endloop
  endfacet
  facet normal -0.152748 0 -0.988265
    outer loop
      vertex 80.4545 -15.2 24.1196
      vertex 80.2287 -16 24.1545
      vertex 80.2287 -15.2 24.1545
    endloop
  endfacet
  facet normal -0.0884372 0 -0.996082
    outer loop
      vertex 79.9933 -16 24.1754
      vertex 80.2287 -15.2 24.1545
      vertex 80.2287 -16 24.1545
    endloop
  endfacet
  facet normal -0.0884372 0 -0.996082
    outer loop
      vertex 80.2287 -15.2 24.1545
      vertex 79.9933 -16 24.1754
      vertex 79.9933 -15.2 24.1754
    endloop
  endfacet
  facet normal -0.0285598 0 -0.999592
    outer loop
      vertex 79.7483 -16 24.1824
      vertex 79.9933 -15.2 24.1754
      vertex 79.9933 -16 24.1754
    endloop
  endfacet
  facet normal -0.0285598 0 -0.999592
    outer loop
      vertex 79.9933 -15.2 24.1754
      vertex 79.7483 -16 24.1824
      vertex 79.7483 -15.2 24.1824
    endloop
  endfacet
  facet normal 0.0344514 0 -0.999406
    outer loop
      vertex 79.4321 -16 24.1715
      vertex 79.7483 -15.2 24.1824
      vertex 79.7483 -16 24.1824
    endloop
  endfacet
  facet normal 0.0344514 0 -0.999406
    outer loop
      vertex 79.7483 -15.2 24.1824
      vertex 79.4321 -16 24.1715
      vertex 79.4321 -15.2 24.1715
    endloop
  endfacet
  facet normal 0.108138 0 -0.994136
    outer loop
      vertex 79.1324 -16 24.1389
      vertex 79.4321 -15.2 24.1715
      vertex 79.4321 -16 24.1715
    endloop
  endfacet
  facet normal 0.108138 0 -0.994136
    outer loop
      vertex 79.4321 -15.2 24.1715
      vertex 79.1324 -16 24.1389
      vertex 79.1324 -15.2 24.1389
    endloop
  endfacet
  facet normal 0.187909 0 -0.982187
    outer loop
      vertex 78.8491 -16 24.0847
      vertex 79.1324 -15.2 24.1389
      vertex 79.1324 -16 24.1389
    endloop
  endfacet
  facet normal 0.187909 0 -0.982187
    outer loop
      vertex 79.1324 -15.2 24.1389
      vertex 78.8491 -16 24.0847
      vertex 78.8491 -15.2 24.0847
    endloop
  endfacet
  facet normal 0.273959 0 -0.961741
    outer loop
      vertex 78.5823 -16 24.0087
      vertex 78.8491 -15.2 24.0847
      vertex 78.8491 -16 24.0847
    endloop
  endfacet
  facet normal 0.273959 0 -0.961741
    outer loop
      vertex 78.8491 -15.2 24.0847
      vertex 78.5823 -16 24.0087
      vertex 78.5823 -15.2 24.0087
    endloop
  endfacet
  facet normal 0.363684 0 -0.931522
    outer loop
      vertex 78.3318 -16 23.9109
      vertex 78.5823 -15.2 24.0087
      vertex 78.5823 -16 24.0087
    endloop
  endfacet
  facet normal 0.363684 0 -0.931522
    outer loop
      vertex 78.5823 -15.2 24.0087
      vertex 78.3318 -16 23.9109
      vertex 78.3318 -15.2 23.9109
    endloop
  endfacet
  facet normal 0.454507 0 -0.890743
    outer loop
      vertex 78.0978 -16 23.7915
      vertex 78.3318 -15.2 23.9109
      vertex 78.3318 -16 23.9109
    endloop
  endfacet
  facet normal 0.454507 0 -0.890743
    outer loop
      vertex 78.3318 -15.2 23.9109
      vertex 78.0978 -16 23.7915
      vertex 78.0978 -15.2 23.7915
    endloop
  endfacet
  facet normal 0.544066 0 -0.839042
    outer loop
      vertex 77.8802 -16 23.6504
      vertex 78.0978 -15.2 23.7915
      vertex 78.0978 -16 23.7915
    endloop
  endfacet
  facet normal 0.544066 0 -0.839042
    outer loop
      vertex 78.0978 -15.2 23.7915
      vertex 77.8802 -16 23.6504
      vertex 77.8802 -15.2 23.6504
    endloop
  endfacet
  facet normal 0.629254 0 -0.7772
    outer loop
      vertex 77.679 -16 23.4875
      vertex 77.8802 -15.2 23.6504
      vertex 77.8802 -16 23.6504
    endloop
  endfacet
  facet normal 0.629254 0 -0.7772
    outer loop
      vertex 77.8802 -15.2 23.6504
      vertex 77.679 -16 23.4875
      vertex 77.679 -15.2 23.4875
    endloop
  endfacet
  facet normal 0.706724 0 -0.70749
    outer loop
      vertex 77.4942 -16 23.3029
      vertex 77.679 -15.2 23.4875
      vertex 77.679 -16 23.4875
    endloop
  endfacet
  facet normal 0.706724 0 -0.70749
    outer loop
      vertex 77.679 -15.2 23.4875
      vertex 77.4942 -16 23.3029
      vertex 77.4942 -15.2 23.3029
    endloop
  endfacet
  facet normal 0.774346 0 -0.632762
    outer loop
      vertex 77.4942 -16 23.3029
      vertex 77.3275 -15.2 23.0989
      vertex 77.4942 -15.2 23.3029
    endloop
  endfacet
  facet normal 0.774346 0 -0.632762
    outer loop
      vertex 77.3275 -15.2 23.0989
      vertex 77.4942 -16 23.3029
      vertex 77.3275 -16 23.0989
    endloop
  endfacet
  facet normal 0.832687 0 -0.553744
    outer loop
      vertex 77.3275 -16 23.0989
      vertex 77.1804 -15.2 22.8777
      vertex 77.3275 -15.2 23.0989
    endloop
  endfacet
  facet normal 0.832687 0 -0.553744
    outer loop
      vertex 77.1804 -15.2 22.8777
      vertex 77.3275 -16 23.0989
      vertex 77.1804 -16 22.8777
    endloop
  endfacet
  facet normal 0.881892 0 -0.471452
    outer loop
      vertex 77.1804 -16 22.8777
      vertex 77.0529 -15.2 22.6392
      vertex 77.1804 -15.2 22.8777
    endloop
  endfacet
  facet normal 0.881892 0 -0.471452
    outer loop
      vertex 77.0529 -15.2 22.6392
      vertex 77.1804 -16 22.8777
      vertex 77.0529 -16 22.6392
    endloop
  endfacet
  facet normal 0.921275 0 -0.388911
    outer loop
      vertex 77.0529 -16 22.6392
      vertex 76.945 -15.2 22.3836
      vertex 77.0529 -15.2 22.6392
    endloop
  endfacet
  facet normal 0.921275 0 -0.388911
    outer loop
      vertex 76.945 -15.2 22.3836
      vertex 77.0529 -16 22.6392
      vertex 76.945 -16 22.3836
    endloop
  endfacet
  facet normal 0.951436 0 -0.307848
    outer loop
      vertex 76.945 -16 22.3836
      vertex 76.8567 -15.2 22.1107
      vertex 76.945 -15.2 22.3836
    endloop
  endfacet
  facet normal 0.951436 0 -0.307848
    outer loop
      vertex 76.8567 -15.2 22.1107
      vertex 76.945 -16 22.3836
      vertex 76.8567 -16 22.1107
    endloop
  endfacet
  facet normal 0.973161 0 -0.230124
    outer loop
      vertex 76.8567 -16 22.1107
      vertex 76.7881 -15.2 21.8206
      vertex 76.8567 -15.2 22.1107
    endloop
  endfacet
  facet normal 0.973161 0 -0.230124
    outer loop
      vertex 76.7881 -15.2 21.8206
      vertex 76.8567 -16 22.1107
      vertex 76.7881 -16 21.8206
    endloop
  endfacet
  facet normal 0.987475 0 -0.157777
    outer loop
      vertex 76.7881 -16 21.8206
      vertex 76.739 -15.2 21.5133
      vertex 76.7881 -15.2 21.8206
    endloop
  endfacet
  facet normal 0.987475 0 -0.157777
    outer loop
      vertex 76.739 -15.2 21.5133
      vertex 76.7881 -16 21.8206
      vertex 76.739 -16 21.5133
    endloop
  endfacet
  facet normal 0.995921 0 -0.0902313
    outer loop
      vertex 76.739 -16 21.5133
      vertex 76.7096 -15.2 21.1888
      vertex 76.739 -15.2 21.5133
    endloop
  endfacet
  facet normal 0.995921 0 -0.0902313
    outer loop
      vertex 76.7096 -15.2 21.1888
      vertex 76.739 -16 21.5133
      vertex 76.7096 -16 21.1888
    endloop
  endfacet
  facet normal 0.999589 0 -0.0286683
    outer loop
      vertex 76.7096 -16 21.1888
      vertex 76.6998 -15.2 20.8471
      vertex 76.7096 -15.2 21.1888
    endloop
  endfacet
  facet normal 0.999589 0 -0.0286683
    outer loop
      vertex 76.6998 -15.2 20.8471
      vertex 76.7096 -16 21.1888
      vertex 76.6998 -16 20.8471
    endloop
  endfacet
  facet normal 0.999579 -0 0.029021
    outer loop
      vertex 76.6998 -16 20.8471
      vertex 76.7095 -15.2 20.513
      vertex 76.6998 -15.2 20.8471
    endloop
  endfacet
  facet normal 0.999579 0 0.029021
    outer loop
      vertex 76.7095 -15.2 20.513
      vertex 76.6998 -16 20.8471
      vertex 76.7095 -16 20.513
    endloop
  endfacet
  facet normal 0.995764 -0 0.0919504
    outer loop
      vertex 76.7095 -16 20.513
      vertex 76.7388 -15.2 20.1957
      vertex 76.7095 -15.2 20.513
    endloop
  endfacet
  facet normal 0.995764 0 0.0919504
    outer loop
      vertex 76.7388 -15.2 20.1957
      vertex 76.7095 -16 20.513
      vertex 76.7388 -16 20.1957
    endloop
  endfacet
  facet normal 0.987181 -0 0.159604
    outer loop
      vertex 76.7388 -16 20.1957
      vertex 76.7874 -15.2 19.8951
      vertex 76.7388 -15.2 20.1957
    endloop
  endfacet
  facet normal 0.987181 0 0.159604
    outer loop
      vertex 76.7874 -15.2 19.8951
      vertex 76.7388 -16 20.1957
      vertex 76.7874 -16 19.8951
    endloop
  endfacet
  facet normal 0.9723 -0 0.233736
    outer loop
      vertex 76.7874 -16 19.8951
      vertex 76.8556 -15.2 19.6114
      vertex 76.7874 -15.2 19.8951
    endloop
  endfacet
  facet normal 0.9723 0 0.233736
    outer loop
      vertex 76.8556 -15.2 19.6114
      vertex 76.7874 -16 19.8951
      vertex 76.8556 -16 19.6114
    endloop
  endfacet
  facet normal 0.950167 -0 0.31174
    outer loop
      vertex 76.8556 -16 19.6114
      vertex 76.9432 -15.2 19.3444
      vertex 76.8556 -15.2 19.6114
    endloop
  endfacet
  facet normal 0.950167 0 0.31174
    outer loop
      vertex 76.9432 -15.2 19.3444
      vertex 76.8556 -16 19.6114
      vertex 76.9432 -16 19.3444
    endloop
  endfacet
  facet normal 0.919373 -0 0.393387
    outer loop
      vertex 76.9432 -16 19.3444
      vertex 77.0503 -15.2 19.0941
      vertex 76.9432 -15.2 19.3444
    endloop
  endfacet
  facet normal 0.919373 0 0.393387
    outer loop
      vertex 77.0503 -15.2 19.0941
      vertex 76.9432 -16 19.3444
      vertex 77.0503 -16 19.0941
    endloop
  endfacet
  facet normal 0.879016 -0 0.476793
    outer loop
      vertex 77.0503 -16 19.0941
      vertex 77.1769 -15.2 18.8607
      vertex 77.0503 -15.2 19.0941
    endloop
  endfacet
  facet normal 0.879016 0 0.476793
    outer loop
      vertex 77.1769 -15.2 18.8607
      vertex 77.0503 -16 19.0941
      vertex 77.1769 -16 18.8607
    endloop
  endfacet
  facet normal 0.829332 -0 0.558756
    outer loop
      vertex 77.1769 -16 18.8607
      vertex 77.3229 -15.2 18.644
      vertex 77.1769 -15.2 18.8607
    endloop
  endfacet
  facet normal 0.829332 0 0.558756
    outer loop
      vertex 77.3229 -15.2 18.644
      vertex 77.1769 -16 18.8607
      vertex 77.3229 -16 18.644
    endloop
  endfacet
  facet normal 0.77027 -0 0.637718
    outer loop
      vertex 77.3229 -16 18.644
      vertex 77.4884 -15.2 18.4441
      vertex 77.3229 -15.2 18.644
    endloop
  endfacet
  facet normal 0.77027 0 0.637718
    outer loop
      vertex 77.4884 -15.2 18.4441
      vertex 77.3229 -16 18.644
      vertex 77.4884 -16 18.4441
    endloop
  endfacet
  facet normal 0.702238 0 0.711943
    outer loop
      vertex 77.4884 -15.2 18.4441
      vertex 77.6718 -16 18.2632
      vertex 77.6718 -15.2 18.2632
    endloop
  endfacet
  facet normal 0.702238 0 0.711943
    outer loop
      vertex 77.6718 -16 18.2632
      vertex 77.4884 -15.2 18.4441
      vertex 77.4884 -16 18.4441
    endloop
  endfacet
  facet normal 0.624075 0 0.781365
    outer loop
      vertex 77.6718 -15.2 18.2632
      vertex 77.8715 -16 18.1037
      vertex 77.8715 -15.2 18.1037
    endloop
  endfacet
  facet normal 0.624075 0 0.781365
    outer loop
      vertex 77.8715 -16 18.1037
      vertex 77.6718 -15.2 18.2632
      vertex 77.6718 -16 18.2632
    endloop
  endfacet
  facet normal 0.539397 0 0.842052
    outer loop
      vertex 77.8715 -15.2 18.1037
      vertex 78.0874 -16 17.9654
      vertex 78.0874 -15.2 17.9654
    endloop
  endfacet
  facet normal 0.539397 0 0.842052
    outer loop
      vertex 78.0874 -16 17.9654
      vertex 77.8715 -15.2 18.1037
      vertex 77.8715 -16 18.1037
    endloop
  endfacet
  facet normal 0.450287 0 0.892884
    outer loop
      vertex 78.0874 -15.2 17.9654
      vertex 78.3196 -16 17.8483
      vertex 78.3196 -15.2 17.8483
    endloop
  endfacet
  facet normal 0.450287 0 0.892884
    outer loop
      vertex 78.3196 -16 17.8483
      vertex 78.0874 -15.2 17.9654
      vertex 78.0874 -16 17.9654
    endloop
  endfacet
  facet normal 0.359382 0 0.933191
    outer loop
      vertex 78.3196 -15.2 17.8483
      vertex 78.5681 -16 17.7526
      vertex 78.5681 -15.2 17.7526
    endloop
  endfacet
  facet normal 0.359382 0 0.933191
    outer loop
      vertex 78.5681 -16 17.7526
      vertex 78.3196 -15.2 17.8483
      vertex 78.3196 -16 17.8483
    endloop
  endfacet
  facet normal 0.270925 0 0.962601
    outer loop
      vertex 78.5681 -15.2 17.7526
      vertex 78.8328 -16 17.6781
      vertex 78.8328 -15.2 17.6781
    endloop
  endfacet
  facet normal 0.270925 0 0.962601
    outer loop
      vertex 78.8328 -16 17.6781
      vertex 78.5681 -15.2 17.7526
      vertex 78.5681 -16 17.7526
    endloop
  endfacet
  facet normal 0.185956 0 0.982558
    outer loop
      vertex 78.8328 -15.2 17.6781
      vertex 79.1139 -16 17.6249
      vertex 79.1139 -15.2 17.6249
    endloop
  endfacet
  facet normal 0.185956 0 0.982558
    outer loop
      vertex 79.1139 -16 17.6249
      vertex 78.8328 -15.2 17.6781
      vertex 78.8328 -16 17.6781
    endloop
  endfacet
  facet normal 0.106687 0 0.994293
    outer loop
      vertex 79.1139 -15.2 17.6249
      vertex 79.4112 -16 17.593
      vertex 79.4112 -15.2 17.593
    endloop
  endfacet
  facet normal 0.106687 0 0.994293
    outer loop
      vertex 79.4112 -16 17.593
      vertex 79.1139 -15.2 17.6249
      vertex 79.1139 -16 17.6249
    endloop
  endfacet
  facet normal 0.0337925 0 0.999429
    outer loop
      vertex 79.4112 -15.2 17.593
      vertex 79.7247 -16 17.5824
      vertex 79.7247 -15.2 17.5824
    endloop
  endfacet
  facet normal 0.0337925 0 0.999429
    outer loop
      vertex 79.7247 -16 17.5824
      vertex 79.4112 -15.2 17.593
      vertex 79.4112 -16 17.593
    endloop
  endfacet
  facet normal -0.020055 0 0.999799
    outer loop
      vertex 79.7247 -15.2 17.5824
      vertex 79.8942 -16 17.5858
      vertex 79.8942 -15.2 17.5858
    endloop
  endfacet
  facet normal -0.020055 0 0.999799
    outer loop
      vertex 79.8942 -16 17.5858
      vertex 79.7247 -15.2 17.5824
      vertex 79.7247 -16 17.5824
    endloop
  endfacet
  facet normal -0.154945 0 0.987923
    outer loop
      vertex 86.6671 -15.2 17.6037
      vertex 87.0758 -16 17.6678
      vertex 87.0758 -15.2 17.6678
    endloop
  endfacet
  facet normal -0.154945 0 0.987923
    outer loop
      vertex 87.0758 -16 17.6678
      vertex 86.6671 -15.2 17.6037
      vertex 86.6671 -16 17.6037
    endloop
  endfacet
  facet normal -0.274212 0 0.961669
    outer loop
      vertex 87.0758 -15.2 17.6678
      vertex 87.45 -16 17.7745
      vertex 87.45 -15.2 17.7745
    endloop
  endfacet
  facet normal -0.274212 0 0.961669
    outer loop
      vertex 87.45 -16 17.7745
      vertex 87.0758 -15.2 17.6678
      vertex 87.0758 -16 17.6678
    endloop
  endfacet
  facet normal -0.402612 0 0.915371
    outer loop
      vertex 87.45 -15.2 17.7745
      vertex 87.7899 -16 17.924
      vertex 87.7899 -15.2 17.924
    endloop
  endfacet
  facet normal -0.402612 0 0.915371
    outer loop
      vertex 87.7899 -16 17.924
      vertex 87.45 -15.2 17.7745
      vertex 87.45 -16 17.7745
    endloop
  endfacet
  facet normal -0.532563 0 0.84639
    outer loop
      vertex 87.7899 -15.2 17.924
      vertex 88.0952 -16 18.1161
      vertex 88.0952 -15.2 18.1161
    endloop
  endfacet
  facet normal -0.532563 0 0.84639
    outer loop
      vertex 88.0952 -16 18.1161
      vertex 87.7899 -15.2 17.924
      vertex 87.7899 -16 17.924
    endloop
  endfacet
  facet normal -0.654984 0 0.755643
    outer loop
      vertex 88.0952 -15.2 18.1161
      vertex 88.3662 -16 18.351
      vertex 88.3662 -15.2 18.351
    endloop
  endfacet
  facet normal -0.654984 0 0.755643
    outer loop
      vertex 88.3662 -16 18.351
      vertex 88.0952 -15.2 18.1161
      vertex 88.0952 -16 18.1161
    endloop
  endfacet
  facet normal -0.761208 0 0.648508
    outer loop
      vertex 88.3662 -16 18.351
      vertex 88.6027 -15.2 18.6286
      vertex 88.3662 -15.2 18.351
    endloop
  endfacet
  facet normal -0.761208 0 0.648508
    outer loop
      vertex 88.6027 -15.2 18.6286
      vertex 88.3662 -16 18.351
      vertex 88.6027 -16 18.6286
    endloop
  endfacet
  facet normal -0.84584 0 0.533436
    outer loop
      vertex 88.6027 -16 18.6286
      vertex 88.8047 -15.2 18.9489
      vertex 88.6027 -15.2 18.6286
    endloop
  endfacet
  facet normal -0.84584 0 0.533436
    outer loop
      vertex 88.8047 -15.2 18.9489
      vertex 88.6027 -16 18.6286
      vertex 88.8047 -16 18.9489
    endloop
  endfacet
  facet normal -0.907762 0 0.419486
    outer loop
      vertex 88.8047 -16 18.9489
      vertex 88.9724 -15.2 19.3118
      vertex 88.8047 -15.2 18.9489
    endloop
  endfacet
  facet normal -0.907762 0 0.419486
    outer loop
      vertex 88.9724 -15.2 19.3118
      vertex 88.8047 -16 18.9489
      vertex 88.9724 -16 19.3118
    endloop
  endfacet
  facet normal -0.0864284 0 -0.996258
    outer loop
      vertex 87.4128 -16 19.4471
      vertex 88.9724 -15.2 19.3118
      vertex 88.9724 -16 19.3118
    endloop
  endfacet
  facet normal -0.0864284 0 -0.996258
    outer loop
      vertex 88.9724 -15.2 19.3118
      vertex 87.4128 -16 19.4471
      vertex 87.4128 -15.2 19.4471
    endloop
  endfacet
  facet normal 0.937749 0 -0.347314
    outer loop
      vertex 87.4128 -16 19.4471
      vertex 87.3538 -15.2 19.2878
      vertex 87.4128 -15.2 19.4471
    endloop
  endfacet
  facet normal 0.937749 0 -0.347314
    outer loop
      vertex 87.3538 -15.2 19.2878
      vertex 87.4128 -16 19.4471
      vertex 87.3538 -16 19.2878
    endloop
  endfacet
  facet normal 0.882179 0 -0.470914
    outer loop
      vertex 87.3538 -16 19.2878
      vertex 87.2788 -15.2 19.1473
      vertex 87.3538 -15.2 19.2878
    endloop
  endfacet
  facet normal 0.882179 0 -0.470914
    outer loop
      vertex 87.2788 -15.2 19.1473
      vertex 87.3538 -16 19.2878
      vertex 87.2788 -16 19.1473
    endloop
  endfacet
  facet normal 0.801419 0 -0.598103
    outer loop
      vertex 87.2788 -16 19.1473
      vertex 87.1879 -15.2 19.0255
      vertex 87.2788 -15.2 19.1473
    endloop
  endfacet
  facet normal 0.801419 0 -0.598103
    outer loop
      vertex 87.1879 -15.2 19.0255
      vertex 87.2788 -16 19.1473
      vertex 87.1879 -16 19.0255
    endloop
  endfacet
  facet normal 0.693512 0 -0.720445
    outer loop
      vertex 87.0809 -16 18.9225
      vertex 87.1879 -15.2 19.0255
      vertex 87.1879 -16 19.0255
    endloop
  endfacet
  facet normal 0.693512 0 -0.720445
    outer loop
      vertex 87.1879 -15.2 19.0255
      vertex 87.0809 -16 18.9225
      vertex 87.0809 -15.2 18.9225
    endloop
  endfacet
  facet normal 0.565646 0 -0.824648
    outer loop
      vertex 86.958 -16 18.8382
      vertex 87.0809 -15.2 18.9225
      vertex 87.0809 -16 18.9225
    endloop
  endfacet
  facet normal 0.565646 0 -0.824648
    outer loop
      vertex 87.0809 -15.2 18.9225
      vertex 86.958 -16 18.8382
      vertex 86.958 -15.2 18.8382
    endloop
  endfacet
  facet normal 0.427051 0 -0.904228
    outer loop
      vertex 86.8191 -16 18.7726
      vertex 86.958 -15.2 18.8382
      vertex 86.958 -16 18.8382
    endloop
  endfacet
  facet normal 0.427051 0 -0.904228
    outer loop
      vertex 86.958 -15.2 18.8382
      vertex 86.8191 -16 18.7726
      vertex 86.8191 -15.2 18.7726
    endloop
  endfacet
  facet normal 0.289218 0 -0.957263
    outer loop
      vertex 86.6642 -16 18.7258
      vertex 86.8191 -15.2 18.7726
      vertex 86.8191 -16 18.7726
    endloop
  endfacet
  facet normal 0.289218 0 -0.957263
    outer loop
      vertex 86.8191 -15.2 18.7726
      vertex 86.6642 -16 18.7258
      vertex 86.6642 -15.2 18.7258
    endloop
  endfacet
  facet normal 0.162807 0 -0.986658
    outer loop
      vertex 86.4933 -16 18.6976
      vertex 86.6642 -15.2 18.7258
      vertex 86.6642 -16 18.7258
    endloop
  endfacet
  facet normal 0.162807 0 -0.986658
    outer loop
      vertex 86.6642 -15.2 18.7258
      vertex 86.4933 -16 18.6976
      vertex 86.4933 -15.2 18.6976
    endloop
  endfacet
  facet normal 0.0496977 0 -0.998764
    outer loop
      vertex 86.3064 -16 18.6883
      vertex 86.4933 -15.2 18.6976
      vertex 86.4933 -16 18.6976
    endloop
  endfacet
  facet normal 0.0496977 0 -0.998764
    outer loop
      vertex 86.4933 -15.2 18.6976
      vertex 86.3064 -16 18.6883
      vertex 86.3064 -15.2 18.6883
    endloop
  endfacet
  facet normal -0.0421138 0 -0.999113
    outer loop
      vertex 86.1688 -16 18.6941
      vertex 86.3064 -15.2 18.6883
      vertex 86.3064 -16 18.6883
    endloop
  endfacet
  facet normal -0.0421138 0 -0.999113
    outer loop
      vertex 86.3064 -15.2 18.6883
      vertex 86.1688 -16 18.6941
      vertex 86.1688 -15.2 18.6941
    endloop
  endfacet
  facet normal -0.133656 0 -0.991028
    outer loop
      vertex 86.0383 -16 18.7117
      vertex 86.1688 -15.2 18.6941
      vertex 86.1688 -16 18.6941
    endloop
  endfacet
  facet normal -0.133656 0 -0.991028
    outer loop
      vertex 86.1688 -15.2 18.6941
      vertex 86.0383 -16 18.7117
      vertex 86.0383 -15.2 18.7117
    endloop
  endfacet
  facet normal -0.230624 0 -0.973043
    outer loop
      vertex 85.9151 -16 18.7409
      vertex 86.0383 -15.2 18.7117
      vertex 86.0383 -16 18.7117
    endloop
  endfacet
  facet normal -0.230624 0 -0.973043
    outer loop
      vertex 86.0383 -15.2 18.7117
      vertex 85.9151 -16 18.7409
      vertex 85.9151 -15.2 18.7409
    endloop
  endfacet
  facet normal -0.332268 0 -0.943185
    outer loop
      vertex 85.799 -16 18.7818
      vertex 85.9151 -15.2 18.7409
      vertex 85.9151 -16 18.7409
    endloop
  endfacet
  facet normal -0.332268 0 -0.943185
    outer loop
      vertex 85.9151 -15.2 18.7409
      vertex 85.799 -16 18.7818
      vertex 85.799 -15.2 18.7818
    endloop
  endfacet
  facet normal -0.434934 0 -0.900462
    outer loop
      vertex 85.6901 -16 18.8344
      vertex 85.799 -15.2 18.7818
      vertex 85.799 -16 18.7818
    endloop
  endfacet
  facet normal -0.434934 0 -0.900462
    outer loop
      vertex 85.799 -15.2 18.7818
      vertex 85.6901 -16 18.8344
      vertex 85.6901 -15.2 18.8344
    endloop
  endfacet
  facet normal -0.534399 0 -0.845232
    outer loop
      vertex 85.5884 -16 18.8987
      vertex 85.6901 -15.2 18.8344
      vertex 85.6901 -16 18.8344
    endloop
  endfacet
  facet normal -0.534399 0 -0.845232
    outer loop
      vertex 85.6901 -15.2 18.8344
      vertex 85.5884 -16 18.8987
      vertex 85.5884 -15.2 18.8987
    endloop
  endfacet
  facet normal -0.626704 0 -0.779257
    outer loop
      vertex 85.4939 -16 18.9747
      vertex 85.5884 -15.2 18.8987
      vertex 85.5884 -16 18.8987
    endloop
  endfacet
  facet normal -0.626704 0 -0.779257
    outer loop
      vertex 85.5884 -15.2 18.8987
      vertex 85.4939 -16 18.9747
      vertex 85.4939 -15.2 18.9747
    endloop
  endfacet
  facet normal -0.709125 0 -0.705082
    outer loop
      vertex 85.4939 -16 18.9747
      vertex 85.4067 -15.2 19.0624
      vertex 85.4939 -15.2 18.9747
    endloop
  endfacet
  facet normal -0.709125 -0 -0.705082
    outer loop
      vertex 85.4067 -15.2 19.0624
      vertex 85.4939 -16 18.9747
      vertex 85.4067 -16 19.0624
    endloop
  endfacet
  facet normal -0.778339 0 -0.627844
    outer loop
      vertex 85.4067 -16 19.0624
      vertex 85.3266 -15.2 19.1617
      vertex 85.4067 -15.2 19.0624
    endloop
  endfacet
  facet normal -0.778339 -0 -0.627844
    outer loop
      vertex 85.3266 -15.2 19.1617
      vertex 85.4067 -16 19.0624
      vertex 85.3266 -16 19.1617
    endloop
  endfacet
  facet normal -0.837701 0 -0.54613
    outer loop
      vertex 85.3266 -16 19.1617
      vertex 85.2543 -15.2 19.2726
      vertex 85.3266 -15.2 19.1617
    endloop
  endfacet
  facet normal -0.837701 -0 -0.54613
    outer loop
      vertex 85.2543 -15.2 19.2726
      vertex 85.3266 -16 19.1617
      vertex 85.2543 -16 19.2726
    endloop
  endfacet
  facet normal -0.8863 0 -0.463112
    outer loop
      vertex 85.2543 -16 19.2726
      vertex 85.1905 -15.2 19.3947
      vertex 85.2543 -15.2 19.2726
    endloop
  endfacet
  facet normal -0.8863 -0 -0.463112
    outer loop
      vertex 85.1905 -15.2 19.3947
      vertex 85.2543 -16 19.2726
      vertex 85.1905 -16 19.3947
    endloop
  endfacet
  facet normal -0.924017 0 -0.382352
    outer loop
      vertex 85.1905 -16 19.3947
      vertex 85.1353 -15.2 19.5281
      vertex 85.1905 -15.2 19.3947
    endloop
  endfacet
  facet normal -0.924017 -0 -0.382352
    outer loop
      vertex 85.1353 -15.2 19.5281
      vertex 85.1905 -16 19.3947
      vertex 85.1353 -16 19.5281
    endloop
  endfacet
  facet normal -0.951411 0 -0.307925
    outer loop
      vertex 85.1353 -16 19.5281
      vertex 85.0885 -15.2 19.6727
      vertex 85.1353 -15.2 19.5281
    endloop
  endfacet
  facet normal -0.951411 -0 -0.307925
    outer loop
      vertex 85.0885 -15.2 19.6727
      vertex 85.1353 -16 19.5281
      vertex 85.0885 -16 19.6727
    endloop
  endfacet
  facet normal -0.971268 0 -0.237989
    outer loop
      vertex 85.0885 -16 19.6727
      vertex 85.0503 -15.2 19.8286
      vertex 85.0885 -15.2 19.6727
    endloop
  endfacet
  facet normal -0.971268 -0 -0.237989
    outer loop
      vertex 85.0503 -15.2 19.8286
      vertex 85.0885 -16 19.6727
      vertex 85.0503 -16 19.8286
    endloop
  endfacet
  facet normal -0.984486 0 -0.175465
    outer loop
      vertex 85.0503 -16 19.8286
      vertex 85.0205 -15.2 19.9958
      vertex 85.0503 -15.2 19.8286
    endloop
  endfacet
  facet normal -0.984486 -0 -0.175465
    outer loop
      vertex 85.0205 -15.2 19.9958
      vertex 85.0503 -16 19.8286
      vertex 85.0205 -16 19.9958
    endloop
  endfacet
  facet normal -0.993013 0 -0.118004
    outer loop
      vertex 85.0205 -16 19.9958
      vertex 84.9993 -15.2 20.1742
      vertex 85.0205 -15.2 19.9958
    endloop
  endfacet
  facet normal -0.993013 -0 -0.118004
    outer loop
      vertex 84.9993 -15.2 20.1742
      vertex 85.0205 -16 19.9958
      vertex 84.9993 -16 20.1742
    endloop
  endfacet
  facet normal -0.997729 0 -0.0673572
    outer loop
      vertex 84.9993 -16 20.1742
      vertex 84.9865 -15.2 20.3638
      vertex 84.9993 -15.2 20.1742
    endloop
  endfacet
  facet normal -0.997729 -0 -0.0673572
    outer loop
      vertex 84.9865 -15.2 20.3638
      vertex 84.9993 -16 20.1742
      vertex 84.9865 -16 20.3638
    endloop
  endfacet
  facet normal -0.999782 0 -0.020891
    outer loop
      vertex 84.9865 -16 20.3638
      vertex 84.9823 -15.2 20.5648
      vertex 84.9865 -15.2 20.3638
    endloop
  endfacet
  facet normal -0.999782 -0 -0.020891
    outer loop
      vertex 84.9823 -15.2 20.5648
      vertex 84.9865 -16 20.3638
      vertex 84.9823 -16 20.5648
    endloop
  endfacet
  facet normal -0 0 1
    outer loop
      vertex 84.9823 -15.2 20.5648
      vertex 89.0665 -16 20.5648
      vertex 89.0665 -15.2 20.5648
    endloop
  endfacet
  facet normal 0 0 1
    outer loop
      vertex 89.0665 -16 20.5648
      vertex 84.9823 -15.2 20.5648
      vertex 84.9823 -16 20.5648
    endloop
  endfacet
  facet normal -1 0 0
    outer loop
      vertex 89.0665 -16 20.5648
      vertex 89.0665 -15.2 20.6118
      vertex 89.0665 -15.2 20.5648
    endloop
  endfacet
  facet normal -1 -0 0
    outer loop
      vertex 89.0665 -15.2 20.6118
      vertex 89.0665 -16 20.5648
      vertex 89.0665 -16 20.6118
    endloop
  endfacet
  facet normal -0.999725 0 -0.0234702
    outer loop
      vertex 89.0665 -16 20.6118
      vertex 89.0576 -15.2 20.9909
      vertex 89.0665 -15.2 20.6118
    endloop
  endfacet
  facet normal -0.999725 -0 -0.0234702
    outer loop
      vertex 89.0576 -15.2 20.9909
      vertex 89.0665 -16 20.6118
      vertex 89.0576 -16 20.9909
    endloop
  endfacet
  facet normal -0.997214 0 -0.0745893
    outer loop
      vertex 89.0576 -16 20.9909
      vertex 89.0308 -15.2 21.3492
      vertex 89.0576 -15.2 20.9909
    endloop
  endfacet
  facet normal -0.997214 -0 -0.0745893
    outer loop
      vertex 89.0308 -15.2 21.3492
      vertex 89.0576 -16 20.9909
      vertex 89.0308 -16 21.3492
    endloop
  endfacet
  facet normal -0.991338 0 -0.131336
    outer loop
      vertex 89.0308 -16 21.3492
      vertex 88.9861 -15.2 21.6866
      vertex 89.0308 -15.2 21.3492
    endloop
  endfacet
  facet normal -0.991338 -0 -0.131336
    outer loop
      vertex 88.9861 -15.2 21.6866
      vertex 89.0308 -16 21.3492
      vertex 88.9861 -16 21.6866
    endloop
  endfacet
  facet normal -0.981007 0 -0.193971
    outer loop
      vertex 88.9861 -16 21.6866
      vertex 88.9235 -15.2 22.0032
      vertex 88.9861 -15.2 21.6866
    endloop
  endfacet
  facet normal -0.981007 -0 -0.193971
    outer loop
      vertex 88.9235 -15.2 22.0032
      vertex 88.9861 -16 21.6866
      vertex 88.9235 -16 22.0032
    endloop
  endfacet
  facet normal -0.964989 0 -0.262289
    outer loop
      vertex 88.9235 -16 22.0032
      vertex 88.8431 -15.2 22.299
      vertex 88.9235 -15.2 22.0032
    endloop
  endfacet
  facet normal -0.964989 -0 -0.262289
    outer loop
      vertex 88.8431 -15.2 22.299
      vertex 88.9235 -16 22.0032
      vertex 88.8431 -16 22.299
    endloop
  endfacet
  facet normal -0.94161 0 -0.336705
    outer loop
      vertex 88.8431 -16 22.299
      vertex 88.7448 -15.2 22.5739
      vertex 88.8431 -15.2 22.299
    endloop
  endfacet
  facet normal -0.94161 -0 -0.336705
    outer loop
      vertex 88.7448 -15.2 22.5739
      vertex 88.8431 -16 22.299
      vertex 88.7448 -16 22.5739
    endloop
  endfacet
  facet normal -0.909358 0 -0.416014
    outer loop
      vertex 88.7448 -16 22.5739
      vertex 88.6286 -15.2 22.8279
      vertex 88.7448 -15.2 22.5739
    endloop
  endfacet
  facet normal -0.909358 -0 -0.416014
    outer loop
      vertex 88.6286 -15.2 22.8279
      vertex 88.7448 -16 22.5739
      vertex 88.6286 -16 22.8279
    endloop
  endfacet
  facet normal -0.867143 0 -0.498059
    outer loop
      vertex 88.6286 -16 22.8279
      vertex 88.4946 -15.2 23.0612
      vertex 88.6286 -15.2 22.8279
    endloop
  endfacet
  facet normal -0.867143 -0 -0.498059
    outer loop
      vertex 88.4946 -15.2 23.0612
      vertex 88.6286 -16 22.8279
      vertex 88.4946 -16 23.0612
    endloop
  endfacet
  facet normal -0.813267 0 -0.58189
    outer loop
      vertex 88.4946 -16 23.0612
      vertex 88.3427 -15.2 23.2735
      vertex 88.4946 -15.2 23.0612
    endloop
  endfacet
  facet normal -0.813267 -0 -0.58189
    outer loop
      vertex 88.3427 -15.2 23.2735
      vertex 88.4946 -16 23.0612
      vertex 88.3427 -16 23.2735
    endloop
  endfacet
  facet normal -0.748772 0 -0.662828
    outer loop
      vertex 88.3427 -16 23.2735
      vertex 88.1738 -15.2 23.4643
      vertex 88.3427 -15.2 23.2735
    endloop
  endfacet
  facet normal -0.748772 -0 -0.662828
    outer loop
      vertex 88.1738 -15.2 23.4643
      vertex 88.3427 -16 23.2735
      vertex 88.1738 -16 23.4643
    endloop
  endfacet
  facet normal -0.67333 0 -0.739342
    outer loop
      vertex 87.989 -16 23.6326
      vertex 88.1738 -15.2 23.4643
      vertex 88.1738 -16 23.4643
    endloop
  endfacet
  facet normal -0.67333 0 -0.739342
    outer loop
      vertex 88.1738 -15.2 23.4643
      vertex 87.989 -16 23.6326
      vertex 87.989 -15.2 23.6326
    endloop
  endfacet
  facet normal -0.587621 0 -0.809136
    outer loop
      vertex 87.7881 -16 23.7785
      vertex 87.989 -15.2 23.6326
      vertex 87.989 -16 23.6326
    endloop
  endfacet
  facet normal -0.587621 0 -0.809136
    outer loop
      vertex 87.989 -15.2 23.6326
      vertex 87.7881 -16 23.7785
      vertex 87.7881 -15.2 23.7785
    endloop
  endfacet
  facet normal -0.49467 0 -0.869081
    outer loop
      vertex 87.5713 -16 23.9019
      vertex 87.7881 -15.2 23.7785
      vertex 87.7881 -16 23.7785
    endloop
  endfacet
  facet normal -0.49467 0 -0.869081
    outer loop
      vertex 87.7881 -15.2 23.7785
      vertex 87.5713 -16 23.9019
      vertex 87.5713 -15.2 23.9019
    endloop
  endfacet
  facet normal -0.398006 0 -0.917383
    outer loop
      vertex 87.3385 -16 24.0029
      vertex 87.5713 -15.2 23.9019
      vertex 87.5713 -16 23.9019
    endloop
  endfacet
  facet normal -0.398006 0 -0.917383
    outer loop
      vertex 87.5713 -15.2 23.9019
      vertex 87.3385 -16 24.0029
      vertex 87.3385 -15.2 24.0029
    endloop
  endfacet
  facet normal -0.301003 0 -0.953623
    outer loop
      vertex 87.0898 -16 24.0814
      vertex 87.3385 -15.2 24.0029
      vertex 87.3385 -16 24.0029
    endloop
  endfacet
  facet normal -0.301003 0 -0.953623
    outer loop
      vertex 87.3385 -15.2 24.0029
      vertex 87.0898 -16 24.0814
      vertex 87.0898 -15.2 24.0814
    endloop
  endfacet
  facet normal -0.207258 0 -0.978286
    outer loop
      vertex 86.825 -16 24.1375
      vertex 87.0898 -15.2 24.0814
      vertex 87.0898 -16 24.0814
    endloop
  endfacet
  facet normal -0.207258 0 -0.978286
    outer loop
      vertex 87.0898 -15.2 24.0814
      vertex 86.825 -16 24.1375
      vertex 86.825 -15.2 24.1375
    endloop
  endfacet
  facet normal -0.119159 0 -0.992875
    outer loop
      vertex 86.5442 -16 24.1712
      vertex 86.825 -15.2 24.1375
      vertex 86.825 -16 24.1375
    endloop
  endfacet
  facet normal -0.119159 0 -0.992875
    outer loop
      vertex 86.825 -15.2 24.1375
      vertex 86.5442 -16 24.1712
      vertex 86.5442 -15.2 24.1712
    endloop
  endfacet
  facet normal -0.0377217 0 -0.999288
    outer loop
      vertex 86.2475 -16 24.1824
      vertex 86.5442 -15.2 24.1712
      vertex 86.5442 -16 24.1712
    endloop
  endfacet
  facet normal -0.0377217 0 -0.999288
    outer loop
      vertex 86.5442 -15.2 24.1712
      vertex 86.2475 -16 24.1824
      vertex 86.2475 -15.2 24.1824
    endloop
  endfacet
  facet normal 0.0337428 0 -0.999431
    outer loop
      vertex 85.9365 -16 24.1719
      vertex 86.2475 -15.2 24.1824
      vertex 86.2475 -16 24.1824
    endloop
  endfacet
  facet normal 0.0337428 0 -0.999431
    outer loop
      vertex 86.2475 -15.2 24.1824
      vertex 85.9365 -16 24.1719
      vertex 85.9365 -15.2 24.1719
    endloop
  endfacet
  facet normal 0.105878 0 -0.994379
    outer loop
      vertex 85.6416 -16 24.1405
      vertex 85.9365 -15.2 24.1719
      vertex 85.9365 -16 24.1719
    endloop
  endfacet
  facet normal 0.105878 0 -0.994379
    outer loop
      vertex 85.9365 -15.2 24.1719
      vertex 85.6416 -16 24.1405
      vertex 85.6416 -15.2 24.1405
    endloop
  endfacet
  facet normal 0.184033 0 -0.98292
    outer loop
      vertex 85.3628 -16 24.0883
      vertex 85.6416 -15.2 24.1405
      vertex 85.6416 -16 24.1405
    endloop
  endfacet
  facet normal 0.184033 0 -0.98292
    outer loop
      vertex 85.6416 -15.2 24.1405
      vertex 85.3628 -16 24.0883
      vertex 85.3628 -15.2 24.0883
    endloop
  endfacet
  facet normal 0.268419 0 -0.963302
    outer loop
      vertex 85.1001 -16 24.0151
      vertex 85.3628 -15.2 24.0883
      vertex 85.3628 -16 24.0883
    endloop
  endfacet
  facet normal 0.268419 0 -0.963302
    outer loop
      vertex 85.3628 -15.2 24.0883
      vertex 85.1001 -16 24.0151
      vertex 85.1001 -15.2 24.0151
    endloop
  endfacet
  facet normal 0.356972 0 -0.934115
    outer loop
      vertex 84.8536 -16 23.9209
      vertex 85.1001 -15.2 24.0151
      vertex 85.1001 -16 24.0151
    endloop
  endfacet
  facet normal 0.356972 0 -0.934115
    outer loop
      vertex 85.1001 -15.2 24.0151
      vertex 84.8536 -16 23.9209
      vertex 84.8536 -15.2 23.9209
    endloop
  endfacet
  facet normal 0.446747 0 -0.89466
    outer loop
      vertex 84.6233 -16 23.8059
      vertex 84.8536 -15.2 23.9209
      vertex 84.8536 -16 23.9209
    endloop
  endfacet
  facet normal 0.446747 0 -0.89466
    outer loop
      vertex 84.8536 -15.2 23.9209
      vertex 84.6233 -16 23.8059
      vertex 84.6233 -15.2 23.8059
    endloop
  endfacet
  facet normal 0.535549 0 -0.844504
    outer loop
      vertex 84.409 -16 23.67
      vertex 84.6233 -15.2 23.8059
      vertex 84.6233 -16 23.8059
    endloop
  endfacet
  facet normal 0.535549 0 -0.844504
    outer loop
      vertex 84.6233 -15.2 23.8059
      vertex 84.409 -16 23.67
      vertex 84.409 -15.2 23.67
    endloop
  endfacet
  facet normal 0.620875 0 -0.783909
    outer loop
      vertex 84.2109 -16 23.5131
      vertex 84.409 -15.2 23.67
      vertex 84.409 -16 23.67
    endloop
  endfacet
  facet normal 0.620875 0 -0.783909
    outer loop
      vertex 84.409 -15.2 23.67
      vertex 84.2109 -16 23.5131
      vertex 84.2109 -15.2 23.5131
    endloop
  endfacet
  facet normal 0.698805 0 -0.715312
    outer loop
      vertex 84.0289 -16 23.3353
      vertex 84.2109 -15.2 23.5131
      vertex 84.2109 -16 23.5131
    endloop
  endfacet
  facet normal 0.698805 0 -0.715312
    outer loop
      vertex 84.2109 -15.2 23.5131
      vertex 84.0289 -16 23.3353
      vertex 84.0289 -15.2 23.3353
    endloop
  endfacet
  facet normal 0.768285 0 -0.640108
    outer loop
      vertex 84.0289 -16 23.3353
      vertex 83.8646 -15.2 23.1381
      vertex 84.0289 -15.2 23.3353
    endloop
  endfacet
  facet normal 0.768285 0 -0.640108
    outer loop
      vertex 83.8646 -15.2 23.1381
      vertex 84.0289 -16 23.3353
      vertex 83.8646 -16 23.1381
    endloop
  endfacet
  facet normal 0.829612 0 -0.558341
    outer loop
      vertex 83.8646 -16 23.1381
      vertex 83.7197 -15.2 22.9228
      vertex 83.8646 -15.2 23.1381
    endloop
  endfacet
  facet normal 0.829612 0 -0.558341
    outer loop
      vertex 83.7197 -15.2 22.9228
      vertex 83.8646 -16 23.1381
      vertex 83.7197 -16 22.9228
    endloop
  endfacet
  facet normal 0.880265 0 -0.474482
    outer loop
      vertex 83.7197 -16 22.9228
      vertex 83.594 -15.2 22.6896
      vertex 83.7197 -15.2 22.9228
    endloop
  endfacet
  facet normal 0.880265 0 -0.474482
    outer loop
      vertex 83.594 -15.2 22.6896
      vertex 83.7197 -16 22.9228
      vertex 83.594 -16 22.6896
    endloop
  endfacet
  facet normal 0.920993 0 -0.38958
    outer loop
      vertex 83.594 -16 22.6896
      vertex 83.4877 -15.2 22.4383
      vertex 83.594 -15.2 22.6896
    endloop
  endfacet
  facet normal 0.920993 0 -0.38958
    outer loop
      vertex 83.4877 -15.2 22.4383
      vertex 83.594 -16 22.6896
      vertex 83.4877 -16 22.4383
    endloop
  endfacet
  facet normal 0.951679 0 -0.307096
    outer loop
      vertex 83.4877 -16 22.4383
      vertex 83.4008 -15.2 22.169
      vertex 83.4877 -15.2 22.4383
    endloop
  endfacet
  facet normal 0.951679 0 -0.307096
    outer loop
      vertex 83.4008 -15.2 22.169
      vertex 83.4877 -16 22.4383
      vertex 83.4008 -16 22.169
    endloop
  endfacet
  facet normal 0.973342 0 -0.22936
    outer loop
      vertex 83.4008 -16 22.169
      vertex 83.3331 -15.2 21.8817
      vertex 83.4008 -15.2 22.169
    endloop
  endfacet
  facet normal 0.973342 0 -0.22936
    outer loop
      vertex 83.3331 -15.2 21.8817
      vertex 83.4008 -16 22.169
      vertex 83.3331 -16 21.8817
    endloop
  endfacet
  facet normal 0.987716 0 -0.156262
    outer loop
      vertex 83.3331 -16 21.8817
      vertex 83.2848 -15.2 21.5764
      vertex 83.3331 -15.2 21.8817
    endloop
  endfacet
  facet normal 0.987716 0 -0.156262
    outer loop
      vertex 83.2848 -15.2 21.5764
      vertex 83.3331 -16 21.8817
      vertex 83.2848 -16 21.5764
    endloop
  endfacet
  facet normal 0.996001 0 -0.0893413
    outer loop
      vertex 83.2848 -16 21.5764
      vertex 83.2558 -15.2 21.2531
      vertex 83.2848 -15.2 21.5764
    endloop
  endfacet
  facet normal 0.996001 0 -0.0893413
    outer loop
      vertex 83.2558 -15.2 21.2531
      vertex 83.2848 -16 21.5764
      vertex 83.2558 -16 21.2531
    endloop
  endfacet
  facet normal 0.999605 0 -0.0281166
    outer loop
      vertex 83.2558 -16 21.2531
      vertex 83.2462 -15.2 20.9118
      vertex 83.2558 -15.2 21.2531
    endloop
  endfacet
  facet normal 0.999605 0 -0.0281166
    outer loop
      vertex 83.2462 -15.2 20.9118
      vertex 83.2558 -16 21.2531
      vertex 83.2462 -16 20.9118
    endloop
  endfacet
  facet normal 0.999637 -0 0.0269482
    outer loop
      vertex 83.2462 -16 20.9118
      vertex 83.2557 -15.2 20.5594
      vertex 83.2462 -15.2 20.9118
    endloop
  endfacet
  facet normal 0.999637 0 0.0269482
    outer loop
      vertex 83.2557 -15.2 20.5594
      vertex 83.2462 -16 20.9118
      vertex 83.2557 -16 20.5594
    endloop
  endfacet
  facet normal 0.996364 -0 0.0851976
    outer loop
      vertex 83.2557 -16 20.5594
      vertex 83.2842 -15.2 20.2261
      vertex 83.2557 -15.2 20.5594
    endloop
  endfacet
  facet normal 0.996364 0 0.0851976
    outer loop
      vertex 83.2842 -15.2 20.2261
      vertex 83.2557 -16 20.5594
      vertex 83.2842 -16 20.2261
    endloop
  endfacet
  facet normal 0.988697 -0 0.149927
    outer loop
      vertex 83.2842 -16 20.2261
      vertex 83.3318 -15.2 19.9122
      vertex 83.2842 -15.2 20.2261
    endloop
  endfacet
  facet normal 0.988697 0 0.149927
    outer loop
      vertex 83.3318 -15.2 19.9122
      vertex 83.2842 -16 20.2261
      vertex 83.3318 -16 19.9122
    endloop
  endfacet
  facet normal 0.975418 -0 0.220362
    outer loop
      vertex 83.3318 -16 19.9122
      vertex 83.3984 -15.2 19.6174
      vertex 83.3318 -15.2 19.9122
    endloop
  endfacet
  facet normal 0.975418 0 0.220362
    outer loop
      vertex 83.3984 -15.2 19.6174
      vertex 83.3318 -16 19.9122
      vertex 83.3984 -16 19.6174
    endloop
  endfacet
  facet normal 0.954868 -0 0.297031
    outer loop
      vertex 83.3984 -16 19.6174
      vertex 83.4841 -15.2 19.3419
      vertex 83.3984 -15.2 19.6174
    endloop
  endfacet
  facet normal 0.954868 0 0.297031
    outer loop
      vertex 83.4841 -15.2 19.3419
      vertex 83.3984 -16 19.6174
      vertex 83.4841 -16 19.3419
    endloop
  endfacet
  facet normal 0.925685 -0 0.378295
    outer loop
      vertex 83.4841 -16 19.3419
      vertex 83.5888 -15.2 19.0857
      vertex 83.4841 -15.2 19.3419
    endloop
  endfacet
  facet normal 0.925685 0 0.378295
    outer loop
      vertex 83.5888 -15.2 19.0857
      vertex 83.4841 -16 19.3419
      vertex 83.5888 -16 19.0857
    endloop
  endfacet
  facet normal 0.886511 -0 0.462707
    outer loop
      vertex 83.5888 -16 19.0857
      vertex 83.7125 -15.2 18.8487
      vertex 83.5888 -15.2 19.0857
    endloop
  endfacet
  facet normal 0.886511 0 0.462707
    outer loop
      vertex 83.7125 -15.2 18.8487
      vertex 83.5888 -16 19.0857
      vertex 83.7125 -16 18.8487
    endloop
  endfacet
  facet normal 0.836279 -0 0.548304
    outer loop
      vertex 83.7125 -16 18.8487
      vertex 83.8553 -15.2 18.6309
      vertex 83.7125 -15.2 18.8487
    endloop
  endfacet
  facet normal 0.836279 0 0.548304
    outer loop
      vertex 83.8553 -15.2 18.6309
      vertex 83.7125 -16 18.8487
      vertex 83.8553 -16 18.6309
    endloop
  endfacet
  facet normal 0.775122 -0 0.631812
    outer loop
      vertex 83.8553 -16 18.6309
      vertex 84.0171 -15.2 18.4324
      vertex 83.8553 -15.2 18.6309
    endloop
  endfacet
  facet normal 0.775122 0 0.631812
    outer loop
      vertex 84.0171 -15.2 18.4324
      vertex 83.8553 -16 18.6309
      vertex 84.0171 -16 18.4324
    endloop
  endfacet
  facet normal 0.70493 0 0.709277
    outer loop
      vertex 84.0171 -15.2 18.4324
      vertex 84.1966 -16 18.254
      vertex 84.1966 -15.2 18.254
    endloop
  endfacet
  facet normal 0.70493 0 0.709277
    outer loop
      vertex 84.1966 -16 18.254
      vertex 84.0171 -15.2 18.4324
      vertex 84.0171 -16 18.4324
    endloop
  endfacet
  facet normal 0.626149 0 0.779703
    outer loop
      vertex 84.1966 -15.2 18.254
      vertex 84.3926 -16 18.0966
      vertex 84.3926 -15.2 18.0966
    endloop
  endfacet
  facet normal 0.626149 0 0.779703
    outer loop
      vertex 84.3926 -16 18.0966
      vertex 84.1966 -15.2 18.254
      vertex 84.1966 -16 18.254
    endloop
  endfacet
  facet normal 0.540537 0 0.84132
    outer loop
      vertex 84.3926 -15.2 18.0966
      vertex 84.6049 -16 17.9602
      vertex 84.6049 -15.2 17.9602
    endloop
  endfacet
  facet normal 0.540537 0 0.84132
    outer loop
      vertex 84.6049 -16 17.9602
      vertex 84.3926 -15.2 18.0966
      vertex 84.3926 -16 18.0966
    endloop
  endfacet
  facet normal 0.450644 0 0.892704
    outer loop
      vertex 84.6049 -15.2 17.9602
      vertex 84.8337 -16 17.8447
      vertex 84.8337 -15.2 17.8447
    endloop
  endfacet
  facet normal 0.450644 0 0.892704
    outer loop
      vertex 84.8337 -16 17.8447
      vertex 84.6049 -15.2 17.9602
      vertex 84.6049 -16 17.9602
    endloop
  endfacet
  facet normal 0.359285 0 0.933228
    outer loop
      vertex 84.8337 -15.2 17.8447
      vertex 85.0789 -16 17.7503
      vertex 85.0789 -15.2 17.7503
    endloop
  endfacet
  facet normal 0.359285 0 0.933228
    outer loop
      vertex 85.0789 -16 17.7503
      vertex 84.8337 -15.2 17.8447
      vertex 84.8337 -16 17.8447
    endloop
  endfacet
  facet normal 0.270394 0 0.96275
    outer loop
      vertex 85.0789 -15.2 17.7503
      vertex 85.3406 -16 17.6768
      vertex 85.3406 -15.2 17.6768
    endloop
  endfacet
  facet normal 0.270394 0 0.96275
    outer loop
      vertex 85.3406 -16 17.6768
      vertex 85.0789 -15.2 17.7503
      vertex 85.0789 -16 17.7503
    endloop
  endfacet
  facet normal 0.185228 0 0.982696
    outer loop
      vertex 85.3406 -15.2 17.6768
      vertex 85.6186 -16 17.6244
      vertex 85.6186 -15.2 17.6244
    endloop
  endfacet
  facet normal 0.185228 0 0.982696
    outer loop
      vertex 85.6186 -16 17.6244
      vertex 85.3406 -15.2 17.6768
      vertex 85.3406 -16 17.6768
    endloop
  endfacet
  facet normal 0.106354 0 0.994328
    outer loop
      vertex 85.6186 -15.2 17.6244
      vertex 85.9131 -16 17.5929
      vertex 85.9131 -15.2 17.5929
    endloop
  endfacet
  facet normal 0.106354 0 0.994328
    outer loop
      vertex 85.9131 -16 17.5929
      vertex 85.6186 -15.2 17.6244
      vertex 85.6186 -16 17.6244
    endloop
  endfacet
  facet normal 0.0337537 0 0.99943
    outer loop
      vertex 85.9131 -15.2 17.5929
      vertex 86.224 -16 17.5824
      vertex 86.224 -15.2 17.5824
    endloop
  endfacet
  facet normal 0.0337537 0 0.99943
    outer loop
      vertex 86.224 -16 17.5824
      vertex 85.9131 -15.2 17.5929
      vertex 85.9131 -16 17.5929
    endloop
  endfacet
  facet normal -0.048015 0 0.998847
    outer loop
      vertex 86.224 -15.2 17.5824
      vertex 86.6671 -16 17.6037
      vertex 86.6671 -15.2 17.6037
    endloop
  endfacet
  facet normal -0.048015 0 0.998847
    outer loop
      vertex 86.6671 -16 17.6037
      vertex 86.224 -15.2 17.5824
      vertex 86.224 -16 17.5824
    endloop
  endfacet
  facet normal -0.998845 0 0.0480457
    outer loop
      vertex 84.994 -16 21.6001
      vertex 85.0016 -15.2 21.7581
      vertex 84.994 -15.2 21.6001
    endloop
  endfacet
  facet normal -0.998845 0 0.0480457
    outer loop
      vertex 85.0016 -15.2 21.7581
      vertex 84.994 -16 21.6001
      vertex 85.0016 -16 21.7581
    endloop
  endfacet
  facet normal -0.995109 0 0.0987817
    outer loop
      vertex 85.0016 -16 21.7581
      vertex 85.0165 -15.2 21.9082
      vertex 85.0016 -15.2 21.7581
    endloop
  endfacet
  facet normal -0.995109 0 0.0987817
    outer loop
      vertex 85.0165 -15.2 21.9082
      vertex 85.0016 -16 21.7581
      vertex 85.0165 -16 21.9082
    endloop
  endfacet
  facet normal -0.987926 0 0.154928
    outer loop
      vertex 85.0165 -16 21.9082
      vertex 85.0388 -15.2 22.0504
      vertex 85.0165 -15.2 21.9082
    endloop
  endfacet
  facet normal -0.987926 0 0.154928
    outer loop
      vertex 85.0388 -15.2 22.0504
      vertex 85.0165 -16 21.9082
      vertex 85.0388 -16 22.0504
    endloop
  endfacet
  facet normal -0.976494 0 0.215542
    outer loop
      vertex 85.0388 -16 22.0504
      vertex 85.0684 -15.2 22.1845
      vertex 85.0388 -15.2 22.0504
    endloop
  endfacet
  facet normal -0.976494 0 0.215542
    outer loop
      vertex 85.0684 -15.2 22.1845
      vertex 85.0388 -16 22.0504
      vertex 85.0684 -16 22.1845
    endloop
  endfacet
  facet normal -0.959547 0 0.281548
    outer loop
      vertex 85.0684 -16 22.1845
      vertex 85.1054 -15.2 22.3106
      vertex 85.0684 -15.2 22.1845
    endloop
  endfacet
  facet normal -0.959547 0 0.281548
    outer loop
      vertex 85.1054 -15.2 22.3106
      vertex 85.0684 -16 22.1845
      vertex 85.1054 -16 22.3106
    endloop
  endfacet
  facet normal -0.936394 0 0.35095
    outer loop
      vertex 85.1054 -16 22.3106
      vertex 85.1497 -15.2 22.4288
      vertex 85.1054 -15.2 22.3106
    endloop
  endfacet
  facet normal -0.936394 0 0.35095
    outer loop
      vertex 85.1497 -15.2 22.4288
      vertex 85.1054 -16 22.3106
      vertex 85.1497 -16 22.4288
    endloop
  endfacet
  facet normal -0.905489 0 0.424371
    outer loop
      vertex 85.1497 -16 22.4288
      vertex 85.2013 -15.2 22.5389
      vertex 85.1497 -15.2 22.4288
    endloop
  endfacet
  facet normal -0.905489 0 0.424371
    outer loop
      vertex 85.2013 -15.2 22.5389
      vertex 85.1497 -16 22.4288
      vertex 85.2013 -16 22.5389
    endloop
  endfacet
  facet normal -0.866044 0 0.499967
    outer loop
      vertex 85.2013 -16 22.5389
      vertex 85.2603 -15.2 22.6411
      vertex 85.2013 -15.2 22.5389
    endloop
  endfacet
  facet normal -0.866044 0 0.499967
    outer loop
      vertex 85.2603 -15.2 22.6411
      vertex 85.2013 -16 22.5389
      vertex 85.2603 -16 22.6411
    endloop
  endfacet
  facet normal -0.817761 0 0.575558
    outer loop
      vertex 85.2603 -16 22.6411
      vertex 85.3266 -15.2 22.7353
      vertex 85.2603 -15.2 22.6411
    endloop
  endfacet
  facet normal -0.817761 0 0.575558
    outer loop
      vertex 85.3266 -15.2 22.7353
      vertex 85.2603 -16 22.6411
      vertex 85.3266 -16 22.7353
    endloop
  endfacet
  facet normal -0.758502 0 0.651671
    outer loop
      vertex 85.3266 -16 22.7353
      vertex 85.3998 -15.2 22.8205
      vertex 85.3266 -15.2 22.7353
    endloop
  endfacet
  facet normal -0.758502 0 0.651671
    outer loop
      vertex 85.3998 -15.2 22.8205
      vertex 85.3266 -16 22.7353
      vertex 85.3998 -16 22.8205
    endloop
  endfacet
  facet normal -0.685365 0 0.7282
    outer loop
      vertex 85.3998 -15.2 22.8205
      vertex 85.4797 -16 22.8957
      vertex 85.4797 -15.2 22.8957
    endloop
  endfacet
  facet normal -0.685365 0 0.7282
    outer loop
      vertex 85.4797 -16 22.8957
      vertex 85.3998 -15.2 22.8205
      vertex 85.3998 -16 22.8205
    endloop
  endfacet
  facet normal -0.601329 0 0.799001
    outer loop
      vertex 85.4797 -15.2 22.8957
      vertex 85.5662 -16 22.9608
      vertex 85.5662 -15.2 22.9608
    endloop
  endfacet
  facet normal -0.601329 0 0.799001
    outer loop
      vertex 85.5662 -16 22.9608
      vertex 85.4797 -15.2 22.8957
      vertex 85.4797 -16 22.8957
    endloop
  endfacet
  facet normal -0.510005 0 0.860171
    outer loop
      vertex 85.5662 -15.2 22.9608
      vertex 85.6593 -16 23.016
      vertex 85.6593 -15.2 23.016
    endloop
  endfacet
  facet normal -0.510005 0 0.860171
    outer loop
      vertex 85.6593 -16 23.016
      vertex 85.5662 -15.2 22.9608
      vertex 85.5662 -16 22.9608
    endloop
  endfacet
  facet normal -0.41215 0 0.911116
    outer loop
      vertex 85.6593 -15.2 23.016
      vertex 85.759 -16 23.0611
      vertex 85.759 -15.2 23.0611
    endloop
  endfacet
  facet normal -0.41215 0 0.911116
    outer loop
      vertex 85.759 -16 23.0611
      vertex 85.6593 -15.2 23.016
      vertex 85.6593 -16 23.016
    endloop
  endfacet
  facet normal -0.312476 0 0.949926
    outer loop
      vertex 85.759 -15.2 23.0611
      vertex 85.8654 -16 23.0961
      vertex 85.8654 -15.2 23.0961
    endloop
  endfacet
  facet normal -0.312476 0 0.949926
    outer loop
      vertex 85.8654 -16 23.0961
      vertex 85.759 -15.2 23.0611
      vertex 85.759 -16 23.0611
    endloop
  endfacet
  facet normal -0.217022 0 0.976167
    outer loop
      vertex 85.8654 -15.2 23.0961
      vertex 85.9783 -16 23.1212
      vertex 85.9783 -15.2 23.1212
    endloop
  endfacet
  facet normal -0.217022 0 0.976167
    outer loop
      vertex 85.9783 -16 23.1212
      vertex 85.8654 -15.2 23.0961
      vertex 85.8654 -16 23.0961
    endloop
  endfacet
  facet normal -0.125363 0 0.992111
    outer loop
      vertex 85.9783 -15.2 23.1212
      vertex 86.0978 -16 23.1363
      vertex 86.0978 -15.2 23.1363
    endloop
  endfacet
  facet normal -0.125363 0 0.992111
    outer loop
      vertex 86.0978 -16 23.1363
      vertex 85.9783 -15.2 23.1212
      vertex 85.9783 -16 23.1212
    endloop
  endfacet
  facet normal -0.0395886 0 0.999216
    outer loop
      vertex 86.0978 -15.2 23.1363
      vertex 86.224 -16 23.1413
      vertex 86.224 -15.2 23.1413
    endloop
  endfacet
  facet normal -0.0395886 0 0.999216
    outer loop
      vertex 86.224 -16 23.1413
      vertex 86.0978 -15.2 23.1363
      vertex 86.0978 -16 23.1363
    endloop
  endfacet
  facet normal 0.0403711 0 0.999185
    outer loop
      vertex 86.224 -15.2 23.1413
      vertex 86.3428 -16 23.1365
      vertex 86.3428 -15.2 23.1365
    endloop
  endfacet
  facet normal 0.0403711 0 0.999185
    outer loop
      vertex 86.3428 -16 23.1365
      vertex 86.224 -15.2 23.1413
      vertex 86.224 -16 23.1413
    endloop
  endfacet
  facet normal 0.125111 0 0.992143
    outer loop
      vertex 86.3428 -15.2 23.1365
      vertex 86.4562 -16 23.1222
      vertex 86.4562 -15.2 23.1222
    endloop
  endfacet
  facet normal 0.125111 0 0.992143
    outer loop
      vertex 86.4562 -16 23.1222
      vertex 86.3428 -15.2 23.1365
      vertex 86.3428 -16 23.1365
    endloop
  endfacet
  facet normal 0.215587 0 0.976485
    outer loop
      vertex 86.4562 -15.2 23.1222
      vertex 86.564 -16 23.0984
      vertex 86.564 -15.2 23.0984
    endloop
  endfacet
  facet normal 0.215587 0 0.976485
    outer loop
      vertex 86.564 -16 23.0984
      vertex 86.4562 -15.2 23.1222
      vertex 86.4562 -16 23.1222
    endloop
  endfacet
  facet normal 0.308687 0 0.951164
    outer loop
      vertex 86.564 -15.2 23.0984
      vertex 86.6663 -16 23.0652
      vertex 86.6663 -15.2 23.0652
    endloop
  endfacet
  facet normal 0.308687 0 0.951164
    outer loop
      vertex 86.6663 -16 23.0652
      vertex 86.564 -15.2 23.0984
      vertex 86.564 -16 23.0984
    endloop
  endfacet
  facet normal 0.405174 0 0.914239
    outer loop
      vertex 86.6663 -15.2 23.0652
      vertex 86.7631 -16 23.0223
      vertex 86.7631 -15.2 23.0223
    endloop
  endfacet
  facet normal 0.405174 0 0.914239
    outer loop
      vertex 86.7631 -16 23.0223
      vertex 86.6663 -15.2 23.0652
      vertex 86.6663 -16 23.0652
    endloop
  endfacet
  facet normal 0.49747 0 0.867481
    outer loop
      vertex 86.7631 -15.2 23.0223
      vertex 86.8543 -16 22.97
      vertex 86.8543 -15.2 22.97
    endloop
  endfacet
  facet normal 0.49747 0 0.867481
    outer loop
      vertex 86.8543 -16 22.97
      vertex 86.7631 -15.2 23.0223
      vertex 86.7631 -16 23.0223
    endloop
  endfacet
  facet normal 0.584454 0 0.811427
    outer loop
      vertex 86.8543 -15.2 22.97
      vertex 86.9401 -16 22.9082
      vertex 86.9401 -15.2 22.9082
    endloop
  endfacet
  facet normal 0.584454 0 0.811427
    outer loop
      vertex 86.9401 -16 22.9082
      vertex 86.8543 -15.2 22.97
      vertex 86.8543 -16 22.97
    endloop
  endfacet
  facet normal 0.664942 0 0.746895
    outer loop
      vertex 86.9401 -15.2 22.9082
      vertex 87.0203 -16 22.8368
      vertex 87.0203 -15.2 22.8368
    endloop
  endfacet
  facet normal 0.664942 0 0.746895
    outer loop
      vertex 87.0203 -16 22.8368
      vertex 86.9401 -15.2 22.9082
      vertex 86.9401 -16 22.9082
    endloop
  endfacet
  facet normal 0.734699 -0 0.678393
    outer loop
      vertex 87.0203 -16 22.8368
      vertex 87.095 -15.2 22.7559
      vertex 87.0203 -15.2 22.8368
    endloop
  endfacet
  facet normal 0.734699 0 0.678393
    outer loop
      vertex 87.095 -15.2 22.7559
      vertex 87.0203 -16 22.8368
      vertex 87.095 -16 22.7559
    endloop
  endfacet
  facet normal 0.796706 -0 0.604367
    outer loop
      vertex 87.095 -16 22.7559
      vertex 87.1635 -15.2 22.6656
      vertex 87.095 -15.2 22.7559
    endloop
  endfacet
  facet normal 0.796706 0 0.604367
    outer loop
      vertex 87.1635 -15.2 22.6656
      vertex 87.095 -16 22.7559
      vertex 87.1635 -16 22.6656
    endloop
  endfacet
  facet normal 0.850809 -0 0.525475
    outer loop
      vertex 87.1635 -16 22.6656
      vertex 87.2252 -15.2 22.5657
      vertex 87.1635 -15.2 22.6656
    endloop
  endfacet
  facet normal 0.850809 0 0.525475
    outer loop
      vertex 87.2252 -15.2 22.5657
      vertex 87.1635 -16 22.6656
      vertex 87.2252 -16 22.5657
    endloop
  endfacet
  facet normal 0.8941 -0 0.447867
    outer loop
      vertex 87.2252 -16 22.5657
      vertex 87.28 -15.2 22.4563
      vertex 87.2252 -15.2 22.5657
    endloop
  endfacet
  facet normal 0.8941 0 0.447867
    outer loop
      vertex 87.28 -15.2 22.4563
      vertex 87.2252 -16 22.5657
      vertex 87.28 -16 22.4563
    endloop
  endfacet
  facet normal 0.927127 -0 0.374746
    outer loop
      vertex 87.28 -16 22.4563
      vertex 87.3281 -15.2 22.3373
      vertex 87.28 -15.2 22.4563
    endloop
  endfacet
  facet normal 0.927127 0 0.374746
    outer loop
      vertex 87.3281 -15.2 22.3373
      vertex 87.28 -16 22.4563
      vertex 87.3281 -16 22.3373
    endloop
  endfacet
  facet normal 0.952183 -0 0.305529
    outer loop
      vertex 87.3281 -16 22.3373
      vertex 87.3693 -15.2 22.2089
      vertex 87.3281 -15.2 22.3373
    endloop
  endfacet
  facet normal 0.952183 0 0.305529
    outer loop
      vertex 87.3693 -15.2 22.2089
      vertex 87.3281 -16 22.3373
      vertex 87.3693 -16 22.2089
    endloop
  endfacet
  facet normal 0.970432 -0 0.241376
    outer loop
      vertex 87.3693 -16 22.2089
      vertex 87.4036 -15.2 22.071
      vertex 87.3693 -15.2 22.2089
    endloop
  endfacet
  facet normal 0.970432 0 0.241376
    outer loop
      vertex 87.4036 -15.2 22.071
      vertex 87.3693 -16 22.2089
      vertex 87.4036 -16 22.071
    endloop
  endfacet
  facet normal 0.98294 -0 0.183926
    outer loop
      vertex 87.4036 -16 22.071
      vertex 87.4312 -15.2 21.9235
      vertex 87.4036 -15.2 22.071
    endloop
  endfacet
  facet normal 0.98294 0 0.183926
    outer loop
      vertex 87.4312 -15.2 21.9235
      vertex 87.4036 -16 22.071
      vertex 87.4312 -16 21.9235
    endloop
  endfacet
  facet normal 0.99142 -0 0.130716
    outer loop
      vertex 87.4312 -16 21.9235
      vertex 87.4519 -15.2 21.7665
      vertex 87.4312 -15.2 21.9235
    endloop
  endfacet
  facet normal 0.99142 0 0.130716
    outer loop
      vertex 87.4519 -15.2 21.7665
      vertex 87.4312 -16 21.9235
      vertex 87.4519 -16 21.7665
    endloop
  endfacet
  facet normal 0.996529 -0 0.0832437
    outer loop
      vertex 87.4519 -16 21.7665
      vertex 87.4658 -15.2 21.6001
      vertex 87.4519 -15.2 21.7665
    endloop
  endfacet
  facet normal 0.996529 0 0.0832437
    outer loop
      vertex 87.4658 -15.2 21.6001
      vertex 87.4519 -16 21.7665
      vertex 87.4658 -16 21.6001
    endloop
  endfacet
  facet normal 0 0 -1
    outer loop
      vertex 84.994 -16 21.6001
      vertex 87.4658 -15.2 21.6001
      vertex 87.4658 -16 21.6001
    endloop
  endfacet
  facet normal -0 0 -1
    outer loop
      vertex 87.4658 -15.2 21.6001
      vertex 84.994 -16 21.6001
      vertex 84.994 -15.2 21.6001
    endloop
  endfacet
  facet normal 0 0 -1
    outer loop
      vertex 94.2416 -16 24.0648
      vertex 95.9718 -15.2 24.0648
      vertex 95.9718 -16 24.0648
    endloop
  endfacet
  facet normal -0 0 -1
    outer loop
      vertex 95.9718 -15.2 24.0648
      vertex 94.2416 -16 24.0648
      vertex 94.2416 -15.2 24.0648
    endloop
  endfacet
  facet normal 0.950411 0 -0.310996
    outer loop
      vertex 94.2416 -16 24.0648
      vertex 93.9935 -15.2 23.3066
      vertex 94.2416 -15.2 24.0648
    endloop
  endfacet
  facet normal 0.950411 0 -0.310996
    outer loop
      vertex 93.9935 -15.2 23.3066
      vertex 94.2416 -16 24.0648
      vertex 93.9935 -16 23.3066
    endloop
  endfacet
  facet normal 0.950595 0 -0.310433
    outer loop
      vertex 93.9935 -16 23.3066
      vertex 93.7699 -15.2 22.6219
      vertex 93.9935 -15.2 23.3066
    endloop
  endfacet
  facet normal 0.950595 0 -0.310433
    outer loop
      vertex 93.7699 -15.2 22.6219
      vertex 93.9935 -16 23.3066
      vertex 93.7699 -16 22.6219
    endloop
  endfacet
  facet normal 0.950808 0 -0.309782
    outer loop
      vertex 93.7699 -16 22.6219
      vertex 93.5707 -15.2 22.0105
      vertex 93.7699 -15.2 22.6219
    endloop
  endfacet
  facet normal 0.950808 0 -0.309782
    outer loop
      vertex 93.5707 -15.2 22.0105
      vertex 93.7699 -16 22.6219
      vertex 93.5707 -16 22.0105
    endloop
  endfacet
  facet normal 0.951077 0 -0.308954
    outer loop
      vertex 93.5707 -16 22.0105
      vertex 93.3959 -15.2 21.4724
      vertex 93.5707 -15.2 22.0105
    endloop
  endfacet
  facet normal 0.951077 0 -0.308954
    outer loop
      vertex 93.3959 -15.2 21.4724
      vertex 93.5707 -16 22.0105
      vertex 93.3959 -16 21.4724
    endloop
  endfacet
  facet normal 0.951411 0 -0.307924
    outer loop
      vertex 93.3959 -16 21.4724
      vertex 93.2455 -15.2 21.0077
      vertex 93.3959 -15.2 21.4724
    endloop
  endfacet
  facet normal 0.951411 0 -0.307924
    outer loop
      vertex 93.2455 -15.2 21.0077
      vertex 93.3959 -16 21.4724
      vertex 93.2455 -16 21.0077
    endloop
  endfacet
  facet normal 0.951892 0 -0.306434
    outer loop
      vertex 93.2455 -16 21.0077
      vertex 93.1195 -15.2 20.6163
      vertex 93.2455 -15.2 21.0077
    endloop
  endfacet
  facet normal 0.951892 0 -0.306434
    outer loop
      vertex 93.1195 -15.2 20.6163
      vertex 93.2455 -16 21.0077
      vertex 93.1195 -16 20.6163
    endloop
  endfacet
  facet normal 0.952563 0 -0.304341
    outer loop
      vertex 93.1195 -16 20.6163
      vertex 93.0179 -15.2 20.2983
      vertex 93.1195 -15.2 20.6163
    endloop
  endfacet
  facet normal 0.952563 0 -0.304341
    outer loop
      vertex 93.0179 -15.2 20.2983
      vertex 93.1195 -16 20.6163
      vertex 93.0179 -16 20.2983
    endloop
  endfacet
  facet normal 0.953742 0 -0.300627
    outer loop
      vertex 93.0179 -16 20.2983
      vertex 92.9408 -15.2 20.0537
      vertex 93.0179 -15.2 20.2983
    endloop
  endfacet
  facet normal 0.953742 0 -0.300627
    outer loop
      vertex 92.9408 -15.2 20.0537
      vertex 93.0179 -16 20.2983
      vertex 92.9408 -16 20.0537
    endloop
  endfacet
  facet normal 0.955683 0 -0.294399
    outer loop
      vertex 92.9408 -16 20.0537
      vertex 92.888 -15.2 19.8823
      vertex 92.9408 -15.2 20.0537
    endloop
  endfacet
  facet normal 0.955683 0 -0.294399
    outer loop
      vertex 92.888 -15.2 19.8823
      vertex 92.9408 -16 20.0537
      vertex 92.888 -16 19.8823
    endloop
  endfacet
  facet normal 0.957887 0 -0.287145
    outer loop
      vertex 92.888 -16 19.8823
      vertex 92.849 -15.2 19.7522
      vertex 92.888 -15.2 19.8823
    endloop
  endfacet
  facet normal 0.957887 0 -0.287145
    outer loop
      vertex 92.849 -15.2 19.7522
      vertex 92.888 -16 19.8823
      vertex 92.849 -16 19.7522
    endloop
  endfacet
  facet normal 0.958542 0 -0.284951
    outer loop
      vertex 92.849 -16 19.7522
      vertex 92.813 -15.2 19.6311
      vertex 92.849 -15.2 19.7522
    endloop
  endfacet
  facet normal 0.958542 0 -0.284951
    outer loop
      vertex 92.813 -15.2 19.6311
      vertex 92.849 -16 19.7522
      vertex 92.813 -16 19.6311
    endloop
  endfacet
  facet normal 0.959529 0 -0.28161
    outer loop
      vertex 92.813 -16 19.6311
      vertex 92.7801 -15.2 19.519
      vertex 92.813 -15.2 19.6311
    endloop
  endfacet
  facet normal 0.959529 0 -0.28161
    outer loop
      vertex 92.7801 -15.2 19.519
      vertex 92.813 -16 19.6311
      vertex 92.7801 -16 19.519
    endloop
  endfacet
  facet normal 0.960747 0 -0.277425
    outer loop
      vertex 92.7801 -16 19.519
      vertex 92.7503 -15.2 19.4158
      vertex 92.7801 -15.2 19.519
    endloop
  endfacet
  facet normal 0.960747 0 -0.277425
    outer loop
      vertex 92.7503 -15.2 19.4158
      vertex 92.7801 -16 19.519
      vertex 92.7503 -16 19.4158
    endloop
  endfacet
  facet normal 0.961755 0 -0.273911
    outer loop
      vertex 92.7503 -16 19.4158
      vertex 92.7235 -15.2 19.3217
      vertex 92.7503 -15.2 19.4158
    endloop
  endfacet
  facet normal 0.961755 0 -0.273911
    outer loop
      vertex 92.7235 -15.2 19.3217
      vertex 92.7503 -16 19.4158
      vertex 92.7235 -16 19.3217
    endloop
  endfacet
  facet normal 0.963046 0 -0.269336
    outer loop
      vertex 92.7235 -16 19.3217
      vertex 92.6997 -15.2 19.2366
      vertex 92.7235 -15.2 19.3217
    endloop
  endfacet
  facet normal 0.963046 0 -0.269336
    outer loop
      vertex 92.6997 -15.2 19.2366
      vertex 92.7235 -16 19.3217
      vertex 92.6997 -16 19.2366
    endloop
  endfacet
  facet normal 0.964939 0 -0.262474
    outer loop
      vertex 92.6997 -16 19.2366
      vertex 92.679 -15.2 19.1605
      vertex 92.6997 -15.2 19.2366
    endloop
  endfacet
  facet normal 0.964939 0 -0.262474
    outer loop
      vertex 92.679 -15.2 19.1605
      vertex 92.6997 -16 19.2366
      vertex 92.679 -16 19.1605
    endloop
  endfacet
  facet normal 0.966925 0 -0.255061
    outer loop
      vertex 92.679 -16 19.1605
      vertex 92.6613 -15.2 19.0934
      vertex 92.679 -15.2 19.1605
    endloop
  endfacet
  facet normal 0.966925 0 -0.255061
    outer loop
      vertex 92.6613 -15.2 19.0934
      vertex 92.679 -16 19.1605
      vertex 92.6613 -16 19.0934
    endloop
  endfacet
  facet normal 0.970241 0 -0.242143
    outer loop
      vertex 92.6613 -16 19.0934
      vertex 92.6468 -15.2 19.0353
      vertex 92.6613 -15.2 19.0934
    endloop
  endfacet
  facet normal 0.970241 0 -0.242143
    outer loop
      vertex 92.6468 -15.2 19.0353
      vertex 92.6613 -16 19.0934
      vertex 92.6468 -16 19.0353
    endloop
  endfacet
  facet normal -0.962804 0 -0.2702
    outer loop
      vertex 92.6468 -16 19.0353
      vertex 92.5765 -15.2 19.2858
      vertex 92.6468 -15.2 19.0353
    endloop
  endfacet
  facet normal -0.962804 -0 -0.2702
    outer loop
      vertex 92.5765 -15.2 19.2858
      vertex 92.6468 -16 19.0353
      vertex 92.5765 -16 19.2858
    endloop
  endfacet
  facet normal -0.962706 0 -0.270551
    outer loop
      vertex 92.5765 -16 19.2858
      vertex 92.5122 -15.2 19.5146
      vertex 92.5765 -15.2 19.2858
    endloop
  endfacet
  facet normal -0.962706 -0 -0.270551
    outer loop
      vertex 92.5122 -15.2 19.5146
      vertex 92.5765 -16 19.2858
      vertex 92.5122 -16 19.5146
    endloop
  endfacet
  facet normal -0.962552 0 -0.271096
    outer loop
      vertex 92.5122 -16 19.5146
      vertex 92.4539 -15.2 19.7216
      vertex 92.5122 -15.2 19.5146
    endloop
  endfacet
  facet normal -0.962552 -0 -0.271096
    outer loop
      vertex 92.4539 -15.2 19.7216
      vertex 92.5122 -16 19.5146
      vertex 92.4539 -16 19.7216
    endloop
  endfacet
  facet normal -0.962227 0 -0.27225
    outer loop
      vertex 92.4539 -16 19.7216
      vertex 92.4015 -15.2 19.9068
      vertex 92.4539 -15.2 19.7216
    endloop
  endfacet
  facet normal -0.962227 -0 -0.27225
    outer loop
      vertex 92.4015 -15.2 19.9068
      vertex 92.4539 -16 19.7216
      vertex 92.4015 -16 19.9068
    endloop
  endfacet
  facet normal -0.961967 0 -0.273166
    outer loop
      vertex 92.4015 -16 19.9068
      vertex 92.3551 -15.2 20.0702
      vertex 92.4015 -15.2 19.9068
    endloop
  endfacet
  facet normal -0.961967 -0 -0.273166
    outer loop
      vertex 92.3551 -15.2 20.0702
      vertex 92.4015 -16 19.9068
      vertex 92.3551 -16 20.0702
    endloop
  endfacet
  facet normal -0.961447 0 -0.27499
    outer loop
      vertex 92.3551 -16 20.0702
      vertex 92.3146 -15.2 20.2118
      vertex 92.3551 -15.2 20.0702
    endloop
  endfacet
  facet normal -0.961447 -0 -0.27499
    outer loop
      vertex 92.3146 -15.2 20.2118
      vertex 92.3551 -16 20.0702
      vertex 92.3146 -16 20.2118
    endloop
  endfacet
  facet normal -0.960733 0 -0.277474
    outer loop
      vertex 92.3146 -16 20.2118
      vertex 92.28 -15.2 20.3316
      vertex 92.3146 -15.2 20.2118
    endloop
  endfacet
  facet normal -0.960733 -0 -0.277474
    outer loop
      vertex 92.28 -15.2 20.3316
      vertex 92.3146 -16 20.2118
      vertex 92.28 -16 20.3316
    endloop
  endfacet
  facet normal -0.960295 0 -0.278985
    outer loop
      vertex 92.28 -16 20.3316
      vertex 92.2515 -15.2 20.4297
      vertex 92.28 -15.2 20.3316
    endloop
  endfacet
  facet normal -0.960295 -0 -0.278985
    outer loop
      vertex 92.2515 -15.2 20.4297
      vertex 92.28 -16 20.3316
      vertex 92.2515 -16 20.4297
    endloop
  endfacet
  facet normal -0.958823 0 -0.284003
    outer loop
      vertex 92.2515 -16 20.4297
      vertex 92.2289 -15.2 20.506
      vertex 92.2515 -15.2 20.4297
    endloop
  endfacet
  facet normal -0.958823 -0 -0.284003
    outer loop
      vertex 92.2289 -15.2 20.506
      vertex 92.2515 -16 20.4297
      vertex 92.2289 -16 20.506
    endloop
  endfacet
  facet normal -0.954474 0 -0.298293
    outer loop
      vertex 92.2289 -16 20.506
      vertex 91.1167 -15.2 24.0648
      vertex 92.2289 -15.2 20.506
    endloop
  endfacet
  facet normal -0.954474 -0 -0.298293
    outer loop
      vertex 91.1167 -15.2 24.0648
      vertex 92.2289 -16 20.506
      vertex 91.1167 -16 24.0648
    endloop
  endfacet
  facet normal 0 0 -1
    outer loop
      vertex 89.3689 -16 24.0648
      vertex 91.1167 -15.2 24.0648
      vertex 91.1167 -16 24.0648
    endloop
  endfacet
  facet normal -0 0 -1
    outer loop
      vertex 91.1167 -15.2 24.0648
      vertex 89.3689 -16 24.0648
      vertex 89.3689 -15.2 24.0648
    endloop
  endfacet
  facet normal 0.941542 -0 0.336895
    outer loop
      vertex 89.3689 -16 24.0648
      vertex 91.6463 -15.2 17.7
      vertex 89.3689 -15.2 24.0648
    endloop
  endfacet
  facet normal 0.941542 0 0.336895
    outer loop
      vertex 91.6463 -15.2 17.7
      vertex 89.3689 -16 24.0648
      vertex 91.6463 -16 17.7
    endloop
  endfacet
  facet normal -0 0 1
    outer loop
      vertex 91.6463 -15.2 17.7
      vertex 93.6237 -16 17.7
      vertex 93.6237 -15.2 17.7
    endloop
  endfacet
  facet normal 0 0 1
    outer loop
      vertex 93.6237 -16 17.7
      vertex 91.6463 -15.2 17.7
      vertex 91.6463 -16 17.7
    endloop
  endfacet
  facet normal -0.938191 0 0.346117
    outer loop
      vertex 93.6237 -16 17.7
      vertex 95.9718 -15.2 24.0648
      vertex 93.6237 -15.2 17.7
    endloop
  endfacet
  facet normal -0.938191 0 0.346117
    outer loop
      vertex 95.9718 -15.2 24.0648
      vertex 93.6237 -16 17.7
      vertex 95.9718 -16 24.0648
    endloop
  endfacet
  facet normal 0 0 1
    outer loop
      vertex 92.8 13.271 35.2
      vertex 90.3952 10.136 35.2
      vertex 92.8 11.2782 35.2
    endloop
  endfacet
  facet normal 0 -0 1
    outer loop
      vertex 90.3952 10.136 35.2
      vertex 92.8 13.271 35.2
      vertex 86.2 10.136 35.2
    endloop
  endfacet
  facet normal 0 0 1
    outer loop
      vertex 90.3952 10.136 35.2
      vertex 92.8 7.00099 35.2
      vertex 92.8 8.99373 35.2
    endloop
  endfacet
  facet normal 0 0 1
    outer loop
      vertex 92.8 7.00099 35.2
      vertex 90.3952 10.136 35.2
      vertex 86.2 10.136 35.2
    endloop
  endfacet
  facet normal -0 0 1
    outer loop
      vertex 88.2255 -7.01674 35.2
      vertex 88.5235 -8.63359 35.2
      vertex 88.4411 -6.96812 35.2
    endloop
  endfacet
  facet normal -0 0 1
    outer loop
      vertex 88.0205 -7.07886 35.2
      vertex 88.5235 -8.63359 35.2
      vertex 88.2255 -7.01674 35.2
    endloop
  endfacet
  facet normal 0 0 1
    outer loop
      vertex 88.5235 -8.63359 35.2
      vertex 88.0205 -7.07886 35.2
      vertex 88.4174 -8.6519 35.2
    endloop
  endfacet
  facet normal -0 0 1
    outer loop
      vertex 87.8261 -7.1545 35.2
      vertex 88.4174 -8.6519 35.2
      vertex 88.0205 -7.07886 35.2
    endloop
  endfacet
  facet normal 0 0 1
    outer loop
      vertex 88.4174 -8.6519 35.2
      vertex 87.8261 -7.1545 35.2
      vertex 88.3162 -8.67543 35.2
    endloop
  endfacet
  facet normal -0 0 1
    outer loop
      vertex 87.6423 -7.24364 35.2
      vertex 88.3162 -8.67543 35.2
      vertex 87.8261 -7.1545 35.2
    endloop
  endfacet
  facet normal 0 0 1
    outer loop
      vertex 88.3162 -8.67543 35.2
      vertex 87.6423 -7.24364 35.2
      vertex 88.2199 -8.70419 35.2
    endloop
  endfacet
  facet normal -0 0 1
    outer loop
      vertex 87.4691 -7.34631 35.2
      vertex 88.2199 -8.70419 35.2
      vertex 87.6423 -7.24364 35.2
    endloop
  endfacet
  facet normal 0 0 1
    outer loop
      vertex 88.2199 -8.70419 35.2
      vertex 87.4691 -7.34631 35.2
      vertex 88.1284 -8.73819 35.2
    endloop
  endfacet
  facet normal -0 0 1
    outer loop
      vertex 87.3065 -7.46248 35.2
      vertex 88.1284 -8.73819 35.2
      vertex 87.4691 -7.34631 35.2
    endloop
  endfacet
  facet normal 0 0 1
    outer loop
      vertex 88.1284 -8.73819 35.2
      vertex 87.3065 -7.46248 35.2
      vertex 88.0418 -8.7774 35.2
    endloop
  endfacet
  facet normal -0 0 1
    outer loop
      vertex 87.1545 -7.59218 35.2
      vertex 88.0418 -8.7774 35.2
      vertex 87.3065 -7.46248 35.2
    endloop
  endfacet
  facet normal 0 0 1
    outer loop
      vertex 88.0418 -8.7774 35.2
      vertex 87.1545 -7.59218 35.2
      vertex 87.9601 -8.82185 35.2
    endloop
  endfacet
  facet normal -0 0 1
    outer loop
      vertex 87.0131 -7.7354 35.2
      vertex 87.9601 -8.82185 35.2
      vertex 87.1545 -7.59218 35.2
    endloop
  endfacet
  facet normal 0 0 1
    outer loop
      vertex 87.9601 -8.82185 35.2
      vertex 87.0131 -7.7354 35.2
      vertex 87.8832 -8.87155 35.2
    endloop
  endfacet
  facet normal -0 0 1
    outer loop
      vertex 86.8823 -7.89211 35.2
      vertex 87.8832 -8.87155 35.2
      vertex 87.0131 -7.7354 35.2
    endloop
  endfacet
  facet normal 0 0 1
    outer loop
      vertex 87.8832 -8.87155 35.2
      vertex 86.8823 -7.89211 35.2
      vertex 87.8112 -8.92648 35.2
    endloop
  endfacet
  facet normal -0 0 1
    outer loop
      vertex 86.7638 -8.06038 35.2
      vertex 87.8112 -8.92648 35.2
      vertex 86.8823 -7.89211 35.2
    endloop
  endfacet
  facet normal 0 0 1
    outer loop
      vertex 87.8112 -8.92648 35.2
      vertex 86.7638 -8.06038 35.2
      vertex 87.7441 -8.98663 35.2
    endloop
  endfacet
  facet normal -0 0 1
    outer loop
      vertex 86.6592 -8.23822 35.2
      vertex 87.7441 -8.98663 35.2
      vertex 86.7638 -8.06038 35.2
    endloop
  endfacet
  facet normal 0 0 1
    outer loop
      vertex 87.7441 -8.98663 35.2
      vertex 86.6592 -8.23822 35.2
      vertex 87.683 -9.05232 35.2
    endloop
  endfacet
  facet normal -0 0 1
    outer loop
      vertex 86.5686 -8.42567 35.2
      vertex 87.683 -9.05232 35.2
      vertex 86.6592 -8.23822 35.2
    endloop
  endfacet
  facet normal 0 0 1
    outer loop
      vertex 87.683 -9.05232 35.2
      vertex 86.5686 -8.42567 35.2
      vertex 87.629 -9.12381 35.2
    endloop
  endfacet
  facet normal -0 0 1
    outer loop
      vertex 86.4919 -8.6227 35.2
      vertex 87.629 -9.12381 35.2
      vertex 86.5686 -8.42567 35.2
    endloop
  endfacet
  facet normal 0 0 1
    outer loop
      vertex 87.629 -9.12381 35.2
      vertex 86.4919 -8.6227 35.2
      vertex 87.5823 -9.20111 35.2
    endloop
  endfacet
  facet normal 0 -0 1
    outer loop
      vertex 86.3285 -10.0679 35.2
      vertex 87.4529 -9.78705 35.2
      vertex 86.3176 -9.75172 35.2
    endloop
  endfacet
  facet normal -0 0 1
    outer loop
      vertex 86.4292 -8.82932 35.2
      vertex 87.5823 -9.20111 35.2
      vertex 86.4919 -8.6227 35.2
    endloop
  endfacet
  facet normal 0 0 1
    outer loop
      vertex 87.5823 -9.20111 35.2
      vertex 86.4292 -8.82932 35.2
      vertex 87.5427 -9.28424 35.2
    endloop
  endfacet
  facet normal 0 -0 1
    outer loop
      vertex 86.3611 -10.3676 35.2
      vertex 87.4529 -9.78705 35.2
      vertex 86.3285 -10.0679 35.2
    endloop
  endfacet
  facet normal -0 0 1
    outer loop
      vertex 86.3804 -9.04553 35.2
      vertex 87.5427 -9.28424 35.2
      vertex 86.4292 -8.82932 35.2
    endloop
  endfacet
  facet normal 0 0 1
    outer loop
      vertex 87.4529 -9.78705 35.2
      vertex 87.1971 -12.0058 35.2
      vertex 87.4011 -12.1725 35.2
    endloop
  endfacet
  facet normal 0 0 1
    outer loop
      vertex 87.5427 -9.28424 35.2
      vertex 86.3804 -9.04553 35.2
      vertex 87.5104 -9.37317 35.2
    endloop
  endfacet
  facet normal 0 0 1
    outer loop
      vertex 87.4529 -9.78705 35.2
      vertex 87.0125 -11.821 35.2
      vertex 87.1971 -12.0058 35.2
    endloop
  endfacet
  facet normal -0 0 1
    outer loop
      vertex 86.3455 -9.27135 35.2
      vertex 87.5104 -9.37317 35.2
      vertex 86.3804 -9.04553 35.2
    endloop
  endfacet
  facet normal 0 0 1
    outer loop
      vertex 87.4529 -9.78705 35.2
      vertex 86.8496 -11.6198 35.2
      vertex 87.0125 -11.821 35.2
    endloop
  endfacet
  facet normal 0 0 1
    outer loop
      vertex 87.5104 -9.37317 35.2
      vertex 86.3455 -9.27135 35.2
      vertex 87.4852 -9.46793 35.2
    endloop
  endfacet
  facet normal 0 0 1
    outer loop
      vertex 87.4852 -9.46793 35.2
      vertex 86.3455 -9.27135 35.2
      vertex 87.4672 -9.56848 35.2
    endloop
  endfacet
  facet normal 0 0 1
    outer loop
      vertex 87.4529 -9.78705 35.2
      vertex 86.7085 -11.4022 35.2
      vertex 86.8496 -11.6198 35.2
    endloop
  endfacet
  facet normal -0 0 1
    outer loop
      vertex 86.3246 -9.50673 35.2
      vertex 87.4672 -9.56848 35.2
      vertex 86.3455 -9.27135 35.2
    endloop
  endfacet
  facet normal 0 0 1
    outer loop
      vertex 87.4529 -9.78705 35.2
      vertex 86.5891 -11.1682 35.2
      vertex 86.7085 -11.4022 35.2
    endloop
  endfacet
  facet normal 0 0 1
    outer loop
      vertex 87.4672 -9.56848 35.2
      vertex 86.3246 -9.50673 35.2
      vertex 87.4565 -9.67485 35.2
    endloop
  endfacet
  facet normal 0 0 1
    outer loop
      vertex 87.4529 -9.78705 35.2
      vertex 86.4153 -10.6509 35.2
      vertex 86.4913 -10.9177 35.2
    endloop
  endfacet
  facet normal 0 0 1
    outer loop
      vertex 86.3176 -9.75172 35.2
      vertex 87.4565 -9.67485 35.2
      vertex 86.3246 -9.50673 35.2
    endloop
  endfacet
  facet normal 0 0 1
    outer loop
      vertex 87.4529 -9.78705 35.2
      vertex 86.4913 -10.9177 35.2
      vertex 86.5891 -11.1682 35.2
    endloop
  endfacet
  facet normal 0 0 1
    outer loop
      vertex 87.4565 -9.67485 35.2
      vertex 86.3176 -9.75172 35.2
      vertex 87.4529 -9.78705 35.2
    endloop
  endfacet
  facet normal 0 -0 1
    outer loop
      vertex 86.4153 -10.6509 35.2
      vertex 87.4529 -9.78705 35.2
      vertex 86.3611 -10.3676 35.2
    endloop
  endfacet
  facet normal 0 0 1
    outer loop
      vertex 92.9142 -9.60582 35.2
      vertex 91.7845 -9.6608 35.2
      vertex 91.7882 -9.76353 35.2
    endloop
  endfacet
  facet normal 0 0 1
    outer loop
      vertex 91.9579 -7.47615 35.2
      vertex 91.7735 -9.56183 35.2
      vertex 91.7845 -9.6608 35.2
    endloop
  endfacet
  facet normal 0 0 1
    outer loop
      vertex 91.9579 -7.47615 35.2
      vertex 91.7552 -9.46666 35.2
      vertex 91.7735 -9.56183 35.2
    endloop
  endfacet
  facet normal 0 0 1
    outer loop
      vertex 91.0712 -8.69627 35.2
      vertex 91.8471 -7.38885 35.2
      vertex 91.7316 -7.30811 35.2
    endloop
  endfacet
  facet normal 0 0 1
    outer loop
      vertex 91.9579 -7.47615 35.2
      vertex 91.7295 -9.37526 35.2
      vertex 91.7552 -9.46666 35.2
    endloop
  endfacet
  facet normal 0 0 1
    outer loop
      vertex 91.9579 -7.47615 35.2
      vertex 91.6965 -9.28764 35.2
      vertex 91.7295 -9.37526 35.2
    endloop
  endfacet
  facet normal 0 0 1
    outer loop
      vertex 91.9579 -7.47615 35.2
      vertex 91.6562 -9.2038 35.2
      vertex 91.6965 -9.28764 35.2
    endloop
  endfacet
  facet normal 0 0 1
    outer loop
      vertex 90.9657 -8.65842 35.2
      vertex 91.7316 -7.30811 35.2
      vertex 91.6127 -7.23453 35.2
    endloop
  endfacet
  facet normal 0 0 1
    outer loop
      vertex 91.9579 -7.47615 35.2
      vertex 91.6085 -9.12373 35.2
      vertex 91.6562 -9.2038 35.2
    endloop
  endfacet
  facet normal 0 0 1
    outer loop
      vertex 91.9579 -7.47615 35.2
      vertex 91.5535 -9.04742 35.2
      vertex 91.6085 -9.12373 35.2
    endloop
  endfacet
  facet normal 0 0 1
    outer loop
      vertex 91.9579 -7.47615 35.2
      vertex 91.4912 -8.97493 35.2
      vertex 91.5535 -9.04742 35.2
    endloop
  endfacet
  facet normal 0 0 1
    outer loop
      vertex 90.9657 -8.65842 35.2
      vertex 91.6127 -7.23453 35.2
      vertex 91.4902 -7.16817 35.2
    endloop
  endfacet
  facet normal 0 0 1
    outer loop
      vertex 91.9579 -7.47615 35.2
      vertex 91.4216 -8.90727 35.2
      vertex 91.4912 -8.97493 35.2
    endloop
  endfacet
  facet normal 0 0 1
    outer loop
      vertex 90.8529 -8.62651 35.2
      vertex 91.4902 -7.16817 35.2
      vertex 91.3643 -7.10898 35.2
    endloop
  endfacet
  facet normal 0 0 1
    outer loop
      vertex 91.9579 -7.47615 35.2
      vertex 91.3448 -8.8456 35.2
      vertex 91.4216 -8.90727 35.2
    endloop
  endfacet
  facet normal 0 0 1
    outer loop
      vertex 91.9579 -7.47615 35.2
      vertex 91.2608 -8.78986 35.2
      vertex 91.3448 -8.8456 35.2
    endloop
  endfacet
  facet normal 0 0 1
    outer loop
      vertex 90.8529 -8.62651 35.2
      vertex 91.3643 -7.10898 35.2
      vertex 91.2348 -7.05701 35.2
    endloop
  endfacet
  facet normal 0 0 1
    outer loop
      vertex 91.9579 -7.47615 35.2
      vertex 91.1696 -8.7401 35.2
      vertex 91.2608 -8.78986 35.2
    endloop
  endfacet
  facet normal 0 0 1
    outer loop
      vertex 90.733 -8.60057 35.2
      vertex 91.2348 -7.05701 35.2
      vertex 91.1019 -7.01221 35.2
    endloop
  endfacet
  facet normal 0 0 1
    outer loop
      vertex 91.8471 -7.38885 35.2
      vertex 91.0712 -8.69627 35.2
      vertex 91.1696 -8.7401 35.2
    endloop
  endfacet
  facet normal 0 0 1
    outer loop
      vertex 91.7316 -7.30811 35.2
      vertex 90.9657 -8.65842 35.2
      vertex 91.0712 -8.69627 35.2
    endloop
  endfacet
  facet normal 0 0 1
    outer loop
      vertex 90.733 -8.60057 35.2
      vertex 91.1019 -7.01221 35.2
      vertex 90.9655 -6.97461 35.2
    endloop
  endfacet
  facet normal 0 0 1
    outer loop
      vertex 91.4902 -7.16817 35.2
      vertex 90.8529 -8.62651 35.2
      vertex 90.9657 -8.65842 35.2
    endloop
  endfacet
  facet normal 0 0 1
    outer loop
      vertex 90.6059 -8.58058 35.2
      vertex 90.9655 -6.97461 35.2
      vertex 90.8257 -6.94421 35.2
    endloop
  endfacet
  facet normal 0 0 1
    outer loop
      vertex 91.2348 -7.05701 35.2
      vertex 90.733 -8.60057 35.2
      vertex 90.8529 -8.62651 35.2
    endloop
  endfacet
  facet normal 0 0 1
    outer loop
      vertex 90.6059 -8.58058 35.2
      vertex 90.8257 -6.94421 35.2
      vertex 90.6823 -6.92101 35.2
    endloop
  endfacet
  facet normal 0 0 1
    outer loop
      vertex 90.9655 -6.97461 35.2
      vertex 90.6059 -8.58058 35.2
      vertex 90.733 -8.60057 35.2
    endloop
  endfacet
  facet normal -0 0 1
    outer loop
      vertex 91.7882 -9.76353 35.2
      vertex 92.9176 -9.77525 35.2
      vertex 92.9142 -9.60582 35.2
    endloop
  endfacet
  facet normal 0 0 1
    outer loop
      vertex 91.7845 -9.6608 35.2
      vertex 92.9142 -9.60582 35.2
      vertex 92.9038 -9.44019 35.2
    endloop
  endfacet
  facet normal 0 0 1
    outer loop
      vertex 91.7845 -9.6608 35.2
      vertex 92.9038 -9.44019 35.2
      vertex 92.8866 -9.27831 35.2
    endloop
  endfacet
  facet normal 0 0 1
    outer loop
      vertex 92.9176 -9.77525 35.2
      vertex 91.7882 -9.76353 35.2
      vertex 92.907 -10.0888 35.2
    endloop
  endfacet
  facet normal 0 0 1
    outer loop
      vertex 91.7845 -9.6608 35.2
      vertex 92.8866 -9.27831 35.2
      vertex 92.8624 -9.12022 35.2
    endloop
  endfacet
  facet normal 0 0 1
    outer loop
      vertex 91.7845 -9.6608 35.2
      vertex 92.8624 -9.12022 35.2
      vertex 92.8314 -8.96591 35.2
    endloop
  endfacet
  facet normal -0 0 1
    outer loop
      vertex 91.761 -10.0365 35.2
      vertex 92.907 -10.0888 35.2
      vertex 91.7882 -9.76353 35.2
    endloop
  endfacet
  facet normal 0 0 1
    outer loop
      vertex 91.7845 -9.6608 35.2
      vertex 92.8314 -8.96591 35.2
      vertex 92.7934 -8.81537 35.2
    endloop
  endfacet
  facet normal 0 0 1
    outer loop
      vertex 91.7845 -9.6608 35.2
      vertex 92.7934 -8.81537 35.2
      vertex 92.7486 -8.66862 35.2
    endloop
  endfacet
  facet normal 0 0 1
    outer loop
      vertex 92.907 -10.0888 35.2
      vertex 91.761 -10.0365 35.2
      vertex 92.8751 -10.3861 35.2
    endloop
  endfacet
  facet normal 0 0 1
    outer loop
      vertex 91.7845 -9.6608 35.2
      vertex 92.7486 -8.66862 35.2
      vertex 92.6969 -8.52565 35.2
    endloop
  endfacet
  facet normal -0 0 1
    outer loop
      vertex 91.6796 -10.2773 35.2
      vertex 92.8751 -10.3861 35.2
      vertex 91.761 -10.0365 35.2
    endloop
  endfacet
  facet normal 0 0 1
    outer loop
      vertex 91.7845 -9.6608 35.2
      vertex 92.6969 -8.52565 35.2
      vertex 92.6382 -8.38644 35.2
    endloop
  endfacet
  facet normal 0 0 1
    outer loop
      vertex 91.7845 -9.6608 35.2
      vertex 92.6382 -8.38644 35.2
      vertex 92.5733 -8.25204 35.2
    endloop
  endfacet
  facet normal 0 0 1
    outer loop
      vertex 92.8751 -10.3861 35.2
      vertex 91.6796 -10.2773 35.2
      vertex 92.8219 -10.6672 35.2
    endloop
  endfacet
  facet normal 0 0 1
    outer loop
      vertex 91.7845 -9.6608 35.2
      vertex 92.5733 -8.25204 35.2
      vertex 92.5026 -8.12355 35.2
    endloop
  endfacet
  facet normal 0 0 1
    outer loop
      vertex 91.7845 -9.6608 35.2
      vertex 92.5026 -8.12355 35.2
      vertex 92.4261 -8.00093 35.2
    endloop
  endfacet
  facet normal 0 0 1
    outer loop
      vertex 92.8219 -10.6672 35.2
      vertex 91.6796 -10.2773 35.2
      vertex 92.7474 -10.9319 35.2
    endloop
  endfacet
  facet normal 0 0 1
    outer loop
      vertex 91.7845 -9.6608 35.2
      vertex 92.4261 -8.00093 35.2
      vertex 92.344 -7.8842 35.2
    endloop
  endfacet
  facet normal 0 0 1
    outer loop
      vertex 91.7845 -9.6608 35.2
      vertex 92.344 -7.8842 35.2
      vertex 92.2561 -7.77338 35.2
    endloop
  endfacet
  facet normal -0 0 1
    outer loop
      vertex 91.5437 -10.4861 35.2
      vertex 92.7474 -10.9319 35.2
      vertex 91.6796 -10.2773 35.2
    endloop
  endfacet
  facet normal 0 0 1
    outer loop
      vertex 91.7845 -9.6608 35.2
      vertex 92.2561 -7.77338 35.2
      vertex 92.1624 -7.66841 35.2
    endloop
  endfacet
  facet normal 0 0 1
    outer loop
      vertex 91.7845 -9.6608 35.2
      vertex 92.1624 -7.66841 35.2
      vertex 92.0631 -7.56934 35.2
    endloop
  endfacet
  facet normal 0 0 1
    outer loop
      vertex 92.7474 -10.9319 35.2
      vertex 91.5437 -10.4861 35.2
      vertex 92.6517 -11.1804 35.2
    endloop
  endfacet
  facet normal 0 0 1
    outer loop
      vertex 91.7845 -9.6608 35.2
      vertex 92.0631 -7.56934 35.2
      vertex 91.9579 -7.47615 35.2
    endloop
  endfacet
  facet normal 0 0 1
    outer loop
      vertex 92.6517 -11.1804 35.2
      vertex 91.5437 -10.4861 35.2
      vertex 92.5346 -11.4126 35.2
    endloop
  endfacet
  facet normal 0 0 1
    outer loop
      vertex 91.1696 -8.7401 35.2
      vertex 91.9579 -7.47615 35.2
      vertex 91.8471 -7.38885 35.2
    endloop
  endfacet
  facet normal -0 0 1
    outer loop
      vertex 91.3536 -10.6627 35.2
      vertex 92.5346 -11.4126 35.2
      vertex 91.5437 -10.4861 35.2
    endloop
  endfacet
  facet normal 0 0 1
    outer loop
      vertex 92.5346 -11.4126 35.2
      vertex 91.3536 -10.6627 35.2
      vertex 92.3963 -11.6285 35.2
    endloop
  endfacet
  facet normal 0 0 1
    outer loop
      vertex 92.3963 -11.6285 35.2
      vertex 91.3536 -10.6627 35.2
      vertex 92.2368 -11.8282 35.2
    endloop
  endfacet
  facet normal -0 0 1
    outer loop
      vertex 91.1092 -10.8072 35.2
      vertex 92.2368 -11.8282 35.2
      vertex 91.3536 -10.6627 35.2
    endloop
  endfacet
  facet normal 0 0 1
    outer loop
      vertex 92.2368 -11.8282 35.2
      vertex 91.1092 -10.8072 35.2
      vertex 92.0559 -12.0116 35.2
    endloop
  endfacet
  facet normal 0 0 1
    outer loop
      vertex 92.0559 -12.0116 35.2
      vertex 91.1092 -10.8072 35.2
      vertex 91.856 -12.1771 35.2
    endloop
  endfacet
  facet normal 0 0 1
    outer loop
      vertex 91.856 -12.1771 35.2
      vertex 91.1092 -10.8072 35.2
      vertex 91.6393 -12.3231 35.2
    endloop
  endfacet
  facet normal -0 0 1
    outer loop
      vertex 90.8104 -10.9196 35.2
      vertex 91.6393 -12.3231 35.2
      vertex 91.1092 -10.8072 35.2
    endloop
  endfacet
  facet normal 0 0 1
    outer loop
      vertex 91.6393 -12.3231 35.2
      vertex 90.8104 -10.9196 35.2
      vertex 91.4059 -12.4497 35.2
    endloop
  endfacet
  facet normal 0 0 1
    outer loop
      vertex 91.4059 -12.4497 35.2
      vertex 90.8104 -10.9196 35.2
      vertex 91.1556 -12.5568 35.2
    endloop
  endfacet
  facet normal -0 0 1
    outer loop
      vertex 90.4573 -10.9998 35.2
      vertex 91.1556 -12.5568 35.2
      vertex 90.8104 -10.9196 35.2
    endloop
  endfacet
  facet normal 0 0 1
    outer loop
      vertex 91.1556 -12.5568 35.2
      vertex 90.4573 -10.9998 35.2
      vertex 90.8886 -12.6444 35.2
    endloop
  endfacet
  facet normal 0 0 1
    outer loop
      vertex 90.8886 -12.6444 35.2
      vertex 90.4573 -10.9998 35.2
      vertex 90.6049 -12.7126 35.2
    endloop
  endfacet
  facet normal -0 0 1
    outer loop
      vertex 90.0499 -11.048 35.2
      vertex 90.6049 -12.7126 35.2
      vertex 90.4573 -10.9998 35.2
    endloop
  endfacet
  facet normal 0 0 1
    outer loop
      vertex 90.6049 -12.7126 35.2
      vertex 90.0499 -11.048 35.2
      vertex 90.3043 -12.7612 35.2
    endloop
  endfacet
  facet normal 0 0 1
    outer loop
      vertex 90.0499 -11.048 35.2
      vertex 89.987 -12.7905 35.2
      vertex 90.3043 -12.7612 35.2
    endloop
  endfacet
  facet normal -0 0 1
    outer loop
      vertex 89.5882 -11.0641 35.2
      vertex 89.987 -12.7905 35.2
      vertex 90.0499 -11.048 35.2
    endloop
  endfacet
  facet normal 0 0 1
    outer loop
      vertex 89.987 -12.7905 35.2
      vertex 89.5882 -11.0641 35.2
      vertex 89.6529 -12.8002 35.2
    endloop
  endfacet
  facet normal 0 0 1
    outer loop
      vertex 89.5882 -11.0641 35.2
      vertex 89.3112 -12.7904 35.2
      vertex 89.6529 -12.8002 35.2
    endloop
  endfacet
  facet normal 0 0 1
    outer loop
      vertex 89.14 -11.0483 35.2
      vertex 89.3112 -12.7904 35.2
      vertex 89.5882 -11.0641 35.2
    endloop
  endfacet
  facet normal 0 0 1
    outer loop
      vertex 89.14 -11.0483 35.2
      vertex 88.9867 -12.761 35.2
      vertex 89.3112 -12.7904 35.2
    endloop
  endfacet
  facet normal 0 0 1
    outer loop
      vertex 88.6794 -12.7119 35.2
      vertex 89.14 -11.0483 35.2
      vertex 88.7446 -11.001 35.2
    endloop
  endfacet
  facet normal 0 0 1
    outer loop
      vertex 89.14 -11.0483 35.2
      vertex 88.6794 -12.7119 35.2
      vertex 88.9867 -12.761 35.2
    endloop
  endfacet
  facet normal 0 0 1
    outer loop
      vertex 88.1164 -12.555 35.2
      vertex 88.7446 -11.001 35.2
      vertex 88.4019 -10.9222 35.2
    endloop
  endfacet
  facet normal 0 0 1
    outer loop
      vertex 88.7446 -11.001 35.2
      vertex 88.3893 -12.6433 35.2
      vertex 88.6794 -12.7119 35.2
    endloop
  endfacet
  facet normal 0 0 1
    outer loop
      vertex 88.7446 -11.001 35.2
      vertex 88.1164 -12.555 35.2
      vertex 88.3893 -12.6433 35.2
    endloop
  endfacet
  facet normal 0 0 1
    outer loop
      vertex 87.6223 -12.3196 35.2
      vertex 88.4019 -10.9222 35.2
      vertex 88.1119 -10.8118 35.2
    endloop
  endfacet
  facet normal 0 0 1
    outer loop
      vertex 87.4011 -12.1725 35.2
      vertex 88.1119 -10.8118 35.2
      vertex 87.8746 -10.6699 35.2
    endloop
  endfacet
  facet normal 0 0 1
    outer loop
      vertex 88.4019 -10.9222 35.2
      vertex 87.8608 -12.4471 35.2
      vertex 88.1164 -12.555 35.2
    endloop
  endfacet
  facet normal 0 0 1
    outer loop
      vertex 87.4011 -12.1725 35.2
      vertex 87.8746 -10.6699 35.2
      vertex 87.6901 -10.4965 35.2
    endloop
  endfacet
  facet normal 0 0 1
    outer loop
      vertex 88.4019 -10.9222 35.2
      vertex 87.6223 -12.3196 35.2
      vertex 87.8608 -12.4471 35.2
    endloop
  endfacet
  facet normal 0 0 1
    outer loop
      vertex 87.4011 -12.1725 35.2
      vertex 87.6901 -10.4965 35.2
      vertex 87.5583 -10.2915 35.2
    endloop
  endfacet
  facet normal 0 0 1
    outer loop
      vertex 87.4011 -12.1725 35.2
      vertex 87.5583 -10.2915 35.2
      vertex 87.4792 -10.0551 35.2
    endloop
  endfacet
  facet normal 0 0 1
    outer loop
      vertex 87.4011 -12.1725 35.2
      vertex 87.4792 -10.0551 35.2
      vertex 87.4529 -9.78705 35.2
    endloop
  endfacet
  facet normal 0 0 1
    outer loop
      vertex 88.1119 -10.8118 35.2
      vertex 87.4011 -12.1725 35.2
      vertex 87.6223 -12.3196 35.2
    endloop
  endfacet
  facet normal 0 0 1
    outer loop
      vertex 88.8999 -2.03423 35.2
      vertex 89.9352 -0.433487 35.2
      vertex 89.8882 -0.433487 35.2
    endloop
  endfacet
  facet normal -0 0 1
    outer loop
      vertex 91.8117 -3.19356 35.2
      vertex 92.9176 -3.27602 35.2
      vertex 92.8963 -2.83289 35.2
    endloop
  endfacet
  facet normal 0 0 1
    outer loop
      vertex 91.8059 -3.33122 35.2
      vertex 92.9176 -3.27602 35.2
      vertex 91.8117 -3.19356 35.2
    endloop
  endfacet
  facet normal 0 0 1
    outer loop
      vertex 91.7742 -2.83583 35.2
      vertex 92.8963 -2.83289 35.2
      vertex 92.8322 -2.42421 35.2
    endloop
  endfacet
  facet normal 0 0 1
    outer loop
      vertex 92.9176 -3.27602 35.2
      vertex 91.8059 -3.33122 35.2
      vertex 92.9071 -3.5869 35.2
    endloop
  endfacet
  facet normal -0 0 1
    outer loop
      vertex 91.7883 -3.46169 35.2
      vertex 92.9071 -3.5869 35.2
      vertex 91.8059 -3.33122 35.2
    endloop
  endfacet
  facet normal 0 0 1
    outer loop
      vertex 91.7274 -2.68092 35.2
      vertex 92.8322 -2.42421 35.2
      vertex 92.7255 -2.04996 35.2
    endloop
  endfacet
  facet normal -0 0 1
    outer loop
      vertex 91.7591 -3.58493 35.2
      vertex 92.9071 -3.5869 35.2
      vertex 91.7883 -3.46169 35.2
    endloop
  endfacet
  facet normal 0 0 1
    outer loop
      vertex 91.5775 -2.4191 35.2
      vertex 92.7255 -2.04996 35.2
      vertex 92.576 -1.71014 35.2
    endloop
  endfacet
  facet normal 0 0 1
    outer loop
      vertex 92.9071 -3.5869 35.2
      vertex 91.7591 -3.58493 35.2
      vertex 92.8756 -3.88136 35.2
    endloop
  endfacet
  facet normal -0 0 1
    outer loop
      vertex 91.7182 -3.701 35.2
      vertex 92.8756 -3.88136 35.2
      vertex 91.7591 -3.58493 35.2
    endloop
  endfacet
  facet normal 0 0 1
    outer loop
      vertex 91.4745 -2.31215 35.2
      vertex 92.576 -1.71014 35.2
      vertex 92.3839 -1.40477 35.2
    endloop
  endfacet
  facet normal 0 0 1
    outer loop
      vertex 92.8756 -3.88136 35.2
      vertex 91.7182 -3.701 35.2
      vertex 92.8232 -4.15942 35.2
    endloop
  endfacet
  facet normal 0 0 1
    outer loop
      vertex 91.3527 -2.22121 35.2
      vertex 92.3839 -1.40477 35.2
      vertex 92.149 -1.13383 35.2
    endloop
  endfacet
  facet normal -0 0 1
    outer loop
      vertex 91.6656 -3.80988 35.2
      vertex 92.8232 -4.15942 35.2
      vertex 91.7182 -3.701 35.2
    endloop
  endfacet
  facet normal 0 0 1
    outer loop
      vertex 91.2122 -2.14622 35.2
      vertex 92.149 -1.13383 35.2
      vertex 91.8714 -0.897339 35.2
    endloop
  endfacet
  facet normal 0 0 1
    outer loop
      vertex 92.8232 -4.15942 35.2
      vertex 91.6656 -3.80988 35.2
      vertex 92.7497 -4.42105 35.2
    endloop
  endfacet
  facet normal -0 0 1
    outer loop
      vertex 91.6013 -3.91158 35.2
      vertex 92.7497 -4.42105 35.2
      vertex 91.6656 -3.80988 35.2
    endloop
  endfacet
  facet normal 0 0 1
    outer loop
      vertex 92.8963 -2.83289 35.2
      vertex 91.8024 -3.0067 35.2
      vertex 91.8117 -3.19356 35.2
    endloop
  endfacet
  facet normal 0 0 1
    outer loop
      vertex 92.8963 -2.83289 35.2
      vertex 91.7742 -2.83583 35.2
      vertex 91.8024 -3.0067 35.2
    endloop
  endfacet
  facet normal 0 0 1
    outer loop
      vertex 92.8322 -2.42421 35.2
      vertex 91.7274 -2.68092 35.2
      vertex 91.7742 -2.83583 35.2
    endloop
  endfacet
  facet normal 0 0 1
    outer loop
      vertex 92.7255 -2.04996 35.2
      vertex 91.6618 -2.54202 35.2
      vertex 91.7274 -2.68092 35.2
    endloop
  endfacet
  facet normal 0 0 1
    outer loop
      vertex 92.7255 -2.04996 35.2
      vertex 91.5775 -2.4191 35.2
      vertex 91.6618 -2.54202 35.2
    endloop
  endfacet
  facet normal 0 0 1
    outer loop
      vertex 91.0529 -2.08725 35.2
      vertex 91.8714 -0.897339 35.2
      vertex 91.5511 -0.695267 35.2
    endloop
  endfacet
  facet normal 0 0 1
    outer loop
      vertex 92.576 -1.71014 35.2
      vertex 91.4745 -2.31215 35.2
      vertex 91.5775 -2.4191 35.2
    endloop
  endfacet
  facet normal 0 0 1
    outer loop
      vertex 92.3839 -1.40477 35.2
      vertex 91.3527 -2.22121 35.2
      vertex 91.4745 -2.31215 35.2
    endloop
  endfacet
  facet normal 0 0 1
    outer loop
      vertex 92.149 -1.13383 35.2
      vertex 91.2122 -2.14622 35.2
      vertex 91.3527 -2.22121 35.2
    endloop
  endfacet
  facet normal 0 0 1
    outer loop
      vertex 91.0529 -2.08725 35.2
      vertex 91.5511 -0.695267 35.2
      vertex 91.1882 -0.527634 35.2
    endloop
  endfacet
  facet normal 0 0 1
    outer loop
      vertex 91.8714 -0.897339 35.2
      vertex 91.0529 -2.08725 35.2
      vertex 91.2122 -2.14622 35.2
    endloop
  endfacet
  facet normal 0 0 1
    outer loop
      vertex 92.7497 -4.42105 35.2
      vertex 91.6013 -3.91158 35.2
      vertex 92.6553 -4.66628 35.2
    endloop
  endfacet
  facet normal -0 0 1
    outer loop
      vertex 91.5253 -4.00606 35.2
      vertex 92.6553 -4.66628 35.2
      vertex 91.6013 -3.91158 35.2
    endloop
  endfacet
  facet normal 0 0 1
    outer loop
      vertex 92.6553 -4.66628 35.2
      vertex 91.5253 -4.00606 35.2
      vertex 92.5398 -4.89505 35.2
    endloop
  endfacet
  facet normal -0 0 1
    outer loop
      vertex 91.4376 -4.09334 35.2
      vertex 92.5398 -4.89505 35.2
      vertex 91.5253 -4.00606 35.2
    endloop
  endfacet
  facet normal 0 0 1
    outer loop
      vertex 92.5398 -4.89505 35.2
      vertex 91.4376 -4.09334 35.2
      vertex 92.4034 -5.10744 35.2
    endloop
  endfacet
  facet normal -0 0 1
    outer loop
      vertex 91.3383 -4.17345 35.2
      vertex 92.4034 -5.10744 35.2
      vertex 91.4376 -4.09334 35.2
    endloop
  endfacet
  facet normal 0 0 1
    outer loop
      vertex 92.4034 -5.10744 35.2
      vertex 91.3383 -4.17345 35.2
      vertex 92.246 -5.30339 35.2
    endloop
  endfacet
  facet normal -0 0 1
    outer loop
      vertex 91.2274 -4.24571 35.2
      vertex 92.246 -5.30339 35.2
      vertex 91.3383 -4.17345 35.2
    endloop
  endfacet
  facet normal 0 0 1
    outer loop
      vertex 92.246 -5.30339 35.2
      vertex 91.2274 -4.24571 35.2
      vertex 92.0676 -5.48293 35.2
    endloop
  endfacet
  facet normal -0 0 1
    outer loop
      vertex 91.1053 -4.30946 35.2
      vertex 92.0676 -5.48293 35.2
      vertex 91.2274 -4.24571 35.2
    endloop
  endfacet
  facet normal 0 0 1
    outer loop
      vertex 92.0676 -5.48293 35.2
      vertex 91.1053 -4.30946 35.2
      vertex 91.8691 -5.64473 35.2
    endloop
  endfacet
  facet normal 0 0 1
    outer loop
      vertex 91.8691 -5.64473 35.2
      vertex 91.1053 -4.30946 35.2
      vertex 91.6513 -5.78749 35.2
    endloop
  endfacet
  facet normal -0 0 1
    outer loop
      vertex 90.9719 -4.36472 35.2
      vertex 91.6513 -5.78749 35.2
      vertex 91.1053 -4.30946 35.2
    endloop
  endfacet
  facet normal 0 0 1
    outer loop
      vertex 91.6513 -5.78749 35.2
      vertex 90.9719 -4.36472 35.2
      vertex 91.4143 -5.91121 35.2
    endloop
  endfacet
  facet normal -0 0 1
    outer loop
      vertex 90.8273 -4.41147 35.2
      vertex 91.4143 -5.91121 35.2
      vertex 90.9719 -4.36472 35.2
    endloop
  endfacet
  facet normal 0 0 1
    outer loop
      vertex 91.4143 -5.91121 35.2
      vertex 90.8273 -4.41147 35.2
      vertex 91.1581 -6.0159 35.2
    endloop
  endfacet
  facet normal -0 0 1
    outer loop
      vertex 90.6714 -4.44972 35.2
      vertex 91.1581 -6.0159 35.2
      vertex 90.8273 -4.41147 35.2
    endloop
  endfacet
  facet normal 0 0 1
    outer loop
      vertex 91.1581 -6.0159 35.2
      vertex 90.6714 -4.44972 35.2
      vertex 90.8826 -6.10156 35.2
    endloop
  endfacet
  facet normal -0 0 1
    outer loop
      vertex 90.5042 -4.47948 35.2
      vertex 90.8826 -6.10156 35.2
      vertex 90.6714 -4.44972 35.2
    endloop
  endfacet
  facet normal 0 0 1
    outer loop
      vertex 90.8826 -6.10156 35.2
      vertex 90.5042 -4.47948 35.2
      vertex 90.5878 -6.16818 35.2
    endloop
  endfacet
  facet normal -0 0 1
    outer loop
      vertex 90.3258 -4.50072 35.2
      vertex 90.5878 -6.16818 35.2
      vertex 90.5042 -4.47948 35.2
    endloop
  endfacet
  facet normal 0 0 1
    outer loop
      vertex 90.3258 -4.50072 35.2
      vertex 90.2739 -6.21577 35.2
      vertex 90.5878 -6.16818 35.2
    endloop
  endfacet
  facet normal -0 0 1
    outer loop
      vertex 90.1362 -4.51347 35.2
      vertex 90.2739 -6.21577 35.2
      vertex 90.3258 -4.50072 35.2
    endloop
  endfacet
  facet normal -0 0 1
    outer loop
      vertex 89.9352 -4.51772 35.2
      vertex 90.2739 -6.21577 35.2
      vertex 90.1362 -4.51347 35.2
    endloop
  endfacet
  facet normal 0 0 1
    outer loop
      vertex 90.2739 -6.21577 35.2
      vertex 89.9352 -4.51772 35.2
      vertex 89.9406 -6.24432 35.2
    endloop
  endfacet
  facet normal 0 0 1
    outer loop
      vertex 89.9352 -0.433487 35.2
      vertex 88.8999 -2.03423 35.2
      vertex 89.9352 -4.51772 35.2
    endloop
  endfacet
  facet normal 0 -0 1
    outer loop
      vertex 89.2469 -6.24417 35.2
      vertex 89.9352 -4.51772 35.2
      vertex 88.8999 -4.50601 35.2
    endloop
  endfacet
  facet normal 0 0 1
    outer loop
      vertex 88.8999 -2.03423 35.2
      vertex 89.8882 -0.433487 35.2
      vertex 89.5091 -0.442429 35.2
    endloop
  endfacet
  facet normal 0 0 1
    outer loop
      vertex 89.9352 -4.51772 35.2
      vertex 89.5882 -6.25385 35.2
      vertex 89.9406 -6.24432 35.2
    endloop
  endfacet
  facet normal 0 0 1
    outer loop
      vertex 88.8999 -2.03423 35.2
      vertex 89.5091 -0.442429 35.2
      vertex 89.1508 -0.469223 35.2
    endloop
  endfacet
  facet normal 0 0 1
    outer loop
      vertex 89.9352 -4.51772 35.2
      vertex 88.8999 -2.03423 35.2
      vertex 88.8999 -4.50601 35.2
    endloop
  endfacet
  facet normal 0 0 1
    outer loop
      vertex 89.9352 -4.51772 35.2
      vertex 89.2469 -6.24417 35.2
      vertex 89.5882 -6.25385 35.2
    endloop
  endfacet
  facet normal -0 0 1
    outer loop
      vertex 88.8134 -0.513916 35.2
      vertex 88.8999 -2.03423 35.2
      vertex 89.1508 -0.469223 35.2
    endloop
  endfacet
  facet normal -0 0 1
    outer loop
      vertex 88.4968 -0.576462 35.2
      vertex 88.8999 -2.03423 35.2
      vertex 88.8134 -0.513916 35.2
    endloop
  endfacet
  facet normal 0 0 1
    outer loop
      vertex 88.8999 -2.03423 35.2
      vertex 88.4968 -0.576462 35.2
      vertex 88.7335 -2.04811 35.2
    endloop
  endfacet
  facet normal 0 0 1
    outer loop
      vertex 88.7335 -2.04811 35.2
      vertex 88.4968 -0.576462 35.2
      vertex 88.5765 -2.06882 35.2
    endloop
  endfacet
  facet normal -0 0 1
    outer loop
      vertex 88.201 -0.656891 35.2
      vertex 88.5765 -2.06882 35.2
      vertex 88.4968 -0.576462 35.2
    endloop
  endfacet
  facet normal 0 0 1
    outer loop
      vertex 88.5765 -2.06882 35.2
      vertex 88.201 -0.656891 35.2
      vertex 88.429 -2.09636 35.2
    endloop
  endfacet
  facet normal -0 0 1
    outer loop
      vertex 87.9261 -0.755203 35.2
      vertex 88.429 -2.09636 35.2
      vertex 88.201 -0.656891 35.2
    endloop
  endfacet
  facet normal 0 0 1
    outer loop
      vertex 88.429 -2.09636 35.2
      vertex 87.9261 -0.755203 35.2
      vertex 88.2911 -2.13074 35.2
    endloop
  endfacet
  facet normal -0 0 1
    outer loop
      vertex 87.6721 -0.871384 35.2
      vertex 88.2911 -2.13074 35.2
      vertex 87.9261 -0.755203 35.2
    endloop
  endfacet
  facet normal 0 0 1
    outer loop
      vertex 88.2911 -2.13074 35.2
      vertex 87.6721 -0.871384 35.2
      vertex 88.1627 -2.17194 35.2
    endloop
  endfacet
  facet normal -0 0 1
    outer loop
      vertex 87.4388 -1.00543 35.2
      vertex 88.1627 -2.17194 35.2
      vertex 87.6721 -0.871384 35.2
    endloop
  endfacet
  facet normal 0 0 1
    outer loop
      vertex 88.1627 -2.17194 35.2
      vertex 87.4388 -1.00543 35.2
      vertex 88.0437 -2.21997 35.2
    endloop
  endfacet
  facet normal -0 0 1
    outer loop
      vertex 87.2265 -1.15735 35.2
      vertex 88.0437 -2.21997 35.2
      vertex 87.4388 -1.00543 35.2
    endloop
  endfacet
  facet normal 0 0 1
    outer loop
      vertex 88.0437 -2.21997 35.2
      vertex 87.2265 -1.15735 35.2
      vertex 87.9343 -2.27483 35.2
    endloop
  endfacet
  facet normal -0 0 1
    outer loop
      vertex 87.0357 -1.3262 35.2
      vertex 87.9343 -2.27483 35.2
      vertex 87.2265 -1.15735 35.2
    endloop
  endfacet
  facet normal 0 0 1
    outer loop
      vertex 87.9343 -2.27483 35.2
      vertex 87.0357 -1.3262 35.2
      vertex 87.8344 -2.33653 35.2
    endloop
  endfacet
  facet normal -0 0 1
    outer loop
      vertex 86.8674 -1.51105 35.2
      vertex 87.8344 -2.33653 35.2
      vertex 87.0357 -1.3262 35.2
    endloop
  endfacet
  facet normal 0 0 1
    outer loop
      vertex 87.8344 -2.33653 35.2
      vertex 86.8674 -1.51105 35.2
      vertex 87.7441 -2.40504 35.2
    endloop
  endfacet
  facet normal -0 0 1
    outer loop
      vertex 86.7215 -1.71187 35.2
      vertex 87.7441 -2.40504 35.2
      vertex 86.8674 -1.51105 35.2
    endloop
  endfacet
  facet normal 0 0 1
    outer loop
      vertex 87.7441 -2.40504 35.2
      vertex 86.7215 -1.71187 35.2
      vertex 87.6632 -2.47972 35.2
    endloop
  endfacet
  facet normal 0 0 1
    outer loop
      vertex 87.6632 -2.47972 35.2
      vertex 86.7215 -1.71187 35.2
      vertex 87.5918 -2.55992 35.2
    endloop
  endfacet
  facet normal -0 0 1
    outer loop
      vertex 86.5981 -1.92867 35.2
      vertex 87.5918 -2.55992 35.2
      vertex 86.7215 -1.71187 35.2
    endloop
  endfacet
  facet normal 0 0 1
    outer loop
      vertex 87.5918 -2.55992 35.2
      vertex 86.5981 -1.92867 35.2
      vertex 87.53 -2.64566 35.2
    endloop
  endfacet
  facet normal -0 0 1
    outer loop
      vertex 86.4971 -2.16147 35.2
      vertex 87.53 -2.64566 35.2
      vertex 86.5981 -1.92867 35.2
    endloop
  endfacet
  facet normal 0 0 1
    outer loop
      vertex 87.53 -2.64566 35.2
      vertex 86.4971 -2.16147 35.2
      vertex 87.4777 -2.73691 35.2
    endloop
  endfacet
  facet normal 0 0 1
    outer loop
      vertex 89.2469 -6.24417 35.2
      vertex 88.8999 -4.50601 35.2
      vertex 88.9236 -6.21518 35.2
    endloop
  endfacet
  facet normal 0 0 1
    outer loop
      vertex 88.6183 -6.16687 35.2
      vertex 88.8999 -4.50601 35.2
      vertex 88.7419 -4.4984 35.2
    endloop
  endfacet
  facet normal 0 0 1
    outer loop
      vertex 88.8999 -4.50601 35.2
      vertex 88.6183 -6.16687 35.2
      vertex 88.9236 -6.21518 35.2
    endloop
  endfacet
  facet normal 0 0 1
    outer loop
      vertex 88.331 -6.09924 35.2
      vertex 88.7419 -4.4984 35.2
      vertex 88.5918 -4.48346 35.2
    endloop
  endfacet
  facet normal 0 0 1
    outer loop
      vertex 88.0617 -6.01227 35.2
      vertex 88.5918 -4.48346 35.2
      vertex 88.4496 -4.46118 35.2
    endloop
  endfacet
  facet normal 0 0 1
    outer loop
      vertex 88.7419 -4.4984 35.2
      vertex 88.331 -6.09924 35.2
      vertex 88.6183 -6.16687 35.2
    endloop
  endfacet
  facet normal 0 0 1
    outer loop
      vertex 87.8104 -5.90596 35.2
      vertex 88.4496 -4.46118 35.2
      vertex 88.3155 -4.43158 35.2
    endloop
  endfacet
  facet normal 0 0 1
    outer loop
      vertex 87.5772 -5.78035 35.2
      vertex 88.3155 -4.43158 35.2
      vertex 88.1894 -4.39462 35.2
    endloop
  endfacet
  facet normal 0 0 1
    outer loop
      vertex 87.3619 -5.63541 35.2
      vertex 88.1894 -4.39462 35.2
      vertex 88.0712 -4.35034 35.2
    endloop
  endfacet
  facet normal 0 0 1
    outer loop
      vertex 88.5918 -4.48346 35.2
      vertex 88.0617 -6.01227 35.2
      vertex 88.331 -6.09924 35.2
    endloop
  endfacet
  facet normal 0 0 1
    outer loop
      vertex 87.1647 -5.47113 35.2
      vertex 88.0712 -4.35034 35.2
      vertex 87.9611 -4.29871 35.2
    endloop
  endfacet
  facet normal 0 0 1
    outer loop
      vertex 86.9869 -5.28912 35.2
      vertex 87.9611 -4.29871 35.2
      vertex 87.8589 -4.23975 35.2
    endloop
  endfacet
  facet normal 0 0 1
    outer loop
      vertex 88.4496 -4.46118 35.2
      vertex 87.8104 -5.90596 35.2
      vertex 88.0617 -6.01227 35.2
    endloop
  endfacet
  facet normal 0 0 1
    outer loop
      vertex 86.83 -5.091 35.2
      vertex 87.8589 -4.23975 35.2
      vertex 87.7647 -4.17345 35.2
    endloop
  endfacet
  facet normal 0 0 1
    outer loop
      vertex 86.6941 -4.87674 35.2
      vertex 87.7647 -4.17345 35.2
      vertex 87.6795 -4.10017 35.2
    endloop
  endfacet
  facet normal 0 0 1
    outer loop
      vertex 86.6941 -4.87674 35.2
      vertex 87.6795 -4.10017 35.2
      vertex 87.6043 -4.02029 35.2
    endloop
  endfacet
  facet normal 0 0 1
    outer loop
      vertex 88.3155 -4.43158 35.2
      vertex 87.5772 -5.78035 35.2
      vertex 87.8104 -5.90596 35.2
    endloop
  endfacet
  facet normal 0 0 1
    outer loop
      vertex 86.5791 -4.64636 35.2
      vertex 87.6043 -4.02029 35.2
      vertex 87.5392 -3.93381 35.2
    endloop
  endfacet
  facet normal 0 0 1
    outer loop
      vertex 86.4849 -4.39986 35.2
      vertex 87.5392 -3.93381 35.2
      vertex 87.484 -3.8407 35.2
    endloop
  endfacet
  facet normal 0 0 1
    outer loop
      vertex 86.4117 -4.13721 35.2
      vertex 87.484 -3.8407 35.2
      vertex 87.4389 -3.74098 35.2
    endloop
  endfacet
  facet normal 0 0 1
    outer loop
      vertex 86.3595 -3.85843 35.2
      vertex 87.4389 -3.74098 35.2
      vertex 87.4039 -3.63464 35.2
    endloop
  endfacet
  facet normal 0 0 1
    outer loop
      vertex 86.3595 -3.85843 35.2
      vertex 87.4039 -3.63464 35.2
      vertex 87.3788 -3.52171 35.2
    endloop
  endfacet
  facet normal 0 0 1
    outer loop
      vertex 86.3281 -3.56352 35.2
      vertex 87.3788 -3.52171 35.2
      vertex 87.3637 -3.40216 35.2
    endloop
  endfacet
  facet normal 0 0 1
    outer loop
      vertex 88.1894 -4.39462 35.2
      vertex 87.3619 -5.63541 35.2
      vertex 87.5772 -5.78035 35.2
    endloop
  endfacet
  facet normal 0 0 1
    outer loop
      vertex 86.3176 -3.25249 35.2
      vertex 87.3637 -3.40216 35.2
      vertex 87.3587 -3.27602 35.2
    endloop
  endfacet
  facet normal -0 0 1
    outer loop
      vertex 86.4186 -2.41025 35.2
      vertex 87.4777 -2.73691 35.2
      vertex 86.4971 -2.16147 35.2
    endloop
  endfacet
  facet normal 0 0 1
    outer loop
      vertex 87.3788 -3.52171 35.2
      vertex 86.3281 -3.56352 35.2
      vertex 86.3595 -3.85843 35.2
    endloop
  endfacet
  facet normal 0 0 1
    outer loop
      vertex 87.4777 -2.73691 35.2
      vertex 86.4186 -2.41025 35.2
      vertex 87.4348 -2.83368 35.2
    endloop
  endfacet
  facet normal 0 0 1
    outer loop
      vertex 87.4389 -3.74098 35.2
      vertex 86.3595 -3.85843 35.2
      vertex 86.4117 -4.13721 35.2
    endloop
  endfacet
  facet normal -0 0 1
    outer loop
      vertex 86.3625 -2.67502 35.2
      vertex 87.4348 -2.83368 35.2
      vertex 86.4186 -2.41025 35.2
    endloop
  endfacet
  facet normal 0 0 1
    outer loop
      vertex 88.0712 -4.35034 35.2
      vertex 87.1647 -5.47113 35.2
      vertex 87.3619 -5.63541 35.2
    endloop
  endfacet
  facet normal 0 0 1
    outer loop
      vertex 87.4348 -2.83368 35.2
      vertex 86.3625 -2.67502 35.2
      vertex 87.4016 -2.93597 35.2
    endloop
  endfacet
  facet normal 0 0 1
    outer loop
      vertex 87.9611 -4.29871 35.2
      vertex 86.9869 -5.28912 35.2
      vertex 87.1647 -5.47113 35.2
    endloop
  endfacet
  facet normal 0 0 1
    outer loop
      vertex 87.4016 -2.93597 35.2
      vertex 86.3625 -2.67502 35.2
      vertex 87.3778 -3.04379 35.2
    endloop
  endfacet
  facet normal 0 0 1
    outer loop
      vertex 87.8589 -4.23975 35.2
      vertex 86.83 -5.091 35.2
      vertex 86.9869 -5.28912 35.2
    endloop
  endfacet
  facet normal -0 0 1
    outer loop
      vertex 86.3288 -2.95576 35.2
      vertex 87.3778 -3.04379 35.2
      vertex 86.3625 -2.67502 35.2
    endloop
  endfacet
  facet normal 0 0 1
    outer loop
      vertex 87.7647 -4.17345 35.2
      vertex 86.6941 -4.87674 35.2
      vertex 86.83 -5.091 35.2
    endloop
  endfacet
  facet normal 0 0 1
    outer loop
      vertex 87.3778 -3.04379 35.2
      vertex 86.3288 -2.95576 35.2
      vertex 87.3635 -3.15715 35.2
    endloop
  endfacet
  facet normal 0 0 1
    outer loop
      vertex 87.6043 -4.02029 35.2
      vertex 86.5791 -4.64636 35.2
      vertex 86.6941 -4.87674 35.2
    endloop
  endfacet
  facet normal 0 0 1
    outer loop
      vertex 86.3176 -3.25249 35.2
      vertex 87.3635 -3.15715 35.2
      vertex 86.3288 -2.95576 35.2
    endloop
  endfacet
  facet normal 0 0 1
    outer loop
      vertex 87.484 -3.8407 35.2
      vertex 86.4117 -4.13721 35.2
      vertex 86.4849 -4.39986 35.2
    endloop
  endfacet
  facet normal 0 0 1
    outer loop
      vertex 87.3635 -3.15715 35.2
      vertex 86.3176 -3.25249 35.2
      vertex 87.3587 -3.27602 35.2
    endloop
  endfacet
  facet normal 0 0 1
    outer loop
      vertex 87.5392 -3.93381 35.2
      vertex 86.4849 -4.39986 35.2
      vertex 86.5791 -4.64636 35.2
    endloop
  endfacet
  facet normal 0 0 1
    outer loop
      vertex 87.3637 -3.40216 35.2
      vertex 86.3176 -3.25249 35.2
      vertex 86.3281 -3.56352 35.2
    endloop
  endfacet
  facet normal 0 0 1
    outer loop
      vertex 92.8 4.12367 35.2
      vertex 91.4647 3.14676 35.2
      vertex 92.8 2.1463 35.2
    endloop
  endfacet
  facet normal 0 0 1
    outer loop
      vertex 92.8 4.12367 35.2
      vertex 91.4066 3.16135 35.2
      vertex 91.4647 3.14676 35.2
    endloop
  endfacet
  facet normal 0 0 1
    outer loop
      vertex 92.8 4.12367 35.2
      vertex 91.3395 3.179 35.2
      vertex 91.4066 3.16135 35.2
    endloop
  endfacet
  facet normal 0 0 1
    outer loop
      vertex 92.8 4.12367 35.2
      vertex 91.2634 3.19971 35.2
      vertex 91.3395 3.179 35.2
    endloop
  endfacet
  facet normal 0 0 1
    outer loop
      vertex 92.8 4.12367 35.2
      vertex 91.1783 3.22346 35.2
      vertex 91.2634 3.19971 35.2
    endloop
  endfacet
  facet normal 0 0 1
    outer loop
      vertex 92.8 4.12367 35.2
      vertex 91.0842 3.25027 35.2
      vertex 91.1783 3.22346 35.2
    endloop
  endfacet
  facet normal 0 0 1
    outer loop
      vertex 92.8 4.12367 35.2
      vertex 90.981 3.28012 35.2
      vertex 91.0842 3.25027 35.2
    endloop
  endfacet
  facet normal 0 0 1
    outer loop
      vertex 92.8 4.12367 35.2
      vertex 90.8689 3.31303 35.2
      vertex 90.981 3.28012 35.2
    endloop
  endfacet
  facet normal 0 0 1
    outer loop
      vertex 92.8 4.12367 35.2
      vertex 90.7478 3.34898 35.2
      vertex 90.8689 3.31303 35.2
    endloop
  endfacet
  facet normal 0 0 1
    outer loop
      vertex 92.8 4.12367 35.2
      vertex 90.6177 3.38802 35.2
      vertex 90.7478 3.34898 35.2
    endloop
  endfacet
  facet normal 0 0 1
    outer loop
      vertex 92.8 4.12367 35.2
      vertex 90.4463 3.44077 35.2
      vertex 90.6177 3.38802 35.2
    endloop
  endfacet
  facet normal 0 0 1
    outer loop
      vertex 92.8 4.12367 35.2
      vertex 90.2017 3.51793 35.2
      vertex 90.4463 3.44077 35.2
    endloop
  endfacet
  facet normal 0 0 1
    outer loop
      vertex 92.8 4.12367 35.2
      vertex 89.8837 3.61951 35.2
      vertex 90.2017 3.51793 35.2
    endloop
  endfacet
  facet normal 0 0 1
    outer loop
      vertex 92.8 4.12367 35.2
      vertex 89.4923 3.7455 35.2
      vertex 89.8837 3.61951 35.2
    endloop
  endfacet
  facet normal 0 0 1
    outer loop
      vertex 92.8 4.12367 35.2
      vertex 89.0276 3.8959 35.2
      vertex 89.4923 3.7455 35.2
    endloop
  endfacet
  facet normal 0 0 1
    outer loop
      vertex 86.4352 6.47179 35.2
      vertex 89.0276 3.8959 35.2
      vertex 92.8 4.12367 35.2
    endloop
  endfacet
  facet normal 0 0 1
    outer loop
      vertex 89.0276 3.8959 35.2
      vertex 86.4352 6.47179 35.2
      vertex 88.4895 4.07071 35.2
    endloop
  endfacet
  facet normal 0 0 1
    outer loop
      vertex 88.4895 4.07071 35.2
      vertex 86.4352 6.47179 35.2
      vertex 87.8781 4.26991 35.2
    endloop
  endfacet
  facet normal 0 0 1
    outer loop
      vertex 87.8781 4.26991 35.2
      vertex 86.4352 6.47179 35.2
      vertex 87.1934 4.49355 35.2
    endloop
  endfacet
  facet normal 0 0 1
    outer loop
      vertex 87.1934 4.49355 35.2
      vertex 86.4352 6.47179 35.2
      vertex 86.4352 4.74158 35.2
    endloop
  endfacet
  facet normal -0 0 1
    outer loop
      vertex 91.2142 3.07651 35.2
      vertex 92.8 2.1463 35.2
      vertex 91.4647 3.14676 35.2
    endloop
  endfacet
  facet normal -0 0 1
    outer loop
      vertex 90.9854 3.01219 35.2
      vertex 92.8 2.1463 35.2
      vertex 91.2142 3.07651 35.2
    endloop
  endfacet
  facet normal -0 0 1
    outer loop
      vertex 90.7784 2.95387 35.2
      vertex 92.8 2.1463 35.2
      vertex 90.9854 3.01219 35.2
    endloop
  endfacet
  facet normal -0 0 1
    outer loop
      vertex 90.5932 2.90147 35.2
      vertex 92.8 2.1463 35.2
      vertex 90.7784 2.95387 35.2
    endloop
  endfacet
  facet normal -0 0 1
    outer loop
      vertex 90.4298 2.85506 35.2
      vertex 92.8 2.1463 35.2
      vertex 90.5932 2.90147 35.2
    endloop
  endfacet
  facet normal -0 0 1
    outer loop
      vertex 90.2882 2.81458 35.2
      vertex 92.8 2.1463 35.2
      vertex 90.4298 2.85506 35.2
    endloop
  endfacet
  facet normal -0 0 1
    outer loop
      vertex 90.1684 2.78004 35.2
      vertex 92.8 2.1463 35.2
      vertex 90.2882 2.81458 35.2
    endloop
  endfacet
  facet normal -0 0 1
    outer loop
      vertex 90.0703 2.75148 35.2
      vertex 92.8 2.1463 35.2
      vertex 90.1684 2.78004 35.2
    endloop
  endfacet
  facet normal -0 0 1
    outer loop
      vertex 89.994 2.72888 35.2
      vertex 92.8 2.1463 35.2
      vertex 90.0703 2.75148 35.2
    endloop
  endfacet
  facet normal 0 0 1
    outer loop
      vertex 86.4352 -0.131149 35.2
      vertex 89.994 2.72888 35.2
      vertex 86.4352 1.61665 35.2
    endloop
  endfacet
  facet normal 0 0 1
    outer loop
      vertex 89.994 2.72888 35.2
      vertex 86.4352 -0.131149 35.2
      vertex 92.8 2.1463 35.2
    endloop
  endfacet
  facet normal -0.429032 0.903289 0
    outer loop
      vertex 92.8 11.2782 35.2
      vertex 90.3952 10.136 35.99
      vertex 92.8 11.2782 35.99
    endloop
  endfacet
  facet normal -0.429032 0.903289 0
    outer loop
      vertex 90.3952 10.136 35.99
      vertex 92.8 11.2782 35.2
      vertex 90.3952 10.136 35.2
    endloop
  endfacet
  facet normal -1 0 0
    outer loop
      vertex 92.8 11.2782 35.2
      vertex 92.8 13.271 35.99
      vertex 92.8 13.271 35.2
    endloop
  endfacet
  facet normal -1 -0 0
    outer loop
      vertex 92.8 13.271 35.99
      vertex 92.8 11.2782 35.2
      vertex 92.8 11.2782 35.99
    endloop
  endfacet
  facet normal 0.429057 -0.903278 0
    outer loop
      vertex 86.2 10.136 35.2
      vertex 92.8 13.271 35.99
      vertex 86.2 10.136 35.99
    endloop
  endfacet
  facet normal 0.429057 -0.903278 0
    outer loop
      vertex 92.8 13.271 35.99
      vertex 86.2 10.136 35.2
      vertex 92.8 13.271 35.2
    endloop
  endfacet
  facet normal 0.429058 0.903277 -0
    outer loop
      vertex 92.8 7.00099 35.2
      vertex 86.2 10.136 35.99
      vertex 92.8 7.00099 35.99
    endloop
  endfacet
  facet normal 0.429058 0.903277 0
    outer loop
      vertex 86.2 10.136 35.99
      vertex 92.8 7.00099 35.2
      vertex 86.2 10.136 35.2
    endloop
  endfacet
  facet normal -1 0 0
    outer loop
      vertex 92.8 7.00099 35.2
      vertex 92.8 8.99373 35.99
      vertex 92.8 8.99373 35.2
    endloop
  endfacet
  facet normal -1 -0 0
    outer loop
      vertex 92.8 8.99373 35.99
      vertex 92.8 7.00099 35.2
      vertex 92.8 7.00099 35.99
    endloop
  endfacet
  facet normal -0.429054 -0.903279 0
    outer loop
      vertex 90.3952 10.136 35.2
      vertex 92.8 8.99373 35.99
      vertex 90.3952 10.136 35.99
    endloop
  endfacet
  facet normal -0.429054 -0.903279 -0
    outer loop
      vertex 92.8 8.99373 35.99
      vertex 90.3952 10.136 35.2
      vertex 92.8 8.99373 35.2
    endloop
  endfacet
  facet normal -0.998034 -0.0626671 0
    outer loop
      vertex 92.9142 -9.60582 35.2
      vertex 92.9038 -9.44019 35.99
      vertex 92.9038 -9.44019 35.2
    endloop
  endfacet
  facet normal -0.998034 -0.0626671 0
    outer loop
      vertex 92.9038 -9.44019 35.99
      vertex 92.9142 -9.60582 35.2
      vertex 92.9142 -9.60582 35.99
    endloop
  endfacet
  facet normal -0.994403 -0.105657 0
    outer loop
      vertex 92.9038 -9.44019 35.2
      vertex 92.8866 -9.27831 35.99
      vertex 92.8866 -9.27831 35.2
    endloop
  endfacet
  facet normal -0.994403 -0.105657 0
    outer loop
      vertex 92.8866 -9.27831 35.99
      vertex 92.9038 -9.44019 35.2
      vertex 92.9038 -9.44019 35.99
    endloop
  endfacet
  facet normal -0.988486 -0.151315 0
    outer loop
      vertex 92.8866 -9.27831 35.2
      vertex 92.8624 -9.12022 35.99
      vertex 92.8624 -9.12022 35.2
    endloop
  endfacet
  facet normal -0.988486 -0.151315 0
    outer loop
      vertex 92.8624 -9.12022 35.99
      vertex 92.8866 -9.27831 35.2
      vertex 92.8866 -9.27831 35.99
    endloop
  endfacet
  facet normal -0.980412 -0.196959 0
    outer loop
      vertex 92.8624 -9.12022 35.2
      vertex 92.8314 -8.96591 35.99
      vertex 92.8314 -8.96591 35.2
    endloop
  endfacet
  facet normal -0.980412 -0.196959 0
    outer loop
      vertex 92.8314 -8.96591 35.99
      vertex 92.8624 -9.12022 35.2
      vertex 92.8624 -9.12022 35.99
    endloop
  endfacet
  facet normal -0.969587 -0.244748 0
    outer loop
      vertex 92.8314 -8.96591 35.2
      vertex 92.7934 -8.81537 35.99
      vertex 92.7934 -8.81537 35.2
    endloop
  endfacet
  facet normal -0.969587 -0.244748 0
    outer loop
      vertex 92.7934 -8.81537 35.99
      vertex 92.8314 -8.96591 35.2
      vertex 92.8314 -8.96591 35.99
    endloop
  endfacet
  facet normal -0.956425 -0.291978 0
    outer loop
      vertex 92.7934 -8.81537 35.2
      vertex 92.7486 -8.66862 35.99
      vertex 92.7486 -8.66862 35.2
    endloop
  endfacet
  facet normal -0.956425 -0.291978 0
    outer loop
      vertex 92.7486 -8.66862 35.99
      vertex 92.7934 -8.81537 35.2
      vertex 92.7934 -8.81537 35.99
    endloop
  endfacet
  facet normal -0.940403 -0.340063 0
    outer loop
      vertex 92.7486 -8.66862 35.2
      vertex 92.6969 -8.52565 35.99
      vertex 92.6969 -8.52565 35.2
    endloop
  endfacet
  facet normal -0.940403 -0.340063 0
    outer loop
      vertex 92.6969 -8.52565 35.99
      vertex 92.7486 -8.66862 35.2
      vertex 92.7486 -8.66862 35.99
    endloop
  endfacet
  facet normal -0.921433 -0.388536 0
    outer loop
      vertex 92.6969 -8.52565 35.2
      vertex 92.6382 -8.38644 35.99
      vertex 92.6382 -8.38644 35.2
    endloop
  endfacet
  facet normal -0.921433 -0.388536 0
    outer loop
      vertex 92.6382 -8.38644 35.99
      vertex 92.6969 -8.52565 35.2
      vertex 92.6969 -8.52565 35.99
    endloop
  endfacet
  facet normal -0.900506 -0.434843 0
    outer loop
      vertex 92.6382 -8.38644 35.2
      vertex 92.5733 -8.25204 35.99
      vertex 92.5733 -8.25204 35.2
    endloop
  endfacet
  facet normal -0.900506 -0.434843 0
    outer loop
      vertex 92.5733 -8.25204 35.99
      vertex 92.6382 -8.38644 35.2
      vertex 92.6382 -8.38644 35.99
    endloop
  endfacet
  facet normal -0.876128 -0.482078 0
    outer loop
      vertex 92.5733 -8.25204 35.2
      vertex 92.5026 -8.12355 35.99
      vertex 92.5026 -8.12355 35.2
    endloop
  endfacet
  facet normal -0.876128 -0.482078 0
    outer loop
      vertex 92.5026 -8.12355 35.99
      vertex 92.5733 -8.25204 35.2
      vertex 92.5733 -8.25204 35.99
    endloop
  endfacet
  facet normal -0.848426 -0.529315 0
    outer loop
      vertex 92.5026 -8.12355 35.2
      vertex 92.4261 -8.00093 35.99
      vertex 92.4261 -8.00093 35.2
    endloop
  endfacet
  facet normal -0.848426 -0.529315 0
    outer loop
      vertex 92.4261 -8.00093 35.99
      vertex 92.5026 -8.12355 35.2
      vertex 92.5026 -8.12355 35.99
    endloop
  endfacet
  facet normal -0.817949 -0.57529 0
    outer loop
      vertex 92.4261 -8.00093 35.2
      vertex 92.344 -7.8842 35.99
      vertex 92.344 -7.8842 35.2
    endloop
  endfacet
  facet normal -0.817949 -0.57529 0
    outer loop
      vertex 92.344 -7.8842 35.99
      vertex 92.4261 -8.00093 35.2
      vertex 92.4261 -8.00093 35.99
    endloop
  endfacet
  facet normal -0.783469 -0.621431 0
    outer loop
      vertex 92.344 -7.8842 35.2
      vertex 92.2561 -7.77338 35.99
      vertex 92.2561 -7.77338 35.2
    endloop
  endfacet
  facet normal -0.783469 -0.621431 0
    outer loop
      vertex 92.2561 -7.77338 35.99
      vertex 92.344 -7.8842 35.2
      vertex 92.344 -7.8842 35.99
    endloop
  endfacet
  facet normal -0.74602 -0.665924 0
    outer loop
      vertex 92.2561 -7.77338 35.2
      vertex 92.1624 -7.66841 35.99
      vertex 92.1624 -7.66841 35.2
    endloop
  endfacet
  facet normal -0.74602 -0.665924 0
    outer loop
      vertex 92.1624 -7.66841 35.99
      vertex 92.2561 -7.77338 35.2
      vertex 92.2561 -7.77338 35.99
    endloop
  endfacet
  facet normal -0.706286 -0.707926 0
    outer loop
      vertex 92.0631 -7.56934 35.2
      vertex 92.1624 -7.66841 35.99
      vertex 92.0631 -7.56934 35.99
    endloop
  endfacet
  facet normal -0.706286 -0.707926 -0
    outer loop
      vertex 92.1624 -7.66841 35.99
      vertex 92.0631 -7.56934 35.2
      vertex 92.1624 -7.66841 35.2
    endloop
  endfacet
  facet normal -0.663087 -0.748543 0
    outer loop
      vertex 91.9579 -7.47615 35.2
      vertex 92.0631 -7.56934 35.99
      vertex 91.9579 -7.47615 35.99
    endloop
  endfacet
  facet normal -0.663087 -0.748543 -0
    outer loop
      vertex 92.0631 -7.56934 35.99
      vertex 91.9579 -7.47615 35.2
      vertex 92.0631 -7.56934 35.2
    endloop
  endfacet
  facet normal -0.618885 -0.785481 0
    outer loop
      vertex 91.8471 -7.38885 35.2
      vertex 91.9579 -7.47615 35.99
      vertex 91.8471 -7.38885 35.99
    endloop
  endfacet
  facet normal -0.618885 -0.785481 -0
    outer loop
      vertex 91.9579 -7.47615 35.99
      vertex 91.8471 -7.38885 35.2
      vertex 91.9579 -7.47615 35.2
    endloop
  endfacet
  facet normal -0.572938 -0.819598 0
    outer loop
      vertex 91.7316 -7.30811 35.2
      vertex 91.8471 -7.38885 35.99
      vertex 91.7316 -7.30811 35.99
    endloop
  endfacet
  facet normal -0.572938 -0.819598 -0
    outer loop
      vertex 91.8471 -7.38885 35.99
      vertex 91.7316 -7.30811 35.2
      vertex 91.8471 -7.38885 35.2
    endloop
  endfacet
  facet normal -0.526227 -0.850344 0
    outer loop
      vertex 91.6127 -7.23453 35.2
      vertex 91.7316 -7.30811 35.99
      vertex 91.6127 -7.23453 35.99
    endloop
  endfacet
  facet normal -0.526227 -0.850344 -0
    outer loop
      vertex 91.7316 -7.30811 35.99
      vertex 91.6127 -7.23453 35.2
      vertex 91.7316 -7.30811 35.2
    endloop
  endfacet
  facet normal -0.476316 -0.879274 0
    outer loop
      vertex 91.4902 -7.16817 35.2
      vertex 91.6127 -7.23453 35.99
      vertex 91.4902 -7.16817 35.99
    endloop
  endfacet
  facet normal -0.476316 -0.879274 -0
    outer loop
      vertex 91.6127 -7.23453 35.99
      vertex 91.4902 -7.16817 35.2
      vertex 91.6127 -7.23453 35.2
    endloop
  endfacet
  facet normal -0.425461 -0.904977 0
    outer loop
      vertex 91.3643 -7.10898 35.2
      vertex 91.4902 -7.16817 35.99
      vertex 91.3643 -7.10898 35.99
    endloop
  endfacet
  facet normal -0.425461 -0.904977 -0
    outer loop
      vertex 91.4902 -7.16817 35.99
      vertex 91.3643 -7.10898 35.2
      vertex 91.4902 -7.16817 35.2
    endloop
  endfacet
  facet normal -0.372441 -0.928056 0
    outer loop
      vertex 91.2348 -7.05701 35.2
      vertex 91.3643 -7.10898 35.99
      vertex 91.2348 -7.05701 35.99
    endloop
  endfacet
  facet normal -0.372441 -0.928056 -0
    outer loop
      vertex 91.3643 -7.10898 35.99
      vertex 91.2348 -7.05701 35.2
      vertex 91.3643 -7.10898 35.2
    endloop
  endfacet
  facet normal -0.319435 -0.947608 0
    outer loop
      vertex 91.1019 -7.01221 35.2
      vertex 91.2348 -7.05701 35.99
      vertex 91.1019 -7.01221 35.99
    endloop
  endfacet
  facet normal -0.319435 -0.947608 -0
    outer loop
      vertex 91.2348 -7.05701 35.99
      vertex 91.1019 -7.01221 35.2
      vertex 91.2348 -7.05701 35.2
    endloop
  endfacet
  facet normal -0.265748 -0.964043 0
    outer loop
      vertex 90.9655 -6.97461 35.2
      vertex 91.1019 -7.01221 35.99
      vertex 90.9655 -6.97461 35.99
    endloop
  endfacet
  facet normal -0.265748 -0.964043 -0
    outer loop
      vertex 91.1019 -7.01221 35.99
      vertex 90.9655 -6.97461 35.2
      vertex 91.1019 -7.01221 35.2
    endloop
  endfacet
  facet normal -0.212488 -0.977164 0
    outer loop
      vertex 90.8257 -6.94421 35.2
      vertex 90.9655 -6.97461 35.99
      vertex 90.8257 -6.94421 35.99
    endloop
  endfacet
  facet normal -0.212488 -0.977164 -0
    outer loop
      vertex 90.9655 -6.97461 35.99
      vertex 90.8257 -6.94421 35.2
      vertex 90.9655 -6.97461 35.2
    endloop
  endfacet
  facet normal -0.159709 -0.987164 0
    outer loop
      vertex 90.6823 -6.92101 35.2
      vertex 90.8257 -6.94421 35.99
      vertex 90.6823 -6.92101 35.99
    endloop
  endfacet
  facet normal -0.159709 -0.987164 -0
    outer loop
      vertex 90.8257 -6.94421 35.99
      vertex 90.6823 -6.92101 35.2
      vertex 90.8257 -6.94421 35.2
    endloop
  endfacet
  facet normal 0.998942 -0.0459873 0
    outer loop
      vertex 90.6059 -8.58058 35.99
      vertex 90.6823 -6.92101 35.2
      vertex 90.6823 -6.92101 35.99
    endloop
  endfacet
  facet normal 0.998942 -0.0459873 0
    outer loop
      vertex 90.6823 -6.92101 35.2
      vertex 90.6059 -8.58058 35.99
      vertex 90.6059 -8.58058 35.2
    endloop
  endfacet
  facet normal 0.155368 0.987857 -0
    outer loop
      vertex 90.733 -8.60057 35.2
      vertex 90.6059 -8.58058 35.99
      vertex 90.733 -8.60057 35.99
    endloop
  endfacet
  facet normal 0.155368 0.987857 0
    outer loop
      vertex 90.6059 -8.58058 35.99
      vertex 90.733 -8.60057 35.2
      vertex 90.6059 -8.58058 35.2
    endloop
  endfacet
  facet normal 0.211455 0.977388 -0
    outer loop
      vertex 90.8529 -8.62651 35.2
      vertex 90.733 -8.60057 35.99
      vertex 90.8529 -8.62651 35.99
    endloop
  endfacet
  facet normal 0.211455 0.977388 0
    outer loop
      vertex 90.733 -8.60057 35.99
      vertex 90.8529 -8.62651 35.2
      vertex 90.733 -8.60057 35.2
    endloop
  endfacet
  facet normal 0.272208 0.962239 -0
    outer loop
      vertex 90.9657 -8.65842 35.2
      vertex 90.8529 -8.62651 35.99
      vertex 90.9657 -8.65842 35.99
    endloop
  endfacet
  facet normal 0.272208 0.962239 0
    outer loop
      vertex 90.8529 -8.62651 35.99
      vertex 90.9657 -8.65842 35.2
      vertex 90.8529 -8.62651 35.2
    endloop
  endfacet
  facet normal 0.337692 0.941256 -0
    outer loop
      vertex 91.0712 -8.69627 35.2
      vertex 90.9657 -8.65842 35.99
      vertex 91.0712 -8.69627 35.99
    endloop
  endfacet
  facet normal 0.337692 0.941256 0
    outer loop
      vertex 90.9657 -8.65842 35.99
      vertex 91.0712 -8.69627 35.2
      vertex 90.9657 -8.65842 35.2
    endloop
  endfacet
  facet normal 0.406888 0.913478 -0
    outer loop
      vertex 91.1696 -8.7401 35.2
      vertex 91.0712 -8.69627 35.99
      vertex 91.1696 -8.7401 35.99
    endloop
  endfacet
  facet normal 0.406888 0.913478 0
    outer loop
      vertex 91.0712 -8.69627 35.99
      vertex 91.1696 -8.7401 35.2
      vertex 91.0712 -8.69627 35.2
    endloop
  endfacet
  facet normal 0.47896 0.877837 -0
    outer loop
      vertex 91.2608 -8.78986 35.2
      vertex 91.1696 -8.7401 35.99
      vertex 91.2608 -8.78986 35.99
    endloop
  endfacet
  facet normal 0.47896 0.877837 0
    outer loop
      vertex 91.1696 -8.7401 35.99
      vertex 91.2608 -8.78986 35.2
      vertex 91.1696 -8.7401 35.2
    endloop
  endfacet
  facet normal 0.552913 0.833239 -0
    outer loop
      vertex 91.3448 -8.8456 35.2
      vertex 91.2608 -8.78986 35.99
      vertex 91.3448 -8.8456 35.99
    endloop
  endfacet
  facet normal 0.552913 0.833239 0
    outer loop
      vertex 91.2608 -8.78986 35.99
      vertex 91.3448 -8.8456 35.2
      vertex 91.2608 -8.78986 35.2
    endloop
  endfacet
  facet normal 0.626118 0.779728 -0
    outer loop
      vertex 91.4216 -8.90727 35.2
      vertex 91.3448 -8.8456 35.99
      vertex 91.4216 -8.90727 35.99
    endloop
  endfacet
  facet normal 0.626118 0.779728 0
    outer loop
      vertex 91.3448 -8.8456 35.99
      vertex 91.4216 -8.90727 35.2
      vertex 91.3448 -8.8456 35.2
    endloop
  endfacet
  facet normal 0.697043 0.717029 -0
    outer loop
      vertex 91.4912 -8.97493 35.2
      vertex 91.4216 -8.90727 35.99
      vertex 91.4912 -8.97493 35.99
    endloop
  endfacet
  facet normal 0.697043 0.717029 0
    outer loop
      vertex 91.4216 -8.90727 35.99
      vertex 91.4912 -8.97493 35.2
      vertex 91.4216 -8.90727 35.2
    endloop
  endfacet
  facet normal 0.758399 0.65179 0
    outer loop
      vertex 91.5535 -9.04742 35.99
      vertex 91.4912 -8.97493 35.2
      vertex 91.4912 -8.97493 35.99
    endloop
  endfacet
  facet normal 0.758399 0.65179 0
    outer loop
      vertex 91.4912 -8.97493 35.2
      vertex 91.5535 -9.04742 35.99
      vertex 91.5535 -9.04742 35.2
    endloop
  endfacet
  facet normal 0.811248 0.584702 0
    outer loop
      vertex 91.6085 -9.12373 35.99
      vertex 91.5535 -9.04742 35.2
      vertex 91.5535 -9.04742 35.99
    endloop
  endfacet
  facet normal 0.811248 0.584702 0
    outer loop
      vertex 91.5535 -9.04742 35.2
      vertex 91.6085 -9.12373 35.99
      vertex 91.6085 -9.12373 35.2
    endloop
  endfacet
  facet normal 0.859108 0.511795 0
    outer loop
      vertex 91.6562 -9.2038 35.99
      vertex 91.6085 -9.12373 35.2
      vertex 91.6085 -9.12373 35.99
    endloop
  endfacet
  facet normal 0.859108 0.511795 0
    outer loop
      vertex 91.6085 -9.12373 35.2
      vertex 91.6562 -9.2038 35.99
      vertex 91.6562 -9.2038 35.2
    endloop
  endfacet
  facet normal 0.901285 0.433227 0
    outer loop
      vertex 91.6965 -9.28764 35.99
      vertex 91.6562 -9.2038 35.2
      vertex 91.6562 -9.2038 35.99
    endloop
  endfacet
  facet normal 0.901285 0.433227 0
    outer loop
      vertex 91.6562 -9.2038 35.2
      vertex 91.6965 -9.28764 35.99
      vertex 91.6965 -9.28764 35.2
    endloop
  endfacet
  facet normal 0.935828 0.352457 0
    outer loop
      vertex 91.7295 -9.37526 35.99
      vertex 91.6965 -9.28764 35.2
      vertex 91.6965 -9.28764 35.99
    endloop
  endfacet
  facet normal 0.935828 0.352457 0
    outer loop
      vertex 91.6965 -9.28764 35.2
      vertex 91.7295 -9.37526 35.99
      vertex 91.7295 -9.37526 35.2
    endloop
  endfacet
  facet normal 0.962668 0.270685 0
    outer loop
      vertex 91.7552 -9.46666 35.99
      vertex 91.7295 -9.37526 35.2
      vertex 91.7295 -9.37526 35.99
    endloop
  endfacet
  facet normal 0.962668 0.270685 0
    outer loop
      vertex 91.7295 -9.37526 35.2
      vertex 91.7552 -9.46666 35.99
      vertex 91.7552 -9.46666 35.2
    endloop
  endfacet
  facet normal 0.98201 0.188828 0
    outer loop
      vertex 91.7735 -9.56183 35.99
      vertex 91.7552 -9.46666 35.2
      vertex 91.7552 -9.46666 35.99
    endloop
  endfacet
  facet normal 0.98201 0.188828 0
    outer loop
      vertex 91.7552 -9.46666 35.2
      vertex 91.7735 -9.56183 35.99
      vertex 91.7735 -9.56183 35.2
    endloop
  endfacet
  facet normal 0.99388 0.110465 0
    outer loop
      vertex 91.7845 -9.6608 35.99
      vertex 91.7735 -9.56183 35.2
      vertex 91.7735 -9.56183 35.99
    endloop
  endfacet
  facet normal 0.99388 0.110465 0
    outer loop
      vertex 91.7735 -9.56183 35.2
      vertex 91.7845 -9.6608 35.99
      vertex 91.7845 -9.6608 35.2
    endloop
  endfacet
  facet normal 0.999352 0.0359934 0
    outer loop
      vertex 91.7882 -9.76353 35.99
      vertex 91.7845 -9.6608 35.2
      vertex 91.7845 -9.6608 35.99
    endloop
  endfacet
  facet normal 0.999352 0.0359934 0
    outer loop
      vertex 91.7845 -9.6608 35.2
      vertex 91.7882 -9.76353 35.99
      vertex 91.7882 -9.76353 35.2
    endloop
  endfacet
  facet normal 0.995072 -0.0991536 0
    outer loop
      vertex 91.761 -10.0365 35.99
      vertex 91.7882 -9.76353 35.2
      vertex 91.7882 -9.76353 35.99
    endloop
  endfacet
  facet normal 0.995072 -0.0991536 0
    outer loop
      vertex 91.7882 -9.76353 35.2
      vertex 91.761 -10.0365 35.99
      vertex 91.761 -10.0365 35.2
    endloop
  endfacet
  facet normal 0.947337 -0.320238 0
    outer loop
      vertex 91.6796 -10.2773 35.99
      vertex 91.761 -10.0365 35.2
      vertex 91.761 -10.0365 35.99
    endloop
  endfacet
  facet normal 0.947337 -0.320238 0
    outer loop
      vertex 91.761 -10.0365 35.2
      vertex 91.6796 -10.2773 35.99
      vertex 91.6796 -10.2773 35.2
    endloop
  endfacet
  facet normal 0.838113 -0.545496 0
    outer loop
      vertex 91.5437 -10.4861 35.99
      vertex 91.6796 -10.2773 35.2
      vertex 91.6796 -10.2773 35.99
    endloop
  endfacet
  facet normal 0.838113 -0.545496 0
    outer loop
      vertex 91.6796 -10.2773 35.2
      vertex 91.5437 -10.4861 35.99
      vertex 91.5437 -10.4861 35.2
    endloop
  endfacet
  facet normal 0.680614 -0.732642 0
    outer loop
      vertex 91.3536 -10.6627 35.2
      vertex 91.5437 -10.4861 35.99
      vertex 91.3536 -10.6627 35.99
    endloop
  endfacet
  facet normal 0.680614 -0.732642 0
    outer loop
      vertex 91.5437 -10.4861 35.99
      vertex 91.3536 -10.6627 35.2
      vertex 91.5437 -10.4861 35.2
    endloop
  endfacet
  facet normal 0.508943 -0.8608 0
    outer loop
      vertex 91.1092 -10.8072 35.2
      vertex 91.3536 -10.6627 35.99
      vertex 91.1092 -10.8072 35.99
    endloop
  endfacet
  facet normal 0.508943 -0.8608 0
    outer loop
      vertex 91.3536 -10.6627 35.99
      vertex 91.1092 -10.8072 35.2
      vertex 91.3536 -10.6627 35.2
    endloop
  endfacet
  facet normal 0.352084 -0.935968 0
    outer loop
      vertex 90.8104 -10.9196 35.2
      vertex 91.1092 -10.8072 35.99
      vertex 90.8104 -10.9196 35.99
    endloop
  endfacet
  facet normal 0.352084 -0.935968 0
    outer loop
      vertex 91.1092 -10.8072 35.99
      vertex 90.8104 -10.9196 35.2
      vertex 91.1092 -10.8072 35.2
    endloop
  endfacet
  facet normal 0.22149 -0.975163 0
    outer loop
      vertex 90.4573 -10.9998 35.2
      vertex 90.8104 -10.9196 35.99
      vertex 90.4573 -10.9998 35.99
    endloop
  endfacet
  facet normal 0.22149 -0.975163 0
    outer loop
      vertex 90.8104 -10.9196 35.99
      vertex 90.4573 -10.9998 35.2
      vertex 90.8104 -10.9196 35.2
    endloop
  endfacet
  facet normal 0.117492 -0.993074 0
    outer loop
      vertex 90.0499 -11.048 35.2
      vertex 90.4573 -10.9998 35.99
      vertex 90.0499 -11.048 35.99
    endloop
  endfacet
  facet normal 0.117492 -0.993074 0
    outer loop
      vertex 90.4573 -10.9998 35.99
      vertex 90.0499 -11.048 35.2
      vertex 90.4573 -10.9998 35.2
    endloop
  endfacet
  facet normal 0.0348499 -0.999393 0
    outer loop
      vertex 89.5882 -11.0641 35.2
      vertex 90.0499 -11.048 35.99
      vertex 89.5882 -11.0641 35.99
    endloop
  endfacet
  facet normal 0.0348499 -0.999393 0
    outer loop
      vertex 90.0499 -11.048 35.99
      vertex 89.5882 -11.0641 35.2
      vertex 90.0499 -11.048 35.2
    endloop
  endfacet
  facet normal -0.0352302 -0.999379 0
    outer loop
      vertex 89.14 -11.0483 35.2
      vertex 89.5882 -11.0641 35.99
      vertex 89.14 -11.0483 35.99
    endloop
  endfacet
  facet normal -0.0352302 -0.999379 -0
    outer loop
      vertex 89.5882 -11.0641 35.99
      vertex 89.14 -11.0483 35.2
      vertex 89.5882 -11.0641 35.2
    endloop
  endfacet
  facet normal -0.118779 -0.992921 0
    outer loop
      vertex 88.7446 -11.001 35.2
      vertex 89.14 -11.0483 35.99
      vertex 88.7446 -11.001 35.99
    endloop
  endfacet
  facet normal -0.118779 -0.992921 -0
    outer loop
      vertex 89.14 -11.0483 35.99
      vertex 88.7446 -11.001 35.2
      vertex 89.14 -11.0483 35.2
    endloop
  endfacet
  facet normal -0.224091 -0.974568 0
    outer loop
      vertex 88.4019 -10.9222 35.2
      vertex 88.7446 -11.001 35.99
      vertex 88.4019 -10.9222 35.99
    endloop
  endfacet
  facet normal -0.224091 -0.974568 -0
    outer loop
      vertex 88.7446 -11.001 35.99
      vertex 88.4019 -10.9222 35.2
      vertex 88.7446 -11.001 35.2
    endloop
  endfacet
  facet normal -0.355781 -0.934569 0
    outer loop
      vertex 88.1119 -10.8118 35.2
      vertex 88.4019 -10.9222 35.99
      vertex 88.1119 -10.8118 35.99
    endloop
  endfacet
  facet normal -0.355781 -0.934569 -0
    outer loop
      vertex 88.4019 -10.9222 35.99
      vertex 88.1119 -10.8118 35.2
      vertex 88.4019 -10.9222 35.2
    endloop
  endfacet
  facet normal -0.513219 -0.858258 0
    outer loop
      vertex 87.8746 -10.6699 35.2
      vertex 88.1119 -10.8118 35.99
      vertex 87.8746 -10.6699 35.99
    endloop
  endfacet
  facet normal -0.513219 -0.858258 -0
    outer loop
      vertex 88.1119 -10.8118 35.99
      vertex 87.8746 -10.6699 35.2
      vertex 88.1119 -10.8118 35.2
    endloop
  endfacet
  facet normal -0.684847 -0.728687 0
    outer loop
      vertex 87.6901 -10.4965 35.2
      vertex 87.8746 -10.6699 35.99
      vertex 87.6901 -10.4965 35.99
    endloop
  endfacet
  facet normal -0.684847 -0.728687 -0
    outer loop
      vertex 87.8746 -10.6699 35.99
      vertex 87.6901 -10.4965 35.2
      vertex 87.8746 -10.6699 35.2
    endloop
  endfacet
  facet normal -0.841152 -0.540799 0
    outer loop
      vertex 87.6901 -10.4965 35.2
      vertex 87.5583 -10.2915 35.99
      vertex 87.5583 -10.2915 35.2
    endloop
  endfacet
  facet normal -0.841152 -0.540799 0
    outer loop
      vertex 87.5583 -10.2915 35.99
      vertex 87.6901 -10.4965 35.2
      vertex 87.6901 -10.4965 35.99
    endloop
  endfacet
  facet normal -0.948322 -0.317311 0
    outer loop
      vertex 87.5583 -10.2915 35.2
      vertex 87.4792 -10.0551 35.99
      vertex 87.4792 -10.0551 35.2
    endloop
  endfacet
  facet normal -0.948322 -0.317311 0
    outer loop
      vertex 87.4792 -10.0551 35.99
      vertex 87.5583 -10.2915 35.2
      vertex 87.5583 -10.2915 35.99
    endloop
  endfacet
  facet normal -0.995221 -0.0976471 0
    outer loop
      vertex 87.4792 -10.0551 35.2
      vertex 87.4529 -9.78705 35.99
      vertex 87.4529 -9.78705 35.2
    endloop
  endfacet
  facet normal -0.995221 -0.0976471 0
    outer loop
      vertex 87.4529 -9.78705 35.99
      vertex 87.4792 -10.0551 35.2
      vertex 87.4792 -10.0551 35.99
    endloop
  endfacet
  facet normal -0.999486 0.0320691 0
    outer loop
      vertex 87.4529 -9.78705 35.2
      vertex 87.4565 -9.67485 35.99
      vertex 87.4565 -9.67485 35.2
    endloop
  endfacet
  facet normal -0.999486 0.0320691 0
    outer loop
      vertex 87.4565 -9.67485 35.99
      vertex 87.4529 -9.78705 35.2
      vertex 87.4529 -9.78705 35.99
    endloop
  endfacet
  facet normal -0.994979 0.100087 0
    outer loop
      vertex 87.4565 -9.67485 35.2
      vertex 87.4672 -9.56848 35.99
      vertex 87.4672 -9.56848 35.2
    endloop
  endfacet
  facet normal -0.994979 0.100087 0
    outer loop
      vertex 87.4672 -9.56848 35.99
      vertex 87.4565 -9.67485 35.2
      vertex 87.4565 -9.67485 35.99
    endloop
  endfacet
  facet normal -0.984352 0.176214 0
    outer loop
      vertex 87.4672 -9.56848 35.2
      vertex 87.4852 -9.46793 35.99
      vertex 87.4852 -9.46793 35.2
    endloop
  endfacet
  facet normal -0.984352 0.176214 0
    outer loop
      vertex 87.4852 -9.46793 35.99
      vertex 87.4672 -9.56848 35.2
      vertex 87.4672 -9.56848 35.99
    endloop
  endfacet
  facet normal -0.966411 0.257002 0
    outer loop
      vertex 87.4852 -9.46793 35.2
      vertex 87.5104 -9.37317 35.99
      vertex 87.5104 -9.37317 35.2
    endloop
  endfacet
  facet normal -0.966411 0.257002 0
    outer loop
      vertex 87.5104 -9.37317 35.99
      vertex 87.4852 -9.46793 35.2
      vertex 87.4852 -9.46793 35.99
    endloop
  endfacet
  facet normal -0.939923 0.341387 0
    outer loop
      vertex 87.5104 -9.37317 35.2
      vertex 87.5427 -9.28424 35.99
      vertex 87.5427 -9.28424 35.2
    endloop
  endfacet
  facet normal -0.939923 0.341387 0
    outer loop
      vertex 87.5427 -9.28424 35.99
      vertex 87.5104 -9.37317 35.2
      vertex 87.5104 -9.37317 35.99
    endloop
  endfacet
  facet normal -0.9028 0.43006 0
    outer loop
      vertex 87.5427 -9.28424 35.2
      vertex 87.5823 -9.20111 35.99
      vertex 87.5823 -9.20111 35.2
    endloop
  endfacet
  facet normal -0.9028 0.43006 0
    outer loop
      vertex 87.5823 -9.20111 35.99
      vertex 87.5427 -9.28424 35.2
      vertex 87.5427 -9.28424 35.99
    endloop
  endfacet
  facet normal -0.855926 0.517099 0
    outer loop
      vertex 87.5823 -9.20111 35.2
      vertex 87.629 -9.12381 35.99
      vertex 87.629 -9.12381 35.2
    endloop
  endfacet
  facet normal -0.855926 0.517099 0
    outer loop
      vertex 87.629 -9.12381 35.99
      vertex 87.5823 -9.20111 35.2
      vertex 87.5823 -9.20111 35.99
    endloop
  endfacet
  facet normal -0.797946 0.602729 0
    outer loop
      vertex 87.629 -9.12381 35.2
      vertex 87.683 -9.05232 35.99
      vertex 87.683 -9.05232 35.2
    endloop
  endfacet
  facet normal -0.797946 0.602729 0
    outer loop
      vertex 87.683 -9.05232 35.99
      vertex 87.629 -9.12381 35.2
      vertex 87.629 -9.12381 35.99
    endloop
  endfacet
  facet normal -0.732226 0.681062 0
    outer loop
      vertex 87.683 -9.05232 35.2
      vertex 87.7441 -8.98663 35.99
      vertex 87.7441 -8.98663 35.2
    endloop
  endfacet
  facet normal -0.732226 0.681062 0
    outer loop
      vertex 87.7441 -8.98663 35.99
      vertex 87.683 -9.05232 35.2
      vertex 87.683 -9.05232 35.99
    endloop
  endfacet
  facet normal -0.667492 0.744617 0
    outer loop
      vertex 87.8112 -8.92648 35.2
      vertex 87.7441 -8.98663 35.99
      vertex 87.8112 -8.92648 35.99
    endloop
  endfacet
  facet normal -0.667492 0.744617 0
    outer loop
      vertex 87.7441 -8.98663 35.99
      vertex 87.8112 -8.92648 35.2
      vertex 87.7441 -8.98663 35.2
    endloop
  endfacet
  facet normal -0.606552 0.795044 0
    outer loop
      vertex 87.8832 -8.87155 35.2
      vertex 87.8112 -8.92648 35.99
      vertex 87.8832 -8.87155 35.99
    endloop
  endfacet
  facet normal -0.606552 0.795044 0
    outer loop
      vertex 87.8112 -8.92648 35.99
      vertex 87.8832 -8.87155 35.2
      vertex 87.8112 -8.92648 35.2
    endloop
  endfacet
  facet normal -0.542798 0.839863 0
    outer loop
      vertex 87.9601 -8.82185 35.2
      vertex 87.8832 -8.87155 35.99
      vertex 87.9601 -8.82185 35.99
    endloop
  endfacet
  facet normal -0.542798 0.839863 0
    outer loop
      vertex 87.8832 -8.87155 35.99
      vertex 87.9601 -8.82185 35.2
      vertex 87.8832 -8.87155 35.2
    endloop
  endfacet
  facet normal -0.47791 0.878409 0
    outer loop
      vertex 88.0418 -8.7774 35.2
      vertex 87.9601 -8.82185 35.99
      vertex 88.0418 -8.7774 35.99
    endloop
  endfacet
  facet normal -0.47791 0.878409 0
    outer loop
      vertex 87.9601 -8.82185 35.99
      vertex 88.0418 -8.7774 35.2
      vertex 87.9601 -8.82185 35.2
    endloop
  endfacet
  facet normal -0.412463 0.910974 0
    outer loop
      vertex 88.1284 -8.73819 35.2
      vertex 88.0418 -8.7774 35.99
      vertex 88.1284 -8.73819 35.99
    endloop
  endfacet
  facet normal -0.412463 0.910974 0
    outer loop
      vertex 88.0418 -8.7774 35.99
      vertex 88.1284 -8.73819 35.2
      vertex 88.0418 -8.7774 35.2
    endloop
  endfacet
  facet normal -0.348315 0.937377 0
    outer loop
      vertex 88.2199 -8.70419 35.2
      vertex 88.1284 -8.73819 35.99
      vertex 88.2199 -8.70419 35.99
    endloop
  endfacet
  facet normal -0.348315 0.937377 0
    outer loop
      vertex 88.1284 -8.73819 35.99
      vertex 88.2199 -8.70419 35.2
      vertex 88.1284 -8.73819 35.2
    endloop
  endfacet
  facet normal -0.286161 0.958182 0
    outer loop
      vertex 88.3162 -8.67543 35.2
      vertex 88.2199 -8.70419 35.99
      vertex 88.3162 -8.67543 35.99
    endloop
  endfacet
  facet normal -0.286161 0.958182 0
    outer loop
      vertex 88.2199 -8.70419 35.99
      vertex 88.3162 -8.67543 35.2
      vertex 88.2199 -8.70419 35.2
    endloop
  endfacet
  facet normal -0.226469 0.974018 0
    outer loop
      vertex 88.4174 -8.6519 35.2
      vertex 88.3162 -8.67543 35.99
      vertex 88.4174 -8.6519 35.99
    endloop
  endfacet
  facet normal -0.226469 0.974018 0
    outer loop
      vertex 88.3162 -8.67543 35.99
      vertex 88.4174 -8.6519 35.2
      vertex 88.3162 -8.67543 35.2
    endloop
  endfacet
  facet normal -0.170059 0.985434 0
    outer loop
      vertex 88.5235 -8.63359 35.2
      vertex 88.4174 -8.6519 35.99
      vertex 88.5235 -8.63359 35.99
    endloop
  endfacet
  facet normal -0.170059 0.985434 0
    outer loop
      vertex 88.4174 -8.6519 35.99
      vertex 88.5235 -8.63359 35.2
      vertex 88.4174 -8.6519 35.2
    endloop
  endfacet
  facet normal -0.998778 -0.0494151 0
    outer loop
      vertex 88.5235 -8.63359 35.2
      vertex 88.4411 -6.96812 35.99
      vertex 88.4411 -6.96812 35.2
    endloop
  endfacet
  facet normal -0.998778 -0.0494151 0
    outer loop
      vertex 88.4411 -6.96812 35.99
      vertex 88.5235 -8.63359 35.2
      vertex 88.5235 -8.63359 35.99
    endloop
  endfacet
  facet normal 0.219986 -0.975503 0
    outer loop
      vertex 88.2255 -7.01674 35.2
      vertex 88.4411 -6.96812 35.99
      vertex 88.2255 -7.01674 35.99
    endloop
  endfacet
  facet normal 0.219986 -0.975503 0
    outer loop
      vertex 88.4411 -6.96812 35.99
      vertex 88.2255 -7.01674 35.2
      vertex 88.4411 -6.96812 35.2
    endloop
  endfacet
  facet normal 0.290002 -0.957026 0
    outer loop
      vertex 88.0205 -7.07886 35.2
      vertex 88.2255 -7.01674 35.99
      vertex 88.0205 -7.07886 35.99
    endloop
  endfacet
  facet normal 0.290002 -0.957026 0
    outer loop
      vertex 88.2255 -7.01674 35.99
      vertex 88.0205 -7.07886 35.2
      vertex 88.2255 -7.01674 35.2
    endloop
  endfacet
  facet normal 0.362613 -0.93194 0
    outer loop
      vertex 87.8261 -7.1545 35.2
      vertex 88.0205 -7.07886 35.99
      vertex 87.8261 -7.1545 35.99
    endloop
  endfacet
  facet normal 0.362613 -0.93194 0
    outer loop
      vertex 88.0205 -7.07886 35.99
      vertex 87.8261 -7.1545 35.2
      vertex 88.0205 -7.07886 35.2
    endloop
  endfacet
  facet normal 0.436372 -0.899766 0
    outer loop
      vertex 87.6423 -7.24364 35.2
      vertex 87.8261 -7.1545 35.99
      vertex 87.6423 -7.24364 35.99
    endloop
  endfacet
  facet normal 0.436372 -0.899766 0
    outer loop
      vertex 87.8261 -7.1545 35.99
      vertex 87.6423 -7.24364 35.2
      vertex 87.8261 -7.1545 35.2
    endloop
  endfacet
  facet normal 0.509924 -0.86022 0
    outer loop
      vertex 87.4691 -7.34631 35.2
      vertex 87.6423 -7.24364 35.99
      vertex 87.4691 -7.34631 35.99
    endloop
  endfacet
  facet normal 0.509924 -0.86022 0
    outer loop
      vertex 87.6423 -7.24364 35.99
      vertex 87.4691 -7.34631 35.2
      vertex 87.6423 -7.24364 35.2
    endloop
  endfacet
  facet normal 0.581328 -0.813669 0
    outer loop
      vertex 87.3065 -7.46248 35.2
      vertex 87.4691 -7.34631 35.99
      vertex 87.3065 -7.46248 35.99
    endloop
  endfacet
  facet normal 0.581328 -0.813669 0
    outer loop
      vertex 87.4691 -7.34631 35.99
      vertex 87.3065 -7.46248 35.2
      vertex 87.4691 -7.34631 35.2
    endloop
  endfacet
  facet normal 0.6491 -0.760703 0
    outer loop
      vertex 87.1545 -7.59218 35.2
      vertex 87.3065 -7.46248 35.99
      vertex 87.1545 -7.59218 35.99
    endloop
  endfacet
  facet normal 0.6491 -0.760703 0
    outer loop
      vertex 87.3065 -7.46248 35.99
      vertex 87.1545 -7.59218 35.2
      vertex 87.3065 -7.46248 35.2
    endloop
  endfacet
  facet normal 0.711614 -0.702571 0
    outer loop
      vertex 87.0131 -7.7354 35.99
      vertex 87.1545 -7.59218 35.2
      vertex 87.1545 -7.59218 35.99
    endloop
  endfacet
  facet normal 0.711614 -0.702571 0
    outer loop
      vertex 87.1545 -7.59218 35.2
      vertex 87.0131 -7.7354 35.99
      vertex 87.0131 -7.7354 35.2
    endloop
  endfacet
  facet normal 0.767719 -0.640787 0
    outer loop
      vertex 86.8823 -7.89211 35.99
      vertex 87.0131 -7.7354 35.2
      vertex 87.0131 -7.7354 35.99
    endloop
  endfacet
  facet normal 0.767719 -0.640787 0
    outer loop
      vertex 87.0131 -7.7354 35.2
      vertex 86.8823 -7.89211 35.99
      vertex 86.8823 -7.89211 35.2
    endloop
  endfacet
  facet normal 0.817606 -0.575779 0
    outer loop
      vertex 86.7638 -8.06038 35.99
      vertex 86.8823 -7.89211 35.2
      vertex 86.8823 -7.89211 35.99
    endloop
  endfacet
  facet normal 0.817606 -0.575779 0
    outer loop
      vertex 86.8823 -7.89211 35.2
      vertex 86.7638 -8.06038 35.99
      vertex 86.7638 -8.06038 35.2
    endloop
  endfacet
  facet normal 0.861959 -0.506978 0
    outer loop
      vertex 86.6592 -8.23822 35.99
      vertex 86.7638 -8.06038 35.2
      vertex 86.7638 -8.06038 35.99
    endloop
  endfacet
  facet normal 0.861959 -0.506978 0
    outer loop
      vertex 86.7638 -8.06038 35.2
      vertex 86.6592 -8.23822 35.99
      vertex 86.6592 -8.23822 35.2
    endloop
  endfacet
  facet normal 0.900351 -0.435165 0
    outer loop
      vertex 86.5686 -8.42567 35.99
      vertex 86.6592 -8.23822 35.2
      vertex 86.6592 -8.23822 35.99
    endloop
  endfacet
  facet normal 0.900351 -0.435165 0
    outer loop
      vertex 86.6592 -8.23822 35.2
      vertex 86.5686 -8.42567 35.99
      vertex 86.5686 -8.42567 35.2
    endloop
  endfacet
  facet normal 0.931881 -0.362763 0
    outer loop
      vertex 86.4919 -8.6227 35.99
      vertex 86.5686 -8.42567 35.2
      vertex 86.5686 -8.42567 35.99
    endloop
  endfacet
  facet normal 0.931881 -0.362763 0
    outer loop
      vertex 86.5686 -8.42567 35.2
      vertex 86.4919 -8.6227 35.99
      vertex 86.4919 -8.6227 35.2
    endloop
  endfacet
  facet normal 0.956911 -0.29038 0
    outer loop
      vertex 86.4292 -8.82932 35.99
      vertex 86.4919 -8.6227 35.2
      vertex 86.4919 -8.6227 35.99
    endloop
  endfacet
  facet normal 0.956911 -0.29038 0
    outer loop
      vertex 86.4919 -8.6227 35.2
      vertex 86.4292 -8.82932 35.99
      vertex 86.4292 -8.82932 35.2
    endloop
  endfacet
  facet normal 0.975462 -0.220168 0
    outer loop
      vertex 86.3804 -9.04553 35.99
      vertex 86.4292 -8.82932 35.2
      vertex 86.4292 -8.82932 35.99
    endloop
  endfacet
  facet normal 0.975462 -0.220168 0
    outer loop
      vertex 86.4292 -8.82932 35.2
      vertex 86.3804 -9.04553 35.99
      vertex 86.3804 -9.04553 35.2
    endloop
  endfacet
  facet normal 0.988267 -0.152735 0
    outer loop
      vertex 86.3455 -9.27135 35.99
      vertex 86.3804 -9.04553 35.2
      vertex 86.3804 -9.04553 35.99
    endloop
  endfacet
  facet normal 0.988267 -0.152735 0
    outer loop
      vertex 86.3804 -9.04553 35.2
      vertex 86.3455 -9.27135 35.99
      vertex 86.3455 -9.27135 35.2
    endloop
  endfacet
  facet normal 0.996081 -0.0884446 0
    outer loop
      vertex 86.3246 -9.50673 35.99
      vertex 86.3455 -9.27135 35.2
      vertex 86.3455 -9.27135 35.99
    endloop
  endfacet
  facet normal 0.996081 -0.0884446 0
    outer loop
      vertex 86.3455 -9.27135 35.2
      vertex 86.3246 -9.50673 35.99
      vertex 86.3246 -9.50673 35.2
    endloop
  endfacet
  facet normal 0.999592 -0.0285609 0
    outer loop
      vertex 86.3176 -9.75172 35.99
      vertex 86.3246 -9.50673 35.2
      vertex 86.3246 -9.50673 35.99
    endloop
  endfacet
  facet normal 0.999592 -0.0285609 0
    outer loop
      vertex 86.3246 -9.50673 35.2
      vertex 86.3176 -9.75172 35.99
      vertex 86.3176 -9.75172 35.2
    endloop
  endfacet
  facet normal 0.999406 0.0344536 0
    outer loop
      vertex 86.3285 -10.0679 35.99
      vertex 86.3176 -9.75172 35.2
      vertex 86.3176 -9.75172 35.99
    endloop
  endfacet
  facet normal 0.999406 0.0344536 0
    outer loop
      vertex 86.3176 -9.75172 35.2
      vertex 86.3285 -10.0679 35.99
      vertex 86.3285 -10.0679 35.2
    endloop
  endfacet
  facet normal 0.994136 0.108138 0
    outer loop
      vertex 86.3611 -10.3676 35.99
      vertex 86.3285 -10.0679 35.2
      vertex 86.3285 -10.0679 35.99
    endloop
  endfacet
  facet normal 0.994136 0.108138 0
    outer loop
      vertex 86.3285 -10.0679 35.2
      vertex 86.3611 -10.3676 35.99
      vertex 86.3611 -10.3676 35.2
    endloop
  endfacet
  facet normal 0.982187 0.187909 0
    outer loop
      vertex 86.4153 -10.6509 35.99
      vertex 86.3611 -10.3676 35.2
      vertex 86.3611 -10.3676 35.99
    endloop
  endfacet
  facet normal 0.982187 0.187909 0
    outer loop
      vertex 86.3611 -10.3676 35.2
      vertex 86.4153 -10.6509 35.99
      vertex 86.4153 -10.6509 35.2
    endloop
  endfacet
  facet normal 0.961741 0.273959 0
    outer loop
      vertex 86.4913 -10.9177 35.99
      vertex 86.4153 -10.6509 35.2
      vertex 86.4153 -10.6509 35.99
    endloop
  endfacet
  facet normal 0.961741 0.273959 0
    outer loop
      vertex 86.4153 -10.6509 35.2
      vertex 86.4913 -10.9177 35.99
      vertex 86.4913 -10.9177 35.2
    endloop
  endfacet
  facet normal 0.931522 0.363684 0
    outer loop
      vertex 86.5891 -11.1682 35.99
      vertex 86.4913 -10.9177 35.2
      vertex 86.4913 -10.9177 35.99
    endloop
  endfacet
  facet normal 0.931522 0.363684 0
    outer loop
      vertex 86.4913 -10.9177 35.2
      vertex 86.5891 -11.1682 35.99
      vertex 86.5891 -11.1682 35.2
    endloop
  endfacet
  facet normal 0.890743 0.454507 0
    outer loop
      vertex 86.7085 -11.4022 35.99
      vertex 86.5891 -11.1682 35.2
      vertex 86.5891 -11.1682 35.99
    endloop
  endfacet
  facet normal 0.890743 0.454507 0
    outer loop
      vertex 86.5891 -11.1682 35.2
      vertex 86.7085 -11.4022 35.99
      vertex 86.7085 -11.4022 35.2
    endloop
  endfacet
  facet normal 0.839042 0.544066 0
    outer loop
      vertex 86.8496 -11.6198 35.99
      vertex 86.7085 -11.4022 35.2
      vertex 86.7085 -11.4022 35.99
    endloop
  endfacet
  facet normal 0.839042 0.544066 0
    outer loop
      vertex 86.7085 -11.4022 35.2
      vertex 86.8496 -11.6198 35.99
      vertex 86.8496 -11.6198 35.2
    endloop
  endfacet
  facet normal 0.7772 0.629254 0
    outer loop
      vertex 87.0125 -11.821 35.99
      vertex 86.8496 -11.6198 35.2
      vertex 86.8496 -11.6198 35.99
    endloop
  endfacet
  facet normal 0.7772 0.629254 0
    outer loop
      vertex 86.8496 -11.6198 35.2
      vertex 87.0125 -11.821 35.99
      vertex 87.0125 -11.821 35.2
    endloop
  endfacet
  facet normal 0.70749 0.706724 0
    outer loop
      vertex 87.1971 -12.0058 35.99
      vertex 87.0125 -11.821 35.2
      vertex 87.0125 -11.821 35.99
    endloop
  endfacet
  facet normal 0.70749 0.706724 0
    outer loop
      vertex 87.0125 -11.821 35.2
      vertex 87.1971 -12.0058 35.99
      vertex 87.1971 -12.0058 35.2
    endloop
  endfacet
  facet normal 0.632762 0.774346 -0
    outer loop
      vertex 87.4011 -12.1725 35.2
      vertex 87.1971 -12.0058 35.99
      vertex 87.4011 -12.1725 35.99
    endloop
  endfacet
  facet normal 0.632762 0.774346 0
    outer loop
      vertex 87.1971 -12.0058 35.99
      vertex 87.4011 -12.1725 35.2
      vertex 87.1971 -12.0058 35.2
    endloop
  endfacet
  facet normal 0.553744 0.832687 -0
    outer loop
      vertex 87.6223 -12.3196 35.2
      vertex 87.4011 -12.1725 35.99
      vertex 87.6223 -12.3196 35.99
    endloop
  endfacet
  facet normal 0.553744 0.832687 0
    outer loop
      vertex 87.4011 -12.1725 35.99
      vertex 87.6223 -12.3196 35.2
      vertex 87.4011 -12.1725 35.2
    endloop
  endfacet
  facet normal 0.471452 0.881892 -0
    outer loop
      vertex 87.8608 -12.4471 35.2
      vertex 87.6223 -12.3196 35.99
      vertex 87.8608 -12.4471 35.99
    endloop
  endfacet
  facet normal 0.471452 0.881892 0
    outer loop
      vertex 87.6223 -12.3196 35.99
      vertex 87.8608 -12.4471 35.2
      vertex 87.6223 -12.3196 35.2
    endloop
  endfacet
  facet normal 0.388911 0.921275 -0
    outer loop
      vertex 88.1164 -12.555 35.2
      vertex 87.8608 -12.4471 35.99
      vertex 88.1164 -12.555 35.99
    endloop
  endfacet
  facet normal 0.388911 0.921275 0
    outer loop
      vertex 87.8608 -12.4471 35.99
      vertex 88.1164 -12.555 35.2
      vertex 87.8608 -12.4471 35.2
    endloop
  endfacet
  facet normal 0.307848 0.951436 -0
    outer loop
      vertex 88.3893 -12.6433 35.2
      vertex 88.1164 -12.555 35.99
      vertex 88.3893 -12.6433 35.99
    endloop
  endfacet
  facet normal 0.307848 0.951436 0
    outer loop
      vertex 88.1164 -12.555 35.99
      vertex 88.3893 -12.6433 35.2
      vertex 88.1164 -12.555 35.2
    endloop
  endfacet
  facet normal 0.230124 0.973161 -0
    outer loop
      vertex 88.6794 -12.7119 35.2
      vertex 88.3893 -12.6433 35.99
      vertex 88.6794 -12.7119 35.99
    endloop
  endfacet
  facet normal 0.230124 0.973161 0
    outer loop
      vertex 88.3893 -12.6433 35.99
      vertex 88.6794 -12.7119 35.2
      vertex 88.3893 -12.6433 35.2
    endloop
  endfacet
  facet normal 0.157777 0.987475 -0
    outer loop
      vertex 88.9867 -12.761 35.2
      vertex 88.6794 -12.7119 35.99
      vertex 88.9867 -12.761 35.99
    endloop
  endfacet
  facet normal 0.157777 0.987475 0
    outer loop
      vertex 88.6794 -12.7119 35.99
      vertex 88.9867 -12.761 35.2
      vertex 88.6794 -12.7119 35.2
    endloop
  endfacet
  facet normal 0.0902313 0.995921 -0
    outer loop
      vertex 89.3112 -12.7904 35.2
      vertex 88.9867 -12.761 35.99
      vertex 89.3112 -12.7904 35.99
    endloop
  endfacet
  facet normal 0.0902313 0.995921 0
    outer loop
      vertex 88.9867 -12.761 35.99
      vertex 89.3112 -12.7904 35.2
      vertex 88.9867 -12.761 35.2
    endloop
  endfacet
  facet normal 0.0286683 0.999589 -0
    outer loop
      vertex 89.6529 -12.8002 35.2
      vertex 89.3112 -12.7904 35.99
      vertex 89.6529 -12.8002 35.99
    endloop
  endfacet
  facet normal 0.0286683 0.999589 0
    outer loop
      vertex 89.3112 -12.7904 35.99
      vertex 89.6529 -12.8002 35.2
      vertex 89.3112 -12.7904 35.2
    endloop
  endfacet
  facet normal -0.029021 0.999579 0
    outer loop
      vertex 89.987 -12.7905 35.2
      vertex 89.6529 -12.8002 35.99
      vertex 89.987 -12.7905 35.99
    endloop
  endfacet
  facet normal -0.029021 0.999579 0
    outer loop
      vertex 89.6529 -12.8002 35.99
      vertex 89.987 -12.7905 35.2
      vertex 89.6529 -12.8002 35.2
    endloop
  endfacet
  facet normal -0.0919504 0.995764 0
    outer loop
      vertex 90.3043 -12.7612 35.2
      vertex 89.987 -12.7905 35.99
      vertex 90.3043 -12.7612 35.99
    endloop
  endfacet
  facet normal -0.0919504 0.995764 0
    outer loop
      vertex 89.987 -12.7905 35.99
      vertex 90.3043 -12.7612 35.2
      vertex 89.987 -12.7905 35.2
    endloop
  endfacet
  facet normal -0.159604 0.987181 0
    outer loop
      vertex 90.6049 -12.7126 35.2
      vertex 90.3043 -12.7612 35.99
      vertex 90.6049 -12.7126 35.99
    endloop
  endfacet
  facet normal -0.159604 0.987181 0
    outer loop
      vertex 90.3043 -12.7612 35.99
      vertex 90.6049 -12.7126 35.2
      vertex 90.3043 -12.7612 35.2
    endloop
  endfacet
  facet normal -0.233736 0.9723 0
    outer loop
      vertex 90.8886 -12.6444 35.2
      vertex 90.6049 -12.7126 35.99
      vertex 90.8886 -12.6444 35.99
    endloop
  endfacet
  facet normal -0.233736 0.9723 0
    outer loop
      vertex 90.6049 -12.7126 35.99
      vertex 90.8886 -12.6444 35.2
      vertex 90.6049 -12.7126 35.2
    endloop
  endfacet
  facet normal -0.31174 0.950167 0
    outer loop
      vertex 91.1556 -12.5568 35.2
      vertex 90.8886 -12.6444 35.99
      vertex 91.1556 -12.5568 35.99
    endloop
  endfacet
  facet normal -0.31174 0.950167 0
    outer loop
      vertex 90.8886 -12.6444 35.99
      vertex 91.1556 -12.5568 35.2
      vertex 90.8886 -12.6444 35.2
    endloop
  endfacet
  facet normal -0.393387 0.919373 0
    outer loop
      vertex 91.4059 -12.4497 35.2
      vertex 91.1556 -12.5568 35.99
      vertex 91.4059 -12.4497 35.99
    endloop
  endfacet
  facet normal -0.393387 0.919373 0
    outer loop
      vertex 91.1556 -12.5568 35.99
      vertex 91.4059 -12.4497 35.2
      vertex 91.1556 -12.5568 35.2
    endloop
  endfacet
  facet normal -0.476793 0.879016 0
    outer loop
      vertex 91.6393 -12.3231 35.2
      vertex 91.4059 -12.4497 35.99
      vertex 91.6393 -12.3231 35.99
    endloop
  endfacet
  facet normal -0.476793 0.879016 0
    outer loop
      vertex 91.4059 -12.4497 35.99
      vertex 91.6393 -12.3231 35.2
      vertex 91.4059 -12.4497 35.2
    endloop
  endfacet
  facet normal -0.558756 0.829332 0
    outer loop
      vertex 91.856 -12.1771 35.2
      vertex 91.6393 -12.3231 35.99
      vertex 91.856 -12.1771 35.99
    endloop
  endfacet
  facet normal -0.558756 0.829332 0
    outer loop
      vertex 91.6393 -12.3231 35.99
      vertex 91.856 -12.1771 35.2
      vertex 91.6393 -12.3231 35.2
    endloop
  endfacet
  facet normal -0.637718 0.77027 0
    outer loop
      vertex 92.0559 -12.0116 35.2
      vertex 91.856 -12.1771 35.99
      vertex 92.0559 -12.0116 35.99
    endloop
  endfacet
  facet normal -0.637718 0.77027 0
    outer loop
      vertex 91.856 -12.1771 35.99
      vertex 92.0559 -12.0116 35.2
      vertex 91.856 -12.1771 35.2
    endloop
  endfacet
  facet normal -0.711943 0.702238 0
    outer loop
      vertex 92.0559 -12.0116 35.2
      vertex 92.2368 -11.8282 35.99
      vertex 92.2368 -11.8282 35.2
    endloop
  endfacet
  facet normal -0.711943 0.702238 0
    outer loop
      vertex 92.2368 -11.8282 35.99
      vertex 92.0559 -12.0116 35.2
      vertex 92.0559 -12.0116 35.99
    endloop
  endfacet
  facet normal -0.781365 0.624075 0
    outer loop
      vertex 92.2368 -11.8282 35.2
      vertex 92.3963 -11.6285 35.99
      vertex 92.3963 -11.6285 35.2
    endloop
  endfacet
  facet normal -0.781365 0.624075 0
    outer loop
      vertex 92.3963 -11.6285 35.99
      vertex 92.2368 -11.8282 35.2
      vertex 92.2368 -11.8282 35.99
    endloop
  endfacet
  facet normal -0.842052 0.539397 0
    outer loop
      vertex 92.3963 -11.6285 35.2
      vertex 92.5346 -11.4126 35.99
      vertex 92.5346 -11.4126 35.2
    endloop
  endfacet
  facet normal -0.842052 0.539397 0
    outer loop
      vertex 92.5346 -11.4126 35.99
      vertex 92.3963 -11.6285 35.2
      vertex 92.3963 -11.6285 35.99
    endloop
  endfacet
  facet normal -0.892884 0.450287 0
    outer loop
      vertex 92.5346 -11.4126 35.2
      vertex 92.6517 -11.1804 35.99
      vertex 92.6517 -11.1804 35.2
    endloop
  endfacet
  facet normal -0.892884 0.450287 0
    outer loop
      vertex 92.6517 -11.1804 35.99
      vertex 92.5346 -11.4126 35.2
      vertex 92.5346 -11.4126 35.99
    endloop
  endfacet
  facet normal -0.933191 0.359382 0
    outer loop
      vertex 92.6517 -11.1804 35.2
      vertex 92.7474 -10.9319 35.99
      vertex 92.7474 -10.9319 35.2
    endloop
  endfacet
  facet normal -0.933191 0.359382 0
    outer loop
      vertex 92.7474 -10.9319 35.99
      vertex 92.6517 -11.1804 35.2
      vertex 92.6517 -11.1804 35.99
    endloop
  endfacet
  facet normal -0.962601 0.270925 0
    outer loop
      vertex 92.7474 -10.9319 35.2
      vertex 92.8219 -10.6672 35.99
      vertex 92.8219 -10.6672 35.2
    endloop
  endfacet
  facet normal -0.962601 0.270925 0
    outer loop
      vertex 92.8219 -10.6672 35.99
      vertex 92.7474 -10.9319 35.2
      vertex 92.7474 -10.9319 35.99
    endloop
  endfacet
  facet normal -0.982558 0.185956 0
    outer loop
      vertex 92.8219 -10.6672 35.2
      vertex 92.8751 -10.3861 35.99
      vertex 92.8751 -10.3861 35.2
    endloop
  endfacet
  facet normal -0.982558 0.185956 0
    outer loop
      vertex 92.8751 -10.3861 35.99
      vertex 92.8219 -10.6672 35.2
      vertex 92.8219 -10.6672 35.99
    endloop
  endfacet
  facet normal -0.994293 0.106687 0
    outer loop
      vertex 92.8751 -10.3861 35.2
      vertex 92.907 -10.0888 35.99
      vertex 92.907 -10.0888 35.2
    endloop
  endfacet
  facet normal -0.994293 0.106687 0
    outer loop
      vertex 92.907 -10.0888 35.99
      vertex 92.8751 -10.3861 35.2
      vertex 92.8751 -10.3861 35.99
    endloop
  endfacet
  facet normal -0.999429 0.0337871 0
    outer loop
      vertex 92.907 -10.0888 35.2
      vertex 92.9176 -9.77525 35.99
      vertex 92.9176 -9.77525 35.2
    endloop
  endfacet
  facet normal -0.999429 0.0337871 0
    outer loop
      vertex 92.9176 -9.77525 35.99
      vertex 92.907 -10.0888 35.2
      vertex 92.907 -10.0888 35.99
    endloop
  endfacet
  facet normal -0.999799 -0.0200632 0
    outer loop
      vertex 92.9176 -9.77525 35.2
      vertex 92.9142 -9.60582 35.99
      vertex 92.9142 -9.60582 35.2
    endloop
  endfacet
  facet normal -0.999799 -0.0200632 0
    outer loop
      vertex 92.9142 -9.60582 35.99
      vertex 92.9176 -9.77525 35.2
      vertex 92.9176 -9.77525 35.99
    endloop
  endfacet
  facet normal -0.987922 -0.154952 0
    outer loop
      vertex 92.8963 -2.83289 35.2
      vertex 92.8322 -2.42421 35.99
      vertex 92.8322 -2.42421 35.2
    endloop
  endfacet
  facet normal -0.987922 -0.154952 0
    outer loop
      vertex 92.8322 -2.42421 35.99
      vertex 92.8963 -2.83289 35.2
      vertex 92.8963 -2.83289 35.99
    endloop
  endfacet
  facet normal -0.961679 -0.274178 0
    outer loop
      vertex 92.8322 -2.42421 35.2
      vertex 92.7255 -2.04996 35.99
      vertex 92.7255 -2.04996 35.2
    endloop
  endfacet
  facet normal -0.961679 -0.274178 0
    outer loop
      vertex 92.7255 -2.04996 35.99
      vertex 92.8322 -2.42421 35.2
      vertex 92.8322 -2.42421 35.99
    endloop
  endfacet
  facet normal -0.915336 -0.402692 0
    outer loop
      vertex 92.7255 -2.04996 35.2
      vertex 92.576 -1.71014 35.99
      vertex 92.576 -1.71014 35.2
    endloop
  endfacet
  facet normal -0.915336 -0.402692 0
    outer loop
      vertex 92.576 -1.71014 35.99
      vertex 92.7255 -2.04996 35.2
      vertex 92.7255 -2.04996 35.99
    endloop
  endfacet
  facet normal -0.846445 -0.532476 0
    outer loop
      vertex 92.576 -1.71014 35.2
      vertex 92.3839 -1.40477 35.99
      vertex 92.3839 -1.40477 35.2
    endloop
  endfacet
  facet normal -0.846445 -0.532476 0
    outer loop
      vertex 92.3839 -1.40477 35.99
      vertex 92.576 -1.71014 35.2
      vertex 92.576 -1.71014 35.99
    endloop
  endfacet
  facet normal -0.755571 -0.655066 0
    outer loop
      vertex 92.3839 -1.40477 35.2
      vertex 92.149 -1.13383 35.99
      vertex 92.149 -1.13383 35.2
    endloop
  endfacet
  facet normal -0.755571 -0.655066 0
    outer loop
      vertex 92.149 -1.13383 35.99
      vertex 92.3839 -1.40477 35.2
      vertex 92.3839 -1.40477 35.99
    endloop
  endfacet
  facet normal -0.648493 -0.76122 0
    outer loop
      vertex 91.8714 -0.897339 35.2
      vertex 92.149 -1.13383 35.99
      vertex 91.8714 -0.897339 35.99
    endloop
  endfacet
  facet normal -0.648493 -0.76122 -0
    outer loop
      vertex 92.149 -1.13383 35.99
      vertex 91.8714 -0.897339 35.2
      vertex 92.149 -1.13383 35.2
    endloop
  endfacet
  facet normal -0.533572 -0.845754 0
    outer loop
      vertex 91.5511 -0.695267 35.2
      vertex 91.8714 -0.897339 35.99
      vertex 91.5511 -0.695267 35.99
    endloop
  endfacet
  facet normal -0.533572 -0.845754 -0
    outer loop
      vertex 91.8714 -0.897339 35.99
      vertex 91.5511 -0.695267 35.2
      vertex 91.8714 -0.897339 35.2
    endloop
  endfacet
  facet normal -0.419348 -0.907825 0
    outer loop
      vertex 91.1882 -0.527634 35.2
      vertex 91.5511 -0.695267 35.99
      vertex 91.1882 -0.527634 35.99
    endloop
  endfacet
  facet normal -0.419348 -0.907825 -0
    outer loop
      vertex 91.5511 -0.695267 35.99
      vertex 91.1882 -0.527634 35.2
      vertex 91.5511 -0.695267 35.2
    endloop
  endfacet
  facet normal 0.996258 -0.0864275 0
    outer loop
      vertex 91.0529 -2.08725 35.99
      vertex 91.1882 -0.527634 35.2
      vertex 91.1882 -0.527634 35.99
    endloop
  endfacet
  facet normal 0.996258 -0.0864275 0
    outer loop
      vertex 91.1882 -0.527634 35.2
      vertex 91.0529 -2.08725 35.99
      vertex 91.0529 -2.08725 35.2
    endloop
  endfacet
  facet normal 0.347159 0.937806 -0
    outer loop
      vertex 91.2122 -2.14622 35.2
      vertex 91.0529 -2.08725 35.99
      vertex 91.2122 -2.14622 35.99
    endloop
  endfacet
  facet normal 0.347159 0.937806 0
    outer loop
      vertex 91.0529 -2.08725 35.99
      vertex 91.2122 -2.14622 35.2
      vertex 91.0529 -2.08725 35.2
    endloop
  endfacet
  facet normal 0.470865 0.882205 -0
    outer loop
      vertex 91.3527 -2.22121 35.2
      vertex 91.2122 -2.14622 35.99
      vertex 91.3527 -2.22121 35.99
    endloop
  endfacet
  facet normal 0.470865 0.882205 0
    outer loop
      vertex 91.2122 -2.14622 35.99
      vertex 91.3527 -2.22121 35.2
      vertex 91.2122 -2.14622 35.2
    endloop
  endfacet
  facet normal 0.598272 0.801293 -0
    outer loop
      vertex 91.4745 -2.31215 35.2
      vertex 91.3527 -2.22121 35.99
      vertex 91.4745 -2.31215 35.99
    endloop
  endfacet
  facet normal 0.598272 0.801293 0
    outer loop
      vertex 91.3527 -2.22121 35.99
      vertex 91.4745 -2.31215 35.2
      vertex 91.3527 -2.22121 35.2
    endloop
  endfacet
  facet normal 0.720283 0.693681 0
    outer loop
      vertex 91.5775 -2.4191 35.99
      vertex 91.4745 -2.31215 35.2
      vertex 91.4745 -2.31215 35.99
    endloop
  endfacet
  facet normal 0.720283 0.693681 0
    outer loop
      vertex 91.4745 -2.31215 35.2
      vertex 91.5775 -2.4191 35.99
      vertex 91.5775 -2.4191 35.2
    endloop
  endfacet
  facet normal 0.824691 0.565583 0
    outer loop
      vertex 91.6618 -2.54202 35.99
      vertex 91.5775 -2.4191 35.2
      vertex 91.5775 -2.4191 35.99
    endloop
  endfacet
  facet normal 0.824691 0.565583 0
    outer loop
      vertex 91.5775 -2.4191 35.2
      vertex 91.6618 -2.54202 35.99
      vertex 91.6618 -2.54202 35.2
    endloop
  endfacet
  facet normal 0.904228 0.427051 0
    outer loop
      vertex 91.7274 -2.68092 35.99
      vertex 91.6618 -2.54202 35.2
      vertex 91.6618 -2.54202 35.99
    endloop
  endfacet
  facet normal 0.904228 0.427051 0
    outer loop
      vertex 91.6618 -2.54202 35.2
      vertex 91.7274 -2.68092 35.99
      vertex 91.7274 -2.68092 35.2
    endloop
  endfacet
  facet normal 0.957268 0.289201 0
    outer loop
      vertex 91.7742 -2.83583 35.99
      vertex 91.7274 -2.68092 35.2
      vertex 91.7274 -2.68092 35.99
    endloop
  endfacet
  facet normal 0.957268 0.289201 0
    outer loop
      vertex 91.7274 -2.68092 35.2
      vertex 91.7742 -2.83583 35.99
      vertex 91.7742 -2.83583 35.2
    endloop
  endfacet
  facet normal 0.986653 0.162835 0
    outer loop
      vertex 91.8024 -3.0067 35.99
      vertex 91.7742 -2.83583 35.2
      vertex 91.7742 -2.83583 35.99
    endloop
  endfacet
  facet normal 0.986653 0.162835 0
    outer loop
      vertex 91.7742 -2.83583 35.2
      vertex 91.8024 -3.0067 35.99
      vertex 91.8024 -3.0067 35.2
    endloop
  endfacet
  facet normal 0.998764 0.0497084 0
    outer loop
      vertex 91.8117 -3.19356 35.99
      vertex 91.8024 -3.0067 35.2
      vertex 91.8024 -3.0067 35.99
    endloop
  endfacet
  facet normal 0.998764 0.0497084 0
    outer loop
      vertex 91.8024 -3.0067 35.2
      vertex 91.8117 -3.19356 35.99
      vertex 91.8117 -3.19356 35.2
    endloop
  endfacet
  facet normal 0.999114 -0.0420954 0
    outer loop
      vertex 91.8059 -3.33122 35.99
      vertex 91.8117 -3.19356 35.2
      vertex 91.8117 -3.19356 35.99
    endloop
  endfacet
  facet normal 0.999114 -0.0420954 0
    outer loop
      vertex 91.8117 -3.19356 35.2
      vertex 91.8059 -3.33122 35.99
      vertex 91.8059 -3.33122 35.2
    endloop
  endfacet
  facet normal 0.991024 -0.133686 0
    outer loop
      vertex 91.7883 -3.46169 35.99
      vertex 91.8059 -3.33122 35.2
      vertex 91.8059 -3.33122 35.99
    endloop
  endfacet
  facet normal 0.991024 -0.133686 0
    outer loop
      vertex 91.8059 -3.33122 35.2
      vertex 91.7883 -3.46169 35.99
      vertex 91.7883 -3.46169 35.2
    endloop
  endfacet
  facet normal 0.97306 -0.230553 0
    outer loop
      vertex 91.7591 -3.58493 35.99
      vertex 91.7883 -3.46169 35.2
      vertex 91.7883 -3.46169 35.99
    endloop
  endfacet
  facet normal 0.97306 -0.230553 0
    outer loop
      vertex 91.7883 -3.46169 35.2
      vertex 91.7591 -3.58493 35.99
      vertex 91.7591 -3.58493 35.2
    endloop
  endfacet
  facet normal 0.943158 -0.332344 0
    outer loop
      vertex 91.7182 -3.701 35.99
      vertex 91.7591 -3.58493 35.2
      vertex 91.7591 -3.58493 35.99
    endloop
  endfacet
  facet normal 0.943158 -0.332344 0
    outer loop
      vertex 91.7591 -3.58493 35.2
      vertex 91.7182 -3.701 35.99
      vertex 91.7182 -3.701 35.2
    endloop
  endfacet
  facet normal 0.900431 -0.434999 0
    outer loop
      vertex 91.6656 -3.80988 35.99
      vertex 91.7182 -3.701 35.2
      vertex 91.7182 -3.701 35.99
    endloop
  endfacet
  facet normal 0.900431 -0.434999 0
    outer loop
      vertex 91.7182 -3.701 35.2
      vertex 91.6656 -3.80988 35.99
      vertex 91.6656 -3.80988 35.2
    endloop
  endfacet
  facet normal 0.845232 -0.534399 0
    outer loop
      vertex 91.6013 -3.91158 35.99
      vertex 91.6656 -3.80988 35.2
      vertex 91.6656 -3.80988 35.99
    endloop
  endfacet
  facet normal 0.845232 -0.534399 0
    outer loop
      vertex 91.6656 -3.80988 35.2
      vertex 91.6013 -3.91158 35.99
      vertex 91.6013 -3.91158 35.2
    endloop
  endfacet
  facet normal 0.779192 -0.626785 0
    outer loop
      vertex 91.5253 -4.00606 35.99
      vertex 91.6013 -3.91158 35.2
      vertex 91.6013 -3.91158 35.99
    endloop
  endfacet
  facet normal 0.779192 -0.626785 0
    outer loop
      vertex 91.6013 -3.91158 35.2
      vertex 91.5253 -4.00606 35.99
      vertex 91.5253 -4.00606 35.2
    endloop
  endfacet
  facet normal 0.705407 -0.708802 0
    outer loop
      vertex 91.4376 -4.09334 35.2
      vertex 91.5253 -4.00606 35.99
      vertex 91.4376 -4.09334 35.99
    endloop
  endfacet
  facet normal 0.705407 -0.708802 0
    outer loop
      vertex 91.5253 -4.00606 35.99
      vertex 91.4376 -4.09334 35.2
      vertex 91.5253 -4.00606 35.2
    endloop
  endfacet
  facet normal 0.627892 -0.778301 0
    outer loop
      vertex 91.3383 -4.17345 35.2
      vertex 91.4376 -4.09334 35.99
      vertex 91.3383 -4.17345 35.99
    endloop
  endfacet
  facet normal 0.627892 -0.778301 0
    outer loop
      vertex 91.4376 -4.09334 35.99
      vertex 91.3383 -4.17345 35.2
      vertex 91.4376 -4.09334 35.2
    endloop
  endfacet
  facet normal 0.545917 -0.837839 0
    outer loop
      vertex 91.2274 -4.24571 35.2
      vertex 91.3383 -4.17345 35.99
      vertex 91.2274 -4.24571 35.99
    endloop
  endfacet
  facet normal 0.545917 -0.837839 0
    outer loop
      vertex 91.3383 -4.17345 35.99
      vertex 91.2274 -4.24571 35.2
      vertex 91.3383 -4.17345 35.2
    endloop
  endfacet
  facet normal 0.462827 -0.886449 0
    outer loop
      vertex 91.1053 -4.30946 35.2
      vertex 91.2274 -4.24571 35.99
      vertex 91.1053 -4.30946 35.99
    endloop
  endfacet
  facet normal 0.462827 -0.886449 0
    outer loop
      vertex 91.2274 -4.24571 35.99
      vertex 91.1053 -4.30946 35.2
      vertex 91.2274 -4.24571 35.2
    endloop
  endfacet
  facet normal 0.382707 -0.92387 0
    outer loop
      vertex 90.9719 -4.36472 35.2
      vertex 91.1053 -4.30946 35.99
      vertex 90.9719 -4.36472 35.99
    endloop
  endfacet
  facet normal 0.382707 -0.92387 0
    outer loop
      vertex 91.1053 -4.30946 35.99
      vertex 90.9719 -4.36472 35.2
      vertex 91.1053 -4.30946 35.2
    endloop
  endfacet
  facet normal 0.307628 -0.951507 0
    outer loop
      vertex 90.8273 -4.41147 35.2
      vertex 90.9719 -4.36472 35.99
      vertex 90.8273 -4.41147 35.99
    endloop
  endfacet
  facet normal 0.307628 -0.951507 0
    outer loop
      vertex 90.9719 -4.36472 35.99
      vertex 90.8273 -4.41147 35.2
      vertex 90.9719 -4.36472 35.2
    endloop
  endfacet
  facet normal 0.238283 -0.971196 0
    outer loop
      vertex 90.6714 -4.44972 35.2
      vertex 90.8273 -4.41147 35.99
      vertex 90.6714 -4.44972 35.99
    endloop
  endfacet
  facet normal 0.238283 -0.971196 0
    outer loop
      vertex 90.8273 -4.41147 35.99
      vertex 90.6714 -4.44972 35.2
      vertex 90.8273 -4.41147 35.2
    endloop
  endfacet
  facet normal 0.175236 -0.984526 0
    outer loop
      vertex 90.5042 -4.47948 35.2
      vertex 90.6714 -4.44972 35.99
      vertex 90.5042 -4.47948 35.99
    endloop
  endfacet
  facet normal 0.175236 -0.984526 0
    outer loop
      vertex 90.6714 -4.44972 35.99
      vertex 90.5042 -4.47948 35.2
      vertex 90.6714 -4.44972 35.2
    endloop
  endfacet
  facet normal 0.118223 -0.992987 0
    outer loop
      vertex 90.3258 -4.50072 35.2
      vertex 90.5042 -4.47948 35.99
      vertex 90.3258 -4.50072 35.99
    endloop
  endfacet
  facet normal 0.118223 -0.992987 0
    outer loop
      vertex 90.5042 -4.47948 35.99
      vertex 90.3258 -4.50072 35.2
      vertex 90.5042 -4.47948 35.2
    endloop
  endfacet
  facet normal 0.0670953 -0.997747 0
    outer loop
      vertex 90.1362 -4.51347 35.2
      vertex 90.3258 -4.50072 35.99
      vertex 90.1362 -4.51347 35.99
    endloop
  endfacet
  facet normal 0.0670953 -0.997747 0
    outer loop
      vertex 90.3258 -4.50072 35.99
      vertex 90.1362 -4.51347 35.2
      vertex 90.3258 -4.50072 35.2
    endloop
  endfacet
  facet normal 0.0211396 -0.999777 0
    outer loop
      vertex 89.9352 -4.51772 35.2
      vertex 90.1362 -4.51347 35.99
      vertex 89.9352 -4.51772 35.99
    endloop
  endfacet
  facet normal 0.0211396 -0.999777 0
    outer loop
      vertex 90.1362 -4.51347 35.99
      vertex 89.9352 -4.51772 35.2
      vertex 90.1362 -4.51347 35.2
    endloop
  endfacet
  facet normal -1 0 0
    outer loop
      vertex 89.9352 -4.51772 35.2
      vertex 89.9352 -0.433487 35.99
      vertex 89.9352 -0.433487 35.2
    endloop
  endfacet
  facet normal -1 -0 0
    outer loop
      vertex 89.9352 -0.433487 35.99
      vertex 89.9352 -4.51772 35.2
      vertex 89.9352 -4.51772 35.99
    endloop
  endfacet
  facet normal 0 -1 0
    outer loop
      vertex 89.8882 -0.433487 35.2
      vertex 89.9352 -0.433487 35.99
      vertex 89.8882 -0.433487 35.99
    endloop
  endfacet
  facet normal 0 -1 -0
    outer loop
      vertex 89.9352 -0.433487 35.99
      vertex 89.8882 -0.433487 35.2
      vertex 89.9352 -0.433487 35.2
    endloop
  endfacet
  facet normal 0.0235809 -0.999722 0
    outer loop
      vertex 89.5091 -0.442429 35.2
      vertex 89.8882 -0.433487 35.99
      vertex 89.5091 -0.442429 35.99
    endloop
  endfacet
  facet normal 0.0235809 -0.999722 0
    outer loop
      vertex 89.8882 -0.433487 35.99
      vertex 89.5091 -0.442429 35.2
      vertex 89.8882 -0.433487 35.2
    endloop
  endfacet
  facet normal 0.0745727 -0.997216 0
    outer loop
      vertex 89.1508 -0.469223 35.2
      vertex 89.5091 -0.442429 35.99
      vertex 89.1508 -0.469223 35.99
    endloop
  endfacet
  facet normal 0.0745727 -0.997216 0
    outer loop
      vertex 89.5091 -0.442429 35.99
      vertex 89.1508 -0.469223 35.2
      vertex 89.5091 -0.442429 35.2
    endloop
  endfacet
  facet normal 0.131316 -0.991341 0
    outer loop
      vertex 88.8134 -0.513916 35.2
      vertex 89.1508 -0.469223 35.99
      vertex 88.8134 -0.513916 35.99
    endloop
  endfacet
  facet normal 0.131316 -0.991341 0
    outer loop
      vertex 89.1508 -0.469223 35.99
      vertex 88.8134 -0.513916 35.2
      vertex 89.1508 -0.469223 35.2
    endloop
  endfacet
  facet normal 0.193809 -0.981039 0
    outer loop
      vertex 88.4968 -0.576462 35.2
      vertex 88.8134 -0.513916 35.99
      vertex 88.4968 -0.576462 35.99
    endloop
  endfacet
  facet normal 0.193809 -0.981039 0
    outer loop
      vertex 88.8134 -0.513916 35.99
      vertex 88.4968 -0.576462 35.2
      vertex 88.8134 -0.513916 35.2
    endloop
  endfacet
  facet normal 0.262377 -0.964965 0
    outer loop
      vertex 88.201 -0.656891 35.2
      vertex 88.4968 -0.576462 35.99
      vertex 88.201 -0.656891 35.99
    endloop
  endfacet
  facet normal 0.262377 -0.964965 0
    outer loop
      vertex 88.4968 -0.576462 35.99
      vertex 88.201 -0.656891 35.2
      vertex 88.4968 -0.576462 35.2
    endloop
  endfacet
  facet normal 0.336742 -0.941597 0
    outer loop
      vertex 87.9261 -0.755203 35.2
      vertex 88.201 -0.656891 35.99
      vertex 87.9261 -0.755203 35.99
    endloop
  endfacet
  facet normal 0.336742 -0.941597 0
    outer loop
      vertex 88.201 -0.656891 35.99
      vertex 87.9261 -0.755203 35.2
      vertex 88.201 -0.656891 35.2
    endloop
  endfacet
  facet normal 0.415957 -0.909384 0
    outer loop
      vertex 87.6721 -0.871384 35.2
      vertex 87.9261 -0.755203 35.99
      vertex 87.6721 -0.871384 35.99
    endloop
  endfacet
  facet normal 0.415957 -0.909384 0
    outer loop
      vertex 87.9261 -0.755203 35.99
      vertex 87.6721 -0.871384 35.2
      vertex 87.9261 -0.755203 35.2
    endloop
  endfacet
  facet normal 0.498188 -0.867069 0
    outer loop
      vertex 87.4388 -1.00543 35.2
      vertex 87.6721 -0.871384 35.99
      vertex 87.4388 -1.00543 35.99
    endloop
  endfacet
  facet normal 0.498188 -0.867069 0
    outer loop
      vertex 87.6721 -0.871384 35.99
      vertex 87.4388 -1.00543 35.2
      vertex 87.6721 -0.871384 35.2
    endloop
  endfacet
  facet normal 0.581941 -0.813231 0
    outer loop
      vertex 87.2265 -1.15735 35.2
      vertex 87.4388 -1.00543 35.99
      vertex 87.2265 -1.15735 35.99
    endloop
  endfacet
  facet normal 0.581941 -0.813231 0
    outer loop
      vertex 87.4388 -1.00543 35.99
      vertex 87.2265 -1.15735 35.2
      vertex 87.4388 -1.00543 35.2
    endloop
  endfacet
  facet normal 0.662718 -0.748869 0
    outer loop
      vertex 87.0357 -1.3262 35.2
      vertex 87.2265 -1.15735 35.99
      vertex 87.0357 -1.3262 35.99
    endloop
  endfacet
  facet normal 0.662718 -0.748869 0
    outer loop
      vertex 87.2265 -1.15735 35.99
      vertex 87.0357 -1.3262 35.2
      vertex 87.2265 -1.15735 35.2
    endloop
  endfacet
  facet normal 0.739433 -0.67323 0
    outer loop
      vertex 86.8674 -1.51105 35.99
      vertex 87.0357 -1.3262 35.2
      vertex 87.0357 -1.3262 35.99
    endloop
  endfacet
  facet normal 0.739433 -0.67323 0
    outer loop
      vertex 87.0357 -1.3262 35.2
      vertex 86.8674 -1.51105 35.99
      vertex 86.8674 -1.51105 35.2
    endloop
  endfacet
  facet normal 0.809025 -0.587774 0
    outer loop
      vertex 86.7215 -1.71187 35.99
      vertex 86.8674 -1.51105 35.2
      vertex 86.8674 -1.51105 35.99
    endloop
  endfacet
  facet normal 0.809025 -0.587774 0
    outer loop
      vertex 86.8674 -1.51105 35.2
      vertex 86.7215 -1.71187 35.99
      vertex 86.7215 -1.71187 35.2
    endloop
  endfacet
  facet normal 0.869081 -0.49467 0
    outer loop
      vertex 86.5981 -1.92867 35.99
      vertex 86.7215 -1.71187 35.2
      vertex 86.7215 -1.71187 35.99
    endloop
  endfacet
  facet normal 0.869081 -0.49467 0
    outer loop
      vertex 86.7215 -1.71187 35.2
      vertex 86.5981 -1.92867 35.99
      vertex 86.5981 -1.92867 35.2
    endloop
  endfacet
  facet normal 0.917383 -0.398006 0
    outer loop
      vertex 86.4971 -2.16147 35.99
      vertex 86.5981 -1.92867 35.2
      vertex 86.5981 -1.92867 35.99
    endloop
  endfacet
  facet normal 0.917383 -0.398006 0
    outer loop
      vertex 86.5981 -1.92867 35.2
      vertex 86.4971 -2.16147 35.99
      vertex 86.4971 -2.16147 35.2
    endloop
  endfacet
  facet normal 0.953651 -0.300915 0
    outer loop
      vertex 86.4186 -2.41025 35.99
      vertex 86.4971 -2.16147 35.2
      vertex 86.4971 -2.16147 35.99
    endloop
  endfacet
  facet normal 0.953651 -0.300915 0
    outer loop
      vertex 86.4971 -2.16147 35.2
      vertex 86.4186 -2.41025 35.99
      vertex 86.4186 -2.41025 35.2
    endloop
  endfacet
  facet normal 0.978282 -0.20728 0
    outer loop
      vertex 86.3625 -2.67502 35.99
      vertex 86.4186 -2.41025 35.2
      vertex 86.4186 -2.41025 35.99
    endloop
  endfacet
  facet normal 0.978282 -0.20728 0
    outer loop
      vertex 86.4186 -2.41025 35.2
      vertex 86.3625 -2.67502 35.99
      vertex 86.3625 -2.67502 35.2
    endloop
  endfacet
  facet normal 0.992872 -0.119184 0
    outer loop
      vertex 86.3288 -2.95576 35.99
      vertex 86.3625 -2.67502 35.2
      vertex 86.3625 -2.67502 35.99
    endloop
  endfacet
  facet normal 0.992872 -0.119184 0
    outer loop
      vertex 86.3625 -2.67502 35.2
      vertex 86.3288 -2.95576 35.99
      vertex 86.3288 -2.95576 35.2
    endloop
  endfacet
  facet normal 0.999288 -0.0377179 0
    outer loop
      vertex 86.3176 -3.25249 35.99
      vertex 86.3288 -2.95576 35.2
      vertex 86.3288 -2.95576 35.99
    endloop
  endfacet
  facet normal 0.999288 -0.0377179 0
    outer loop
      vertex 86.3288 -2.95576 35.2
      vertex 86.3176 -3.25249 35.99
      vertex 86.3176 -3.25249 35.2
    endloop
  endfacet
  facet normal 0.999431 0.0337396 0
    outer loop
      vertex 86.3281 -3.56352 35.99
      vertex 86.3176 -3.25249 35.2
      vertex 86.3176 -3.25249 35.99
    endloop
  endfacet
  facet normal 0.999431 0.0337396 0
    outer loop
      vertex 86.3176 -3.25249 35.2
      vertex 86.3281 -3.56352 35.99
      vertex 86.3281 -3.56352 35.2
    endloop
  endfacet
  facet normal 0.994379 0.105875 0
    outer loop
      vertex 86.3595 -3.85843 35.99
      vertex 86.3281 -3.56352 35.2
      vertex 86.3281 -3.56352 35.99
    endloop
  endfacet
  facet normal 0.994379 0.105875 0
    outer loop
      vertex 86.3281 -3.56352 35.2
      vertex 86.3595 -3.85843 35.99
      vertex 86.3595 -3.85843 35.2
    endloop
  endfacet
  facet normal 0.982918 0.184046 0
    outer loop
      vertex 86.4117 -4.13721 35.99
      vertex 86.3595 -3.85843 35.2
      vertex 86.3595 -3.85843 35.99
    endloop
  endfacet
  facet normal 0.982918 0.184046 0
    outer loop
      vertex 86.3595 -3.85843 35.2
      vertex 86.4117 -4.13721 35.99
      vertex 86.4117 -4.13721 35.2
    endloop
  endfacet
  facet normal 0.963289 0.268467 0
    outer loop
      vertex 86.4849 -4.39986 35.99
      vertex 86.4117 -4.13721 35.2
      vertex 86.4117 -4.13721 35.99
    endloop
  endfacet
  facet normal 0.963289 0.268467 0
    outer loop
      vertex 86.4117 -4.13721 35.2
      vertex 86.4849 -4.39986 35.99
      vertex 86.4849 -4.39986 35.2
    endloop
  endfacet
  facet normal 0.934115 0.356972 0
    outer loop
      vertex 86.5791 -4.64636 35.99
      vertex 86.4849 -4.39986 35.2
      vertex 86.4849 -4.39986 35.99
    endloop
  endfacet
  facet normal 0.934115 0.356972 0
    outer loop
      vertex 86.4849 -4.39986 35.2
      vertex 86.5791 -4.64636 35.99
      vertex 86.5791 -4.64636 35.2
    endloop
  endfacet
  facet normal 0.894722 0.446623 0
    outer loop
      vertex 86.6941 -4.87674 35.99
      vertex 86.5791 -4.64636 35.2
      vertex 86.5791 -4.64636 35.99
    endloop
  endfacet
  facet normal 0.894722 0.446623 0
    outer loop
      vertex 86.5791 -4.64636 35.2
      vertex 86.6941 -4.87674 35.99
      vertex 86.6941 -4.87674 35.2
    endloop
  endfacet
  facet normal 0.844459 0.53562 0
    outer loop
      vertex 86.83 -5.091 35.99
      vertex 86.6941 -4.87674 35.2
      vertex 86.6941 -4.87674 35.99
    endloop
  endfacet
  facet normal 0.844459 0.53562 0
    outer loop
      vertex 86.6941 -4.87674 35.2
      vertex 86.83 -5.091 35.99
      vertex 86.83 -5.091 35.2
    endloop
  endfacet
  facet normal 0.78394 0.620837 0
    outer loop
      vertex 86.9869 -5.28912 35.99
      vertex 86.83 -5.091 35.2
      vertex 86.83 -5.091 35.99
    endloop
  endfacet
  facet normal 0.78394 0.620837 0
    outer loop
      vertex 86.83 -5.091 35.2
      vertex 86.9869 -5.28912 35.99
      vertex 86.9869 -5.28912 35.2
    endloop
  endfacet
  facet normal 0.715331 0.698785 0
    outer loop
      vertex 87.1647 -5.47113 35.99
      vertex 86.9869 -5.28912 35.2
      vertex 86.9869 -5.28912 35.99
    endloop
  endfacet
  facet normal 0.715331 0.698785 0
    outer loop
      vertex 86.9869 -5.28912 35.2
      vertex 87.1647 -5.47113 35.99
      vertex 87.1647 -5.47113 35.2
    endloop
  endfacet
  facet normal 0.640062 0.768323 -0
    outer loop
      vertex 87.3619 -5.63541 35.2
      vertex 87.1647 -5.47113 35.99
      vertex 87.3619 -5.63541 35.99
    endloop
  endfacet
  facet normal 0.640062 0.768323 0
    outer loop
      vertex 87.1647 -5.47113 35.99
      vertex 87.3619 -5.63541 35.2
      vertex 87.1647 -5.47113 35.2
    endloop
  endfacet
  facet normal 0.558447 0.82954 -0
    outer loop
      vertex 87.5772 -5.78035 35.2
      vertex 87.3619 -5.63541 35.99
      vertex 87.5772 -5.78035 35.99
    endloop
  endfacet
  facet normal 0.558447 0.82954 0
    outer loop
      vertex 87.3619 -5.63541 35.99
      vertex 87.5772 -5.78035 35.2
      vertex 87.3619 -5.63541 35.2
    endloop
  endfacet
  facet normal 0.474219 0.880407 -0
    outer loop
      vertex 87.8104 -5.90596 35.2
      vertex 87.5772 -5.78035 35.99
      vertex 87.8104 -5.90596 35.99
    endloop
  endfacet
  facet normal 0.474219 0.880407 0
    outer loop
      vertex 87.5772 -5.78035 35.99
      vertex 87.8104 -5.90596 35.2
      vertex 87.5772 -5.78035 35.2
    endloop
  endfacet
  facet normal 0.389611 0.920979 -0
    outer loop
      vertex 88.0617 -6.01227 35.2
      vertex 87.8104 -5.90596 35.99
      vertex 88.0617 -6.01227 35.99
    endloop
  endfacet
  facet normal 0.389611 0.920979 0
    outer loop
      vertex 87.8104 -5.90596 35.99
      vertex 88.0617 -6.01227 35.2
      vertex 87.8104 -5.90596 35.2
    endloop
  endfacet
  facet normal 0.30732 0.951606 -0
    outer loop
      vertex 88.331 -6.09924 35.2
      vertex 88.0617 -6.01227 35.99
      vertex 88.331 -6.09924 35.99
    endloop
  endfacet
  facet normal 0.30732 0.951606 0
    outer loop
      vertex 88.0617 -6.01227 35.99
      vertex 88.331 -6.09924 35.2
      vertex 88.0617 -6.01227 35.2
    endloop
  endfacet
  facet normal 0.229136 0.973395 -0
    outer loop
      vertex 88.6183 -6.16687 35.2
      vertex 88.331 -6.09924 35.99
      vertex 88.6183 -6.16687 35.99
    endloop
  endfacet
  facet normal 0.229136 0.973395 0
    outer loop
      vertex 88.331 -6.09924 35.99
      vertex 88.6183 -6.16687 35.2
      vertex 88.331 -6.09924 35.2
    endloop
  endfacet
  facet normal 0.156293 0.987711 -0
    outer loop
      vertex 88.9236 -6.21518 35.2
      vertex 88.6183 -6.16687 35.99
      vertex 88.9236 -6.21518 35.99
    endloop
  endfacet
  facet normal 0.156293 0.987711 0
    outer loop
      vertex 88.6183 -6.16687 35.99
      vertex 88.9236 -6.21518 35.2
      vertex 88.6183 -6.16687 35.2
    endloop
  endfacet
  facet normal 0.0893107 0.996004 -0
    outer loop
      vertex 89.2469 -6.24417 35.2
      vertex 88.9236 -6.21518 35.99
      vertex 89.2469 -6.24417 35.99
    endloop
  endfacet
  facet normal 0.0893107 0.996004 0
    outer loop
      vertex 88.9236 -6.21518 35.99
      vertex 89.2469 -6.24417 35.2
      vertex 88.9236 -6.21518 35.2
    endloop
  endfacet
  facet normal 0.0283507 0.999598 -0
    outer loop
      vertex 89.5882 -6.25385 35.2
      vertex 89.2469 -6.24417 35.99
      vertex 89.5882 -6.25385 35.99
    endloop
  endfacet
  facet normal 0.0283507 0.999598 0
    outer loop
      vertex 89.2469 -6.24417 35.99
      vertex 89.5882 -6.25385 35.2
      vertex 89.2469 -6.24417 35.2
    endloop
  endfacet
  facet normal -0.0270332 0.999635 0
    outer loop
      vertex 89.9406 -6.24432 35.2
      vertex 89.5882 -6.25385 35.99
      vertex 89.9406 -6.24432 35.99
    endloop
  endfacet
  facet normal -0.0270332 0.999635 0
    outer loop
      vertex 89.5882 -6.25385 35.99
      vertex 89.9406 -6.24432 35.2
      vertex 89.5882 -6.25385 35.2
    endloop
  endfacet
  facet normal -0.085346 0.996351 0
    outer loop
      vertex 90.2739 -6.21577 35.2
      vertex 89.9406 -6.24432 35.99
      vertex 90.2739 -6.21577 35.99
    endloop
  endfacet
  facet normal -0.085346 0.996351 0
    outer loop
      vertex 89.9406 -6.24432 35.99
      vertex 90.2739 -6.21577 35.2
      vertex 89.9406 -6.24432 35.2
    endloop
  endfacet
  facet normal -0.149896 0.988702 0
    outer loop
      vertex 90.5878 -6.16818 35.2
      vertex 90.2739 -6.21577 35.99
      vertex 90.5878 -6.16818 35.99
    endloop
  endfacet
  facet normal -0.149896 0.988702 0
    outer loop
      vertex 90.2739 -6.21577 35.99
      vertex 90.5878 -6.16818 35.2
      vertex 90.2739 -6.21577 35.2
    endloop
  endfacet
  facet normal -0.220425 0.975404 0
    outer loop
      vertex 90.8826 -6.10156 35.2
      vertex 90.5878 -6.16818 35.99
      vertex 90.8826 -6.10156 35.99
    endloop
  endfacet
  facet normal -0.220425 0.975404 0
    outer loop
      vertex 90.5878 -6.16818 35.99
      vertex 90.8826 -6.10156 35.2
      vertex 90.5878 -6.16818 35.2
    endloop
  endfacet
  facet normal -0.296905 0.954907 0
    outer loop
      vertex 91.1581 -6.0159 35.2
      vertex 90.8826 -6.10156 35.99
      vertex 91.1581 -6.0159 35.99
    endloop
  endfacet
  facet normal -0.296905 0.954907 0
    outer loop
      vertex 90.8826 -6.10156 35.99
      vertex 91.1581 -6.0159 35.2
      vertex 90.8826 -6.10156 35.2
    endloop
  endfacet
  facet normal -0.378264 0.925698 0
    outer loop
      vertex 91.4143 -5.91121 35.2
      vertex 91.1581 -6.0159 35.99
      vertex 91.4143 -5.91121 35.99
    endloop
  endfacet
  facet normal -0.378264 0.925698 0
    outer loop
      vertex 91.1581 -6.0159 35.99
      vertex 91.4143 -5.91121 35.2
      vertex 91.1581 -6.0159 35.2
    endloop
  endfacet
  facet normal -0.462765 0.886481 0
    outer loop
      vertex 91.6513 -5.78749 35.2
      vertex 91.4143 -5.91121 35.99
      vertex 91.6513 -5.78749 35.99
    endloop
  endfacet
  facet normal -0.462765 0.886481 0
    outer loop
      vertex 91.4143 -5.91121 35.99
      vertex 91.6513 -5.78749 35.2
      vertex 91.4143 -5.91121 35.2
    endloop
  endfacet
  facet normal -0.548197 0.836349 0
    outer loop
      vertex 91.8691 -5.64473 35.2
      vertex 91.6513 -5.78749 35.99
      vertex 91.8691 -5.64473 35.99
    endloop
  endfacet
  facet normal -0.548197 0.836349 0
    outer loop
      vertex 91.6513 -5.78749 35.99
      vertex 91.8691 -5.64473 35.2
      vertex 91.6513 -5.78749 35.2
    endloop
  endfacet
  facet normal -0.631812 0.775122 0
    outer loop
      vertex 92.0676 -5.48293 35.2
      vertex 91.8691 -5.64473 35.99
      vertex 92.0676 -5.48293 35.99
    endloop
  endfacet
  facet normal -0.631812 0.775122 0
    outer loop
      vertex 91.8691 -5.64473 35.99
      vertex 92.0676 -5.48293 35.2
      vertex 91.8691 -5.64473 35.2
    endloop
  endfacet
  facet normal -0.709355 0.704851 0
    outer loop
      vertex 92.0676 -5.48293 35.2
      vertex 92.246 -5.30339 35.99
      vertex 92.246 -5.30339 35.2
    endloop
  endfacet
  facet normal -0.709355 0.704851 0
    outer loop
      vertex 92.246 -5.30339 35.99
      vertex 92.0676 -5.48293 35.2
      vertex 92.0676 -5.48293 35.99
    endloop
  endfacet
  facet normal -0.779625 0.626246 0
    outer loop
      vertex 92.246 -5.30339 35.2
      vertex 92.4034 -5.10744 35.99
      vertex 92.4034 -5.10744 35.2
    endloop
  endfacet
  facet normal -0.779625 0.626246 0
    outer loop
      vertex 92.4034 -5.10744 35.99
      vertex 92.246 -5.30339 35.2
      vertex 92.246 -5.30339 35.99
    endloop
  endfacet
  facet normal -0.841424 0.540375 0
    outer loop
      vertex 92.4034 -5.10744 35.2
      vertex 92.5398 -4.89505 35.99
      vertex 92.5398 -4.89505 35.2
    endloop
  endfacet
  facet normal -0.841424 0.540375 0
    outer loop
      vertex 92.5398 -4.89505 35.99
      vertex 92.4034 -5.10744 35.2
      vertex 92.4034 -5.10744 35.99
    endloop
  endfacet
  facet normal -0.89268 0.450691 0
    outer loop
      vertex 92.5398 -4.89505 35.2
      vertex 92.6553 -4.66628 35.99
      vertex 92.6553 -4.66628 35.2
    endloop
  endfacet
  facet normal -0.89268 0.450691 0
    outer loop
      vertex 92.6553 -4.66628 35.99
      vertex 92.5398 -4.89505 35.2
      vertex 92.5398 -4.89505 35.99
    endloop
  endfacet
  facet normal -0.933243 0.359247 0
    outer loop
      vertex 92.6553 -4.66628 35.2
      vertex 92.7497 -4.42105 35.99
      vertex 92.7497 -4.42105 35.2
    endloop
  endfacet
  facet normal -0.933243 0.359247 0
    outer loop
      vertex 92.7497 -4.42105 35.99
      vertex 92.6553 -4.66628 35.2
      vertex 92.6553 -4.66628 35.99
    endloop
  endfacet
  facet normal -0.962731 0.270461 0
    outer loop
      vertex 92.7497 -4.42105 35.2
      vertex 92.8232 -4.15942 35.99
      vertex 92.8232 -4.15942 35.2
    endloop
  endfacet
  facet normal -0.962731 0.270461 0
    outer loop
      vertex 92.8232 -4.15942 35.99
      vertex 92.7497 -4.42105 35.2
      vertex 92.7497 -4.42105 35.99
    endloop
  endfacet
  facet normal -0.982703 0.185189 0
    outer loop
      vertex 92.8232 -4.15942 35.2
      vertex 92.8756 -3.88136 35.99
      vertex 92.8756 -3.88136 35.2
    endloop
  endfacet
  facet normal -0.982703 0.185189 0
    outer loop
      vertex 92.8756 -3.88136 35.99
      vertex 92.8232 -4.15942 35.2
      vertex 92.8232 -4.15942 35.99
    endloop
  endfacet
  facet normal -0.994327 0.106369 0
    outer loop
      vertex 92.8756 -3.88136 35.2
      vertex 92.9071 -3.5869 35.99
      vertex 92.9071 -3.5869 35.2
    endloop
  endfacet
  facet normal -0.994327 0.106369 0
    outer loop
      vertex 92.9071 -3.5869 35.99
      vertex 92.8756 -3.88136 35.2
      vertex 92.8756 -3.88136 35.99
    endloop
  endfacet
  facet normal -0.99943 0.0337558 0
    outer loop
      vertex 92.9071 -3.5869 35.2
      vertex 92.9176 -3.27602 35.99
      vertex 92.9176 -3.27602 35.2
    endloop
  endfacet
  facet normal -0.99943 0.0337558 0
    outer loop
      vertex 92.9176 -3.27602 35.99
      vertex 92.9071 -3.5869 35.2
      vertex 92.9071 -3.5869 35.99
    endloop
  endfacet
  facet normal -0.998847 -0.0480117 0
    outer loop
      vertex 92.9176 -3.27602 35.2
      vertex 92.8963 -2.83289 35.99
      vertex 92.8963 -2.83289 35.2
    endloop
  endfacet
  facet normal -0.998847 -0.0480117 0
    outer loop
      vertex 92.8963 -2.83289 35.99
      vertex 92.9176 -3.27602 35.2
      vertex 92.9176 -3.27602 35.99
    endloop
  endfacet
  facet normal -0.0481088 -0.998842 0
    outer loop
      vertex 88.7419 -4.4984 35.2
      vertex 88.8999 -4.50601 35.99
      vertex 88.7419 -4.4984 35.99
    endloop
  endfacet
  facet normal -0.0481088 -0.998842 -0
    outer loop
      vertex 88.8999 -4.50601 35.99
      vertex 88.7419 -4.4984 35.2
      vertex 88.8999 -4.50601 35.2
    endloop
  endfacet
  facet normal -0.0990442 -0.995083 0
    outer loop
      vertex 88.5918 -4.48346 35.2
      vertex 88.7419 -4.4984 35.99
      vertex 88.5918 -4.48346 35.99
    endloop
  endfacet
  facet normal -0.0990442 -0.995083 -0
    outer loop
      vertex 88.7419 -4.4984 35.99
      vertex 88.5918 -4.48346 35.2
      vertex 88.7419 -4.4984 35.2
    endloop
  endfacet
  facet normal -0.154792 -0.987947 0
    outer loop
      vertex 88.4496 -4.46118 35.2
      vertex 88.5918 -4.48346 35.99
      vertex 88.4496 -4.46118 35.99
    endloop
  endfacet
  facet normal -0.154792 -0.987947 -0
    outer loop
      vertex 88.5918 -4.48346 35.99
      vertex 88.4496 -4.46118 35.2
      vertex 88.5918 -4.48346 35.2
    endloop
  endfacet
  facet normal -0.215542 -0.976494 0
    outer loop
      vertex 88.3155 -4.43158 35.2
      vertex 88.4496 -4.46118 35.99
      vertex 88.3155 -4.43158 35.99
    endloop
  endfacet
  facet normal -0.215542 -0.976494 -0
    outer loop
      vertex 88.4496 -4.46118 35.99
      vertex 88.3155 -4.43158 35.2
      vertex 88.4496 -4.46118 35.2
    endloop
  endfacet
  facet normal -0.281268 -0.959629 0
    outer loop
      vertex 88.1894 -4.39462 35.2
      vertex 88.3155 -4.43158 35.99
      vertex 88.1894 -4.39462 35.99
    endloop
  endfacet
  facet normal -0.281268 -0.959629 -0
    outer loop
      vertex 88.3155 -4.43158 35.99
      vertex 88.1894 -4.39462 35.2
      vertex 88.3155 -4.43158 35.2
    endloop
  endfacet
  facet normal -0.350811 -0.936446 0
    outer loop
      vertex 88.0712 -4.35034 35.2
      vertex 88.1894 -4.39462 35.99
      vertex 88.0712 -4.35034 35.99
    endloop
  endfacet
  facet normal -0.350811 -0.936446 -0
    outer loop
      vertex 88.1894 -4.39462 35.99
      vertex 88.0712 -4.35034 35.2
      vertex 88.1894 -4.39462 35.2
    endloop
  endfacet
  facet normal -0.424573 -0.905394 0
    outer loop
      vertex 87.9611 -4.29871 35.2
      vertex 88.0712 -4.35034 35.99
      vertex 87.9611 -4.29871 35.99
    endloop
  endfacet
  facet normal -0.424573 -0.905394 -0
    outer loop
      vertex 88.0712 -4.35034 35.99
      vertex 87.9611 -4.29871 35.2
      vertex 88.0712 -4.35034 35.2
    endloop
  endfacet
  facet normal -0.499713 -0.866191 0
    outer loop
      vertex 87.8589 -4.23975 35.2
      vertex 87.9611 -4.29871 35.99
      vertex 87.8589 -4.23975 35.99
    endloop
  endfacet
  facet normal -0.499713 -0.866191 -0
    outer loop
      vertex 87.9611 -4.29871 35.99
      vertex 87.8589 -4.23975 35.2
      vertex 87.9611 -4.29871 35.2
    endloop
  endfacet
  facet normal -0.575558 -0.817761 0
    outer loop
      vertex 87.7647 -4.17345 35.2
      vertex 87.8589 -4.23975 35.99
      vertex 87.7647 -4.17345 35.99
    endloop
  endfacet
  facet normal -0.575558 -0.817761 -0
    outer loop
      vertex 87.8589 -4.23975 35.99
      vertex 87.7647 -4.17345 35.2
      vertex 87.8589 -4.23975 35.2
    endloop
  endfacet
  facet normal -0.65208 -0.75815 0
    outer loop
      vertex 87.6795 -4.10017 35.2
      vertex 87.7647 -4.17345 35.99
      vertex 87.6795 -4.10017 35.99
    endloop
  endfacet
  facet normal -0.65208 -0.75815 -0
    outer loop
      vertex 87.7647 -4.17345 35.99
      vertex 87.6795 -4.10017 35.2
      vertex 87.7647 -4.17345 35.2
    endloop
  endfacet
  facet normal -0.728114 -0.685456 0
    outer loop
      vertex 87.6795 -4.10017 35.2
      vertex 87.6043 -4.02029 35.99
      vertex 87.6043 -4.02029 35.2
    endloop
  endfacet
  facet normal -0.728114 -0.685456 0
    outer loop
      vertex 87.6043 -4.02029 35.99
      vertex 87.6795 -4.10017 35.2
      vertex 87.6795 -4.10017 35.99
    endloop
  endfacet
  facet normal -0.798934 -0.601418 0
    outer loop
      vertex 87.6043 -4.02029 35.2
      vertex 87.5392 -3.93381 35.99
      vertex 87.5392 -3.93381 35.2
    endloop
  endfacet
  facet normal -0.798934 -0.601418 0
    outer loop
      vertex 87.5392 -3.93381 35.99
      vertex 87.6043 -4.02029 35.2
      vertex 87.6043 -4.02029 35.99
    endloop
  endfacet
  facet normal -0.860195 -0.509964 0
    outer loop
      vertex 87.5392 -3.93381 35.2
      vertex 87.484 -3.8407 35.99
      vertex 87.484 -3.8407 35.2
    endloop
  endfacet
  facet normal -0.860195 -0.509964 0
    outer loop
      vertex 87.484 -3.8407 35.99
      vertex 87.5392 -3.93381 35.2
      vertex 87.5392 -3.93381 35.99
    endloop
  endfacet
  facet normal -0.911147 -0.412081 0
    outer loop
      vertex 87.484 -3.8407 35.2
      vertex 87.4389 -3.74098 35.99
      vertex 87.4389 -3.74098 35.2
    endloop
  endfacet
  facet normal -0.911147 -0.412081 0
    outer loop
      vertex 87.4389 -3.74098 35.99
      vertex 87.484 -3.8407 35.2
      vertex 87.484 -3.8407 35.99
    endloop
  endfacet
  facet normal -0.949873 -0.312635 0
    outer loop
      vertex 87.4389 -3.74098 35.2
      vertex 87.4039 -3.63464 35.99
      vertex 87.4039 -3.63464 35.2
    endloop
  endfacet
  facet normal -0.949873 -0.312635 0
    outer loop
      vertex 87.4039 -3.63464 35.99
      vertex 87.4389 -3.74098 35.2
      vertex 87.4389 -3.74098 35.99
    endloop
  endfacet
  facet normal -0.976179 -0.216967 0
    outer loop
      vertex 87.4039 -3.63464 35.2
      vertex 87.3788 -3.52171 35.99
      vertex 87.3788 -3.52171 35.2
    endloop
  endfacet
  facet normal -0.976179 -0.216967 0
    outer loop
      vertex 87.3788 -3.52171 35.99
      vertex 87.4039 -3.63464 35.2
      vertex 87.4039 -3.63464 35.99
    endloop
  endfacet
  facet normal -0.992117 -0.125311 0
    outer loop
      vertex 87.3788 -3.52171 35.2
      vertex 87.3637 -3.40216 35.99
      vertex 87.3637 -3.40216 35.2
    endloop
  endfacet
  facet normal -0.992117 -0.125311 0
    outer loop
      vertex 87.3637 -3.40216 35.99
      vertex 87.3788 -3.52171 35.2
      vertex 87.3788 -3.52171 35.99
    endloop
  endfacet
  facet normal -0.999215 -0.0396074 0
    outer loop
      vertex 87.3637 -3.40216 35.2
      vertex 87.3587 -3.27602 35.99
      vertex 87.3587 -3.27602 35.2
    endloop
  endfacet
  facet normal -0.999215 -0.0396074 0
    outer loop
      vertex 87.3587 -3.27602 35.99
      vertex 87.3637 -3.40216 35.2
      vertex 87.3637 -3.40216 35.99
    endloop
  endfacet
  facet normal -0.999186 0.0403474 0
    outer loop
      vertex 87.3587 -3.27602 35.2
      vertex 87.3635 -3.15715 35.99
      vertex 87.3635 -3.15715 35.2
    endloop
  endfacet
  facet normal -0.999186 0.0403474 0
    outer loop
      vertex 87.3635 -3.15715 35.99
      vertex 87.3587 -3.27602 35.2
      vertex 87.3587 -3.27602 35.99
    endloop
  endfacet
  facet normal -0.992137 0.125155 0
    outer loop
      vertex 87.3635 -3.15715 35.2
      vertex 87.3778 -3.04379 35.99
      vertex 87.3778 -3.04379 35.2
    endloop
  endfacet
  facet normal -0.992137 0.125155 0
    outer loop
      vertex 87.3778 -3.04379 35.99
      vertex 87.3635 -3.15715 35.2
      vertex 87.3635 -3.15715 35.99
    endloop
  endfacet
  facet normal -0.976493 0.215549 0
    outer loop
      vertex 87.3778 -3.04379 35.2
      vertex 87.4016 -2.93597 35.99
      vertex 87.4016 -2.93597 35.2
    endloop
  endfacet
  facet normal -0.976493 0.215549 0
    outer loop
      vertex 87.4016 -2.93597 35.99
      vertex 87.3778 -3.04379 35.2
      vertex 87.3778 -3.04379 35.99
    endloop
  endfacet
  facet normal -0.951155 0.308714 0
    outer loop
      vertex 87.4016 -2.93597 35.2
      vertex 87.4348 -2.83368 35.99
      vertex 87.4348 -2.83368 35.2
    endloop
  endfacet
  facet normal -0.951155 0.308714 0
    outer loop
      vertex 87.4348 -2.83368 35.99
      vertex 87.4016 -2.93597 35.2
      vertex 87.4016 -2.93597 35.99
    endloop
  endfacet
  facet normal -0.914193 0.405279 0
    outer loop
      vertex 87.4348 -2.83368 35.2
      vertex 87.4777 -2.73691 35.99
      vertex 87.4777 -2.73691 35.2
    endloop
  endfacet
  facet normal -0.914193 0.405279 0
    outer loop
      vertex 87.4777 -2.73691 35.99
      vertex 87.4348 -2.83368 35.2
      vertex 87.4348 -2.83368 35.99
    endloop
  endfacet
  facet normal -0.867599 0.497265 0
    outer loop
      vertex 87.4777 -2.73691 35.2
      vertex 87.53 -2.64566 35.99
      vertex 87.53 -2.64566 35.2
    endloop
  endfacet
  facet normal -0.867599 0.497265 0
    outer loop
      vertex 87.53 -2.64566 35.99
      vertex 87.4777 -2.73691 35.2
      vertex 87.4777 -2.73691 35.99
    endloop
  endfacet
  facet normal -0.811233 0.584723 0
    outer loop
      vertex 87.53 -2.64566 35.2
      vertex 87.5918 -2.55992 35.99
      vertex 87.5918 -2.55992 35.2
    endloop
  endfacet
  facet normal -0.811233 0.584723 0
    outer loop
      vertex 87.5918 -2.55992 35.99
      vertex 87.53 -2.64566 35.2
      vertex 87.53 -2.64566 35.99
    endloop
  endfacet
  facet normal -0.746895 0.664942 0
    outer loop
      vertex 87.5918 -2.55992 35.2
      vertex 87.6632 -2.47972 35.99
      vertex 87.6632 -2.47972 35.2
    endloop
  endfacet
  facet normal -0.746895 0.664942 0
    outer loop
      vertex 87.6632 -2.47972 35.99
      vertex 87.5918 -2.55992 35.2
      vertex 87.5918 -2.55992 35.99
    endloop
  endfacet
  facet normal -0.678295 0.73479 0
    outer loop
      vertex 87.7441 -2.40504 35.2
      vertex 87.6632 -2.47972 35.99
      vertex 87.7441 -2.40504 35.99
    endloop
  endfacet
  facet normal -0.678295 0.73479 0
    outer loop
      vertex 87.6632 -2.47972 35.99
      vertex 87.7441 -2.40504 35.2
      vertex 87.6632 -2.47972 35.2
    endloop
  endfacet
  facet normal -0.604423 0.796663 0
    outer loop
      vertex 87.8344 -2.33653 35.2
      vertex 87.7441 -2.40504 35.99
      vertex 87.8344 -2.33653 35.99
    endloop
  endfacet
  facet normal -0.604423 0.796663 0
    outer loop
      vertex 87.7441 -2.40504 35.99
      vertex 87.8344 -2.33653 35.2
      vertex 87.7441 -2.40504 35.2
    endloop
  endfacet
  facet normal -0.525475 0.850809 0
    outer loop
      vertex 87.9343 -2.27483 35.2
      vertex 87.8344 -2.33653 35.99
      vertex 87.9343 -2.27483 35.99
    endloop
  endfacet
  facet normal -0.525475 0.850809 0
    outer loop
      vertex 87.8344 -2.33653 35.99
      vertex 87.9343 -2.27483 35.2
      vertex 87.8344 -2.33653 35.2
    endloop
  endfacet
  facet normal -0.448259 0.893904 0
    outer loop
      vertex 88.0437 -2.21997 35.2
      vertex 87.9343 -2.27483 35.99
      vertex 88.0437 -2.21997 35.99
    endloop
  endfacet
  facet normal -0.448259 0.893904 0
    outer loop
      vertex 87.9343 -2.27483 35.99
      vertex 88.0437 -2.21997 35.2
      vertex 87.9343 -2.27483 35.2
    endloop
  endfacet
  facet normal -0.374278 0.927317 0
    outer loop
      vertex 88.1627 -2.17194 35.2
      vertex 88.0437 -2.21997 35.99
      vertex 88.1627 -2.17194 35.99
    endloop
  endfacet
  facet normal -0.374278 0.927317 0
    outer loop
      vertex 88.0437 -2.21997 35.99
      vertex 88.1627 -2.17194 35.2
      vertex 88.0437 -2.21997 35.2
    endloop
  endfacet
  facet normal -0.305529 0.952183 0
    outer loop
      vertex 88.2911 -2.13074 35.2
      vertex 88.1627 -2.17194 35.99
      vertex 88.2911 -2.13074 35.99
    endloop
  endfacet
  facet normal -0.305529 0.952183 0
    outer loop
      vertex 88.1627 -2.17194 35.99
      vertex 88.2911 -2.13074 35.2
      vertex 88.1627 -2.17194 35.2
    endloop
  endfacet
  facet normal -0.241906 0.9703 0
    outer loop
      vertex 88.429 -2.09636 35.2
      vertex 88.2911 -2.13074 35.99
      vertex 88.429 -2.09636 35.99
    endloop
  endfacet
  facet normal -0.241906 0.9703 0
    outer loop
      vertex 88.2911 -2.13074 35.99
      vertex 88.429 -2.09636 35.2
      vertex 88.2911 -2.13074 35.2
    endloop
  endfacet
  facet normal -0.18354 0.983012 0
    outer loop
      vertex 88.5765 -2.06882 35.2
      vertex 88.429 -2.09636 35.99
      vertex 88.5765 -2.06882 35.99
    endloop
  endfacet
  facet normal -0.18354 0.983012 0
    outer loop
      vertex 88.429 -2.09636 35.99
      vertex 88.5765 -2.06882 35.2
      vertex 88.429 -2.09636 35.2
    endloop
  endfacet
  facet normal -0.130778 0.991412 0
    outer loop
      vertex 88.7335 -2.04811 35.2
      vertex 88.5765 -2.06882 35.99
      vertex 88.7335 -2.04811 35.99
    endloop
  endfacet
  facet normal -0.130778 0.991412 0
    outer loop
      vertex 88.5765 -2.06882 35.99
      vertex 88.7335 -2.04811 35.2
      vertex 88.5765 -2.06882 35.2
    endloop
  endfacet
  facet normal -0.0831248 0.996539 0
    outer loop
      vertex 88.8999 -2.03423 35.2
      vertex 88.7335 -2.04811 35.99
      vertex 88.8999 -2.03423 35.99
    endloop
  endfacet
  facet normal -0.0831248 0.996539 0
    outer loop
      vertex 88.7335 -2.04811 35.99
      vertex 88.8999 -2.03423 35.2
      vertex 88.7335 -2.04811 35.2
    endloop
  endfacet
  facet normal 1 -0 0
    outer loop
      vertex 88.8999 -4.50601 35.99
      vertex 88.8999 -2.03423 35.2
      vertex 88.8999 -2.03423 35.99
    endloop
  endfacet
  facet normal 1 0 0
    outer loop
      vertex 88.8999 -2.03423 35.2
      vertex 88.8999 -4.50601 35.99
      vertex 88.8999 -4.50601 35.2
    endloop
  endfacet
  facet normal 1 -0 0
    outer loop
      vertex 86.4352 4.74158 35.99
      vertex 86.4352 6.47179 35.2
      vertex 86.4352 6.47179 35.99
    endloop
  endfacet
  facet normal 1 0 0
    outer loop
      vertex 86.4352 6.47179 35.2
      vertex 86.4352 4.74158 35.99
      vertex 86.4352 4.74158 35.2
    endloop
  endfacet
  facet normal 0.310917 0.950437 -0
    outer loop
      vertex 87.1934 4.49355 35.2
      vertex 86.4352 4.74158 35.99
      vertex 87.1934 4.49355 35.99
    endloop
  endfacet
  facet normal 0.310917 0.950437 0
    outer loop
      vertex 86.4352 4.74158 35.99
      vertex 87.1934 4.49355 35.2
      vertex 86.4352 4.74158 35.2
    endloop
  endfacet
  facet normal 0.310483 0.950579 -0
    outer loop
      vertex 87.8781 4.26991 35.2
      vertex 87.1934 4.49355 35.99
      vertex 87.8781 4.26991 35.99
    endloop
  endfacet
  facet normal 0.310483 0.950579 0
    outer loop
      vertex 87.1934 4.49355 35.99
      vertex 87.8781 4.26991 35.2
      vertex 87.1934 4.49355 35.2
    endloop
  endfacet
  facet normal 0.309782 0.950808 -0
    outer loop
      vertex 88.4895 4.07071 35.2
      vertex 87.8781 4.26991 35.99
      vertex 88.4895 4.07071 35.99
    endloop
  endfacet
  facet normal 0.309782 0.950808 0
    outer loop
      vertex 87.8781 4.26991 35.99
      vertex 88.4895 4.07071 35.2
      vertex 87.8781 4.26991 35.2
    endloop
  endfacet
  facet normal 0.30897 0.951072 -0
    outer loop
      vertex 89.0276 3.8959 35.2
      vertex 88.4895 4.07071 35.99
      vertex 89.0276 3.8959 35.99
    endloop
  endfacet
  facet normal 0.30897 0.951072 0
    outer loop
      vertex 88.4895 4.07071 35.99
      vertex 89.0276 3.8959 35.2
      vertex 88.4895 4.07071 35.2
    endloop
  endfacet
  facet normal 0.307924 0.951411 -0
    outer loop
      vertex 89.4923 3.7455 35.2
      vertex 89.0276 3.8959 35.99
      vertex 89.4923 3.7455 35.99
    endloop
  endfacet
  facet normal 0.307924 0.951411 0
    outer loop
      vertex 89.0276 3.8959 35.99
      vertex 89.4923 3.7455 35.2
      vertex 89.0276 3.8959 35.2
    endloop
  endfacet
  facet normal 0.306412 0.951899 -0
    outer loop
      vertex 89.8837 3.61951 35.2
      vertex 89.4923 3.7455 35.99
      vertex 89.8837 3.61951 35.99
    endloop
  endfacet
  facet normal 0.306412 0.951899 0
    outer loop
      vertex 89.4923 3.7455 35.99
      vertex 89.8837 3.61951 35.2
      vertex 89.4923 3.7455 35.2
    endloop
  endfacet
  facet normal 0.304287 0.952581 -0
    outer loop
      vertex 90.2017 3.51793 35.2
      vertex 89.8837 3.61951 35.99
      vertex 90.2017 3.51793 35.99
    endloop
  endfacet
  facet normal 0.304287 0.952581 0
    outer loop
      vertex 89.8837 3.61951 35.99
      vertex 90.2017 3.51793 35.2
      vertex 89.8837 3.61951 35.2
    endloop
  endfacet
  facet normal 0.30084 0.953675 -0
    outer loop
      vertex 90.4463 3.44077 35.2
      vertex 90.2017 3.51793 35.99
      vertex 90.4463 3.44077 35.99
    endloop
  endfacet
  facet normal 0.30084 0.953675 0
    outer loop
      vertex 90.2017 3.51793 35.99
      vertex 90.4463 3.44077 35.2
      vertex 90.2017 3.51793 35.2
    endloop
  endfacet
  facet normal 0.294145 0.955761 -0
    outer loop
      vertex 90.6177 3.38802 35.2
      vertex 90.4463 3.44077 35.99
      vertex 90.6177 3.38802 35.99
    endloop
  endfacet
  facet normal 0.294145 0.955761 0
    outer loop
      vertex 90.4463 3.44077 35.99
      vertex 90.6177 3.38802 35.2
      vertex 90.4463 3.44077 35.2
    endloop
  endfacet
  facet normal 0.287415 0.957806 -0
    outer loop
      vertex 90.7478 3.34898 35.2
      vertex 90.6177 3.38802 35.99
      vertex 90.7478 3.34898 35.99
    endloop
  endfacet
  facet normal 0.287415 0.957806 0
    outer loop
      vertex 90.6177 3.38802 35.99
      vertex 90.7478 3.34898 35.2
      vertex 90.6177 3.38802 35.2
    endloop
  endfacet
  facet normal 0.284587 0.95865 -0
    outer loop
      vertex 90.8689 3.31303 35.2
      vertex 90.7478 3.34898 35.99
      vertex 90.8689 3.31303 35.99
    endloop
  endfacet
  facet normal 0.284587 0.95865 0
    outer loop
      vertex 90.7478 3.34898 35.99
      vertex 90.8689 3.31303 35.2
      vertex 90.7478 3.34898 35.2
    endloop
  endfacet
  facet normal 0.281689 0.959506 -0
    outer loop
      vertex 90.981 3.28012 35.2
      vertex 90.8689 3.31303 35.99
      vertex 90.981 3.28012 35.99
    endloop
  endfacet
  facet normal 0.281689 0.959506 0
    outer loop
      vertex 90.8689 3.31303 35.99
      vertex 90.981 3.28012 35.2
      vertex 90.8689 3.31303 35.2
    endloop
  endfacet
  facet normal 0.277855 0.960623 -0
    outer loop
      vertex 91.0842 3.25027 35.2
      vertex 90.981 3.28012 35.99
      vertex 91.0842 3.25027 35.99
    endloop
  endfacet
  facet normal 0.277855 0.960623 0
    outer loop
      vertex 90.981 3.28012 35.99
      vertex 91.0842 3.25027 35.2
      vertex 90.981 3.28012 35.2
    endloop
  endfacet
  facet normal 0.274006 0.961728 -0
    outer loop
      vertex 91.1783 3.22346 35.2
      vertex 91.0842 3.25027 35.99
      vertex 91.1783 3.22346 35.99
    endloop
  endfacet
  facet normal 0.274006 0.961728 0
    outer loop
      vertex 91.0842 3.25027 35.99
      vertex 91.1783 3.22346 35.2
      vertex 91.0842 3.25027 35.2
    endloop
  endfacet
  facet normal 0.268811 0.963193 -0
    outer loop
      vertex 91.2634 3.19971 35.2
      vertex 91.1783 3.22346 35.99
      vertex 91.2634 3.19971 35.99
    endloop
  endfacet
  facet normal 0.268811 0.963193 0
    outer loop
      vertex 91.1783 3.22346 35.99
      vertex 91.2634 3.19971 35.2
      vertex 91.1783 3.22346 35.2
    endloop
  endfacet
  facet normal 0.262592 0.964907 -0
    outer loop
      vertex 91.3395 3.179 35.2
      vertex 91.2634 3.19971 35.99
      vertex 91.3395 3.179 35.99
    endloop
  endfacet
  facet normal 0.262592 0.964907 0
    outer loop
      vertex 91.2634 3.19971 35.99
      vertex 91.3395 3.179 35.2
      vertex 91.2634 3.19971 35.2
    endloop
  endfacet
  facet normal 0.254387 0.967103 -0
    outer loop
      vertex 91.4066 3.16135 35.2
      vertex 91.3395 3.179 35.99
      vertex 91.4066 3.16135 35.99
    endloop
  endfacet
  facet normal 0.254387 0.967103 0
    outer loop
      vertex 91.3395 3.179 35.99
      vertex 91.4066 3.16135 35.2
      vertex 91.3395 3.179 35.2
    endloop
  endfacet
  facet normal 0.243557 0.969887 -0
    outer loop
      vertex 91.4647 3.14676 35.2
      vertex 91.4066 3.16135 35.99
      vertex 91.4647 3.14676 35.99
    endloop
  endfacet
  facet normal 0.243557 0.969887 0
    outer loop
      vertex 91.4066 3.16135 35.99
      vertex 91.4647 3.14676 35.2
      vertex 91.4066 3.16135 35.2
    endloop
  endfacet
  facet normal 0.270022 -0.962854 0
    outer loop
      vertex 91.2142 3.07651 35.2
      vertex 91.4647 3.14676 35.99
      vertex 91.2142 3.07651 35.99
    endloop
  endfacet
  facet normal 0.270022 -0.962854 0
    outer loop
      vertex 91.4647 3.14676 35.99
      vertex 91.2142 3.07651 35.2
      vertex 91.4647 3.14676 35.2
    endloop
  endfacet
  facet normal 0.270629 -0.962684 0
    outer loop
      vertex 90.9854 3.01219 35.2
      vertex 91.2142 3.07651 35.99
      vertex 90.9854 3.01219 35.99
    endloop
  endfacet
  facet normal 0.270629 -0.962684 0
    outer loop
      vertex 91.2142 3.07651 35.99
      vertex 90.9854 3.01219 35.2
      vertex 91.2142 3.07651 35.2
    endloop
  endfacet
  facet normal 0.271182 -0.962528 0
    outer loop
      vertex 90.7784 2.95387 35.2
      vertex 90.9854 3.01219 35.99
      vertex 90.7784 2.95387 35.99
    endloop
  endfacet
  facet normal 0.271182 -0.962528 0
    outer loop
      vertex 90.9854 3.01219 35.99
      vertex 90.7784 2.95387 35.2
      vertex 90.9854 3.01219 35.2
    endloop
  endfacet
  facet normal 0.27225 -0.962227 0
    outer loop
      vertex 90.5932 2.90147 35.2
      vertex 90.7784 2.95387 35.99
      vertex 90.5932 2.90147 35.99
    endloop
  endfacet
  facet normal 0.27225 -0.962227 0
    outer loop
      vertex 90.7784 2.95387 35.99
      vertex 90.5932 2.90147 35.2
      vertex 90.7784 2.95387 35.2
    endloop
  endfacet
  facet normal 0.27322 -0.961952 0
    outer loop
      vertex 90.4298 2.85506 35.2
      vertex 90.5932 2.90147 35.99
      vertex 90.4298 2.85506 35.99
    endloop
  endfacet
  facet normal 0.27322 -0.961952 0
    outer loop
      vertex 90.5932 2.90147 35.99
      vertex 90.4298 2.85506 35.2
      vertex 90.5932 2.90147 35.2
    endloop
  endfacet
  facet normal 0.274865 -0.961483 0
    outer loop
      vertex 90.2882 2.81458 35.2
      vertex 90.4298 2.85506 35.99
      vertex 90.2882 2.81458 35.99
    endloop
  endfacet
  facet normal 0.274865 -0.961483 0
    outer loop
      vertex 90.4298 2.85506 35.99
      vertex 90.2882 2.81458 35.2
      vertex 90.4298 2.85506 35.2
    endloop
  endfacet
  facet normal 0.27703 -0.960861 0
    outer loop
      vertex 90.1684 2.78004 35.2
      vertex 90.2882 2.81458 35.99
      vertex 90.1684 2.78004 35.99
    endloop
  endfacet
  facet normal 0.27703 -0.960861 0
    outer loop
      vertex 90.2882 2.81458 35.99
      vertex 90.1684 2.78004 35.2
      vertex 90.2882 2.81458 35.2
    endloop
  endfacet
  facet normal 0.279526 -0.960138 0
    outer loop
      vertex 90.0703 2.75148 35.2
      vertex 90.1684 2.78004 35.99
      vertex 90.0703 2.75148 35.99
    endloop
  endfacet
  facet normal 0.279526 -0.960138 0
    outer loop
      vertex 90.1684 2.78004 35.99
      vertex 90.0703 2.75148 35.2
      vertex 90.1684 2.78004 35.2
    endloop
  endfacet
  facet normal 0.284003 -0.958823 0
    outer loop
      vertex 89.994 2.72888 35.2
      vertex 90.0703 2.75148 35.99
      vertex 89.994 2.72888 35.99
    endloop
  endfacet
  facet normal 0.284003 -0.958823 0
    outer loop
      vertex 90.0703 2.75148 35.99
      vertex 89.994 2.72888 35.2
      vertex 90.0703 2.75148 35.2
    endloop
  endfacet
  facet normal 0.298301 -0.954472 0
    outer loop
      vertex 86.4352 1.61665 35.2
      vertex 89.994 2.72888 35.99
      vertex 86.4352 1.61665 35.99
    endloop
  endfacet
  facet normal 0.298301 -0.954472 0
    outer loop
      vertex 89.994 2.72888 35.99
      vertex 86.4352 1.61665 35.2
      vertex 89.994 2.72888 35.2
    endloop
  endfacet
  facet normal 1 -0 0
    outer loop
      vertex 86.4352 -0.131149 35.99
      vertex 86.4352 1.61665 35.2
      vertex 86.4352 1.61665 35.99
    endloop
  endfacet
  facet normal 1 0 0
    outer loop
      vertex 86.4352 1.61665 35.2
      vertex 86.4352 -0.131149 35.99
      vertex 86.4352 -0.131149 35.2
    endloop
  endfacet
  facet normal -0.336901 0.94154 0
    outer loop
      vertex 92.8 2.1463 35.2
      vertex 86.4352 -0.131149 35.99
      vertex 92.8 2.1463 35.99
    endloop
  endfacet
  facet normal -0.336901 0.94154 0
    outer loop
      vertex 86.4352 -0.131149 35.99
      vertex 92.8 2.1463 35.2
      vertex 86.4352 -0.131149 35.2
    endloop
  endfacet
  facet normal -1 0 0
    outer loop
      vertex 92.8 2.1463 35.2
      vertex 92.8 4.12367 35.99
      vertex 92.8 4.12367 35.2
    endloop
  endfacet
  facet normal -1 -0 0
    outer loop
      vertex 92.8 4.12367 35.99
      vertex 92.8 2.1463 35.2
      vertex 92.8 2.1463 35.99
    endloop
  endfacet
  facet normal -0.34612 -0.93819 0
    outer loop
      vertex 86.4352 6.47179 35.2
      vertex 92.8 4.12367 35.99
      vertex 86.4352 6.47179 35.99
    endloop
  endfacet
  facet normal -0.34612 -0.93819 -0
    outer loop
      vertex 92.8 4.12367 35.99
      vertex 86.4352 6.47179 35.2
      vertex 92.8 4.12367 35.2
    endloop
  endfacet
  facet normal -0.427758 0.903893 0
    outer loop
      vertex 73.9939 15.9391 5.99
      vertex 73.9229 15.9055 35.4
      vertex 73.9939 15.9391 35.4
    endloop
  endfacet
  facet normal -0.427758 0.903893 0
    outer loop
      vertex 73.9229 15.9055 35.4
      vertex 73.9939 15.9391 5.99
      vertex 73.9229 15.9055 5.99
    endloop
  endfacet
  facet normal -0.513184 0.858278 0
    outer loop
      vertex 73.9229 15.9055 5.99
      vertex 73.8555 15.8652 35.4
      vertex 73.9229 15.9055 35.4
    endloop
  endfacet
  facet normal -0.513184 0.858278 0
    outer loop
      vertex 73.8555 15.8652 35.4
      vertex 73.9229 15.9055 5.99
      vertex 73.8555 15.8652 5.99
    endloop
  endfacet
  facet normal 0.515436 -0.856928 0
    outer loop
      vertex 105.077 -15.9055 5.99
      vertex 105.144 -15.8652 35.4
      vertex 105.077 -15.9055 35.4
    endloop
  endfacet
  facet normal 0.515436 -0.856928 0
    outer loop
      vertex 105.144 -15.8652 35.4
      vertex 105.077 -15.9055 5.99
      vertex 105.144 -15.8652 5.99
    endloop
  endfacet
  facet normal -0.0496835 0.998765 0
    outer loop
      vertex 74.3 16 5.99
      vertex 74.2216 15.9961 35.4
      vertex 74.3 16 35.4
    endloop
  endfacet
  facet normal -0.0496835 0.998765 0
    outer loop
      vertex 74.2216 15.9961 35.4
      vertex 74.3 16 5.99
      vertex 74.2216 15.9961 5.99
    endloop
  endfacet
  facet normal -0.633754 -0.299918 0.713025
    outer loop
      vertex 74.1159 -15.2762 35.99
      vertex 73.5609 -15.5061 35.4
      vertex 73.5945 -15.5771 35.4
    endloop
  endfacet
  facet normal 1 0 0
    outer loop
      vertex 105.5 -0.433487 20.5648
      vertex 105.5 -2.08725 19.4471
      vertex 105.5 -0.527634 19.3118
    endloop
  endfacet
  facet normal 1 0 0
    outer loop
      vertex 105.5 -2.83583 18.7258
      vertex 105.5 -2.14622 19.2878
      vertex 105.5 -2.08725 19.4471
    endloop
  endfacet
  facet normal 1 0 0
    outer loop
      vertex 105.5 -2.14622 19.2878
      vertex 105.5 -2.68092 18.7726
      vertex 105.5 -2.22121 19.1473
    endloop
  endfacet
  facet normal 1 0 0
    outer loop
      vertex 105.5 -2.22121 19.1473
      vertex 105.5 -2.68092 18.7726
      vertex 105.5 -2.31215 19.0255
    endloop
  endfacet
  facet normal 1 0 0
    outer loop
      vertex 105.5 -2.31215 19.0255
      vertex 105.5 -2.54202 18.8382
      vertex 105.5 -2.4191 18.9225
    endloop
  endfacet
  facet normal 1 0 0
    outer loop
      vertex 105.5 -2.31215 19.0255
      vertex 105.5 -2.68092 18.7726
      vertex 105.5 -2.54202 18.8382
    endloop
  endfacet
  facet normal 1 0 0
    outer loop
      vertex 105.5 -2.14622 19.2878
      vertex 105.5 -2.83583 18.7258
      vertex 105.5 -2.68092 18.7726
    endloop
  endfacet
  facet normal 1 0 0
    outer loop
      vertex 105.5 -2.08725 19.4471
      vertex 105.5 -3.0067 18.6976
      vertex 105.5 -2.83583 18.7258
    endloop
  endfacet
  facet normal 1 0 0
    outer loop
      vertex 105.5 -2.08725 19.4471
      vertex 105.5 -3.19356 18.6883
      vertex 105.5 -3.0067 18.6976
    endloop
  endfacet
  facet normal 1 0 0
    outer loop
      vertex 105.5 -2.08725 19.4471
      vertex 105.5 -3.33122 18.6941
      vertex 105.5 -3.19356 18.6883
    endloop
  endfacet
  facet normal 1 -0 0
    outer loop
      vertex 105.5 -4.51772 20.5648
      vertex 105.5 -2.08725 19.4471
      vertex 105.5 -0.433487 20.5648
    endloop
  endfacet
  facet normal 1 -0 -0
    outer loop
      vertex 105.5 -4.51347 20.3638
      vertex 105.5 -2.08725 19.4471
      vertex 105.5 -4.51772 20.5648
    endloop
  endfacet
  facet normal 1 -0 -0
    outer loop
      vertex 105.5 -4.47948 19.9958
      vertex 105.5 -2.08725 19.4471
      vertex 105.5 -4.50072 20.1742
    endloop
  endfacet
  facet normal 1 -0 -0
    outer loop
      vertex 105.5 -4.44972 19.8286
      vertex 105.5 -2.08725 19.4471
      vertex 105.5 -4.47948 19.9958
    endloop
  endfacet
  facet normal 1 -0 -0
    outer loop
      vertex 105.5 -4.36472 19.5281
      vertex 105.5 -2.08725 19.4471
      vertex 105.5 -4.41147 19.6727
    endloop
  endfacet
  facet normal 1 0 -0
    outer loop
      vertex 105.5 -4.30946 19.3947
      vertex 105.5 -2.08725 19.4471
      vertex 105.5 -4.36472 19.5281
    endloop
  endfacet
  facet normal 1 -0 -0
    outer loop
      vertex 105.5 -4.24571 19.2726
      vertex 105.5 -3.33122 18.6941
      vertex 105.5 -4.30946 19.3947
    endloop
  endfacet
  facet normal 1 0 0
    outer loop
      vertex 105.5 -3.33122 18.6941
      vertex 105.5 -4.24571 19.2726
      vertex 105.5 -3.46169 18.7117
    endloop
  endfacet
  facet normal 1 0 0
    outer loop
      vertex 105.5 -3.46169 18.7117
      vertex 105.5 -4.17345 19.1617
      vertex 105.5 -3.58493 18.7409
    endloop
  endfacet
  facet normal 1 0 0
    outer loop
      vertex 105.5 -3.58493 18.7409
      vertex 105.5 -4.17345 19.1617
      vertex 105.5 -3.701 18.7818
    endloop
  endfacet
  facet normal 1 0 0
    outer loop
      vertex 105.5 -4.00606 18.9747
      vertex 105.5 -4.17345 19.1617
      vertex 105.5 -4.09334 19.0624
    endloop
  endfacet
  facet normal 1 0 0
    outer loop
      vertex 105.5 -3.80988 18.8344
      vertex 105.5 -4.17345 19.1617
      vertex 105.5 -3.91158 18.8987
    endloop
  endfacet
  facet normal 1 0 0
    outer loop
      vertex 105.5 -3.91158 18.8987
      vertex 105.5 -4.17345 19.1617
      vertex 105.5 -4.00606 18.9747
    endloop
  endfacet
  facet normal 1 0 0
    outer loop
      vertex 105.5 -3.701 18.7818
      vertex 105.5 -4.17345 19.1617
      vertex 105.5 -3.80988 18.8344
    endloop
  endfacet
  facet normal 1 -0 -0
    outer loop
      vertex 105.5 -4.17345 19.1617
      vertex 105.5 -3.46169 18.7117
      vertex 105.5 -4.24571 19.2726
    endloop
  endfacet
  facet normal 1 0 0
    outer loop
      vertex 105.5 -2.08725 19.4471
      vertex 105.5 -4.30946 19.3947
      vertex 105.5 -3.33122 18.6941
    endloop
  endfacet
  facet normal 1 -0 -0
    outer loop
      vertex 105.5 -4.41147 19.6727
      vertex 105.5 -2.08725 19.4471
      vertex 105.5 -4.44972 19.8286
    endloop
  endfacet
  facet normal 1 -0 -0
    outer loop
      vertex 105.5 -4.50072 20.1742
      vertex 105.5 -2.08725 19.4471
      vertex 105.5 -4.51347 20.3638
    endloop
  endfacet
  facet normal 1 0 0
    outer loop
      vertex 105.5 15.2 35.4
      vertex 105.5 13.271 17.7
      vertex 105.5 15.2 5.99
    endloop
  endfacet
  facet normal 1 0 0
    outer loop
      vertex 105.5 15.2 35.4
      vertex 105.5 10.136 24.3
      vertex 105.5 13.271 17.7
    endloop
  endfacet
  facet normal 1 0 0
    outer loop
      vertex 105.5 6.47179 24.0648
      vertex 105.5 10.136 24.3
      vertex 105.5 15.2 35.4
    endloop
  endfacet
  facet normal 1 0 0
    outer loop
      vertex 105.5 10.136 24.3
      vertex 105.5 6.47179 24.0648
      vertex 105.5 7.00099 17.7
    endloop
  endfacet
  facet normal 1 0 0
    outer loop
      vertex 105.5 15.2 35.4
      vertex 105.5 4.74158 24.0648
      vertex 105.5 6.47179 24.0648
    endloop
  endfacet
  facet normal 1 0 0
    outer loop
      vertex 105.5 3.16135 19.0934
      vertex 105.5 3.07651 19.2858
      vertex 105.5 3.14676 19.0353
    endloop
  endfacet
  facet normal 1 0 0
    outer loop
      vertex 105.5 3.179 19.1605
      vertex 105.5 3.07651 19.2858
      vertex 105.5 3.16135 19.0934
    endloop
  endfacet
  facet normal 1 0 0
    outer loop
      vertex 105.5 3.19971 19.2366
      vertex 105.5 3.07651 19.2858
      vertex 105.5 3.179 19.1605
    endloop
  endfacet
  facet normal 1 0 0
    outer loop
      vertex 105.5 3.22346 19.3217
      vertex 105.5 3.07651 19.2858
      vertex 105.5 3.19971 19.2366
    endloop
  endfacet
  facet normal 1 0 0
    outer loop
      vertex 105.5 3.25027 19.4158
      vertex 105.5 3.07651 19.2858
      vertex 105.5 3.22346 19.3217
    endloop
  endfacet
  facet normal 1 -0 0
    outer loop
      vertex 105.5 3.01219 19.5146
      vertex 105.5 3.25027 19.4158
      vertex 105.5 3.28012 19.519
    endloop
  endfacet
  facet normal 1 0 0
    outer loop
      vertex 105.5 3.01219 19.5146
      vertex 105.5 3.28012 19.519
      vertex 105.5 3.31303 19.6311
    endloop
  endfacet
  facet normal 1 -0 0
    outer loop
      vertex 105.5 2.95387 19.7216
      vertex 105.5 3.31303 19.6311
      vertex 105.5 3.34898 19.7522
    endloop
  endfacet
  facet normal 1 0 0
    outer loop
      vertex 105.5 2.90147 19.9068
      vertex 105.5 3.34898 19.7522
      vertex 105.5 3.38802 19.8823
    endloop
  endfacet
  facet normal 1 -0 0
    outer loop
      vertex 105.5 2.90147 19.9068
      vertex 105.5 3.38802 19.8823
      vertex 105.5 3.44077 20.0537
    endloop
  endfacet
  facet normal 1 -0 0
    outer loop
      vertex 105.5 2.81458 20.2118
      vertex 105.5 3.44077 20.0537
      vertex 105.5 3.51793 20.2983
    endloop
  endfacet
  facet normal 1 -0 0
    outer loop
      vertex 105.5 2.75148 20.4297
      vertex 105.5 3.51793 20.2983
      vertex 105.5 3.61951 20.6163
    endloop
  endfacet
  facet normal 1 0 0
    outer loop
      vertex 105.5 2.72888 20.506
      vertex 105.5 3.61951 20.6163
      vertex 105.5 3.7455 21.0077
    endloop
  endfacet
  facet normal 1 0 0
    outer loop
      vertex 105.5 2.72888 20.506
      vertex 105.5 3.7455 21.0077
      vertex 105.5 3.8959 21.4724
    endloop
  endfacet
  facet normal 1 0 0
    outer loop
      vertex 105.5 2.72888 20.506
      vertex 105.5 3.8959 21.4724
      vertex 105.5 4.07071 22.0105
    endloop
  endfacet
  facet normal 1 0 0
    outer loop
      vertex 105.5 1.61665 24.0648
      vertex 105.5 4.07071 22.0105
      vertex 105.5 4.26991 22.6219
    endloop
  endfacet
  facet normal 1 0 0
    outer loop
      vertex 105.5 1.61665 24.0648
      vertex 105.5 4.26991 22.6219
      vertex 105.5 4.49355 23.3066
    endloop
  endfacet
  facet normal 1 -0 0
    outer loop
      vertex 105.5 1.61665 24.0648
      vertex 105.5 4.49355 23.3066
      vertex 105.5 4.74158 24.0648
    endloop
  endfacet
  facet normal 1 0 0
    outer loop
      vertex 105.5 3.25027 19.4158
      vertex 105.5 3.01219 19.5146
      vertex 105.5 3.07651 19.2858
    endloop
  endfacet
  facet normal 1 0 0
    outer loop
      vertex 105.5 3.31303 19.6311
      vertex 105.5 2.95387 19.7216
      vertex 105.5 3.01219 19.5146
    endloop
  endfacet
  facet normal 1 0 0
    outer loop
      vertex 105.5 3.34898 19.7522
      vertex 105.5 2.90147 19.9068
      vertex 105.5 2.95387 19.7216
    endloop
  endfacet
  facet normal 1 0 0
    outer loop
      vertex 105.5 3.44077 20.0537
      vertex 105.5 2.85506 20.0702
      vertex 105.5 2.90147 19.9068
    endloop
  endfacet
  facet normal 1 0 0
    outer loop
      vertex 105.5 3.44077 20.0537
      vertex 105.5 2.81458 20.2118
      vertex 105.5 2.85506 20.0702
    endloop
  endfacet
  facet normal 1 0 0
    outer loop
      vertex 105.5 3.51793 20.2983
      vertex 105.5 2.78004 20.3316
      vertex 105.5 2.81458 20.2118
    endloop
  endfacet
  facet normal 1 0 0
    outer loop
      vertex 105.5 3.51793 20.2983
      vertex 105.5 2.75148 20.4297
      vertex 105.5 2.78004 20.3316
    endloop
  endfacet
  facet normal 1 0 0
    outer loop
      vertex 105.5 3.61951 20.6163
      vertex 105.5 2.72888 20.506
      vertex 105.5 2.75148 20.4297
    endloop
  endfacet
  facet normal 1 0 0
    outer loop
      vertex 105.5 4.07071 22.0105
      vertex 105.5 1.61665 24.0648
      vertex 105.5 2.72888 20.506
    endloop
  endfacet
  facet normal 1 0 0
    outer loop
      vertex 105.5 15.2 35.4
      vertex 105.5 1.61665 24.0648
      vertex 105.5 4.74158 24.0648
    endloop
  endfacet
  facet normal 1 0 0
    outer loop
      vertex 105.5 15.2 35.4
      vertex 105.5 -0.131149 24.0648
      vertex 105.5 1.61665 24.0648
    endloop
  endfacet
  facet normal 1 0 0
    outer loop
      vertex 105.5 2.1463 17.7
      vertex 105.5 -0.442429 20.9909
      vertex 105.5 -0.433487 20.6118
    endloop
  endfacet
  facet normal 1 0 0
    outer loop
      vertex 105.5 2.1463 17.7
      vertex 105.5 -0.469223 21.3492
      vertex 105.5 -0.442429 20.9909
    endloop
  endfacet
  facet normal 1 0 0
    outer loop
      vertex 105.5 -0.131149 24.0648
      vertex 105.5 -0.513916 21.6866
      vertex 105.5 -0.469223 21.3492
    endloop
  endfacet
  facet normal 1 0 0
    outer loop
      vertex 105.5 -0.131149 24.0648
      vertex 105.5 -0.576462 22.0032
      vertex 105.5 -0.513916 21.6866
    endloop
  endfacet
  facet normal 1 0 0
    outer loop
      vertex 105.5 -0.131149 24.0648
      vertex 105.5 -0.656891 22.299
      vertex 105.5 -0.576462 22.0032
    endloop
  endfacet
  facet normal 1 0 0
    outer loop
      vertex 105.5 -0.131149 24.0648
      vertex 105.5 -0.755203 22.5739
      vertex 105.5 -0.656891 22.299
    endloop
  endfacet
  facet normal 1 0 0
    outer loop
      vertex 105.5 -0.131149 24.0648
      vertex 105.5 -0.871384 22.8279
      vertex 105.5 -0.755203 22.5739
    endloop
  endfacet
  facet normal 1 0 0
    outer loop
      vertex 105.5 -0.131149 24.0648
      vertex 105.5 -1.00543 23.0612
      vertex 105.5 -0.871384 22.8279
    endloop
  endfacet
  facet normal 1 0 0
    outer loop
      vertex 105.5 -0.131149 24.0648
      vertex 105.5 -1.15735 23.2735
      vertex 105.5 -1.00543 23.0612
    endloop
  endfacet
  facet normal 1 0 0
    outer loop
      vertex 105.5 -0.131149 24.0648
      vertex 105.5 -1.3262 23.4643
      vertex 105.5 -1.15735 23.2735
    endloop
  endfacet
  facet normal 1 -0 0
    outer loop
      vertex 105.5 -15.2 35.4
      vertex 105.5 -0.131149 24.0648
      vertex 105.5 15.2 35.4
    endloop
  endfacet
  facet normal 1 0 0
    outer loop
      vertex 105.5 -0.131149 24.0648
      vertex 105.5 -1.51105 23.6326
      vertex 105.5 -1.3262 23.4643
    endloop
  endfacet
  facet normal 1 0 0
    outer loop
      vertex 105.5 -0.131149 24.0648
      vertex 105.5 -1.71187 23.7785
      vertex 105.5 -1.51105 23.6326
    endloop
  endfacet
  facet normal 1 0 0
    outer loop
      vertex 105.5 -0.131149 24.0648
      vertex 105.5 -1.92867 23.9019
      vertex 105.5 -1.71187 23.7785
    endloop
  endfacet
  facet normal 1 0 0
    outer loop
      vertex 105.5 -0.131149 24.0648
      vertex 105.5 -2.16147 24.0029
      vertex 105.5 -1.92867 23.9019
    endloop
  endfacet
  facet normal 1 0 0
    outer loop
      vertex 105.5 -0.131149 24.0648
      vertex 105.5 -2.41025 24.0814
      vertex 105.5 -2.16147 24.0029
    endloop
  endfacet
  facet normal 1 0 0
    outer loop
      vertex 105.5 -0.131149 24.0648
      vertex 105.5 -2.67502 24.1375
      vertex 105.5 -2.41025 24.0814
    endloop
  endfacet
  facet normal 1 0 0
    outer loop
      vertex 105.5 -0.131149 24.0648
      vertex 105.5 -15.2 35.4
      vertex 105.5 -2.67502 24.1375
    endloop
  endfacet
  facet normal 1 0 0
    outer loop
      vertex 105.5 -2.67502 24.1375
      vertex 105.5 -15.2 35.4
      vertex 105.5 -2.95576 24.1712
    endloop
  endfacet
  facet normal 1 0 0
    outer loop
      vertex 105.5 -2.95576 24.1712
      vertex 105.5 -15.2 35.4
      vertex 105.5 -3.25249 24.1824
    endloop
  endfacet
  facet normal 1 0 0
    outer loop
      vertex 105.5 -3.25249 24.1824
      vertex 105.5 -15.2 35.4
      vertex 105.5 -3.56352 24.1719
    endloop
  endfacet
  facet normal 1 0 0
    outer loop
      vertex 105.5 -3.56352 24.1719
      vertex 105.5 -15.2 35.4
      vertex 105.5 -3.85843 24.1405
    endloop
  endfacet
  facet normal 1 0 0
    outer loop
      vertex 105.5 -3.85843 24.1405
      vertex 105.5 -15.2 35.4
      vertex 105.5 -4.13721 24.0883
    endloop
  endfacet
  facet normal 1 0 -0
    outer loop
      vertex 105.5 -8.82932 24.0708
      vertex 105.5 -4.13721 24.0883
      vertex 105.5 -15.2 35.4
    endloop
  endfacet
  facet normal 1 0 0
    outer loop
      vertex 105.5 -4.13721 24.0883
      vertex 105.5 -8.82932 24.0708
      vertex 105.5 -4.39986 24.0151
    endloop
  endfacet
  facet normal 1 0 0
    outer loop
      vertex 105.5 -6.96812 22.0589
      vertex 105.5 -6.25385 20.9118
      vertex 105.5 -6.24417 21.2531
    endloop
  endfacet
  facet normal 1 0 0
    outer loop
      vertex 105.5 -6.96812 22.0589
      vertex 105.5 -6.24417 21.2531
      vertex 105.5 -6.21518 21.5764
    endloop
  endfacet
  facet normal 1 0 0
    outer loop
      vertex 105.5 -6.96812 22.0589
      vertex 105.5 -6.21518 21.5764
      vertex 105.5 -6.16687 21.8817
    endloop
  endfacet
  facet normal 1 -0 0
    outer loop
      vertex 105.5 -6.96812 22.0589
      vertex 105.5 -6.16687 21.8817
      vertex 105.5 -6.09924 22.169
    endloop
  endfacet
  facet normal 1 -0 0
    outer loop
      vertex 105.5 -7.01674 22.2745
      vertex 105.5 -6.09924 22.169
      vertex 105.5 -6.01227 22.4383
    endloop
  endfacet
  facet normal 1 0 0
    outer loop
      vertex 105.5 -6.25385 20.9118
      vertex 105.5 -6.96812 22.0589
      vertex 105.5 -6.92101 19.8177
    endloop
  endfacet
  facet normal 1 -0 0
    outer loop
      vertex 105.5 -7.07886 22.4795
      vertex 105.5 -6.01227 22.4383
      vertex 105.5 -5.90596 22.6896
    endloop
  endfacet
  facet normal 1 -0 0
    outer loop
      vertex 105.5 -7.24364 22.8577
      vertex 105.5 -5.90596 22.6896
      vertex 105.5 -5.78035 22.9228
    endloop
  endfacet
  facet normal 1 -0 0
    outer loop
      vertex 105.5 -7.34631 23.0309
      vertex 105.5 -5.78035 22.9228
      vertex 105.5 -5.63541 23.1381
    endloop
  endfacet
  facet normal 1 -0 0
    outer loop
      vertex 105.5 -7.46248 23.1935
      vertex 105.5 -5.63541 23.1381
      vertex 105.5 -5.47113 23.3353
    endloop
  endfacet
  facet normal 1 -0 0
    outer loop
      vertex 105.5 -7.7354 23.4869
      vertex 105.5 -5.47113 23.3353
      vertex 105.5 -5.28912 23.5131
    endloop
  endfacet
  facet normal 1 0 0
    outer loop
      vertex 105.5 -6.09924 22.169
      vertex 105.5 -7.01674 22.2745
      vertex 105.5 -6.96812 22.0589
    endloop
  endfacet
  facet normal 1 -0 0
    outer loop
      vertex 105.5 -7.89211 23.6177
      vertex 105.5 -5.28912 23.5131
      vertex 105.5 -5.091 23.67
    endloop
  endfacet
  facet normal 1 0 0
    outer loop
      vertex 105.5 -6.01227 22.4383
      vertex 105.5 -7.07886 22.4795
      vertex 105.5 -7.01674 22.2745
    endloop
  endfacet
  facet normal 1 -0 0
    outer loop
      vertex 105.5 -8.06038 23.7362
      vertex 105.5 -5.091 23.67
      vertex 105.5 -4.87674 23.8059
    endloop
  endfacet
  facet normal 1 0 0
    outer loop
      vertex 105.5 -5.90596 22.6896
      vertex 105.5 -7.1545 22.6739
      vertex 105.5 -7.07886 22.4795
    endloop
  endfacet
  facet normal 1 0 -0
    outer loop
      vertex 105.5 -8.6227 24.0081
      vertex 105.5 -4.39986 24.0151
      vertex 105.5 -8.82932 24.0708
    endloop
  endfacet
  facet normal 1 0 0
    outer loop
      vertex 105.5 -5.90596 22.6896
      vertex 105.5 -7.24364 22.8577
      vertex 105.5 -7.1545 22.6739
    endloop
  endfacet
  facet normal 1 0 0
    outer loop
      vertex 105.5 -5.78035 22.9228
      vertex 105.5 -7.34631 23.0309
      vertex 105.5 -7.24364 22.8577
    endloop
  endfacet
  facet normal 1 0 0
    outer loop
      vertex 105.5 -5.63541 23.1381
      vertex 105.5 -7.46248 23.1935
      vertex 105.5 -7.34631 23.0309
    endloop
  endfacet
  facet normal 1 0 0
    outer loop
      vertex 105.5 -5.47113 23.3353
      vertex 105.5 -7.59218 23.3455
      vertex 105.5 -7.46248 23.1935
    endloop
  endfacet
  facet normal 1 0 0
    outer loop
      vertex 105.5 -5.47113 23.3353
      vertex 105.5 -7.7354 23.4869
      vertex 105.5 -7.59218 23.3455
    endloop
  endfacet
  facet normal 1 0 0
    outer loop
      vertex 105.5 -5.28912 23.5131
      vertex 105.5 -7.89211 23.6177
      vertex 105.5 -7.7354 23.4869
    endloop
  endfacet
  facet normal 1 0 0
    outer loop
      vertex 105.5 -5.091 23.67
      vertex 105.5 -8.06038 23.7362
      vertex 105.5 -7.89211 23.6177
    endloop
  endfacet
  facet normal 1 0 0
    outer loop
      vertex 105.5 -4.39986 24.0151
      vertex 105.5 -8.6227 24.0081
      vertex 105.5 -4.64636 23.9209
    endloop
  endfacet
  facet normal 1 0 0
    outer loop
      vertex 105.5 -4.87674 23.8059
      vertex 105.5 -8.23822 23.8408
      vertex 105.5 -8.06038 23.7362
    endloop
  endfacet
  facet normal 1 0 0
    outer loop
      vertex 105.5 -4.64636 23.9209
      vertex 105.5 -8.23822 23.8408
      vertex 105.5 -4.87674 23.8059
    endloop
  endfacet
  facet normal 1 0 -0
    outer loop
      vertex 105.5 -8.23822 23.8408
      vertex 105.5 -4.64636 23.9209
      vertex 105.5 -8.42567 23.9314
    endloop
  endfacet
  facet normal 1 -0 -0
    outer loop
      vertex 105.5 -8.42567 23.9314
      vertex 105.5 -4.64636 23.9209
      vertex 105.5 -8.6227 24.0081
    endloop
  endfacet
  facet normal 1 0 0
    outer loop
      vertex 105.5 -8.82932 24.0708
      vertex 105.5 -15.2 35.4
      vertex 105.5 -9.04553 24.1196
    endloop
  endfacet
  facet normal 1 0 0
    outer loop
      vertex 105.5 -9.04553 24.1196
      vertex 105.5 -15.2 35.4
      vertex 105.5 -9.27135 24.1545
    endloop
  endfacet
  facet normal 1 0 0
    outer loop
      vertex 105.5 -9.27135 24.1545
      vertex 105.5 -15.2 35.4
      vertex 105.5 -9.50673 24.1754
    endloop
  endfacet
  facet normal 1 0 0
    outer loop
      vertex 105.5 -9.50673 24.1754
      vertex 105.5 -15.2 35.4
      vertex 105.5 -9.75172 24.1824
    endloop
  endfacet
  facet normal 1 0 0
    outer loop
      vertex 105.5 -9.75172 24.1824
      vertex 105.5 -15.2 35.4
      vertex 105.5 -10.0679 24.1715
    endloop
  endfacet
  facet normal 1 0 0
    outer loop
      vertex 105.5 -10.0679 24.1715
      vertex 105.5 -15.2 35.4
      vertex 105.5 -10.3676 24.1389
    endloop
  endfacet
  facet normal 1 0 0
    outer loop
      vertex 105.5 -10.3676 24.1389
      vertex 105.5 -15.2 35.4
      vertex 105.5 -10.6509 24.0847
    endloop
  endfacet
  facet normal 1 0 0
    outer loop
      vertex 105.5 -10.6509 24.0847
      vertex 105.5 -15.2 35.4
      vertex 105.5 -10.9177 24.0087
    endloop
  endfacet
  facet normal 1 0 0
    outer loop
      vertex 105.5 -12.7904 21.1888
      vertex 105.5 -15.2 35.4
      vertex 105.5 -12.8002 20.8471
    endloop
  endfacet
  facet normal 1 0 0
    outer loop
      vertex 105.5 -12.761 21.5133
      vertex 105.5 -15.2 35.4
      vertex 105.5 -12.7904 21.1888
    endloop
  endfacet
  facet normal 1 0 0
    outer loop
      vertex 105.5 -12.7119 21.8206
      vertex 105.5 -15.2 35.4
      vertex 105.5 -12.761 21.5133
    endloop
  endfacet
  facet normal 1 0 0
    outer loop
      vertex 105.5 -12.6433 22.1107
      vertex 105.5 -15.2 35.4
      vertex 105.5 -12.7119 21.8206
    endloop
  endfacet
  facet normal 1 0 0
    outer loop
      vertex 105.5 -12.555 22.3836
      vertex 105.5 -15.2 35.4
      vertex 105.5 -12.6433 22.1107
    endloop
  endfacet
  facet normal 1 0 0
    outer loop
      vertex 105.5 -12.4471 22.6392
      vertex 105.5 -15.2 35.4
      vertex 105.5 -12.555 22.3836
    endloop
  endfacet
  facet normal 1 0 0
    outer loop
      vertex 105.5 -12.3196 22.8777
      vertex 105.5 -15.2 35.4
      vertex 105.5 -12.4471 22.6392
    endloop
  endfacet
  facet normal 1 0 0
    outer loop
      vertex 105.5 -12.1725 23.0989
      vertex 105.5 -15.2 35.4
      vertex 105.5 -12.3196 22.8777
    endloop
  endfacet
  facet normal 1 0 0
    outer loop
      vertex 105.5 -12.0058 23.3029
      vertex 105.5 -15.2 35.4
      vertex 105.5 -12.1725 23.0989
    endloop
  endfacet
  facet normal 1 0 0
    outer loop
      vertex 105.5 -11.821 23.4875
      vertex 105.5 -15.2 35.4
      vertex 105.5 -12.0058 23.3029
    endloop
  endfacet
  facet normal 1 0 0
    outer loop
      vertex 105.5 -11.6198 23.6504
      vertex 105.5 -15.2 35.4
      vertex 105.5 -11.821 23.4875
    endloop
  endfacet
  facet normal 1 0 0
    outer loop
      vertex 105.5 -11.4022 23.7915
      vertex 105.5 -15.2 35.4
      vertex 105.5 -11.6198 23.6504
    endloop
  endfacet
  facet normal 1 0 0
    outer loop
      vertex 105.5 -11.1682 23.9109
      vertex 105.5 -15.2 35.4
      vertex 105.5 -11.4022 23.7915
    endloop
  endfacet
  facet normal 1 0 0
    outer loop
      vertex 105.5 -10.9177 24.0087
      vertex 105.5 -15.2 35.4
      vertex 105.5 -11.1682 23.9109
    endloop
  endfacet
  facet normal 1 -0 0
    outer loop
      vertex 105.5 11.2782 17.7
      vertex 105.5 15.2 5.99
      vertex 105.5 13.271 17.7
    endloop
  endfacet
  facet normal 1 0 0
    outer loop
      vertex 105.5 8.99373 17.7
      vertex 105.5 11.2782 17.7
      vertex 105.5 10.136 20.1048
    endloop
  endfacet
  facet normal 1 0 0
    outer loop
      vertex 105.5 11.2782 17.7
      vertex 105.5 8.99373 17.7
      vertex 105.5 15.2 5.99
    endloop
  endfacet
  facet normal 1 -0 0
    outer loop
      vertex 105.5 7.00099 17.7
      vertex 105.5 15.2 5.99
      vertex 105.5 8.99373 17.7
    endloop
  endfacet
  facet normal 1 0 0
    outer loop
      vertex 105.5 4.12367 17.7
      vertex 105.5 7.00099 17.7
      vertex 105.5 6.47179 24.0648
    endloop
  endfacet
  facet normal 1 -0 0
    outer loop
      vertex 105.5 4.12367 17.7
      vertex 105.5 15.2 5.99
      vertex 105.5 7.00099 17.7
    endloop
  endfacet
  facet normal 1 -0 0
    outer loop
      vertex 105.5 2.1463 17.7
      vertex 105.5 15.2 5.99
      vertex 105.5 4.12367 17.7
    endloop
  endfacet
  facet normal 1 -0 0
    outer loop
      vertex 105.5 -0.469223 21.3492
      vertex 105.5 2.1463 17.7
      vertex 105.5 -0.131149 24.0648
    endloop
  endfacet
  facet normal 1 -0 0
    outer loop
      vertex 105.5 -0.433487 20.5648
      vertex 105.5 2.1463 17.7
      vertex 105.5 -0.433487 20.6118
    endloop
  endfacet
  facet normal 1 -0 0
    outer loop
      vertex 105.5 -0.527634 19.3118
      vertex 105.5 2.1463 17.7
      vertex 105.5 -0.433487 20.5648
    endloop
  endfacet
  facet normal 1 -0 0
    outer loop
      vertex 105.5 -0.695267 18.9489
      vertex 105.5 2.1463 17.7
      vertex 105.5 -0.527634 19.3118
    endloop
  endfacet
  facet normal 1 -0 0
    outer loop
      vertex 105.5 -0.897339 18.6286
      vertex 105.5 2.1463 17.7
      vertex 105.5 -0.695267 18.9489
    endloop
  endfacet
  facet normal 1 -0 0
    outer loop
      vertex 105.5 -1.13383 18.351
      vertex 105.5 2.1463 17.7
      vertex 105.5 -0.897339 18.6286
    endloop
  endfacet
  facet normal 1 -0 0
    outer loop
      vertex 105.5 -1.40477 18.1161
      vertex 105.5 2.1463 17.7
      vertex 105.5 -1.13383 18.351
    endloop
  endfacet
  facet normal 1 -0 0
    outer loop
      vertex 105.5 -1.71014 17.924
      vertex 105.5 2.1463 17.7
      vertex 105.5 -1.40477 18.1161
    endloop
  endfacet
  facet normal 1 -0 0
    outer loop
      vertex 105.5 -2.04996 17.7745
      vertex 105.5 2.1463 17.7
      vertex 105.5 -1.71014 17.924
    endloop
  endfacet
  facet normal 1 0 0
    outer loop
      vertex 105.5 -2.42421 17.6678
      vertex 105.5 2.1463 17.7
      vertex 105.5 -2.04996 17.7745
    endloop
  endfacet
  facet normal 1 0 0
    outer loop
      vertex 105.5 2.1463 17.7
      vertex 105.5 -2.42421 17.6678
      vertex 105.5 15.2 5.99
    endloop
  endfacet
  facet normal 1 0 0
    outer loop
      vertex 105.5 -15.2 5.99
      vertex 105.5 -2.42421 17.6678
      vertex 105.5 -2.83289 17.6037
    endloop
  endfacet
  facet normal 1 0 0
    outer loop
      vertex 105.5 -15.2 5.99
      vertex 105.5 -2.83289 17.6037
      vertex 105.5 -3.27602 17.5824
    endloop
  endfacet
  facet normal 1 0 0
    outer loop
      vertex 105.5 -15.2 5.99
      vertex 105.5 -3.27602 17.5824
      vertex 105.5 -3.5869 17.5929
    endloop
  endfacet
  facet normal 1 0 0
    outer loop
      vertex 105.5 -15.2 5.99
      vertex 105.5 -3.5869 17.5929
      vertex 105.5 -3.88136 17.6244
    endloop
  endfacet
  facet normal 1 0 0
    outer loop
      vertex 105.5 -15.2 5.99
      vertex 105.5 -3.88136 17.6244
      vertex 105.5 -4.15942 17.6768
    endloop
  endfacet
  facet normal 1 -0 0
    outer loop
      vertex 105.5 -8.81537 17.7066
      vertex 105.5 -4.15942 17.6768
      vertex 105.5 -4.42105 17.7503
    endloop
  endfacet
  facet normal 1 -0 0
    outer loop
      vertex 105.5 -8.52565 17.8031
      vertex 105.5 -4.42105 17.7503
      vertex 105.5 -4.66628 17.8447
    endloop
  endfacet
  facet normal 1 -0 0
    outer loop
      vertex 105.5 -8.25204 17.9267
      vertex 105.5 -4.66628 17.8447
      vertex 105.5 -4.89505 17.9602
    endloop
  endfacet
  facet normal 1 0 0
    outer loop
      vertex 105.5 -6.92101 19.8177
      vertex 105.5 -6.24432 20.5594
      vertex 105.5 -6.25385 20.9118
    endloop
  endfacet
  facet normal 1 0 0
    outer loop
      vertex 105.5 -6.92101 19.8177
      vertex 105.5 -6.21577 20.2261
      vertex 105.5 -6.24432 20.5594
    endloop
  endfacet
  facet normal 1 0 0
    outer loop
      vertex 105.5 -6.92101 19.8177
      vertex 105.5 -6.16818 19.9122
      vertex 105.5 -6.21577 20.2261
    endloop
  endfacet
  facet normal 1 -0 0
    outer loop
      vertex 105.5 -6.92101 19.8177
      vertex 105.5 -6.10156 19.6174
      vertex 105.5 -6.16818 19.9122
    endloop
  endfacet
  facet normal 1 -0 0
    outer loop
      vertex 105.5 -6.94421 19.6743
      vertex 105.5 -6.10156 19.6174
      vertex 105.5 -6.92101 19.8177
    endloop
  endfacet
  facet normal 1 0 0
    outer loop
      vertex 105.5 -6.97461 19.5345
      vertex 105.5 -6.10156 19.6174
      vertex 105.5 -6.94421 19.6743
    endloop
  endfacet
  facet normal 1 0 0
    outer loop
      vertex 105.5 -6.10156 19.6174
      vertex 105.5 -6.97461 19.5345
      vertex 105.5 -6.0159 19.3419
    endloop
  endfacet
  facet normal 1 -0 0
    outer loop
      vertex 105.5 -7.01221 19.3981
      vertex 105.5 -6.0159 19.3419
      vertex 105.5 -6.97461 19.5345
    endloop
  endfacet
  facet normal 1 0 0
    outer loop
      vertex 105.5 -7.05701 19.2652
      vertex 105.5 -6.0159 19.3419
      vertex 105.5 -7.01221 19.3981
    endloop
  endfacet
  facet normal 1 0 0
    outer loop
      vertex 105.5 -6.0159 19.3419
      vertex 105.5 -7.05701 19.2652
      vertex 105.5 -5.91121 19.0857
    endloop
  endfacet
  facet normal 1 -0 0
    outer loop
      vertex 105.5 -7.10898 19.1357
      vertex 105.5 -5.91121 19.0857
      vertex 105.5 -7.05701 19.2652
    endloop
  endfacet
  facet normal 1 0 0
    outer loop
      vertex 105.5 -7.16817 19.0098
      vertex 105.5 -5.91121 19.0857
      vertex 105.5 -7.10898 19.1357
    endloop
  endfacet
  facet normal 1 0 0
    outer loop
      vertex 105.5 -5.91121 19.0857
      vertex 105.5 -7.16817 19.0098
      vertex 105.5 -5.78749 18.8487
    endloop
  endfacet
  facet normal 1 -0 0
    outer loop
      vertex 105.5 -7.23453 18.8873
      vertex 105.5 -5.78749 18.8487
      vertex 105.5 -7.16817 19.0098
    endloop
  endfacet
  facet normal 1 0 0
    outer loop
      vertex 105.5 -7.30811 18.7684
      vertex 105.5 -5.78749 18.8487
      vertex 105.5 -7.23453 18.8873
    endloop
  endfacet
  facet normal 1 0 0
    outer loop
      vertex 105.5 -5.78749 18.8487
      vertex 105.5 -7.30811 18.7684
      vertex 105.5 -5.64473 18.6309
    endloop
  endfacet
  facet normal 1 -0 0
    outer loop
      vertex 105.5 -7.38885 18.6529
      vertex 105.5 -5.64473 18.6309
      vertex 105.5 -7.30811 18.7684
    endloop
  endfacet
  facet normal 1 0 0
    outer loop
      vertex 105.5 -7.47615 18.5421
      vertex 105.5 -5.64473 18.6309
      vertex 105.5 -7.38885 18.6529
    endloop
  endfacet
  facet normal 1 0 0
    outer loop
      vertex 105.5 -5.64473 18.6309
      vertex 105.5 -7.47615 18.5421
      vertex 105.5 -5.48293 18.4324
    endloop
  endfacet
  facet normal 1 -0 0
    outer loop
      vertex 105.5 -7.56934 18.4369
      vertex 105.5 -5.48293 18.4324
      vertex 105.5 -7.47615 18.5421
    endloop
  endfacet
  facet normal 1 0 0
    outer loop
      vertex 105.5 -7.66841 18.3376
      vertex 105.5 -5.48293 18.4324
      vertex 105.5 -7.56934 18.4369
    endloop
  endfacet
  facet normal 1 0 0
    outer loop
      vertex 105.5 -5.48293 18.4324
      vertex 105.5 -7.66841 18.3376
      vertex 105.5 -5.30339 18.254
    endloop
  endfacet
  facet normal 1 0 0
    outer loop
      vertex 105.5 -7.77338 18.2439
      vertex 105.5 -5.30339 18.254
      vertex 105.5 -7.66841 18.3376
    endloop
  endfacet
  facet normal 1 0 0
    outer loop
      vertex 105.5 -7.8842 18.156
      vertex 105.5 -5.30339 18.254
      vertex 105.5 -7.77338 18.2439
    endloop
  endfacet
  facet normal 1 0 0
    outer loop
      vertex 105.5 -5.30339 18.254
      vertex 105.5 -7.8842 18.156
      vertex 105.5 -5.10744 18.0966
    endloop
  endfacet
  facet normal 1 0 0
    outer loop
      vertex 105.5 -8.00093 18.0739
      vertex 105.5 -5.10744 18.0966
      vertex 105.5 -7.8842 18.156
    endloop
  endfacet
  facet normal 1 0 0
    outer loop
      vertex 105.5 -5.10744 18.0966
      vertex 105.5 -8.00093 18.0739
      vertex 105.5 -4.89505 17.9602
    endloop
  endfacet
  facet normal 1 -0 0
    outer loop
      vertex 105.5 -8.12355 17.9974
      vertex 105.5 -4.89505 17.9602
      vertex 105.5 -8.00093 18.0739
    endloop
  endfacet
  facet normal 1 0 0
    outer loop
      vertex 105.5 -8.25204 17.9267
      vertex 105.5 -4.89505 17.9602
      vertex 105.5 -8.12355 17.9974
    endloop
  endfacet
  facet normal 1 0 0
    outer loop
      vertex 105.5 -4.66628 17.8447
      vertex 105.5 -8.25204 17.9267
      vertex 105.5 -8.38644 17.8618
    endloop
  endfacet
  facet normal 1 0 0
    outer loop
      vertex 105.5 -4.66628 17.8447
      vertex 105.5 -8.38644 17.8618
      vertex 105.5 -8.52565 17.8031
    endloop
  endfacet
  facet normal 1 0 0
    outer loop
      vertex 105.5 -4.42105 17.7503
      vertex 105.5 -8.52565 17.8031
      vertex 105.5 -8.66862 17.7514
    endloop
  endfacet
  facet normal 1 0 0
    outer loop
      vertex 105.5 -4.42105 17.7503
      vertex 105.5 -8.66862 17.7514
      vertex 105.5 -8.81537 17.7066
    endloop
  endfacet
  facet normal 1 0 0
    outer loop
      vertex 105.5 -4.15942 17.6768
      vertex 105.5 -8.81537 17.7066
      vertex 105.5 -15.2 5.99
    endloop
  endfacet
  facet normal 1 0 0
    outer loop
      vertex 105.5 -15.2 5.99
      vertex 105.5 -8.81537 17.7066
      vertex 105.5 -8.96591 17.6686
    endloop
  endfacet
  facet normal 1 0 0
    outer loop
      vertex 105.5 -15.2 5.99
      vertex 105.5 -8.96591 17.6686
      vertex 105.5 -9.12022 17.6376
    endloop
  endfacet
  facet normal 1 0 0
    outer loop
      vertex 105.5 -15.2 5.99
      vertex 105.5 -9.12022 17.6376
      vertex 105.5 -9.27831 17.6134
    endloop
  endfacet
  facet normal 1 0 0
    outer loop
      vertex 105.5 -15.2 5.99
      vertex 105.5 -9.27831 17.6134
      vertex 105.5 -9.44019 17.5962
    endloop
  endfacet
  facet normal 1 0 0
    outer loop
      vertex 105.5 -15.2 5.99
      vertex 105.5 -9.44019 17.5962
      vertex 105.5 -9.60582 17.5858
    endloop
  endfacet
  facet normal 1 0 0
    outer loop
      vertex 105.5 -15.2 5.99
      vertex 105.5 -9.60582 17.5858
      vertex 105.5 -9.77525 17.5824
    endloop
  endfacet
  facet normal 1 0 0
    outer loop
      vertex 105.5 -15.2 5.99
      vertex 105.5 -9.77525 17.5824
      vertex 105.5 -10.0888 17.593
    endloop
  endfacet
  facet normal 1 0 0
    outer loop
      vertex 105.5 -15.2 5.99
      vertex 105.5 -10.0888 17.593
      vertex 105.5 -10.3861 17.6249
    endloop
  endfacet
  facet normal 1 0 0
    outer loop
      vertex 105.5 -15.2 5.99
      vertex 105.5 -10.3861 17.6249
      vertex 105.5 -10.6672 17.6781
    endloop
  endfacet
  facet normal 1 0 0
    outer loop
      vertex 105.5 -15.2 5.99
      vertex 105.5 -10.6672 17.6781
      vertex 105.5 -10.9319 17.7526
    endloop
  endfacet
  facet normal 1 0 0
    outer loop
      vertex 105.5 -15.2 5.99
      vertex 105.5 -10.9319 17.7526
      vertex 105.5 -11.1804 17.8483
    endloop
  endfacet
  facet normal 1 0 0
    outer loop
      vertex 105.5 -15.2 5.99
      vertex 105.5 -12.8002 20.8471
      vertex 105.5 -15.2 35.4
    endloop
  endfacet
  facet normal 1 0 0
    outer loop
      vertex 105.5 -12.8002 20.8471
      vertex 105.5 -15.2 5.99
      vertex 105.5 -12.7905 20.513
    endloop
  endfacet
  facet normal 1 0 0
    outer loop
      vertex 105.5 -2.42421 17.6678
      vertex 105.5 -15.2 5.99
      vertex 105.5 15.2 5.99
    endloop
  endfacet
  facet normal 1 0 0
    outer loop
      vertex 105.5 -11.4126 17.9654
      vertex 105.5 -15.2 5.99
      vertex 105.5 -11.1804 17.8483
    endloop
  endfacet
  facet normal 1 0 0
    outer loop
      vertex 105.5 -11.6285 18.1037
      vertex 105.5 -15.2 5.99
      vertex 105.5 -11.4126 17.9654
    endloop
  endfacet
  facet normal 1 0 0
    outer loop
      vertex 105.5 -11.8282 18.2632
      vertex 105.5 -15.2 5.99
      vertex 105.5 -11.6285 18.1037
    endloop
  endfacet
  facet normal 1 0 0
    outer loop
      vertex 105.5 -12.0116 18.4441
      vertex 105.5 -15.2 5.99
      vertex 105.5 -11.8282 18.2632
    endloop
  endfacet
  facet normal 1 0 0
    outer loop
      vertex 105.5 -12.1771 18.644
      vertex 105.5 -15.2 5.99
      vertex 105.5 -12.0116 18.4441
    endloop
  endfacet
  facet normal 1 0 0
    outer loop
      vertex 105.5 -12.3231 18.8607
      vertex 105.5 -15.2 5.99
      vertex 105.5 -12.1771 18.644
    endloop
  endfacet
  facet normal 1 0 0
    outer loop
      vertex 105.5 -12.4497 19.0941
      vertex 105.5 -15.2 5.99
      vertex 105.5 -12.3231 18.8607
    endloop
  endfacet
  facet normal 1 0 0
    outer loop
      vertex 105.5 -12.5568 19.3444
      vertex 105.5 -15.2 5.99
      vertex 105.5 -12.4497 19.0941
    endloop
  endfacet
  facet normal 1 0 0
    outer loop
      vertex 105.5 -12.6444 19.6114
      vertex 105.5 -15.2 5.99
      vertex 105.5 -12.5568 19.3444
    endloop
  endfacet
  facet normal 1 0 0
    outer loop
      vertex 105.5 -12.7126 19.8951
      vertex 105.5 -15.2 5.99
      vertex 105.5 -12.6444 19.6114
    endloop
  endfacet
  facet normal 1 0 0
    outer loop
      vertex 105.5 -12.7612 20.1957
      vertex 105.5 -15.2 5.99
      vertex 105.5 -12.7126 19.8951
    endloop
  endfacet
  facet normal 1 0 0
    outer loop
      vertex 105.5 -12.7905 20.513
      vertex 105.5 -15.2 5.99
      vertex 105.5 -12.7612 20.1957
    endloop
  endfacet
  facet normal 1 0 0
    outer loop
      vertex 105.5 -6.96812 22.0589
      vertex 105.5 -8.58058 19.8941
      vertex 105.5 -6.92101 19.8177
    endloop
  endfacet
  facet normal 1 0 0
    outer loop
      vertex 105.5 -10.9196 19.6896
      vertex 105.5 -8.60057 19.767
      vertex 105.5 -8.58058 19.8941
    endloop
  endfacet
  facet normal 1 -0 0
    outer loop
      vertex 105.5 -8.63359 21.9765
      vertex 105.5 -8.58058 19.8941
      vertex 105.5 -6.96812 22.0589
    endloop
  endfacet
  facet normal 1 -0 0
    outer loop
      vertex 105.5 -11.0641 20.9118
      vertex 105.5 -8.58058 19.8941
      vertex 105.5 -8.63359 21.9765
    endloop
  endfacet
  facet normal 1 0 0
    outer loop
      vertex 105.5 -10.9222 22.0981
      vertex 105.5 -8.63359 21.9765
      vertex 105.5 -8.6519 22.0826
    endloop
  endfacet
  facet normal 1 -0 -0
    outer loop
      vertex 105.5 -11.048 20.4501
      vertex 105.5 -8.58058 19.8941
      vertex 105.5 -11.0641 20.9118
    endloop
  endfacet
  facet normal 1 0 0
    outer loop
      vertex 105.5 -10.8118 22.3881
      vertex 105.5 -8.6519 22.0826
      vertex 105.5 -8.67543 22.1838
    endloop
  endfacet
  facet normal 1 -0 -0
    outer loop
      vertex 105.5 -10.9998 20.0427
      vertex 105.5 -8.58058 19.8941
      vertex 105.5 -11.048 20.4501
    endloop
  endfacet
  facet normal 1 0 0
    outer loop
      vertex 105.5 -10.8118 22.3881
      vertex 105.5 -8.67543 22.1838
      vertex 105.5 -8.70419 22.2801
    endloop
  endfacet
  facet normal 1 0 0
    outer loop
      vertex 105.5 -9.78705 23.0471
      vertex 105.5 -8.70419 22.2801
      vertex 105.5 -8.73819 22.3716
    endloop
  endfacet
  facet normal 1 0 -0
    outer loop
      vertex 105.5 -10.9196 19.6896
      vertex 105.5 -8.58058 19.8941
      vertex 105.5 -10.9998 20.0427
    endloop
  endfacet
  facet normal 1 0 0
    outer loop
      vertex 105.5 -9.67485 23.0435
      vertex 105.5 -8.73819 22.3716
      vertex 105.5 -8.7774 22.4582
    endloop
  endfacet
  facet normal 1 0 0
    outer loop
      vertex 105.5 -8.60057 19.767
      vertex 105.5 -10.9196 19.6896
      vertex 105.5 -8.62651 19.6471
    endloop
  endfacet
  facet normal 1 0 0
    outer loop
      vertex 105.5 -9.56848 23.0328
      vertex 105.5 -8.7774 22.4582
      vertex 105.5 -8.82185 22.5399
    endloop
  endfacet
  facet normal 1 0 -0
    outer loop
      vertex 105.5 -10.8072 19.3908
      vertex 105.5 -8.62651 19.6471
      vertex 105.5 -10.9196 19.6896
    endloop
  endfacet
  facet normal 1 0 0
    outer loop
      vertex 105.5 -9.56848 23.0328
      vertex 105.5 -8.82185 22.5399
      vertex 105.5 -8.87155 22.6168
    endloop
  endfacet
  facet normal 1 0 0
    outer loop
      vertex 105.5 -8.62651 19.6471
      vertex 105.5 -10.8072 19.3908
      vertex 105.5 -8.65842 19.5343
    endloop
  endfacet
  facet normal 1 0 0
    outer loop
      vertex 105.5 -9.46793 23.0148
      vertex 105.5 -8.87155 22.6168
      vertex 105.5 -8.92648 22.6888
    endloop
  endfacet
  facet normal 1 0 0
    outer loop
      vertex 105.5 -8.65842 19.5343
      vertex 105.5 -10.8072 19.3908
      vertex 105.5 -8.69627 19.4288
    endloop
  endfacet
  facet normal 1 0 0
    outer loop
      vertex 105.5 -9.37317 22.9896
      vertex 105.5 -8.92648 22.6888
      vertex 105.5 -8.98663 22.7559
    endloop
  endfacet
  facet normal 1 0 0
    outer loop
      vertex 105.5 -8.69627 19.4288
      vertex 105.5 -10.8072 19.3908
      vertex 105.5 -8.7401 19.3304
    endloop
  endfacet
  facet normal 1 0 0
    outer loop
      vertex 105.5 -9.37317 22.9896
      vertex 105.5 -8.98663 22.7559
      vertex 105.5 -9.05232 22.817
    endloop
  endfacet
  facet normal 1 0 0
    outer loop
      vertex 105.5 -8.7401 19.3304
      vertex 105.5 -10.8072 19.3908
      vertex 105.5 -8.78986 19.2392
    endloop
  endfacet
  facet normal 1 0 0
    outer loop
      vertex 105.5 -9.37317 22.9896
      vertex 105.5 -9.05232 22.817
      vertex 105.5 -9.12381 22.871
    endloop
  endfacet
  facet normal 1 0 0
    outer loop
      vertex 105.5 -9.37317 22.9896
      vertex 105.5 -9.12381 22.871
      vertex 105.5 -9.20111 22.9177
    endloop
  endfacet
  facet normal 1 0 0
    outer loop
      vertex 105.5 -8.78986 19.2392
      vertex 105.5 -10.8072 19.3908
      vertex 105.5 -8.8456 19.1552
    endloop
  endfacet
  facet normal 1 0 0
    outer loop
      vertex 105.5 -9.37317 22.9896
      vertex 105.5 -9.20111 22.9177
      vertex 105.5 -9.28424 22.9573
    endloop
  endfacet
  facet normal 1 0 0
    outer loop
      vertex 105.5 -8.8456 19.1552
      vertex 105.5 -10.8072 19.3908
      vertex 105.5 -8.90727 19.0784
    endloop
  endfacet
  facet normal 1 0 0
    outer loop
      vertex 105.5 -8.92648 22.6888
      vertex 105.5 -9.37317 22.9896
      vertex 105.5 -9.46793 23.0148
    endloop
  endfacet
  facet normal 1 0 0
    outer loop
      vertex 105.5 -8.90727 19.0784
      vertex 105.5 -10.8072 19.3908
      vertex 105.5 -8.97493 19.0088
    endloop
  endfacet
  facet normal 1 0 0
    outer loop
      vertex 105.5 -8.97493 19.0088
      vertex 105.5 -10.8072 19.3908
      vertex 105.5 -9.04742 18.9465
    endloop
  endfacet
  facet normal 1 0 0
    outer loop
      vertex 105.5 -8.87155 22.6168
      vertex 105.5 -9.46793 23.0148
      vertex 105.5 -9.56848 23.0328
    endloop
  endfacet
  facet normal 1 0 0
    outer loop
      vertex 105.5 -9.04742 18.9465
      vertex 105.5 -10.8072 19.3908
      vertex 105.5 -9.12373 18.8915
    endloop
  endfacet
  facet normal 1 0 0
    outer loop
      vertex 105.5 -8.7774 22.4582
      vertex 105.5 -9.56848 23.0328
      vertex 105.5 -9.67485 23.0435
    endloop
  endfacet
  facet normal 1 0 0
    outer loop
      vertex 105.5 -9.12373 18.8915
      vertex 105.5 -10.8072 19.3908
      vertex 105.5 -9.2038 18.8438
    endloop
  endfacet
  facet normal 1 0 0
    outer loop
      vertex 105.5 -9.78705 23.0471
      vertex 105.5 -8.73819 22.3716
      vertex 105.5 -9.67485 23.0435
    endloop
  endfacet
  facet normal 1 0 0
    outer loop
      vertex 105.5 -9.2038 18.8438
      vertex 105.5 -10.8072 19.3908
      vertex 105.5 -9.28764 18.8035
    endloop
  endfacet
  facet normal 1 0 0
    outer loop
      vertex 105.5 -8.70419 22.2801
      vertex 105.5 -9.78705 23.0471
      vertex 105.5 -10.8118 22.3881
    endloop
  endfacet
  facet normal 1 0 0
    outer loop
      vertex 105.5 -9.28764 18.8035
      vertex 105.5 -10.8072 19.3908
      vertex 105.5 -9.37526 18.7705
    endloop
  endfacet
  facet normal 1 0 0
    outer loop
      vertex 105.5 -10.6699 22.6254
      vertex 105.5 -9.78705 23.0471
      vertex 105.5 -10.0551 23.0208
    endloop
  endfacet
  facet normal 1 0 0
    outer loop
      vertex 105.5 -9.37526 18.7705
      vertex 105.5 -10.8072 19.3908
      vertex 105.5 -9.46666 18.7448
    endloop
  endfacet
  facet normal 1 0 0
    outer loop
      vertex 105.5 -10.6699 22.6254
      vertex 105.5 -10.0551 23.0208
      vertex 105.5 -10.2915 22.9417
    endloop
  endfacet
  facet normal 1 0 0
    outer loop
      vertex 105.5 -9.46666 18.7448
      vertex 105.5 -10.8072 19.3908
      vertex 105.5 -9.56183 18.7265
    endloop
  endfacet
  facet normal 1 0 0
    outer loop
      vertex 105.5 -10.6699 22.6254
      vertex 105.5 -10.2915 22.9417
      vertex 105.5 -10.4965 22.8099
    endloop
  endfacet
  facet normal 1 0 0
    outer loop
      vertex 105.5 -9.56183 18.7265
      vertex 105.5 -10.8072 19.3908
      vertex 105.5 -9.6608 18.7155
    endloop
  endfacet
  facet normal 1 0 0
    outer loop
      vertex 105.5 -9.78705 23.0471
      vertex 105.5 -10.6699 22.6254
      vertex 105.5 -10.8118 22.3881
    endloop
  endfacet
  facet normal 1 0 0
    outer loop
      vertex 105.5 -9.6608 18.7155
      vertex 105.5 -10.8072 19.3908
      vertex 105.5 -9.76353 18.7118
    endloop
  endfacet
  facet normal 1 0 0
    outer loop
      vertex 105.5 -8.6519 22.0826
      vertex 105.5 -10.8118 22.3881
      vertex 105.5 -10.9222 22.0981
    endloop
  endfacet
  facet normal 1 -0 -0
    outer loop
      vertex 105.5 -10.6627 19.1464
      vertex 105.5 -9.76353 18.7118
      vertex 105.5 -10.8072 19.3908
    endloop
  endfacet
  facet normal 1 0 0
    outer loop
      vertex 105.5 -8.63359 21.9765
      vertex 105.5 -10.9222 22.0981
      vertex 105.5 -11.001 21.7554
    endloop
  endfacet
  facet normal 1 0 0
    outer loop
      vertex 105.5 -9.76353 18.7118
      vertex 105.5 -10.6627 19.1464
      vertex 105.5 -10.0365 18.739
    endloop
  endfacet
  facet normal 1 0 0
    outer loop
      vertex 105.5 -8.63359 21.9765
      vertex 105.5 -11.001 21.7554
      vertex 105.5 -11.0483 21.36
    endloop
  endfacet
  facet normal 1 0 0
    outer loop
      vertex 105.5 -10.2773 18.8204
      vertex 105.5 -10.6627 19.1464
      vertex 105.5 -10.4861 18.9563
    endloop
  endfacet
  facet normal 1 0 0
    outer loop
      vertex 105.5 -8.63359 21.9765
      vertex 105.5 -11.0483 21.36
      vertex 105.5 -11.0641 20.9118
    endloop
  endfacet
  facet normal 1 0 0
    outer loop
      vertex 105.5 -10.0365 18.739
      vertex 105.5 -10.6627 19.1464
      vertex 105.5 -10.2773 18.8204
    endloop
  endfacet
  facet normal 1 0 0
    outer loop
      vertex 105.5 -4.4984 21.7581
      vertex 105.5 -2.04811 21.7665
      vertex 105.5 -2.06882 21.9235
    endloop
  endfacet
  facet normal 1 0 0
    outer loop
      vertex 105.5 -4.48346 21.9082
      vertex 105.5 -2.06882 21.9235
      vertex 105.5 -2.09636 22.071
    endloop
  endfacet
  facet normal 1 0 0
    outer loop
      vertex 105.5 -4.46118 22.0504
      vertex 105.5 -2.09636 22.071
      vertex 105.5 -2.13074 22.2089
    endloop
  endfacet
  facet normal 1 0 0
    outer loop
      vertex 105.5 -4.43158 22.1845
      vertex 105.5 -2.13074 22.2089
      vertex 105.5 -2.17194 22.3373
    endloop
  endfacet
  facet normal 1 0 0
    outer loop
      vertex 105.5 -4.39462 22.3106
      vertex 105.5 -2.17194 22.3373
      vertex 105.5 -2.21997 22.4563
    endloop
  endfacet
  facet normal 1 0 0
    outer loop
      vertex 105.5 -3.27602 23.1413
      vertex 105.5 -2.21997 22.4563
      vertex 105.5 -2.27483 22.5657
    endloop
  endfacet
  facet normal 1 0 0
    outer loop
      vertex 105.5 -3.15715 23.1365
      vertex 105.5 -2.27483 22.5657
      vertex 105.5 -2.33653 22.6656
    endloop
  endfacet
  facet normal 1 0 0
    outer loop
      vertex 105.5 -3.15715 23.1365
      vertex 105.5 -2.33653 22.6656
      vertex 105.5 -2.40504 22.7559
    endloop
  endfacet
  facet normal 1 0 0
    outer loop
      vertex 105.5 -3.04379 23.1222
      vertex 105.5 -2.40504 22.7559
      vertex 105.5 -2.47972 22.8368
    endloop
  endfacet
  facet normal 1 0 0
    outer loop
      vertex 105.5 -3.04379 23.1222
      vertex 105.5 -2.47972 22.8368
      vertex 105.5 -2.55992 22.9082
    endloop
  endfacet
  facet normal 1 0 0
    outer loop
      vertex 105.5 -3.04379 23.1222
      vertex 105.5 -2.55992 22.9082
      vertex 105.5 -2.64566 22.97
    endloop
  endfacet
  facet normal 1 0 0
    outer loop
      vertex 105.5 -3.04379 23.1222
      vertex 105.5 -2.64566 22.97
      vertex 105.5 -2.73691 23.0223
    endloop
  endfacet
  facet normal 1 0 0
    outer loop
      vertex 105.5 -2.93597 23.0984
      vertex 105.5 -2.73691 23.0223
      vertex 105.5 -2.83368 23.0652
    endloop
  endfacet
  facet normal 1 0 0
    outer loop
      vertex 105.5 -3.04379 23.1222
      vertex 105.5 -2.73691 23.0223
      vertex 105.5 -2.93597 23.0984
    endloop
  endfacet
  facet normal 1 0 0
    outer loop
      vertex 105.5 -2.40504 22.7559
      vertex 105.5 -3.04379 23.1222
      vertex 105.5 -3.15715 23.1365
    endloop
  endfacet
  facet normal 1 0 0
    outer loop
      vertex 105.5 -2.27483 22.5657
      vertex 105.5 -3.15715 23.1365
      vertex 105.5 -3.27602 23.1413
    endloop
  endfacet
  facet normal 1 0 0
    outer loop
      vertex 105.5 -2.21997 22.4563
      vertex 105.5 -3.27602 23.1413
      vertex 105.5 -4.35034 22.4288
    endloop
  endfacet
  facet normal 1 0 0
    outer loop
      vertex 105.5 -4.35034 22.4288
      vertex 105.5 -3.27602 23.1413
      vertex 105.5 -3.40216 23.1363
    endloop
  endfacet
  facet normal 1 0 0
    outer loop
      vertex 105.5 -4.29871 22.5389
      vertex 105.5 -3.40216 23.1363
      vertex 105.5 -3.52171 23.1212
    endloop
  endfacet
  facet normal 1 0 0
    outer loop
      vertex 105.5 -4.23975 22.6411
      vertex 105.5 -3.52171 23.1212
      vertex 105.5 -3.63464 23.0961
    endloop
  endfacet
  facet normal 1 0 0
    outer loop
      vertex 105.5 -4.17345 22.7353
      vertex 105.5 -3.63464 23.0961
      vertex 105.5 -3.74098 23.0611
    endloop
  endfacet
  facet normal 1 0 0
    outer loop
      vertex 105.5 -4.17345 22.7353
      vertex 105.5 -3.74098 23.0611
      vertex 105.5 -3.8407 23.016
    endloop
  endfacet
  facet normal 1 0 0
    outer loop
      vertex 105.5 -4.17345 22.7353
      vertex 105.5 -3.8407 23.016
      vertex 105.5 -3.93381 22.9608
    endloop
  endfacet
  facet normal 1 0 0
    outer loop
      vertex 105.5 -4.17345 22.7353
      vertex 105.5 -3.93381 22.9608
      vertex 105.5 -4.02029 22.8957
    endloop
  endfacet
  facet normal 1 0 0
    outer loop
      vertex 105.5 -4.17345 22.7353
      vertex 105.5 -4.02029 22.8957
      vertex 105.5 -4.10017 22.8205
    endloop
  endfacet
  facet normal 1 0 0
    outer loop
      vertex 105.5 -3.63464 23.0961
      vertex 105.5 -4.17345 22.7353
      vertex 105.5 -4.23975 22.6411
    endloop
  endfacet
  facet normal 1 0 0
    outer loop
      vertex 105.5 -3.52171 23.1212
      vertex 105.5 -4.23975 22.6411
      vertex 105.5 -4.29871 22.5389
    endloop
  endfacet
  facet normal 1 0 0
    outer loop
      vertex 105.5 -3.40216 23.1363
      vertex 105.5 -4.29871 22.5389
      vertex 105.5 -4.35034 22.4288
    endloop
  endfacet
  facet normal 1 0 0
    outer loop
      vertex 105.5 -2.21997 22.4563
      vertex 105.5 -4.35034 22.4288
      vertex 105.5 -4.39462 22.3106
    endloop
  endfacet
  facet normal 1 0 0
    outer loop
      vertex 105.5 -2.17194 22.3373
      vertex 105.5 -4.39462 22.3106
      vertex 105.5 -4.43158 22.1845
    endloop
  endfacet
  facet normal 1 0 0
    outer loop
      vertex 105.5 -2.13074 22.2089
      vertex 105.5 -4.43158 22.1845
      vertex 105.5 -4.46118 22.0504
    endloop
  endfacet
  facet normal 1 0 0
    outer loop
      vertex 105.5 -2.09636 22.071
      vertex 105.5 -4.46118 22.0504
      vertex 105.5 -4.48346 21.9082
    endloop
  endfacet
  facet normal 1 0 0
    outer loop
      vertex 105.5 -2.06882 21.9235
      vertex 105.5 -4.48346 21.9082
      vertex 105.5 -4.4984 21.7581
    endloop
  endfacet
  facet normal 1 0 0
    outer loop
      vertex 105.5 -4.50601 21.6001
      vertex 105.5 -2.04811 21.7665
      vertex 105.5 -4.4984 21.7581
    endloop
  endfacet
  facet normal 1 0 0
    outer loop
      vertex 105.5 -2.04811 21.7665
      vertex 105.5 -4.50601 21.6001
      vertex 105.5 -2.03423 21.6001
    endloop
  endfacet
  facet normal -0.243435 -0.969917 0
    outer loop
      vertex 74.0678 -15.9655 5.99
      vertex 74.1439 -15.9846 35.4
      vertex 74.0678 -15.9655 35.4
    endloop
  endfacet
  facet normal -0.243435 -0.969917 -0
    outer loop
      vertex 74.1439 -15.9846 35.4
      vertex 74.0678 -15.9655 5.99
      vertex 74.1439 -15.9846 5.99
    endloop
  endfacet
  facet normal -0.970217 0.242236 0
    outer loop
      vertex 73.5154 15.3561 5.99
      vertex 73.5344 15.4322 35.4
      vertex 73.5344 15.4322 5.99
    endloop
  endfacet
  facet normal -0.970217 0.242236 0
    outer loop
      vertex 73.5344 15.4322 35.4
      vertex 73.5154 15.3561 5.99
      vertex 73.5154 15.3561 35.4
    endloop
  endfacet
  facet normal 0.990127 0.140172 0
    outer loop
      vertex 105.496 15.2784 35.4
      vertex 105.485 15.3561 5.99
      vertex 105.485 15.3561 35.4
    endloop
  endfacet
  facet normal 0.990127 0.140172 0
    outer loop
      vertex 105.485 15.3561 5.99
      vertex 105.496 15.2784 35.4
      vertex 105.496 15.2784 5.99
    endloop
  endfacet
  facet normal 0.296559 0.635484 0.712891
    outer loop
      vertex 105.077 15.9055 35.4
      vertex 104.776 15.3841 35.99
      vertex 104.794 15.3757 35.99
    endloop
  endfacet
  facet normal 0 0 -1
    outer loop
      vertex 104.7 -16 5.99
      vertex 105.5 -15.2 5.99
      vertex 105.496 -15.2784 5.99
    endloop
  endfacet
  facet normal -0 0 -1
    outer loop
      vertex 105.5 -15.2 5.99
      vertex 104.7 -16 5.99
      vertex 105.5 15.2 5.99
    endloop
  endfacet
  facet normal 0 0 -1
    outer loop
      vertex 104.7 -16 5.99
      vertex 105.496 -15.2784 5.99
      vertex 105.485 -15.3561 5.99
    endloop
  endfacet
  facet normal 0 0 -1
    outer loop
      vertex 104.7 16 5.99
      vertex 105.5 15.2 5.99
      vertex 104.7 -16 5.99
    endloop
  endfacet
  facet normal 0 0 -1
    outer loop
      vertex 104.7 -16 5.99
      vertex 105.485 -15.3561 5.99
      vertex 105.466 -15.4322 5.99
    endloop
  endfacet
  facet normal 0 0 -1
    outer loop
      vertex 105.5 15.2 5.99
      vertex 104.7 16 5.99
      vertex 105.496 15.2784 5.99
    endloop
  endfacet
  facet normal 0 0 -1
    outer loop
      vertex 104.7 -16 5.99
      vertex 105.466 -15.4322 5.99
      vertex 105.439 -15.5061 5.99
    endloop
  endfacet
  facet normal 0 0 -1
    outer loop
      vertex 105.496 15.2784 5.99
      vertex 104.7 16 5.99
      vertex 105.485 15.3561 5.99
    endloop
  endfacet
  facet normal 0 0 -1
    outer loop
      vertex 104.7 -16 5.99
      vertex 105.439 -15.5061 5.99
      vertex 105.406 -15.5771 5.99
    endloop
  endfacet
  facet normal 0 0 -1
    outer loop
      vertex 105.485 15.3561 5.99
      vertex 104.7 16 5.99
      vertex 105.466 15.4322 5.99
    endloop
  endfacet
  facet normal 0 0 -1
    outer loop
      vertex 104.7 -16 5.99
      vertex 105.406 -15.5771 5.99
      vertex 105.365 -15.6445 5.99
    endloop
  endfacet
  facet normal 0 0 -1
    outer loop
      vertex 105.466 15.4322 5.99
      vertex 104.7 16 5.99
      vertex 105.439 15.5061 5.99
    endloop
  endfacet
  facet normal 0 0 -1
    outer loop
      vertex 104.7 -16 5.99
      vertex 105.365 -15.6445 5.99
      vertex 105.318 -15.7075 5.99
    endloop
  endfacet
  facet normal 0 0 -1
    outer loop
      vertex 105.439 15.5061 5.99
      vertex 104.7 16 5.99
      vertex 105.406 15.5771 5.99
    endloop
  endfacet
  facet normal 0 0 -1
    outer loop
      vertex 104.7 -16 5.99
      vertex 105.318 -15.7075 5.99
      vertex 105.266 -15.7657 5.99
    endloop
  endfacet
  facet normal 0 0 -1
    outer loop
      vertex 105.406 15.5771 5.99
      vertex 104.7 16 5.99
      vertex 105.365 15.6445 5.99
    endloop
  endfacet
  facet normal 0 0 -1
    outer loop
      vertex 104.7 -16 5.99
      vertex 105.266 -15.7657 5.99
      vertex 105.208 -15.8184 5.99
    endloop
  endfacet
  facet normal 0 0 -1
    outer loop
      vertex 105.365 15.6445 5.99
      vertex 104.7 16 5.99
      vertex 105.318 15.7075 5.99
    endloop
  endfacet
  facet normal 0 0 -1
    outer loop
      vertex 104.7 -16 5.99
      vertex 105.208 -15.8184 5.99
      vertex 105.144 -15.8652 5.99
    endloop
  endfacet
  facet normal 0 0 -1
    outer loop
      vertex 105.318 15.7075 5.99
      vertex 104.7 16 5.99
      vertex 105.266 15.7657 5.99
    endloop
  endfacet
  facet normal 0 0 -1
    outer loop
      vertex 104.7 -16 5.99
      vertex 105.144 -15.8652 5.99
      vertex 105.077 -15.9055 5.99
    endloop
  endfacet
  facet normal 0 0 -1
    outer loop
      vertex 105.266 15.7657 5.99
      vertex 104.7 16 5.99
      vertex 105.208 15.8184 5.99
    endloop
  endfacet
  facet normal 0 0 -1
    outer loop
      vertex 104.7 -16 5.99
      vertex 105.077 -15.9055 5.99
      vertex 105.006 -15.9391 5.99
    endloop
  endfacet
  facet normal 0 0 -1
    outer loop
      vertex 105.208 15.8184 5.99
      vertex 104.7 16 5.99
      vertex 105.144 15.8652 5.99
    endloop
  endfacet
  facet normal 0 0 -1
    outer loop
      vertex 104.7 -16 5.99
      vertex 105.006 -15.9391 5.99
      vertex 104.932 -15.9655 5.99
    endloop
  endfacet
  facet normal 0 0 -1
    outer loop
      vertex 105.144 15.8652 5.99
      vertex 104.7 16 5.99
      vertex 105.077 15.9055 5.99
    endloop
  endfacet
  facet normal 0 0 -1
    outer loop
      vertex 104.7 -16 5.99
      vertex 104.932 -15.9655 5.99
      vertex 104.856 -15.9846 5.99
    endloop
  endfacet
  facet normal 0 0 -1
    outer loop
      vertex 105.077 15.9055 5.99
      vertex 104.7 16 5.99
      vertex 105.006 15.9391 5.99
    endloop
  endfacet
  facet normal 0 0 -1
    outer loop
      vertex 104.7 -16 5.99
      vertex 104.856 -15.9846 5.99
      vertex 104.778 -15.9961 5.99
    endloop
  endfacet
  facet normal 0 0 -1
    outer loop
      vertex 105.006 15.9391 5.99
      vertex 104.7 16 5.99
      vertex 104.932 15.9655 5.99
    endloop
  endfacet
  facet normal 0 0 -1
    outer loop
      vertex 104.932 15.9655 5.99
      vertex 104.7 16 5.99
      vertex 104.856 15.9846 5.99
    endloop
  endfacet
  facet normal 0 0 -1
    outer loop
      vertex 104.856 15.9846 5.99
      vertex 104.7 16 5.99
      vertex 104.778 15.9961 5.99
    endloop
  endfacet
  facet normal 0 0 -1
    outer loop
      vertex 74.3 -16 5.99
      vertex 104.7 16 5.99
      vertex 104.7 -16 5.99
    endloop
  endfacet
  facet normal 0 0 -1
    outer loop
      vertex 74.3 -16 5.99
      vertex 74.3 16 5.99
      vertex 104.7 16 5.99
    endloop
  endfacet
  facet normal 0 0 -1
    outer loop
      vertex 73.5 -15.2 5.99
      vertex 74.3 -16 5.99
      vertex 74.2216 -15.9961 5.99
    endloop
  endfacet
  facet normal 0 0 -1
    outer loop
      vertex 74.3 -16 5.99
      vertex 73.5 -15.2 5.99
      vertex 74.3 16 5.99
    endloop
  endfacet
  facet normal 0 0 -1
    outer loop
      vertex 73.5 -15.2 5.99
      vertex 74.2216 -15.9961 5.99
      vertex 74.1439 -15.9846 5.99
    endloop
  endfacet
  facet normal 0 0 -1
    outer loop
      vertex 73.5 15.2 5.99
      vertex 74.3 16 5.99
      vertex 73.5 -15.2 5.99
    endloop
  endfacet
  facet normal 0 0 -1
    outer loop
      vertex 73.5 -15.2 5.99
      vertex 74.1439 -15.9846 5.99
      vertex 74.0678 -15.9655 5.99
    endloop
  endfacet
  facet normal 0 0 -1
    outer loop
      vertex 74.3 16 5.99
      vertex 73.5 15.2 5.99
      vertex 74.2216 15.9961 5.99
    endloop
  endfacet
  facet normal 0 0 -1
    outer loop
      vertex 73.5 -15.2 5.99
      vertex 74.0678 -15.9655 5.99
      vertex 73.9939 -15.9391 5.99
    endloop
  endfacet
  facet normal 0 0 -1
    outer loop
      vertex 74.2216 15.9961 5.99
      vertex 73.5 15.2 5.99
      vertex 74.1439 15.9846 5.99
    endloop
  endfacet
  facet normal 0 0 -1
    outer loop
      vertex 73.5 -15.2 5.99
      vertex 73.9939 -15.9391 5.99
      vertex 73.9229 -15.9055 5.99
    endloop
  endfacet
  facet normal 0 0 -1
    outer loop
      vertex 74.1439 15.9846 5.99
      vertex 73.5 15.2 5.99
      vertex 74.0678 15.9655 5.99
    endloop
  endfacet
  facet normal 0 0 -1
    outer loop
      vertex 73.5 -15.2 5.99
      vertex 73.9229 -15.9055 5.99
      vertex 73.8555 -15.8652 5.99
    endloop
  endfacet
  facet normal 0 0 -1
    outer loop
      vertex 74.0678 15.9655 5.99
      vertex 73.5 15.2 5.99
      vertex 73.9939 15.9391 5.99
    endloop
  endfacet
  facet normal 0 0 -1
    outer loop
      vertex 73.5 -15.2 5.99
      vertex 73.8555 -15.8652 5.99
      vertex 73.7925 -15.8184 5.99
    endloop
  endfacet
  facet normal 0 0 -1
    outer loop
      vertex 73.9939 15.9391 5.99
      vertex 73.5 15.2 5.99
      vertex 73.9229 15.9055 5.99
    endloop
  endfacet
  facet normal 0 0 -1
    outer loop
      vertex 73.5 -15.2 5.99
      vertex 73.7925 -15.8184 5.99
      vertex 73.7343 -15.7657 5.99
    endloop
  endfacet
  facet normal 0 0 -1
    outer loop
      vertex 73.9229 15.9055 5.99
      vertex 73.5 15.2 5.99
      vertex 73.8555 15.8652 5.99
    endloop
  endfacet
  facet normal 0 0 -1
    outer loop
      vertex 73.5 -15.2 5.99
      vertex 73.7343 -15.7657 5.99
      vertex 73.6816 -15.7075 5.99
    endloop
  endfacet
  facet normal 0 0 -1
    outer loop
      vertex 73.8555 15.8652 5.99
      vertex 73.5 15.2 5.99
      vertex 73.7925 15.8184 5.99
    endloop
  endfacet
  facet normal 0 0 -1
    outer loop
      vertex 73.5 -15.2 5.99
      vertex 73.6816 -15.7075 5.99
      vertex 73.6348 -15.6445 5.99
    endloop
  endfacet
  facet normal 0 0 -1
    outer loop
      vertex 73.7925 15.8184 5.99
      vertex 73.5 15.2 5.99
      vertex 73.7343 15.7657 5.99
    endloop
  endfacet
  facet normal 0 0 -1
    outer loop
      vertex 73.5 -15.2 5.99
      vertex 73.6348 -15.6445 5.99
      vertex 73.5945 -15.5771 5.99
    endloop
  endfacet
  facet normal 0 0 -1
    outer loop
      vertex 73.7343 15.7657 5.99
      vertex 73.5 15.2 5.99
      vertex 73.6816 15.7075 5.99
    endloop
  endfacet
  facet normal 0 0 -1
    outer loop
      vertex 73.5 -15.2 5.99
      vertex 73.5945 -15.5771 5.99
      vertex 73.5609 -15.5061 5.99
    endloop
  endfacet
  facet normal 0 0 -1
    outer loop
      vertex 73.6816 15.7075 5.99
      vertex 73.5 15.2 5.99
      vertex 73.6348 15.6445 5.99
    endloop
  endfacet
  facet normal 0 0 -1
    outer loop
      vertex 73.5 -15.2 5.99
      vertex 73.5609 -15.5061 5.99
      vertex 73.5344 -15.4322 5.99
    endloop
  endfacet
  facet normal 0 0 -1
    outer loop
      vertex 73.6348 15.6445 5.99
      vertex 73.5 15.2 5.99
      vertex 73.5945 15.5771 5.99
    endloop
  endfacet
  facet normal 0 0 -1
    outer loop
      vertex 73.5 -15.2 5.99
      vertex 73.5344 -15.4322 5.99
      vertex 73.5154 -15.3561 5.99
    endloop
  endfacet
  facet normal 0 0 -1
    outer loop
      vertex 73.5945 15.5771 5.99
      vertex 73.5 15.2 5.99
      vertex 73.5609 15.5061 5.99
    endloop
  endfacet
  facet normal 0 0 -1
    outer loop
      vertex 73.5 -15.2 5.99
      vertex 73.5154 -15.3561 5.99
      vertex 73.5038 -15.2784 5.99
    endloop
  endfacet
  facet normal 0 0 -1
    outer loop
      vertex 73.5609 15.5061 5.99
      vertex 73.5 15.2 5.99
      vertex 73.5344 15.4322 5.99
    endloop
  endfacet
  facet normal 0 0 -1
    outer loop
      vertex 73.5344 15.4322 5.99
      vertex 73.5 15.2 5.99
      vertex 73.5154 15.3561 5.99
    endloop
  endfacet
  facet normal 0 0 -1
    outer loop
      vertex 73.5154 15.3561 5.99
      vertex 73.5 15.2 5.99
      vertex 73.5038 15.2784 5.99
    endloop
  endfacet
  facet normal 0.801524 -0.597962 0
    outer loop
      vertex 105.318 -15.7075 35.4
      vertex 105.365 -15.6445 5.99
      vertex 105.365 -15.6445 35.4
    endloop
  endfacet
  facet normal 0.801524 -0.597962 0
    outer loop
      vertex 105.365 -15.6445 5.99
      vertex 105.318 -15.7075 35.4
      vertex 105.318 -15.7075 5.99
    endloop
  endfacet
  facet normal 0.854345 0.519706 0
    outer loop
      vertex 105.406 15.5771 35.4
      vertex 105.365 15.6445 5.99
      vertex 105.365 15.6445 35.4
    endloop
  endfacet
  facet normal 0.854345 0.519706 0
    outer loop
      vertex 105.365 15.6445 5.99
      vertex 105.406 15.5771 35.4
      vertex 105.406 15.5771 5.99
    endloop
  endfacet
  facet normal 0.970217 0.242236 0
    outer loop
      vertex 105.485 15.3561 35.4
      vertex 105.466 15.4322 5.99
      vertex 105.466 15.4322 35.4
    endloop
  endfacet
  facet normal 0.970217 0.242236 0
    outer loop
      vertex 105.466 15.4322 5.99
      vertex 105.485 15.3561 35.4
      vertex 105.485 15.3561 5.99
    endloop
  endfacet
  facet normal 0 -0.70114 0.713024
    outer loop
      vertex 74.3146 -15.4 35.99
      vertex 104.7 -16 35.4
      vertex 104.685 -15.4 35.99
    endloop
  endfacet
  facet normal 0 -0.70114 0.713024
    outer loop
      vertex 104.7 -16 35.4
      vertex 74.3146 -15.4 35.99
      vertex 74.3 -16 35.4
    endloop
  endfacet
  facet normal -0.471955 0.518435 0.713081
    outer loop
      vertex 74.1736 15.3541 35.99
      vertex 73.7343 15.7657 35.4
      vertex 74.1591 15.3409 35.99
    endloop
  endfacet
  facet normal -0.601768 0.359811 0.71303
    outer loop
      vertex 73.6348 15.6445 35.4
      vertex 73.5945 15.5771 35.4
      vertex 74.1343 15.3107 35.99
    endloop
  endfacet
  facet normal 0 -1 0
    outer loop
      vertex 87.4128 -16 19.4471
      vertex 84.9823 -16 20.5648
      vertex 84.9865 -16 20.3638
    endloop
  endfacet
  facet normal 0 -1 0
    outer loop
      vertex 80.7618 -16 22.3716
      vertex 79.8251 -16 23.0435
      vertex 79.713 -16 23.0471
    endloop
  endfacet
  facet normal 0 -1 0
    outer loop
      vertex 78.8301 -16 22.6254
      vertex 79.713 -16 23.0471
      vertex 79.4449 -16 23.0208
    endloop
  endfacet
  facet normal 0 -1 0
    outer loop
      vertex 79.8251 -16 23.0435
      vertex 80.7618 -16 22.3716
      vertex 79.9315 -16 23.0328
    endloop
  endfacet
  facet normal -0 -1 -0
    outer loop
      vertex 80.7226 -16 22.4582
      vertex 79.9315 -16 23.0328
      vertex 80.7618 -16 22.3716
    endloop
  endfacet
  facet normal 0 -1 0
    outer loop
      vertex 79.9315 -16 23.0328
      vertex 80.6781 -16 22.5399
      vertex 80.0321 -16 23.0148
    endloop
  endfacet
  facet normal 0 -1 0
    outer loop
      vertex 78.8301 -16 22.6254
      vertex 79.4449 -16 23.0208
      vertex 79.2085 -16 22.9417
    endloop
  endfacet
  facet normal -0 -1 -0
    outer loop
      vertex 80.6284 -16 22.6168
      vertex 80.0321 -16 23.0148
      vertex 80.6781 -16 22.5399
    endloop
  endfacet
  facet normal -0 -1 -0
    outer loop
      vertex 80.5735 -16 22.6888
      vertex 80.1268 -16 22.9896
      vertex 80.6284 -16 22.6168
    endloop
  endfacet
  facet normal 0 -1 0
    outer loop
      vertex 80.2989 -16 22.9177
      vertex 80.5735 -16 22.6888
      vertex 80.3762 -16 22.871
    endloop
  endfacet
  facet normal 0 -1 0
    outer loop
      vertex 78.8301 -16 22.6254
      vertex 79.2085 -16 22.9417
      vertex 79.0035 -16 22.8099
    endloop
  endfacet
  facet normal 0 -1 0
    outer loop
      vertex 80.3762 -16 22.871
      vertex 80.5134 -16 22.7559
      vertex 80.4477 -16 22.817
    endloop
  endfacet
  facet normal 0 -1 0
    outer loop
      vertex 80.3762 -16 22.871
      vertex 80.5735 -16 22.6888
      vertex 80.5134 -16 22.7559
    endloop
  endfacet
  facet normal 0 -1 0
    outer loop
      vertex 79.713 -16 23.0471
      vertex 78.8301 -16 22.6254
      vertex 78.6882 -16 22.3881
    endloop
  endfacet
  facet normal 0 -1 0
    outer loop
      vertex 80.2158 -16 22.9573
      vertex 80.5735 -16 22.6888
      vertex 80.2989 -16 22.9177
    endloop
  endfacet
  facet normal 0 -1 0
    outer loop
      vertex 80.1268 -16 22.9896
      vertex 80.5735 -16 22.6888
      vertex 80.2158 -16 22.9573
    endloop
  endfacet
  facet normal 0 -1 0
    outer loop
      vertex 80.0321 -16 23.0148
      vertex 80.6284 -16 22.6168
      vertex 80.1268 -16 22.9896
    endloop
  endfacet
  facet normal 0 -1 0
    outer loop
      vertex 80.7958 -16 22.2801
      vertex 79.713 -16 23.0471
      vertex 78.6882 -16 22.3881
    endloop
  endfacet
  facet normal -0 -1 -0
    outer loop
      vertex 80.6781 -16 22.5399
      vertex 79.9315 -16 23.0328
      vertex 80.7226 -16 22.4582
    endloop
  endfacet
  facet normal 0 -1 0
    outer loop
      vertex 79.713 -16 23.0471
      vertex 80.7958 -16 22.2801
      vertex 80.7618 -16 22.3716
    endloop
  endfacet
  facet normal 0 -1 0
    outer loop
      vertex 78.6882 -16 22.3881
      vertex 80.8246 -16 22.1838
      vertex 80.7958 -16 22.2801
    endloop
  endfacet
  facet normal 0 -1 0
    outer loop
      vertex 80.8481 -16 22.0826
      vertex 78.6882 -16 22.3881
      vertex 78.5778 -16 22.0981
    endloop
  endfacet
  facet normal 0 -1 0
    outer loop
      vertex 78.6882 -16 22.3881
      vertex 80.8481 -16 22.0826
      vertex 80.8246 -16 22.1838
    endloop
  endfacet
  facet normal 0 -1 0
    outer loop
      vertex 78.5778 -16 22.0981
      vertex 80.8664 -16 21.9765
      vertex 80.8481 -16 22.0826
    endloop
  endfacet
  facet normal 0 -1 0
    outer loop
      vertex 78.499 -16 21.7554
      vertex 80.8664 -16 21.9765
      vertex 78.5778 -16 22.0981
    endloop
  endfacet
  facet normal 0 -1 0
    outer loop
      vertex 78.4517 -16 21.36
      vertex 80.8664 -16 21.9765
      vertex 78.499 -16 21.7554
    endloop
  endfacet
  facet normal 0 -1 0
    outer loop
      vertex 82.579 -16 19.8177
      vertex 80.8664 -16 21.9765
      vertex 80.9194 -16 19.8941
    endloop
  endfacet
  facet normal 0 -1 0
    outer loop
      vertex 78.4359 -16 20.9118
      vertex 80.8664 -16 21.9765
      vertex 78.4517 -16 21.36
    endloop
  endfacet
  facet normal 0 -1 0
    outer loop
      vertex 80.8664 -16 21.9765
      vertex 83.2848 -16 21.5764
      vertex 83.3331 -16 21.8817
    endloop
  endfacet
  facet normal 0 -1 -0
    outer loop
      vertex 80.8664 -16 21.9765
      vertex 78.4359 -16 20.9118
      vertex 80.9194 -16 19.8941
    endloop
  endfacet
  facet normal 0 -1 0
    outer loop
      vertex 80.8664 -16 21.9765
      vertex 83.2558 -16 21.2531
      vertex 83.2848 -16 21.5764
    endloop
  endfacet
  facet normal 0 -1 0
    outer loop
      vertex 80.8664 -16 21.9765
      vertex 83.2462 -16 20.9118
      vertex 83.2558 -16 21.2531
    endloop
  endfacet
  facet normal 0 -1 0
    outer loop
      vertex 80.9194 -16 19.8941
      vertex 78.4359 -16 20.9118
      vertex 78.452 -16 20.4501
    endloop
  endfacet
  facet normal 0 -1 0
    outer loop
      vertex 80.8664 -16 21.9765
      vertex 82.579 -16 19.8177
      vertex 83.2462 -16 20.9118
    endloop
  endfacet
  facet normal 0 -1 0
    outer loop
      vertex 80.9194 -16 19.8941
      vertex 78.452 -16 20.4501
      vertex 78.5002 -16 20.0427
    endloop
  endfacet
  facet normal 0 -1 -0
    outer loop
      vertex 83.2462 -16 20.9118
      vertex 82.579 -16 19.8177
      vertex 83.2557 -16 20.5594
    endloop
  endfacet
  facet normal 0 -1 -0
    outer loop
      vertex 83.2557 -16 20.5594
      vertex 82.579 -16 19.8177
      vertex 83.2842 -16 20.2261
    endloop
  endfacet
  facet normal 0 -1 0
    outer loop
      vertex 78.5804 -16 19.6896
      vertex 80.9194 -16 19.8941
      vertex 78.5002 -16 20.0427
    endloop
  endfacet
  facet normal 0 -1 0
    outer loop
      vertex 80.9194 -16 19.8941
      vertex 78.5804 -16 19.6896
      vertex 80.8994 -16 19.767
    endloop
  endfacet
  facet normal 0 -1 0
    outer loop
      vertex 78.5804 -16 19.6896
      vertex 80.8735 -16 19.6471
      vertex 80.8994 -16 19.767
    endloop
  endfacet
  facet normal 0 -1 0
    outer loop
      vertex 78.6928 -16 19.3908
      vertex 80.8735 -16 19.6471
      vertex 78.5804 -16 19.6896
    endloop
  endfacet
  facet normal 0 -1 0
    outer loop
      vertex 80.8735 -16 19.6471
      vertex 78.6928 -16 19.3908
      vertex 80.8416 -16 19.5343
    endloop
  endfacet
  facet normal 0 -1 0
    outer loop
      vertex 80.8416 -16 19.5343
      vertex 78.6928 -16 19.3908
      vertex 80.8037 -16 19.4288
    endloop
  endfacet
  facet normal 0 -1 0
    outer loop
      vertex 79.8392 -16 18.7155
      vertex 80.8037 -16 19.4288
      vertex 78.6928 -16 19.3908
    endloop
  endfacet
  facet normal 0 -1 0
    outer loop
      vertex 80.8037 -16 19.4288
      vertex 79.8392 -16 18.7155
      vertex 80.7599 -16 19.3304
    endloop
  endfacet
  facet normal 0 -1 0
    outer loop
      vertex 80.7599 -16 19.3304
      vertex 79.8392 -16 18.7155
      vertex 80.7101 -16 19.2392
    endloop
  endfacet
  facet normal 0 -1 0
    outer loop
      vertex 79.7365 -16 18.7118
      vertex 78.6928 -16 19.3908
      vertex 78.8373 -16 19.1464
    endloop
  endfacet
  facet normal -0 -1 0
    outer loop
      vertex 79.9382 -16 18.7265
      vertex 80.7101 -16 19.2392
      vertex 79.8392 -16 18.7155
    endloop
  endfacet
  facet normal 0 -1 0
    outer loop
      vertex 80.7101 -16 19.2392
      vertex 79.9382 -16 18.7265
      vertex 80.6544 -16 19.1552
    endloop
  endfacet
  facet normal 0 -1 0
    outer loop
      vertex 79.4635 -16 18.739
      vertex 78.8373 -16 19.1464
      vertex 79.0139 -16 18.9563
    endloop
  endfacet
  facet normal 0 -1 0
    outer loop
      vertex 80.6544 -16 19.1552
      vertex 79.9382 -16 18.7265
      vertex 80.5927 -16 19.0784
    endloop
  endfacet
  facet normal 0 -1 0
    outer loop
      vertex 80.5927 -16 19.0784
      vertex 79.9382 -16 18.7265
      vertex 80.5251 -16 19.0088
    endloop
  endfacet
  facet normal 0 -1 0
    outer loop
      vertex 80.5251 -16 19.0088
      vertex 79.9382 -16 18.7265
      vertex 80.4526 -16 18.9465
    endloop
  endfacet
  facet normal 0 -1 0
    outer loop
      vertex 79.4635 -16 18.739
      vertex 79.0139 -16 18.9563
      vertex 79.2227 -16 18.8204
    endloop
  endfacet
  facet normal 0 -1 0
    outer loop
      vertex 80.4526 -16 18.9465
      vertex 79.9382 -16 18.7265
      vertex 80.3763 -16 18.8915
    endloop
  endfacet
  facet normal 0 -1 0
    outer loop
      vertex 80.3763 -16 18.8915
      vertex 79.9382 -16 18.7265
      vertex 80.2962 -16 18.8438
    endloop
  endfacet
  facet normal 0 -1 0
    outer loop
      vertex 80.2124 -16 18.8035
      vertex 80.0333 -16 18.7448
      vertex 80.1247 -16 18.7705
    endloop
  endfacet
  facet normal 0 -1 0
    outer loop
      vertex 78.8373 -16 19.1464
      vertex 79.4635 -16 18.739
      vertex 79.7365 -16 18.7118
    endloop
  endfacet
  facet normal 0 -1 0
    outer loop
      vertex 80.2124 -16 18.8035
      vertex 79.9382 -16 18.7265
      vertex 80.0333 -16 18.7448
    endloop
  endfacet
  facet normal 0 -1 0
    outer loop
      vertex 80.2962 -16 18.8438
      vertex 79.9382 -16 18.7265
      vertex 80.2124 -16 18.8035
    endloop
  endfacet
  facet normal 0 -1 0
    outer loop
      vertex 78.6928 -16 19.3908
      vertex 79.7365 -16 18.7118
      vertex 79.8392 -16 18.7155
    endloop
  endfacet
  facet normal 0 -1 0
    outer loop
      vertex 91.1167 -16 24.0648
      vertex 93.9935 -16 23.3066
      vertex 94.2416 -16 24.0648
    endloop
  endfacet
  facet normal 0 -1 0
    outer loop
      vertex 91.1167 -16 24.0648
      vertex 93.7699 -16 22.6219
      vertex 93.9935 -16 23.3066
    endloop
  endfacet
  facet normal 0 -1 0
    outer loop
      vertex 91.1167 -16 24.0648
      vertex 93.5707 -16 22.0105
      vertex 93.7699 -16 22.6219
    endloop
  endfacet
  facet normal 0 -1 0
    outer loop
      vertex 91.1167 -16 24.0648
      vertex 93.3959 -16 21.4724
      vertex 93.5707 -16 22.0105
    endloop
  endfacet
  facet normal 0 -1 0
    outer loop
      vertex 92.2289 -16 20.506
      vertex 93.3959 -16 21.4724
      vertex 91.1167 -16 24.0648
    endloop
  endfacet
  facet normal 0 -1 0
    outer loop
      vertex 93.3959 -16 21.4724
      vertex 92.2289 -16 20.506
      vertex 93.2455 -16 21.0077
    endloop
  endfacet
  facet normal 0 -1 0
    outer loop
      vertex 93.2455 -16 21.0077
      vertex 92.2289 -16 20.506
      vertex 93.1195 -16 20.6163
    endloop
  endfacet
  facet normal 0 -1 0
    outer loop
      vertex 92.2515 -16 20.4297
      vertex 93.1195 -16 20.6163
      vertex 92.2289 -16 20.506
    endloop
  endfacet
  facet normal 0 -1 0
    outer loop
      vertex 93.0179 -16 20.2983
      vertex 92.2515 -16 20.4297
      vertex 92.28 -16 20.3316
    endloop
  endfacet
  facet normal 0 -1 0
    outer loop
      vertex 92.2515 -16 20.4297
      vertex 93.0179 -16 20.2983
      vertex 93.1195 -16 20.6163
    endloop
  endfacet
  facet normal 0 -1 0
    outer loop
      vertex 92.3146 -16 20.2118
      vertex 93.0179 -16 20.2983
      vertex 92.28 -16 20.3316
    endloop
  endfacet
  facet normal 0 -1 0
    outer loop
      vertex 92.9408 -16 20.0537
      vertex 92.3146 -16 20.2118
      vertex 92.3551 -16 20.0702
    endloop
  endfacet
  facet normal 0 -1 0
    outer loop
      vertex 92.3146 -16 20.2118
      vertex 92.9408 -16 20.0537
      vertex 93.0179 -16 20.2983
    endloop
  endfacet
  facet normal 0 -1 0
    outer loop
      vertex 92.4015 -16 19.9068
      vertex 92.9408 -16 20.0537
      vertex 92.3551 -16 20.0702
    endloop
  endfacet
  facet normal 0 -1 0
    outer loop
      vertex 92.4015 -16 19.9068
      vertex 92.888 -16 19.8823
      vertex 92.9408 -16 20.0537
    endloop
  endfacet
  facet normal 0 -1 0
    outer loop
      vertex 92.4015 -16 19.9068
      vertex 92.849 -16 19.7522
      vertex 92.888 -16 19.8823
    endloop
  endfacet
  facet normal 0 -1 0
    outer loop
      vertex 92.4539 -16 19.7216
      vertex 92.849 -16 19.7522
      vertex 92.4015 -16 19.9068
    endloop
  endfacet
  facet normal 0 -1 0
    outer loop
      vertex 92.4539 -16 19.7216
      vertex 92.813 -16 19.6311
      vertex 92.849 -16 19.7522
    endloop
  endfacet
  facet normal 0 -1 0
    outer loop
      vertex 92.5122 -16 19.5146
      vertex 92.813 -16 19.6311
      vertex 92.4539 -16 19.7216
    endloop
  endfacet
  facet normal 0 -1 0
    outer loop
      vertex 92.813 -16 19.6311
      vertex 92.5122 -16 19.5146
      vertex 92.7801 -16 19.519
    endloop
  endfacet
  facet normal 0 -1 0
    outer loop
      vertex 92.5122 -16 19.5146
      vertex 92.7503 -16 19.4158
      vertex 92.7801 -16 19.519
    endloop
  endfacet
  facet normal 0 -1 0
    outer loop
      vertex 92.5765 -16 19.2858
      vertex 92.7503 -16 19.4158
      vertex 92.5122 -16 19.5146
    endloop
  endfacet
  facet normal 0 -1 0
    outer loop
      vertex 92.7503 -16 19.4158
      vertex 92.5765 -16 19.2858
      vertex 92.7235 -16 19.3217
    endloop
  endfacet
  facet normal 0 -1 0
    outer loop
      vertex 92.5765 -16 19.2858
      vertex 92.6997 -16 19.2366
      vertex 92.7235 -16 19.3217
    endloop
  endfacet
  facet normal 0 -1 0
    outer loop
      vertex 92.5765 -16 19.2858
      vertex 92.679 -16 19.1605
      vertex 92.6997 -16 19.2366
    endloop
  endfacet
  facet normal 0 -1 0
    outer loop
      vertex 92.5765 -16 19.2858
      vertex 92.6613 -16 19.0934
      vertex 92.679 -16 19.1605
    endloop
  endfacet
  facet normal -0 -1 0
    outer loop
      vertex 92.6613 -16 19.0934
      vertex 92.5765 -16 19.2858
      vertex 92.6468 -16 19.0353
    endloop
  endfacet
  facet normal 0 -1 0
    outer loop
      vertex 87.3385 -16 24.0029
      vertex 89.3689 -16 24.0648
      vertex 87.0898 -16 24.0814
    endloop
  endfacet
  facet normal 0 -1 0
    outer loop
      vertex 87.5713 -16 23.9019
      vertex 89.3689 -16 24.0648
      vertex 87.3385 -16 24.0029
    endloop
  endfacet
  facet normal 0 -1 0
    outer loop
      vertex 87.7881 -16 23.7785
      vertex 89.3689 -16 24.0648
      vertex 87.5713 -16 23.9019
    endloop
  endfacet
  facet normal 0 -1 0
    outer loop
      vertex 87.989 -16 23.6326
      vertex 89.3689 -16 24.0648
      vertex 87.7881 -16 23.7785
    endloop
  endfacet
  facet normal 0 -1 0
    outer loop
      vertex 88.1738 -16 23.4643
      vertex 89.3689 -16 24.0648
      vertex 87.989 -16 23.6326
    endloop
  endfacet
  facet normal 0 -1 0
    outer loop
      vertex 88.3427 -16 23.2735
      vertex 89.3689 -16 24.0648
      vertex 88.1738 -16 23.4643
    endloop
  endfacet
  facet normal 0 -1 0
    outer loop
      vertex 88.4946 -16 23.0612
      vertex 89.3689 -16 24.0648
      vertex 88.3427 -16 23.2735
    endloop
  endfacet
  facet normal 0 -1 0
    outer loop
      vertex 88.6286 -16 22.8279
      vertex 89.3689 -16 24.0648
      vertex 88.4946 -16 23.0612
    endloop
  endfacet
  facet normal 0 -1 0
    outer loop
      vertex 88.7448 -16 22.5739
      vertex 89.3689 -16 24.0648
      vertex 88.6286 -16 22.8279
    endloop
  endfacet
  facet normal 0 -1 0
    outer loop
      vertex 88.8431 -16 22.299
      vertex 89.3689 -16 24.0648
      vertex 88.7448 -16 22.5739
    endloop
  endfacet
  facet normal 0 -1 0
    outer loop
      vertex 88.9235 -16 22.0032
      vertex 89.3689 -16 24.0648
      vertex 88.8431 -16 22.299
    endloop
  endfacet
  facet normal 0 -1 0
    outer loop
      vertex 88.9861 -16 21.6866
      vertex 89.3689 -16 24.0648
      vertex 88.9235 -16 22.0032
    endloop
  endfacet
  facet normal 0 -1 0
    outer loop
      vertex 89.0308 -16 21.3492
      vertex 89.3689 -16 24.0648
      vertex 88.9861 -16 21.6866
    endloop
  endfacet
  facet normal 0 -1 0
    outer loop
      vertex 91.6463 -16 17.7
      vertex 89.0308 -16 21.3492
      vertex 89.0576 -16 20.9909
    endloop
  endfacet
  facet normal 0 -1 0
    outer loop
      vertex 91.6463 -16 17.7
      vertex 89.0576 -16 20.9909
      vertex 89.0665 -16 20.6118
    endloop
  endfacet
  facet normal 0 -1 0
    outer loop
      vertex 91.6463 -16 17.7
      vertex 89.0665 -16 20.6118
      vertex 89.0665 -16 20.5648
    endloop
  endfacet
  facet normal 0 -1 0
    outer loop
      vertex 87.4128 -16 19.4471
      vertex 84.9865 -16 20.3638
      vertex 84.9993 -16 20.1742
    endloop
  endfacet
  facet normal 0 -1 0
    outer loop
      vertex 87.4128 -16 19.4471
      vertex 84.9993 -16 20.1742
      vertex 85.0205 -16 19.9958
    endloop
  endfacet
  facet normal 0 -1 0
    outer loop
      vertex 87.4128 -16 19.4471
      vertex 85.0205 -16 19.9958
      vertex 85.0503 -16 19.8286
    endloop
  endfacet
  facet normal 0 -1 0
    outer loop
      vertex 87.4128 -16 19.4471
      vertex 85.0503 -16 19.8286
      vertex 85.0885 -16 19.6727
    endloop
  endfacet
  facet normal 0 -1 0
    outer loop
      vertex 87.4128 -16 19.4471
      vertex 85.0885 -16 19.6727
      vertex 85.1353 -16 19.5281
    endloop
  endfacet
  facet normal 0 -1 0
    outer loop
      vertex 84.9823 -16 20.5648
      vertex 87.4128 -16 19.4471
      vertex 89.0665 -16 20.5648
    endloop
  endfacet
  facet normal 0 -1 0
    outer loop
      vertex 88.9724 -16 19.3118
      vertex 89.0665 -16 20.5648
      vertex 87.4128 -16 19.4471
    endloop
  endfacet
  facet normal 0 -1 0
    outer loop
      vertex 91.6463 -16 17.7
      vertex 89.0665 -16 20.5648
      vertex 88.9724 -16 19.3118
    endloop
  endfacet
  facet normal 0 -1 0
    outer loop
      vertex 89.0308 -16 21.3492
      vertex 91.6463 -16 17.7
      vertex 89.3689 -16 24.0648
    endloop
  endfacet
  facet normal 0 -1 0
    outer loop
      vertex 88.8047 -16 18.9489
      vertex 91.6463 -16 17.7
      vertex 88.9724 -16 19.3118
    endloop
  endfacet
  facet normal 0 -1 0
    outer loop
      vertex 88.6027 -16 18.6286
      vertex 91.6463 -16 17.7
      vertex 88.8047 -16 18.9489
    endloop
  endfacet
  facet normal 0 -1 0
    outer loop
      vertex 88.3662 -16 18.351
      vertex 91.6463 -16 17.7
      vertex 88.6027 -16 18.6286
    endloop
  endfacet
  facet normal 0 -1 0
    outer loop
      vertex 88.0952 -16 18.1161
      vertex 91.6463 -16 17.7
      vertex 88.3662 -16 18.351
    endloop
  endfacet
  facet normal 0 -1 0
    outer loop
      vertex 87.7899 -16 17.924
      vertex 91.6463 -16 17.7
      vertex 88.0952 -16 18.1161
    endloop
  endfacet
  facet normal 0 -1 0
    outer loop
      vertex 87.45 -16 17.7745
      vertex 91.6463 -16 17.7
      vertex 87.7899 -16 17.924
    endloop
  endfacet
  facet normal 0 -1 0
    outer loop
      vertex 104.7 -16 5.99
      vertex 93.6237 -16 17.7
      vertex 91.6463 -16 17.7
    endloop
  endfacet
  facet normal 0 -1 0
    outer loop
      vertex 93.6237 -16 17.7
      vertex 104.7 -16 5.99
      vertex 96.501 -16 17.7
    endloop
  endfacet
  facet normal 0 -1 0
    outer loop
      vertex 96.501 -16 17.7
      vertex 104.7 -16 5.99
      vertex 98.4937 -16 17.7
    endloop
  endfacet
  facet normal 0 -1 0
    outer loop
      vertex 98.4937 -16 17.7
      vertex 104.7 -16 5.99
      vertex 100.778 -16 17.7
    endloop
  endfacet
  facet normal 0 -1 0
    outer loop
      vertex 104.7 -16 5.99
      vertex 91.6463 -16 17.7
      vertex 87.0758 -16 17.6678
    endloop
  endfacet
  facet normal 0 -1 0
    outer loop
      vertex 87.0758 -16 17.6678
      vertex 91.6463 -16 17.7
      vertex 87.45 -16 17.7745
    endloop
  endfacet
  facet normal 0 -1 0
    outer loop
      vertex 80.2287 -16 24.1545
      vertex 74.3 -16 35.4
      vertex 79.9933 -16 24.1754
    endloop
  endfacet
  facet normal 0 -1 0
    outer loop
      vertex 74.3 -16 35.4
      vertex 85.9365 -16 24.1719
      vertex 86.2475 -16 24.1824
    endloop
  endfacet
  facet normal 0 -1 0
    outer loop
      vertex 80.4545 -16 24.1196
      vertex 74.3 -16 35.4
      vertex 80.2287 -16 24.1545
    endloop
  endfacet
  facet normal 0 -1 0
    outer loop
      vertex 74.3 -16 35.4
      vertex 85.6416 -16 24.1405
      vertex 85.9365 -16 24.1719
    endloop
  endfacet
  facet normal 0 -1 0
    outer loop
      vertex 80.6707 -16 24.0708
      vertex 74.3 -16 35.4
      vertex 80.4545 -16 24.1196
    endloop
  endfacet
  facet normal 0 -1 0
    outer loop
      vertex 74.3 -16 35.4
      vertex 85.3628 -16 24.0883
      vertex 85.6416 -16 24.1405
    endloop
  endfacet
  facet normal 0 -1 0
    outer loop
      vertex 74.3 -16 35.4
      vertex 80.6707 -16 24.0708
      vertex 85.3628 -16 24.0883
    endloop
  endfacet
  facet normal 0 -1 0
    outer loop
      vertex 80.6707 -16 24.0708
      vertex 85.1001 -16 24.0151
      vertex 85.3628 -16 24.0883
    endloop
  endfacet
  facet normal 0 -1 0
    outer loop
      vertex 80.8773 -16 24.0081
      vertex 85.1001 -16 24.0151
      vertex 80.6707 -16 24.0708
    endloop
  endfacet
  facet normal 0 -1 0
    outer loop
      vertex 81.0743 -16 23.9314
      vertex 85.1001 -16 24.0151
      vertex 80.8773 -16 24.0081
    endloop
  endfacet
  facet normal 0 -1 0
    outer loop
      vertex 81.0743 -16 23.9314
      vertex 84.8536 -16 23.9209
      vertex 85.1001 -16 24.0151
    endloop
  endfacet
  facet normal 0 -1 0
    outer loop
      vertex 81.2618 -16 23.8408
      vertex 84.8536 -16 23.9209
      vertex 81.0743 -16 23.9314
    endloop
  endfacet
  facet normal 0 -1 0
    outer loop
      vertex 81.2618 -16 23.8408
      vertex 84.6233 -16 23.8059
      vertex 84.8536 -16 23.9209
    endloop
  endfacet
  facet normal 0 -1 0
    outer loop
      vertex 81.4396 -16 23.7362
      vertex 84.6233 -16 23.8059
      vertex 81.2618 -16 23.8408
    endloop
  endfacet
  facet normal 0 -1 0
    outer loop
      vertex 81.4396 -16 23.7362
      vertex 84.409 -16 23.67
      vertex 84.6233 -16 23.8059
    endloop
  endfacet
  facet normal 0 -1 0
    outer loop
      vertex 81.6079 -16 23.6177
      vertex 84.409 -16 23.67
      vertex 81.4396 -16 23.7362
    endloop
  endfacet
  facet normal 0 -1 0
    outer loop
      vertex 81.6079 -16 23.6177
      vertex 84.2109 -16 23.5131
      vertex 84.409 -16 23.67
    endloop
  endfacet
  facet normal 0 -1 0
    outer loop
      vertex 81.7646 -16 23.4869
      vertex 84.2109 -16 23.5131
      vertex 81.6079 -16 23.6177
    endloop
  endfacet
  facet normal 0 -1 0
    outer loop
      vertex 84.0289 -16 23.3353
      vertex 81.7646 -16 23.4869
      vertex 81.9078 -16 23.3455
    endloop
  endfacet
  facet normal 0 -1 0
    outer loop
      vertex 81.7646 -16 23.4869
      vertex 84.0289 -16 23.3353
      vertex 84.2109 -16 23.5131
    endloop
  endfacet
  facet normal 0 -1 0
    outer loop
      vertex 82.0375 -16 23.1935
      vertex 84.0289 -16 23.3353
      vertex 81.9078 -16 23.3455
    endloop
  endfacet
  facet normal 0 -1 0
    outer loop
      vertex 82.0375 -16 23.1935
      vertex 83.8646 -16 23.1381
      vertex 84.0289 -16 23.3353
    endloop
  endfacet
  facet normal 0 -1 0
    outer loop
      vertex 82.1537 -16 23.0309
      vertex 83.8646 -16 23.1381
      vertex 82.0375 -16 23.1935
    endloop
  endfacet
  facet normal 0 -1 0
    outer loop
      vertex 82.1537 -16 23.0309
      vertex 83.7197 -16 22.9228
      vertex 83.8646 -16 23.1381
    endloop
  endfacet
  facet normal 0 -1 0
    outer loop
      vertex 82.2564 -16 22.8577
      vertex 83.7197 -16 22.9228
      vertex 82.1537 -16 23.0309
    endloop
  endfacet
  facet normal 0 -1 0
    outer loop
      vertex 82.2564 -16 22.8577
      vertex 83.594 -16 22.6896
      vertex 83.7197 -16 22.9228
    endloop
  endfacet
  facet normal 0 -1 0
    outer loop
      vertex 82.3455 -16 22.6739
      vertex 83.594 -16 22.6896
      vertex 82.2564 -16 22.8577
    endloop
  endfacet
  facet normal 0 -1 0
    outer loop
      vertex 82.4211 -16 22.4795
      vertex 83.594 -16 22.6896
      vertex 82.3455 -16 22.6739
    endloop
  endfacet
  facet normal 0 -1 0
    outer loop
      vertex 82.4211 -16 22.4795
      vertex 83.4877 -16 22.4383
      vertex 83.594 -16 22.6896
    endloop
  endfacet
  facet normal 0 -1 0
    outer loop
      vertex 82.4833 -16 22.2745
      vertex 83.4877 -16 22.4383
      vertex 82.4211 -16 22.4795
    endloop
  endfacet
  facet normal 0 -1 0
    outer loop
      vertex 82.4833 -16 22.2745
      vertex 83.4008 -16 22.169
      vertex 83.4877 -16 22.4383
    endloop
  endfacet
  facet normal 0 -1 0
    outer loop
      vertex 82.5319 -16 22.0589
      vertex 83.4008 -16 22.169
      vertex 82.4833 -16 22.2745
    endloop
  endfacet
  facet normal 0 -1 0
    outer loop
      vertex 82.5319 -16 22.0589
      vertex 83.3331 -16 21.8817
      vertex 83.4008 -16 22.169
    endloop
  endfacet
  facet normal 0 -1 0
    outer loop
      vertex 83.3331 -16 21.8817
      vertex 82.5319 -16 22.0589
      vertex 80.8664 -16 21.9765
    endloop
  endfacet
  facet normal 0 -1 0
    outer loop
      vertex 89.3689 -16 24.0648
      vertex 104.7 -16 35.4
      vertex 74.3 -16 35.4
    endloop
  endfacet
  facet normal 0 -1 0
    outer loop
      vertex 79.9933 -16 24.1754
      vertex 74.3 -16 35.4
      vertex 79.7483 -16 24.1824
    endloop
  endfacet
  facet normal 0 -1 0
    outer loop
      vertex 74.3 -16 35.4
      vertex 79.4321 -16 24.1715
      vertex 79.7483 -16 24.1824
    endloop
  endfacet
  facet normal 0 -1 0
    outer loop
      vertex 74.3 -16 35.4
      vertex 79.1324 -16 24.1389
      vertex 79.4321 -16 24.1715
    endloop
  endfacet
  facet normal 0 -1 0
    outer loop
      vertex 74.3 -16 35.4
      vertex 78.8491 -16 24.0847
      vertex 79.1324 -16 24.1389
    endloop
  endfacet
  facet normal 0 -1 0
    outer loop
      vertex 74.3 -16 35.4
      vertex 78.5823 -16 24.0087
      vertex 78.8491 -16 24.0847
    endloop
  endfacet
  facet normal 0 -1 0
    outer loop
      vertex 74.3 -16 35.4
      vertex 78.3318 -16 23.9109
      vertex 78.5823 -16 24.0087
    endloop
  endfacet
  facet normal 0 -1 0
    outer loop
      vertex 74.3 -16 35.4
      vertex 78.0978 -16 23.7915
      vertex 78.3318 -16 23.9109
    endloop
  endfacet
  facet normal 0 -1 0
    outer loop
      vertex 74.3 -16 35.4
      vertex 77.8802 -16 23.6504
      vertex 78.0978 -16 23.7915
    endloop
  endfacet
  facet normal 0 -1 0
    outer loop
      vertex 74.3 -16 35.4
      vertex 77.679 -16 23.4875
      vertex 77.8802 -16 23.6504
    endloop
  endfacet
  facet normal 0 -1 0
    outer loop
      vertex 74.3 -16 35.4
      vertex 77.4942 -16 23.3029
      vertex 77.679 -16 23.4875
    endloop
  endfacet
  facet normal 0 -1 0
    outer loop
      vertex 74.3 -16 35.4
      vertex 77.3275 -16 23.0989
      vertex 77.4942 -16 23.3029
    endloop
  endfacet
  facet normal 0 -1 0
    outer loop
      vertex 74.3 -16 35.4
      vertex 77.1804 -16 22.8777
      vertex 77.3275 -16 23.0989
    endloop
  endfacet
  facet normal 0 -1 0
    outer loop
      vertex 74.3 -16 35.4
      vertex 77.0529 -16 22.6392
      vertex 77.1804 -16 22.8777
    endloop
  endfacet
  facet normal 0 -1 0
    outer loop
      vertex 74.3 -16 35.4
      vertex 76.945 -16 22.3836
      vertex 77.0529 -16 22.6392
    endloop
  endfacet
  facet normal 0 -1 0
    outer loop
      vertex 74.3 -16 35.4
      vertex 76.8567 -16 22.1107
      vertex 76.945 -16 22.3836
    endloop
  endfacet
  facet normal 0 -1 0
    outer loop
      vertex 74.3 -16 35.4
      vertex 76.7881 -16 21.8206
      vertex 76.8567 -16 22.1107
    endloop
  endfacet
  facet normal 0 -1 0
    outer loop
      vertex 74.3 -16 35.4
      vertex 76.739 -16 21.5133
      vertex 76.7881 -16 21.8206
    endloop
  endfacet
  facet normal 0 -1 0
    outer loop
      vertex 74.3 -16 35.4
      vertex 76.7096 -16 21.1888
      vertex 76.739 -16 21.5133
    endloop
  endfacet
  facet normal 0 -1 0
    outer loop
      vertex 74.3 -16 35.4
      vertex 76.6998 -16 20.8471
      vertex 76.7096 -16 21.1888
    endloop
  endfacet
  facet normal 0 -1 0
    outer loop
      vertex 74.3 -16 5.99
      vertex 76.6998 -16 20.8471
      vertex 74.3 -16 35.4
    endloop
  endfacet
  facet normal 0 -1 -0
    outer loop
      vertex 76.6998 -16 20.8471
      vertex 74.3 -16 5.99
      vertex 76.7095 -16 20.513
    endloop
  endfacet
  facet normal 0 -1 -0
    outer loop
      vertex 85.9131 -16 17.5929
      vertex 74.3 -16 5.99
      vertex 86.224 -16 17.5824
    endloop
  endfacet
  facet normal 0 -1 -0
    outer loop
      vertex 79.4112 -16 17.593
      vertex 74.3 -16 5.99
      vertex 79.7247 -16 17.5824
    endloop
  endfacet
  facet normal 0 -1 -0
    outer loop
      vertex 79.1139 -16 17.6249
      vertex 74.3 -16 5.99
      vertex 79.4112 -16 17.593
    endloop
  endfacet
  facet normal 0 -1 -0
    outer loop
      vertex 78.8328 -16 17.6781
      vertex 74.3 -16 5.99
      vertex 79.1139 -16 17.6249
    endloop
  endfacet
  facet normal 0 -1 -0
    outer loop
      vertex 78.5681 -16 17.7526
      vertex 74.3 -16 5.99
      vertex 78.8328 -16 17.6781
    endloop
  endfacet
  facet normal 0 -1 -0
    outer loop
      vertex 78.3196 -16 17.8483
      vertex 74.3 -16 5.99
      vertex 78.5681 -16 17.7526
    endloop
  endfacet
  facet normal 0 -1 -0
    outer loop
      vertex 78.0874 -16 17.9654
      vertex 74.3 -16 5.99
      vertex 78.3196 -16 17.8483
    endloop
  endfacet
  facet normal 0 -1 -0
    outer loop
      vertex 77.8715 -16 18.1037
      vertex 74.3 -16 5.99
      vertex 78.0874 -16 17.9654
    endloop
  endfacet
  facet normal 0 -1 -0
    outer loop
      vertex 77.6718 -16 18.2632
      vertex 74.3 -16 5.99
      vertex 77.8715 -16 18.1037
    endloop
  endfacet
  facet normal 0 -1 -0
    outer loop
      vertex 77.4884 -16 18.4441
      vertex 74.3 -16 5.99
      vertex 77.6718 -16 18.2632
    endloop
  endfacet
  facet normal 0 -1 -0
    outer loop
      vertex 77.3229 -16 18.644
      vertex 74.3 -16 5.99
      vertex 77.4884 -16 18.4441
    endloop
  endfacet
  facet normal 0 -1 -0
    outer loop
      vertex 77.1769 -16 18.8607
      vertex 74.3 -16 5.99
      vertex 77.3229 -16 18.644
    endloop
  endfacet
  facet normal 0 -1 -0
    outer loop
      vertex 77.0503 -16 19.0941
      vertex 74.3 -16 5.99
      vertex 77.1769 -16 18.8607
    endloop
  endfacet
  facet normal 0 -1 -0
    outer loop
      vertex 76.9432 -16 19.3444
      vertex 74.3 -16 5.99
      vertex 77.0503 -16 19.0941
    endloop
  endfacet
  facet normal 0 -1 -0
    outer loop
      vertex 76.8556 -16 19.6114
      vertex 74.3 -16 5.99
      vertex 76.9432 -16 19.3444
    endloop
  endfacet
  facet normal 0 -1 -0
    outer loop
      vertex 76.7874 -16 19.8951
      vertex 74.3 -16 5.99
      vertex 76.8556 -16 19.6114
    endloop
  endfacet
  facet normal 0 -1 -0
    outer loop
      vertex 76.7388 -16 20.1957
      vertex 74.3 -16 5.99
      vertex 76.7874 -16 19.8951
    endloop
  endfacet
  facet normal 0 -1 -0
    outer loop
      vertex 76.7095 -16 20.513
      vertex 74.3 -16 5.99
      vertex 76.7388 -16 20.1957
    endloop
  endfacet
  facet normal 0 -1 0
    outer loop
      vertex 102.771 -16 17.7
      vertex 104.7 -16 35.4
      vertex 99.636 -16 24.3
    endloop
  endfacet
  facet normal 0 -1 0
    outer loop
      vertex 74.3 -16 5.99
      vertex 87.0758 -16 17.6678
      vertex 86.6671 -16 17.6037
    endloop
  endfacet
  facet normal 0 -1 0
    outer loop
      vertex 74.3 -16 5.99
      vertex 86.6671 -16 17.6037
      vertex 86.224 -16 17.5824
    endloop
  endfacet
  facet normal 0 -1 -0
    outer loop
      vertex 87.0758 -16 17.6678
      vertex 74.3 -16 5.99
      vertex 104.7 -16 5.99
    endloop
  endfacet
  facet normal 0 -1 0
    outer loop
      vertex 102.771 -16 17.7
      vertex 104.7 -16 5.99
      vertex 104.7 -16 35.4
    endloop
  endfacet
  facet normal 0 -1 0
    outer loop
      vertex 100.778 -16 17.7
      vertex 104.7 -16 5.99
      vertex 102.771 -16 17.7
    endloop
  endfacet
  facet normal 0 -1 0
    outer loop
      vertex 86.5442 -16 24.1712
      vertex 74.3 -16 35.4
      vertex 86.2475 -16 24.1824
    endloop
  endfacet
  facet normal 0 -1 0
    outer loop
      vertex 89.3689 -16 24.0648
      vertex 74.3 -16 35.4
      vertex 86.5442 -16 24.1712
    endloop
  endfacet
  facet normal 0 -1 0
    outer loop
      vertex 89.3689 -16 24.0648
      vertex 86.5442 -16 24.1712
      vertex 86.825 -16 24.1375
    endloop
  endfacet
  facet normal 0 -1 0
    outer loop
      vertex 89.3689 -16 24.0648
      vertex 86.825 -16 24.1375
      vertex 87.0898 -16 24.0814
    endloop
  endfacet
  facet normal 0 -1 0
    outer loop
      vertex 104.7 -16 35.4
      vertex 89.3689 -16 24.0648
      vertex 91.1167 -16 24.0648
    endloop
  endfacet
  facet normal 0 -1 0
    outer loop
      vertex 104.7 -16 35.4
      vertex 91.1167 -16 24.0648
      vertex 94.2416 -16 24.0648
    endloop
  endfacet
  facet normal 0 -1 0
    outer loop
      vertex 104.7 -16 35.4
      vertex 94.2416 -16 24.0648
      vertex 95.9718 -16 24.0648
    endloop
  endfacet
  facet normal 0 -1 0
    outer loop
      vertex 104.7 -16 35.4
      vertex 95.9718 -16 24.0648
      vertex 99.636 -16 24.3
    endloop
  endfacet
  facet normal 0 -1 0
    outer loop
      vertex 96.501 -16 17.7
      vertex 95.9718 -16 24.0648
      vertex 93.6237 -16 17.7
    endloop
  endfacet
  facet normal 0 -1 0
    outer loop
      vertex 95.9718 -16 24.0648
      vertex 96.501 -16 17.7
      vertex 99.636 -16 24.3
    endloop
  endfacet
  facet normal 0 -1 0
    outer loop
      vertex 85.1905 -16 19.3947
      vertex 87.4128 -16 19.4471
      vertex 85.1353 -16 19.5281
    endloop
  endfacet
  facet normal 0 -1 0
    outer loop
      vertex 86.3064 -16 18.6883
      vertex 87.4128 -16 19.4471
      vertex 85.1905 -16 19.3947
    endloop
  endfacet
  facet normal 0 -1 0
    outer loop
      vertex 86.3064 -16 18.6883
      vertex 85.1905 -16 19.3947
      vertex 85.2543 -16 19.2726
    endloop
  endfacet
  facet normal 0 -1 0
    outer loop
      vertex 86.1688 -16 18.6941
      vertex 85.2543 -16 19.2726
      vertex 85.3266 -16 19.1617
    endloop
  endfacet
  facet normal -0 -1 0
    outer loop
      vertex 86.4933 -16 18.6976
      vertex 87.4128 -16 19.4471
      vertex 86.3064 -16 18.6883
    endloop
  endfacet
  facet normal 0 -1 0
    outer loop
      vertex 86.0383 -16 18.7117
      vertex 85.3266 -16 19.1617
      vertex 85.4067 -16 19.0624
    endloop
  endfacet
  facet normal -0 -1 0
    outer loop
      vertex 86.6642 -16 18.7258
      vertex 87.4128 -16 19.4471
      vertex 86.4933 -16 18.6976
    endloop
  endfacet
  facet normal 0 -1 0
    outer loop
      vertex 86.0383 -16 18.7117
      vertex 85.4067 -16 19.0624
      vertex 85.4939 -16 18.9747
    endloop
  endfacet
  facet normal 0 -1 0
    outer loop
      vertex 87.4128 -16 19.4471
      vertex 86.6642 -16 18.7258
      vertex 87.3538 -16 19.2878
    endloop
  endfacet
  facet normal 0 -1 0
    outer loop
      vertex 86.0383 -16 18.7117
      vertex 85.4939 -16 18.9747
      vertex 85.5884 -16 18.8987
    endloop
  endfacet
  facet normal 0 -1 0
    outer loop
      vertex 87.3538 -16 19.2878
      vertex 86.6642 -16 18.7258
      vertex 87.2788 -16 19.1473
    endloop
  endfacet
  facet normal 0 -1 0
    outer loop
      vertex 86.0383 -16 18.7117
      vertex 85.5884 -16 18.8987
      vertex 85.6901 -16 18.8344
    endloop
  endfacet
  facet normal 0 -1 0
    outer loop
      vertex 86.0383 -16 18.7117
      vertex 85.6901 -16 18.8344
      vertex 85.799 -16 18.7818
    endloop
  endfacet
  facet normal -0 -1 0
    outer loop
      vertex 86.8191 -16 18.7726
      vertex 87.2788 -16 19.1473
      vertex 86.6642 -16 18.7258
    endloop
  endfacet
  facet normal 0 -1 0
    outer loop
      vertex 86.0383 -16 18.7117
      vertex 85.799 -16 18.7818
      vertex 85.9151 -16 18.7409
    endloop
  endfacet
  facet normal 0 -1 0
    outer loop
      vertex 87.1879 -16 19.0255
      vertex 86.8191 -16 18.7726
      vertex 87.0809 -16 18.9225
    endloop
  endfacet
  facet normal 0 -1 0
    outer loop
      vertex 85.3266 -16 19.1617
      vertex 86.0383 -16 18.7117
      vertex 86.1688 -16 18.6941
    endloop
  endfacet
  facet normal 0 -1 0
    outer loop
      vertex 87.0809 -16 18.9225
      vertex 86.8191 -16 18.7726
      vertex 86.958 -16 18.8382
    endloop
  endfacet
  facet normal 0 -1 0
    outer loop
      vertex 85.2543 -16 19.2726
      vertex 86.1688 -16 18.6941
      vertex 86.3064 -16 18.6883
    endloop
  endfacet
  facet normal 0 -1 0
    outer loop
      vertex 87.2788 -16 19.1473
      vertex 86.8191 -16 18.7726
      vertex 87.1879 -16 19.0255
    endloop
  endfacet
  facet normal 0 -1 -0
    outer loop
      vertex 83.2842 -16 20.2261
      vertex 82.579 -16 19.8177
      vertex 83.3318 -16 19.9122
    endloop
  endfacet
  facet normal 0 -1 0
    outer loop
      vertex 82.5558 -16 19.6743
      vertex 83.3318 -16 19.9122
      vertex 82.579 -16 19.8177
    endloop
  endfacet
  facet normal 0 -1 0
    outer loop
      vertex 82.5558 -16 19.6743
      vertex 83.3984 -16 19.6174
      vertex 83.3318 -16 19.9122
    endloop
  endfacet
  facet normal 0 -1 0
    outer loop
      vertex 82.5254 -16 19.5345
      vertex 83.3984 -16 19.6174
      vertex 82.5558 -16 19.6743
    endloop
  endfacet
  facet normal 0 -1 0
    outer loop
      vertex 82.4878 -16 19.3981
      vertex 83.3984 -16 19.6174
      vertex 82.5254 -16 19.5345
    endloop
  endfacet
  facet normal 0 -1 0
    outer loop
      vertex 82.4878 -16 19.3981
      vertex 83.4841 -16 19.3419
      vertex 83.3984 -16 19.6174
    endloop
  endfacet
  facet normal 0 -1 0
    outer loop
      vertex 82.443 -16 19.2652
      vertex 83.4841 -16 19.3419
      vertex 82.4878 -16 19.3981
    endloop
  endfacet
  facet normal 0 -1 0
    outer loop
      vertex 83.5888 -16 19.0857
      vertex 82.443 -16 19.2652
      vertex 82.391 -16 19.1357
    endloop
  endfacet
  facet normal 0 -1 0
    outer loop
      vertex 82.443 -16 19.2652
      vertex 83.5888 -16 19.0857
      vertex 83.4841 -16 19.3419
    endloop
  endfacet
  facet normal 0 -1 0
    outer loop
      vertex 82.3318 -16 19.0098
      vertex 83.5888 -16 19.0857
      vertex 82.391 -16 19.1357
    endloop
  endfacet
  facet normal 0 -1 0
    outer loop
      vertex 83.7125 -16 18.8487
      vertex 82.3318 -16 19.0098
      vertex 82.2655 -16 18.8873
    endloop
  endfacet
  facet normal 0 -1 0
    outer loop
      vertex 82.3318 -16 19.0098
      vertex 83.7125 -16 18.8487
      vertex 83.5888 -16 19.0857
    endloop
  endfacet
  facet normal 0 -1 0
    outer loop
      vertex 82.1919 -16 18.7684
      vertex 83.7125 -16 18.8487
      vertex 82.2655 -16 18.8873
    endloop
  endfacet
  facet normal 0 -1 0
    outer loop
      vertex 83.8553 -16 18.6309
      vertex 82.1919 -16 18.7684
      vertex 82.1111 -16 18.6529
    endloop
  endfacet
  facet normal 0 -1 0
    outer loop
      vertex 82.1919 -16 18.7684
      vertex 83.8553 -16 18.6309
      vertex 83.7125 -16 18.8487
    endloop
  endfacet
  facet normal 0 -1 0
    outer loop
      vertex 82.0238 -16 18.5421
      vertex 83.8553 -16 18.6309
      vertex 82.1111 -16 18.6529
    endloop
  endfacet
  facet normal 0 -1 0
    outer loop
      vertex 84.0171 -16 18.4324
      vertex 82.0238 -16 18.5421
      vertex 81.9307 -16 18.4369
    endloop
  endfacet
  facet normal 0 -1 0
    outer loop
      vertex 82.0238 -16 18.5421
      vertex 84.0171 -16 18.4324
      vertex 83.8553 -16 18.6309
    endloop
  endfacet
  facet normal 0 -1 0
    outer loop
      vertex 81.8316 -16 18.3376
      vertex 84.0171 -16 18.4324
      vertex 81.9307 -16 18.4369
    endloop
  endfacet
  facet normal 0 -1 0
    outer loop
      vertex 81.8316 -16 18.3376
      vertex 84.1966 -16 18.254
      vertex 84.0171 -16 18.4324
    endloop
  endfacet
  facet normal 0 -1 0
    outer loop
      vertex 81.7266 -16 18.2439
      vertex 84.1966 -16 18.254
      vertex 81.8316 -16 18.3376
    endloop
  endfacet
  facet normal 0 -1 0
    outer loop
      vertex 81.6158 -16 18.156
      vertex 84.1966 -16 18.254
      vertex 81.7266 -16 18.2439
    endloop
  endfacet
  facet normal 0 -1 0
    outer loop
      vertex 81.6158 -16 18.156
      vertex 84.3926 -16 18.0966
      vertex 84.1966 -16 18.254
    endloop
  endfacet
  facet normal 0 -1 0
    outer loop
      vertex 81.4991 -16 18.0739
      vertex 84.3926 -16 18.0966
      vertex 81.6158 -16 18.156
    endloop
  endfacet
  facet normal 0 -1 0
    outer loop
      vertex 81.3764 -16 17.9974
      vertex 84.3926 -16 18.0966
      vertex 81.4991 -16 18.0739
    endloop
  endfacet
  facet normal 0 -1 0
    outer loop
      vertex 81.3764 -16 17.9974
      vertex 84.6049 -16 17.9602
      vertex 84.3926 -16 18.0966
    endloop
  endfacet
  facet normal 0 -1 0
    outer loop
      vertex 81.248 -16 17.9267
      vertex 84.6049 -16 17.9602
      vertex 81.3764 -16 17.9974
    endloop
  endfacet
  facet normal 0 -1 0
    outer loop
      vertex 84.8337 -16 17.8447
      vertex 81.248 -16 17.9267
      vertex 81.1136 -16 17.8618
    endloop
  endfacet
  facet normal 0 -1 0
    outer loop
      vertex 81.248 -16 17.9267
      vertex 84.8337 -16 17.8447
      vertex 84.6049 -16 17.9602
    endloop
  endfacet
  facet normal 0 -1 0
    outer loop
      vertex 80.9743 -16 17.8031
      vertex 84.8337 -16 17.8447
      vertex 81.1136 -16 17.8618
    endloop
  endfacet
  facet normal 0 -1 0
    outer loop
      vertex 85.0789 -16 17.7503
      vertex 80.9743 -16 17.8031
      vertex 80.8314 -16 17.7514
    endloop
  endfacet
  facet normal 0 -1 0
    outer loop
      vertex 80.9743 -16 17.8031
      vertex 85.0789 -16 17.7503
      vertex 84.8337 -16 17.8447
    endloop
  endfacet
  facet normal 0 -1 0
    outer loop
      vertex 80.6846 -16 17.7066
      vertex 85.0789 -16 17.7503
      vertex 80.8314 -16 17.7514
    endloop
  endfacet
  facet normal 0 -1 0
    outer loop
      vertex 80.6846 -16 17.7066
      vertex 85.3406 -16 17.6768
      vertex 85.0789 -16 17.7503
    endloop
  endfacet
  facet normal 0 -1 0
    outer loop
      vertex 74.3 -16 5.99
      vertex 80.6846 -16 17.7066
      vertex 80.5341 -16 17.6686
    endloop
  endfacet
  facet normal 0 -1 0
    outer loop
      vertex 74.3 -16 5.99
      vertex 80.5341 -16 17.6686
      vertex 80.3798 -16 17.6376
    endloop
  endfacet
  facet normal 0 -1 -0
    outer loop
      vertex 80.6846 -16 17.7066
      vertex 74.3 -16 5.99
      vertex 85.3406 -16 17.6768
    endloop
  endfacet
  facet normal 0 -1 0
    outer loop
      vertex 74.3 -16 5.99
      vertex 80.3798 -16 17.6376
      vertex 80.2217 -16 17.6134
    endloop
  endfacet
  facet normal 0 -1 0
    outer loop
      vertex 74.3 -16 5.99
      vertex 80.2217 -16 17.6134
      vertex 80.0598 -16 17.5962
    endloop
  endfacet
  facet normal 0 -1 -0
    outer loop
      vertex 85.3406 -16 17.6768
      vertex 74.3 -16 5.99
      vertex 85.6186 -16 17.6244
    endloop
  endfacet
  facet normal 0 -1 0
    outer loop
      vertex 74.3 -16 5.99
      vertex 80.0598 -16 17.5962
      vertex 79.8942 -16 17.5858
    endloop
  endfacet
  facet normal 0 -1 0
    outer loop
      vertex 74.3 -16 5.99
      vertex 79.8942 -16 17.5858
      vertex 79.7247 -16 17.5824
    endloop
  endfacet
  facet normal 0 -1 -0
    outer loop
      vertex 85.6186 -16 17.6244
      vertex 74.3 -16 5.99
      vertex 85.9131 -16 17.5929
    endloop
  endfacet
  facet normal 0 -1 -0
    outer loop
      vertex 99.636 -16 20.1048
      vertex 98.4937 -16 17.7
      vertex 100.778 -16 17.7
    endloop
  endfacet
  facet normal 0 -1 0
    outer loop
      vertex 85.2013 -16 22.5389
      vertex 86.224 -16 23.1413
      vertex 86.0978 -16 23.1363
    endloop
  endfacet
  facet normal 0 -1 0
    outer loop
      vertex 86.224 -16 23.1413
      vertex 87.2252 -16 22.5657
      vertex 86.3428 -16 23.1365
    endloop
  endfacet
  facet normal 0 -1 0
    outer loop
      vertex 85.2013 -16 22.5389
      vertex 86.0978 -16 23.1363
      vertex 85.9783 -16 23.1212
    endloop
  endfacet
  facet normal 0 -1 0
    outer loop
      vertex 85.1497 -16 22.4288
      vertex 86.224 -16 23.1413
      vertex 85.2013 -16 22.5389
    endloop
  endfacet
  facet normal 0 -1 0
    outer loop
      vertex 85.2603 -16 22.6411
      vertex 85.9783 -16 23.1212
      vertex 85.8654 -16 23.0961
    endloop
  endfacet
  facet normal 0 -1 0
    outer loop
      vertex 85.9783 -16 23.1212
      vertex 85.2603 -16 22.6411
      vertex 85.2013 -16 22.5389
    endloop
  endfacet
  facet normal 0 -1 0
    outer loop
      vertex 85.3266 -16 22.7353
      vertex 85.8654 -16 23.0961
      vertex 85.759 -16 23.0611
    endloop
  endfacet
  facet normal 0 -1 0
    outer loop
      vertex 86.3428 -16 23.1365
      vertex 87.2252 -16 22.5657
      vertex 86.4562 -16 23.1222
    endloop
  endfacet
  facet normal 0 -1 0
    outer loop
      vertex 85.3266 -16 22.7353
      vertex 85.759 -16 23.0611
      vertex 85.6593 -16 23.016
    endloop
  endfacet
  facet normal 0 -1 0
    outer loop
      vertex 85.8654 -16 23.0961
      vertex 85.3266 -16 22.7353
      vertex 85.2603 -16 22.6411
    endloop
  endfacet
  facet normal 0 -1 0
    outer loop
      vertex 85.4797 -16 22.8957
      vertex 85.6593 -16 23.016
      vertex 85.5662 -16 22.9608
    endloop
  endfacet
  facet normal 0 -1 0
    outer loop
      vertex 86.7631 -16 23.0223
      vertex 86.9401 -16 22.9082
      vertex 86.8543 -16 22.97
    endloop
  endfacet
  facet normal 0 -1 0
    outer loop
      vertex 85.3998 -16 22.8205
      vertex 85.6593 -16 23.016
      vertex 85.4797 -16 22.8957
    endloop
  endfacet
  facet normal 0 -1 0
    outer loop
      vertex 86.7631 -16 23.0223
      vertex 87.0203 -16 22.8368
      vertex 86.9401 -16 22.9082
    endloop
  endfacet
  facet normal 0 -1 0
    outer loop
      vertex 85.3266 -16 22.7353
      vertex 85.6593 -16 23.016
      vertex 85.3998 -16 22.8205
    endloop
  endfacet
  facet normal -0 -1 -0
    outer loop
      vertex 87.095 -16 22.7559
      vertex 86.564 -16 23.0984
      vertex 87.1635 -16 22.6656
    endloop
  endfacet
  facet normal 0 -1 0
    outer loop
      vertex 86.7631 -16 23.0223
      vertex 87.095 -16 22.7559
      vertex 87.0203 -16 22.8368
    endloop
  endfacet
  facet normal 0 -1 0
    outer loop
      vertex 86.564 -16 23.0984
      vertex 87.095 -16 22.7559
      vertex 86.6663 -16 23.0652
    endloop
  endfacet
  facet normal 0 -1 0
    outer loop
      vertex 86.6663 -16 23.0652
      vertex 87.095 -16 22.7559
      vertex 86.7631 -16 23.0223
    endloop
  endfacet
  facet normal 0 -1 0
    outer loop
      vertex 86.4562 -16 23.1222
      vertex 87.1635 -16 22.6656
      vertex 86.564 -16 23.0984
    endloop
  endfacet
  facet normal -0 -1 -0
    outer loop
      vertex 87.1635 -16 22.6656
      vertex 86.4562 -16 23.1222
      vertex 87.2252 -16 22.5657
    endloop
  endfacet
  facet normal 0 -1 0
    outer loop
      vertex 86.224 -16 23.1413
      vertex 87.28 -16 22.4563
      vertex 87.2252 -16 22.5657
    endloop
  endfacet
  facet normal 0 -1 -0
    outer loop
      vertex 86.224 -16 23.1413
      vertex 85.1497 -16 22.4288
      vertex 87.28 -16 22.4563
    endloop
  endfacet
  facet normal 0 -1 0
    outer loop
      vertex 85.1497 -16 22.4288
      vertex 87.3281 -16 22.3373
      vertex 87.28 -16 22.4563
    endloop
  endfacet
  facet normal 0 -1 0
    outer loop
      vertex 85.1054 -16 22.3106
      vertex 87.3281 -16 22.3373
      vertex 85.1497 -16 22.4288
    endloop
  endfacet
  facet normal 0 -1 0
    outer loop
      vertex 85.1054 -16 22.3106
      vertex 87.3693 -16 22.2089
      vertex 87.3281 -16 22.3373
    endloop
  endfacet
  facet normal 0 -1 0
    outer loop
      vertex 85.0684 -16 22.1845
      vertex 87.3693 -16 22.2089
      vertex 85.1054 -16 22.3106
    endloop
  endfacet
  facet normal 0 -1 0
    outer loop
      vertex 85.0684 -16 22.1845
      vertex 87.4036 -16 22.071
      vertex 87.3693 -16 22.2089
    endloop
  endfacet
  facet normal 0 -1 0
    outer loop
      vertex 85.0388 -16 22.0504
      vertex 87.4036 -16 22.071
      vertex 85.0684 -16 22.1845
    endloop
  endfacet
  facet normal 0 -1 0
    outer loop
      vertex 85.0165 -16 21.9082
      vertex 87.4036 -16 22.071
      vertex 85.0388 -16 22.0504
    endloop
  endfacet
  facet normal 0 -1 -0
    outer loop
      vertex 87.4036 -16 22.071
      vertex 85.0165 -16 21.9082
      vertex 87.4312 -16 21.9235
    endloop
  endfacet
  facet normal 0 -1 0
    outer loop
      vertex 85.0016 -16 21.7581
      vertex 87.4312 -16 21.9235
      vertex 85.0165 -16 21.9082
    endloop
  endfacet
  facet normal 0 -1 -0
    outer loop
      vertex 87.4312 -16 21.9235
      vertex 85.0016 -16 21.7581
      vertex 87.4519 -16 21.7665
    endloop
  endfacet
  facet normal 0 -1 0
    outer loop
      vertex 84.994 -16 21.6001
      vertex 87.4519 -16 21.7665
      vertex 85.0016 -16 21.7581
    endloop
  endfacet
  facet normal 0 -1 -0
    outer loop
      vertex 87.4519 -16 21.7665
      vertex 84.994 -16 21.6001
      vertex 87.4658 -16 21.6001
    endloop
  endfacet
  facet normal -0.336417 -0.941713 0
    outer loop
      vertex 73.9939 -15.9391 5.99
      vertex 74.0678 -15.9655 35.4
      vertex 73.9939 -15.9391 35.4
    endloop
  endfacet
  facet normal -0.336417 -0.941713 -0
    outer loop
      vertex 74.0678 -15.9655 35.4
      vertex 73.9939 -15.9391 5.99
      vertex 74.0678 -15.9655 5.99
    endloop
  endfacet
  facet normal 0.74571 -0.66627 0
    outer loop
      vertex 105.266 -15.7657 35.4
      vertex 105.318 -15.7075 5.99
      vertex 105.318 -15.7075 35.4
    endloop
  endfacet
  facet normal 0.74571 -0.66627 0
    outer loop
      vertex 105.318 -15.7075 5.99
      vertex 105.266 -15.7657 35.4
      vertex 105.266 -15.7657 5.99
    endloop
  endfacet
  facet normal -0.700319 -0.033944 0.713023
    outer loop
      vertex 74.1 -15.1855 35.99
      vertex 73.5 -15.2 35.4
      vertex 73.5038 -15.2784 35.4
    endloop
  endfacet
  facet normal 0.427758 -0.903893 0
    outer loop
      vertex 105.006 -15.9391 5.99
      vertex 105.077 -15.9055 35.4
      vertex 105.006 -15.9391 35.4
    endloop
  endfacet
  facet normal 0.427758 -0.903893 0
    outer loop
      vertex 105.077 -15.9055 35.4
      vertex 105.006 -15.9391 5.99
      vertex 105.077 -15.9055 5.99
    endloop
  endfacet
  facet normal -0.336417 0.941713 0
    outer loop
      vertex 74.0678 15.9655 5.99
      vertex 73.9939 15.9391 35.4
      vertex 74.0678 15.9655 35.4
    endloop
  endfacet
  facet normal -0.336417 0.941713 0
    outer loop
      vertex 73.9939 15.9391 35.4
      vertex 74.0678 15.9655 5.99
      vertex 73.9939 15.9391 5.99
    endloop
  endfacet
  facet normal -1 0 0
    outer loop
      vertex 73.5 -15.2 5.99
      vertex 73.5 15.2 35.4
      vertex 73.5 15.2 5.99
    endloop
  endfacet
  facet normal -1 -0 0
    outer loop
      vertex 73.5 15.2 35.4
      vertex 73.5 -15.2 5.99
      vertex 73.5 -15.2 35.4
    endloop
  endfacet
  facet normal -0.998827 -0.0484126 0
    outer loop
      vertex 73.5038 -15.2784 5.99
      vertex 73.5 -15.2 35.4
      vertex 73.5 -15.2 5.99
    endloop
  endfacet
  facet normal -0.998827 -0.0484126 0
    outer loop
      vertex 73.5 -15.2 35.4
      vertex 73.5038 -15.2784 5.99
      vertex 73.5038 -15.2784 35.4
    endloop
  endfacet
  facet normal 0 1 -0
    outer loop
      vertex 93.8095 16 19.3947
      vertex 91.5872 16 19.4471
      vertex 93.8647 16 19.5281
    endloop
  endfacet
  facet normal 0 1 -0
    outer loop
      vertex 92.6936 16 18.6883
      vertex 91.5872 16 19.4471
      vertex 93.8095 16 19.3947
    endloop
  endfacet
  facet normal 0 1 0
    outer loop
      vertex 92.6936 16 18.6883
      vertex 93.8095 16 19.3947
      vertex 93.7457 16 19.2726
    endloop
  endfacet
  facet normal 0 1 0
    outer loop
      vertex 92.8312 16 18.6941
      vertex 93.7457 16 19.2726
      vertex 93.6734 16 19.1617
    endloop
  endfacet
  facet normal -0 1 -0
    outer loop
      vertex 92.5067 16 18.6976
      vertex 91.5872 16 19.4471
      vertex 92.6936 16 18.6883
    endloop
  endfacet
  facet normal 0 1 0
    outer loop
      vertex 92.9617 16 18.7117
      vertex 93.6734 16 19.1617
      vertex 93.5933 16 19.0624
    endloop
  endfacet
  facet normal -0 1 -0
    outer loop
      vertex 92.3358 16 18.7258
      vertex 91.5872 16 19.4471
      vertex 92.5067 16 18.6976
    endloop
  endfacet
  facet normal 0 1 0
    outer loop
      vertex 92.9617 16 18.7117
      vertex 93.5933 16 19.0624
      vertex 93.5061 16 18.9747
    endloop
  endfacet
  facet normal 0 1 0
    outer loop
      vertex 91.5872 16 19.4471
      vertex 92.3358 16 18.7258
      vertex 91.6462 16 19.2878
    endloop
  endfacet
  facet normal 0 1 0
    outer loop
      vertex 92.9617 16 18.7117
      vertex 93.5061 16 18.9747
      vertex 93.4116 16 18.8987
    endloop
  endfacet
  facet normal 0 1 0
    outer loop
      vertex 91.6462 16 19.2878
      vertex 92.3358 16 18.7258
      vertex 91.7212 16 19.1473
    endloop
  endfacet
  facet normal 0 1 0
    outer loop
      vertex 92.9617 16 18.7117
      vertex 93.4116 16 18.8987
      vertex 93.3099 16 18.8344
    endloop
  endfacet
  facet normal 0 1 0
    outer loop
      vertex 92.9617 16 18.7117
      vertex 93.3099 16 18.8344
      vertex 93.201 16 18.7818
    endloop
  endfacet
  facet normal -0 1 -0
    outer loop
      vertex 92.1809 16 18.7726
      vertex 91.7212 16 19.1473
      vertex 92.3358 16 18.7258
    endloop
  endfacet
  facet normal 0 1 0
    outer loop
      vertex 92.9617 16 18.7117
      vertex 93.201 16 18.7818
      vertex 93.0849 16 18.7409
    endloop
  endfacet
  facet normal 0 1 0
    outer loop
      vertex 91.8121 16 19.0255
      vertex 92.1809 16 18.7726
      vertex 91.9191 16 18.9225
    endloop
  endfacet
  facet normal 0 1 0
    outer loop
      vertex 93.6734 16 19.1617
      vertex 92.9617 16 18.7117
      vertex 92.8312 16 18.6941
    endloop
  endfacet
  facet normal 0 1 0
    outer loop
      vertex 91.9191 16 18.9225
      vertex 92.1809 16 18.7726
      vertex 92.042 16 18.8382
    endloop
  endfacet
  facet normal 0 1 0
    outer loop
      vertex 93.7457 16 19.2726
      vertex 92.8312 16 18.6941
      vertex 92.6936 16 18.6883
    endloop
  endfacet
  facet normal 0 1 0
    outer loop
      vertex 91.7212 16 19.1473
      vertex 92.1809 16 18.7726
      vertex 91.8121 16 19.0255
    endloop
  endfacet
  facet normal 0 1 0
    outer loop
      vertex 95.7158 16 20.2261
      vertex 96.421 16 19.8177
      vertex 95.6682 16 19.9122
    endloop
  endfacet
  facet normal 0 1 0
    outer loop
      vertex 96.4442 16 19.6743
      vertex 95.6682 16 19.9122
      vertex 96.421 16 19.8177
    endloop
  endfacet
  facet normal 0 1 0
    outer loop
      vertex 96.4442 16 19.6743
      vertex 95.6016 16 19.6174
      vertex 95.6682 16 19.9122
    endloop
  endfacet
  facet normal 0 1 0
    outer loop
      vertex 96.4746 16 19.5345
      vertex 95.6016 16 19.6174
      vertex 96.4442 16 19.6743
    endloop
  endfacet
  facet normal 0 1 0
    outer loop
      vertex 96.5122 16 19.3981
      vertex 95.6016 16 19.6174
      vertex 96.4746 16 19.5345
    endloop
  endfacet
  facet normal 0 1 0
    outer loop
      vertex 96.5122 16 19.3981
      vertex 95.5159 16 19.3419
      vertex 95.6016 16 19.6174
    endloop
  endfacet
  facet normal 0 1 0
    outer loop
      vertex 96.557 16 19.2652
      vertex 95.5159 16 19.3419
      vertex 96.5122 16 19.3981
    endloop
  endfacet
  facet normal 0 1 0
    outer loop
      vertex 95.4112 16 19.0857
      vertex 96.557 16 19.2652
      vertex 96.609 16 19.1357
    endloop
  endfacet
  facet normal 0 1 0
    outer loop
      vertex 96.557 16 19.2652
      vertex 95.4112 16 19.0857
      vertex 95.5159 16 19.3419
    endloop
  endfacet
  facet normal 0 1 0
    outer loop
      vertex 96.6682 16 19.0098
      vertex 95.4112 16 19.0857
      vertex 96.609 16 19.1357
    endloop
  endfacet
  facet normal 0 1 0
    outer loop
      vertex 95.2875 16 18.8487
      vertex 96.6682 16 19.0098
      vertex 96.7345 16 18.8873
    endloop
  endfacet
  facet normal 0 1 0
    outer loop
      vertex 96.6682 16 19.0098
      vertex 95.2875 16 18.8487
      vertex 95.4112 16 19.0857
    endloop
  endfacet
  facet normal 0 1 0
    outer loop
      vertex 96.8081 16 18.7684
      vertex 95.2875 16 18.8487
      vertex 96.7345 16 18.8873
    endloop
  endfacet
  facet normal 0 1 0
    outer loop
      vertex 95.1447 16 18.6309
      vertex 96.8081 16 18.7684
      vertex 96.8889 16 18.6529
    endloop
  endfacet
  facet normal 0 1 0
    outer loop
      vertex 96.8081 16 18.7684
      vertex 95.1447 16 18.6309
      vertex 95.2875 16 18.8487
    endloop
  endfacet
  facet normal 0 1 0
    outer loop
      vertex 96.9762 16 18.5421
      vertex 95.1447 16 18.6309
      vertex 96.8889 16 18.6529
    endloop
  endfacet
  facet normal 0 1 0
    outer loop
      vertex 94.9829 16 18.4324
      vertex 96.9762 16 18.5421
      vertex 97.0693 16 18.4369
    endloop
  endfacet
  facet normal 0 1 0
    outer loop
      vertex 96.9762 16 18.5421
      vertex 94.9829 16 18.4324
      vertex 95.1447 16 18.6309
    endloop
  endfacet
  facet normal 0 1 0
    outer loop
      vertex 97.1684 16 18.3376
      vertex 94.9829 16 18.4324
      vertex 97.0693 16 18.4369
    endloop
  endfacet
  facet normal 0 1 0
    outer loop
      vertex 97.1684 16 18.3376
      vertex 94.8034 16 18.254
      vertex 94.9829 16 18.4324
    endloop
  endfacet
  facet normal 0 1 0
    outer loop
      vertex 97.2734 16 18.2439
      vertex 94.8034 16 18.254
      vertex 97.1684 16 18.3376
    endloop
  endfacet
  facet normal 0 1 0
    outer loop
      vertex 97.3842 16 18.156
      vertex 94.8034 16 18.254
      vertex 97.2734 16 18.2439
    endloop
  endfacet
  facet normal 0 1 0
    outer loop
      vertex 97.3842 16 18.156
      vertex 94.6074 16 18.0966
      vertex 94.8034 16 18.254
    endloop
  endfacet
  facet normal 0 1 0
    outer loop
      vertex 97.5009 16 18.0739
      vertex 94.6074 16 18.0966
      vertex 97.3842 16 18.156
    endloop
  endfacet
  facet normal 0 1 0
    outer loop
      vertex 97.6236 16 17.9974
      vertex 94.6074 16 18.0966
      vertex 97.5009 16 18.0739
    endloop
  endfacet
  facet normal 0 1 0
    outer loop
      vertex 97.6236 16 17.9974
      vertex 94.3951 16 17.9602
      vertex 94.6074 16 18.0966
    endloop
  endfacet
  facet normal 0 1 0
    outer loop
      vertex 97.752 16 17.9267
      vertex 94.3951 16 17.9602
      vertex 97.6236 16 17.9974
    endloop
  endfacet
  facet normal 0 1 0
    outer loop
      vertex 94.1663 16 17.8447
      vertex 97.752 16 17.9267
      vertex 97.8864 16 17.8618
    endloop
  endfacet
  facet normal 0 1 0
    outer loop
      vertex 97.752 16 17.9267
      vertex 94.1663 16 17.8447
      vertex 94.3951 16 17.9602
    endloop
  endfacet
  facet normal 0 1 0
    outer loop
      vertex 98.0257 16 17.8031
      vertex 94.1663 16 17.8447
      vertex 97.8864 16 17.8618
    endloop
  endfacet
  facet normal 0 1 0
    outer loop
      vertex 93.9211 16 17.7503
      vertex 98.0257 16 17.8031
      vertex 98.1686 16 17.7514
    endloop
  endfacet
  facet normal 0 1 0
    outer loop
      vertex 98.0257 16 17.8031
      vertex 93.9211 16 17.7503
      vertex 94.1663 16 17.8447
    endloop
  endfacet
  facet normal 0 1 0
    outer loop
      vertex 98.3154 16 17.7066
      vertex 93.9211 16 17.7503
      vertex 98.1686 16 17.7514
    endloop
  endfacet
  facet normal 0 1 0
    outer loop
      vertex 98.3154 16 17.7066
      vertex 93.6594 16 17.6768
      vertex 93.9211 16 17.7503
    endloop
  endfacet
  facet normal 0 1 0
    outer loop
      vertex 104.7 16 5.99
      vertex 98.3154 16 17.7066
      vertex 98.4659 16 17.6686
    endloop
  endfacet
  facet normal 0 1 0
    outer loop
      vertex 104.7 16 5.99
      vertex 98.4659 16 17.6686
      vertex 98.6202 16 17.6376
    endloop
  endfacet
  facet normal 0 1 0
    outer loop
      vertex 98.3154 16 17.7066
      vertex 104.7 16 5.99
      vertex 93.6594 16 17.6768
    endloop
  endfacet
  facet normal 0 1 0
    outer loop
      vertex 104.7 16 5.99
      vertex 98.6202 16 17.6376
      vertex 98.7783 16 17.6134
    endloop
  endfacet
  facet normal 0 1 0
    outer loop
      vertex 104.7 16 5.99
      vertex 98.7783 16 17.6134
      vertex 98.9402 16 17.5962
    endloop
  endfacet
  facet normal 0 1 0
    outer loop
      vertex 93.6594 16 17.6768
      vertex 104.7 16 5.99
      vertex 93.3814 16 17.6244
    endloop
  endfacet
  facet normal 0 1 0
    outer loop
      vertex 104.7 16 5.99
      vertex 98.9402 16 17.5962
      vertex 99.1058 16 17.5858
    endloop
  endfacet
  facet normal 0 1 0
    outer loop
      vertex 104.7 16 5.99
      vertex 99.1058 16 17.5858
      vertex 99.2753 16 17.5824
    endloop
  endfacet
  facet normal 0 1 0
    outer loop
      vertex 93.3814 16 17.6244
      vertex 104.7 16 5.99
      vertex 93.0869 16 17.5929
    endloop
  endfacet
  facet normal 0 1 0
    outer loop
      vertex 79.364 16 20.1048
      vertex 80.5063 16 17.7
      vertex 78.2218 16 17.7
    endloop
  endfacet
  facet normal 0 1 0
    outer loop
      vertex 91.5872 16 19.4471
      vertex 94.0177 16 20.5648
      vertex 94.0135 16 20.3638
    endloop
  endfacet
  facet normal 0 1 0
    outer loop
      vertex 98.2382 16 22.3716
      vertex 99.1749 16 23.0435
      vertex 99.287 16 23.0471
    endloop
  endfacet
  facet normal 0 1 0
    outer loop
      vertex 100.17 16 22.6254
      vertex 99.287 16 23.0471
      vertex 99.5551 16 23.0208
    endloop
  endfacet
  facet normal 0 1 0
    outer loop
      vertex 99.1749 16 23.0435
      vertex 98.2382 16 22.3716
      vertex 99.0685 16 23.0328
    endloop
  endfacet
  facet normal -0 1 0
    outer loop
      vertex 98.2774 16 22.4582
      vertex 99.0685 16 23.0328
      vertex 98.2382 16 22.3716
    endloop
  endfacet
  facet normal 0 1 0
    outer loop
      vertex 99.0685 16 23.0328
      vertex 98.3219 16 22.5399
      vertex 98.9679 16 23.0148
    endloop
  endfacet
  facet normal 0 1 0
    outer loop
      vertex 100.17 16 22.6254
      vertex 99.5551 16 23.0208
      vertex 99.7915 16 22.9417
    endloop
  endfacet
  facet normal -0 1 0
    outer loop
      vertex 98.3716 16 22.6168
      vertex 98.9679 16 23.0148
      vertex 98.3219 16 22.5399
    endloop
  endfacet
  facet normal -0 1 0
    outer loop
      vertex 98.4265 16 22.6888
      vertex 98.8732 16 22.9896
      vertex 98.3716 16 22.6168
    endloop
  endfacet
  facet normal 0 1 0
    outer loop
      vertex 98.7011 16 22.9177
      vertex 98.4265 16 22.6888
      vertex 98.6238 16 22.871
    endloop
  endfacet
  facet normal 0 1 0
    outer loop
      vertex 100.17 16 22.6254
      vertex 99.7915 16 22.9417
      vertex 99.9965 16 22.8099
    endloop
  endfacet
  facet normal 0 1 0
    outer loop
      vertex 98.6238 16 22.871
      vertex 98.4866 16 22.7559
      vertex 98.5523 16 22.817
    endloop
  endfacet
  facet normal 0 1 0
    outer loop
      vertex 98.6238 16 22.871
      vertex 98.4265 16 22.6888
      vertex 98.4866 16 22.7559
    endloop
  endfacet
  facet normal 0 1 0
    outer loop
      vertex 99.287 16 23.0471
      vertex 100.17 16 22.6254
      vertex 100.312 16 22.3881
    endloop
  endfacet
  facet normal 0 1 0
    outer loop
      vertex 98.7842 16 22.9573
      vertex 98.4265 16 22.6888
      vertex 98.7011 16 22.9177
    endloop
  endfacet
  facet normal 0 1 0
    outer loop
      vertex 98.8732 16 22.9896
      vertex 98.4265 16 22.6888
      vertex 98.7842 16 22.9573
    endloop
  endfacet
  facet normal 0 1 0
    outer loop
      vertex 98.9679 16 23.0148
      vertex 98.3716 16 22.6168
      vertex 98.8732 16 22.9896
    endloop
  endfacet
  facet normal 0 1 0
    outer loop
      vertex 98.2042 16 22.2801
      vertex 99.287 16 23.0471
      vertex 100.312 16 22.3881
    endloop
  endfacet
  facet normal -0 1 0
    outer loop
      vertex 98.3219 16 22.5399
      vertex 99.0685 16 23.0328
      vertex 98.2774 16 22.4582
    endloop
  endfacet
  facet normal 0 1 0
    outer loop
      vertex 99.287 16 23.0471
      vertex 98.2042 16 22.2801
      vertex 98.2382 16 22.3716
    endloop
  endfacet
  facet normal 0 1 0
    outer loop
      vertex 100.312 16 22.3881
      vertex 98.1754 16 22.1838
      vertex 98.2042 16 22.2801
    endloop
  endfacet
  facet normal 0 1 0
    outer loop
      vertex 98.1519 16 22.0826
      vertex 100.312 16 22.3881
      vertex 100.422 16 22.0981
    endloop
  endfacet
  facet normal 0 1 0
    outer loop
      vertex 100.312 16 22.3881
      vertex 98.1519 16 22.0826
      vertex 98.1754 16 22.1838
    endloop
  endfacet
  facet normal 0 1 0
    outer loop
      vertex 100.422 16 22.0981
      vertex 98.1336 16 21.9765
      vertex 98.1519 16 22.0826
    endloop
  endfacet
  facet normal 0 1 0
    outer loop
      vertex 100.501 16 21.7554
      vertex 98.1336 16 21.9765
      vertex 100.422 16 22.0981
    endloop
  endfacet
  facet normal 0 1 0
    outer loop
      vertex 100.548 16 21.36
      vertex 98.1336 16 21.9765
      vertex 100.501 16 21.7554
    endloop
  endfacet
  facet normal 0 1 0
    outer loop
      vertex 96.421 16 19.8177
      vertex 98.1336 16 21.9765
      vertex 98.0806 16 19.8941
    endloop
  endfacet
  facet normal 0 1 0
    outer loop
      vertex 100.564 16 20.9118
      vertex 98.1336 16 21.9765
      vertex 100.548 16 21.36
    endloop
  endfacet
  facet normal 0 1 0
    outer loop
      vertex 98.1336 16 21.9765
      vertex 95.7152 16 21.5764
      vertex 95.6669 16 21.8817
    endloop
  endfacet
  facet normal 0 1 0
    outer loop
      vertex 98.1336 16 21.9765
      vertex 100.564 16 20.9118
      vertex 98.0806 16 19.8941
    endloop
  endfacet
  facet normal 0 1 0
    outer loop
      vertex 98.1336 16 21.9765
      vertex 95.7442 16 21.2531
      vertex 95.7152 16 21.5764
    endloop
  endfacet
  facet normal 0 1 0
    outer loop
      vertex 98.1336 16 21.9765
      vertex 95.7538 16 20.9118
      vertex 95.7442 16 21.2531
    endloop
  endfacet
  facet normal 0 1 0
    outer loop
      vertex 98.0806 16 19.8941
      vertex 100.564 16 20.9118
      vertex 100.548 16 20.4501
    endloop
  endfacet
  facet normal 0 1 0
    outer loop
      vertex 98.1336 16 21.9765
      vertex 96.421 16 19.8177
      vertex 95.7538 16 20.9118
    endloop
  endfacet
  facet normal 0 1 0
    outer loop
      vertex 98.0806 16 19.8941
      vertex 100.548 16 20.4501
      vertex 100.5 16 20.0427
    endloop
  endfacet
  facet normal 0 1 0
    outer loop
      vertex 95.7538 16 20.9118
      vertex 96.421 16 19.8177
      vertex 95.7443 16 20.5594
    endloop
  endfacet
  facet normal 0 1 0
    outer loop
      vertex 95.7443 16 20.5594
      vertex 96.421 16 19.8177
      vertex 95.7158 16 20.2261
    endloop
  endfacet
  facet normal 0 1 -0
    outer loop
      vertex 100.42 16 19.6896
      vertex 98.0806 16 19.8941
      vertex 100.5 16 20.0427
    endloop
  endfacet
  facet normal 0 1 0
    outer loop
      vertex 98.0806 16 19.8941
      vertex 100.42 16 19.6896
      vertex 98.1006 16 19.767
    endloop
  endfacet
  facet normal 0 1 0
    outer loop
      vertex 100.42 16 19.6896
      vertex 98.1265 16 19.6471
      vertex 98.1006 16 19.767
    endloop
  endfacet
  facet normal 0 1 -0
    outer loop
      vertex 100.307 16 19.3908
      vertex 98.1265 16 19.6471
      vertex 100.42 16 19.6896
    endloop
  endfacet
  facet normal 0 1 0
    outer loop
      vertex 98.1265 16 19.6471
      vertex 100.307 16 19.3908
      vertex 98.1584 16 19.5343
    endloop
  endfacet
  facet normal 0 1 0
    outer loop
      vertex 98.1584 16 19.5343
      vertex 100.307 16 19.3908
      vertex 98.1963 16 19.4288
    endloop
  endfacet
  facet normal 0 1 -0
    outer loop
      vertex 99.1608 16 18.7155
      vertex 98.1963 16 19.4288
      vertex 100.307 16 19.3908
    endloop
  endfacet
  facet normal 0 1 0
    outer loop
      vertex 98.1963 16 19.4288
      vertex 99.1608 16 18.7155
      vertex 98.2401 16 19.3304
    endloop
  endfacet
  facet normal 0 1 0
    outer loop
      vertex 98.2401 16 19.3304
      vertex 99.1608 16 18.7155
      vertex 98.2899 16 19.2392
    endloop
  endfacet
  facet normal 0 1 0
    outer loop
      vertex 99.2635 16 18.7118
      vertex 100.307 16 19.3908
      vertex 100.163 16 19.1464
    endloop
  endfacet
  facet normal -0 1 -0
    outer loop
      vertex 99.0618 16 18.7265
      vertex 98.2899 16 19.2392
      vertex 99.1608 16 18.7155
    endloop
  endfacet
  facet normal 0 1 0
    outer loop
      vertex 98.2899 16 19.2392
      vertex 99.0618 16 18.7265
      vertex 98.3456 16 19.1552
    endloop
  endfacet
  facet normal 0 1 0
    outer loop
      vertex 99.5365 16 18.739
      vertex 100.163 16 19.1464
      vertex 99.9861 16 18.9563
    endloop
  endfacet
  facet normal 0 1 0
    outer loop
      vertex 98.3456 16 19.1552
      vertex 99.0618 16 18.7265
      vertex 98.4073 16 19.0784
    endloop
  endfacet
  facet normal 0 1 0
    outer loop
      vertex 98.4073 16 19.0784
      vertex 99.0618 16 18.7265
      vertex 98.4749 16 19.0088
    endloop
  endfacet
  facet normal 0 1 0
    outer loop
      vertex 98.4749 16 19.0088
      vertex 99.0618 16 18.7265
      vertex 98.5474 16 18.9465
    endloop
  endfacet
  facet normal 0 1 0
    outer loop
      vertex 99.5365 16 18.739
      vertex 99.9861 16 18.9563
      vertex 99.7773 16 18.8204
    endloop
  endfacet
  facet normal 0 1 0
    outer loop
      vertex 98.5474 16 18.9465
      vertex 99.0618 16 18.7265
      vertex 98.6237 16 18.8915
    endloop
  endfacet
  facet normal 0 1 0
    outer loop
      vertex 98.6237 16 18.8915
      vertex 99.0618 16 18.7265
      vertex 98.7038 16 18.8438
    endloop
  endfacet
  facet normal 0 1 0
    outer loop
      vertex 98.7876 16 18.8035
      vertex 98.9667 16 18.7448
      vertex 98.8753 16 18.7705
    endloop
  endfacet
  facet normal 0 1 0
    outer loop
      vertex 100.163 16 19.1464
      vertex 99.5365 16 18.739
      vertex 99.2635 16 18.7118
    endloop
  endfacet
  facet normal 0 1 0
    outer loop
      vertex 98.7876 16 18.8035
      vertex 99.0618 16 18.7265
      vertex 98.9667 16 18.7448
    endloop
  endfacet
  facet normal 0 1 0
    outer loop
      vertex 98.7038 16 18.8438
      vertex 99.0618 16 18.7265
      vertex 98.7876 16 18.8035
    endloop
  endfacet
  facet normal 0 1 0
    outer loop
      vertex 100.307 16 19.3908
      vertex 99.2635 16 18.7118
      vertex 99.1608 16 18.7155
    endloop
  endfacet
  facet normal 0 1 0
    outer loop
      vertex 87.8833 16 24.0648
      vertex 85.0065 16 23.3066
      vertex 84.7584 16 24.0648
    endloop
  endfacet
  facet normal 0 1 0
    outer loop
      vertex 87.8833 16 24.0648
      vertex 85.2301 16 22.6219
      vertex 85.0065 16 23.3066
    endloop
  endfacet
  facet normal 0 1 0
    outer loop
      vertex 87.8833 16 24.0648
      vertex 85.4293 16 22.0105
      vertex 85.2301 16 22.6219
    endloop
  endfacet
  facet normal 0 1 0
    outer loop
      vertex 87.8833 16 24.0648
      vertex 85.6041 16 21.4724
      vertex 85.4293 16 22.0105
    endloop
  endfacet
  facet normal 0 1 -0
    outer loop
      vertex 86.7711 16 20.506
      vertex 85.6041 16 21.4724
      vertex 87.8833 16 24.0648
    endloop
  endfacet
  facet normal 0 1 0
    outer loop
      vertex 85.6041 16 21.4724
      vertex 86.7711 16 20.506
      vertex 85.7545 16 21.0077
    endloop
  endfacet
  facet normal 0 1 0
    outer loop
      vertex 85.7545 16 21.0077
      vertex 86.7711 16 20.506
      vertex 85.8805 16 20.6163
    endloop
  endfacet
  facet normal 0 1 -0
    outer loop
      vertex 86.7485 16 20.4297
      vertex 85.8805 16 20.6163
      vertex 86.7711 16 20.506
    endloop
  endfacet
  facet normal 0 1 0
    outer loop
      vertex 85.9821 16 20.2983
      vertex 86.7485 16 20.4297
      vertex 86.72 16 20.3316
    endloop
  endfacet
  facet normal 0 1 0
    outer loop
      vertex 86.7485 16 20.4297
      vertex 85.9821 16 20.2983
      vertex 85.8805 16 20.6163
    endloop
  endfacet
  facet normal 0 1 -0
    outer loop
      vertex 86.6854 16 20.2118
      vertex 85.9821 16 20.2983
      vertex 86.72 16 20.3316
    endloop
  endfacet
  facet normal 0 1 0
    outer loop
      vertex 86.0592 16 20.0537
      vertex 86.6854 16 20.2118
      vertex 86.6449 16 20.0702
    endloop
  endfacet
  facet normal 0 1 0
    outer loop
      vertex 86.6854 16 20.2118
      vertex 86.0592 16 20.0537
      vertex 85.9821 16 20.2983
    endloop
  endfacet
  facet normal 0 1 -0
    outer loop
      vertex 86.5985 16 19.9068
      vertex 86.0592 16 20.0537
      vertex 86.6449 16 20.0702
    endloop
  endfacet
  facet normal 0 1 0
    outer loop
      vertex 86.5985 16 19.9068
      vertex 86.112 16 19.8823
      vertex 86.0592 16 20.0537
    endloop
  endfacet
  facet normal 0 1 0
    outer loop
      vertex 86.5985 16 19.9068
      vertex 86.151 16 19.7522
      vertex 86.112 16 19.8823
    endloop
  endfacet
  facet normal 0 1 -0
    outer loop
      vertex 86.5461 16 19.7216
      vertex 86.151 16 19.7522
      vertex 86.5985 16 19.9068
    endloop
  endfacet
  facet normal 0 1 0
    outer loop
      vertex 86.5461 16 19.7216
      vertex 86.187 16 19.6311
      vertex 86.151 16 19.7522
    endloop
  endfacet
  facet normal 0 1 -0
    outer loop
      vertex 86.4878 16 19.5146
      vertex 86.187 16 19.6311
      vertex 86.5461 16 19.7216
    endloop
  endfacet
  facet normal 0 1 0
    outer loop
      vertex 86.187 16 19.6311
      vertex 86.4878 16 19.5146
      vertex 86.2199 16 19.519
    endloop
  endfacet
  facet normal 0 1 0
    outer loop
      vertex 86.4878 16 19.5146
      vertex 86.2497 16 19.4158
      vertex 86.2199 16 19.519
    endloop
  endfacet
  facet normal 0 1 -0
    outer loop
      vertex 86.4235 16 19.2858
      vertex 86.2497 16 19.4158
      vertex 86.4878 16 19.5146
    endloop
  endfacet
  facet normal 0 1 0
    outer loop
      vertex 86.2497 16 19.4158
      vertex 86.4235 16 19.2858
      vertex 86.2765 16 19.3217
    endloop
  endfacet
  facet normal 0 1 0
    outer loop
      vertex 86.4235 16 19.2858
      vertex 86.3003 16 19.2366
      vertex 86.2765 16 19.3217
    endloop
  endfacet
  facet normal 0 1 0
    outer loop
      vertex 86.4235 16 19.2858
      vertex 86.321 16 19.1605
      vertex 86.3003 16 19.2366
    endloop
  endfacet
  facet normal 0 1 0
    outer loop
      vertex 86.4235 16 19.2858
      vertex 86.3387 16 19.0934
      vertex 86.321 16 19.1605
    endloop
  endfacet
  facet normal -0 1 0
    outer loop
      vertex 86.3387 16 19.0934
      vertex 86.4235 16 19.2858
      vertex 86.3532 16 19.0353
    endloop
  endfacet
  facet normal 0 1 -0
    outer loop
      vertex 91.6615 16 24.0029
      vertex 89.6311 16 24.0648
      vertex 91.9102 16 24.0814
    endloop
  endfacet
  facet normal 0 1 -0
    outer loop
      vertex 91.4287 16 23.9019
      vertex 89.6311 16 24.0648
      vertex 91.6615 16 24.0029
    endloop
  endfacet
  facet normal 0 1 -0
    outer loop
      vertex 91.2119 16 23.7785
      vertex 89.6311 16 24.0648
      vertex 91.4287 16 23.9019
    endloop
  endfacet
  facet normal 0 1 -0
    outer loop
      vertex 91.011 16 23.6326
      vertex 89.6311 16 24.0648
      vertex 91.2119 16 23.7785
    endloop
  endfacet
  facet normal 0 1 -0
    outer loop
      vertex 90.8262 16 23.4643
      vertex 89.6311 16 24.0648
      vertex 91.011 16 23.6326
    endloop
  endfacet
  facet normal 0 1 -0
    outer loop
      vertex 90.6573 16 23.2735
      vertex 89.6311 16 24.0648
      vertex 90.8262 16 23.4643
    endloop
  endfacet
  facet normal 0 1 -0
    outer loop
      vertex 90.5054 16 23.0612
      vertex 89.6311 16 24.0648
      vertex 90.6573 16 23.2735
    endloop
  endfacet
  facet normal 0 1 -0
    outer loop
      vertex 90.3714 16 22.8279
      vertex 89.6311 16 24.0648
      vertex 90.5054 16 23.0612
    endloop
  endfacet
  facet normal 0 1 -0
    outer loop
      vertex 90.2552 16 22.5739
      vertex 89.6311 16 24.0648
      vertex 90.3714 16 22.8279
    endloop
  endfacet
  facet normal 0 1 -0
    outer loop
      vertex 90.1569 16 22.299
      vertex 89.6311 16 24.0648
      vertex 90.2552 16 22.5739
    endloop
  endfacet
  facet normal 0 1 -0
    outer loop
      vertex 90.0765 16 22.0032
      vertex 89.6311 16 24.0648
      vertex 90.1569 16 22.299
    endloop
  endfacet
  facet normal 0 1 -0
    outer loop
      vertex 90.0139 16 21.6866
      vertex 89.6311 16 24.0648
      vertex 90.0765 16 22.0032
    endloop
  endfacet
  facet normal 0 1 -0
    outer loop
      vertex 89.9692 16 21.3492
      vertex 89.6311 16 24.0648
      vertex 90.0139 16 21.6866
    endloop
  endfacet
  facet normal 0 1 0
    outer loop
      vertex 87.3537 16 17.7
      vertex 89.9692 16 21.3492
      vertex 89.9424 16 20.9909
    endloop
  endfacet
  facet normal 0 1 0
    outer loop
      vertex 87.3537 16 17.7
      vertex 89.9424 16 20.9909
      vertex 89.9335 16 20.6118
    endloop
  endfacet
  facet normal 0 1 0
    outer loop
      vertex 87.3537 16 17.7
      vertex 89.9335 16 20.6118
      vertex 89.9335 16 20.5648
    endloop
  endfacet
  facet normal 0 1 0
    outer loop
      vertex 91.5872 16 19.4471
      vertex 94.0135 16 20.3638
      vertex 94.0007 16 20.1742
    endloop
  endfacet
  facet normal 0 1 0
    outer loop
      vertex 91.5872 16 19.4471
      vertex 94.0007 16 20.1742
      vertex 93.9795 16 19.9958
    endloop
  endfacet
  facet normal 0 1 0
    outer loop
      vertex 91.5872 16 19.4471
      vertex 93.9795 16 19.9958
      vertex 93.9497 16 19.8286
    endloop
  endfacet
  facet normal 0 1 0
    outer loop
      vertex 91.5872 16 19.4471
      vertex 93.9497 16 19.8286
      vertex 93.9115 16 19.6727
    endloop
  endfacet
  facet normal 0 1 0
    outer loop
      vertex 91.5872 16 19.4471
      vertex 93.9115 16 19.6727
      vertex 93.8647 16 19.5281
    endloop
  endfacet
  facet normal 0 1 0
    outer loop
      vertex 94.0177 16 20.5648
      vertex 91.5872 16 19.4471
      vertex 89.9335 16 20.5648
    endloop
  endfacet
  facet normal 0 1 -0
    outer loop
      vertex 90.0276 16 19.3118
      vertex 89.9335 16 20.5648
      vertex 91.5872 16 19.4471
    endloop
  endfacet
  facet normal 0 1 0
    outer loop
      vertex 87.3537 16 17.7
      vertex 89.9335 16 20.5648
      vertex 90.0276 16 19.3118
    endloop
  endfacet
  facet normal 0 1 0
    outer loop
      vertex 89.9692 16 21.3492
      vertex 87.3537 16 17.7
      vertex 89.6311 16 24.0648
    endloop
  endfacet
  facet normal 0 1 0
    outer loop
      vertex 90.1953 16 18.9489
      vertex 87.3537 16 17.7
      vertex 90.0276 16 19.3118
    endloop
  endfacet
  facet normal 0 1 0
    outer loop
      vertex 90.3973 16 18.6286
      vertex 87.3537 16 17.7
      vertex 90.1953 16 18.9489
    endloop
  endfacet
  facet normal 0 1 0
    outer loop
      vertex 90.6338 16 18.351
      vertex 87.3537 16 17.7
      vertex 90.3973 16 18.6286
    endloop
  endfacet
  facet normal 0 1 0
    outer loop
      vertex 90.9048 16 18.1161
      vertex 87.3537 16 17.7
      vertex 90.6338 16 18.351
    endloop
  endfacet
  facet normal 0 1 0
    outer loop
      vertex 91.2101 16 17.924
      vertex 87.3537 16 17.7
      vertex 90.9048 16 18.1161
    endloop
  endfacet
  facet normal 0 1 0
    outer loop
      vertex 91.55 16 17.7745
      vertex 87.3537 16 17.7
      vertex 91.2101 16 17.924
    endloop
  endfacet
  facet normal 0 1 0
    outer loop
      vertex 74.3 16 5.99
      vertex 85.3763 16 17.7
      vertex 87.3537 16 17.7
    endloop
  endfacet
  facet normal 0 1 0
    outer loop
      vertex 85.3763 16 17.7
      vertex 74.3 16 5.99
      vertex 82.499 16 17.7
    endloop
  endfacet
  facet normal 0 1 0
    outer loop
      vertex 82.499 16 17.7
      vertex 74.3 16 5.99
      vertex 80.5063 16 17.7
    endloop
  endfacet
  facet normal 0 1 0
    outer loop
      vertex 80.5063 16 17.7
      vertex 74.3 16 5.99
      vertex 78.2218 16 17.7
    endloop
  endfacet
  facet normal 0 1 0
    outer loop
      vertex 74.3 16 5.99
      vertex 87.3537 16 17.7
      vertex 91.9242 16 17.6678
    endloop
  endfacet
  facet normal 0 1 0
    outer loop
      vertex 91.9242 16 17.6678
      vertex 87.3537 16 17.7
      vertex 91.55 16 17.7745
    endloop
  endfacet
  facet normal 0 1 0
    outer loop
      vertex 98.7713 16 24.1545
      vertex 104.7 16 35.4
      vertex 99.0067 16 24.1754
    endloop
  endfacet
  facet normal 0 1 0
    outer loop
      vertex 104.7 16 35.4
      vertex 93.0635 16 24.1719
      vertex 92.7525 16 24.1824
    endloop
  endfacet
  facet normal 0 1 0
    outer loop
      vertex 98.5455 16 24.1196
      vertex 104.7 16 35.4
      vertex 98.7713 16 24.1545
    endloop
  endfacet
  facet normal 0 1 0
    outer loop
      vertex 104.7 16 35.4
      vertex 93.3584 16 24.1405
      vertex 93.0635 16 24.1719
    endloop
  endfacet
  facet normal 0 1 0
    outer loop
      vertex 98.3293 16 24.0708
      vertex 104.7 16 35.4
      vertex 98.5455 16 24.1196
    endloop
  endfacet
  facet normal 0 1 0
    outer loop
      vertex 104.7 16 35.4
      vertex 93.6372 16 24.0883
      vertex 93.3584 16 24.1405
    endloop
  endfacet
  facet normal 0 1 0
    outer loop
      vertex 104.7 16 35.4
      vertex 98.3293 16 24.0708
      vertex 93.6372 16 24.0883
    endloop
  endfacet
  facet normal 0 1 0
    outer loop
      vertex 98.3293 16 24.0708
      vertex 93.8999 16 24.0151
      vertex 93.6372 16 24.0883
    endloop
  endfacet
  facet normal 0 1 -0
    outer loop
      vertex 98.1227 16 24.0081
      vertex 93.8999 16 24.0151
      vertex 98.3293 16 24.0708
    endloop
  endfacet
  facet normal 0 1 -0
    outer loop
      vertex 97.9257 16 23.9314
      vertex 93.8999 16 24.0151
      vertex 98.1227 16 24.0081
    endloop
  endfacet
  facet normal 0 1 0
    outer loop
      vertex 97.9257 16 23.9314
      vertex 94.1464 16 23.9209
      vertex 93.8999 16 24.0151
    endloop
  endfacet
  facet normal 0 1 -0
    outer loop
      vertex 97.7382 16 23.8408
      vertex 94.1464 16 23.9209
      vertex 97.9257 16 23.9314
    endloop
  endfacet
  facet normal 0 1 0
    outer loop
      vertex 97.7382 16 23.8408
      vertex 94.3767 16 23.8059
      vertex 94.1464 16 23.9209
    endloop
  endfacet
  facet normal 0 1 -0
    outer loop
      vertex 97.5604 16 23.7362
      vertex 94.3767 16 23.8059
      vertex 97.7382 16 23.8408
    endloop
  endfacet
  facet normal 0 1 0
    outer loop
      vertex 97.5604 16 23.7362
      vertex 94.591 16 23.67
      vertex 94.3767 16 23.8059
    endloop
  endfacet
  facet normal 0 1 -0
    outer loop
      vertex 97.3921 16 23.6177
      vertex 94.591 16 23.67
      vertex 97.5604 16 23.7362
    endloop
  endfacet
  facet normal 0 1 0
    outer loop
      vertex 97.3921 16 23.6177
      vertex 94.7891 16 23.5131
      vertex 94.591 16 23.67
    endloop
  endfacet
  facet normal 0 1 -0
    outer loop
      vertex 97.2354 16 23.4869
      vertex 94.7891 16 23.5131
      vertex 97.3921 16 23.6177
    endloop
  endfacet
  facet normal 0 1 0
    outer loop
      vertex 94.9711 16 23.3353
      vertex 97.2354 16 23.4869
      vertex 97.0922 16 23.3455
    endloop
  endfacet
  facet normal 0 1 0
    outer loop
      vertex 97.2354 16 23.4869
      vertex 94.9711 16 23.3353
      vertex 94.7891 16 23.5131
    endloop
  endfacet
  facet normal 0 1 -0
    outer loop
      vertex 96.9625 16 23.1935
      vertex 94.9711 16 23.3353
      vertex 97.0922 16 23.3455
    endloop
  endfacet
  facet normal 0 1 0
    outer loop
      vertex 96.9625 16 23.1935
      vertex 95.1354 16 23.1381
      vertex 94.9711 16 23.3353
    endloop
  endfacet
  facet normal 0 1 -0
    outer loop
      vertex 96.8463 16 23.0309
      vertex 95.1354 16 23.1381
      vertex 96.9625 16 23.1935
    endloop
  endfacet
  facet normal 0 1 0
    outer loop
      vertex 96.8463 16 23.0309
      vertex 95.2803 16 22.9228
      vertex 95.1354 16 23.1381
    endloop
  endfacet
  facet normal 0 1 -0
    outer loop
      vertex 96.7436 16 22.8577
      vertex 95.2803 16 22.9228
      vertex 96.8463 16 23.0309
    endloop
  endfacet
  facet normal 0 1 0
    outer loop
      vertex 96.7436 16 22.8577
      vertex 95.406 16 22.6896
      vertex 95.2803 16 22.9228
    endloop
  endfacet
  facet normal 0 1 -0
    outer loop
      vertex 96.6545 16 22.6739
      vertex 95.406 16 22.6896
      vertex 96.7436 16 22.8577
    endloop
  endfacet
  facet normal 0 1 -0
    outer loop
      vertex 96.5789 16 22.4795
      vertex 95.406 16 22.6896
      vertex 96.6545 16 22.6739
    endloop
  endfacet
  facet normal 0 1 0
    outer loop
      vertex 96.5789 16 22.4795
      vertex 95.5123 16 22.4383
      vertex 95.406 16 22.6896
    endloop
  endfacet
  facet normal 0 1 -0
    outer loop
      vertex 96.5167 16 22.2745
      vertex 95.5123 16 22.4383
      vertex 96.5789 16 22.4795
    endloop
  endfacet
  facet normal 0 1 0
    outer loop
      vertex 96.5167 16 22.2745
      vertex 95.5992 16 22.169
      vertex 95.5123 16 22.4383
    endloop
  endfacet
  facet normal 0 1 -0
    outer loop
      vertex 96.4681 16 22.0589
      vertex 95.5992 16 22.169
      vertex 96.5167 16 22.2745
    endloop
  endfacet
  facet normal 0 1 0
    outer loop
      vertex 96.4681 16 22.0589
      vertex 95.6669 16 21.8817
      vertex 95.5992 16 22.169
    endloop
  endfacet
  facet normal 0 1 0
    outer loop
      vertex 95.6669 16 21.8817
      vertex 96.4681 16 22.0589
      vertex 98.1336 16 21.9765
    endloop
  endfacet
  facet normal 0 1 -0
    outer loop
      vertex 89.6311 16 24.0648
      vertex 74.3 16 35.4
      vertex 104.7 16 35.4
    endloop
  endfacet
  facet normal 0 1 0
    outer loop
      vertex 99.0067 16 24.1754
      vertex 104.7 16 35.4
      vertex 99.2517 16 24.1824
    endloop
  endfacet
  facet normal 0 1 0
    outer loop
      vertex 104.7 16 35.4
      vertex 99.5679 16 24.1715
      vertex 99.2517 16 24.1824
    endloop
  endfacet
  facet normal 0 1 0
    outer loop
      vertex 104.7 16 35.4
      vertex 99.8676 16 24.1389
      vertex 99.5679 16 24.1715
    endloop
  endfacet
  facet normal 0 1 0
    outer loop
      vertex 104.7 16 35.4
      vertex 100.151 16 24.0847
      vertex 99.8676 16 24.1389
    endloop
  endfacet
  facet normal 0 1 0
    outer loop
      vertex 104.7 16 35.4
      vertex 100.418 16 24.0087
      vertex 100.151 16 24.0847
    endloop
  endfacet
  facet normal 0 1 0
    outer loop
      vertex 104.7 16 35.4
      vertex 100.668 16 23.9109
      vertex 100.418 16 24.0087
    endloop
  endfacet
  facet normal 0 1 0
    outer loop
      vertex 104.7 16 35.4
      vertex 100.902 16 23.7915
      vertex 100.668 16 23.9109
    endloop
  endfacet
  facet normal 0 1 0
    outer loop
      vertex 104.7 16 35.4
      vertex 101.12 16 23.6504
      vertex 100.902 16 23.7915
    endloop
  endfacet
  facet normal 0 1 0
    outer loop
      vertex 104.7 16 35.4
      vertex 101.321 16 23.4875
      vertex 101.12 16 23.6504
    endloop
  endfacet
  facet normal 0 1 0
    outer loop
      vertex 104.7 16 35.4
      vertex 101.506 16 23.3029
      vertex 101.321 16 23.4875
    endloop
  endfacet
  facet normal 0 1 0
    outer loop
      vertex 104.7 16 35.4
      vertex 101.673 16 23.0989
      vertex 101.506 16 23.3029
    endloop
  endfacet
  facet normal 0 1 0
    outer loop
      vertex 104.7 16 35.4
      vertex 101.82 16 22.8777
      vertex 101.673 16 23.0989
    endloop
  endfacet
  facet normal 0 1 0
    outer loop
      vertex 104.7 16 35.4
      vertex 101.947 16 22.6392
      vertex 101.82 16 22.8777
    endloop
  endfacet
  facet normal 0 1 0
    outer loop
      vertex 104.7 16 35.4
      vertex 102.055 16 22.3836
      vertex 101.947 16 22.6392
    endloop
  endfacet
  facet normal 0 1 0
    outer loop
      vertex 104.7 16 35.4
      vertex 102.143 16 22.1107
      vertex 102.055 16 22.3836
    endloop
  endfacet
  facet normal 0 1 0
    outer loop
      vertex 104.7 16 35.4
      vertex 102.212 16 21.8206
      vertex 102.143 16 22.1107
    endloop
  endfacet
  facet normal 0 1 0
    outer loop
      vertex 104.7 16 35.4
      vertex 102.261 16 21.5133
      vertex 102.212 16 21.8206
    endloop
  endfacet
  facet normal 0 1 0
    outer loop
      vertex 104.7 16 35.4
      vertex 102.29 16 21.1888
      vertex 102.261 16 21.5133
    endloop
  endfacet
  facet normal 0 1 0
    outer loop
      vertex 104.7 16 35.4
      vertex 102.3 16 20.8471
      vertex 102.29 16 21.1888
    endloop
  endfacet
  facet normal 0 1 -0
    outer loop
      vertex 104.7 16 5.99
      vertex 102.3 16 20.8471
      vertex 104.7 16 35.4
    endloop
  endfacet
  facet normal 0 1 0
    outer loop
      vertex 102.3 16 20.8471
      vertex 104.7 16 5.99
      vertex 102.29 16 20.513
    endloop
  endfacet
  facet normal 0 1 0
    outer loop
      vertex 93.0869 16 17.5929
      vertex 104.7 16 5.99
      vertex 92.776 16 17.5824
    endloop
  endfacet
  facet normal 0 1 0
    outer loop
      vertex 99.5888 16 17.593
      vertex 104.7 16 5.99
      vertex 99.2753 16 17.5824
    endloop
  endfacet
  facet normal 0 1 0
    outer loop
      vertex 99.8861 16 17.6249
      vertex 104.7 16 5.99
      vertex 99.5888 16 17.593
    endloop
  endfacet
  facet normal 0 1 0
    outer loop
      vertex 100.167 16 17.6781
      vertex 104.7 16 5.99
      vertex 99.8861 16 17.6249
    endloop
  endfacet
  facet normal 0 1 0
    outer loop
      vertex 100.432 16 17.7526
      vertex 104.7 16 5.99
      vertex 100.167 16 17.6781
    endloop
  endfacet
  facet normal 0 1 0
    outer loop
      vertex 100.68 16 17.8483
      vertex 104.7 16 5.99
      vertex 100.432 16 17.7526
    endloop
  endfacet
  facet normal 0 1 0
    outer loop
      vertex 100.913 16 17.9654
      vertex 104.7 16 5.99
      vertex 100.68 16 17.8483
    endloop
  endfacet
  facet normal 0 1 0
    outer loop
      vertex 101.129 16 18.1037
      vertex 104.7 16 5.99
      vertex 100.913 16 17.9654
    endloop
  endfacet
  facet normal 0 1 0
    outer loop
      vertex 101.328 16 18.2632
      vertex 104.7 16 5.99
      vertex 101.129 16 18.1037
    endloop
  endfacet
  facet normal 0 1 0
    outer loop
      vertex 101.512 16 18.4441
      vertex 104.7 16 5.99
      vertex 101.328 16 18.2632
    endloop
  endfacet
  facet normal 0 1 0
    outer loop
      vertex 101.677 16 18.644
      vertex 104.7 16 5.99
      vertex 101.512 16 18.4441
    endloop
  endfacet
  facet normal 0 1 0
    outer loop
      vertex 101.823 16 18.8607
      vertex 104.7 16 5.99
      vertex 101.677 16 18.644
    endloop
  endfacet
  facet normal 0 1 0
    outer loop
      vertex 101.95 16 19.0941
      vertex 104.7 16 5.99
      vertex 101.823 16 18.8607
    endloop
  endfacet
  facet normal 0 1 0
    outer loop
      vertex 102.057 16 19.3444
      vertex 104.7 16 5.99
      vertex 101.95 16 19.0941
    endloop
  endfacet
  facet normal 0 1 0
    outer loop
      vertex 102.144 16 19.6114
      vertex 104.7 16 5.99
      vertex 102.057 16 19.3444
    endloop
  endfacet
  facet normal 0 1 0
    outer loop
      vertex 102.213 16 19.8951
      vertex 104.7 16 5.99
      vertex 102.144 16 19.6114
    endloop
  endfacet
  facet normal 0 1 0
    outer loop
      vertex 102.261 16 20.1957
      vertex 104.7 16 5.99
      vertex 102.213 16 19.8951
    endloop
  endfacet
  facet normal 0 1 0
    outer loop
      vertex 102.29 16 20.513
      vertex 104.7 16 5.99
      vertex 102.261 16 20.1957
    endloop
  endfacet
  facet normal 0 1 -0
    outer loop
      vertex 76.229 16 17.7
      vertex 74.3 16 35.4
      vertex 79.364 16 24.3
    endloop
  endfacet
  facet normal 0 1 0
    outer loop
      vertex 104.7 16 5.99
      vertex 91.9242 16 17.6678
      vertex 92.3329 16 17.6037
    endloop
  endfacet
  facet normal 0 1 0
    outer loop
      vertex 104.7 16 5.99
      vertex 92.3329 16 17.6037
      vertex 92.776 16 17.5824
    endloop
  endfacet
  facet normal 0 1 0
    outer loop
      vertex 91.9242 16 17.6678
      vertex 104.7 16 5.99
      vertex 74.3 16 5.99
    endloop
  endfacet
  facet normal 0 1 0
    outer loop
      vertex 76.229 16 17.7
      vertex 74.3 16 5.99
      vertex 74.3 16 35.4
    endloop
  endfacet
  facet normal 0 1 0
    outer loop
      vertex 78.2218 16 17.7
      vertex 74.3 16 5.99
      vertex 76.229 16 17.7
    endloop
  endfacet
  facet normal 0 1 0
    outer loop
      vertex 92.4558 16 24.1712
      vertex 104.7 16 35.4
      vertex 92.7525 16 24.1824
    endloop
  endfacet
  facet normal 0 1 0
    outer loop
      vertex 89.6311 16 24.0648
      vertex 104.7 16 35.4
      vertex 92.4558 16 24.1712
    endloop
  endfacet
  facet normal 0 1 0
    outer loop
      vertex 89.6311 16 24.0648
      vertex 92.4558 16 24.1712
      vertex 92.175 16 24.1375
    endloop
  endfacet
  facet normal 0 1 0
    outer loop
      vertex 89.6311 16 24.0648
      vertex 92.175 16 24.1375
      vertex 91.9102 16 24.0814
    endloop
  endfacet
  facet normal 0 1 0
    outer loop
      vertex 74.3 16 35.4
      vertex 89.6311 16 24.0648
      vertex 87.8833 16 24.0648
    endloop
  endfacet
  facet normal 0 1 0
    outer loop
      vertex 74.3 16 35.4
      vertex 87.8833 16 24.0648
      vertex 84.7584 16 24.0648
    endloop
  endfacet
  facet normal 0 1 0
    outer loop
      vertex 74.3 16 35.4
      vertex 84.7584 16 24.0648
      vertex 83.0282 16 24.0648
    endloop
  endfacet
  facet normal 0 1 0
    outer loop
      vertex 74.3 16 35.4
      vertex 83.0282 16 24.0648
      vertex 79.364 16 24.3
    endloop
  endfacet
  facet normal 0 1 0
    outer loop
      vertex 82.499 16 17.7
      vertex 83.0282 16 24.0648
      vertex 85.3763 16 17.7
    endloop
  endfacet
  facet normal 0 1 0
    outer loop
      vertex 83.0282 16 24.0648
      vertex 82.499 16 17.7
      vertex 79.364 16 24.3
    endloop
  endfacet
  facet normal 0 1 0
    outer loop
      vertex 93.7987 16 22.5389
      vertex 92.776 16 23.1413
      vertex 92.9022 16 23.1363
    endloop
  endfacet
  facet normal 0 1 0
    outer loop
      vertex 92.776 16 23.1413
      vertex 91.7748 16 22.5657
      vertex 92.6572 16 23.1365
    endloop
  endfacet
  facet normal 0 1 0
    outer loop
      vertex 93.7987 16 22.5389
      vertex 92.9022 16 23.1363
      vertex 93.0217 16 23.1212
    endloop
  endfacet
  facet normal 0 1 0
    outer loop
      vertex 93.8503 16 22.4288
      vertex 92.776 16 23.1413
      vertex 93.7987 16 22.5389
    endloop
  endfacet
  facet normal 0 1 0
    outer loop
      vertex 93.7397 16 22.6411
      vertex 93.0217 16 23.1212
      vertex 93.1346 16 23.0961
    endloop
  endfacet
  facet normal 0 1 0
    outer loop
      vertex 93.0217 16 23.1212
      vertex 93.7397 16 22.6411
      vertex 93.7987 16 22.5389
    endloop
  endfacet
  facet normal 0 1 0
    outer loop
      vertex 93.6734 16 22.7353
      vertex 93.1346 16 23.0961
      vertex 93.241 16 23.0611
    endloop
  endfacet
  facet normal 0 1 0
    outer loop
      vertex 92.6572 16 23.1365
      vertex 91.7748 16 22.5657
      vertex 92.5438 16 23.1222
    endloop
  endfacet
  facet normal 0 1 0
    outer loop
      vertex 93.6734 16 22.7353
      vertex 93.241 16 23.0611
      vertex 93.3407 16 23.016
    endloop
  endfacet
  facet normal 0 1 0
    outer loop
      vertex 93.1346 16 23.0961
      vertex 93.6734 16 22.7353
      vertex 93.7397 16 22.6411
    endloop
  endfacet
  facet normal 0 1 0
    outer loop
      vertex 93.5203 16 22.8957
      vertex 93.3407 16 23.016
      vertex 93.4338 16 22.9608
    endloop
  endfacet
  facet normal 0 1 0
    outer loop
      vertex 92.2369 16 23.0223
      vertex 92.0599 16 22.9082
      vertex 92.1457 16 22.97
    endloop
  endfacet
  facet normal 0 1 0
    outer loop
      vertex 93.6002 16 22.8205
      vertex 93.3407 16 23.016
      vertex 93.5203 16 22.8957
    endloop
  endfacet
  facet normal 0 1 0
    outer loop
      vertex 92.2369 16 23.0223
      vertex 91.9797 16 22.8368
      vertex 92.0599 16 22.9082
    endloop
  endfacet
  facet normal 0 1 0
    outer loop
      vertex 93.6734 16 22.7353
      vertex 93.3407 16 23.016
      vertex 93.6002 16 22.8205
    endloop
  endfacet
  facet normal -0 1 0
    outer loop
      vertex 91.905 16 22.7559
      vertex 92.436 16 23.0984
      vertex 91.8365 16 22.6656
    endloop
  endfacet
  facet normal 0 1 0
    outer loop
      vertex 92.2369 16 23.0223
      vertex 91.905 16 22.7559
      vertex 91.9797 16 22.8368
    endloop
  endfacet
  facet normal 0 1 0
    outer loop
      vertex 92.436 16 23.0984
      vertex 91.905 16 22.7559
      vertex 92.3337 16 23.0652
    endloop
  endfacet
  facet normal 0 1 0
    outer loop
      vertex 92.3337 16 23.0652
      vertex 91.905 16 22.7559
      vertex 92.2369 16 23.0223
    endloop
  endfacet
  facet normal 0 1 0
    outer loop
      vertex 92.5438 16 23.1222
      vertex 91.8365 16 22.6656
      vertex 92.436 16 23.0984
    endloop
  endfacet
  facet normal -0 1 0
    outer loop
      vertex 91.8365 16 22.6656
      vertex 92.5438 16 23.1222
      vertex 91.7748 16 22.5657
    endloop
  endfacet
  facet normal 0 1 0
    outer loop
      vertex 92.776 16 23.1413
      vertex 91.72 16 22.4563
      vertex 91.7748 16 22.5657
    endloop
  endfacet
  facet normal 0 1 0
    outer loop
      vertex 92.776 16 23.1413
      vertex 93.8503 16 22.4288
      vertex 91.72 16 22.4563
    endloop
  endfacet
  facet normal 0 1 0
    outer loop
      vertex 93.8503 16 22.4288
      vertex 91.6719 16 22.3373
      vertex 91.72 16 22.4563
    endloop
  endfacet
  facet normal 0 1 0
    outer loop
      vertex 93.8946 16 22.3106
      vertex 91.6719 16 22.3373
      vertex 93.8503 16 22.4288
    endloop
  endfacet
  facet normal 0 1 0
    outer loop
      vertex 93.8946 16 22.3106
      vertex 91.6307 16 22.2089
      vertex 91.6719 16 22.3373
    endloop
  endfacet
  facet normal 0 1 0
    outer loop
      vertex 93.9316 16 22.1845
      vertex 91.6307 16 22.2089
      vertex 93.8946 16 22.3106
    endloop
  endfacet
  facet normal 0 1 0
    outer loop
      vertex 93.9316 16 22.1845
      vertex 91.5964 16 22.071
      vertex 91.6307 16 22.2089
    endloop
  endfacet
  facet normal 0 1 0
    outer loop
      vertex 93.9612 16 22.0504
      vertex 91.5964 16 22.071
      vertex 93.9316 16 22.1845
    endloop
  endfacet
  facet normal 0 1 0
    outer loop
      vertex 93.9835 16 21.9082
      vertex 91.5964 16 22.071
      vertex 93.9612 16 22.0504
    endloop
  endfacet
  facet normal 0 1 0
    outer loop
      vertex 91.5964 16 22.071
      vertex 93.9835 16 21.9082
      vertex 91.5688 16 21.9235
    endloop
  endfacet
  facet normal 0 1 0
    outer loop
      vertex 93.9984 16 21.7581
      vertex 91.5688 16 21.9235
      vertex 93.9835 16 21.9082
    endloop
  endfacet
  facet normal 0 1 0
    outer loop
      vertex 91.5688 16 21.9235
      vertex 93.9984 16 21.7581
      vertex 91.5481 16 21.7665
    endloop
  endfacet
  facet normal 0 1 0
    outer loop
      vertex 94.006 16 21.6001
      vertex 91.5481 16 21.7665
      vertex 93.9984 16 21.7581
    endloop
  endfacet
  facet normal 0 1 0
    outer loop
      vertex 91.5481 16 21.7665
      vertex 94.006 16 21.6001
      vertex 91.5342 16 21.6001
    endloop
  endfacet
  facet normal -0.671213 -0.741264 0
    outer loop
      vertex 73.7343 -15.7657 5.99
      vertex 73.7925 -15.8184 35.4
      vertex 73.7343 -15.7657 35.4
    endloop
  endfacet
  facet normal -0.671213 -0.741264 -0
    outer loop
      vertex 73.7925 -15.8184 35.4
      vertex 73.7343 -15.7657 5.99
      vertex 73.7925 -15.8184 5.99
    endloop
  endfacet
  facet normal 0.672482 -0.740113 0
    outer loop
      vertex 105.208 -15.8184 5.99
      vertex 105.266 -15.7657 35.4
      vertex 105.208 -15.8184 35.4
    endloop
  endfacet
  facet normal 0.672482 -0.740113 0
    outer loop
      vertex 105.266 -15.7657 35.4
      vertex 105.208 -15.8184 5.99
      vertex 105.266 -15.7657 5.99
    endloop
  endfacet
  facet normal -0.741264 0.671213 0
    outer loop
      vertex 73.6816 15.7075 5.99
      vertex 73.7343 15.7657 35.4
      vertex 73.7343 15.7657 5.99
    endloop
  endfacet
  facet normal -0.741264 0.671213 0
    outer loop
      vertex 73.7343 15.7657 35.4
      vertex 73.6816 15.7075 5.99
      vertex 73.6816 15.7075 35.4
    endloop
  endfacet
  facet normal -0.0496835 -0.998765 0
    outer loop
      vertex 74.2216 -15.9961 5.99
      vertex 74.3 -16 35.4
      vertex 74.2216 -15.9961 35.4
    endloop
  endfacet
  facet normal -0.0496835 -0.998765 -0
    outer loop
      vertex 74.3 -16 35.4
      vertex 74.2216 -15.9961 5.99
      vertex 74.3 -16 5.99
    endloop
  endfacet
  facet normal 0.56219 -0.419412 0.712767
    outer loop
      vertex 105.365 -15.6445 35.4
      vertex 104.866 -15.3107 35.99
      vertex 105.318 -15.7075 35.4
    endloop
  endfacet
  facet normal -0.903893 -0.427758 0
    outer loop
      vertex 73.5945 -15.5771 5.99
      vertex 73.5609 -15.5061 35.4
      vertex 73.5609 -15.5061 5.99
    endloop
  endfacet
  facet normal -0.903893 -0.427758 0
    outer loop
      vertex 73.5609 -15.5061 35.4
      vertex 73.5945 -15.5771 5.99
      vertex 73.5945 -15.5771 35.4
    endloop
  endfacet
  facet normal 0.854345 -0.519706 0
    outer loop
      vertex 105.365 -15.6445 35.4
      vertex 105.406 -15.5771 5.99
      vertex 105.406 -15.5771 35.4
    endloop
  endfacet
  facet normal 0.854345 -0.519706 0
    outer loop
      vertex 105.406 -15.5771 5.99
      vertex 105.365 -15.6445 35.4
      vertex 105.365 -15.6445 5.99
    endloop
  endfacet
  facet normal 0.336014 -0.941857 0
    outer loop
      vertex 104.932 -15.9655 5.99
      vertex 105.006 -15.9391 35.4
      vertex 104.932 -15.9655 35.4
    endloop
  endfacet
  facet normal 0.336014 -0.941857 0
    outer loop
      vertex 105.006 -15.9391 35.4
      vertex 104.932 -15.9655 5.99
      vertex 105.006 -15.9391 5.99
    endloop
  endfacet
  facet normal 0.243736 -0.969841 0
    outer loop
      vertex 104.856 -15.9846 5.99
      vertex 104.932 -15.9655 35.4
      vertex 104.856 -15.9846 35.4
    endloop
  endfacet
  facet normal 0.243736 -0.969841 0
    outer loop
      vertex 104.932 -15.9655 35.4
      vertex 104.856 -15.9846 5.99
      vertex 104.932 -15.9655 5.99
    endloop
  endfacet
  facet normal -0.562825 0.418098 0.713037
    outer loop
      vertex 73.6816 15.7075 35.4
      vertex 73.6348 15.6445 35.4
      vertex 74.1343 15.3107 35.99
    endloop
  endfacet
  facet normal -0.989039 -0.147656 0
    outer loop
      vertex 73.5154 -15.3561 5.99
      vertex 73.5038 -15.2784 35.4
      vertex 73.5038 -15.2784 5.99
    endloop
  endfacet
  facet normal -0.989039 -0.147656 0
    outer loop
      vertex 73.5038 -15.2784 35.4
      vertex 73.5154 -15.3561 5.99
      vertex 73.5154 -15.3561 35.4
    endloop
  endfacet
  facet normal -0.858278 -0.513184 0
    outer loop
      vertex 73.6348 -15.6445 5.99
      vertex 73.5945 -15.5771 35.4
      vertex 73.5945 -15.5771 5.99
    endloop
  endfacet
  facet normal -0.858278 -0.513184 0
    outer loop
      vertex 73.5945 -15.5771 35.4
      vertex 73.6348 -15.6445 5.99
      vertex 73.6348 -15.6445 35.4
    endloop
  endfacet
  facet normal 0.515436 0.856928 -0
    outer loop
      vertex 105.144 15.8652 5.99
      vertex 105.077 15.9055 35.4
      vertex 105.144 15.8652 35.4
    endloop
  endfacet
  facet normal 0.515436 0.856928 0
    outer loop
      vertex 105.077 15.9055 35.4
      vertex 105.144 15.8652 5.99
      vertex 105.077 15.9055 5.99
    endloop
  endfacet
  facet normal 0.801524 0.597962 0
    outer loop
      vertex 105.365 15.6445 35.4
      vertex 105.318 15.7075 5.99
      vertex 105.318 15.7075 35.4
    endloop
  endfacet
  facet normal 0.801524 0.597962 0
    outer loop
      vertex 105.318 15.7075 5.99
      vertex 105.365 15.6445 35.4
      vertex 105.365 15.6445 5.99
    endloop
  endfacet
  facet normal 0.998701 -0.0509541 0
    outer loop
      vertex 105.496 -15.2784 35.4
      vertex 105.5 -15.2 5.99
      vertex 105.5 -15.2 35.4
    endloop
  endfacet
  facet normal 0.998701 -0.0509541 0
    outer loop
      vertex 105.5 -15.2 5.99
      vertex 105.496 -15.2784 35.4
      vertex 105.496 -15.2784 5.99
    endloop
  endfacet
  facet normal -0.65995 0.236721 0.713042
    outer loop
      vertex 74.1159 15.2762 35.99
      vertex 73.5609 15.5061 35.4
      vertex 74.1093 15.2578 35.99
    endloop
  endfacet
  facet normal 0.685223 -0.144258 0.713904
    outer loop
      vertex 104.895 -15.2388 35.99
      vertex 104.891 -15.2578 35.99
      vertex 105.485 -15.3561 35.4
    endloop
  endfacet
  facet normal 0.998701 0.0509541 0
    outer loop
      vertex 105.5 15.2 35.4
      vertex 105.496 15.2784 5.99
      vertex 105.496 15.2784 35.4
    endloop
  endfacet
  facet normal 0.998701 0.0509541 0
    outer loop
      vertex 105.496 15.2784 5.99
      vertex 105.5 15.2 35.4
      vertex 105.5 15.2 5.99
    endloop
  endfacet
  facet normal -0.741264 -0.671213 0
    outer loop
      vertex 73.7343 -15.7657 5.99
      vertex 73.6816 -15.7075 35.4
      vertex 73.6816 -15.7075 5.99
    endloop
  endfacet
  facet normal -0.741264 -0.671213 0
    outer loop
      vertex 73.6816 -15.7075 35.4
      vertex 73.7343 -15.7657 5.99
      vertex 73.7343 -15.7657 35.4
    endloop
  endfacet
  facet normal 0.906835 0.421487 0
    outer loop
      vertex 105.439 15.5061 35.4
      vertex 105.406 15.5771 5.99
      vertex 105.406 15.5771 35.4
    endloop
  endfacet
  facet normal 0.906835 0.421487 0
    outer loop
      vertex 105.406 15.5771 5.99
      vertex 105.439 15.5061 35.4
      vertex 105.439 15.5061 5.99
    endloop
  endfacet
  facet normal -0.170691 -0.680083 0.712988
    outer loop
      vertex 74.2421 -15.3907 35.99
      vertex 74.0678 -15.9655 35.4
      vertex 74.1439 -15.9846 35.4
    endloop
  endfacet
  facet normal -0.903893 0.427758 0
    outer loop
      vertex 73.5609 15.5061 5.99
      vertex 73.5945 15.5771 35.4
      vertex 73.5945 15.5771 5.99
    endloop
  endfacet
  facet normal -0.903893 0.427758 0
    outer loop
      vertex 73.5945 15.5771 35.4
      vertex 73.5609 15.5061 5.99
      vertex 73.5609 15.5061 35.4
    endloop
  endfacet
  facet normal -0.14641 0.989224 0
    outer loop
      vertex 74.2216 15.9961 5.99
      vertex 74.1439 15.9846 35.4
      vertex 74.2216 15.9961 35.4
    endloop
  endfacet
  facet normal -0.14641 0.989224 0
    outer loop
      vertex 74.1439 15.9846 35.4
      vertex 74.2216 15.9961 5.99
      vertex 74.1439 15.9846 5.99
    endloop
  endfacet
  facet normal -0.427758 -0.903893 0
    outer loop
      vertex 73.9229 -15.9055 5.99
      vertex 73.9939 -15.9391 35.4
      vertex 73.9229 -15.9055 35.4
    endloop
  endfacet
  facet normal -0.427758 -0.903893 -0
    outer loop
      vertex 73.9939 -15.9391 35.4
      vertex 73.9229 -15.9055 5.99
      vertex 73.9939 -15.9391 5.99
    endloop
  endfacet
  facet normal -0.596324 -0.802744 0
    outer loop
      vertex 73.7925 -15.8184 5.99
      vertex 73.8555 -15.8652 35.4
      vertex 73.7925 -15.8184 35.4
    endloop
  endfacet
  facet normal -0.596324 -0.802744 -0
    outer loop
      vertex 73.8555 -15.8652 35.4
      vertex 73.7925 -15.8184 5.99
      vertex 73.8555 -15.8652 5.99
    endloop
  endfacet
  facet normal 0.0499376 0.998752 -0
    outer loop
      vertex 104.778 15.9961 5.99
      vertex 104.7 16 35.4
      vertex 104.778 15.9961 35.4
    endloop
  endfacet
  facet normal 0.0499376 0.998752 0
    outer loop
      vertex 104.7 16 35.4
      vertex 104.778 15.9961 5.99
      vertex 104.7 16 5.99
    endloop
  endfacet
  facet normal -0.941309 0.337546 0
    outer loop
      vertex 73.5344 15.4322 5.99
      vertex 73.5609 15.5061 35.4
      vertex 73.5609 15.5061 5.99
    endloop
  endfacet
  facet normal -0.941309 0.337546 0
    outer loop
      vertex 73.5609 15.5061 35.4
      vertex 73.5344 15.4322 5.99
      vertex 73.5344 15.4322 35.4
    endloop
  endfacet
  facet normal -0.941309 -0.337546 0
    outer loop
      vertex 73.5609 -15.5061 5.99
      vertex 73.5344 -15.4322 35.4
      vertex 73.5344 -15.4322 5.99
    endloop
  endfacet
  facet normal -0.941309 -0.337546 0
    outer loop
      vertex 73.5344 -15.4322 35.4
      vertex 73.5609 -15.5061 5.99
      vertex 73.5609 -15.5061 35.4
    endloop
  endfacet
  facet normal 0.463322 0.526502 0.712831
    outer loop
      vertex 105.266 15.7657 35.4
      vertex 104.826 15.3541 35.99
      vertex 104.841 15.3409 35.99
    endloop
  endfacet
  facet normal 0.0499376 -0.998752 0
    outer loop
      vertex 104.7 -16 5.99
      vertex 104.778 -15.9961 35.4
      vertex 104.7 -16 35.4
    endloop
  endfacet
  facet normal 0.0499376 -0.998752 0
    outer loop
      vertex 104.778 -15.9961 35.4
      vertex 104.7 -16 5.99
      vertex 104.778 -15.9961 5.99
    endloop
  endfacet
  facet normal 0.939273 0.343171 0
    outer loop
      vertex 105.466 15.4322 35.4
      vertex 105.439 15.5061 5.99
      vertex 105.439 15.5061 35.4
    endloop
  endfacet
  facet normal 0.939273 0.343171 0
    outer loop
      vertex 105.439 15.5061 5.99
      vertex 105.466 15.4322 35.4
      vertex 105.466 15.4322 5.99
    endloop
  endfacet
  facet normal 0 0 1
    outer loop
      vertex 92.8 7.00099 35.99
      vertex 86.4352 6.47179 35.99
      vertex 92.8 4.12367 35.99
    endloop
  endfacet
  facet normal 0 0 1
    outer loop
      vertex 74.1 15.1855 35.99
      vertex 86.4352 4.74158 35.99
      vertex 86.4352 6.47179 35.99
    endloop
  endfacet
  facet normal 0 0 1
    outer loop
      vertex 86.4352 4.74158 35.99
      vertex 74.1 15.1855 35.99
      vertex 86.4352 1.61665 35.99
    endloop
  endfacet
  facet normal 0 0 1
    outer loop
      vertex 86.4352 1.61665 35.99
      vertex 74.1 15.1855 35.99
      vertex 86.4352 -0.131149 35.99
    endloop
  endfacet
  facet normal 0 0 1
    outer loop
      vertex 74.1 -15.1855 35.99
      vertex 86.4352 -0.131149 35.99
      vertex 74.1 15.1855 35.99
    endloop
  endfacet
  facet normal 0 0 1
    outer loop
      vertex 86.4352 -0.131149 35.99
      vertex 86.3625 -2.67502 35.99
      vertex 86.4186 -2.41025 35.99
    endloop
  endfacet
  facet normal 0 0 1
    outer loop
      vertex 86.4352 -0.131149 35.99
      vertex 74.1 -15.1855 35.99
      vertex 86.3625 -2.67502 35.99
    endloop
  endfacet
  facet normal 0 0 1
    outer loop
      vertex 86.3625 -2.67502 35.99
      vertex 74.1 -15.1855 35.99
      vertex 86.3288 -2.95576 35.99
    endloop
  endfacet
  facet normal 0 0 1
    outer loop
      vertex 74.1 15.1855 35.99
      vertex 86.4352 6.47179 35.99
      vertex 86.2 10.136 35.99
    endloop
  endfacet
  facet normal 0 0 1
    outer loop
      vertex 86.2 10.136 35.99
      vertex 86.4352 6.47179 35.99
      vertex 92.8 7.00099 35.99
    endloop
  endfacet
  facet normal 0 0 1
    outer loop
      vertex 92.8 11.2782 35.99
      vertex 90.3952 10.136 35.99
      vertex 92.8 8.99373 35.99
    endloop
  endfacet
  facet normal 0 0 1
    outer loop
      vertex 104.9 -15.1854 35.99
      vertex 92.9142 -9.60582 35.99
      vertex 92.9176 -9.77525 35.99
    endloop
  endfacet
  facet normal -0 0 1
    outer loop
      vertex 92.8756 -3.88136 35.99
      vertex 104.9 -15.1854 35.99
      vertex 92.9071 -3.5869 35.99
    endloop
  endfacet
  facet normal 0 0 1
    outer loop
      vertex 104.9 -15.1854 35.99
      vertex 92.9038 -9.44019 35.99
      vertex 92.9142 -9.60582 35.99
    endloop
  endfacet
  facet normal 0 0 1
    outer loop
      vertex 104.9 -15.1854 35.99
      vertex 92.8866 -9.27831 35.99
      vertex 92.9038 -9.44019 35.99
    endloop
  endfacet
  facet normal -0 0 1
    outer loop
      vertex 92.8232 -4.15942 35.99
      vertex 104.9 -15.1854 35.99
      vertex 92.8756 -3.88136 35.99
    endloop
  endfacet
  facet normal 0 0 1
    outer loop
      vertex 104.9 -15.1854 35.99
      vertex 92.8624 -9.12022 35.99
      vertex 92.8866 -9.27831 35.99
    endloop
  endfacet
  facet normal -0 0 1
    outer loop
      vertex 92.7934 -8.81537 35.99
      vertex 104.9 -15.1854 35.99
      vertex 92.8232 -4.15942 35.99
    endloop
  endfacet
  facet normal 0 0 1
    outer loop
      vertex 104.9 -15.1854 35.99
      vertex 92.8314 -8.96591 35.99
      vertex 92.8624 -9.12022 35.99
    endloop
  endfacet
  facet normal 0 0 1
    outer loop
      vertex 104.9 -15.1854 35.99
      vertex 92.7934 -8.81537 35.99
      vertex 92.8314 -8.96591 35.99
    endloop
  endfacet
  facet normal -0 0 1
    outer loop
      vertex 92.7497 -4.42105 35.99
      vertex 92.7934 -8.81537 35.99
      vertex 92.8232 -4.15942 35.99
    endloop
  endfacet
  facet normal 0 0 1
    outer loop
      vertex 92.7497 -4.42105 35.99
      vertex 92.7486 -8.66862 35.99
      vertex 92.7934 -8.81537 35.99
    endloop
  endfacet
  facet normal 0 0 1
    outer loop
      vertex 92.7497 -4.42105 35.99
      vertex 92.6969 -8.52565 35.99
      vertex 92.7486 -8.66862 35.99
    endloop
  endfacet
  facet normal -0 0 1
    outer loop
      vertex 92.6553 -4.66628 35.99
      vertex 92.6969 -8.52565 35.99
      vertex 92.7497 -4.42105 35.99
    endloop
  endfacet
  facet normal 0 0 1
    outer loop
      vertex 92.6553 -4.66628 35.99
      vertex 92.6382 -8.38644 35.99
      vertex 92.6969 -8.52565 35.99
    endloop
  endfacet
  facet normal 0 0 1
    outer loop
      vertex 92.6553 -4.66628 35.99
      vertex 92.5733 -8.25204 35.99
      vertex 92.6382 -8.38644 35.99
    endloop
  endfacet
  facet normal -0 0 1
    outer loop
      vertex 92.5398 -4.89505 35.99
      vertex 92.5733 -8.25204 35.99
      vertex 92.6553 -4.66628 35.99
    endloop
  endfacet
  facet normal 0 0 1
    outer loop
      vertex 92.5398 -4.89505 35.99
      vertex 92.5026 -8.12355 35.99
      vertex 92.5733 -8.25204 35.99
    endloop
  endfacet
  facet normal 0 0 1
    outer loop
      vertex 92.5398 -4.89505 35.99
      vertex 92.4261 -8.00093 35.99
      vertex 92.5026 -8.12355 35.99
    endloop
  endfacet
  facet normal -0 0 1
    outer loop
      vertex 92.4034 -5.10744 35.99
      vertex 92.4261 -8.00093 35.99
      vertex 92.5398 -4.89505 35.99
    endloop
  endfacet
  facet normal 0 0 1
    outer loop
      vertex 92.4034 -5.10744 35.99
      vertex 92.344 -7.8842 35.99
      vertex 92.4261 -8.00093 35.99
    endloop
  endfacet
  facet normal -0 0 1
    outer loop
      vertex 92.246 -5.30339 35.99
      vertex 92.344 -7.8842 35.99
      vertex 92.4034 -5.10744 35.99
    endloop
  endfacet
  facet normal 0 0 1
    outer loop
      vertex 92.344 -7.8842 35.99
      vertex 92.246 -5.30339 35.99
      vertex 92.2561 -7.77338 35.99
    endloop
  endfacet
  facet normal 0 0 1
    outer loop
      vertex 92.246 -5.30339 35.99
      vertex 92.1624 -7.66841 35.99
      vertex 92.2561 -7.77338 35.99
    endloop
  endfacet
  facet normal -0 0 1
    outer loop
      vertex 92.0676 -5.48293 35.99
      vertex 92.1624 -7.66841 35.99
      vertex 92.246 -5.30339 35.99
    endloop
  endfacet
  facet normal 0 0 1
    outer loop
      vertex 92.0676 -5.48293 35.99
      vertex 92.0631 -7.56934 35.99
      vertex 92.1624 -7.66841 35.99
    endloop
  endfacet
  facet normal 0 0 1
    outer loop
      vertex 92.0676 -5.48293 35.99
      vertex 91.9579 -7.47615 35.99
      vertex 92.0631 -7.56934 35.99
    endloop
  endfacet
  facet normal -0 0 1
    outer loop
      vertex 91.8691 -5.64473 35.99
      vertex 91.9579 -7.47615 35.99
      vertex 92.0676 -5.48293 35.99
    endloop
  endfacet
  facet normal 0 0 1
    outer loop
      vertex 91.8691 -5.64473 35.99
      vertex 91.8471 -7.38885 35.99
      vertex 91.9579 -7.47615 35.99
    endloop
  endfacet
  facet normal 0 0 1
    outer loop
      vertex 91.8691 -5.64473 35.99
      vertex 91.7316 -7.30811 35.99
      vertex 91.8471 -7.38885 35.99
    endloop
  endfacet
  facet normal -0 0 1
    outer loop
      vertex 91.6513 -5.78749 35.99
      vertex 91.7316 -7.30811 35.99
      vertex 91.8691 -5.64473 35.99
    endloop
  endfacet
  facet normal 0 0 1
    outer loop
      vertex 91.6513 -5.78749 35.99
      vertex 91.6127 -7.23453 35.99
      vertex 91.7316 -7.30811 35.99
    endloop
  endfacet
  facet normal 0 0 1
    outer loop
      vertex 91.6513 -5.78749 35.99
      vertex 91.4902 -7.16817 35.99
      vertex 91.6127 -7.23453 35.99
    endloop
  endfacet
  facet normal -0 0 1
    outer loop
      vertex 91.4143 -5.91121 35.99
      vertex 91.4902 -7.16817 35.99
      vertex 91.6513 -5.78749 35.99
    endloop
  endfacet
  facet normal 0 0 1
    outer loop
      vertex 91.4143 -5.91121 35.99
      vertex 91.3643 -7.10898 35.99
      vertex 91.4902 -7.16817 35.99
    endloop
  endfacet
  facet normal 0 0 1
    outer loop
      vertex 91.4143 -5.91121 35.99
      vertex 91.2348 -7.05701 35.99
      vertex 91.3643 -7.10898 35.99
    endloop
  endfacet
  facet normal -0 0 1
    outer loop
      vertex 91.1581 -6.0159 35.99
      vertex 91.2348 -7.05701 35.99
      vertex 91.4143 -5.91121 35.99
    endloop
  endfacet
  facet normal 0 0 1
    outer loop
      vertex 91.1581 -6.0159 35.99
      vertex 91.1019 -7.01221 35.99
      vertex 91.2348 -7.05701 35.99
    endloop
  endfacet
  facet normal 0 0 1
    outer loop
      vertex 91.1581 -6.0159 35.99
      vertex 90.9655 -6.97461 35.99
      vertex 91.1019 -7.01221 35.99
    endloop
  endfacet
  facet normal -0 0 1
    outer loop
      vertex 90.8826 -6.10156 35.99
      vertex 90.9655 -6.97461 35.99
      vertex 91.1581 -6.0159 35.99
    endloop
  endfacet
  facet normal 0 0 1
    outer loop
      vertex 90.8826 -6.10156 35.99
      vertex 90.8257 -6.94421 35.99
      vertex 90.9655 -6.97461 35.99
    endloop
  endfacet
  facet normal 0 0 1
    outer loop
      vertex 90.8826 -6.10156 35.99
      vertex 90.6823 -6.92101 35.99
      vertex 90.8257 -6.94421 35.99
    endloop
  endfacet
  facet normal -0 0 1
    outer loop
      vertex 90.2739 -6.21577 35.99
      vertex 90.6823 -6.92101 35.99
      vertex 90.5878 -6.16818 35.99
    endloop
  endfacet
  facet normal -0 0 1
    outer loop
      vertex 90.5878 -6.16818 35.99
      vertex 90.6823 -6.92101 35.99
      vertex 90.8826 -6.10156 35.99
    endloop
  endfacet
  facet normal 0 0 1
    outer loop
      vertex 104.685 15.4 35.99
      vertex 104.9 15.1854 35.99
      vertex 104.898 15.2195 35.99
    endloop
  endfacet
  facet normal 0 0 1
    outer loop
      vertex 104.9 15.1854 35.99
      vertex 92.8322 -2.42421 35.99
      vertex 104.9 -15.1854 35.99
    endloop
  endfacet
  facet normal 0 0 1
    outer loop
      vertex 104.719 15.3983 35.99
      vertex 104.898 15.2195 35.99
      vertex 104.895 15.2388 35.99
    endloop
  endfacet
  facet normal -0 -0 1
    outer loop
      vertex 92.8963 -2.83289 35.99
      vertex 104.9 -15.1854 35.99
      vertex 92.8322 -2.42421 35.99
    endloop
  endfacet
  facet normal 0 0 1
    outer loop
      vertex 104.719 15.3983 35.99
      vertex 104.895 15.2388 35.99
      vertex 104.891 15.2578 35.99
    endloop
  endfacet
  facet normal -0 -0 1
    outer loop
      vertex 92.9176 -3.27602 35.99
      vertex 104.9 -15.1854 35.99
      vertex 92.8963 -2.83289 35.99
    endloop
  endfacet
  facet normal 0 0 1
    outer loop
      vertex 104.719 15.3983 35.99
      vertex 104.891 15.2578 35.99
      vertex 104.884 15.2762 35.99
    endloop
  endfacet
  facet normal -0 0 1
    outer loop
      vertex 92.9071 -3.5869 35.99
      vertex 104.9 -15.1854 35.99
      vertex 92.9176 -3.27602 35.99
    endloop
  endfacet
  facet normal 0 0 1
    outer loop
      vertex 104.719 15.3983 35.99
      vertex 104.884 15.2762 35.99
      vertex 104.876 15.294 35.99
    endloop
  endfacet
  facet normal -0 0 1
    outer loop
      vertex 92.907 -10.0888 35.99
      vertex 104.9 -15.1854 35.99
      vertex 92.9176 -9.77525 35.99
    endloop
  endfacet
  facet normal 0 0 1
    outer loop
      vertex 104.719 15.3983 35.99
      vertex 104.876 15.294 35.99
      vertex 104.866 15.3107 35.99
    endloop
  endfacet
  facet normal 0 0 1
    outer loop
      vertex 104.9 -15.1854 35.99
      vertex 104.685 -15.4 35.99
      vertex 104.898 -15.2195 35.99
    endloop
  endfacet
  facet normal 0 0 1
    outer loop
      vertex 104.719 15.3983 35.99
      vertex 104.866 15.3107 35.99
      vertex 104.854 15.3263 35.99
    endloop
  endfacet
  facet normal 0 -0 1
    outer loop
      vertex 104.719 -15.3983 35.99
      vertex 104.898 -15.2195 35.99
      vertex 104.685 -15.4 35.99
    endloop
  endfacet
  facet normal 0 0 1
    outer loop
      vertex 104.719 15.3983 35.99
      vertex 104.854 15.3263 35.99
      vertex 104.841 15.3409 35.99
    endloop
  endfacet
  facet normal 0 0 1
    outer loop
      vertex 104.898 -15.2195 35.99
      vertex 104.719 -15.3983 35.99
      vertex 104.895 -15.2388 35.99
    endloop
  endfacet
  facet normal 0 0 1
    outer loop
      vertex 104.719 15.3983 35.99
      vertex 104.841 15.3409 35.99
      vertex 104.826 15.3541 35.99
    endloop
  endfacet
  facet normal 0 0 1
    outer loop
      vertex 104.895 -15.2388 35.99
      vertex 104.719 -15.3983 35.99
      vertex 104.891 -15.2578 35.99
    endloop
  endfacet
  facet normal 0 0 1
    outer loop
      vertex 104.719 15.3983 35.99
      vertex 104.826 15.3541 35.99
      vertex 104.811 15.3657 35.99
    endloop
  endfacet
  facet normal 0 0 1
    outer loop
      vertex 104.891 -15.2578 35.99
      vertex 104.719 -15.3983 35.99
      vertex 104.884 -15.2762 35.99
    endloop
  endfacet
  facet normal 0 0 1
    outer loop
      vertex 104.719 15.3983 35.99
      vertex 104.811 15.3657 35.99
      vertex 104.794 15.3757 35.99
    endloop
  endfacet
  facet normal 0 0 1
    outer loop
      vertex 104.884 -15.2762 35.99
      vertex 104.719 -15.3983 35.99
      vertex 104.876 -15.294 35.99
    endloop
  endfacet
  facet normal 0 0 1
    outer loop
      vertex 104.719 15.3983 35.99
      vertex 104.794 15.3757 35.99
      vertex 104.776 15.3841 35.99
    endloop
  endfacet
  facet normal 0 0 1
    outer loop
      vertex 104.876 -15.294 35.99
      vertex 104.719 -15.3983 35.99
      vertex 104.866 -15.3107 35.99
    endloop
  endfacet
  facet normal 0 0 1
    outer loop
      vertex 104.719 15.3983 35.99
      vertex 104.776 15.3841 35.99
      vertex 104.758 15.3907 35.99
    endloop
  endfacet
  facet normal 0 0 1
    outer loop
      vertex 104.854 -15.3263 35.99
      vertex 104.719 -15.3983 35.99
      vertex 104.841 -15.3409 35.99
    endloop
  endfacet
  facet normal 0 0 1
    outer loop
      vertex 104.719 15.3983 35.99
      vertex 104.758 15.3907 35.99
      vertex 104.739 15.3954 35.99
    endloop
  endfacet
  facet normal 0 0 1
    outer loop
      vertex 104.841 -15.3409 35.99
      vertex 104.719 -15.3983 35.99
      vertex 104.826 -15.3541 35.99
    endloop
  endfacet
  facet normal 0 0 1
    outer loop
      vertex 104.898 15.2195 35.99
      vertex 104.719 15.3983 35.99
      vertex 104.685 15.4 35.99
    endloop
  endfacet
  facet normal 0 0 1
    outer loop
      vertex 104.826 -15.3541 35.99
      vertex 104.719 -15.3983 35.99
      vertex 104.811 -15.3657 35.99
    endloop
  endfacet
  facet normal 0 0 1
    outer loop
      vertex 92.8 11.2782 35.99
      vertex 104.9 15.1854 35.99
      vertex 104.685 15.4 35.99
    endloop
  endfacet
  facet normal 0 0 1
    outer loop
      vertex 104.811 -15.3657 35.99
      vertex 104.719 -15.3983 35.99
      vertex 104.794 -15.3757 35.99
    endloop
  endfacet
  facet normal 0 0 1
    outer loop
      vertex 104.794 -15.3757 35.99
      vertex 104.719 -15.3983 35.99
      vertex 104.776 -15.3841 35.99
    endloop
  endfacet
  facet normal 0 0 1
    outer loop
      vertex 104.758 -15.3907 35.99
      vertex 104.719 -15.3983 35.99
      vertex 104.739 -15.3954 35.99
    endloop
  endfacet
  facet normal 0 0 1
    outer loop
      vertex 104.776 -15.3841 35.99
      vertex 104.719 -15.3983 35.99
      vertex 104.758 -15.3907 35.99
    endloop
  endfacet
  facet normal 0 0 1
    outer loop
      vertex 92.8 11.2782 35.99
      vertex 104.685 15.4 35.99
      vertex 92.8 13.271 35.99
    endloop
  endfacet
  facet normal 0 0 1
    outer loop
      vertex 92.8 13.271 35.99
      vertex 74.3146 15.4 35.99
      vertex 86.2 10.136 35.99
    endloop
  endfacet
  facet normal -0 0 1
    outer loop
      vertex 74.3146 15.4 35.99
      vertex 92.8 13.271 35.99
      vertex 104.685 15.4 35.99
    endloop
  endfacet
  facet normal 0 0 1
    outer loop
      vertex 104.866 -15.3107 35.99
      vertex 104.719 -15.3983 35.99
      vertex 104.854 -15.3263 35.99
    endloop
  endfacet
  facet normal 0 0 1
    outer loop
      vertex 104.9 -15.1854 35.99
      vertex 92.907 -10.0888 35.99
      vertex 104.685 -15.4 35.99
    endloop
  endfacet
  facet normal -0 0 1
    outer loop
      vertex 92.8751 -10.3861 35.99
      vertex 104.685 -15.4 35.99
      vertex 92.907 -10.0888 35.99
    endloop
  endfacet
  facet normal -0 0 1
    outer loop
      vertex 92.8219 -10.6672 35.99
      vertex 104.685 -15.4 35.99
      vertex 92.8751 -10.3861 35.99
    endloop
  endfacet
  facet normal -0 0 1
    outer loop
      vertex 92.7474 -10.9319 35.99
      vertex 104.685 -15.4 35.99
      vertex 92.8219 -10.6672 35.99
    endloop
  endfacet
  facet normal -0 0 1
    outer loop
      vertex 92.6517 -11.1804 35.99
      vertex 104.685 -15.4 35.99
      vertex 92.7474 -10.9319 35.99
    endloop
  endfacet
  facet normal -0 0 1
    outer loop
      vertex 92.5346 -11.4126 35.99
      vertex 104.685 -15.4 35.99
      vertex 92.6517 -11.1804 35.99
    endloop
  endfacet
  facet normal -0 0 1
    outer loop
      vertex 92.3963 -11.6285 35.99
      vertex 104.685 -15.4 35.99
      vertex 92.5346 -11.4126 35.99
    endloop
  endfacet
  facet normal -0 0 1
    outer loop
      vertex 92.2368 -11.8282 35.99
      vertex 104.685 -15.4 35.99
      vertex 92.3963 -11.6285 35.99
    endloop
  endfacet
  facet normal -0 0 1
    outer loop
      vertex 92.0559 -12.0116 35.99
      vertex 104.685 -15.4 35.99
      vertex 92.2368 -11.8282 35.99
    endloop
  endfacet
  facet normal -0 0 1
    outer loop
      vertex 91.856 -12.1771 35.99
      vertex 104.685 -15.4 35.99
      vertex 92.0559 -12.0116 35.99
    endloop
  endfacet
  facet normal -0 0 1
    outer loop
      vertex 91.6393 -12.3231 35.99
      vertex 104.685 -15.4 35.99
      vertex 91.856 -12.1771 35.99
    endloop
  endfacet
  facet normal -0 0 1
    outer loop
      vertex 91.4059 -12.4497 35.99
      vertex 104.685 -15.4 35.99
      vertex 91.6393 -12.3231 35.99
    endloop
  endfacet
  facet normal -0 0 1
    outer loop
      vertex 91.1556 -12.5568 35.99
      vertex 104.685 -15.4 35.99
      vertex 91.4059 -12.4497 35.99
    endloop
  endfacet
  facet normal -0 0 1
    outer loop
      vertex 90.8886 -12.6444 35.99
      vertex 104.685 -15.4 35.99
      vertex 91.1556 -12.5568 35.99
    endloop
  endfacet
  facet normal -0 0 1
    outer loop
      vertex 90.6049 -12.7126 35.99
      vertex 104.685 -15.4 35.99
      vertex 90.8886 -12.6444 35.99
    endloop
  endfacet
  facet normal -0 0 1
    outer loop
      vertex 90.3043 -12.7612 35.99
      vertex 104.685 -15.4 35.99
      vertex 90.6049 -12.7126 35.99
    endloop
  endfacet
  facet normal -0 0 1
    outer loop
      vertex 89.987 -12.7905 35.99
      vertex 104.685 -15.4 35.99
      vertex 90.3043 -12.7612 35.99
    endloop
  endfacet
  facet normal -0 0 1
    outer loop
      vertex 89.6529 -12.8002 35.99
      vertex 104.685 -15.4 35.99
      vertex 89.987 -12.7905 35.99
    endloop
  endfacet
  facet normal 0 0 1
    outer loop
      vertex 74.3146 -15.4 35.99
      vertex 89.6529 -12.8002 35.99
      vertex 89.3112 -12.7904 35.99
    endloop
  endfacet
  facet normal 0 0 1
    outer loop
      vertex 74.3146 -15.4 35.99
      vertex 89.3112 -12.7904 35.99
      vertex 88.9867 -12.761 35.99
    endloop
  endfacet
  facet normal 0 0 1
    outer loop
      vertex 74.3146 -15.4 35.99
      vertex 88.9867 -12.761 35.99
      vertex 88.6794 -12.7119 35.99
    endloop
  endfacet
  facet normal -0 0 1
    outer loop
      vertex 74.1 15.1855 35.99
      vertex 86.2 10.136 35.99
      vertex 74.3146 15.4 35.99
    endloop
  endfacet
  facet normal 0 0 1
    outer loop
      vertex 86.3288 -2.95576 35.99
      vertex 74.1 -15.1855 35.99
      vertex 86.3176 -3.25249 35.99
    endloop
  endfacet
  facet normal 0 0 1
    outer loop
      vertex 86.3176 -3.25249 35.99
      vertex 74.1 -15.1855 35.99
      vertex 86.3176 -9.75172 35.99
    endloop
  endfacet
  facet normal 0 0 1
    outer loop
      vertex 86.3176 -9.75172 35.99
      vertex 74.1 -15.1855 35.99
      vertex 86.3285 -10.0679 35.99
    endloop
  endfacet
  facet normal 0 -0 1
    outer loop
      vertex 74.3146 -15.4 35.99
      vertex 86.3285 -10.0679 35.99
      vertex 74.1 -15.1855 35.99
    endloop
  endfacet
  facet normal 0 0 1
    outer loop
      vertex 86.3285 -10.0679 35.99
      vertex 74.3146 -15.4 35.99
      vertex 86.3611 -10.3676 35.99
    endloop
  endfacet
  facet normal 0 0 1
    outer loop
      vertex 89.6529 -12.8002 35.99
      vertex 74.3146 -15.4 35.99
      vertex 104.685 -15.4 35.99
    endloop
  endfacet
  facet normal 0 0 1
    outer loop
      vertex 88.3893 -12.6433 35.99
      vertex 74.3146 -15.4 35.99
      vertex 88.6794 -12.7119 35.99
    endloop
  endfacet
  facet normal 0 0 1
    outer loop
      vertex 88.1164 -12.555 35.99
      vertex 74.3146 -15.4 35.99
      vertex 88.3893 -12.6433 35.99
    endloop
  endfacet
  facet normal 0 0 1
    outer loop
      vertex 87.8608 -12.4471 35.99
      vertex 74.3146 -15.4 35.99
      vertex 88.1164 -12.555 35.99
    endloop
  endfacet
  facet normal 0 0 1
    outer loop
      vertex 87.6223 -12.3196 35.99
      vertex 74.3146 -15.4 35.99
      vertex 87.8608 -12.4471 35.99
    endloop
  endfacet
  facet normal 0 0 1
    outer loop
      vertex 87.4011 -12.1725 35.99
      vertex 74.3146 -15.4 35.99
      vertex 87.6223 -12.3196 35.99
    endloop
  endfacet
  facet normal 0 0 1
    outer loop
      vertex 87.1971 -12.0058 35.99
      vertex 74.3146 -15.4 35.99
      vertex 87.4011 -12.1725 35.99
    endloop
  endfacet
  facet normal 0 0 1
    outer loop
      vertex 87.0125 -11.821 35.99
      vertex 74.3146 -15.4 35.99
      vertex 87.1971 -12.0058 35.99
    endloop
  endfacet
  facet normal 0 0 1
    outer loop
      vertex 86.8496 -11.6198 35.99
      vertex 74.3146 -15.4 35.99
      vertex 87.0125 -11.821 35.99
    endloop
  endfacet
  facet normal 0 0 1
    outer loop
      vertex 86.7085 -11.4022 35.99
      vertex 74.3146 -15.4 35.99
      vertex 86.8496 -11.6198 35.99
    endloop
  endfacet
  facet normal 0 0 1
    outer loop
      vertex 86.5891 -11.1682 35.99
      vertex 74.3146 -15.4 35.99
      vertex 86.7085 -11.4022 35.99
    endloop
  endfacet
  facet normal 0 0 1
    outer loop
      vertex 86.3611 -10.3676 35.99
      vertex 74.3146 -15.4 35.99
      vertex 86.4153 -10.6509 35.99
    endloop
  endfacet
  facet normal 0 0 1
    outer loop
      vertex 74.1 15.1855 35.99
      vertex 74.3146 15.4 35.99
      vertex 74.2805 15.3983 35.99
    endloop
  endfacet
  facet normal 0 0 1
    outer loop
      vertex 86.4153 -10.6509 35.99
      vertex 74.3146 -15.4 35.99
      vertex 86.4913 -10.9177 35.99
    endloop
  endfacet
  facet normal 0 0 1
    outer loop
      vertex 74.1017 15.2195 35.99
      vertex 74.2805 15.3983 35.99
      vertex 74.2612 15.3954 35.99
    endloop
  endfacet
  facet normal 0 0 1
    outer loop
      vertex 86.4913 -10.9177 35.99
      vertex 74.3146 -15.4 35.99
      vertex 86.5891 -11.1682 35.99
    endloop
  endfacet
  facet normal 0 0 1
    outer loop
      vertex 74.1017 15.2195 35.99
      vertex 74.2612 15.3954 35.99
      vertex 74.2421 15.3907 35.99
    endloop
  endfacet
  facet normal 0 0 1
    outer loop
      vertex 74.3146 -15.4 35.99
      vertex 74.1 -15.1855 35.99
      vertex 74.2805 -15.3983 35.99
    endloop
  endfacet
  facet normal 0 0 1
    outer loop
      vertex 74.1017 15.2195 35.99
      vertex 74.2421 15.3907 35.99
      vertex 74.2237 15.3841 35.99
    endloop
  endfacet
  facet normal -0 -0 1
    outer loop
      vertex 74.1017 -15.2195 35.99
      vertex 74.2805 -15.3983 35.99
      vertex 74.1 -15.1855 35.99
    endloop
  endfacet
  facet normal 0 0 1
    outer loop
      vertex 74.1017 15.2195 35.99
      vertex 74.2237 15.3841 35.99
      vertex 74.2059 15.3757 35.99
    endloop
  endfacet
  facet normal 0 0 1
    outer loop
      vertex 74.2805 -15.3983 35.99
      vertex 74.1017 -15.2195 35.99
      vertex 74.2612 -15.3954 35.99
    endloop
  endfacet
  facet normal 0 0 1
    outer loop
      vertex 74.1017 15.2195 35.99
      vertex 74.2059 15.3757 35.99
      vertex 74.1893 15.3657 35.99
    endloop
  endfacet
  facet normal 0 0 1
    outer loop
      vertex 74.2612 -15.3954 35.99
      vertex 74.1017 -15.2195 35.99
      vertex 74.2421 -15.3907 35.99
    endloop
  endfacet
  facet normal 0 0 1
    outer loop
      vertex 74.1017 15.2195 35.99
      vertex 74.1893 15.3657 35.99
      vertex 74.1736 15.3541 35.99
    endloop
  endfacet
  facet normal 0 0 1
    outer loop
      vertex 74.2421 -15.3907 35.99
      vertex 74.1017 -15.2195 35.99
      vertex 74.2237 -15.3841 35.99
    endloop
  endfacet
  facet normal 0 0 1
    outer loop
      vertex 74.1017 15.2195 35.99
      vertex 74.1736 15.3541 35.99
      vertex 74.1591 15.3409 35.99
    endloop
  endfacet
  facet normal 0 0 1
    outer loop
      vertex 74.2237 -15.3841 35.99
      vertex 74.1017 -15.2195 35.99
      vertex 74.2059 -15.3757 35.99
    endloop
  endfacet
  facet normal 0 0 1
    outer loop
      vertex 74.1017 15.2195 35.99
      vertex 74.1591 15.3409 35.99
      vertex 74.1459 15.3263 35.99
    endloop
  endfacet
  facet normal 0 0 1
    outer loop
      vertex 74.2059 -15.3757 35.99
      vertex 74.1017 -15.2195 35.99
      vertex 74.1893 -15.3657 35.99
    endloop
  endfacet
  facet normal 0 0 1
    outer loop
      vertex 74.1017 15.2195 35.99
      vertex 74.1459 15.3263 35.99
      vertex 74.1343 15.3107 35.99
    endloop
  endfacet
  facet normal 0 0 1
    outer loop
      vertex 74.1893 -15.3657 35.99
      vertex 74.1017 -15.2195 35.99
      vertex 74.1736 -15.3541 35.99
    endloop
  endfacet
  facet normal 0 0 1
    outer loop
      vertex 74.1017 15.2195 35.99
      vertex 74.1343 15.3107 35.99
      vertex 74.1243 15.294 35.99
    endloop
  endfacet
  facet normal 0 0 1
    outer loop
      vertex 74.1736 -15.3541 35.99
      vertex 74.1017 -15.2195 35.99
      vertex 74.1591 -15.3409 35.99
    endloop
  endfacet
  facet normal 0 0 1
    outer loop
      vertex 74.1017 15.2195 35.99
      vertex 74.1243 15.294 35.99
      vertex 74.1159 15.2762 35.99
    endloop
  endfacet
  facet normal 0 0 1
    outer loop
      vertex 74.1591 -15.3409 35.99
      vertex 74.1017 -15.2195 35.99
      vertex 74.1459 -15.3263 35.99
    endloop
  endfacet
  facet normal 0 0 1
    outer loop
      vertex 74.1017 15.2195 35.99
      vertex 74.1159 15.2762 35.99
      vertex 74.1093 15.2578 35.99
    endloop
  endfacet
  facet normal 0 0 1
    outer loop
      vertex 74.1459 -15.3263 35.99
      vertex 74.1017 -15.2195 35.99
      vertex 74.1343 -15.3107 35.99
    endloop
  endfacet
  facet normal 0 0 1
    outer loop
      vertex 74.1017 15.2195 35.99
      vertex 74.1093 15.2578 35.99
      vertex 74.1045 15.2388 35.99
    endloop
  endfacet
  facet normal 0 0 1
    outer loop
      vertex 74.1343 -15.3107 35.99
      vertex 74.1017 -15.2195 35.99
      vertex 74.1243 -15.294 35.99
    endloop
  endfacet
  facet normal 0 0 1
    outer loop
      vertex 74.2805 15.3983 35.99
      vertex 74.1017 15.2195 35.99
      vertex 74.1 15.1855 35.99
    endloop
  endfacet
  facet normal 0 0 1
    outer loop
      vertex 74.1243 -15.294 35.99
      vertex 74.1017 -15.2195 35.99
      vertex 74.1159 -15.2762 35.99
    endloop
  endfacet
  facet normal 0 0 1
    outer loop
      vertex 74.1159 -15.2762 35.99
      vertex 74.1017 -15.2195 35.99
      vertex 74.1093 -15.2578 35.99
    endloop
  endfacet
  facet normal 0 0 1
    outer loop
      vertex 74.1093 -15.2578 35.99
      vertex 74.1017 -15.2195 35.99
      vertex 74.1045 -15.2388 35.99
    endloop
  endfacet
  facet normal 0 0 1
    outer loop
      vertex 104.9 15.1854 35.99
      vertex 92.8 11.2782 35.99
      vertex 92.8 8.99373 35.99
    endloop
  endfacet
  facet normal 0 0 1
    outer loop
      vertex 104.9 15.1854 35.99
      vertex 92.8 8.99373 35.99
      vertex 92.8 7.00099 35.99
    endloop
  endfacet
  facet normal 0 0 1
    outer loop
      vertex 104.9 15.1854 35.99
      vertex 92.8 7.00099 35.99
      vertex 92.8 4.12367 35.99
    endloop
  endfacet
  facet normal 0 0 1
    outer loop
      vertex 104.9 15.1854 35.99
      vertex 92.8 4.12367 35.99
      vertex 92.8 2.1463 35.99
    endloop
  endfacet
  facet normal 0 0 1
    outer loop
      vertex 104.9 15.1854 35.99
      vertex 92.8 2.1463 35.99
      vertex 92.8322 -2.42421 35.99
    endloop
  endfacet
  facet normal 0 0 1
    outer loop
      vertex 92.8 2.1463 35.99
      vertex 92.7255 -2.04996 35.99
      vertex 92.8322 -2.42421 35.99
    endloop
  endfacet
  facet normal 0 0 1
    outer loop
      vertex 92.8 2.1463 35.99
      vertex 92.576 -1.71014 35.99
      vertex 92.7255 -2.04996 35.99
    endloop
  endfacet
  facet normal 0 0 1
    outer loop
      vertex 92.8 2.1463 35.99
      vertex 92.3839 -1.40477 35.99
      vertex 92.576 -1.71014 35.99
    endloop
  endfacet
  facet normal 0 0 1
    outer loop
      vertex 92.8 2.1463 35.99
      vertex 92.149 -1.13383 35.99
      vertex 92.3839 -1.40477 35.99
    endloop
  endfacet
  facet normal 0 0 1
    outer loop
      vertex 92.8 2.1463 35.99
      vertex 91.8714 -0.897339 35.99
      vertex 92.149 -1.13383 35.99
    endloop
  endfacet
  facet normal 0 0 1
    outer loop
      vertex 92.8 2.1463 35.99
      vertex 91.5511 -0.695267 35.99
      vertex 91.8714 -0.897339 35.99
    endloop
  endfacet
  facet normal 0 0 1
    outer loop
      vertex 92.8 2.1463 35.99
      vertex 91.1882 -0.527634 35.99
      vertex 91.5511 -0.695267 35.99
    endloop
  endfacet
  facet normal 0 0 1
    outer loop
      vertex 91.0529 -2.08725 35.99
      vertex 90.8273 -4.41147 35.99
      vertex 90.9719 -4.36472 35.99
    endloop
  endfacet
  facet normal 0 0 1
    outer loop
      vertex 89.9352 -0.433487 35.99
      vertex 91.0529 -2.08725 35.99
      vertex 91.1882 -0.527634 35.99
    endloop
  endfacet
  facet normal 0 0 1
    outer loop
      vertex 89.9352 -4.51772 35.99
      vertex 91.0529 -2.08725 35.99
      vertex 89.9352 -0.433487 35.99
    endloop
  endfacet
  facet normal 0 0 1
    outer loop
      vertex 91.0529 -2.08725 35.99
      vertex 90.6714 -4.44972 35.99
      vertex 90.8273 -4.41147 35.99
    endloop
  endfacet
  facet normal 0 0 1
    outer loop
      vertex 91.0529 -2.08725 35.99
      vertex 90.5042 -4.47948 35.99
      vertex 90.6714 -4.44972 35.99
    endloop
  endfacet
  facet normal 0 0 1
    outer loop
      vertex 91.0529 -2.08725 35.99
      vertex 90.3258 -4.50072 35.99
      vertex 90.5042 -4.47948 35.99
    endloop
  endfacet
  facet normal 0 0 1
    outer loop
      vertex 91.0529 -2.08725 35.99
      vertex 90.1362 -4.51347 35.99
      vertex 90.3258 -4.50072 35.99
    endloop
  endfacet
  facet normal 0 0 1
    outer loop
      vertex 92.8 2.1463 35.99
      vertex 89.9352 -0.433487 35.99
      vertex 91.1882 -0.527634 35.99
    endloop
  endfacet
  facet normal 0 0 1
    outer loop
      vertex 92.8 2.1463 35.99
      vertex 89.8882 -0.433487 35.99
      vertex 89.9352 -0.433487 35.99
    endloop
  endfacet
  facet normal 0 0 1
    outer loop
      vertex 92.8 2.1463 35.99
      vertex 89.5091 -0.442429 35.99
      vertex 89.8882 -0.433487 35.99
    endloop
  endfacet
  facet normal 0 0 1
    outer loop
      vertex 92.8 2.1463 35.99
      vertex 89.1508 -0.469223 35.99
      vertex 89.5091 -0.442429 35.99
    endloop
  endfacet
  facet normal -0 0 1
    outer loop
      vertex 86.4352 -0.131149 35.99
      vertex 89.1508 -0.469223 35.99
      vertex 92.8 2.1463 35.99
    endloop
  endfacet
  facet normal 0 0 1
    outer loop
      vertex 89.1508 -0.469223 35.99
      vertex 86.4352 -0.131149 35.99
      vertex 88.8134 -0.513916 35.99
    endloop
  endfacet
  facet normal 0 0 1
    outer loop
      vertex 88.8134 -0.513916 35.99
      vertex 86.4352 -0.131149 35.99
      vertex 88.4968 -0.576462 35.99
    endloop
  endfacet
  facet normal 0 0 1
    outer loop
      vertex 88.4968 -0.576462 35.99
      vertex 86.4352 -0.131149 35.99
      vertex 88.201 -0.656891 35.99
    endloop
  endfacet
  facet normal 0 0 1
    outer loop
      vertex 88.201 -0.656891 35.99
      vertex 86.4352 -0.131149 35.99
      vertex 87.9261 -0.755203 35.99
    endloop
  endfacet
  facet normal 0 0 1
    outer loop
      vertex 87.9261 -0.755203 35.99
      vertex 86.4352 -0.131149 35.99
      vertex 87.6721 -0.871384 35.99
    endloop
  endfacet
  facet normal 0 0 1
    outer loop
      vertex 87.6721 -0.871384 35.99
      vertex 86.4352 -0.131149 35.99
      vertex 87.4388 -1.00543 35.99
    endloop
  endfacet
  facet normal 0 0 1
    outer loop
      vertex 86.4352 -0.131149 35.99
      vertex 87.2265 -1.15735 35.99
      vertex 87.4388 -1.00543 35.99
    endloop
  endfacet
  facet normal 0 0 1
    outer loop
      vertex 86.4352 -0.131149 35.99
      vertex 87.0357 -1.3262 35.99
      vertex 87.2265 -1.15735 35.99
    endloop
  endfacet
  facet normal 0 0 1
    outer loop
      vertex 86.4352 -0.131149 35.99
      vertex 86.8674 -1.51105 35.99
      vertex 87.0357 -1.3262 35.99
    endloop
  endfacet
  facet normal 0 0 1
    outer loop
      vertex 86.4352 -0.131149 35.99
      vertex 86.7215 -1.71187 35.99
      vertex 86.8674 -1.51105 35.99
    endloop
  endfacet
  facet normal 0 0 1
    outer loop
      vertex 86.4352 -0.131149 35.99
      vertex 86.5981 -1.92867 35.99
      vertex 86.7215 -1.71187 35.99
    endloop
  endfacet
  facet normal 0 0 1
    outer loop
      vertex 86.4352 -0.131149 35.99
      vertex 86.4971 -2.16147 35.99
      vertex 86.5981 -1.92867 35.99
    endloop
  endfacet
  facet normal 0 0 1
    outer loop
      vertex 86.4971 -2.16147 35.99
      vertex 86.4352 -0.131149 35.99
      vertex 86.4186 -2.41025 35.99
    endloop
  endfacet
  facet normal 0 0 1
    outer loop
      vertex 91.0529 -2.08725 35.99
      vertex 91.8117 -3.19356 35.99
      vertex 91.8024 -3.0067 35.99
    endloop
  endfacet
  facet normal 0 0 1
    outer loop
      vertex 91.8117 -3.19356 35.99
      vertex 91.0529 -2.08725 35.99
      vertex 91.8059 -3.33122 35.99
    endloop
  endfacet
  facet normal 0 0 1
    outer loop
      vertex 91.0529 -2.08725 35.99
      vertex 91.8024 -3.0067 35.99
      vertex 91.7742 -2.83583 35.99
    endloop
  endfacet
  facet normal 0 -0 1
    outer loop
      vertex 91.2274 -4.24571 35.99
      vertex 91.8059 -3.33122 35.99
      vertex 91.0529 -2.08725 35.99
    endloop
  endfacet
  facet normal 0 0 1
    outer loop
      vertex 91.2122 -2.14622 35.99
      vertex 91.7742 -2.83583 35.99
      vertex 91.7274 -2.68092 35.99
    endloop
  endfacet
  facet normal 0 0 1
    outer loop
      vertex 91.8059 -3.33122 35.99
      vertex 91.2274 -4.24571 35.99
      vertex 91.7883 -3.46169 35.99
    endloop
  endfacet
  facet normal 0 -0 1
    outer loop
      vertex 91.3383 -4.17345 35.99
      vertex 91.7883 -3.46169 35.99
      vertex 91.2274 -4.24571 35.99
    endloop
  endfacet
  facet normal 0 0 1
    outer loop
      vertex 91.3527 -2.22121 35.99
      vertex 91.7274 -2.68092 35.99
      vertex 91.6618 -2.54202 35.99
    endloop
  endfacet
  facet normal 0 -0 1
    outer loop
      vertex 91.4376 -4.09334 35.99
      vertex 91.7591 -3.58493 35.99
      vertex 91.3383 -4.17345 35.99
    endloop
  endfacet
  facet normal 0 0 1
    outer loop
      vertex 91.3527 -2.22121 35.99
      vertex 91.6618 -2.54202 35.99
      vertex 91.5775 -2.4191 35.99
    endloop
  endfacet
  facet normal 0 0 1
    outer loop
      vertex 91.7182 -3.701 35.99
      vertex 91.4376 -4.09334 35.99
      vertex 91.6656 -3.80988 35.99
    endloop
  endfacet
  facet normal 0 0 1
    outer loop
      vertex 91.3527 -2.22121 35.99
      vertex 91.5775 -2.4191 35.99
      vertex 91.4745 -2.31215 35.99
    endloop
  endfacet
  facet normal 0 0 1
    outer loop
      vertex 91.7742 -2.83583 35.99
      vertex 91.2122 -2.14622 35.99
      vertex 91.0529 -2.08725 35.99
    endloop
  endfacet
  facet normal 0 0 1
    outer loop
      vertex 91.7274 -2.68092 35.99
      vertex 91.3527 -2.22121 35.99
      vertex 91.2122 -2.14622 35.99
    endloop
  endfacet
  facet normal 0 0 1
    outer loop
      vertex 91.6656 -3.80988 35.99
      vertex 91.5253 -4.00606 35.99
      vertex 91.6013 -3.91158 35.99
    endloop
  endfacet
  facet normal 0 0 1
    outer loop
      vertex 91.6656 -3.80988 35.99
      vertex 91.4376 -4.09334 35.99
      vertex 91.5253 -4.00606 35.99
    endloop
  endfacet
  facet normal 0 0 1
    outer loop
      vertex 91.7591 -3.58493 35.99
      vertex 91.4376 -4.09334 35.99
      vertex 91.7182 -3.701 35.99
    endloop
  endfacet
  facet normal 0 0 1
    outer loop
      vertex 91.7883 -3.46169 35.99
      vertex 91.3383 -4.17345 35.99
      vertex 91.7591 -3.58493 35.99
    endloop
  endfacet
  facet normal 0 0 1
    outer loop
      vertex 91.2274 -4.24571 35.99
      vertex 91.0529 -2.08725 35.99
      vertex 91.1053 -4.30946 35.99
    endloop
  endfacet
  facet normal 0 0 1
    outer loop
      vertex 91.1053 -4.30946 35.99
      vertex 91.0529 -2.08725 35.99
      vertex 90.9719 -4.36472 35.99
    endloop
  endfacet
  facet normal 0 0 1
    outer loop
      vertex 91.3536 -10.6627 35.99
      vertex 91.7845 -9.6608 35.99
      vertex 91.7735 -9.56183 35.99
    endloop
  endfacet
  facet normal 0 0 1
    outer loop
      vertex 91.7845 -9.6608 35.99
      vertex 91.3536 -10.6627 35.99
      vertex 91.7882 -9.76353 35.99
    endloop
  endfacet
  facet normal 0 0 1
    outer loop
      vertex 91.3536 -10.6627 35.99
      vertex 91.7735 -9.56183 35.99
      vertex 91.7552 -9.46666 35.99
    endloop
  endfacet
  facet normal 0 0 1
    outer loop
      vertex 91.3536 -10.6627 35.99
      vertex 91.7552 -9.46666 35.99
      vertex 91.7295 -9.37526 35.99
    endloop
  endfacet
  facet normal 0 0 1
    outer loop
      vertex 91.3536 -10.6627 35.99
      vertex 91.7295 -9.37526 35.99
      vertex 91.6965 -9.28764 35.99
    endloop
  endfacet
  facet normal 0 0 1
    outer loop
      vertex 91.7882 -9.76353 35.99
      vertex 91.3536 -10.6627 35.99
      vertex 91.761 -10.0365 35.99
    endloop
  endfacet
  facet normal 0 0 1
    outer loop
      vertex 91.3536 -10.6627 35.99
      vertex 91.6965 -9.28764 35.99
      vertex 91.6562 -9.2038 35.99
    endloop
  endfacet
  facet normal 0 0 1
    outer loop
      vertex 91.3536 -10.6627 35.99
      vertex 91.6562 -9.2038 35.99
      vertex 91.6085 -9.12373 35.99
    endloop
  endfacet
  facet normal 0 0 1
    outer loop
      vertex 91.3536 -10.6627 35.99
      vertex 91.6085 -9.12373 35.99
      vertex 91.5535 -9.04742 35.99
    endloop
  endfacet
  facet normal 0 0 1
    outer loop
      vertex 91.761 -10.0365 35.99
      vertex 91.3536 -10.6627 35.99
      vertex 91.6796 -10.2773 35.99
    endloop
  endfacet
  facet normal 0 0 1
    outer loop
      vertex 91.3536 -10.6627 35.99
      vertex 91.5535 -9.04742 35.99
      vertex 91.4912 -8.97493 35.99
    endloop
  endfacet
  facet normal 0 0 1
    outer loop
      vertex 91.3536 -10.6627 35.99
      vertex 91.4912 -8.97493 35.99
      vertex 91.4216 -8.90727 35.99
    endloop
  endfacet
  facet normal 0 0 1
    outer loop
      vertex 91.6796 -10.2773 35.99
      vertex 91.3536 -10.6627 35.99
      vertex 91.5437 -10.4861 35.99
    endloop
  endfacet
  facet normal 0 0 1
    outer loop
      vertex 91.3448 -8.8456 35.99
      vertex 91.3536 -10.6627 35.99
      vertex 91.4216 -8.90727 35.99
    endloop
  endfacet
  facet normal 0 0 1
    outer loop
      vertex 91.2608 -8.78986 35.99
      vertex 91.3536 -10.6627 35.99
      vertex 91.3448 -8.8456 35.99
    endloop
  endfacet
  facet normal 0 0 1
    outer loop
      vertex 91.1696 -8.7401 35.99
      vertex 91.3536 -10.6627 35.99
      vertex 91.2608 -8.78986 35.99
    endloop
  endfacet
  facet normal 0 0 1
    outer loop
      vertex 91.1696 -8.7401 35.99
      vertex 91.1092 -10.8072 35.99
      vertex 91.3536 -10.6627 35.99
    endloop
  endfacet
  facet normal 0 0 1
    outer loop
      vertex 91.0712 -8.69627 35.99
      vertex 91.1092 -10.8072 35.99
      vertex 91.1696 -8.7401 35.99
    endloop
  endfacet
  facet normal 0 0 1
    outer loop
      vertex 90.9657 -8.65842 35.99
      vertex 91.1092 -10.8072 35.99
      vertex 91.0712 -8.69627 35.99
    endloop
  endfacet
  facet normal 0 0 1
    outer loop
      vertex 90.8529 -8.62651 35.99
      vertex 91.1092 -10.8072 35.99
      vertex 90.9657 -8.65842 35.99
    endloop
  endfacet
  facet normal 0 0 1
    outer loop
      vertex 90.8529 -8.62651 35.99
      vertex 90.8104 -10.9196 35.99
      vertex 91.1092 -10.8072 35.99
    endloop
  endfacet
  facet normal 0 0 1
    outer loop
      vertex 90.733 -8.60057 35.99
      vertex 90.8104 -10.9196 35.99
      vertex 90.8529 -8.62651 35.99
    endloop
  endfacet
  facet normal 0 0 1
    outer loop
      vertex 90.6059 -8.58058 35.99
      vertex 90.8104 -10.9196 35.99
      vertex 90.733 -8.60057 35.99
    endloop
  endfacet
  facet normal 0 0 1
    outer loop
      vertex 90.6059 -8.58058 35.99
      vertex 90.4573 -10.9998 35.99
      vertex 90.8104 -10.9196 35.99
    endloop
  endfacet
  facet normal -0 0 1
    outer loop
      vertex 89.9406 -6.24432 35.99
      vertex 90.6823 -6.92101 35.99
      vertex 90.2739 -6.21577 35.99
    endloop
  endfacet
  facet normal -0 0 1
    outer loop
      vertex 89.5882 -6.25385 35.99
      vertex 90.6823 -6.92101 35.99
      vertex 89.9406 -6.24432 35.99
    endloop
  endfacet
  facet normal 0 -0 1
    outer loop
      vertex 89.5882 -11.0641 35.99
      vertex 90.6059 -8.58058 35.99
      vertex 88.5235 -8.63359 35.99
    endloop
  endfacet
  facet normal 0 0 1
    outer loop
      vertex 88.4411 -6.96812 35.99
      vertex 90.6823 -6.92101 35.99
      vertex 89.5882 -6.25385 35.99
    endloop
  endfacet
  facet normal 0 0 1
    outer loop
      vertex 90.6823 -6.92101 35.99
      vertex 88.4411 -6.96812 35.99
      vertex 90.6059 -8.58058 35.99
    endloop
  endfacet
  facet normal 0 0 1
    outer loop
      vertex 90.6059 -8.58058 35.99
      vertex 90.0499 -11.048 35.99
      vertex 90.4573 -10.9998 35.99
    endloop
  endfacet
  facet normal 0 0 1
    outer loop
      vertex 88.4411 -6.96812 35.99
      vertex 89.5882 -6.25385 35.99
      vertex 89.2469 -6.24417 35.99
    endloop
  endfacet
  facet normal 0 0 1
    outer loop
      vertex 90.6059 -8.58058 35.99
      vertex 89.5882 -11.0641 35.99
      vertex 90.0499 -11.048 35.99
    endloop
  endfacet
  facet normal 0 0 1
    outer loop
      vertex 88.4411 -6.96812 35.99
      vertex 89.2469 -6.24417 35.99
      vertex 88.9236 -6.21518 35.99
    endloop
  endfacet
  facet normal 0 0 1
    outer loop
      vertex 89.5882 -11.0641 35.99
      vertex 88.5235 -8.63359 35.99
      vertex 89.14 -11.0483 35.99
    endloop
  endfacet
  facet normal 0 0 1
    outer loop
      vertex 88.4411 -6.96812 35.99
      vertex 88.9236 -6.21518 35.99
      vertex 88.6183 -6.16687 35.99
    endloop
  endfacet
  facet normal 0 0 1
    outer loop
      vertex 89.14 -11.0483 35.99
      vertex 88.5235 -8.63359 35.99
      vertex 88.7446 -11.001 35.99
    endloop
  endfacet
  facet normal 0 0 1
    outer loop
      vertex 88.4019 -10.9222 35.99
      vertex 88.5235 -8.63359 35.99
      vertex 88.4174 -8.6519 35.99
    endloop
  endfacet
  facet normal 0 0 1
    outer loop
      vertex 88.5235 -8.63359 35.99
      vertex 88.4019 -10.9222 35.99
      vertex 88.7446 -11.001 35.99
    endloop
  endfacet
  facet normal 0 0 1
    outer loop
      vertex 88.1119 -10.8118 35.99
      vertex 88.4174 -8.6519 35.99
      vertex 88.3162 -8.67543 35.99
    endloop
  endfacet
  facet normal 0 0 1
    outer loop
      vertex 88.1119 -10.8118 35.99
      vertex 88.3162 -8.67543 35.99
      vertex 88.2199 -8.70419 35.99
    endloop
  endfacet
  facet normal 0 0 1
    outer loop
      vertex 87.4529 -9.78705 35.99
      vertex 88.2199 -8.70419 35.99
      vertex 88.1284 -8.73819 35.99
    endloop
  endfacet
  facet normal 0 0 1
    outer loop
      vertex 88.4174 -8.6519 35.99
      vertex 88.1119 -10.8118 35.99
      vertex 88.4019 -10.9222 35.99
    endloop
  endfacet
  facet normal 0 0 1
    outer loop
      vertex 87.4565 -9.67485 35.99
      vertex 88.1284 -8.73819 35.99
      vertex 88.0418 -8.7774 35.99
    endloop
  endfacet
  facet normal 0 0 1
    outer loop
      vertex 87.4672 -9.56848 35.99
      vertex 88.0418 -8.7774 35.99
      vertex 87.9601 -8.82185 35.99
    endloop
  endfacet
  facet normal 0 0 1
    outer loop
      vertex 87.4672 -9.56848 35.99
      vertex 87.9601 -8.82185 35.99
      vertex 87.8832 -8.87155 35.99
    endloop
  endfacet
  facet normal 0 0 1
    outer loop
      vertex 87.4529 -9.78705 35.99
      vertex 88.1284 -8.73819 35.99
      vertex 87.4565 -9.67485 35.99
    endloop
  endfacet
  facet normal 0 0 1
    outer loop
      vertex 87.4852 -9.46793 35.99
      vertex 87.8832 -8.87155 35.99
      vertex 87.8112 -8.92648 35.99
    endloop
  endfacet
  facet normal 0 0 1
    outer loop
      vertex 87.4852 -9.46793 35.99
      vertex 87.8112 -8.92648 35.99
      vertex 87.7441 -8.98663 35.99
    endloop
  endfacet
  facet normal 0 0 1
    outer loop
      vertex 88.2199 -8.70419 35.99
      vertex 87.4529 -9.78705 35.99
      vertex 88.1119 -10.8118 35.99
    endloop
  endfacet
  facet normal 0 0 1
    outer loop
      vertex 87.4852 -9.46793 35.99
      vertex 87.7441 -8.98663 35.99
      vertex 87.683 -9.05232 35.99
    endloop
  endfacet
  facet normal 0 0 1
    outer loop
      vertex 87.4852 -9.46793 35.99
      vertex 87.683 -9.05232 35.99
      vertex 87.629 -9.12381 35.99
    endloop
  endfacet
  facet normal 0 0 1
    outer loop
      vertex 87.4852 -9.46793 35.99
      vertex 87.629 -9.12381 35.99
      vertex 87.5823 -9.20111 35.99
    endloop
  endfacet
  facet normal 0 0 1
    outer loop
      vertex 88.1119 -10.8118 35.99
      vertex 87.4529 -9.78705 35.99
      vertex 87.8746 -10.6699 35.99
    endloop
  endfacet
  facet normal 0 0 1
    outer loop
      vertex 87.4852 -9.46793 35.99
      vertex 87.5823 -9.20111 35.99
      vertex 87.5427 -9.28424 35.99
    endloop
  endfacet
  facet normal 0 0 1
    outer loop
      vertex 87.4852 -9.46793 35.99
      vertex 87.5427 -9.28424 35.99
      vertex 87.5104 -9.37317 35.99
    endloop
  endfacet
  facet normal 0 0 1
    outer loop
      vertex 87.8832 -8.87155 35.99
      vertex 87.4852 -9.46793 35.99
      vertex 87.4672 -9.56848 35.99
    endloop
  endfacet
  facet normal 0 0 1
    outer loop
      vertex 88.0418 -8.7774 35.99
      vertex 87.4672 -9.56848 35.99
      vertex 87.4565 -9.67485 35.99
    endloop
  endfacet
  facet normal -0 -0 1
    outer loop
      vertex 87.4792 -10.0551 35.99
      vertex 87.8746 -10.6699 35.99
      vertex 87.4529 -9.78705 35.99
    endloop
  endfacet
  facet normal 0 0 1
    outer loop
      vertex 87.8746 -10.6699 35.99
      vertex 87.4792 -10.0551 35.99
      vertex 87.6901 -10.4965 35.99
    endloop
  endfacet
  facet normal 0 0 1
    outer loop
      vertex 87.6901 -10.4965 35.99
      vertex 87.4792 -10.0551 35.99
      vertex 87.5583 -10.2915 35.99
    endloop
  endfacet
  facet normal 0 0 1
    outer loop
      vertex 90.6059 -8.58058 35.99
      vertex 88.4411 -6.96812 35.99
      vertex 88.5235 -8.63359 35.99
    endloop
  endfacet
  facet normal 0 0 1
    outer loop
      vertex 88.331 -6.09924 35.99
      vertex 88.4411 -6.96812 35.99
      vertex 88.6183 -6.16687 35.99
    endloop
  endfacet
  facet normal 0 0 1
    outer loop
      vertex 88.331 -6.09924 35.99
      vertex 88.2255 -7.01674 35.99
      vertex 88.4411 -6.96812 35.99
    endloop
  endfacet
  facet normal 0 0 1
    outer loop
      vertex 88.0617 -6.01227 35.99
      vertex 88.2255 -7.01674 35.99
      vertex 88.331 -6.09924 35.99
    endloop
  endfacet
  facet normal 0 0 1
    outer loop
      vertex 88.0617 -6.01227 35.99
      vertex 88.0205 -7.07886 35.99
      vertex 88.2255 -7.01674 35.99
    endloop
  endfacet
  facet normal 0 0 1
    outer loop
      vertex 88.0617 -6.01227 35.99
      vertex 87.8261 -7.1545 35.99
      vertex 88.0205 -7.07886 35.99
    endloop
  endfacet
  facet normal 0 0 1
    outer loop
      vertex 87.8104 -5.90596 35.99
      vertex 87.8261 -7.1545 35.99
      vertex 88.0617 -6.01227 35.99
    endloop
  endfacet
  facet normal 0 0 1
    outer loop
      vertex 87.8104 -5.90596 35.99
      vertex 87.6423 -7.24364 35.99
      vertex 87.8261 -7.1545 35.99
    endloop
  endfacet
  facet normal 0 0 1
    outer loop
      vertex 87.5772 -5.78035 35.99
      vertex 87.6423 -7.24364 35.99
      vertex 87.8104 -5.90596 35.99
    endloop
  endfacet
  facet normal 0 0 1
    outer loop
      vertex 87.5772 -5.78035 35.99
      vertex 87.4691 -7.34631 35.99
      vertex 87.6423 -7.24364 35.99
    endloop
  endfacet
  facet normal 0 0 1
    outer loop
      vertex 87.3619 -5.63541 35.99
      vertex 87.4691 -7.34631 35.99
      vertex 87.5772 -5.78035 35.99
    endloop
  endfacet
  facet normal 0 0 1
    outer loop
      vertex 87.3619 -5.63541 35.99
      vertex 87.3065 -7.46248 35.99
      vertex 87.4691 -7.34631 35.99
    endloop
  endfacet
  facet normal 0 0 1
    outer loop
      vertex 87.1647 -5.47113 35.99
      vertex 87.3065 -7.46248 35.99
      vertex 87.3619 -5.63541 35.99
    endloop
  endfacet
  facet normal 0 0 1
    outer loop
      vertex 87.1647 -5.47113 35.99
      vertex 87.1545 -7.59218 35.99
      vertex 87.3065 -7.46248 35.99
    endloop
  endfacet
  facet normal 0 0 1
    outer loop
      vertex 87.1647 -5.47113 35.99
      vertex 87.0131 -7.7354 35.99
      vertex 87.1545 -7.59218 35.99
    endloop
  endfacet
  facet normal 0 0 1
    outer loop
      vertex 86.9869 -5.28912 35.99
      vertex 87.0131 -7.7354 35.99
      vertex 87.1647 -5.47113 35.99
    endloop
  endfacet
  facet normal 0 0 1
    outer loop
      vertex 86.9869 -5.28912 35.99
      vertex 86.8823 -7.89211 35.99
      vertex 87.0131 -7.7354 35.99
    endloop
  endfacet
  facet normal 0 0 1
    outer loop
      vertex 86.83 -5.091 35.99
      vertex 86.8823 -7.89211 35.99
      vertex 86.9869 -5.28912 35.99
    endloop
  endfacet
  facet normal 0 0 1
    outer loop
      vertex 86.83 -5.091 35.99
      vertex 86.7638 -8.06038 35.99
      vertex 86.8823 -7.89211 35.99
    endloop
  endfacet
  facet normal 0 0 1
    outer loop
      vertex 86.6941 -4.87674 35.99
      vertex 86.7638 -8.06038 35.99
      vertex 86.83 -5.091 35.99
    endloop
  endfacet
  facet normal 0 0 1
    outer loop
      vertex 86.6941 -4.87674 35.99
      vertex 86.6592 -8.23822 35.99
      vertex 86.7638 -8.06038 35.99
    endloop
  endfacet
  facet normal 0 0 1
    outer loop
      vertex 86.5791 -4.64636 35.99
      vertex 86.6592 -8.23822 35.99
      vertex 86.6941 -4.87674 35.99
    endloop
  endfacet
  facet normal 0 0 1
    outer loop
      vertex 86.5791 -4.64636 35.99
      vertex 86.5686 -8.42567 35.99
      vertex 86.6592 -8.23822 35.99
    endloop
  endfacet
  facet normal 0 0 1
    outer loop
      vertex 86.5791 -4.64636 35.99
      vertex 86.4919 -8.6227 35.99
      vertex 86.5686 -8.42567 35.99
    endloop
  endfacet
  facet normal 0 0 1
    outer loop
      vertex 86.4849 -4.39986 35.99
      vertex 86.4919 -8.6227 35.99
      vertex 86.5791 -4.64636 35.99
    endloop
  endfacet
  facet normal 0 0 1
    outer loop
      vertex 86.4849 -4.39986 35.99
      vertex 86.4292 -8.82932 35.99
      vertex 86.4919 -8.6227 35.99
    endloop
  endfacet
  facet normal 0 0 1
    outer loop
      vertex 86.4117 -4.13721 35.99
      vertex 86.4292 -8.82932 35.99
      vertex 86.4849 -4.39986 35.99
    endloop
  endfacet
  facet normal 0 0 1
    outer loop
      vertex 86.4117 -4.13721 35.99
      vertex 86.3804 -9.04553 35.99
      vertex 86.4292 -8.82932 35.99
    endloop
  endfacet
  facet normal 0 0 1
    outer loop
      vertex 86.3595 -3.85843 35.99
      vertex 86.3804 -9.04553 35.99
      vertex 86.4117 -4.13721 35.99
    endloop
  endfacet
  facet normal 0 0 1
    outer loop
      vertex 86.3595 -3.85843 35.99
      vertex 86.3455 -9.27135 35.99
      vertex 86.3804 -9.04553 35.99
    endloop
  endfacet
  facet normal 0 0 1
    outer loop
      vertex 86.3281 -3.56352 35.99
      vertex 86.3455 -9.27135 35.99
      vertex 86.3595 -3.85843 35.99
    endloop
  endfacet
  facet normal 0 0 1
    outer loop
      vertex 86.3281 -3.56352 35.99
      vertex 86.3246 -9.50673 35.99
      vertex 86.3455 -9.27135 35.99
    endloop
  endfacet
  facet normal 0 0 1
    outer loop
      vertex 86.3176 -3.25249 35.99
      vertex 86.3246 -9.50673 35.99
      vertex 86.3281 -3.56352 35.99
    endloop
  endfacet
  facet normal 0 0 1
    outer loop
      vertex 86.3246 -9.50673 35.99
      vertex 86.3176 -3.25249 35.99
      vertex 86.3176 -9.75172 35.99
    endloop
  endfacet
  facet normal 0 0 1
    outer loop
      vertex 91.0529 -2.08725 35.99
      vertex 89.9352 -4.51772 35.99
      vertex 90.1362 -4.51347 35.99
    endloop
  endfacet
  facet normal 0 0 1
    outer loop
      vertex 91.4066 3.16135 35.99
      vertex 91.2142 3.07651 35.99
      vertex 91.4647 3.14676 35.99
    endloop
  endfacet
  facet normal 0 0 1
    outer loop
      vertex 91.3395 3.179 35.99
      vertex 91.2142 3.07651 35.99
      vertex 91.4066 3.16135 35.99
    endloop
  endfacet
  facet normal 0 0 1
    outer loop
      vertex 91.2634 3.19971 35.99
      vertex 91.2142 3.07651 35.99
      vertex 91.3395 3.179 35.99
    endloop
  endfacet
  facet normal 0 0 1
    outer loop
      vertex 91.1783 3.22346 35.99
      vertex 91.2142 3.07651 35.99
      vertex 91.2634 3.19971 35.99
    endloop
  endfacet
  facet normal 0 0 1
    outer loop
      vertex 91.0842 3.25027 35.99
      vertex 91.2142 3.07651 35.99
      vertex 91.1783 3.22346 35.99
    endloop
  endfacet
  facet normal 0 0 1
    outer loop
      vertex 91.0842 3.25027 35.99
      vertex 90.9854 3.01219 35.99
      vertex 91.2142 3.07651 35.99
    endloop
  endfacet
  facet normal 0 0 1
    outer loop
      vertex 90.981 3.28012 35.99
      vertex 90.9854 3.01219 35.99
      vertex 91.0842 3.25027 35.99
    endloop
  endfacet
  facet normal 0 0 1
    outer loop
      vertex 90.8689 3.31303 35.99
      vertex 90.9854 3.01219 35.99
      vertex 90.981 3.28012 35.99
    endloop
  endfacet
  facet normal 0 0 1
    outer loop
      vertex 90.8689 3.31303 35.99
      vertex 90.7784 2.95387 35.99
      vertex 90.9854 3.01219 35.99
    endloop
  endfacet
  facet normal 0 0 1
    outer loop
      vertex 90.7478 3.34898 35.99
      vertex 90.7784 2.95387 35.99
      vertex 90.8689 3.31303 35.99
    endloop
  endfacet
  facet normal 0 0 1
    outer loop
      vertex 90.5932 2.90147 35.99
      vertex 90.7478 3.34898 35.99
      vertex 90.6177 3.38802 35.99
    endloop
  endfacet
  facet normal 0 0 1
    outer loop
      vertex 90.7478 3.34898 35.99
      vertex 90.5932 2.90147 35.99
      vertex 90.7784 2.95387 35.99
    endloop
  endfacet
  facet normal 0 0 1
    outer loop
      vertex 90.4463 3.44077 35.99
      vertex 90.5932 2.90147 35.99
      vertex 90.6177 3.38802 35.99
    endloop
  endfacet
  facet normal 0 0 1
    outer loop
      vertex 90.4463 3.44077 35.99
      vertex 90.4298 2.85506 35.99
      vertex 90.5932 2.90147 35.99
    endloop
  endfacet
  facet normal 0 0 1
    outer loop
      vertex 90.4463 3.44077 35.99
      vertex 90.2882 2.81458 35.99
      vertex 90.4298 2.85506 35.99
    endloop
  endfacet
  facet normal 0 0 1
    outer loop
      vertex 90.2017 3.51793 35.99
      vertex 90.2882 2.81458 35.99
      vertex 90.4463 3.44077 35.99
    endloop
  endfacet
  facet normal 0 0 1
    outer loop
      vertex 90.2017 3.51793 35.99
      vertex 90.1684 2.78004 35.99
      vertex 90.2882 2.81458 35.99
    endloop
  endfacet
  facet normal 0 0 1
    outer loop
      vertex 90.2017 3.51793 35.99
      vertex 90.0703 2.75148 35.99
      vertex 90.1684 2.78004 35.99
    endloop
  endfacet
  facet normal 0 0 1
    outer loop
      vertex 89.8837 3.61951 35.99
      vertex 90.0703 2.75148 35.99
      vertex 90.2017 3.51793 35.99
    endloop
  endfacet
  facet normal 0 0 1
    outer loop
      vertex 90.0703 2.75148 35.99
      vertex 89.8837 3.61951 35.99
      vertex 89.994 2.72888 35.99
    endloop
  endfacet
  facet normal 0 0 1
    outer loop
      vertex 89.4923 3.7455 35.99
      vertex 89.994 2.72888 35.99
      vertex 89.8837 3.61951 35.99
    endloop
  endfacet
  facet normal 0 0 1
    outer loop
      vertex 89.0276 3.8959 35.99
      vertex 89.994 2.72888 35.99
      vertex 89.4923 3.7455 35.99
    endloop
  endfacet
  facet normal 0 0 1
    outer loop
      vertex 88.4895 4.07071 35.99
      vertex 89.994 2.72888 35.99
      vertex 89.0276 3.8959 35.99
    endloop
  endfacet
  facet normal 0 0 1
    outer loop
      vertex 86.4352 1.61665 35.99
      vertex 88.4895 4.07071 35.99
      vertex 87.8781 4.26991 35.99
    endloop
  endfacet
  facet normal 0 0 1
    outer loop
      vertex 86.4352 1.61665 35.99
      vertex 87.8781 4.26991 35.99
      vertex 87.1934 4.49355 35.99
    endloop
  endfacet
  facet normal 0 0 1
    outer loop
      vertex 86.4352 1.61665 35.99
      vertex 87.1934 4.49355 35.99
      vertex 86.4352 4.74158 35.99
    endloop
  endfacet
  facet normal 0 0 1
    outer loop
      vertex 88.4895 4.07071 35.99
      vertex 86.4352 1.61665 35.99
      vertex 89.994 2.72888 35.99
    endloop
  endfacet
  facet normal -0 0 1
    outer loop
      vertex 88.7335 -2.04811 35.99
      vertex 88.8999 -4.50601 35.99
      vertex 88.8999 -2.03423 35.99
    endloop
  endfacet
  facet normal 0 0 1
    outer loop
      vertex 88.8999 -4.50601 35.99
      vertex 88.7335 -2.04811 35.99
      vertex 88.7419 -4.4984 35.99
    endloop
  endfacet
  facet normal -0 0 1
    outer loop
      vertex 88.5765 -2.06882 35.99
      vertex 88.7419 -4.4984 35.99
      vertex 88.7335 -2.04811 35.99
    endloop
  endfacet
  facet normal 0 0 1
    outer loop
      vertex 88.7419 -4.4984 35.99
      vertex 88.5765 -2.06882 35.99
      vertex 88.5918 -4.48346 35.99
    endloop
  endfacet
  facet normal -0 0 1
    outer loop
      vertex 88.429 -2.09636 35.99
      vertex 88.5918 -4.48346 35.99
      vertex 88.5765 -2.06882 35.99
    endloop
  endfacet
  facet normal 0 0 1
    outer loop
      vertex 88.5918 -4.48346 35.99
      vertex 88.429 -2.09636 35.99
      vertex 88.4496 -4.46118 35.99
    endloop
  endfacet
  facet normal 0 0 1
    outer loop
      vertex 88.429 -2.09636 35.99
      vertex 88.3155 -4.43158 35.99
      vertex 88.4496 -4.46118 35.99
    endloop
  endfacet
  facet normal -0 0 1
    outer loop
      vertex 88.2911 -2.13074 35.99
      vertex 88.3155 -4.43158 35.99
      vertex 88.429 -2.09636 35.99
    endloop
  endfacet
  facet normal 0 0 1
    outer loop
      vertex 88.2911 -2.13074 35.99
      vertex 88.1894 -4.39462 35.99
      vertex 88.3155 -4.43158 35.99
    endloop
  endfacet
  facet normal -0 0 1
    outer loop
      vertex 88.1627 -2.17194 35.99
      vertex 88.1894 -4.39462 35.99
      vertex 88.2911 -2.13074 35.99
    endloop
  endfacet
  facet normal 0 0 1
    outer loop
      vertex 88.1627 -2.17194 35.99
      vertex 88.0712 -4.35034 35.99
      vertex 88.1894 -4.39462 35.99
    endloop
  endfacet
  facet normal -0 0 1
    outer loop
      vertex 88.0437 -2.21997 35.99
      vertex 88.0712 -4.35034 35.99
      vertex 88.1627 -2.17194 35.99
    endloop
  endfacet
  facet normal -0 0 1
    outer loop
      vertex 87.3587 -3.27602 35.99
      vertex 88.0712 -4.35034 35.99
      vertex 88.0437 -2.21997 35.99
    endloop
  endfacet
  facet normal 0 0 1
    outer loop
      vertex 87.3587 -3.27602 35.99
      vertex 88.0437 -2.21997 35.99
      vertex 87.9343 -2.27483 35.99
    endloop
  endfacet
  facet normal 0 0 1
    outer loop
      vertex 88.0712 -4.35034 35.99
      vertex 87.3587 -3.27602 35.99
      vertex 87.9611 -4.29871 35.99
    endloop
  endfacet
  facet normal 0 0 1
    outer loop
      vertex 87.3635 -3.15715 35.99
      vertex 87.9343 -2.27483 35.99
      vertex 87.8344 -2.33653 35.99
    endloop
  endfacet
  facet normal -0 -0 1
    outer loop
      vertex 87.3637 -3.40216 35.99
      vertex 87.9611 -4.29871 35.99
      vertex 87.3587 -3.27602 35.99
    endloop
  endfacet
  facet normal 0 0 1
    outer loop
      vertex 87.3635 -3.15715 35.99
      vertex 87.8344 -2.33653 35.99
      vertex 87.7441 -2.40504 35.99
    endloop
  endfacet
  facet normal 0 0 1
    outer loop
      vertex 87.9611 -4.29871 35.99
      vertex 87.3637 -3.40216 35.99
      vertex 87.8589 -4.23975 35.99
    endloop
  endfacet
  facet normal 0 0 1
    outer loop
      vertex 87.3635 -3.15715 35.99
      vertex 87.7441 -2.40504 35.99
      vertex 87.6632 -2.47972 35.99
    endloop
  endfacet
  facet normal 0 0 1
    outer loop
      vertex 87.8589 -4.23975 35.99
      vertex 87.3788 -3.52171 35.99
      vertex 87.7647 -4.17345 35.99
    endloop
  endfacet
  facet normal 0 0 1
    outer loop
      vertex 87.3635 -3.15715 35.99
      vertex 87.6632 -2.47972 35.99
      vertex 87.5918 -2.55992 35.99
    endloop
  endfacet
  facet normal 0 0 1
    outer loop
      vertex 87.7647 -4.17345 35.99
      vertex 87.3788 -3.52171 35.99
      vertex 87.6795 -4.10017 35.99
    endloop
  endfacet
  facet normal 0 0 1
    outer loop
      vertex 87.3635 -3.15715 35.99
      vertex 87.5918 -2.55992 35.99
      vertex 87.53 -2.64566 35.99
    endloop
  endfacet
  facet normal 0 0 1
    outer loop
      vertex 87.6795 -4.10017 35.99
      vertex 87.3788 -3.52171 35.99
      vertex 87.6043 -4.02029 35.99
    endloop
  endfacet
  facet normal 0 0 1
    outer loop
      vertex 87.3635 -3.15715 35.99
      vertex 87.53 -2.64566 35.99
      vertex 87.4777 -2.73691 35.99
    endloop
  endfacet
  facet normal 0 0 1
    outer loop
      vertex 87.6043 -4.02029 35.99
      vertex 87.3788 -3.52171 35.99
      vertex 87.5392 -3.93381 35.99
    endloop
  endfacet
  facet normal 0 0 1
    outer loop
      vertex 87.3635 -3.15715 35.99
      vertex 87.4777 -2.73691 35.99
      vertex 87.4348 -2.83368 35.99
    endloop
  endfacet
  facet normal 0 0 1
    outer loop
      vertex 87.5392 -3.93381 35.99
      vertex 87.3788 -3.52171 35.99
      vertex 87.484 -3.8407 35.99
    endloop
  endfacet
  facet normal 0 0 1
    outer loop
      vertex 87.3635 -3.15715 35.99
      vertex 87.4348 -2.83368 35.99
      vertex 87.4016 -2.93597 35.99
    endloop
  endfacet
  facet normal 0 0 1
    outer loop
      vertex 87.4389 -3.74098 35.99
      vertex 87.3788 -3.52171 35.99
      vertex 87.4039 -3.63464 35.99
    endloop
  endfacet
  facet normal 0 0 1
    outer loop
      vertex 87.3635 -3.15715 35.99
      vertex 87.4016 -2.93597 35.99
      vertex 87.3778 -3.04379 35.99
    endloop
  endfacet
  facet normal 0 0 1
    outer loop
      vertex 87.484 -3.8407 35.99
      vertex 87.3788 -3.52171 35.99
      vertex 87.4389 -3.74098 35.99
    endloop
  endfacet
  facet normal 0 0 1
    outer loop
      vertex 87.9343 -2.27483 35.99
      vertex 87.3635 -3.15715 35.99
      vertex 87.3587 -3.27602 35.99
    endloop
  endfacet
  facet normal -0 -0 1
    outer loop
      vertex 87.3788 -3.52171 35.99
      vertex 87.8589 -4.23975 35.99
      vertex 87.3637 -3.40216 35.99
    endloop
  endfacet
  facet normal -0.970217 -0.242236 0
    outer loop
      vertex 73.5344 -15.4322 5.99
      vertex 73.5154 -15.3561 35.4
      vertex 73.5154 -15.3561 5.99
    endloop
  endfacet
  facet normal -0.970217 -0.242236 0
    outer loop
      vertex 73.5154 -15.3561 35.4
      vertex 73.5344 -15.4322 5.99
      vertex 73.5344 -15.4322 35.4
    endloop
  endfacet
  facet normal 0.59027 -0.807206 0
    outer loop
      vertex 105.144 -15.8652 5.99
      vertex 105.208 -15.8184 35.4
      vertex 105.144 -15.8652 35.4
    endloop
  endfacet
  facet normal 0.59027 -0.807206 0
    outer loop
      vertex 105.208 -15.8184 35.4
      vertex 105.144 -15.8652 5.99
      vertex 105.208 -15.8184 5.99
    endloop
  endfacet
  facet normal 0.599119 -0.364449 0.712905
    outer loop
      vertex 105.406 -15.5771 35.4
      vertex 104.866 -15.3107 35.99
      vertex 105.365 -15.6445 35.4
    endloop
  endfacet
  facet normal -0.299928 -0.633777 0.713
    outer loop
      vertex 74.2237 -15.3841 35.99
      vertex 73.9229 -15.9055 35.4
      vertex 73.9939 -15.9391 35.4
    endloop
  endfacet
  facet normal 0.145859 -0.989305 0
    outer loop
      vertex 104.778 -15.9961 5.99
      vertex 104.856 -15.9846 35.4
      vertex 104.778 -15.9961 35.4
    endloop
  endfacet
  facet normal 0.145859 -0.989305 0
    outer loop
      vertex 104.856 -15.9846 35.4
      vertex 104.778 -15.9961 5.99
      vertex 104.856 -15.9846 5.99
    endloop
  endfacet
  facet normal 0.296559 -0.635484 0.712891
    outer loop
      vertex 104.794 -15.3757 35.99
      vertex 104.776 -15.3841 35.99
      vertex 105.077 -15.9055 35.4
    endloop
  endfacet
  facet normal -0.243435 0.969917 0
    outer loop
      vertex 74.1439 15.9846 5.99
      vertex 74.0678 15.9655 35.4
      vertex 74.1439 15.9846 35.4
    endloop
  endfacet
  facet normal -0.243435 0.969917 0
    outer loop
      vertex 74.0678 15.9655 35.4
      vertex 74.1439 15.9846 5.99
      vertex 74.0678 15.9655 5.99
    endloop
  endfacet
  facet normal -0.858278 0.513184 0
    outer loop
      vertex 73.5945 15.5771 5.99
      vertex 73.6348 15.6445 35.4
      vertex 73.6348 15.6445 5.99
    endloop
  endfacet
  facet normal -0.858278 0.513184 0
    outer loop
      vertex 73.6348 15.6445 35.4
      vertex 73.5945 15.5771 5.99
      vertex 73.5945 15.5771 35.4
    endloop
  endfacet
  facet normal 0.74571 0.66627 0
    outer loop
      vertex 105.318 15.7075 35.4
      vertex 105.266 15.7657 5.99
      vertex 105.266 15.7657 35.4
    endloop
  endfacet
  facet normal 0.74571 0.66627 0
    outer loop
      vertex 105.266 15.7657 5.99
      vertex 105.318 15.7075 35.4
      vertex 105.318 15.7075 5.99
    endloop
  endfacet
  facet normal 0.700096 -0.0357192 0.713155
    outer loop
      vertex 105.5 -15.2 35.4
      vertex 104.898 -15.2195 35.99
      vertex 105.496 -15.2784 35.4
    endloop
  endfacet
  facet normal 0.145859 0.989305 -0
    outer loop
      vertex 104.856 15.9846 5.99
      vertex 104.778 15.9961 35.4
      vertex 104.856 15.9846 35.4
    endloop
  endfacet
  facet normal 0.145859 0.989305 0
    outer loop
      vertex 104.778 15.9961 35.4
      vertex 104.856 15.9846 5.99
      vertex 104.778 15.9961 5.99
    endloop
  endfacet
  facet normal 0.361492 0.600992 0.712834
    outer loop
      vertex 105.077 15.9055 35.4
      vertex 104.811 15.3657 35.99
      vertex 105.144 15.8652 35.4
    endloop
  endfacet
  facet normal -0.470627 0.519744 0.713005
    outer loop
      vertex 73.7925 15.8184 35.4
      vertex 73.7343 15.7657 35.4
      vertex 74.1736 15.3541 35.99
    endloop
  endfacet
  facet normal 0.243736 0.969841 -0
    outer loop
      vertex 104.932 15.9655 5.99
      vertex 104.856 15.9846 35.4
      vertex 104.932 15.9655 35.4
    endloop
  endfacet
  facet normal 0.243736 0.969841 0
    outer loop
      vertex 104.856 15.9846 35.4
      vertex 104.932 15.9655 5.99
      vertex 104.856 15.9846 5.99
    endloop
  endfacet
  facet normal -0.513184 -0.858278 0
    outer loop
      vertex 73.8555 -15.8652 5.99
      vertex 73.9229 -15.9055 35.4
      vertex 73.8555 -15.8652 35.4
    endloop
  endfacet
  facet normal -0.513184 -0.858278 -0
    outer loop
      vertex 73.9229 -15.9055 35.4
      vertex 73.8555 -15.8652 5.99
      vertex 73.9229 -15.9055 5.99
    endloop
  endfacet
  facet normal 0.523687 0.466296 0.712965
    outer loop
      vertex 105.266 15.7657 35.4
      vertex 104.841 15.3409 35.99
      vertex 104.854 15.3263 35.99
    endloop
  endfacet
  facet normal -0.14641 -0.989224 0
    outer loop
      vertex 74.1439 -15.9846 5.99
      vertex 74.2216 -15.9961 35.4
      vertex 74.1439 -15.9846 35.4
    endloop
  endfacet
  facet normal -0.14641 -0.989224 -0
    outer loop
      vertex 74.2216 -15.9961 35.4
      vertex 74.1439 -15.9846 5.99
      vertex 74.2216 -15.9961 5.99
    endloop
  endfacet
  facet normal 0.59027 0.807206 -0
    outer loop
      vertex 105.208 15.8184 5.99
      vertex 105.144 15.8652 35.4
      vertex 105.208 15.8184 35.4
    endloop
  endfacet
  facet normal 0.59027 0.807206 0
    outer loop
      vertex 105.144 15.8652 35.4
      vertex 105.208 15.8184 5.99
      vertex 105.144 15.8652 5.99
    endloop
  endfacet
  facet normal 0.555647 -0.42742 0.71314
    outer loop
      vertex 104.866 -15.3107 35.99
      vertex 104.854 -15.3263 35.99
      vertex 105.318 -15.7075 35.4
    endloop
  endfacet
  facet normal 0.427758 0.903893 -0
    outer loop
      vertex 105.077 15.9055 5.99
      vertex 105.006 15.9391 35.4
      vertex 105.077 15.9055 35.4
    endloop
  endfacet
  facet normal 0.427758 0.903893 0
    outer loop
      vertex 105.006 15.9391 35.4
      vertex 105.077 15.9055 5.99
      vertex 105.006 15.9391 5.99
    endloop
  endfacet
  facet normal 0.336014 0.941857 -0
    outer loop
      vertex 105.006 15.9391 5.99
      vertex 104.932 15.9655 35.4
      vertex 105.006 15.9391 35.4
    endloop
  endfacet
  facet normal 0.336014 0.941857 0
    outer loop
      vertex 104.932 15.9655 35.4
      vertex 105.006 15.9391 5.99
      vertex 104.932 15.9655 5.99
    endloop
  endfacet
  facet normal -0.634109 -0.299242 0.712994
    outer loop
      vertex 74.1159 -15.2762 35.99
      vertex 73.5945 -15.5771 35.4
      vertex 74.1243 -15.294 35.99
    endloop
  endfacet
  facet normal -0.802744 -0.596324 0
    outer loop
      vertex 73.6816 -15.7075 5.99
      vertex 73.6348 -15.6445 35.4
      vertex 73.6348 -15.6445 5.99
    endloop
  endfacet
  facet normal -0.802744 -0.596324 0
    outer loop
      vertex 73.6348 -15.6445 35.4
      vertex 73.6816 -15.7075 5.99
      vertex 73.6816 -15.7075 35.4
    endloop
  endfacet
  facet normal 0.939273 -0.343171 0
    outer loop
      vertex 105.439 -15.5061 35.4
      vertex 105.466 -15.4322 5.99
      vertex 105.466 -15.4322 35.4
    endloop
  endfacet
  facet normal 0.939273 -0.343171 0
    outer loop
      vertex 105.466 -15.4322 5.99
      vertex 105.439 -15.5061 35.4
      vertex 105.439 -15.5061 5.99
    endloop
  endfacet
  facet normal -0.802744 0.596324 0
    outer loop
      vertex 73.6348 15.6445 5.99
      vertex 73.6816 15.7075 35.4
      vertex 73.6816 15.7075 5.99
    endloop
  endfacet
  facet normal -0.802744 0.596324 0
    outer loop
      vertex 73.6816 15.7075 35.4
      vertex 73.6348 15.6445 5.99
      vertex 73.6348 15.6445 35.4
    endloop
  endfacet
  facet normal -0.693476 -0.103531 0.713002
    outer loop
      vertex 74.1045 -15.2388 35.99
      vertex 73.5038 -15.2784 35.4
      vertex 73.5154 -15.3561 35.4
    endloop
  endfacet
  facet normal -0.236728 -0.659969 0.713022
    outer loop
      vertex 74.2237 -15.3841 35.99
      vertex 73.9939 -15.9391 35.4
      vertex 74.2421 -15.3907 35.99
    endloop
  endfacet
  facet normal -0.671213 0.741264 0
    outer loop
      vertex 73.7925 15.8184 5.99
      vertex 73.7343 15.7657 35.4
      vertex 73.7925 15.8184 35.4
    endloop
  endfacet
  facet normal -0.671213 0.741264 0
    outer loop
      vertex 73.7343 15.7657 35.4
      vertex 73.7925 15.8184 5.99
      vertex 73.7343 15.7657 5.99
    endloop
  endfacet
  facet normal -0.596324 0.802744 0
    outer loop
      vertex 73.8555 15.8652 5.99
      vertex 73.7925 15.8184 35.4
      vertex 73.8555 15.8652 35.4
    endloop
  endfacet
  facet normal -0.596324 0.802744 0
    outer loop
      vertex 73.7925 15.8184 35.4
      vertex 73.8555 15.8652 5.99
      vertex 73.7925 15.8184 5.99
    endloop
  endfacet
  facet normal -0.0348354 -0.700281 0.713017
    outer loop
      vertex 74.2805 -15.3983 35.99
      vertex 74.2216 -15.9961 35.4
      vertex 74.3 -16 35.4
    endloop
  endfacet
  facet normal -0.693476 0.103531 0.713002
    outer loop
      vertex 73.5154 15.3561 35.4
      vertex 73.5038 15.2784 35.4
      vertex 74.1045 15.2388 35.99
    endloop
  endfacet
  facet normal -0.998827 0.0484126 0
    outer loop
      vertex 73.5 15.2 5.99
      vertex 73.5038 15.2784 35.4
      vertex 73.5038 15.2784 5.99
    endloop
  endfacet
  facet normal -0.998827 0.0484126 0
    outer loop
      vertex 73.5038 15.2784 35.4
      vertex 73.5 15.2 5.99
      vertex 73.5 15.2 35.4
    endloop
  endfacet
  facet normal -0.418098 0.562825 0.713037
    outer loop
      vertex 73.8555 15.8652 35.4
      vertex 73.7925 15.8184 35.4
      vertex 74.1893 15.3657 35.99
    endloop
  endfacet
  facet normal 0.672482 0.740113 -0
    outer loop
      vertex 105.266 15.7657 5.99
      vertex 105.208 15.8184 35.4
      vertex 105.266 15.7657 35.4
    endloop
  endfacet
  facet normal 0.672482 0.740113 0
    outer loop
      vertex 105.208 15.8184 35.4
      vertex 105.266 15.7657 5.99
      vertex 105.208 15.8184 5.99
    endloop
  endfacet
  facet normal -0.989039 0.147656 0
    outer loop
      vertex 73.5038 15.2784 5.99
      vertex 73.5154 15.3561 35.4
      vertex 73.5154 15.3561 5.99
    endloop
  endfacet
  facet normal -0.989039 0.147656 0
    outer loop
      vertex 73.5154 15.3561 35.4
      vertex 73.5038 15.2784 5.99
      vertex 73.5038 15.2784 35.4
    endloop
  endfacet
  facet normal 0.0350132 0.700265 0.713024
    outer loop
      vertex 104.778 15.9961 35.4
      vertex 104.7 16 35.4
      vertex 104.719 15.3983 35.99
    endloop
  endfacet
  facet normal 0.990127 -0.140172 0
    outer loop
      vertex 105.485 -15.3561 35.4
      vertex 105.496 -15.2784 5.99
      vertex 105.496 -15.2784 35.4
    endloop
  endfacet
  facet normal 0.990127 -0.140172 0
    outer loop
      vertex 105.496 -15.2784 5.99
      vertex 105.485 -15.3561 35.4
      vertex 105.485 -15.3561 5.99
    endloop
  endfacet
  facet normal 0.906835 -0.421487 0
    outer loop
      vertex 105.406 -15.5771 35.4
      vertex 105.439 -15.5061 5.99
      vertex 105.439 -15.5061 35.4
    endloop
  endfacet
  facet normal 0.906835 -0.421487 0
    outer loop
      vertex 105.439 -15.5061 5.99
      vertex 105.406 -15.5771 35.4
      vertex 105.406 -15.5771 5.99
    endloop
  endfacet
  facet normal 0.970217 -0.242236 0
    outer loop
      vertex 105.466 -15.4322 35.4
      vertex 105.485 -15.3561 5.99
      vertex 105.485 -15.3561 35.4
    endloop
  endfacet
  facet normal 0.970217 -0.242236 0
    outer loop
      vertex 105.485 -15.3561 5.99
      vertex 105.466 -15.4322 35.4
      vertex 105.466 -15.4322 5.99
    endloop
  endfacet
  facet normal -0.700319 0.033944 0.713023
    outer loop
      vertex 73.5038 15.2784 35.4
      vertex 73.5 15.2 35.4
      vertex 74.1 15.1855 35.99
    endloop
  endfacet
  facet normal -0.70114 0 0.713024
    outer loop
      vertex 73.5 15.2 35.4
      vertex 74.1 -15.1855 35.99
      vertex 74.1 15.1855 35.99
    endloop
  endfacet
  facet normal -0.70114 0 0.713024
    outer loop
      vertex 74.1 -15.1855 35.99
      vertex 73.5 15.2 35.4
      vertex 73.5 -15.2 35.4
    endloop
  endfacet
  facet normal -0.52009 -0.470219 0.713022
    outer loop
      vertex 74.1459 -15.3263 35.99
      vertex 73.7343 -15.7657 35.4
      vertex 74.1591 -15.3409 35.99
    endloop
  endfacet
  facet normal 0.693855 -0.0982291 0.713384
    outer loop
      vertex 105.496 -15.2784 35.4
      vertex 104.895 -15.2388 35.99
      vertex 105.485 -15.3561 35.4
    endloop
  endfacet
  facet normal 0.413946 -0.56608 0.712883
    outer loop
      vertex 105.208 -15.8184 35.4
      vertex 104.811 -15.3657 35.99
      vertex 105.144 -15.8652 35.4
    endloop
  endfacet
  facet normal -0.601551 -0.36021 0.713012
    outer loop
      vertex 74.1243 -15.294 35.99
      vertex 73.5945 -15.5771 35.4
      vertex 74.1343 -15.3107 35.99
    endloop
  endfacet
  facet normal -0.562825 -0.418098 0.713037
    outer loop
      vertex 74.1343 -15.3107 35.99
      vertex 73.6348 -15.6445 35.4
      vertex 73.6816 -15.7075 35.4
    endloop
  endfacet
  facet normal -0.700209 -0.0350104 0.713079
    outer loop
      vertex 74.1 -15.1855 35.99
      vertex 73.5038 -15.2784 35.4
      vertex 74.1017 -15.2195 35.99
    endloop
  endfacet
  facet normal -0.659974 -0.236662 0.713039
    outer loop
      vertex 74.1093 -15.2578 35.99
      vertex 73.5344 -15.4322 35.4
      vertex 73.5609 -15.5061 35.4
    endloop
  endfacet
  facet normal 0.361492 -0.600992 0.712834
    outer loop
      vertex 105.144 -15.8652 35.4
      vertex 104.811 -15.3657 35.99
      vertex 105.077 -15.9055 35.4
    endloop
  endfacet
  facet normal 0.680189 -0.169824 0.713094
    outer loop
      vertex 105.485 -15.3561 35.4
      vertex 104.891 -15.2578 35.99
      vertex 105.466 -15.4322 35.4
    endloop
  endfacet
  facet normal 0.522851 0.467152 0.713019
    outer loop
      vertex 105.266 15.7657 35.4
      vertex 104.854 15.3263 35.99
      vertex 105.318 15.7075 35.4
    endloop
  endfacet
  facet normal 0.635714 -0.295473 0.713136
    outer loop
      vertex 105.439 -15.5061 35.4
      vertex 104.884 -15.2762 35.99
      vertex 105.406 -15.5771 35.4
    endloop
  endfacet
  facet normal -0.0349113 -0.700281 0.713014
    outer loop
      vertex 74.3146 -15.4 35.99
      vertex 74.2805 -15.3983 35.99
      vertex 74.3 -16 35.4
    endloop
  endfacet
  facet normal 0.700041 0.0410581 0.712922
    outer loop
      vertex 105.5 15.2 35.4
      vertex 104.898 15.2195 35.99
      vertex 104.9 15.1854 35.99
    endloop
  endfacet
  facet normal 0.639804 -0.287553 0.712716
    outer loop
      vertex 104.884 -15.2762 35.99
      vertex 104.876 -15.294 35.99
      vertex 105.406 -15.5771 35.4
    endloop
  endfacet
  facet normal -0.470627 -0.519744 0.713005
    outer loop
      vertex 74.1736 -15.3541 35.99
      vertex 73.7343 -15.7657 35.4
      vertex 73.7925 -15.8184 35.4
    endloop
  endfacet
  facet normal 0.299907 0.633731 0.71305
    outer loop
      vertex 105.006 15.9391 35.4
      vertex 104.776 15.3841 35.99
      vertex 105.077 15.9055 35.4
    endloop
  endfacet
  facet normal 0.655055 -0.249206 0.713302
    outer loop
      vertex 104.891 -15.2578 35.99
      vertex 104.884 -15.2762 35.99
      vertex 105.439 -15.5061 35.4
    endloop
  endfacet
  facet normal 0.6586 -0.240625 0.712983
    outer loop
      vertex 105.466 -15.4322 35.4
      vertex 104.891 -15.2578 35.99
      vertex 105.439 -15.5061 35.4
    endloop
  endfacet
  facet normal -0.679848 -0.171751 0.712957
    outer loop
      vertex 74.1045 -15.2388 35.99
      vertex 73.5154 -15.3561 35.4
      vertex 74.1093 -15.2578 35.99
    endloop
  endfacet
  facet normal 0.601463 -0.360158 0.713112
    outer loop
      vertex 104.876 -15.294 35.99
      vertex 104.866 -15.3107 35.99
      vertex 105.406 -15.5771 35.4
    endloop
  endfacet
  facet normal 0.555647 0.42742 0.71314
    outer loop
      vertex 105.318 15.7075 35.4
      vertex 104.854 15.3263 35.99
      vertex 104.866 15.3107 35.99
    endloop
  endfacet
  facet normal -0.235889 -0.660309 0.712985
    outer loop
      vertex 74.2421 -15.3907 35.99
      vertex 73.9939 -15.9391 35.4
      vertex 74.0678 -15.9655 35.4
    endloop
  endfacet
  facet normal -0.235889 0.660309 0.712985
    outer loop
      vertex 74.0678 15.9655 35.4
      vertex 73.9939 15.9391 35.4
      vertex 74.2421 15.3907 35.99
    endloop
  endfacet
  facet normal 0.700096 0.0357192 0.713155
    outer loop
      vertex 105.496 15.2784 35.4
      vertex 104.898 15.2195 35.99
      vertex 105.5 15.2 35.4
    endloop
  endfacet
  facet normal 0.235624 -0.66046 0.712934
    outer loop
      vertex 105.006 -15.9391 35.4
      vertex 104.758 -15.3907 35.99
      vertex 104.932 -15.9655 35.4
    endloop
  endfacet
  facet normal 0.102271 0.693663 0.713003
    outer loop
      vertex 104.778 15.9961 35.4
      vertex 104.739 15.3954 35.99
      vertex 104.856 15.9846 35.4
    endloop
  endfacet
  facet normal -0.167511 -0.680737 0.713118
    outer loop
      vertex 74.2421 -15.3907 35.99
      vertex 74.1439 -15.9846 35.4
      vertex 74.2612 -15.3954 35.99
    endloop
  endfacet
  facet normal -0.102652 -0.69357 0.713038
    outer loop
      vertex 74.2612 -15.3954 35.99
      vertex 74.1439 -15.9846 35.4
      vertex 74.2216 -15.9961 35.4
    endloop
  endfacet
  facet normal -0.418098 -0.562825 0.713037
    outer loop
      vertex 74.1893 -15.3657 35.99
      vertex 73.7925 -15.8184 35.4
      vertex 73.8555 -15.8652 35.4
    endloop
  endfacet
  facet normal -0.359811 -0.601768 0.71303
    outer loop
      vertex 74.1893 -15.3657 35.99
      vertex 73.8555 -15.8652 35.4
      vertex 73.9229 -15.9055 35.4
    endloop
  endfacet
  facet normal -0.693781 -0.100652 0.713118
    outer loop
      vertex 74.1017 -15.2195 35.99
      vertex 73.5038 -15.2784 35.4
      vertex 74.1045 -15.2388 35.99
    endloop
  endfacet
  facet normal -0.700209 0.0350104 0.713079
    outer loop
      vertex 74.1017 15.2195 35.99
      vertex 73.5038 15.2784 35.4
      vertex 74.1 15.1855 35.99
    endloop
  endfacet
  facet normal -0.680244 -0.169838 0.713038
    outer loop
      vertex 74.1093 -15.2578 35.99
      vertex 73.5154 -15.3561 35.4
      vertex 73.5344 -15.4322 35.4
    endloop
  endfacet
  facet normal -0.104191 -0.693406 0.712974
    outer loop
      vertex 74.2612 -15.3954 35.99
      vertex 74.2216 -15.9961 35.4
      vertex 74.2805 -15.3983 35.99
    endloop
  endfacet
  facet normal -0.416687 -0.563964 0.712963
    outer loop
      vertex 74.1736 -15.3541 35.99
      vertex 73.7925 -15.8184 35.4
      vertex 74.1893 -15.3657 35.99
    endloop
  endfacet
  facet normal -0.299253 -0.634132 0.712969
    outer loop
      vertex 74.2059 -15.3757 35.99
      vertex 73.9229 -15.9055 35.4
      vertex 74.2237 -15.3841 35.99
    endloop
  endfacet
  facet normal -0.65995 -0.236721 0.713042
    outer loop
      vertex 74.1093 -15.2578 35.99
      vertex 73.5609 -15.5061 35.4
      vertex 74.1159 -15.2762 35.99
    endloop
  endfacet
  facet normal -0.471955 -0.518435 0.713081
    outer loop
      vertex 74.1591 -15.3409 35.99
      vertex 73.7343 -15.7657 35.4
      vertex 74.1736 -15.3541 35.99
    endloop
  endfacet
  facet normal 0.680189 0.169824 0.713094
    outer loop
      vertex 105.466 15.4322 35.4
      vertex 104.891 15.2578 35.99
      vertex 105.485 15.3561 35.4
    endloop
  endfacet
  facet normal -0.693781 0.100652 0.713118
    outer loop
      vertex 74.1045 15.2388 35.99
      vertex 73.5038 15.2784 35.4
      vertex 74.1017 15.2195 35.99
    endloop
  endfacet
  facet normal 0.70114 0 0.713024
    outer loop
      vertex 104.9 15.1854 35.99
      vertex 105.5 -15.2 35.4
      vertex 105.5 15.2 35.4
    endloop
  endfacet
  facet normal 0.70114 0 0.713024
    outer loop
      vertex 105.5 -15.2 35.4
      vertex 104.9 15.1854 35.99
      vertex 104.9 -15.1854 35.99
    endloop
  endfacet
  facet normal 0.471295 0.518693 0.713329
    outer loop
      vertex 105.208 15.8184 35.4
      vertex 104.826 15.3541 35.99
      vertex 105.266 15.7657 35.4
    endloop
  endfacet
  facet normal 0.241319 0.658142 0.713173
    outer loop
      vertex 105.006 15.9391 35.4
      vertex 104.758 15.3907 35.99
      vertex 104.776 15.3841 35.99
    endloop
  endfacet
  facet normal 0.0350132 0.700265 0.713024
    outer loop
      vertex 104.7 16 35.4
      vertex 104.685 15.4 35.99
      vertex 104.719 15.3983 35.99
    endloop
  endfacet
  facet normal -0.361844 -0.60066 0.712935
    outer loop
      vertex 74.1893 -15.3657 35.99
      vertex 73.9229 -15.9055 35.4
      vertex 74.2059 -15.3757 35.99
    endloop
  endfacet
  facet normal 0.692849 0.107697 0.712995
    outer loop
      vertex 105.496 15.2784 35.4
      vertex 104.895 15.2388 35.99
      vertex 104.898 15.2195 35.99
    endloop
  endfacet
  facet normal -0.601768 -0.359811 0.71303
    outer loop
      vertex 74.1343 -15.3107 35.99
      vertex 73.5945 -15.5771 35.4
      vertex 73.6348 -15.6445 35.4
    endloop
  endfacet
  facet normal 0.428567 0.554182 0.713592
    outer loop
      vertex 105.208 15.8184 35.4
      vertex 104.811 15.3657 35.99
      vertex 104.826 15.3541 35.99
    endloop
  endfacet
  facet normal 0.413946 0.56608 0.712883
    outer loop
      vertex 105.144 15.8652 35.4
      vertex 104.811 15.3657 35.99
      vertex 105.208 15.8184 35.4
    endloop
  endfacet
  facet normal 0.685223 0.144258 0.713904
    outer loop
      vertex 105.485 15.3561 35.4
      vertex 104.891 15.2578 35.99
      vertex 104.895 15.2388 35.99
    endloop
  endfacet
  facet normal 0.700041 -0.0410581 0.712922
    outer loop
      vertex 104.9 -15.1854 35.99
      vertex 104.898 -15.2195 35.99
      vertex 105.5 -15.2 35.4
    endloop
  endfacet
  facet normal 0.471295 -0.518693 0.713329
    outer loop
      vertex 105.266 -15.7657 35.4
      vertex 104.826 -15.3541 35.99
      vertex 105.208 -15.8184 35.4
    endloop
  endfacet
  facet normal -0.562616 -0.418356 0.713051
    outer loop
      vertex 74.1343 -15.3107 35.99
      vertex 73.6816 -15.7075 35.4
      vertex 74.1459 -15.3263 35.99
    endloop
  endfacet
  facet normal -0.519714 -0.4706 0.713044
    outer loop
      vertex 74.1459 -15.3263 35.99
      vertex 73.6816 -15.7075 35.4
      vertex 73.7343 -15.7657 35.4
    endloop
  endfacet
  facet normal 0.693855 0.0982291 0.713384
    outer loop
      vertex 105.485 15.3561 35.4
      vertex 104.895 15.2388 35.99
      vertex 105.496 15.2784 35.4
    endloop
  endfacet
  facet normal 0.692849 -0.107697 0.712995
    outer loop
      vertex 104.898 -15.2195 35.99
      vertex 104.895 -15.2388 35.99
      vertex 105.496 -15.2784 35.4
    endloop
  endfacet
  facet normal 0.100606 -0.693837 0.71307
    outer loop
      vertex 104.739 -15.3954 35.99
      vertex 104.719 -15.3983 35.99
      vertex 104.778 -15.9961 35.4
    endloop
  endfacet
  facet normal 0.168357 0.680593 0.713056
    outer loop
      vertex 104.856 15.9846 35.4
      vertex 104.739 15.3954 35.99
      vertex 104.758 15.3907 35.99
    endloop
  endfacet
  facet normal 0.35545 0.604265 0.713105
    outer loop
      vertex 105.077 15.9055 35.4
      vertex 104.794 15.3757 35.99
      vertex 104.811 15.3657 35.99
    endloop
  endfacet
  facet normal 0.6586 0.240625 0.712983
    outer loop
      vertex 105.439 15.5061 35.4
      vertex 104.891 15.2578 35.99
      vertex 105.466 15.4322 35.4
    endloop
  endfacet
  facet normal 0.100606 0.693837 0.71307
    outer loop
      vertex 104.778 15.9961 35.4
      vertex 104.719 15.3983 35.99
      vertex 104.739 15.3954 35.99
    endloop
  endfacet
  facet normal 0.35545 -0.604265 0.713105
    outer loop
      vertex 104.811 -15.3657 35.99
      vertex 104.794 -15.3757 35.99
      vertex 105.077 -15.9055 35.4
    endloop
  endfacet
  facet normal 0.102271 -0.693663 0.713003
    outer loop
      vertex 104.856 -15.9846 35.4
      vertex 104.739 -15.3954 35.99
      vertex 104.778 -15.9961 35.4
    endloop
  endfacet
  facet normal 0.601463 0.360158 0.713112
    outer loop
      vertex 105.406 15.5771 35.4
      vertex 104.866 15.3107 35.99
      vertex 104.876 15.294 35.99
    endloop
  endfacet
  facet normal 0.235624 0.66046 0.712934
    outer loop
      vertex 104.932 15.9655 35.4
      vertex 104.758 15.3907 35.99
      vertex 105.006 15.9391 35.4
    endloop
  endfacet
  facet normal 0.170911 0.680067 0.712951
    outer loop
      vertex 104.856 15.9846 35.4
      vertex 104.758 15.3907 35.99
      vertex 104.932 15.9655 35.4
    endloop
  endfacet
  facet normal 0.639804 0.287553 0.712716
    outer loop
      vertex 105.406 15.5771 35.4
      vertex 104.876 15.294 35.99
      vertex 104.884 15.2762 35.99
    endloop
  endfacet
  facet normal 0.428567 -0.554182 0.713592
    outer loop
      vertex 104.826 -15.3541 35.99
      vertex 104.811 -15.3657 35.99
      vertex 105.208 -15.8184 35.4
    endloop
  endfacet
  facet normal 0.168357 -0.680593 0.713056
    outer loop
      vertex 104.758 -15.3907 35.99
      vertex 104.739 -15.3954 35.99
      vertex 104.856 -15.9846 35.4
    endloop
  endfacet
  facet normal 0.170911 -0.680067 0.712951
    outer loop
      vertex 104.932 -15.9655 35.4
      vertex 104.758 -15.3907 35.99
      vertex 104.856 -15.9846 35.4
    endloop
  endfacet
  facet normal 0.0350132 -0.700265 0.713024
    outer loop
      vertex 104.719 -15.3983 35.99
      vertex 104.685 -15.4 35.99
      vertex 104.7 -16 35.4
    endloop
  endfacet
  facet normal 0.0350132 -0.700265 0.713024
    outer loop
      vertex 104.719 -15.3983 35.99
      vertex 104.7 -16 35.4
      vertex 104.778 -15.9961 35.4
    endloop
  endfacet
  facet normal -0.359811 0.601768 0.71303
    outer loop
      vertex 73.9229 15.9055 35.4
      vertex 73.8555 15.8652 35.4
      vertex 74.1893 15.3657 35.99
    endloop
  endfacet
  facet normal -0.102652 0.69357 0.713038
    outer loop
      vertex 74.2216 15.9961 35.4
      vertex 74.1439 15.9846 35.4
      vertex 74.2612 15.3954 35.99
    endloop
  endfacet
  facet normal 0.599119 0.364449 0.712905
    outer loop
      vertex 105.365 15.6445 35.4
      vertex 104.866 15.3107 35.99
      vertex 105.406 15.5771 35.4
    endloop
  endfacet
  facet normal 0.56219 0.419412 0.712767
    outer loop
      vertex 105.318 15.7075 35.4
      vertex 104.866 15.3107 35.99
      vertex 105.365 15.6445 35.4
    endloop
  endfacet
  facet normal 0.655055 0.249206 0.713302
    outer loop
      vertex 105.439 15.5061 35.4
      vertex 104.884 15.2762 35.99
      vertex 104.891 15.2578 35.99
    endloop
  endfacet
  facet normal 0.635714 0.295473 0.713136
    outer loop
      vertex 105.406 15.5771 35.4
      vertex 104.884 15.2762 35.99
      vertex 105.439 15.5061 35.4
    endloop
  endfacet
  facet normal 0.463322 -0.526502 0.712831
    outer loop
      vertex 104.841 -15.3409 35.99
      vertex 104.826 -15.3541 35.99
      vertex 105.266 -15.7657 35.4
    endloop
  endfacet
  facet normal 0.241319 -0.658142 0.713173
    outer loop
      vertex 104.776 -15.3841 35.99
      vertex 104.758 -15.3907 35.99
      vertex 105.006 -15.9391 35.4
    endloop
  endfacet
  facet normal 0.299907 -0.633731 0.71305
    outer loop
      vertex 105.077 -15.9055 35.4
      vertex 104.776 -15.3841 35.99
      vertex 105.006 -15.9391 35.4
    endloop
  endfacet
  facet normal 0 0.70114 0.713024
    outer loop
      vertex 104.7 16 35.4
      vertex 74.3146 15.4 35.99
      vertex 104.685 15.4 35.99
    endloop
  endfacet
  facet normal 0 0.70114 0.713024
    outer loop
      vertex 74.3146 15.4 35.99
      vertex 104.7 16 35.4
      vertex 74.3 16 35.4
    endloop
  endfacet
  facet normal -0.519714 0.4706 0.713044
    outer loop
      vertex 73.7343 15.7657 35.4
      vertex 73.6816 15.7075 35.4
      vertex 74.1459 15.3263 35.99
    endloop
  endfacet
  facet normal 0.523687 -0.466296 0.712965
    outer loop
      vertex 104.854 -15.3263 35.99
      vertex 104.841 -15.3409 35.99
      vertex 105.266 -15.7657 35.4
    endloop
  endfacet
  facet normal 0.522851 -0.467152 0.713019
    outer loop
      vertex 105.318 -15.7075 35.4
      vertex 104.854 -15.3263 35.99
      vertex 105.266 -15.7657 35.4
    endloop
  endfacet
  facet normal -0.104191 0.693406 0.712974
    outer loop
      vertex 74.2805 15.3983 35.99
      vertex 74.2216 15.9961 35.4
      vertex 74.2612 15.3954 35.99
    endloop
  endfacet
  facet normal -0.167511 0.680737 0.713118
    outer loop
      vertex 74.2612 15.3954 35.99
      vertex 74.1439 15.9846 35.4
      vertex 74.2421 15.3907 35.99
    endloop
  endfacet
  facet normal -0.170691 0.680083 0.712988
    outer loop
      vertex 74.1439 15.9846 35.4
      vertex 74.0678 15.9655 35.4
      vertex 74.2421 15.3907 35.99
    endloop
  endfacet
  facet normal -0.0349113 0.700281 0.713014
    outer loop
      vertex 74.3 16 35.4
      vertex 74.2805 15.3983 35.99
      vertex 74.3146 15.4 35.99
    endloop
  endfacet
  facet normal -0.0348354 0.700281 0.713017
    outer loop
      vertex 74.3 16 35.4
      vertex 74.2216 15.9961 35.4
      vertex 74.2805 15.3983 35.99
    endloop
  endfacet
  facet normal -0.236728 0.659969 0.713022
    outer loop
      vertex 74.2421 15.3907 35.99
      vertex 73.9939 15.9391 35.4
      vertex 74.2237 15.3841 35.99
    endloop
  endfacet
  facet normal -0.299928 0.633777 0.713
    outer loop
      vertex 73.9939 15.9391 35.4
      vertex 73.9229 15.9055 35.4
      vertex 74.2237 15.3841 35.99
    endloop
  endfacet
  facet normal -0.562616 0.418356 0.713051
    outer loop
      vertex 74.1459 15.3263 35.99
      vertex 73.6816 15.7075 35.4
      vertex 74.1343 15.3107 35.99
    endloop
  endfacet
  facet normal -0.361844 0.60066 0.712935
    outer loop
      vertex 74.2059 15.3757 35.99
      vertex 73.9229 15.9055 35.4
      vertex 74.1893 15.3657 35.99
    endloop
  endfacet
  facet normal -0.416687 0.563964 0.712963
    outer loop
      vertex 74.1893 15.3657 35.99
      vertex 73.7925 15.8184 35.4
      vertex 74.1736 15.3541 35.99
    endloop
  endfacet
  facet normal -0.299253 0.634132 0.712969
    outer loop
      vertex 74.2237 15.3841 35.99
      vertex 73.9229 15.9055 35.4
      vertex 74.2059 15.3757 35.99
    endloop
  endfacet
  facet normal -0.52009 0.470219 0.713022
    outer loop
      vertex 74.1591 15.3409 35.99
      vertex 73.7343 15.7657 35.4
      vertex 74.1459 15.3263 35.99
    endloop
  endfacet
  facet normal -0.679848 0.171751 0.712957
    outer loop
      vertex 74.1093 15.2578 35.99
      vertex 73.5154 15.3561 35.4
      vertex 74.1045 15.2388 35.99
    endloop
  endfacet
  facet normal -0.634109 0.299242 0.712994
    outer loop
      vertex 74.1243 15.294 35.99
      vertex 73.5945 15.5771 35.4
      vertex 74.1159 15.2762 35.99
    endloop
  endfacet
  facet normal -0.633754 0.299918 0.713025
    outer loop
      vertex 73.5945 15.5771 35.4
      vertex 73.5609 15.5061 35.4
      vertex 74.1159 15.2762 35.99
    endloop
  endfacet
  facet normal -0.601551 0.36021 0.713012
    outer loop
      vertex 74.1343 15.3107 35.99
      vertex 73.5945 15.5771 35.4
      vertex 74.1243 15.294 35.99
    endloop
  endfacet
  facet normal -0.659974 0.236662 0.713039
    outer loop
      vertex 73.5609 15.5061 35.4
      vertex 73.5344 15.4322 35.4
      vertex 74.1093 15.2578 35.99
    endloop
  endfacet
  facet normal -0.680244 0.169838 0.713038
    outer loop
      vertex 73.5344 15.4322 35.4
      vertex 73.5154 15.3561 35.4
      vertex 74.1093 15.2578 35.99
    endloop
  endfacet
endsolid OpenSCAD_Model
