solid OpenSCAD_Model
  facet normal 1 0 0
    outer loop
      vertex 107.5 19 6
      vertex 107.5 15 4
      vertex 107.5 19 0
    endloop
  endfacet
  facet normal 1 0 0
    outer loop
      vertex 107.5 19 6
      vertex 107.5 2 4
      vertex 107.5 15 4
    endloop
  endfacet
  facet normal 1 0 0
    outer loop
      vertex 107.5 2 4
      vertex 107.5 -2 4
      vertex 107.5 2 1.2
    endloop
  endfacet
  facet normal 1 0 0
    outer loop
      vertex 107.5 19 6
      vertex 107.5 -2 4
      vertex 107.5 2 4
    endloop
  endfacet
  facet normal 1 -0 0
    outer loop
      vertex 107.5 -19 6
      vertex 107.5 -2 4
      vertex 107.5 19 6
    endloop
  endfacet
  facet normal 1 0 0
    outer loop
      vertex 107.5 -19 0
      vertex 107.5 -15 4
      vertex 107.5 -19 6
    endloop
  endfacet
  facet normal 1 0 0
    outer loop
      vertex 107.5 -2 4
      vertex 107.5 -19 6
      vertex 107.5 -15 4
    endloop
  endfacet
  facet normal 1 -0 0
    outer loop
      vertex 107.5 15 1.2
      vertex 107.5 19 0
      vertex 107.5 15 4
    endloop
  endfacet
  facet normal 1 -0 0
    outer loop
      vertex 107.5 2 1.2
      vertex 107.5 19 0
      vertex 107.5 15 1.2
    endloop
  endfacet
  facet normal 1 0 0
    outer loop
      vertex 107.5 -2 1.2
      vertex 107.5 2 1.2
      vertex 107.5 -2 4
    endloop
  endfacet
  facet normal 1 -0 0
    outer loop
      vertex 107.5 -2 1.2
      vertex 107.5 19 0
      vertex 107.5 2 1.2
    endloop
  endfacet
  facet normal 1 0 0
    outer loop
      vertex 107.5 -19 0
      vertex 107.5 -2 1.2
      vertex 107.5 -15 1.2
    endloop
  endfacet
  facet normal 1 0 0
    outer loop
      vertex 107.5 -2 1.2
      vertex 107.5 -19 0
      vertex 107.5 19 0
    endloop
  endfacet
  facet normal 1 0 0
    outer loop
      vertex 107.5 -15 4
      vertex 107.5 -19 0
      vertex 107.5 -15 1.2
    endloop
  endfacet
  facet normal -0 0 1
    outer loop
      vertex 77.5 -15 4.01
      vertex 79 -19 4.01
      vertex 79 -15 4.01
    endloop
  endfacet
  facet normal 0 0 1
    outer loop
      vertex 79 -19 4.01
      vertex 77.5 -15 4.01
      vertex 77.5 -19 4.01
    endloop
  endfacet
  facet normal -0 0 1
    outer loop
      vertex 85 -15 4.01
      vertex 86.5 -19 4.01
      vertex 86.5 -15 4.01
    endloop
  endfacet
  facet normal 0 0 1
    outer loop
      vertex 86.5 -19 4.01
      vertex 85 -15 4.01
      vertex 85 -19 4.01
    endloop
  endfacet
  facet normal -0 0 1
    outer loop
      vertex 92.5 -15 4.01
      vertex 94 -19 4.01
      vertex 94 -15 4.01
    endloop
  endfacet
  facet normal 0 0 1
    outer loop
      vertex 94 -19 4.01
      vertex 92.5 -15 4.01
      vertex 92.5 -19 4.01
    endloop
  endfacet
  facet normal -0 0 1
    outer loop
      vertex 100 -15 4.01
      vertex 101.5 -19 4.01
      vertex 101.5 -15 4.01
    endloop
  endfacet
  facet normal 0 0 1
    outer loop
      vertex 101.5 -19 4.01
      vertex 100 -15 4.01
      vertex 100 -19 4.01
    endloop
  endfacet
  facet normal 0 0 -1
    outer loop
      vertex 74.5 11.75 0
      vertex 101.5 12.95 0
      vertex 101.5 11.75 0
    endloop
  endfacet
  facet normal -0 0 -1
    outer loop
      vertex 101.5 12.95 0
      vertex 74.5 11.75 0
      vertex 74.5 12.95 0
    endloop
  endfacet
  facet normal 0 0 -1
    outer loop
      vertex 74.5 5.05 0
      vertex 101.5 6.25 0
      vertex 101.5 5.05 0
    endloop
  endfacet
  facet normal -0 0 -1
    outer loop
      vertex 101.5 6.25 0
      vertex 74.5 5.05 0
      vertex 74.5 6.25 0
    endloop
  endfacet
  facet normal 0 0 -1
    outer loop
      vertex 71.5 -2 0
      vertex 101.5 2 0
      vertex 101.5 -2 0
    endloop
  endfacet
  facet normal -0 0 -1
    outer loop
      vertex 101.5 2 0
      vertex 71.5 -2 0
      vertex 71.5 2 0
    endloop
  endfacet
  facet normal 0 0 -1
    outer loop
      vertex 74.5 -6.25 0
      vertex 101.5 -5.05 0
      vertex 101.5 -6.25 0
    endloop
  endfacet
  facet normal -0 0 -1
    outer loop
      vertex 101.5 -5.05 0
      vertex 74.5 -6.25 0
      vertex 74.5 -5.05 0
    endloop
  endfacet
  facet normal 0 0 -1
    outer loop
      vertex 74.5 -12.95 0
      vertex 101.5 -11.75 0
      vertex 101.5 -12.95 0
    endloop
  endfacet
  facet normal -0 0 -1
    outer loop
      vertex 101.5 -11.75 0
      vertex 74.5 -12.95 0
      vertex 74.5 -11.75 0
    endloop
  endfacet
  facet normal 0 0 -1
    outer loop
      vertex 101.5 -12.95 0
      vertex 107.5 -19 0
      vertex 101.5 -15 0
    endloop
  endfacet
  facet normal 0 0 -1
    outer loop
      vertex 71.5 -19 0
      vertex 101.5 -15 0
      vertex 107.5 -19 0
    endloop
  endfacet
  facet normal -0 0 -1
    outer loop
      vertex 101.5 -15 0
      vertex 71.5 -19 0
      vertex 71.5 -15 0
    endloop
  endfacet
  facet normal 0 0 -1
    outer loop
      vertex 101.5 -11.75 0
      vertex 107.5 -19 0
      vertex 101.5 -12.95 0
    endloop
  endfacet
  facet normal 0 0 -1
    outer loop
      vertex 101.5 -6.25 0
      vertex 107.5 -19 0
      vertex 101.5 -11.75 0
    endloop
  endfacet
  facet normal 0 0 -1
    outer loop
      vertex 101.5 -5.05 0
      vertex 107.5 -19 0
      vertex 101.5 -6.25 0
    endloop
  endfacet
  facet normal 0 0 -1
    outer loop
      vertex 101.5 -2 0
      vertex 107.5 -19 0
      vertex 101.5 -5.05 0
    endloop
  endfacet
  facet normal 0 0 -1
    outer loop
      vertex 107.5 -19 0
      vertex 101.5 -2 0
      vertex 107.5 19 0
    endloop
  endfacet
  facet normal 0 0 -1
    outer loop
      vertex 101.5 2 0
      vertex 107.5 19 0
      vertex 101.5 -2 0
    endloop
  endfacet
  facet normal 0 0 -1
    outer loop
      vertex 101.5 5.05 0
      vertex 107.5 19 0
      vertex 101.5 2 0
    endloop
  endfacet
  facet normal 0 0 -1
    outer loop
      vertex 101.5 6.25 0
      vertex 107.5 19 0
      vertex 101.5 5.05 0
    endloop
  endfacet
  facet normal 0 0 -1
    outer loop
      vertex 101.5 11.75 0
      vertex 107.5 19 0
      vertex 101.5 6.25 0
    endloop
  endfacet
  facet normal 0 0 -1
    outer loop
      vertex 101.5 12.95 0
      vertex 107.5 19 0
      vertex 101.5 11.75 0
    endloop
  endfacet
  facet normal 0 0 -1
    outer loop
      vertex 101.5 15 0
      vertex 107.5 19 0
      vertex 101.5 12.95 0
    endloop
  endfacet
  facet normal 0 0 -1
    outer loop
      vertex 71.5 19 0
      vertex 101.5 15 0
      vertex 71.5 15 0
    endloop
  endfacet
  facet normal 0 0 -1
    outer loop
      vertex 101.5 15 0
      vertex 71.5 19 0
      vertex 107.5 19 0
    endloop
  endfacet
  facet normal -1 0 0
    outer loop
      vertex 71.5 -15 0
      vertex 71.5 -19 0
      vertex 71.5 -15 4
    endloop
  endfacet
  facet normal -1 0 0
    outer loop
      vertex 71.5 2 0
      vertex 71.5 -2 0
      vertex 71.5 2 4
    endloop
  endfacet
  facet normal -1 0 0
    outer loop
      vertex 71.5 15 4
      vertex 71.5 19 0
      vertex 71.5 15 0
    endloop
  endfacet
  facet normal -1 0 0
    outer loop
      vertex 71.5 19 0
      vertex 71.5 15 4
      vertex 71.5 19 6
    endloop
  endfacet
  facet normal -1 0 0
    outer loop
      vertex 71.5 2 4
      vertex 71.5 19 6
      vertex 71.5 15 4
    endloop
  endfacet
  facet normal -1 0 0
    outer loop
      vertex 71.5 -2 4
      vertex 71.5 2 4
      vertex 71.5 -2 0
    endloop
  endfacet
  facet normal -1 0 0
    outer loop
      vertex 71.5 -2 4
      vertex 71.5 19 6
      vertex 71.5 2 4
    endloop
  endfacet
  facet normal -1 0 0
    outer loop
      vertex 71.5 -19 6
      vertex 71.5 -2 4
      vertex 71.5 -15 4
    endloop
  endfacet
  facet normal -1 0 0
    outer loop
      vertex 71.5 -2 4
      vertex 71.5 -19 6
      vertex 71.5 19 6
    endloop
  endfacet
  facet normal -1 0 0
    outer loop
      vertex 71.5 -19 6
      vertex 71.5 -15 4
      vertex 71.5 -19 0
    endloop
  endfacet
  facet normal 0 1 0
    outer loop
      vertex 101.5 -15 1.2
      vertex 101.5 -15 4
      vertex 107.5 -15 4
    endloop
  endfacet
  facet normal 0 1 0
    outer loop
      vertex 101.5 -15 4
      vertex 101.5 -15 1.2
      vertex 100 -15 4
    endloop
  endfacet
  facet normal 0 1 0
    outer loop
      vertex 100 -15 4
      vertex 101.5 -15 1.2
      vertex 94 -15 4
    endloop
  endfacet
  facet normal 0 1 -0
    outer loop
      vertex 101.5 -15 0
      vertex 94 -15 4
      vertex 101.5 -15 1.2
    endloop
  endfacet
  facet normal 0 1 0
    outer loop
      vertex 94 -15 4
      vertex 101.5 -15 0
      vertex 92.5 -15 4
    endloop
  endfacet
  facet normal 0 1 0
    outer loop
      vertex 92.5 -15 4
      vertex 101.5 -15 0
      vertex 86.5 -15 4
    endloop
  endfacet
  facet normal 0 1 0
    outer loop
      vertex 71.5 -15 0
      vertex 86.5 -15 4
      vertex 101.5 -15 0
    endloop
  endfacet
  facet normal 0 1 0
    outer loop
      vertex 86.5 -15 4
      vertex 71.5 -15 0
      vertex 85 -15 4
    endloop
  endfacet
  facet normal 0 1 0
    outer loop
      vertex 101.5 -15 1.2
      vertex 107.5 -15 4
      vertex 107.5 -15 1.2
    endloop
  endfacet
  facet normal 0 1 0
    outer loop
      vertex 85 -15 4
      vertex 71.5 -15 0
      vertex 79 -15 4
    endloop
  endfacet
  facet normal 0 1 0
    outer loop
      vertex 79 -15 4
      vertex 71.5 -15 0
      vertex 77.5 -15 4
    endloop
  endfacet
  facet normal 0 1 0
    outer loop
      vertex 77.5 -15 4
      vertex 71.5 -15 0
      vertex 71.5 -15 4
    endloop
  endfacet
  facet normal 0 1 -0
    outer loop
      vertex 101.5 -15 4
      vertex 100 -15 4.01
      vertex 101.5 -15 4.01
    endloop
  endfacet
  facet normal 0 1 0
    outer loop
      vertex 100 -15 4.01
      vertex 101.5 -15 4
      vertex 100 -15 4
    endloop
  endfacet
  facet normal 0 1 -0
    outer loop
      vertex 94 -15 4
      vertex 92.5 -15 4.01
      vertex 94 -15 4.01
    endloop
  endfacet
  facet normal 0 1 0
    outer loop
      vertex 92.5 -15 4.01
      vertex 94 -15 4
      vertex 92.5 -15 4
    endloop
  endfacet
  facet normal 0 1 -0
    outer loop
      vertex 86.5 -15 4
      vertex 85 -15 4.01
      vertex 86.5 -15 4.01
    endloop
  endfacet
  facet normal 0 1 0
    outer loop
      vertex 85 -15 4.01
      vertex 86.5 -15 4
      vertex 85 -15 4
    endloop
  endfacet
  facet normal 0 1 -0
    outer loop
      vertex 79 -15 4
      vertex 77.5 -15 4.01
      vertex 79 -15 4.01
    endloop
  endfacet
  facet normal 0 1 0
    outer loop
      vertex 77.5 -15 4.01
      vertex 79 -15 4
      vertex 77.5 -15 4
    endloop
  endfacet
  facet normal 0 -1 0
    outer loop
      vertex 71.5 -19 6
      vertex 77.5 -19 4.01
      vertex 77.5 -19 6
    endloop
  endfacet
  facet normal 0 -1 0
    outer loop
      vertex 71.5 -19 0
      vertex 79 -19 4.01
      vertex 77.5 -19 4.01
    endloop
  endfacet
  facet normal 0 -1 -0
    outer loop
      vertex 79 -19 4.01
      vertex 71.5 -19 0
      vertex 85 -19 4.01
    endloop
  endfacet
  facet normal 0 -1 -0
    outer loop
      vertex 85 -19 4.01
      vertex 71.5 -19 0
      vertex 86.5 -19 4.01
    endloop
  endfacet
  facet normal 0 -1 -0
    outer loop
      vertex 86.5 -19 4.01
      vertex 71.5 -19 0
      vertex 92.5 -19 4.01
    endloop
  endfacet
  facet normal 0 -1 0
    outer loop
      vertex 107.5 -19 0
      vertex 92.5 -19 4.01
      vertex 71.5 -19 0
    endloop
  endfacet
  facet normal 0 -1 0
    outer loop
      vertex 92.5 -19 4.01
      vertex 107.5 -19 0
      vertex 94 -19 4.01
    endloop
  endfacet
  facet normal 0 -1 0
    outer loop
      vertex 94 -19 4.01
      vertex 107.5 -19 0
      vertex 100 -19 4.01
    endloop
  endfacet
  facet normal 0 -1 0
    outer loop
      vertex 71.5 -19 0
      vertex 77.5 -19 4.01
      vertex 71.5 -19 6
    endloop
  endfacet
  facet normal 0 -1 0
    outer loop
      vertex 79 -19 4.01
      vertex 85 -19 6
      vertex 79 -19 6
    endloop
  endfacet
  facet normal 0 -1 -0
    outer loop
      vertex 85 -19 6
      vertex 79 -19 4.01
      vertex 85 -19 4.01
    endloop
  endfacet
  facet normal 0 -1 0
    outer loop
      vertex 86.5 -19 4.01
      vertex 92.5 -19 6
      vertex 86.5 -19 6
    endloop
  endfacet
  facet normal 0 -1 -0
    outer loop
      vertex 92.5 -19 6
      vertex 86.5 -19 4.01
      vertex 92.5 -19 4.01
    endloop
  endfacet
  facet normal 0 -1 0
    outer loop
      vertex 94 -19 4.01
      vertex 100 -19 6
      vertex 94 -19 6
    endloop
  endfacet
  facet normal 0 -1 -0
    outer loop
      vertex 100 -19 6
      vertex 94 -19 4.01
      vertex 100 -19 4.01
    endloop
  endfacet
  facet normal 0 -1 0
    outer loop
      vertex 101.5 -19 4.01
      vertex 107.5 -19 6
      vertex 101.5 -19 6
    endloop
  endfacet
  facet normal 0 -1 0
    outer loop
      vertex 101.5 -19 4.01
      vertex 107.5 -19 0
      vertex 107.5 -19 6
    endloop
  endfacet
  facet normal 0 -1 0
    outer loop
      vertex 100 -19 4.01
      vertex 107.5 -19 0
      vertex 101.5 -19 4.01
    endloop
  endfacet
  facet normal -0 0 1
    outer loop
      vertex 77.5 2 4.01
      vertex 79 -2 4.01
      vertex 79 2 4.01
    endloop
  endfacet
  facet normal 0 0 1
    outer loop
      vertex 79 -2 4.01
      vertex 77.5 2 4.01
      vertex 77.5 -2 4.01
    endloop
  endfacet
  facet normal -0 0 1
    outer loop
      vertex 85 2 4.01
      vertex 86.5 -2 4.01
      vertex 86.5 2 4.01
    endloop
  endfacet
  facet normal 0 0 1
    outer loop
      vertex 86.5 -2 4.01
      vertex 85 2 4.01
      vertex 85 -2 4.01
    endloop
  endfacet
  facet normal -0 0 1
    outer loop
      vertex 92.5 2 4.01
      vertex 94 -2 4.01
      vertex 94 2 4.01
    endloop
  endfacet
  facet normal 0 0 1
    outer loop
      vertex 94 -2 4.01
      vertex 92.5 2 4.01
      vertex 92.5 -2 4.01
    endloop
  endfacet
  facet normal -0 0 1
    outer loop
      vertex 100 2 4.01
      vertex 101.5 -2 4.01
      vertex 101.5 2 4.01
    endloop
  endfacet
  facet normal 0 0 1
    outer loop
      vertex 101.5 -2 4.01
      vertex 100 2 4.01
      vertex 100 -2 4.01
    endloop
  endfacet
  facet normal 0 1 0
    outer loop
      vertex 101.5 2 1.2
      vertex 101.5 2 4
      vertex 107.5 2 4
    endloop
  endfacet
  facet normal 0 1 0
    outer loop
      vertex 101.5 2 4
      vertex 101.5 2 1.2
      vertex 100 2 4
    endloop
  endfacet
  facet normal 0 1 0
    outer loop
      vertex 100 2 4
      vertex 101.5 2 1.2
      vertex 94 2 4
    endloop
  endfacet
  facet normal 0 1 -0
    outer loop
      vertex 101.5 2 0
      vertex 94 2 4
      vertex 101.5 2 1.2
    endloop
  endfacet
  facet normal 0 1 0
    outer loop
      vertex 94 2 4
      vertex 101.5 2 0
      vertex 92.5 2 4
    endloop
  endfacet
  facet normal 0 1 0
    outer loop
      vertex 92.5 2 4
      vertex 101.5 2 0
      vertex 86.5 2 4
    endloop
  endfacet
  facet normal 0 1 0
    outer loop
      vertex 71.5 2 0
      vertex 86.5 2 4
      vertex 101.5 2 0
    endloop
  endfacet
  facet normal 0 1 0
    outer loop
      vertex 86.5 2 4
      vertex 71.5 2 0
      vertex 85 2 4
    endloop
  endfacet
  facet normal 0 1 0
    outer loop
      vertex 101.5 2 1.2
      vertex 107.5 2 4
      vertex 107.5 2 1.2
    endloop
  endfacet
  facet normal 0 1 0
    outer loop
      vertex 85 2 4
      vertex 71.5 2 0
      vertex 79 2 4
    endloop
  endfacet
  facet normal 0 1 0
    outer loop
      vertex 79 2 4
      vertex 71.5 2 0
      vertex 77.5 2 4
    endloop
  endfacet
  facet normal 0 1 0
    outer loop
      vertex 77.5 2 4
      vertex 71.5 2 0
      vertex 71.5 2 4
    endloop
  endfacet
  facet normal 0 1 -0
    outer loop
      vertex 101.5 2 4
      vertex 100 2 4.01
      vertex 101.5 2 4.01
    endloop
  endfacet
  facet normal 0 1 0
    outer loop
      vertex 100 2 4.01
      vertex 101.5 2 4
      vertex 100 2 4
    endloop
  endfacet
  facet normal 0 1 -0
    outer loop
      vertex 94 2 4
      vertex 92.5 2 4.01
      vertex 94 2 4.01
    endloop
  endfacet
  facet normal 0 1 0
    outer loop
      vertex 92.5 2 4.01
      vertex 94 2 4
      vertex 92.5 2 4
    endloop
  endfacet
  facet normal 0 1 -0
    outer loop
      vertex 86.5 2 4
      vertex 85 2 4.01
      vertex 86.5 2 4.01
    endloop
  endfacet
  facet normal 0 1 0
    outer loop
      vertex 85 2 4.01
      vertex 86.5 2 4
      vertex 85 2 4
    endloop
  endfacet
  facet normal 0 1 -0
    outer loop
      vertex 79 2 4
      vertex 77.5 2 4.01
      vertex 79 2 4.01
    endloop
  endfacet
  facet normal 0 1 0
    outer loop
      vertex 77.5 2 4.01
      vertex 79 2 4
      vertex 77.5 2 4
    endloop
  endfacet
  facet normal 0 -1 0
    outer loop
      vertex 71.5 -2 0
      vertex 77.5 -2 4
      vertex 71.5 -2 4
    endloop
  endfacet
  facet normal 0 -1 -0
    outer loop
      vertex 77.5 -2 4
      vertex 71.5 -2 0
      vertex 79 -2 4
    endloop
  endfacet
  facet normal 0 -1 -0
    outer loop
      vertex 79 -2 4
      vertex 71.5 -2 0
      vertex 85 -2 4
    endloop
  endfacet
  facet normal 0 -1 -0
    outer loop
      vertex 85 -2 4
      vertex 71.5 -2 0
      vertex 86.5 -2 4
    endloop
  endfacet
  facet normal 0 -1 0
    outer loop
      vertex 101.5 -2 0
      vertex 86.5 -2 4
      vertex 71.5 -2 0
    endloop
  endfacet
  facet normal 0 -1 0
    outer loop
      vertex 86.5 -2 4
      vertex 101.5 -2 0
      vertex 92.5 -2 4
    endloop
  endfacet
  facet normal 0 -1 0
    outer loop
      vertex 92.5 -2 4
      vertex 101.5 -2 0
      vertex 94 -2 4
    endloop
  endfacet
  facet normal 0 -1 0
    outer loop
      vertex 100 -2 4
      vertex 101.5 -2 1.2
      vertex 101.5 -2 4
    endloop
  endfacet
  facet normal 0 -1 0
    outer loop
      vertex 101.5 -2 4
      vertex 101.5 -2 1.2
      vertex 107.5 -2 4
    endloop
  endfacet
  facet normal 0 -1 0
    outer loop
      vertex 94 -2 4
      vertex 101.5 -2 0
      vertex 100 -2 4
    endloop
  endfacet
  facet normal 0 -1 0
    outer loop
      vertex 100 -2 4
      vertex 101.5 -2 0
      vertex 101.5 -2 1.2
    endloop
  endfacet
  facet normal 0 -1 0
    outer loop
      vertex 77.5 -2 4
      vertex 79 -2 4.01
      vertex 77.5 -2 4.01
    endloop
  endfacet
  facet normal 0 -1 -0
    outer loop
      vertex 79 -2 4.01
      vertex 77.5 -2 4
      vertex 79 -2 4
    endloop
  endfacet
  facet normal 0 -1 0
    outer loop
      vertex 85 -2 4
      vertex 86.5 -2 4.01
      vertex 85 -2 4.01
    endloop
  endfacet
  facet normal 0 -1 -0
    outer loop
      vertex 86.5 -2 4.01
      vertex 85 -2 4
      vertex 86.5 -2 4
    endloop
  endfacet
  facet normal 0 -1 0
    outer loop
      vertex 92.5 -2 4
      vertex 94 -2 4.01
      vertex 92.5 -2 4.01
    endloop
  endfacet
  facet normal 0 -1 -0
    outer loop
      vertex 94 -2 4.01
      vertex 92.5 -2 4
      vertex 94 -2 4
    endloop
  endfacet
  facet normal 0 -1 0
    outer loop
      vertex 100 -2 4
      vertex 101.5 -2 4.01
      vertex 100 -2 4.01
    endloop
  endfacet
  facet normal 0 -1 -0
    outer loop
      vertex 101.5 -2 4.01
      vertex 100 -2 4
      vertex 101.5 -2 4
    endloop
  endfacet
  facet normal 0 -1 -0
    outer loop
      vertex 107.5 -2 4
      vertex 101.5 -2 1.2
      vertex 107.5 -2 1.2
    endloop
  endfacet
  facet normal -0 0 1
    outer loop
      vertex 77.5 19 4.01
      vertex 79 15 4.01
      vertex 79 19 4.01
    endloop
  endfacet
  facet normal 0 0 1
    outer loop
      vertex 79 15 4.01
      vertex 77.5 19 4.01
      vertex 77.5 15 4.01
    endloop
  endfacet
  facet normal -0 0 1
    outer loop
      vertex 85 19 4.01
      vertex 86.5 15 4.01
      vertex 86.5 19 4.01
    endloop
  endfacet
  facet normal 0 0 1
    outer loop
      vertex 86.5 15 4.01
      vertex 85 19 4.01
      vertex 85 15 4.01
    endloop
  endfacet
  facet normal -0 0 1
    outer loop
      vertex 92.5 19 4.01
      vertex 94 15 4.01
      vertex 94 19 4.01
    endloop
  endfacet
  facet normal 0 0 1
    outer loop
      vertex 94 15 4.01
      vertex 92.5 19 4.01
      vertex 92.5 15 4.01
    endloop
  endfacet
  facet normal -0 0 1
    outer loop
      vertex 100 19 4.01
      vertex 101.5 15 4.01
      vertex 101.5 19 4.01
    endloop
  endfacet
  facet normal 0 0 1
    outer loop
      vertex 101.5 15 4.01
      vertex 100 19 4.01
      vertex 100 15 4.01
    endloop
  endfacet
  facet normal 0 1 0
    outer loop
      vertex 107.5 19 6
      vertex 101.5 19 4.01
      vertex 101.5 19 6
    endloop
  endfacet
  facet normal 0 1 0
    outer loop
      vertex 107.5 19 0
      vertex 100 19 4.01
      vertex 101.5 19 4.01
    endloop
  endfacet
  facet normal 0 1 0
    outer loop
      vertex 100 19 4.01
      vertex 107.5 19 0
      vertex 94 19 4.01
    endloop
  endfacet
  facet normal 0 1 0
    outer loop
      vertex 94 19 4.01
      vertex 107.5 19 0
      vertex 92.5 19 4.01
    endloop
  endfacet
  facet normal 0 1 0
    outer loop
      vertex 92.5 19 4.01
      vertex 107.5 19 0
      vertex 86.5 19 4.01
    endloop
  endfacet
  facet normal 0 1 0
    outer loop
      vertex 71.5 19 0
      vertex 86.5 19 4.01
      vertex 107.5 19 0
    endloop
  endfacet
  facet normal 0 1 0
    outer loop
      vertex 86.5 19 4.01
      vertex 71.5 19 0
      vertex 85 19 4.01
    endloop
  endfacet
  facet normal 0 1 0
    outer loop
      vertex 85 19 4.01
      vertex 71.5 19 0
      vertex 79 19 4.01
    endloop
  endfacet
  facet normal 0 1 -0
    outer loop
      vertex 107.5 19 0
      vertex 101.5 19 4.01
      vertex 107.5 19 6
    endloop
  endfacet
  facet normal 0 1 -0
    outer loop
      vertex 100 19 4.01
      vertex 94 19 6
      vertex 100 19 6
    endloop
  endfacet
  facet normal 0 1 0
    outer loop
      vertex 94 19 6
      vertex 100 19 4.01
      vertex 94 19 4.01
    endloop
  endfacet
  facet normal 0 1 -0
    outer loop
      vertex 92.5 19 4.01
      vertex 86.5 19 6
      vertex 92.5 19 6
    endloop
  endfacet
  facet normal 0 1 0
    outer loop
      vertex 86.5 19 6
      vertex 92.5 19 4.01
      vertex 86.5 19 4.01
    endloop
  endfacet
  facet normal 0 1 -0
    outer loop
      vertex 85 19 4.01
      vertex 79 19 6
      vertex 85 19 6
    endloop
  endfacet
  facet normal 0 1 0
    outer loop
      vertex 79 19 6
      vertex 85 19 4.01
      vertex 79 19 4.01
    endloop
  endfacet
  facet normal 0 1 -0
    outer loop
      vertex 77.5 19 4.01
      vertex 71.5 19 6
      vertex 77.5 19 6
    endloop
  endfacet
  facet normal 0 1 0
    outer loop
      vertex 77.5 19 4.01
      vertex 71.5 19 0
      vertex 71.5 19 6
    endloop
  endfacet
  facet normal 0 1 0
    outer loop
      vertex 79 19 4.01
      vertex 71.5 19 0
      vertex 77.5 19 4.01
    endloop
  endfacet
  facet normal 0 -1 0
    outer loop
      vertex 71.5 15 0
      vertex 77.5 15 4
      vertex 71.5 15 4
    endloop
  endfacet
  facet normal 0 -1 -0
    outer loop
      vertex 77.5 15 4
      vertex 71.5 15 0
      vertex 79 15 4
    endloop
  endfacet
  facet normal 0 -1 -0
    outer loop
      vertex 79 15 4
      vertex 71.5 15 0
      vertex 85 15 4
    endloop
  endfacet
  facet normal 0 -1 -0
    outer loop
      vertex 85 15 4
      vertex 71.5 15 0
      vertex 86.5 15 4
    endloop
  endfacet
  facet normal 0 -1 0
    outer loop
      vertex 101.5 15 0
      vertex 86.5 15 4
      vertex 71.5 15 0
    endloop
  endfacet
  facet normal 0 -1 0
    outer loop
      vertex 86.5 15 4
      vertex 101.5 15 0
      vertex 92.5 15 4
    endloop
  endfacet
  facet normal 0 -1 0
    outer loop
      vertex 92.5 15 4
      vertex 101.5 15 0
      vertex 94 15 4
    endloop
  endfacet
  facet normal 0 -1 0
    outer loop
      vertex 100 15 4
      vertex 101.5 15 1.2
      vertex 101.5 15 4
    endloop
  endfacet
  facet normal 0 -1 0
    outer loop
      vertex 101.5 15 4
      vertex 101.5 15 1.2
      vertex 107.5 15 4
    endloop
  endfacet
  facet normal 0 -1 0
    outer loop
      vertex 94 15 4
      vertex 101.5 15 0
      vertex 100 15 4
    endloop
  endfacet
  facet normal 0 -1 0
    outer loop
      vertex 100 15 4
      vertex 101.5 15 0
      vertex 101.5 15 1.2
    endloop
  endfacet
  facet normal 0 -1 0
    outer loop
      vertex 77.5 15 4
      vertex 79 15 4.01
      vertex 77.5 15 4.01
    endloop
  endfacet
  facet normal 0 -1 -0
    outer loop
      vertex 79 15 4.01
      vertex 77.5 15 4
      vertex 79 15 4
    endloop
  endfacet
  facet normal 0 -1 0
    outer loop
      vertex 85 15 4
      vertex 86.5 15 4.01
      vertex 85 15 4.01
    endloop
  endfacet
  facet normal 0 -1 -0
    outer loop
      vertex 86.5 15 4.01
      vertex 85 15 4
      vertex 86.5 15 4
    endloop
  endfacet
  facet normal 0 -1 0
    outer loop
      vertex 92.5 15 4
      vertex 94 15 4.01
      vertex 92.5 15 4.01
    endloop
  endfacet
  facet normal 0 -1 -0
    outer loop
      vertex 94 15 4.01
      vertex 92.5 15 4
      vertex 94 15 4
    endloop
  endfacet
  facet normal 0 -1 0
    outer loop
      vertex 100 15 4
      vertex 101.5 15 4.01
      vertex 100 15 4.01
    endloop
  endfacet
  facet normal 0 -1 -0
    outer loop
      vertex 101.5 15 4.01
      vertex 100 15 4
      vertex 101.5 15 4
    endloop
  endfacet
  facet normal 0 -1 -0
    outer loop
      vertex 107.5 15 4
      vertex 101.5 15 1.2
      vertex 107.5 15 1.2
    endloop
  endfacet
  facet normal 1 0 0
    outer loop
      vertex 77.5 19 6
      vertex 77.5 15 4.01
      vertex 77.5 19 4.01
    endloop
  endfacet
  facet normal 1 0 0
    outer loop
      vertex 77.5 15 4.01
      vertex 77.5 12.95 4.01
      vertex 77.5 15 4
    endloop
  endfacet
  facet normal 1 0 0
    outer loop
      vertex 77.5 19 6
      vertex 77.5 12.95 4.01
      vertex 77.5 15 4.01
    endloop
  endfacet
  facet normal 1 0 0
    outer loop
      vertex 77.5 19 6
      vertex 77.5 11.75 4.01
      vertex 77.5 12.95 4.01
    endloop
  endfacet
  facet normal 1 0 0
    outer loop
      vertex 77.5 11.75 4.01
      vertex 77.5 6.25 4.01
      vertex 77.5 11.75 4
    endloop
  endfacet
  facet normal 1 0 0
    outer loop
      vertex 77.5 19 6
      vertex 77.5 6.25 4.01
      vertex 77.5 11.75 4.01
    endloop
  endfacet
  facet normal 1 0 0
    outer loop
      vertex 77.5 19 6
      vertex 77.5 5.05 4.01
      vertex 77.5 6.25 4.01
    endloop
  endfacet
  facet normal 1 0 0
    outer loop
      vertex 77.5 5.05 4.01
      vertex 77.5 2 4.01
      vertex 77.5 5.05 4
    endloop
  endfacet
  facet normal 1 0 0
    outer loop
      vertex 77.5 19 6
      vertex 77.5 2 4.01
      vertex 77.5 5.05 4.01
    endloop
  endfacet
  facet normal 1 0 0
    outer loop
      vertex 77.5 19 6
      vertex 77.5 -2 4.01
      vertex 77.5 2 4.01
    endloop
  endfacet
  facet normal 1 0 0
    outer loop
      vertex 77.5 -2 4.01
      vertex 77.5 -5.05 4.01
      vertex 77.5 -2 4
    endloop
  endfacet
  facet normal 1 -0 0
    outer loop
      vertex 77.5 -19 6
      vertex 77.5 -2 4.01
      vertex 77.5 19 6
    endloop
  endfacet
  facet normal 1 0 0
    outer loop
      vertex 77.5 -2 4.01
      vertex 77.5 -19 6
      vertex 77.5 -5.05 4.01
    endloop
  endfacet
  facet normal 1 0 0
    outer loop
      vertex 77.5 -6.25 4.01
      vertex 77.5 -11.75 4.01
      vertex 77.5 -6.25 4
    endloop
  endfacet
  facet normal 1 0 0
    outer loop
      vertex 77.5 -5.05 4.01
      vertex 77.5 -19 6
      vertex 77.5 -6.25 4.01
    endloop
  endfacet
  facet normal 1 0 0
    outer loop
      vertex 77.5 -6.25 4.01
      vertex 77.5 -19 6
      vertex 77.5 -11.75 4.01
    endloop
  endfacet
  facet normal 1 0 0
    outer loop
      vertex 77.5 -12.95 4.01
      vertex 77.5 -15 4.01
      vertex 77.5 -12.95 4
    endloop
  endfacet
  facet normal 1 0 0
    outer loop
      vertex 77.5 -11.75 4.01
      vertex 77.5 -19 6
      vertex 77.5 -12.95 4.01
    endloop
  endfacet
  facet normal 1 0 0
    outer loop
      vertex 77.5 -12.95 4.01
      vertex 77.5 -19 6
      vertex 77.5 -15 4.01
    endloop
  endfacet
  facet normal 1 0 0
    outer loop
      vertex 77.5 -15 4.01
      vertex 77.5 -19 6
      vertex 77.5 -19 4.01
    endloop
  endfacet
  facet normal 1 0 0
    outer loop
      vertex 77.5 15 4
      vertex 77.5 12.95 4.01
      vertex 77.5 12.95 4
    endloop
  endfacet
  facet normal 1 0 0
    outer loop
      vertex 77.5 11.75 4
      vertex 77.5 6.25 4.01
      vertex 77.5 6.25 4
    endloop
  endfacet
  facet normal 1 0 0
    outer loop
      vertex 77.5 5.05 4
      vertex 77.5 2 4.01
      vertex 77.5 2 4
    endloop
  endfacet
  facet normal 1 0 0
    outer loop
      vertex 77.5 -2 4
      vertex 77.5 -5.05 4.01
      vertex 77.5 -5.05 4
    endloop
  endfacet
  facet normal 1 0 0
    outer loop
      vertex 77.5 -6.25 4
      vertex 77.5 -11.75 4.01
      vertex 77.5 -11.75 4
    endloop
  endfacet
  facet normal 1 0 0
    outer loop
      vertex 77.5 -12.95 4
      vertex 77.5 -15 4.01
      vertex 77.5 -15 4
    endloop
  endfacet
  facet normal -0 0 1
    outer loop
      vertex 71.5 19 6
      vertex 77.5 -19 6
      vertex 77.5 19 6
    endloop
  endfacet
  facet normal 0 0 1
    outer loop
      vertex 77.5 -19 6
      vertex 71.5 19 6
      vertex 71.5 -19 6
    endloop
  endfacet
  facet normal 0 0 -1
    outer loop
      vertex 77.5 2 4
      vertex 74.5 5.05 4
      vertex 77.5 5.05 4
    endloop
  endfacet
  facet normal 0 0 -1
    outer loop
      vertex 71.5 2 4
      vertex 74.5 6.25 4
      vertex 74.5 5.05 4
    endloop
  endfacet
  facet normal 0 0 -1
    outer loop
      vertex 71.5 15 4
      vertex 74.5 6.25 4
      vertex 71.5 2 4
    endloop
  endfacet
  facet normal 0 0 -1
    outer loop
      vertex 74.5 6.25 4
      vertex 71.5 15 4
      vertex 74.5 11.75 4
    endloop
  endfacet
  facet normal 0 0 -1
    outer loop
      vertex 71.5 2 4
      vertex 74.5 5.05 4
      vertex 77.5 2 4
    endloop
  endfacet
  facet normal 0 0 -1
    outer loop
      vertex 74.5 6.25 4
      vertex 77.5 11.75 4
      vertex 77.5 6.25 4
    endloop
  endfacet
  facet normal -0 0 -1
    outer loop
      vertex 77.5 11.75 4
      vertex 74.5 6.25 4
      vertex 74.5 11.75 4
    endloop
  endfacet
  facet normal 0 0 -1
    outer loop
      vertex 74.5 12.95 4
      vertex 77.5 15 4
      vertex 77.5 12.95 4
    endloop
  endfacet
  facet normal 0 0 -1
    outer loop
      vertex 74.5 12.95 4
      vertex 71.5 15 4
      vertex 77.5 15 4
    endloop
  endfacet
  facet normal 0 0 -1
    outer loop
      vertex 74.5 11.75 4
      vertex 71.5 15 4
      vertex 74.5 12.95 4
    endloop
  endfacet
  facet normal 0 0 -1
    outer loop
      vertex 77.5 -15 4
      vertex 74.5 -12.95 4
      vertex 77.5 -12.95 4
    endloop
  endfacet
  facet normal 0 0 -1
    outer loop
      vertex 71.5 -15 4
      vertex 74.5 -11.75 4
      vertex 74.5 -12.95 4
    endloop
  endfacet
  facet normal -0 0 -1
    outer loop
      vertex 74.5 -11.75 4
      vertex 71.5 -15 4
      vertex 74.5 -6.25 4
    endloop
  endfacet
  facet normal 0 0 -1
    outer loop
      vertex 71.5 -2 4
      vertex 74.5 -6.25 4
      vertex 71.5 -15 4
    endloop
  endfacet
  facet normal 0 0 -1
    outer loop
      vertex 71.5 -15 4
      vertex 74.5 -12.95 4
      vertex 77.5 -15 4
    endloop
  endfacet
  facet normal 0 0 -1
    outer loop
      vertex 74.5 -11.75 4
      vertex 77.5 -6.25 4
      vertex 77.5 -11.75 4
    endloop
  endfacet
  facet normal -0 0 -1
    outer loop
      vertex 77.5 -6.25 4
      vertex 74.5 -11.75 4
      vertex 74.5 -6.25 4
    endloop
  endfacet
  facet normal 0 0 -1
    outer loop
      vertex 74.5 -5.05 4
      vertex 77.5 -2 4
      vertex 77.5 -5.05 4
    endloop
  endfacet
  facet normal 0 0 -1
    outer loop
      vertex 74.5 -5.05 4
      vertex 71.5 -2 4
      vertex 77.5 -2 4
    endloop
  endfacet
  facet normal 0 0 -1
    outer loop
      vertex 74.5 -6.25 4
      vertex 71.5 -2 4
      vertex 74.5 -5.05 4
    endloop
  endfacet
  facet normal 1 0 0
    outer loop
      vertex 85 19 6
      vertex 85 15 4.01
      vertex 85 19 4.01
    endloop
  endfacet
  facet normal 1 0 0
    outer loop
      vertex 85 15 4.01
      vertex 85 12.95 4.01
      vertex 85 15 4
    endloop
  endfacet
  facet normal 1 0 0
    outer loop
      vertex 85 19 6
      vertex 85 12.95 4.01
      vertex 85 15 4.01
    endloop
  endfacet
  facet normal 1 0 0
    outer loop
      vertex 85 19 6
      vertex 85 11.75 4.01
      vertex 85 12.95 4.01
    endloop
  endfacet
  facet normal 1 0 0
    outer loop
      vertex 85 11.75 4.01
      vertex 85 6.25 4.01
      vertex 85 11.75 4
    endloop
  endfacet
  facet normal 1 0 0
    outer loop
      vertex 85 19 6
      vertex 85 6.25 4.01
      vertex 85 11.75 4.01
    endloop
  endfacet
  facet normal 1 0 0
    outer loop
      vertex 85 19 6
      vertex 85 5.05 4.01
      vertex 85 6.25 4.01
    endloop
  endfacet
  facet normal 1 0 0
    outer loop
      vertex 85 5.05 4.01
      vertex 85 2 4.01
      vertex 85 5.05 4
    endloop
  endfacet
  facet normal 1 0 0
    outer loop
      vertex 85 19 6
      vertex 85 2 4.01
      vertex 85 5.05 4.01
    endloop
  endfacet
  facet normal 1 0 0
    outer loop
      vertex 85 19 6
      vertex 85 -2 4.01
      vertex 85 2 4.01
    endloop
  endfacet
  facet normal 1 0 0
    outer loop
      vertex 85 -2 4.01
      vertex 85 -5.05 4.01
      vertex 85 -2 4
    endloop
  endfacet
  facet normal 1 -0 0
    outer loop
      vertex 85 -19 6
      vertex 85 -2 4.01
      vertex 85 19 6
    endloop
  endfacet
  facet normal 1 0 0
    outer loop
      vertex 85 -2 4.01
      vertex 85 -19 6
      vertex 85 -5.05 4.01
    endloop
  endfacet
  facet normal 1 0 0
    outer loop
      vertex 85 -6.25 4.01
      vertex 85 -11.75 4.01
      vertex 85 -6.25 4
    endloop
  endfacet
  facet normal 1 0 0
    outer loop
      vertex 85 -5.05 4.01
      vertex 85 -19 6
      vertex 85 -6.25 4.01
    endloop
  endfacet
  facet normal 1 0 0
    outer loop
      vertex 85 -6.25 4.01
      vertex 85 -19 6
      vertex 85 -11.75 4.01
    endloop
  endfacet
  facet normal 1 0 0
    outer loop
      vertex 85 -12.95 4.01
      vertex 85 -15 4.01
      vertex 85 -12.95 4
    endloop
  endfacet
  facet normal 1 0 0
    outer loop
      vertex 85 -11.75 4.01
      vertex 85 -19 6
      vertex 85 -12.95 4.01
    endloop
  endfacet
  facet normal 1 0 0
    outer loop
      vertex 85 -12.95 4.01
      vertex 85 -19 6
      vertex 85 -15 4.01
    endloop
  endfacet
  facet normal 1 0 0
    outer loop
      vertex 85 -15 4.01
      vertex 85 -19 6
      vertex 85 -19 4.01
    endloop
  endfacet
  facet normal 1 0 0
    outer loop
      vertex 85 15 4
      vertex 85 12.95 4.01
      vertex 85 12.95 4
    endloop
  endfacet
  facet normal 1 0 0
    outer loop
      vertex 85 11.75 4
      vertex 85 6.25 4.01
      vertex 85 6.25 4
    endloop
  endfacet
  facet normal 1 0 0
    outer loop
      vertex 85 5.05 4
      vertex 85 2 4.01
      vertex 85 2 4
    endloop
  endfacet
  facet normal 1 0 0
    outer loop
      vertex 85 -2 4
      vertex 85 -5.05 4.01
      vertex 85 -5.05 4
    endloop
  endfacet
  facet normal 1 0 0
    outer loop
      vertex 85 -6.25 4
      vertex 85 -11.75 4.01
      vertex 85 -11.75 4
    endloop
  endfacet
  facet normal 1 0 0
    outer loop
      vertex 85 -12.95 4
      vertex 85 -15 4.01
      vertex 85 -15 4
    endloop
  endfacet
  facet normal -0 0 1
    outer loop
      vertex 79 19 6
      vertex 85 -19 6
      vertex 85 19 6
    endloop
  endfacet
  facet normal 0 0 1
    outer loop
      vertex 85 -19 6
      vertex 79 19 6
      vertex 79 -19 6
    endloop
  endfacet
  facet normal 0 0 -1
    outer loop
      vertex 79 -15 4
      vertex 85 -12.95 4
      vertex 85 -15 4
    endloop
  endfacet
  facet normal -0 0 -1
    outer loop
      vertex 85 -12.95 4
      vertex 79 -15 4
      vertex 79 -12.95 4
    endloop
  endfacet
  facet normal 0 0 -1
    outer loop
      vertex 79 2 4
      vertex 85 5.05 4
      vertex 85 2 4
    endloop
  endfacet
  facet normal -0 0 -1
    outer loop
      vertex 85 5.05 4
      vertex 79 2 4
      vertex 79 5.05 4
    endloop
  endfacet
  facet normal 0 0 -1
    outer loop
      vertex 79 -5.05 4
      vertex 85 -2 4
      vertex 85 -5.05 4
    endloop
  endfacet
  facet normal -0 0 -1
    outer loop
      vertex 85 -2 4
      vertex 79 -5.05 4
      vertex 79 -2 4
    endloop
  endfacet
  facet normal 0 0 -1
    outer loop
      vertex 79 12.95 4
      vertex 85 15 4
      vertex 85 12.95 4
    endloop
  endfacet
  facet normal -0 0 -1
    outer loop
      vertex 85 15 4
      vertex 79 12.95 4
      vertex 79 15 4
    endloop
  endfacet
  facet normal 0 0 -1
    outer loop
      vertex 79 -11.75 4
      vertex 85 -6.25 4
      vertex 85 -11.75 4
    endloop
  endfacet
  facet normal -0 0 -1
    outer loop
      vertex 85 -6.25 4
      vertex 79 -11.75 4
      vertex 79 -6.25 4
    endloop
  endfacet
  facet normal 0 0 -1
    outer loop
      vertex 79 6.25 4
      vertex 85 11.75 4
      vertex 85 6.25 4
    endloop
  endfacet
  facet normal -0 0 -1
    outer loop
      vertex 85 11.75 4
      vertex 79 6.25 4
      vertex 79 11.75 4
    endloop
  endfacet
  facet normal -1 0 0
    outer loop
      vertex 79 -12.95 4
      vertex 79 -15 4
      vertex 79 -12.95 4.01
    endloop
  endfacet
  facet normal -1 0 0
    outer loop
      vertex 79 -6.25 4
      vertex 79 -11.75 4
      vertex 79 -6.25 4.01
    endloop
  endfacet
  facet normal -1 0 0
    outer loop
      vertex 79 -2 4
      vertex 79 -5.05 4
      vertex 79 -2 4.01
    endloop
  endfacet
  facet normal -1 0 0
    outer loop
      vertex 79 5.05 4
      vertex 79 2 4
      vertex 79 5.05 4.01
    endloop
  endfacet
  facet normal -1 0 0
    outer loop
      vertex 79 11.75 4
      vertex 79 6.25 4
      vertex 79 11.75 4.01
    endloop
  endfacet
  facet normal -1 0 0
    outer loop
      vertex 79 15 4
      vertex 79 12.95 4
      vertex 79 15 4.01
    endloop
  endfacet
  facet normal -1 0 0
    outer loop
      vertex 79 15 4.01
      vertex 79 19 6
      vertex 79 19 4.01
    endloop
  endfacet
  facet normal -1 0 0
    outer loop
      vertex 79 12.95 4.01
      vertex 79 15 4.01
      vertex 79 12.95 4
    endloop
  endfacet
  facet normal -1 0 0
    outer loop
      vertex 79 15 4.01
      vertex 79 12.95 4.01
      vertex 79 19 6
    endloop
  endfacet
  facet normal -1 0 0
    outer loop
      vertex 79 11.75 4.01
      vertex 79 19 6
      vertex 79 12.95 4.01
    endloop
  endfacet
  facet normal -1 0 0
    outer loop
      vertex 79 6.25 4.01
      vertex 79 11.75 4.01
      vertex 79 6.25 4
    endloop
  endfacet
  facet normal -1 0 0
    outer loop
      vertex 79 11.75 4.01
      vertex 79 6.25 4.01
      vertex 79 19 6
    endloop
  endfacet
  facet normal -1 0 0
    outer loop
      vertex 79 5.05 4.01
      vertex 79 19 6
      vertex 79 6.25 4.01
    endloop
  endfacet
  facet normal -1 0 0
    outer loop
      vertex 79 2 4.01
      vertex 79 5.05 4.01
      vertex 79 2 4
    endloop
  endfacet
  facet normal -1 0 0
    outer loop
      vertex 79 5.05 4.01
      vertex 79 2 4.01
      vertex 79 19 6
    endloop
  endfacet
  facet normal -1 0 0
    outer loop
      vertex 79 -2 4.01
      vertex 79 19 6
      vertex 79 2 4.01
    endloop
  endfacet
  facet normal -1 0 0
    outer loop
      vertex 79 -5.05 4.01
      vertex 79 -2 4.01
      vertex 79 -5.05 4
    endloop
  endfacet
  facet normal -1 0 0
    outer loop
      vertex 79 -19 6
      vertex 79 -2 4.01
      vertex 79 -5.05 4.01
    endloop
  endfacet
  facet normal -1 0 0
    outer loop
      vertex 79 -19 6
      vertex 79 -5.05 4.01
      vertex 79 -6.25 4.01
    endloop
  endfacet
  facet normal -1 0 0
    outer loop
      vertex 79 -11.75 4.01
      vertex 79 -6.25 4.01
      vertex 79 -11.75 4
    endloop
  endfacet
  facet normal -1 0 0
    outer loop
      vertex 79 -19 6
      vertex 79 -6.25 4.01
      vertex 79 -11.75 4.01
    endloop
  endfacet
  facet normal -1 0 0
    outer loop
      vertex 79 -19 6
      vertex 79 -11.75 4.01
      vertex 79 -12.95 4.01
    endloop
  endfacet
  facet normal -1 0 0
    outer loop
      vertex 79 -15 4.01
      vertex 79 -12.95 4.01
      vertex 79 -15 4
    endloop
  endfacet
  facet normal -1 0 0
    outer loop
      vertex 79 -19 6
      vertex 79 -12.95 4.01
      vertex 79 -15 4.01
    endloop
  endfacet
  facet normal -1 0 0
    outer loop
      vertex 79 -19 6
      vertex 79 -15 4.01
      vertex 79 -19 4.01
    endloop
  endfacet
  facet normal -1 0 0
    outer loop
      vertex 79 -2 4.01
      vertex 79 -19 6
      vertex 79 19 6
    endloop
  endfacet
  facet normal 1 0 0
    outer loop
      vertex 92.5 19 6
      vertex 92.5 15 4.01
      vertex 92.5 19 4.01
    endloop
  endfacet
  facet normal 1 0 0
    outer loop
      vertex 92.5 15 4.01
      vertex 92.5 12.95 4.01
      vertex 92.5 15 4
    endloop
  endfacet
  facet normal 1 0 0
    outer loop
      vertex 92.5 19 6
      vertex 92.5 12.95 4.01
      vertex 92.5 15 4.01
    endloop
  endfacet
  facet normal 1 0 0
    outer loop
      vertex 92.5 19 6
      vertex 92.5 11.75 4.01
      vertex 92.5 12.95 4.01
    endloop
  endfacet
  facet normal 1 0 0
    outer loop
      vertex 92.5 11.75 4.01
      vertex 92.5 6.25 4.01
      vertex 92.5 11.75 4
    endloop
  endfacet
  facet normal 1 0 0
    outer loop
      vertex 92.5 19 6
      vertex 92.5 6.25 4.01
      vertex 92.5 11.75 4.01
    endloop
  endfacet
  facet normal 1 0 0
    outer loop
      vertex 92.5 19 6
      vertex 92.5 5.05 4.01
      vertex 92.5 6.25 4.01
    endloop
  endfacet
  facet normal 1 0 0
    outer loop
      vertex 92.5 5.05 4.01
      vertex 92.5 2 4.01
      vertex 92.5 5.05 4
    endloop
  endfacet
  facet normal 1 0 0
    outer loop
      vertex 92.5 19 6
      vertex 92.5 2 4.01
      vertex 92.5 5.05 4.01
    endloop
  endfacet
  facet normal 1 0 0
    outer loop
      vertex 92.5 19 6
      vertex 92.5 -2 4.01
      vertex 92.5 2 4.01
    endloop
  endfacet
  facet normal 1 0 0
    outer loop
      vertex 92.5 -2 4.01
      vertex 92.5 -5.05 4.01
      vertex 92.5 -2 4
    endloop
  endfacet
  facet normal 1 -0 0
    outer loop
      vertex 92.5 -19 6
      vertex 92.5 -2 4.01
      vertex 92.5 19 6
    endloop
  endfacet
  facet normal 1 0 0
    outer loop
      vertex 92.5 -2 4.01
      vertex 92.5 -19 6
      vertex 92.5 -5.05 4.01
    endloop
  endfacet
  facet normal 1 0 0
    outer loop
      vertex 92.5 -6.25 4.01
      vertex 92.5 -11.75 4.01
      vertex 92.5 -6.25 4
    endloop
  endfacet
  facet normal 1 0 0
    outer loop
      vertex 92.5 -5.05 4.01
      vertex 92.5 -19 6
      vertex 92.5 -6.25 4.01
    endloop
  endfacet
  facet normal 1 0 0
    outer loop
      vertex 92.5 -6.25 4.01
      vertex 92.5 -19 6
      vertex 92.5 -11.75 4.01
    endloop
  endfacet
  facet normal 1 0 0
    outer loop
      vertex 92.5 -12.95 4.01
      vertex 92.5 -15 4.01
      vertex 92.5 -12.95 4
    endloop
  endfacet
  facet normal 1 0 0
    outer loop
      vertex 92.5 -11.75 4.01
      vertex 92.5 -19 6
      vertex 92.5 -12.95 4.01
    endloop
  endfacet
  facet normal 1 0 0
    outer loop
      vertex 92.5 -12.95 4.01
      vertex 92.5 -19 6
      vertex 92.5 -15 4.01
    endloop
  endfacet
  facet normal 1 0 0
    outer loop
      vertex 92.5 -15 4.01
      vertex 92.5 -19 6
      vertex 92.5 -19 4.01
    endloop
  endfacet
  facet normal 1 0 0
    outer loop
      vertex 92.5 15 4
      vertex 92.5 12.95 4.01
      vertex 92.5 12.95 4
    endloop
  endfacet
  facet normal 1 0 0
    outer loop
      vertex 92.5 11.75 4
      vertex 92.5 6.25 4.01
      vertex 92.5 6.25 4
    endloop
  endfacet
  facet normal 1 0 0
    outer loop
      vertex 92.5 5.05 4
      vertex 92.5 2 4.01
      vertex 92.5 2 4
    endloop
  endfacet
  facet normal 1 0 0
    outer loop
      vertex 92.5 -2 4
      vertex 92.5 -5.05 4.01
      vertex 92.5 -5.05 4
    endloop
  endfacet
  facet normal 1 0 0
    outer loop
      vertex 92.5 -6.25 4
      vertex 92.5 -11.75 4.01
      vertex 92.5 -11.75 4
    endloop
  endfacet
  facet normal 1 0 0
    outer loop
      vertex 92.5 -12.95 4
      vertex 92.5 -15 4.01
      vertex 92.5 -15 4
    endloop
  endfacet
  facet normal -0 0 1
    outer loop
      vertex 86.5 19 6
      vertex 92.5 -19 6
      vertex 92.5 19 6
    endloop
  endfacet
  facet normal 0 0 1
    outer loop
      vertex 92.5 -19 6
      vertex 86.5 19 6
      vertex 86.5 -19 6
    endloop
  endfacet
  facet normal 0 0 -1
    outer loop
      vertex 86.5 -15 4
      vertex 92.5 -12.95 4
      vertex 92.5 -15 4
    endloop
  endfacet
  facet normal -0 0 -1
    outer loop
      vertex 92.5 -12.95 4
      vertex 86.5 -15 4
      vertex 86.5 -12.95 4
    endloop
  endfacet
  facet normal 0 0 -1
    outer loop
      vertex 86.5 2 4
      vertex 92.5 5.05 4
      vertex 92.5 2 4
    endloop
  endfacet
  facet normal -0 0 -1
    outer loop
      vertex 92.5 5.05 4
      vertex 86.5 2 4
      vertex 86.5 5.05 4
    endloop
  endfacet
  facet normal 0 0 -1
    outer loop
      vertex 86.5 -5.05 4
      vertex 92.5 -2 4
      vertex 92.5 -5.05 4
    endloop
  endfacet
  facet normal -0 0 -1
    outer loop
      vertex 92.5 -2 4
      vertex 86.5 -5.05 4
      vertex 86.5 -2 4
    endloop
  endfacet
  facet normal 0 0 -1
    outer loop
      vertex 86.5 12.95 4
      vertex 92.5 15 4
      vertex 92.5 12.95 4
    endloop
  endfacet
  facet normal -0 0 -1
    outer loop
      vertex 92.5 15 4
      vertex 86.5 12.95 4
      vertex 86.5 15 4
    endloop
  endfacet
  facet normal 0 0 -1
    outer loop
      vertex 86.5 -11.75 4
      vertex 92.5 -6.25 4
      vertex 92.5 -11.75 4
    endloop
  endfacet
  facet normal -0 0 -1
    outer loop
      vertex 92.5 -6.25 4
      vertex 86.5 -11.75 4
      vertex 86.5 -6.25 4
    endloop
  endfacet
  facet normal 0 0 -1
    outer loop
      vertex 86.5 6.25 4
      vertex 92.5 11.75 4
      vertex 92.5 6.25 4
    endloop
  endfacet
  facet normal -0 0 -1
    outer loop
      vertex 92.5 11.75 4
      vertex 86.5 6.25 4
      vertex 86.5 11.75 4
    endloop
  endfacet
  facet normal -1 0 0
    outer loop
      vertex 86.5 -12.95 4
      vertex 86.5 -15 4
      vertex 86.5 -12.95 4.01
    endloop
  endfacet
  facet normal -1 0 0
    outer loop
      vertex 86.5 -6.25 4
      vertex 86.5 -11.75 4
      vertex 86.5 -6.25 4.01
    endloop
  endfacet
  facet normal -1 0 0
    outer loop
      vertex 86.5 -2 4
      vertex 86.5 -5.05 4
      vertex 86.5 -2 4.01
    endloop
  endfacet
  facet normal -1 0 0
    outer loop
      vertex 86.5 5.05 4
      vertex 86.5 2 4
      vertex 86.5 5.05 4.01
    endloop
  endfacet
  facet normal -1 0 0
    outer loop
      vertex 86.5 11.75 4
      vertex 86.5 6.25 4
      vertex 86.5 11.75 4.01
    endloop
  endfacet
  facet normal -1 0 0
    outer loop
      vertex 86.5 15 4
      vertex 86.5 12.95 4
      vertex 86.5 15 4.01
    endloop
  endfacet
  facet normal -1 0 0
    outer loop
      vertex 86.5 15 4.01
      vertex 86.5 19 6
      vertex 86.5 19 4.01
    endloop
  endfacet
  facet normal -1 0 0
    outer loop
      vertex 86.5 12.95 4.01
      vertex 86.5 15 4.01
      vertex 86.5 12.95 4
    endloop
  endfacet
  facet normal -1 0 0
    outer loop
      vertex 86.5 15 4.01
      vertex 86.5 12.95 4.01
      vertex 86.5 19 6
    endloop
  endfacet
  facet normal -1 0 0
    outer loop
      vertex 86.5 11.75 4.01
      vertex 86.5 19 6
      vertex 86.5 12.95 4.01
    endloop
  endfacet
  facet normal -1 0 0
    outer loop
      vertex 86.5 6.25 4.01
      vertex 86.5 11.75 4.01
      vertex 86.5 6.25 4
    endloop
  endfacet
  facet normal -1 0 0
    outer loop
      vertex 86.5 11.75 4.01
      vertex 86.5 6.25 4.01
      vertex 86.5 19 6
    endloop
  endfacet
  facet normal -1 0 0
    outer loop
      vertex 86.5 5.05 4.01
      vertex 86.5 19 6
      vertex 86.5 6.25 4.01
    endloop
  endfacet
  facet normal -1 0 0
    outer loop
      vertex 86.5 2 4.01
      vertex 86.5 5.05 4.01
      vertex 86.5 2 4
    endloop
  endfacet
  facet normal -1 0 0
    outer loop
      vertex 86.5 5.05 4.01
      vertex 86.5 2 4.01
      vertex 86.5 19 6
    endloop
  endfacet
  facet normal -1 0 0
    outer loop
      vertex 86.5 -2 4.01
      vertex 86.5 19 6
      vertex 86.5 2 4.01
    endloop
  endfacet
  facet normal -1 0 0
    outer loop
      vertex 86.5 -5.05 4.01
      vertex 86.5 -2 4.01
      vertex 86.5 -5.05 4
    endloop
  endfacet
  facet normal -1 0 0
    outer loop
      vertex 86.5 -19 6
      vertex 86.5 -2 4.01
      vertex 86.5 -5.05 4.01
    endloop
  endfacet
  facet normal -1 0 0
    outer loop
      vertex 86.5 -19 6
      vertex 86.5 -5.05 4.01
      vertex 86.5 -6.25 4.01
    endloop
  endfacet
  facet normal -1 0 0
    outer loop
      vertex 86.5 -11.75 4.01
      vertex 86.5 -6.25 4.01
      vertex 86.5 -11.75 4
    endloop
  endfacet
  facet normal -1 0 0
    outer loop
      vertex 86.5 -19 6
      vertex 86.5 -6.25 4.01
      vertex 86.5 -11.75 4.01
    endloop
  endfacet
  facet normal -1 0 0
    outer loop
      vertex 86.5 -19 6
      vertex 86.5 -11.75 4.01
      vertex 86.5 -12.95 4.01
    endloop
  endfacet
  facet normal -1 0 0
    outer loop
      vertex 86.5 -15 4.01
      vertex 86.5 -12.95 4.01
      vertex 86.5 -15 4
    endloop
  endfacet
  facet normal -1 0 0
    outer loop
      vertex 86.5 -19 6
      vertex 86.5 -12.95 4.01
      vertex 86.5 -15 4.01
    endloop
  endfacet
  facet normal -1 0 0
    outer loop
      vertex 86.5 -19 6
      vertex 86.5 -15 4.01
      vertex 86.5 -19 4.01
    endloop
  endfacet
  facet normal -1 0 0
    outer loop
      vertex 86.5 -2 4.01
      vertex 86.5 -19 6
      vertex 86.5 19 6
    endloop
  endfacet
  facet normal 1 0 0
    outer loop
      vertex 100 19 6
      vertex 100 15 4.01
      vertex 100 19 4.01
    endloop
  endfacet
  facet normal 1 0 0
    outer loop
      vertex 100 15 4.01
      vertex 100 12.95 4.01
      vertex 100 15 4
    endloop
  endfacet
  facet normal 1 0 0
    outer loop
      vertex 100 19 6
      vertex 100 12.95 4.01
      vertex 100 15 4.01
    endloop
  endfacet
  facet normal 1 0 0
    outer loop
      vertex 100 19 6
      vertex 100 11.75 4.01
      vertex 100 12.95 4.01
    endloop
  endfacet
  facet normal 1 0 0
    outer loop
      vertex 100 11.75 4.01
      vertex 100 6.25 4.01
      vertex 100 11.75 4
    endloop
  endfacet
  facet normal 1 0 0
    outer loop
      vertex 100 19 6
      vertex 100 6.25 4.01
      vertex 100 11.75 4.01
    endloop
  endfacet
  facet normal 1 0 0
    outer loop
      vertex 100 19 6
      vertex 100 5.05 4.01
      vertex 100 6.25 4.01
    endloop
  endfacet
  facet normal 1 0 0
    outer loop
      vertex 100 5.05 4.01
      vertex 100 2 4.01
      vertex 100 5.05 4
    endloop
  endfacet
  facet normal 1 0 0
    outer loop
      vertex 100 19 6
      vertex 100 2 4.01
      vertex 100 5.05 4.01
    endloop
  endfacet
  facet normal 1 0 0
    outer loop
      vertex 100 19 6
      vertex 100 -2 4.01
      vertex 100 2 4.01
    endloop
  endfacet
  facet normal 1 0 0
    outer loop
      vertex 100 -2 4.01
      vertex 100 -5.05 4.01
      vertex 100 -2 4
    endloop
  endfacet
  facet normal 1 -0 0
    outer loop
      vertex 100 -19 6
      vertex 100 -2 4.01
      vertex 100 19 6
    endloop
  endfacet
  facet normal 1 0 0
    outer loop
      vertex 100 -2 4.01
      vertex 100 -19 6
      vertex 100 -5.05 4.01
    endloop
  endfacet
  facet normal 1 0 0
    outer loop
      vertex 100 -6.25 4.01
      vertex 100 -11.75 4.01
      vertex 100 -6.25 4
    endloop
  endfacet
  facet normal 1 0 0
    outer loop
      vertex 100 -5.05 4.01
      vertex 100 -19 6
      vertex 100 -6.25 4.01
    endloop
  endfacet
  facet normal 1 0 0
    outer loop
      vertex 100 -6.25 4.01
      vertex 100 -19 6
      vertex 100 -11.75 4.01
    endloop
  endfacet
  facet normal 1 0 0
    outer loop
      vertex 100 -12.95 4.01
      vertex 100 -15 4.01
      vertex 100 -12.95 4
    endloop
  endfacet
  facet normal 1 0 0
    outer loop
      vertex 100 -11.75 4.01
      vertex 100 -19 6
      vertex 100 -12.95 4.01
    endloop
  endfacet
  facet normal 1 0 0
    outer loop
      vertex 100 -12.95 4.01
      vertex 100 -19 6
      vertex 100 -15 4.01
    endloop
  endfacet
  facet normal 1 0 0
    outer loop
      vertex 100 -15 4.01
      vertex 100 -19 6
      vertex 100 -19 4.01
    endloop
  endfacet
  facet normal 1 0 0
    outer loop
      vertex 100 15 4
      vertex 100 12.95 4.01
      vertex 100 12.95 4
    endloop
  endfacet
  facet normal 1 0 0
    outer loop
      vertex 100 11.75 4
      vertex 100 6.25 4.01
      vertex 100 6.25 4
    endloop
  endfacet
  facet normal 1 0 0
    outer loop
      vertex 100 5.05 4
      vertex 100 2 4.01
      vertex 100 2 4
    endloop
  endfacet
  facet normal 1 0 0
    outer loop
      vertex 100 -2 4
      vertex 100 -5.05 4.01
      vertex 100 -5.05 4
    endloop
  endfacet
  facet normal 1 0 0
    outer loop
      vertex 100 -6.25 4
      vertex 100 -11.75 4.01
      vertex 100 -11.75 4
    endloop
  endfacet
  facet normal 1 0 0
    outer loop
      vertex 100 -12.95 4
      vertex 100 -15 4.01
      vertex 100 -15 4
    endloop
  endfacet
  facet normal -0 0 1
    outer loop
      vertex 94 19 6
      vertex 100 -19 6
      vertex 100 19 6
    endloop
  endfacet
  facet normal 0 0 1
    outer loop
      vertex 100 -19 6
      vertex 94 19 6
      vertex 94 -19 6
    endloop
  endfacet
  facet normal 0 0 -1
    outer loop
      vertex 94 -15 4
      vertex 100 -12.95 4
      vertex 100 -15 4
    endloop
  endfacet
  facet normal -0 0 -1
    outer loop
      vertex 100 -12.95 4
      vertex 94 -15 4
      vertex 94 -12.95 4
    endloop
  endfacet
  facet normal 0 0 -1
    outer loop
      vertex 94 2 4
      vertex 100 5.05 4
      vertex 100 2 4
    endloop
  endfacet
  facet normal -0 0 -1
    outer loop
      vertex 100 5.05 4
      vertex 94 2 4
      vertex 94 5.05 4
    endloop
  endfacet
  facet normal 0 0 -1
    outer loop
      vertex 94 -5.05 4
      vertex 100 -2 4
      vertex 100 -5.05 4
    endloop
  endfacet
  facet normal -0 0 -1
    outer loop
      vertex 100 -2 4
      vertex 94 -5.05 4
      vertex 94 -2 4
    endloop
  endfacet
  facet normal 0 0 -1
    outer loop
      vertex 94 12.95 4
      vertex 100 15 4
      vertex 100 12.95 4
    endloop
  endfacet
  facet normal -0 0 -1
    outer loop
      vertex 100 15 4
      vertex 94 12.95 4
      vertex 94 15 4
    endloop
  endfacet
  facet normal 0 0 -1
    outer loop
      vertex 94 -11.75 4
      vertex 100 -6.25 4
      vertex 100 -11.75 4
    endloop
  endfacet
  facet normal -0 0 -1
    outer loop
      vertex 100 -6.25 4
      vertex 94 -11.75 4
      vertex 94 -6.25 4
    endloop
  endfacet
  facet normal 0 0 -1
    outer loop
      vertex 94 6.25 4
      vertex 100 11.75 4
      vertex 100 6.25 4
    endloop
  endfacet
  facet normal -0 0 -1
    outer loop
      vertex 100 11.75 4
      vertex 94 6.25 4
      vertex 94 11.75 4
    endloop
  endfacet
  facet normal -1 0 0
    outer loop
      vertex 94 -12.95 4
      vertex 94 -15 4
      vertex 94 -12.95 4.01
    endloop
  endfacet
  facet normal -1 0 0
    outer loop
      vertex 94 -6.25 4
      vertex 94 -11.75 4
      vertex 94 -6.25 4.01
    endloop
  endfacet
  facet normal -1 0 0
    outer loop
      vertex 94 -2 4
      vertex 94 -5.05 4
      vertex 94 -2 4.01
    endloop
  endfacet
  facet normal -1 0 0
    outer loop
      vertex 94 5.05 4
      vertex 94 2 4
      vertex 94 5.05 4.01
    endloop
  endfacet
  facet normal -1 0 0
    outer loop
      vertex 94 11.75 4
      vertex 94 6.25 4
      vertex 94 11.75 4.01
    endloop
  endfacet
  facet normal -1 0 0
    outer loop
      vertex 94 15 4
      vertex 94 12.95 4
      vertex 94 15 4.01
    endloop
  endfacet
  facet normal -1 0 0
    outer loop
      vertex 94 15 4.01
      vertex 94 19 6
      vertex 94 19 4.01
    endloop
  endfacet
  facet normal -1 0 0
    outer loop
      vertex 94 12.95 4.01
      vertex 94 15 4.01
      vertex 94 12.95 4
    endloop
  endfacet
  facet normal -1 0 0
    outer loop
      vertex 94 15 4.01
      vertex 94 12.95 4.01
      vertex 94 19 6
    endloop
  endfacet
  facet normal -1 0 0
    outer loop
      vertex 94 11.75 4.01
      vertex 94 19 6
      vertex 94 12.95 4.01
    endloop
  endfacet
  facet normal -1 0 0
    outer loop
      vertex 94 6.25 4.01
      vertex 94 11.75 4.01
      vertex 94 6.25 4
    endloop
  endfacet
  facet normal -1 0 0
    outer loop
      vertex 94 11.75 4.01
      vertex 94 6.25 4.01
      vertex 94 19 6
    endloop
  endfacet
  facet normal -1 0 0
    outer loop
      vertex 94 5.05 4.01
      vertex 94 19 6
      vertex 94 6.25 4.01
    endloop
  endfacet
  facet normal -1 0 0
    outer loop
      vertex 94 2 4.01
      vertex 94 5.05 4.01
      vertex 94 2 4
    endloop
  endfacet
  facet normal -1 0 0
    outer loop
      vertex 94 5.05 4.01
      vertex 94 2 4.01
      vertex 94 19 6
    endloop
  endfacet
  facet normal -1 0 0
    outer loop
      vertex 94 -2 4.01
      vertex 94 19 6
      vertex 94 2 4.01
    endloop
  endfacet
  facet normal -1 0 0
    outer loop
      vertex 94 -5.05 4.01
      vertex 94 -2 4.01
      vertex 94 -5.05 4
    endloop
  endfacet
  facet normal -1 0 0
    outer loop
      vertex 94 -19 6
      vertex 94 -2 4.01
      vertex 94 -5.05 4.01
    endloop
  endfacet
  facet normal -1 0 0
    outer loop
      vertex 94 -19 6
      vertex 94 -5.05 4.01
      vertex 94 -6.25 4.01
    endloop
  endfacet
  facet normal -1 0 0
    outer loop
      vertex 94 -11.75 4.01
      vertex 94 -6.25 4.01
      vertex 94 -11.75 4
    endloop
  endfacet
  facet normal -1 0 0
    outer loop
      vertex 94 -19 6
      vertex 94 -6.25 4.01
      vertex 94 -11.75 4.01
    endloop
  endfacet
  facet normal -1 0 0
    outer loop
      vertex 94 -19 6
      vertex 94 -11.75 4.01
      vertex 94 -12.95 4.01
    endloop
  endfacet
  facet normal -1 0 0
    outer loop
      vertex 94 -15 4.01
      vertex 94 -12.95 4.01
      vertex 94 -15 4
    endloop
  endfacet
  facet normal -1 0 0
    outer loop
      vertex 94 -19 6
      vertex 94 -12.95 4.01
      vertex 94 -15 4.01
    endloop
  endfacet
  facet normal -1 0 0
    outer loop
      vertex 94 -19 6
      vertex 94 -15 4.01
      vertex 94 -19 4.01
    endloop
  endfacet
  facet normal -1 0 0
    outer loop
      vertex 94 -2 4.01
      vertex 94 -19 6
      vertex 94 19 6
    endloop
  endfacet
  facet normal -0 0 1
    outer loop
      vertex 101.5 19 6
      vertex 107.5 -19 6
      vertex 107.5 19 6
    endloop
  endfacet
  facet normal 0 0 1
    outer loop
      vertex 107.5 -19 6
      vertex 101.5 19 6
      vertex 101.5 -19 6
    endloop
  endfacet
  facet normal 0 0 -1
    outer loop
      vertex 101.5 -11.75 4
      vertex 104.5 -6.25 4
      vertex 104.5 -11.75 4
    endloop
  endfacet
  facet normal -0 0 -1
    outer loop
      vertex 104.5 -6.25 4
      vertex 101.5 -11.75 4
      vertex 101.5 -6.25 4
    endloop
  endfacet
  facet normal 0 0 -1
    outer loop
      vertex 104.5 -11.75 4
      vertex 107.5 -15 4
      vertex 104.5 -12.95 4
    endloop
  endfacet
  facet normal 0 0 -1
    outer loop
      vertex 101.5 -15 4
      vertex 104.5 -12.95 4
      vertex 107.5 -15 4
    endloop
  endfacet
  facet normal -0 0 -1
    outer loop
      vertex 104.5 -12.95 4
      vertex 101.5 -15 4
      vertex 101.5 -12.95 4
    endloop
  endfacet
  facet normal 0 0 -1
    outer loop
      vertex 104.5 -6.25 4
      vertex 107.5 -15 4
      vertex 104.5 -11.75 4
    endloop
  endfacet
  facet normal 0 0 -1
    outer loop
      vertex 107.5 -15 4
      vertex 104.5 -6.25 4
      vertex 107.5 -2 4
    endloop
  endfacet
  facet normal 0 0 -1
    outer loop
      vertex 104.5 -5.05 4
      vertex 107.5 -2 4
      vertex 104.5 -6.25 4
    endloop
  endfacet
  facet normal 0 0 -1
    outer loop
      vertex 101.5 -2 4
      vertex 104.5 -5.05 4
      vertex 101.5 -5.05 4
    endloop
  endfacet
  facet normal 0 0 -1
    outer loop
      vertex 104.5 -5.05 4
      vertex 101.5 -2 4
      vertex 107.5 -2 4
    endloop
  endfacet
  facet normal 0 0 -1
    outer loop
      vertex 101.5 6.25 4
      vertex 104.5 11.75 4
      vertex 104.5 6.25 4
    endloop
  endfacet
  facet normal -0 0 -1
    outer loop
      vertex 104.5 11.75 4
      vertex 101.5 6.25 4
      vertex 101.5 11.75 4
    endloop
  endfacet
  facet normal 0 0 -1
    outer loop
      vertex 104.5 6.25 4
      vertex 107.5 2 4
      vertex 104.5 5.05 4
    endloop
  endfacet
  facet normal 0 0 -1
    outer loop
      vertex 101.5 2 4
      vertex 104.5 5.05 4
      vertex 107.5 2 4
    endloop
  endfacet
  facet normal -0 0 -1
    outer loop
      vertex 104.5 5.05 4
      vertex 101.5 2 4
      vertex 101.5 5.05 4
    endloop
  endfacet
  facet normal 0 0 -1
    outer loop
      vertex 107.5 2 4
      vertex 104.5 6.25 4
      vertex 107.5 15 4
    endloop
  endfacet
  facet normal 0 0 -1
    outer loop
      vertex 104.5 11.75 4
      vertex 107.5 15 4
      vertex 104.5 6.25 4
    endloop
  endfacet
  facet normal 0 0 -1
    outer loop
      vertex 104.5 12.95 4
      vertex 107.5 15 4
      vertex 104.5 11.75 4
    endloop
  endfacet
  facet normal 0 0 -1
    outer loop
      vertex 101.5 15 4
      vertex 104.5 12.95 4
      vertex 101.5 12.95 4
    endloop
  endfacet
  facet normal 0 0 -1
    outer loop
      vertex 104.5 12.95 4
      vertex 101.5 15 4
      vertex 107.5 15 4
    endloop
  endfacet
  facet normal -1 0 0
    outer loop
      vertex 101.5 -12.95 4
      vertex 101.5 -15 4
      vertex 101.5 -12.95 4.01
    endloop
  endfacet
  facet normal -1 0 0
    outer loop
      vertex 101.5 -6.25 4
      vertex 101.5 -11.75 4
      vertex 101.5 -6.25 4.01
    endloop
  endfacet
  facet normal -1 0 0
    outer loop
      vertex 101.5 -2 4
      vertex 101.5 -5.05 4
      vertex 101.5 -2 4.01
    endloop
  endfacet
  facet normal -1 0 0
    outer loop
      vertex 101.5 5.05 4
      vertex 101.5 2 4
      vertex 101.5 5.05 4.01
    endloop
  endfacet
  facet normal -1 0 0
    outer loop
      vertex 101.5 11.75 4
      vertex 101.5 6.25 4
      vertex 101.5 11.75 4.01
    endloop
  endfacet
  facet normal -1 0 0
    outer loop
      vertex 101.5 15 4
      vertex 101.5 12.95 4
      vertex 101.5 15 4.01
    endloop
  endfacet
  facet normal -1 0 0
    outer loop
      vertex 101.5 15 4.01
      vertex 101.5 19 6
      vertex 101.5 19 4.01
    endloop
  endfacet
  facet normal -1 0 0
    outer loop
      vertex 101.5 12.95 4.01
      vertex 101.5 15 4.01
      vertex 101.5 12.95 4
    endloop
  endfacet
  facet normal -1 0 0
    outer loop
      vertex 101.5 15 4.01
      vertex 101.5 12.95 4.01
      vertex 101.5 19 6
    endloop
  endfacet
  facet normal -1 0 0
    outer loop
      vertex 101.5 11.75 4.01
      vertex 101.5 19 6
      vertex 101.5 12.95 4.01
    endloop
  endfacet
  facet normal -1 0 0
    outer loop
      vertex 101.5 6.25 4.01
      vertex 101.5 11.75 4.01
      vertex 101.5 6.25 4
    endloop
  endfacet
  facet normal -1 0 0
    outer loop
      vertex 101.5 11.75 4.01
      vertex 101.5 6.25 4.01
      vertex 101.5 19 6
    endloop
  endfacet
  facet normal -1 0 0
    outer loop
      vertex 101.5 5.05 4.01
      vertex 101.5 19 6
      vertex 101.5 6.25 4.01
    endloop
  endfacet
  facet normal -1 0 0
    outer loop
      vertex 101.5 2 4.01
      vertex 101.5 5.05 4.01
      vertex 101.5 2 4
    endloop
  endfacet
  facet normal -1 0 0
    outer loop
      vertex 101.5 5.05 4.01
      vertex 101.5 2 4.01
      vertex 101.5 19 6
    endloop
  endfacet
  facet normal -1 0 0
    outer loop
      vertex 101.5 -2 4.01
      vertex 101.5 19 6
      vertex 101.5 2 4.01
    endloop
  endfacet
  facet normal -1 0 0
    outer loop
      vertex 101.5 -5.05 4.01
      vertex 101.5 -2 4.01
      vertex 101.5 -5.05 4
    endloop
  endfacet
  facet normal -1 0 0
    outer loop
      vertex 101.5 -19 6
      vertex 101.5 -2 4.01
      vertex 101.5 -5.05 4.01
    endloop
  endfacet
  facet normal -1 0 0
    outer loop
      vertex 101.5 -19 6
      vertex 101.5 -5.05 4.01
      vertex 101.5 -6.25 4.01
    endloop
  endfacet
  facet normal -1 0 0
    outer loop
      vertex 101.5 -11.75 4.01
      vertex 101.5 -6.25 4.01
      vertex 101.5 -11.75 4
    endloop
  endfacet
  facet normal -1 0 0
    outer loop
      vertex 101.5 -19 6
      vertex 101.5 -6.25 4.01
      vertex 101.5 -11.75 4.01
    endloop
  endfacet
  facet normal -1 0 0
    outer loop
      vertex 101.5 -19 6
      vertex 101.5 -11.75 4.01
      vertex 101.5 -12.95 4.01
    endloop
  endfacet
  facet normal -1 0 0
    outer loop
      vertex 101.5 -15 4.01
      vertex 101.5 -12.95 4.01
      vertex 101.5 -15 4
    endloop
  endfacet
  facet normal -1 0 0
    outer loop
      vertex 101.5 -19 6
      vertex 101.5 -12.95 4.01
      vertex 101.5 -15 4.01
    endloop
  endfacet
  facet normal -1 0 0
    outer loop
      vertex 101.5 -19 6
      vertex 101.5 -15 4.01
      vertex 101.5 -19 4.01
    endloop
  endfacet
  facet normal -1 0 0
    outer loop
      vertex 101.5 -2 4.01
      vertex 101.5 -19 6
      vertex 101.5 19 6
    endloop
  endfacet
  facet normal 1 -0 0
    outer loop
      vertex 104.5 -6.25 4
      vertex 104.5 -5.05 1.2
      vertex 104.5 -5.05 4
    endloop
  endfacet
  facet normal 1 0 0
    outer loop
      vertex 104.5 -5.05 1.2
      vertex 104.5 -6.25 4
      vertex 104.5 -6.25 1.2
    endloop
  endfacet
  facet normal -0 0 1
    outer loop
      vertex 77.5 -5.05 4.01
      vertex 79 -6.25 4.01
      vertex 79 -5.05 4.01
    endloop
  endfacet
  facet normal 0 0 1
    outer loop
      vertex 79 -6.25 4.01
      vertex 77.5 -5.05 4.01
      vertex 77.5 -6.25 4.01
    endloop
  endfacet
  facet normal -0 0 1
    outer loop
      vertex 85 -5.05 4.01
      vertex 86.5 -6.25 4.01
      vertex 86.5 -5.05 4.01
    endloop
  endfacet
  facet normal 0 0 1
    outer loop
      vertex 86.5 -6.25 4.01
      vertex 85 -5.05 4.01
      vertex 85 -6.25 4.01
    endloop
  endfacet
  facet normal -0 0 1
    outer loop
      vertex 92.5 -5.05 4.01
      vertex 94 -6.25 4.01
      vertex 94 -5.05 4.01
    endloop
  endfacet
  facet normal 0 0 1
    outer loop
      vertex 94 -6.25 4.01
      vertex 92.5 -5.05 4.01
      vertex 92.5 -6.25 4.01
    endloop
  endfacet
  facet normal -0 0 1
    outer loop
      vertex 100 -5.05 4.01
      vertex 101.5 -6.25 4.01
      vertex 101.5 -5.05 4.01
    endloop
  endfacet
  facet normal 0 0 1
    outer loop
      vertex 101.5 -6.25 4.01
      vertex 100 -5.05 4.01
      vertex 100 -6.25 4.01
    endloop
  endfacet
  facet normal -1 0 0
    outer loop
      vertex 74.5 -6.25 0
      vertex 74.5 -5.05 4
      vertex 74.5 -5.05 0
    endloop
  endfacet
  facet normal -1 -0 0
    outer loop
      vertex 74.5 -5.05 4
      vertex 74.5 -6.25 0
      vertex 74.5 -6.25 4
    endloop
  endfacet
  facet normal 0 1 0
    outer loop
      vertex 101.5 -5.05 1.2
      vertex 101.5 -5.05 4
      vertex 104.5 -5.05 4
    endloop
  endfacet
  facet normal 0 1 0
    outer loop
      vertex 101.5 -5.05 4
      vertex 101.5 -5.05 1.2
      vertex 100 -5.05 4
    endloop
  endfacet
  facet normal 0 1 0
    outer loop
      vertex 100 -5.05 4
      vertex 101.5 -5.05 1.2
      vertex 94 -5.05 4
    endloop
  endfacet
  facet normal 0 1 -0
    outer loop
      vertex 101.5 -5.05 0
      vertex 94 -5.05 4
      vertex 101.5 -5.05 1.2
    endloop
  endfacet
  facet normal 0 1 0
    outer loop
      vertex 94 -5.05 4
      vertex 101.5 -5.05 0
      vertex 92.5 -5.05 4
    endloop
  endfacet
  facet normal 0 1 0
    outer loop
      vertex 92.5 -5.05 4
      vertex 101.5 -5.05 0
      vertex 86.5 -5.05 4
    endloop
  endfacet
  facet normal 0 1 0
    outer loop
      vertex 74.5 -5.05 0
      vertex 86.5 -5.05 4
      vertex 101.5 -5.05 0
    endloop
  endfacet
  facet normal 0 1 0
    outer loop
      vertex 86.5 -5.05 4
      vertex 74.5 -5.05 0
      vertex 85 -5.05 4
    endloop
  endfacet
  facet normal 0 1 0
    outer loop
      vertex 101.5 -5.05 1.2
      vertex 104.5 -5.05 4
      vertex 104.5 -5.05 1.2
    endloop
  endfacet
  facet normal 0 1 0
    outer loop
      vertex 85 -5.05 4
      vertex 74.5 -5.05 0
      vertex 79 -5.05 4
    endloop
  endfacet
  facet normal 0 1 0
    outer loop
      vertex 79 -5.05 4
      vertex 74.5 -5.05 0
      vertex 77.5 -5.05 4
    endloop
  endfacet
  facet normal 0 1 0
    outer loop
      vertex 77.5 -5.05 4
      vertex 74.5 -5.05 0
      vertex 74.5 -5.05 4
    endloop
  endfacet
  facet normal 0 1 -0
    outer loop
      vertex 101.5 -5.05 4
      vertex 100 -5.05 4.01
      vertex 101.5 -5.05 4.01
    endloop
  endfacet
  facet normal 0 1 0
    outer loop
      vertex 100 -5.05 4.01
      vertex 101.5 -5.05 4
      vertex 100 -5.05 4
    endloop
  endfacet
  facet normal 0 1 -0
    outer loop
      vertex 94 -5.05 4
      vertex 92.5 -5.05 4.01
      vertex 94 -5.05 4.01
    endloop
  endfacet
  facet normal 0 1 0
    outer loop
      vertex 92.5 -5.05 4.01
      vertex 94 -5.05 4
      vertex 92.5 -5.05 4
    endloop
  endfacet
  facet normal 0 1 -0
    outer loop
      vertex 86.5 -5.05 4
      vertex 85 -5.05 4.01
      vertex 86.5 -5.05 4.01
    endloop
  endfacet
  facet normal 0 1 0
    outer loop
      vertex 85 -5.05 4.01
      vertex 86.5 -5.05 4
      vertex 85 -5.05 4
    endloop
  endfacet
  facet normal 0 1 -0
    outer loop
      vertex 79 -5.05 4
      vertex 77.5 -5.05 4.01
      vertex 79 -5.05 4.01
    endloop
  endfacet
  facet normal 0 1 0
    outer loop
      vertex 77.5 -5.05 4.01
      vertex 79 -5.05 4
      vertex 77.5 -5.05 4
    endloop
  endfacet
  facet normal 0 -1 0
    outer loop
      vertex 74.5 -6.25 0
      vertex 77.5 -6.25 4
      vertex 74.5 -6.25 4
    endloop
  endfacet
  facet normal 0 -1 -0
    outer loop
      vertex 77.5 -6.25 4
      vertex 74.5 -6.25 0
      vertex 79 -6.25 4
    endloop
  endfacet
  facet normal 0 -1 -0
    outer loop
      vertex 79 -6.25 4
      vertex 74.5 -6.25 0
      vertex 85 -6.25 4
    endloop
  endfacet
  facet normal 0 -1 -0
    outer loop
      vertex 85 -6.25 4
      vertex 74.5 -6.25 0
      vertex 86.5 -6.25 4
    endloop
  endfacet
  facet normal 0 -1 0
    outer loop
      vertex 101.5 -6.25 0
      vertex 86.5 -6.25 4
      vertex 74.5 -6.25 0
    endloop
  endfacet
  facet normal 0 -1 0
    outer loop
      vertex 86.5 -6.25 4
      vertex 101.5 -6.25 0
      vertex 92.5 -6.25 4
    endloop
  endfacet
  facet normal 0 -1 0
    outer loop
      vertex 92.5 -6.25 4
      vertex 101.5 -6.25 0
      vertex 94 -6.25 4
    endloop
  endfacet
  facet normal 0 -1 0
    outer loop
      vertex 100 -6.25 4
      vertex 101.5 -6.25 1.2
      vertex 101.5 -6.25 4
    endloop
  endfacet
  facet normal 0 -1 0
    outer loop
      vertex 101.5 -6.25 4
      vertex 101.5 -6.25 1.2
      vertex 104.5 -6.25 4
    endloop
  endfacet
  facet normal 0 -1 0
    outer loop
      vertex 94 -6.25 4
      vertex 101.5 -6.25 0
      vertex 100 -6.25 4
    endloop
  endfacet
  facet normal 0 -1 0
    outer loop
      vertex 100 -6.25 4
      vertex 101.5 -6.25 0
      vertex 101.5 -6.25 1.2
    endloop
  endfacet
  facet normal 0 -1 0
    outer loop
      vertex 77.5 -6.25 4
      vertex 79 -6.25 4.01
      vertex 77.5 -6.25 4.01
    endloop
  endfacet
  facet normal 0 -1 -0
    outer loop
      vertex 79 -6.25 4.01
      vertex 77.5 -6.25 4
      vertex 79 -6.25 4
    endloop
  endfacet
  facet normal 0 -1 0
    outer loop
      vertex 85 -6.25 4
      vertex 86.5 -6.25 4.01
      vertex 85 -6.25 4.01
    endloop
  endfacet
  facet normal 0 -1 -0
    outer loop
      vertex 86.5 -6.25 4.01
      vertex 85 -6.25 4
      vertex 86.5 -6.25 4
    endloop
  endfacet
  facet normal 0 -1 0
    outer loop
      vertex 92.5 -6.25 4
      vertex 94 -6.25 4.01
      vertex 92.5 -6.25 4.01
    endloop
  endfacet
  facet normal 0 -1 -0
    outer loop
      vertex 94 -6.25 4.01
      vertex 92.5 -6.25 4
      vertex 94 -6.25 4
    endloop
  endfacet
  facet normal 0 -1 0
    outer loop
      vertex 100 -6.25 4
      vertex 101.5 -6.25 4.01
      vertex 100 -6.25 4.01
    endloop
  endfacet
  facet normal 0 -1 -0
    outer loop
      vertex 101.5 -6.25 4.01
      vertex 100 -6.25 4
      vertex 101.5 -6.25 4
    endloop
  endfacet
  facet normal 0 -1 -0
    outer loop
      vertex 104.5 -6.25 4
      vertex 101.5 -6.25 1.2
      vertex 104.5 -6.25 1.2
    endloop
  endfacet
  facet normal 1 -0 0
    outer loop
      vertex 104.5 -12.95 4
      vertex 104.5 -11.75 1.2
      vertex 104.5 -11.75 4
    endloop
  endfacet
  facet normal 1 0 0
    outer loop
      vertex 104.5 -11.75 1.2
      vertex 104.5 -12.95 4
      vertex 104.5 -12.95 1.2
    endloop
  endfacet
  facet normal -0 0 1
    outer loop
      vertex 77.5 -11.75 4.01
      vertex 79 -12.95 4.01
      vertex 79 -11.75 4.01
    endloop
  endfacet
  facet normal 0 0 1
    outer loop
      vertex 79 -12.95 4.01
      vertex 77.5 -11.75 4.01
      vertex 77.5 -12.95 4.01
    endloop
  endfacet
  facet normal -0 0 1
    outer loop
      vertex 85 -11.75 4.01
      vertex 86.5 -12.95 4.01
      vertex 86.5 -11.75 4.01
    endloop
  endfacet
  facet normal 0 0 1
    outer loop
      vertex 86.5 -12.95 4.01
      vertex 85 -11.75 4.01
      vertex 85 -12.95 4.01
    endloop
  endfacet
  facet normal -0 0 1
    outer loop
      vertex 92.5 -11.75 4.01
      vertex 94 -12.95 4.01
      vertex 94 -11.75 4.01
    endloop
  endfacet
  facet normal 0 0 1
    outer loop
      vertex 94 -12.95 4.01
      vertex 92.5 -11.75 4.01
      vertex 92.5 -12.95 4.01
    endloop
  endfacet
  facet normal -0 0 1
    outer loop
      vertex 100 -11.75 4.01
      vertex 101.5 -12.95 4.01
      vertex 101.5 -11.75 4.01
    endloop
  endfacet
  facet normal 0 0 1
    outer loop
      vertex 101.5 -12.95 4.01
      vertex 100 -11.75 4.01
      vertex 100 -12.95 4.01
    endloop
  endfacet
  facet normal -1 0 0
    outer loop
      vertex 74.5 -12.95 0
      vertex 74.5 -11.75 4
      vertex 74.5 -11.75 0
    endloop
  endfacet
  facet normal -1 -0 0
    outer loop
      vertex 74.5 -11.75 4
      vertex 74.5 -12.95 0
      vertex 74.5 -12.95 4
    endloop
  endfacet
  facet normal 0 1 0
    outer loop
      vertex 101.5 -11.75 1.2
      vertex 101.5 -11.75 4
      vertex 104.5 -11.75 4
    endloop
  endfacet
  facet normal 0 1 0
    outer loop
      vertex 101.5 -11.75 4
      vertex 101.5 -11.75 1.2
      vertex 100 -11.75 4
    endloop
  endfacet
  facet normal 0 1 0
    outer loop
      vertex 100 -11.75 4
      vertex 101.5 -11.75 1.2
      vertex 94 -11.75 4
    endloop
  endfacet
  facet normal 0 1 -0
    outer loop
      vertex 101.5 -11.75 0
      vertex 94 -11.75 4
      vertex 101.5 -11.75 1.2
    endloop
  endfacet
  facet normal 0 1 0
    outer loop
      vertex 94 -11.75 4
      vertex 101.5 -11.75 0
      vertex 92.5 -11.75 4
    endloop
  endfacet
  facet normal 0 1 0
    outer loop
      vertex 92.5 -11.75 4
      vertex 101.5 -11.75 0
      vertex 86.5 -11.75 4
    endloop
  endfacet
  facet normal 0 1 0
    outer loop
      vertex 74.5 -11.75 0
      vertex 86.5 -11.75 4
      vertex 101.5 -11.75 0
    endloop
  endfacet
  facet normal 0 1 0
    outer loop
      vertex 86.5 -11.75 4
      vertex 74.5 -11.75 0
      vertex 85 -11.75 4
    endloop
  endfacet
  facet normal 0 1 0
    outer loop
      vertex 101.5 -11.75 1.2
      vertex 104.5 -11.75 4
      vertex 104.5 -11.75 1.2
    endloop
  endfacet
  facet normal 0 1 0
    outer loop
      vertex 85 -11.75 4
      vertex 74.5 -11.75 0
      vertex 79 -11.75 4
    endloop
  endfacet
  facet normal 0 1 0
    outer loop
      vertex 79 -11.75 4
      vertex 74.5 -11.75 0
      vertex 77.5 -11.75 4
    endloop
  endfacet
  facet normal 0 1 0
    outer loop
      vertex 77.5 -11.75 4
      vertex 74.5 -11.75 0
      vertex 74.5 -11.75 4
    endloop
  endfacet
  facet normal 0 1 -0
    outer loop
      vertex 101.5 -11.75 4
      vertex 100 -11.75 4.01
      vertex 101.5 -11.75 4.01
    endloop
  endfacet
  facet normal 0 1 0
    outer loop
      vertex 100 -11.75 4.01
      vertex 101.5 -11.75 4
      vertex 100 -11.75 4
    endloop
  endfacet
  facet normal 0 1 -0
    outer loop
      vertex 94 -11.75 4
      vertex 92.5 -11.75 4.01
      vertex 94 -11.75 4.01
    endloop
  endfacet
  facet normal 0 1 0
    outer loop
      vertex 92.5 -11.75 4.01
      vertex 94 -11.75 4
      vertex 92.5 -11.75 4
    endloop
  endfacet
  facet normal 0 1 -0
    outer loop
      vertex 86.5 -11.75 4
      vertex 85 -11.75 4.01
      vertex 86.5 -11.75 4.01
    endloop
  endfacet
  facet normal 0 1 0
    outer loop
      vertex 85 -11.75 4.01
      vertex 86.5 -11.75 4
      vertex 85 -11.75 4
    endloop
  endfacet
  facet normal 0 1 -0
    outer loop
      vertex 79 -11.75 4
      vertex 77.5 -11.75 4.01
      vertex 79 -11.75 4.01
    endloop
  endfacet
  facet normal 0 1 0
    outer loop
      vertex 77.5 -11.75 4.01
      vertex 79 -11.75 4
      vertex 77.5 -11.75 4
    endloop
  endfacet
  facet normal 0 -1 0
    outer loop
      vertex 74.5 -12.95 0
      vertex 77.5 -12.95 4
      vertex 74.5 -12.95 4
    endloop
  endfacet
  facet normal 0 -1 -0
    outer loop
      vertex 77.5 -12.95 4
      vertex 74.5 -12.95 0
      vertex 79 -12.95 4
    endloop
  endfacet
  facet normal 0 -1 -0
    outer loop
      vertex 79 -12.95 4
      vertex 74.5 -12.95 0
      vertex 85 -12.95 4
    endloop
  endfacet
  facet normal 0 -1 -0
    outer loop
      vertex 85 -12.95 4
      vertex 74.5 -12.95 0
      vertex 86.5 -12.95 4
    endloop
  endfacet
  facet normal 0 -1 0
    outer loop
      vertex 101.5 -12.95 0
      vertex 86.5 -12.95 4
      vertex 74.5 -12.95 0
    endloop
  endfacet
  facet normal 0 -1 0
    outer loop
      vertex 86.5 -12.95 4
      vertex 101.5 -12.95 0
      vertex 92.5 -12.95 4
    endloop
  endfacet
  facet normal 0 -1 0
    outer loop
      vertex 92.5 -12.95 4
      vertex 101.5 -12.95 0
      vertex 94 -12.95 4
    endloop
  endfacet
  facet normal 0 -1 0
    outer loop
      vertex 100 -12.95 4
      vertex 101.5 -12.95 1.2
      vertex 101.5 -12.95 4
    endloop
  endfacet
  facet normal 0 -1 0
    outer loop
      vertex 101.5 -12.95 4
      vertex 101.5 -12.95 1.2
      vertex 104.5 -12.95 4
    endloop
  endfacet
  facet normal 0 -1 0
    outer loop
      vertex 94 -12.95 4
      vertex 101.5 -12.95 0
      vertex 100 -12.95 4
    endloop
  endfacet
  facet normal 0 -1 0
    outer loop
      vertex 100 -12.95 4
      vertex 101.5 -12.95 0
      vertex 101.5 -12.95 1.2
    endloop
  endfacet
  facet normal 0 -1 0
    outer loop
      vertex 77.5 -12.95 4
      vertex 79 -12.95 4.01
      vertex 77.5 -12.95 4.01
    endloop
  endfacet
  facet normal 0 -1 -0
    outer loop
      vertex 79 -12.95 4.01
      vertex 77.5 -12.95 4
      vertex 79 -12.95 4
    endloop
  endfacet
  facet normal 0 -1 0
    outer loop
      vertex 85 -12.95 4
      vertex 86.5 -12.95 4.01
      vertex 85 -12.95 4.01
    endloop
  endfacet
  facet normal 0 -1 -0
    outer loop
      vertex 86.5 -12.95 4.01
      vertex 85 -12.95 4
      vertex 86.5 -12.95 4
    endloop
  endfacet
  facet normal 0 -1 0
    outer loop
      vertex 92.5 -12.95 4
      vertex 94 -12.95 4.01
      vertex 92.5 -12.95 4.01
    endloop
  endfacet
  facet normal 0 -1 -0
    outer loop
      vertex 94 -12.95 4.01
      vertex 92.5 -12.95 4
      vertex 94 -12.95 4
    endloop
  endfacet
  facet normal 0 -1 0
    outer loop
      vertex 100 -12.95 4
      vertex 101.5 -12.95 4.01
      vertex 100 -12.95 4.01
    endloop
  endfacet
  facet normal 0 -1 -0
    outer loop
      vertex 101.5 -12.95 4.01
      vertex 100 -12.95 4
      vertex 101.5 -12.95 4
    endloop
  endfacet
  facet normal 0 -1 -0
    outer loop
      vertex 104.5 -12.95 4
      vertex 101.5 -12.95 1.2
      vertex 104.5 -12.95 1.2
    endloop
  endfacet
  facet normal 1 -0 0
    outer loop
      vertex 104.5 5.05 4
      vertex 104.5 6.25 1.2
      vertex 104.5 6.25 4
    endloop
  endfacet
  facet normal 1 0 0
    outer loop
      vertex 104.5 6.25 1.2
      vertex 104.5 5.05 4
      vertex 104.5 5.05 1.2
    endloop
  endfacet
  facet normal -0 0 1
    outer loop
      vertex 77.5 6.25 4.01
      vertex 79 5.05 4.01
      vertex 79 6.25 4.01
    endloop
  endfacet
  facet normal 0 0 1
    outer loop
      vertex 79 5.05 4.01
      vertex 77.5 6.25 4.01
      vertex 77.5 5.05 4.01
    endloop
  endfacet
  facet normal -0 0 1
    outer loop
      vertex 85 6.25 4.01
      vertex 86.5 5.05 4.01
      vertex 86.5 6.25 4.01
    endloop
  endfacet
  facet normal 0 0 1
    outer loop
      vertex 86.5 5.05 4.01
      vertex 85 6.25 4.01
      vertex 85 5.05 4.01
    endloop
  endfacet
  facet normal -0 0 1
    outer loop
      vertex 92.5 6.25 4.01
      vertex 94 5.05 4.01
      vertex 94 6.25 4.01
    endloop
  endfacet
  facet normal 0 0 1
    outer loop
      vertex 94 5.05 4.01
      vertex 92.5 6.25 4.01
      vertex 92.5 5.05 4.01
    endloop
  endfacet
  facet normal -0 0 1
    outer loop
      vertex 100 6.25 4.01
      vertex 101.5 5.05 4.01
      vertex 101.5 6.25 4.01
    endloop
  endfacet
  facet normal 0 0 1
    outer loop
      vertex 101.5 5.05 4.01
      vertex 100 6.25 4.01
      vertex 100 5.05 4.01
    endloop
  endfacet
  facet normal -1 0 0
    outer loop
      vertex 74.5 5.05 0
      vertex 74.5 6.25 4
      vertex 74.5 6.25 0
    endloop
  endfacet
  facet normal -1 -0 0
    outer loop
      vertex 74.5 6.25 4
      vertex 74.5 5.05 0
      vertex 74.5 5.05 4
    endloop
  endfacet
  facet normal 0 1 0
    outer loop
      vertex 101.5 6.25 1.2
      vertex 101.5 6.25 4
      vertex 104.5 6.25 4
    endloop
  endfacet
  facet normal 0 1 0
    outer loop
      vertex 101.5 6.25 4
      vertex 101.5 6.25 1.2
      vertex 100 6.25 4
    endloop
  endfacet
  facet normal 0 1 0
    outer loop
      vertex 100 6.25 4
      vertex 101.5 6.25 1.2
      vertex 94 6.25 4
    endloop
  endfacet
  facet normal 0 1 -0
    outer loop
      vertex 101.5 6.25 0
      vertex 94 6.25 4
      vertex 101.5 6.25 1.2
    endloop
  endfacet
  facet normal 0 1 0
    outer loop
      vertex 94 6.25 4
      vertex 101.5 6.25 0
      vertex 92.5 6.25 4
    endloop
  endfacet
  facet normal 0 1 0
    outer loop
      vertex 92.5 6.25 4
      vertex 101.5 6.25 0
      vertex 86.5 6.25 4
    endloop
  endfacet
  facet normal 0 1 0
    outer loop
      vertex 74.5 6.25 0
      vertex 86.5 6.25 4
      vertex 101.5 6.25 0
    endloop
  endfacet
  facet normal 0 1 0
    outer loop
      vertex 86.5 6.25 4
      vertex 74.5 6.25 0
      vertex 85 6.25 4
    endloop
  endfacet
  facet normal 0 1 0
    outer loop
      vertex 101.5 6.25 1.2
      vertex 104.5 6.25 4
      vertex 104.5 6.25 1.2
    endloop
  endfacet
  facet normal 0 1 0
    outer loop
      vertex 85 6.25 4
      vertex 74.5 6.25 0
      vertex 79 6.25 4
    endloop
  endfacet
  facet normal 0 1 0
    outer loop
      vertex 79 6.25 4
      vertex 74.5 6.25 0
      vertex 77.5 6.25 4
    endloop
  endfacet
  facet normal 0 1 0
    outer loop
      vertex 77.5 6.25 4
      vertex 74.5 6.25 0
      vertex 74.5 6.25 4
    endloop
  endfacet
  facet normal 0 1 -0
    outer loop
      vertex 101.5 6.25 4
      vertex 100 6.25 4.01
      vertex 101.5 6.25 4.01
    endloop
  endfacet
  facet normal 0 1 0
    outer loop
      vertex 100 6.25 4.01
      vertex 101.5 6.25 4
      vertex 100 6.25 4
    endloop
  endfacet
  facet normal 0 1 -0
    outer loop
      vertex 94 6.25 4
      vertex 92.5 6.25 4.01
      vertex 94 6.25 4.01
    endloop
  endfacet
  facet normal 0 1 0
    outer loop
      vertex 92.5 6.25 4.01
      vertex 94 6.25 4
      vertex 92.5 6.25 4
    endloop
  endfacet
  facet normal 0 1 -0
    outer loop
      vertex 86.5 6.25 4
      vertex 85 6.25 4.01
      vertex 86.5 6.25 4.01
    endloop
  endfacet
  facet normal 0 1 0
    outer loop
      vertex 85 6.25 4.01
      vertex 86.5 6.25 4
      vertex 85 6.25 4
    endloop
  endfacet
  facet normal 0 1 -0
    outer loop
      vertex 79 6.25 4
      vertex 77.5 6.25 4.01
      vertex 79 6.25 4.01
    endloop
  endfacet
  facet normal 0 1 0
    outer loop
      vertex 77.5 6.25 4.01
      vertex 79 6.25 4
      vertex 77.5 6.25 4
    endloop
  endfacet
  facet normal 0 -1 0
    outer loop
      vertex 74.5 5.05 0
      vertex 77.5 5.05 4
      vertex 74.5 5.05 4
    endloop
  endfacet
  facet normal 0 -1 -0
    outer loop
      vertex 77.5 5.05 4
      vertex 74.5 5.05 0
      vertex 79 5.05 4
    endloop
  endfacet
  facet normal 0 -1 -0
    outer loop
      vertex 79 5.05 4
      vertex 74.5 5.05 0
      vertex 85 5.05 4
    endloop
  endfacet
  facet normal 0 -1 -0
    outer loop
      vertex 85 5.05 4
      vertex 74.5 5.05 0
      vertex 86.5 5.05 4
    endloop
  endfacet
  facet normal 0 -1 0
    outer loop
      vertex 101.5 5.05 0
      vertex 86.5 5.05 4
      vertex 74.5 5.05 0
    endloop
  endfacet
  facet normal 0 -1 0
    outer loop
      vertex 86.5 5.05 4
      vertex 101.5 5.05 0
      vertex 92.5 5.05 4
    endloop
  endfacet
  facet normal 0 -1 0
    outer loop
      vertex 92.5 5.05 4
      vertex 101.5 5.05 0
      vertex 94 5.05 4
    endloop
  endfacet
  facet normal 0 -1 0
    outer loop
      vertex 100 5.05 4
      vertex 101.5 5.05 1.2
      vertex 101.5 5.05 4
    endloop
  endfacet
  facet normal 0 -1 0
    outer loop
      vertex 101.5 5.05 4
      vertex 101.5 5.05 1.2
      vertex 104.5 5.05 4
    endloop
  endfacet
  facet normal 0 -1 0
    outer loop
      vertex 94 5.05 4
      vertex 101.5 5.05 0
      vertex 100 5.05 4
    endloop
  endfacet
  facet normal 0 -1 0
    outer loop
      vertex 100 5.05 4
      vertex 101.5 5.05 0
      vertex 101.5 5.05 1.2
    endloop
  endfacet
  facet normal 0 -1 0
    outer loop
      vertex 77.5 5.05 4
      vertex 79 5.05 4.01
      vertex 77.5 5.05 4.01
    endloop
  endfacet
  facet normal 0 -1 -0
    outer loop
      vertex 79 5.05 4.01
      vertex 77.5 5.05 4
      vertex 79 5.05 4
    endloop
  endfacet
  facet normal 0 -1 0
    outer loop
      vertex 85 5.05 4
      vertex 86.5 5.05 4.01
      vertex 85 5.05 4.01
    endloop
  endfacet
  facet normal 0 -1 -0
    outer loop
      vertex 86.5 5.05 4.01
      vertex 85 5.05 4
      vertex 86.5 5.05 4
    endloop
  endfacet
  facet normal 0 -1 0
    outer loop
      vertex 92.5 5.05 4
      vertex 94 5.05 4.01
      vertex 92.5 5.05 4.01
    endloop
  endfacet
  facet normal 0 -1 -0
    outer loop
      vertex 94 5.05 4.01
      vertex 92.5 5.05 4
      vertex 94 5.05 4
    endloop
  endfacet
  facet normal 0 -1 0
    outer loop
      vertex 100 5.05 4
      vertex 101.5 5.05 4.01
      vertex 100 5.05 4.01
    endloop
  endfacet
  facet normal 0 -1 -0
    outer loop
      vertex 101.5 5.05 4.01
      vertex 100 5.05 4
      vertex 101.5 5.05 4
    endloop
  endfacet
  facet normal 0 -1 -0
    outer loop
      vertex 104.5 5.05 4
      vertex 101.5 5.05 1.2
      vertex 104.5 5.05 1.2
    endloop
  endfacet
  facet normal 1 -0 0
    outer loop
      vertex 104.5 11.75 4
      vertex 104.5 12.95 1.2
      vertex 104.5 12.95 4
    endloop
  endfacet
  facet normal 1 0 0
    outer loop
      vertex 104.5 12.95 1.2
      vertex 104.5 11.75 4
      vertex 104.5 11.75 1.2
    endloop
  endfacet
  facet normal -0 0 1
    outer loop
      vertex 77.5 12.95 4.01
      vertex 79 11.75 4.01
      vertex 79 12.95 4.01
    endloop
  endfacet
  facet normal 0 0 1
    outer loop
      vertex 79 11.75 4.01
      vertex 77.5 12.95 4.01
      vertex 77.5 11.75 4.01
    endloop
  endfacet
  facet normal -0 0 1
    outer loop
      vertex 85 12.95 4.01
      vertex 86.5 11.75 4.01
      vertex 86.5 12.95 4.01
    endloop
  endfacet
  facet normal 0 0 1
    outer loop
      vertex 86.5 11.75 4.01
      vertex 85 12.95 4.01
      vertex 85 11.75 4.01
    endloop
  endfacet
  facet normal -0 0 1
    outer loop
      vertex 92.5 12.95 4.01
      vertex 94 11.75 4.01
      vertex 94 12.95 4.01
    endloop
  endfacet
  facet normal 0 0 1
    outer loop
      vertex 94 11.75 4.01
      vertex 92.5 12.95 4.01
      vertex 92.5 11.75 4.01
    endloop
  endfacet
  facet normal -0 0 1
    outer loop
      vertex 100 12.95 4.01
      vertex 101.5 11.75 4.01
      vertex 101.5 12.95 4.01
    endloop
  endfacet
  facet normal 0 0 1
    outer loop
      vertex 101.5 11.75 4.01
      vertex 100 12.95 4.01
      vertex 100 11.75 4.01
    endloop
  endfacet
  facet normal -1 0 0
    outer loop
      vertex 74.5 11.75 0
      vertex 74.5 12.95 4
      vertex 74.5 12.95 0
    endloop
  endfacet
  facet normal -1 -0 0
    outer loop
      vertex 74.5 12.95 4
      vertex 74.5 11.75 0
      vertex 74.5 11.75 4
    endloop
  endfacet
  facet normal 0 1 0
    outer loop
      vertex 101.5 12.95 1.2
      vertex 101.5 12.95 4
      vertex 104.5 12.95 4
    endloop
  endfacet
  facet normal 0 1 0
    outer loop
      vertex 101.5 12.95 4
      vertex 101.5 12.95 1.2
      vertex 100 12.95 4
    endloop
  endfacet
  facet normal 0 1 0
    outer loop
      vertex 100 12.95 4
      vertex 101.5 12.95 1.2
      vertex 94 12.95 4
    endloop
  endfacet
  facet normal 0 1 -0
    outer loop
      vertex 101.5 12.95 0
      vertex 94 12.95 4
      vertex 101.5 12.95 1.2
    endloop
  endfacet
  facet normal 0 1 0
    outer loop
      vertex 94 12.95 4
      vertex 101.5 12.95 0
      vertex 92.5 12.95 4
    endloop
  endfacet
  facet normal 0 1 0
    outer loop
      vertex 92.5 12.95 4
      vertex 101.5 12.95 0
      vertex 86.5 12.95 4
    endloop
  endfacet
  facet normal 0 1 0
    outer loop
      vertex 74.5 12.95 0
      vertex 86.5 12.95 4
      vertex 101.5 12.95 0
    endloop
  endfacet
  facet normal 0 1 0
    outer loop
      vertex 86.5 12.95 4
      vertex 74.5 12.95 0
      vertex 85 12.95 4
    endloop
  endfacet
  facet normal 0 1 0
    outer loop
      vertex 101.5 12.95 1.2
      vertex 104.5 12.95 4
      vertex 104.5 12.95 1.2
    endloop
  endfacet
  facet normal 0 1 0
    outer loop
      vertex 85 12.95 4
      vertex 74.5 12.95 0
      vertex 79 12.95 4
    endloop
  endfacet
  facet normal 0 1 0
    outer loop
      vertex 79 12.95 4
      vertex 74.5 12.95 0
      vertex 77.5 12.95 4
    endloop
  endfacet
  facet normal 0 1 0
    outer loop
      vertex 77.5 12.95 4
      vertex 74.5 12.95 0
      vertex 74.5 12.95 4
    endloop
  endfacet
  facet normal 0 1 -0
    outer loop
      vertex 101.5 12.95 4
      vertex 100 12.95 4.01
      vertex 101.5 12.95 4.01
    endloop
  endfacet
  facet normal 0 1 0
    outer loop
      vertex 100 12.95 4.01
      vertex 101.5 12.95 4
      vertex 100 12.95 4
    endloop
  endfacet
  facet normal 0 1 -0
    outer loop
      vertex 94 12.95 4
      vertex 92.5 12.95 4.01
      vertex 94 12.95 4.01
    endloop
  endfacet
  facet normal 0 1 0
    outer loop
      vertex 92.5 12.95 4.01
      vertex 94 12.95 4
      vertex 92.5 12.95 4
    endloop
  endfacet
  facet normal 0 1 -0
    outer loop
      vertex 86.5 12.95 4
      vertex 85 12.95 4.01
      vertex 86.5 12.95 4.01
    endloop
  endfacet
  facet normal 0 1 0
    outer loop
      vertex 85 12.95 4.01
      vertex 86.5 12.95 4
      vertex 85 12.95 4
    endloop
  endfacet
  facet normal 0 1 -0
    outer loop
      vertex 79 12.95 4
      vertex 77.5 12.95 4.01
      vertex 79 12.95 4.01
    endloop
  endfacet
  facet normal 0 1 0
    outer loop
      vertex 77.5 12.95 4.01
      vertex 79 12.95 4
      vertex 77.5 12.95 4
    endloop
  endfacet
  facet normal 0 -1 0
    outer loop
      vertex 74.5 11.75 0
      vertex 77.5 11.75 4
      vertex 74.5 11.75 4
    endloop
  endfacet
  facet normal 0 -1 -0
    outer loop
      vertex 77.5 11.75 4
      vertex 74.5 11.75 0
      vertex 79 11.75 4
    endloop
  endfacet
  facet normal 0 -1 -0
    outer loop
      vertex 79 11.75 4
      vertex 74.5 11.75 0
      vertex 85 11.75 4
    endloop
  endfacet
  facet normal 0 -1 -0
    outer loop
      vertex 85 11.75 4
      vertex 74.5 11.75 0
      vertex 86.5 11.75 4
    endloop
  endfacet
  facet normal 0 -1 0
    outer loop
      vertex 101.5 11.75 0
      vertex 86.5 11.75 4
      vertex 74.5 11.75 0
    endloop
  endfacet
  facet normal 0 -1 0
    outer loop
      vertex 86.5 11.75 4
      vertex 101.5 11.75 0
      vertex 92.5 11.75 4
    endloop
  endfacet
  facet normal 0 -1 0
    outer loop
      vertex 92.5 11.75 4
      vertex 101.5 11.75 0
      vertex 94 11.75 4
    endloop
  endfacet
  facet normal 0 -1 0
    outer loop
      vertex 100 11.75 4
      vertex 101.5 11.75 1.2
      vertex 101.5 11.75 4
    endloop
  endfacet
  facet normal 0 -1 0
    outer loop
      vertex 101.5 11.75 4
      vertex 101.5 11.75 1.2
      vertex 104.5 11.75 4
    endloop
  endfacet
  facet normal 0 -1 0
    outer loop
      vertex 94 11.75 4
      vertex 101.5 11.75 0
      vertex 100 11.75 4
    endloop
  endfacet
  facet normal 0 -1 0
    outer loop
      vertex 100 11.75 4
      vertex 101.5 11.75 0
      vertex 101.5 11.75 1.2
    endloop
  endfacet
  facet normal 0 -1 0
    outer loop
      vertex 77.5 11.75 4
      vertex 79 11.75 4.01
      vertex 77.5 11.75 4.01
    endloop
  endfacet
  facet normal 0 -1 -0
    outer loop
      vertex 79 11.75 4.01
      vertex 77.5 11.75 4
      vertex 79 11.75 4
    endloop
  endfacet
  facet normal 0 -1 0
    outer loop
      vertex 85 11.75 4
      vertex 86.5 11.75 4.01
      vertex 85 11.75 4.01
    endloop
  endfacet
  facet normal 0 -1 -0
    outer loop
      vertex 86.5 11.75 4.01
      vertex 85 11.75 4
      vertex 86.5 11.75 4
    endloop
  endfacet
  facet normal 0 -1 0
    outer loop
      vertex 92.5 11.75 4
      vertex 94 11.75 4.01
      vertex 92.5 11.75 4.01
    endloop
  endfacet
  facet normal 0 -1 -0
    outer loop
      vertex 94 11.75 4.01
      vertex 92.5 11.75 4
      vertex 94 11.75 4
    endloop
  endfacet
  facet normal 0 -1 0
    outer loop
      vertex 100 11.75 4
      vertex 101.5 11.75 4.01
      vertex 100 11.75 4.01
    endloop
  endfacet
  facet normal 0 -1 -0
    outer loop
      vertex 101.5 11.75 4.01
      vertex 100 11.75 4
      vertex 101.5 11.75 4
    endloop
  endfacet
  facet normal 0 -1 -0
    outer loop
      vertex 104.5 11.75 4
      vertex 101.5 11.75 1.2
      vertex 104.5 11.75 1.2
    endloop
  endfacet
  facet normal -0 0 1
    outer loop
      vertex 101.5 11.75 1.2
      vertex 104.5 6.25 1.2
      vertex 104.5 11.75 1.2
    endloop
  endfacet
  facet normal 0 0 1
    outer loop
      vertex 104.5 6.25 1.2
      vertex 101.5 11.75 1.2
      vertex 101.5 6.25 1.2
    endloop
  endfacet
  facet normal 0 0 1
    outer loop
      vertex 104.5 11.75 1.2
      vertex 107.5 15 1.2
      vertex 104.5 12.95 1.2
    endloop
  endfacet
  facet normal -0 0 1
    outer loop
      vertex 101.5 15 1.2
      vertex 104.5 12.95 1.2
      vertex 107.5 15 1.2
    endloop
  endfacet
  facet normal 0 0 1
    outer loop
      vertex 104.5 12.95 1.2
      vertex 101.5 15 1.2
      vertex 101.5 12.95 1.2
    endloop
  endfacet
  facet normal 0 0 1
    outer loop
      vertex 104.5 6.25 1.2
      vertex 107.5 15 1.2
      vertex 104.5 11.75 1.2
    endloop
  endfacet
  facet normal 0 0 1
    outer loop
      vertex 107.5 15 1.2
      vertex 104.5 6.25 1.2
      vertex 107.5 2 1.2
    endloop
  endfacet
  facet normal -0 0 1
    outer loop
      vertex 104.5 5.05 1.2
      vertex 107.5 2 1.2
      vertex 104.5 6.25 1.2
    endloop
  endfacet
  facet normal 0 0 1
    outer loop
      vertex 101.5 2 1.2
      vertex 104.5 5.05 1.2
      vertex 101.5 5.05 1.2
    endloop
  endfacet
  facet normal 0 0 1
    outer loop
      vertex 104.5 5.05 1.2
      vertex 101.5 2 1.2
      vertex 107.5 2 1.2
    endloop
  endfacet
  facet normal -0 0 1
    outer loop
      vertex 101.5 -6.25 1.2
      vertex 104.5 -11.75 1.2
      vertex 104.5 -6.25 1.2
    endloop
  endfacet
  facet normal 0 0 1
    outer loop
      vertex 104.5 -11.75 1.2
      vertex 101.5 -6.25 1.2
      vertex 101.5 -11.75 1.2
    endloop
  endfacet
  facet normal 0 0 1
    outer loop
      vertex 104.5 -6.25 1.2
      vertex 107.5 -2 1.2
      vertex 104.5 -5.05 1.2
    endloop
  endfacet
  facet normal -0 0 1
    outer loop
      vertex 101.5 -2 1.2
      vertex 104.5 -5.05 1.2
      vertex 107.5 -2 1.2
    endloop
  endfacet
  facet normal 0 0 1
    outer loop
      vertex 104.5 -5.05 1.2
      vertex 101.5 -2 1.2
      vertex 101.5 -5.05 1.2
    endloop
  endfacet
  facet normal 0 0 1
    outer loop
      vertex 107.5 -2 1.2
      vertex 104.5 -6.25 1.2
      vertex 107.5 -15 1.2
    endloop
  endfacet
  facet normal -0 0 1
    outer loop
      vertex 104.5 -11.75 1.2
      vertex 107.5 -15 1.2
      vertex 104.5 -6.25 1.2
    endloop
  endfacet
  facet normal -0 0 1
    outer loop
      vertex 104.5 -12.95 1.2
      vertex 107.5 -15 1.2
      vertex 104.5 -11.75 1.2
    endloop
  endfacet
  facet normal 0 0 1
    outer loop
      vertex 101.5 -15 1.2
      vertex 104.5 -12.95 1.2
      vertex 101.5 -12.95 1.2
    endloop
  endfacet
  facet normal 0 0 1
    outer loop
      vertex 104.5 -12.95 1.2
      vertex 101.5 -15 1.2
      vertex 107.5 -15 1.2
    endloop
  endfacet
  facet normal -1 0 0
    outer loop
      vertex 101.5 12.95 0
      vertex 101.5 15 1.2
      vertex 101.5 15 0
    endloop
  endfacet
  facet normal -1 -0 0
    outer loop
      vertex 101.5 15 1.2
      vertex 101.5 12.95 0
      vertex 101.5 12.95 1.2
    endloop
  endfacet
  facet normal -1 0 0
    outer loop
      vertex 101.5 -15 0
      vertex 101.5 -12.95 1.2
      vertex 101.5 -12.95 0
    endloop
  endfacet
  facet normal -1 -0 0
    outer loop
      vertex 101.5 -12.95 1.2
      vertex 101.5 -15 0
      vertex 101.5 -15 1.2
    endloop
  endfacet
  facet normal -1 0 0
    outer loop
      vertex 101.5 2 0
      vertex 101.5 5.05 1.2
      vertex 101.5 5.05 0
    endloop
  endfacet
  facet normal -1 -0 0
    outer loop
      vertex 101.5 5.05 1.2
      vertex 101.5 2 0
      vertex 101.5 2 1.2
    endloop
  endfacet
  facet normal -1 0 0
    outer loop
      vertex 101.5 -5.05 0
      vertex 101.5 -2 1.2
      vertex 101.5 -2 0
    endloop
  endfacet
  facet normal -1 -0 0
    outer loop
      vertex 101.5 -2 1.2
      vertex 101.5 -5.05 0
      vertex 101.5 -5.05 1.2
    endloop
  endfacet
  facet normal -1 0 0
    outer loop
      vertex 101.5 -11.75 0
      vertex 101.5 -6.25 1.2
      vertex 101.5 -6.25 0
    endloop
  endfacet
  facet normal -1 -0 0
    outer loop
      vertex 101.5 -6.25 1.2
      vertex 101.5 -11.75 0
      vertex 101.5 -11.75 1.2
    endloop
  endfacet
  facet normal -1 0 0
    outer loop
      vertex 101.5 6.25 0
      vertex 101.5 11.75 1.2
      vertex 101.5 11.75 0
    endloop
  endfacet
  facet normal -1 -0 0
    outer loop
      vertex 101.5 11.75 1.2
      vertex 101.5 6.25 0
      vertex 101.5 6.25 1.2
    endloop
  endfacet
  facet normal -1 0 0
    outer loop
      vertex 104.7 -8.58058 19.8941
      vertex 104.7 -6.94421 19.6743
      vertex 104.7 -6.97462 19.5345
    endloop
  endfacet
  facet normal -1 0 0
    outer loop
      vertex 104.7 -8.60058 19.767
      vertex 104.7 -6.97462 19.5345
      vertex 104.7 -7.01221 19.3981
    endloop
  endfacet
  facet normal -1 0 0
    outer loop
      vertex 104.7 -8.60058 19.767
      vertex 104.7 -7.01221 19.3981
      vertex 104.7 -7.05701 19.2651
    endloop
  endfacet
  facet normal -1 0 0
    outer loop
      vertex 104.7 -8.62652 19.6471
      vertex 104.7 -7.05701 19.2651
      vertex 104.7 -7.10899 19.1357
    endloop
  endfacet
  facet normal -1 0 0
    outer loop
      vertex 104.7 -8.62652 19.6471
      vertex 104.7 -7.10899 19.1357
      vertex 104.7 -7.16817 19.0098
    endloop
  endfacet
  facet normal -1 0 0
    outer loop
      vertex 104.7 -8.65842 19.5343
      vertex 104.7 -7.16817 19.0098
      vertex 104.7 -7.23454 18.8873
    endloop
  endfacet
  facet normal -1 0 0
    outer loop
      vertex 104.7 -8.65842 19.5343
      vertex 104.7 -7.23454 18.8873
      vertex 104.7 -7.30811 18.7684
    endloop
  endfacet
  facet normal -1 0 0
    outer loop
      vertex 104.7 -8.69628 19.4288
      vertex 104.7 -7.30811 18.7684
      vertex 104.7 -7.38886 18.6529
    endloop
  endfacet
  facet normal -1 0 0
    outer loop
      vertex 104.7 -8.69628 19.4288
      vertex 104.7 -7.38886 18.6529
      vertex 104.7 -7.47615 18.542
    endloop
  endfacet
  facet normal -1 0 0
    outer loop
      vertex 104.7 -8.7401 19.3304
      vertex 104.7 -7.47615 18.542
      vertex 104.7 -7.56934 18.4369
    endloop
  endfacet
  facet normal -1 0 0
    outer loop
      vertex 104.7 -8.78986 19.2392
      vertex 104.7 -7.56934 18.4369
      vertex 104.7 -7.66842 18.3376
    endloop
  endfacet
  facet normal -1 0 0
    outer loop
      vertex 104.7 -8.78986 19.2392
      vertex 104.7 -7.66842 18.3376
      vertex 104.7 -7.77338 18.2439
    endloop
  endfacet
  facet normal -1 0 0
    outer loop
      vertex 104.7 -8.8456 19.1552
      vertex 104.7 -7.77338 18.2439
      vertex 104.7 -7.88421 18.156
    endloop
  endfacet
  facet normal -1 0 0
    outer loop
      vertex 104.7 -8.8456 19.1552
      vertex 104.7 -7.88421 18.156
      vertex 104.7 -8.00094 18.0739
    endloop
  endfacet
  facet normal -1 0 0
    outer loop
      vertex 104.7 -8.90728 19.0784
      vertex 104.7 -8.00094 18.0739
      vertex 104.7 -8.12355 17.9974
    endloop
  endfacet
  facet normal -1 0 0
    outer loop
      vertex 104.7 -8.97493 19.0088
      vertex 104.7 -8.12355 17.9974
      vertex 104.7 -8.25206 17.9267
    endloop
  endfacet
  facet normal -1 0 0
    outer loop
      vertex 104.7 -9.04744 18.9465
      vertex 104.7 -8.25206 17.9267
      vertex 104.7 -8.38645 17.8618
    endloop
  endfacet
  facet normal -1 0 0
    outer loop
      vertex 104.7 -9.04744 18.9465
      vertex 104.7 -8.38645 17.8618
      vertex 104.7 -8.52565 17.8031
    endloop
  endfacet
  facet normal -1 0 0
    outer loop
      vertex 104.7 -7.47615 18.542
      vertex 104.7 -8.7401 19.3304
      vertex 104.7 -8.69628 19.4288
    endloop
  endfacet
  facet normal -1 0 0
    outer loop
      vertex 104.7 -6.94421 19.6743
      vertex 104.7 -8.58058 19.8941
      vertex 104.7 -6.92101 19.8177
    endloop
  endfacet
  facet normal -1 0 0
    outer loop
      vertex 104.7 -6.97462 19.5345
      vertex 104.7 -8.60058 19.767
      vertex 104.7 -8.58058 19.8941
    endloop
  endfacet
  facet normal -1 0 0
    outer loop
      vertex 104.7 -7.05701 19.2651
      vertex 104.7 -8.62652 19.6471
      vertex 104.7 -8.60058 19.767
    endloop
  endfacet
  facet normal -1 0 0
    outer loop
      vertex 104.7 -9.12374 18.8915
      vertex 104.7 -8.52565 17.8031
      vertex 104.7 -8.66863 17.7514
    endloop
  endfacet
  facet normal -1 0 0
    outer loop
      vertex 104.7 -7.16817 19.0098
      vertex 104.7 -8.65842 19.5343
      vertex 104.7 -8.62652 19.6471
    endloop
  endfacet
  facet normal -1 0 0
    outer loop
      vertex 104.7 -7.30811 18.7684
      vertex 104.7 -8.69628 19.4288
      vertex 104.7 -8.65842 19.5343
    endloop
  endfacet
  facet normal -1 0 0
    outer loop
      vertex 104.7 -7.56934 18.4369
      vertex 104.7 -8.78986 19.2392
      vertex 104.7 -8.7401 19.3304
    endloop
  endfacet
  facet normal -1 0 0
    outer loop
      vertex 104.7 -9.2038 18.8438
      vertex 104.7 -8.66863 17.7514
      vertex 104.7 -8.81538 17.7066
    endloop
  endfacet
  facet normal -1 0 0
    outer loop
      vertex 104.7 -7.77338 18.2439
      vertex 104.7 -8.8456 19.1552
      vertex 104.7 -8.78986 19.2392
    endloop
  endfacet
  facet normal -1 0 0
    outer loop
      vertex 104.7 -8.00094 18.0739
      vertex 104.7 -8.90728 19.0784
      vertex 104.7 -8.8456 19.1552
    endloop
  endfacet
  facet normal -1 0 0
    outer loop
      vertex 104.7 -9.28765 18.8035
      vertex 104.7 -8.81538 17.7066
      vertex 104.7 -8.96592 17.6686
    endloop
  endfacet
  facet normal -1 0 0
    outer loop
      vertex 104.7 -8.12355 17.9974
      vertex 104.7 -8.97493 19.0088
      vertex 104.7 -8.90728 19.0784
    endloop
  endfacet
  facet normal -1 0 0
    outer loop
      vertex 104.7 -8.25206 17.9267
      vertex 104.7 -9.04744 18.9465
      vertex 104.7 -8.97493 19.0088
    endloop
  endfacet
  facet normal -1 0 0
    outer loop
      vertex 104.7 -9.37527 18.7705
      vertex 104.7 -8.96592 17.6686
      vertex 104.7 -9.12023 17.6376
    endloop
  endfacet
  facet normal -1 0 0
    outer loop
      vertex 104.7 -8.52565 17.8031
      vertex 104.7 -9.12374 18.8915
      vertex 104.7 -9.04744 18.9465
    endloop
  endfacet
  facet normal -1 0 0
    outer loop
      vertex 104.7 -8.66863 17.7514
      vertex 104.7 -9.2038 18.8438
      vertex 104.7 -9.12374 18.8915
    endloop
  endfacet
  facet normal -1 0 0
    outer loop
      vertex 104.7 -9.46667 18.7448
      vertex 104.7 -9.12023 17.6376
      vertex 104.7 -9.27831 17.6134
    endloop
  endfacet
  facet normal -1 0 0
    outer loop
      vertex 104.7 -8.81538 17.7066
      vertex 104.7 -9.28765 18.8035
      vertex 104.7 -9.2038 18.8438
    endloop
  endfacet
  facet normal -1 0 0
    outer loop
      vertex 104.7 -8.96592 17.6686
      vertex 104.7 -9.37527 18.7705
      vertex 104.7 -9.28765 18.8035
    endloop
  endfacet
  facet normal -1 0 0
    outer loop
      vertex 104.7 -9.56184 18.7265
      vertex 104.7 -9.27831 17.6134
      vertex 104.7 -9.44019 17.5962
    endloop
  endfacet
  facet normal -1 0 0
    outer loop
      vertex 104.7 -9.12023 17.6376
      vertex 104.7 -9.46667 18.7448
      vertex 104.7 -9.37527 18.7705
    endloop
  endfacet
  facet normal -1 0 0
    outer loop
      vertex 104.7 -9.27831 17.6134
      vertex 104.7 -9.56184 18.7265
      vertex 104.7 -9.46667 18.7448
    endloop
  endfacet
  facet normal -1 0 0
    outer loop
      vertex 104.7 -9.6608 18.7155
      vertex 104.7 -9.44019 17.5962
      vertex 104.7 -9.60583 17.5858
    endloop
  endfacet
  facet normal -1 0 0
    outer loop
      vertex 104.7 -9.44019 17.5962
      vertex 104.7 -9.6608 18.7155
      vertex 104.7 -9.56184 18.7265
    endloop
  endfacet
  facet normal -1 0 0
    outer loop
      vertex 104.7 -9.60583 17.5858
      vertex 104.7 -9.76353 18.7118
      vertex 104.7 -9.6608 18.7155
    endloop
  endfacet
  facet normal -1 0 0
    outer loop
      vertex 104.7 -9.77525 17.5824
      vertex 104.7 -9.76353 18.7118
      vertex 104.7 -9.60583 17.5858
    endloop
  endfacet
  facet normal -1 0 0
    outer loop
      vertex 104.7 -10.0888 17.593
      vertex 104.7 -9.76353 18.7118
      vertex 104.7 -9.77525 17.5824
    endloop
  endfacet
  facet normal -1 -0 0
    outer loop
      vertex 104.7 -9.76353 18.7118
      vertex 104.7 -10.0888 17.593
      vertex 104.7 -10.0365 18.739
    endloop
  endfacet
  facet normal -1 0 0
    outer loop
      vertex 104.7 -10.3861 17.6249
      vertex 104.7 -10.0365 18.739
      vertex 104.7 -10.0888 17.593
    endloop
  endfacet
  facet normal -1 -0 0
    outer loop
      vertex 104.7 -10.0365 18.739
      vertex 104.7 -10.3861 17.6249
      vertex 104.7 -10.2773 18.8204
    endloop
  endfacet
  facet normal -1 0 0
    outer loop
      vertex 104.7 -10.6672 17.6781
      vertex 104.7 -10.2773 18.8204
      vertex 104.7 -10.3861 17.6249
    endloop
  endfacet
  facet normal -1 0 0
    outer loop
      vertex 104.7 -10.9319 17.7526
      vertex 104.7 -10.2773 18.8204
      vertex 104.7 -10.6672 17.6781
    endloop
  endfacet
  facet normal -1 -0 0
    outer loop
      vertex 104.7 -10.2773 18.8204
      vertex 104.7 -10.9319 17.7526
      vertex 104.7 -10.4861 18.9562
    endloop
  endfacet
  facet normal -1 0 0
    outer loop
      vertex 104.7 -11.1804 17.8483
      vertex 104.7 -10.4861 18.9562
      vertex 104.7 -10.9319 17.7526
    endloop
  endfacet
  facet normal -1 0 0
    outer loop
      vertex 104.7 -11.4126 17.9654
      vertex 104.7 -10.4861 18.9562
      vertex 104.7 -11.1804 17.8483
    endloop
  endfacet
  facet normal -1 -0 0
    outer loop
      vertex 104.7 -10.4861 18.9562
      vertex 104.7 -11.4126 17.9654
      vertex 104.7 -10.6627 19.1464
    endloop
  endfacet
  facet normal -1 0 0
    outer loop
      vertex 104.7 -11.6286 18.1037
      vertex 104.7 -10.6627 19.1464
      vertex 104.7 -11.4126 17.9654
    endloop
  endfacet
  facet normal -1 0 0
    outer loop
      vertex 104.7 -11.8282 18.2632
      vertex 104.7 -10.6627 19.1464
      vertex 104.7 -11.6286 18.1037
    endloop
  endfacet
  facet normal -1 -0 0
    outer loop
      vertex 104.7 -10.6627 19.1464
      vertex 104.7 -11.8282 18.2632
      vertex 104.7 -10.8072 19.3908
    endloop
  endfacet
  facet normal -1 0 0
    outer loop
      vertex 104.7 -12.0116 18.4441
      vertex 104.7 -10.8072 19.3908
      vertex 104.7 -11.8282 18.2632
    endloop
  endfacet
  facet normal -1 0 0
    outer loop
      vertex 104.7 -12.1771 18.644
      vertex 104.7 -10.8072 19.3908
      vertex 104.7 -12.0116 18.4441
    endloop
  endfacet
  facet normal -1 0 -0
    outer loop
      vertex 104.7 -12.7904 21.1888
      vertex 104.7 -11.0641 20.9118
      vertex 104.7 -12.8002 20.8471
    endloop
  endfacet
  facet normal -1 0 0
    outer loop
      vertex 104.7 -12.3231 18.8607
      vertex 104.7 -10.8072 19.3908
      vertex 104.7 -12.1771 18.644
    endloop
  endfacet
  facet normal -1 0 -0
    outer loop
      vertex 104.7 -12.761 21.5133
      vertex 104.7 -11.0641 20.9118
      vertex 104.7 -12.7904 21.1888
    endloop
  endfacet
  facet normal -1 -0 0
    outer loop
      vertex 104.7 -10.8072 19.3908
      vertex 104.7 -12.3231 18.8607
      vertex 104.7 -10.9196 19.6896
    endloop
  endfacet
  facet normal -1 0 -0
    outer loop
      vertex 104.7 -12.7119 21.8206
      vertex 104.7 -11.0641 20.9118
      vertex 104.7 -12.761 21.5133
    endloop
  endfacet
  facet normal -1 0 0
    outer loop
      vertex 104.7 -12.4497 19.0941
      vertex 104.7 -10.9196 19.6896
      vertex 104.7 -12.3231 18.8607
    endloop
  endfacet
  facet normal -1 0 -0
    outer loop
      vertex 104.7 -12.555 22.3836
      vertex 104.7 -11.0641 20.9118
      vertex 104.7 -12.6433 22.1107
    endloop
  endfacet
  facet normal -1 0 0
    outer loop
      vertex 104.7 -12.5568 19.3444
      vertex 104.7 -10.9196 19.6896
      vertex 104.7 -12.4497 19.0941
    endloop
  endfacet
  facet normal -1 0 -0
    outer loop
      vertex 104.7 -12.4471 22.6392
      vertex 104.7 -11.0641 20.9118
      vertex 104.7 -12.555 22.3836
    endloop
  endfacet
  facet normal -1 -0 0
    outer loop
      vertex 104.7 -10.9196 19.6896
      vertex 104.7 -12.5568 19.3444
      vertex 104.7 -10.9999 20.0427
    endloop
  endfacet
  facet normal -1 0 0
    outer loop
      vertex 104.7 -11.0641 20.9118
      vertex 104.7 -11.4022 23.7915
      vertex 104.7 -11.1682 23.911
    endloop
  endfacet
  facet normal -1 0 0
    outer loop
      vertex 104.7 -12.6444 19.6114
      vertex 104.7 -10.9999 20.0427
      vertex 104.7 -12.5568 19.3444
    endloop
  endfacet
  facet normal -1 0 0
    outer loop
      vertex 104.7 -11.0641 20.9118
      vertex 104.7 -11.6198 23.6504
      vertex 104.7 -11.4022 23.7915
    endloop
  endfacet
  facet normal -1 0 0
    outer loop
      vertex 104.7 -12.7126 19.8951
      vertex 104.7 -10.9999 20.0427
      vertex 104.7 -12.6444 19.6114
    endloop
  endfacet
  facet normal -1 0 0
    outer loop
      vertex 104.7 -11.0641 20.9118
      vertex 104.7 -11.821 23.4875
      vertex 104.7 -11.6198 23.6504
    endloop
  endfacet
  facet normal -1 -0 0
    outer loop
      vertex 104.7 -10.9999 20.0427
      vertex 104.7 -12.7126 19.8951
      vertex 104.7 -11.048 20.4501
    endloop
  endfacet
  facet normal -1 0 0
    outer loop
      vertex 104.7 -11.0641 20.9118
      vertex 104.7 -12.0058 23.303
      vertex 104.7 -11.821 23.4875
    endloop
  endfacet
  facet normal -1 0 0
    outer loop
      vertex 104.7 -12.7613 20.1957
      vertex 104.7 -11.048 20.4501
      vertex 104.7 -12.7126 19.8951
    endloop
  endfacet
  facet normal -1 0 0
    outer loop
      vertex 104.7 -11.0641 20.9118
      vertex 104.7 -12.4471 22.6392
      vertex 104.7 -12.3196 22.8777
    endloop
  endfacet
  facet normal -1 0 0
    outer loop
      vertex 104.7 -12.7905 20.513
      vertex 104.7 -11.048 20.4501
      vertex 104.7 -12.7613 20.1957
    endloop
  endfacet
  facet normal -1 0 0
    outer loop
      vertex 104.7 -11.0641 20.9118
      vertex 104.7 -12.1725 23.0989
      vertex 104.7 -12.0058 23.303
    endloop
  endfacet
  facet normal -1 0 0
    outer loop
      vertex 104.7 -11.048 20.4501
      vertex 104.7 -12.7905 20.513
      vertex 104.7 -11.0641 20.9118
    endloop
  endfacet
  facet normal -1 0 0
    outer loop
      vertex 104.7 -11.0641 20.9118
      vertex 104.7 -12.3196 22.8777
      vertex 104.7 -12.1725 23.0989
    endloop
  endfacet
  facet normal -1 0 0
    outer loop
      vertex 104.7 -11.0641 20.9118
      vertex 104.7 -12.7905 20.513
      vertex 104.7 -12.8002 20.8471
    endloop
  endfacet
  facet normal -1 0 -0
    outer loop
      vertex 104.7 -12.6433 22.1107
      vertex 104.7 -11.0641 20.9118
      vertex 104.7 -12.7119 21.8206
    endloop
  endfacet
  facet normal -1 0 0
    outer loop
      vertex 104.7 -8.6336 21.9765
      vertex 104.7 -7.01674 22.2745
      vertex 104.7 -6.96813 22.0589
    endloop
  endfacet
  facet normal -1 -0 0
    outer loop
      vertex 104.7 -7.01674 22.2745
      vertex 104.7 -8.6336 21.9765
      vertex 104.7 -7.07886 22.4795
    endloop
  endfacet
  facet normal -1 0 0
    outer loop
      vertex 104.7 -8.6519 22.0826
      vertex 104.7 -7.07886 22.4795
      vertex 104.7 -8.6336 21.9765
    endloop
  endfacet
  facet normal -1 0 0
    outer loop
      vertex 104.7 -8.67544 22.1838
      vertex 104.7 -7.1545 22.6739
      vertex 104.7 -8.6519 22.0826
    endloop
  endfacet
  facet normal -1 -0 0
    outer loop
      vertex 104.7 -7.1545 22.6739
      vertex 104.7 -8.67544 22.1838
      vertex 104.7 -7.24365 22.8577
    endloop
  endfacet
  facet normal -1 -0 0
    outer loop
      vertex 104.7 -7.24365 22.8577
      vertex 104.7 -8.7042 22.2801
      vertex 104.7 -7.34631 23.0309
    endloop
  endfacet
  facet normal -1 0 0
    outer loop
      vertex 104.7 -8.73819 22.3716
      vertex 104.7 -7.34631 23.0309
      vertex 104.7 -8.7042 22.2801
    endloop
  endfacet
  facet normal -1 0 0
    outer loop
      vertex 104.7 -8.77741 22.4582
      vertex 104.7 -7.46249 23.1935
      vertex 104.7 -8.73819 22.3716
    endloop
  endfacet
  facet normal -1 -0 0
    outer loop
      vertex 104.7 -7.46249 23.1935
      vertex 104.7 -8.77741 22.4582
      vertex 104.7 -7.59218 23.3455
    endloop
  endfacet
  facet normal -1 -0 0
    outer loop
      vertex 104.7 -7.59218 23.3455
      vertex 104.7 -8.82187 22.5399
      vertex 104.7 -7.7354 23.4869
    endloop
  endfacet
  facet normal -1 0 0
    outer loop
      vertex 104.7 -8.87157 22.6168
      vertex 104.7 -7.7354 23.4869
      vertex 104.7 -8.82187 22.5399
    endloop
  endfacet
  facet normal -1 0 0
    outer loop
      vertex 104.7 -8.92649 22.6888
      vertex 104.7 -7.89212 23.6177
      vertex 104.7 -8.87157 22.6168
    endloop
  endfacet
  facet normal -1 -0 0
    outer loop
      vertex 104.7 -7.07886 22.4795
      vertex 104.7 -8.6519 22.0826
      vertex 104.7 -7.1545 22.6739
    endloop
  endfacet
  facet normal -1 0 0
    outer loop
      vertex 104.7 -8.7042 22.2801
      vertex 104.7 -7.24365 22.8577
      vertex 104.7 -8.67544 22.1838
    endloop
  endfacet
  facet normal -1 -0 0
    outer loop
      vertex 104.7 -7.34631 23.0309
      vertex 104.7 -8.73819 22.3716
      vertex 104.7 -7.46249 23.1935
    endloop
  endfacet
  facet normal -1 0 0
    outer loop
      vertex 104.7 -8.82187 22.5399
      vertex 104.7 -7.59218 23.3455
      vertex 104.7 -8.77741 22.4582
    endloop
  endfacet
  facet normal -1 -0 0
    outer loop
      vertex 104.7 -7.7354 23.4869
      vertex 104.7 -8.87157 22.6168
      vertex 104.7 -7.89212 23.6177
    endloop
  endfacet
  facet normal -1 -0 0
    outer loop
      vertex 104.7 -7.89212 23.6177
      vertex 104.7 -8.92649 22.6888
      vertex 104.7 -8.06039 23.7362
    endloop
  endfacet
  facet normal -1 0 0
    outer loop
      vertex 104.7 -8.98664 22.7559
      vertex 104.7 -8.06039 23.7362
      vertex 104.7 -8.92649 22.6888
    endloop
  endfacet
  facet normal -1 -0 0
    outer loop
      vertex 104.7 -8.06039 23.7362
      vertex 104.7 -8.98664 22.7559
      vertex 104.7 -8.23823 23.8408
    endloop
  endfacet
  facet normal -1 0 0
    outer loop
      vertex 104.7 -9.05232 22.8171
      vertex 104.7 -8.23823 23.8408
      vertex 104.7 -8.98664 22.7559
    endloop
  endfacet
  facet normal -1 -0 0
    outer loop
      vertex 104.7 -8.23823 23.8408
      vertex 104.7 -9.05232 22.8171
      vertex 104.7 -8.42567 23.9314
    endloop
  endfacet
  facet normal -1 0 0
    outer loop
      vertex 104.7 -9.12382 22.871
      vertex 104.7 -8.42567 23.9314
      vertex 104.7 -9.05232 22.8171
    endloop
  endfacet
  facet normal -1 -0 0
    outer loop
      vertex 104.7 -8.42567 23.9314
      vertex 104.7 -9.12382 22.871
      vertex 104.7 -8.62271 24.0081
    endloop
  endfacet
  facet normal -1 0 0
    outer loop
      vertex 104.7 -9.20113 22.9177
      vertex 104.7 -8.62271 24.0081
      vertex 104.7 -9.12382 22.871
    endloop
  endfacet
  facet normal -1 -0 0
    outer loop
      vertex 104.7 -8.62271 24.0081
      vertex 104.7 -9.20113 22.9177
      vertex 104.7 -8.82932 24.0708
    endloop
  endfacet
  facet normal -1 0 0
    outer loop
      vertex 104.7 -9.28425 22.9573
      vertex 104.7 -8.82932 24.0708
      vertex 104.7 -9.20113 22.9177
    endloop
  endfacet
  facet normal -1 -0 0
    outer loop
      vertex 104.7 -8.82932 24.0708
      vertex 104.7 -9.28425 22.9573
      vertex 104.7 -9.04554 24.1196
    endloop
  endfacet
  facet normal -1 0 0
    outer loop
      vertex 104.7 -9.37318 22.9896
      vertex 104.7 -9.04554 24.1196
      vertex 104.7 -9.28425 22.9573
    endloop
  endfacet
  facet normal -1 -0 0
    outer loop
      vertex 104.7 -9.04554 24.1196
      vertex 104.7 -9.37318 22.9896
      vertex 104.7 -9.27135 24.1545
    endloop
  endfacet
  facet normal -1 0 0
    outer loop
      vertex 104.7 -9.46793 23.0148
      vertex 104.7 -9.27135 24.1545
      vertex 104.7 -9.37318 22.9896
    endloop
  endfacet
  facet normal -1 0 0
    outer loop
      vertex 104.7 -9.56849 23.0328
      vertex 104.7 -9.27135 24.1545
      vertex 104.7 -9.46793 23.0148
    endloop
  endfacet
  facet normal -1 -0 0
    outer loop
      vertex 104.7 -9.27135 24.1545
      vertex 104.7 -9.56849 23.0328
      vertex 104.7 -9.50674 24.1754
    endloop
  endfacet
  facet normal -1 0 0
    outer loop
      vertex 104.7 -9.67486 23.0436
      vertex 104.7 -9.50674 24.1754
      vertex 104.7 -9.56849 23.0328
    endloop
  endfacet
  facet normal -1 0 0
    outer loop
      vertex 104.7 -9.67486 23.0436
      vertex 104.7 -9.75174 24.1824
      vertex 104.7 -9.50674 24.1754
    endloop
  endfacet
  facet normal -1 0 0
    outer loop
      vertex 104.7 -9.78705 23.0472
      vertex 104.7 -9.75174 24.1824
      vertex 104.7 -9.67486 23.0436
    endloop
  endfacet
  facet normal -1 0 0
    outer loop
      vertex 104.7 -10.0679 24.1715
      vertex 104.7 -9.78705 23.0472
      vertex 104.7 -10.0551 23.0208
    endloop
  endfacet
  facet normal -1 0 0
    outer loop
      vertex 104.7 -9.78705 23.0472
      vertex 104.7 -10.0679 24.1715
      vertex 104.7 -9.75174 24.1824
    endloop
  endfacet
  facet normal -1 0 0
    outer loop
      vertex 104.7 -10.3676 24.139
      vertex 104.7 -10.0551 23.0208
      vertex 104.7 -10.2916 22.9417
    endloop
  endfacet
  facet normal -1 0 0
    outer loop
      vertex 104.7 -10.0551 23.0208
      vertex 104.7 -10.3676 24.139
      vertex 104.7 -10.0679 24.1715
    endloop
  endfacet
  facet normal -1 0 0
    outer loop
      vertex 104.7 -10.9177 24.0087
      vertex 104.7 -10.2916 22.9417
      vertex 104.7 -10.4965 22.8099
    endloop
  endfacet
  facet normal -1 0 0
    outer loop
      vertex 104.7 -10.2916 22.9417
      vertex 104.7 -10.6509 24.0847
      vertex 104.7 -10.3676 24.139
    endloop
  endfacet
  facet normal -1 0 0
    outer loop
      vertex 104.7 -11.1682 23.911
      vertex 104.7 -10.4965 22.8099
      vertex 104.7 -10.6699 22.6254
    endloop
  endfacet
  facet normal -1 0 0
    outer loop
      vertex 104.7 -11.1682 23.911
      vertex 104.7 -10.6699 22.6254
      vertex 104.7 -10.8118 22.3881
    endloop
  endfacet
  facet normal -1 0 0
    outer loop
      vertex 104.7 -10.2916 22.9417
      vertex 104.7 -10.9177 24.0087
      vertex 104.7 -10.6509 24.0847
    endloop
  endfacet
  facet normal -1 0 0
    outer loop
      vertex 104.7 -11.1682 23.911
      vertex 104.7 -10.8118 22.3881
      vertex 104.7 -10.9222 22.0981
    endloop
  endfacet
  facet normal -1 0 0
    outer loop
      vertex 104.7 -11.1682 23.911
      vertex 104.7 -10.9222 22.0981
      vertex 104.7 -11.001 21.7554
    endloop
  endfacet
  facet normal -1 0 0
    outer loop
      vertex 104.7 -11.1682 23.911
      vertex 104.7 -11.001 21.7554
      vertex 104.7 -11.0483 21.36
    endloop
  endfacet
  facet normal -1 0 0
    outer loop
      vertex 104.7 -10.4965 22.8099
      vertex 104.7 -11.1682 23.911
      vertex 104.7 -10.9177 24.0087
    endloop
  endfacet
  facet normal -1 0 0
    outer loop
      vertex 104.7 -11.1682 23.911
      vertex 104.7 -11.0483 21.36
      vertex 104.7 -11.0641 20.9118
    endloop
  endfacet
  facet normal -1 0 0
    outer loop
      vertex 104.7 -2.08725 19.447
      vertex 104.7 -0.695281 18.9488
      vertex 104.7 -0.897345 18.6286
    endloop
  endfacet
  facet normal -1 0 0
    outer loop
      vertex 104.7 -2.14623 19.2878
      vertex 104.7 -0.897345 18.6286
      vertex 104.7 -1.13384 18.351
    endloop
  endfacet
  facet normal -1 0 0
    outer loop
      vertex 104.7 -2.22121 19.1473
      vertex 104.7 -1.13384 18.351
      vertex 104.7 -1.40477 18.1161
    endloop
  endfacet
  facet normal -1 0 0
    outer loop
      vertex 104.7 -2.31216 19.0255
      vertex 104.7 -1.40477 18.1161
      vertex 104.7 -1.71015 17.924
    endloop
  endfacet
  facet normal -1 0 0
    outer loop
      vertex 104.7 -2.4191 18.9225
      vertex 104.7 -1.71015 17.924
      vertex 104.7 -2.04996 17.7745
    endloop
  endfacet
  facet normal -1 0 0
    outer loop
      vertex 104.7 -1.13384 18.351
      vertex 104.7 -2.22121 19.1473
      vertex 104.7 -2.14623 19.2878
    endloop
  endfacet
  facet normal -1 0 0
    outer loop
      vertex 104.7 -0.695281 18.9488
      vertex 104.7 -2.08725 19.447
      vertex 104.7 -0.527648 19.3118
    endloop
  endfacet
  facet normal -1 0 0
    outer loop
      vertex 104.7 -0.897345 18.6286
      vertex 104.7 -2.14623 19.2878
      vertex 104.7 -2.08725 19.447
    endloop
  endfacet
  facet normal -1 0 0
    outer loop
      vertex 104.7 -1.40477 18.1161
      vertex 104.7 -2.31216 19.0255
      vertex 104.7 -2.22121 19.1473
    endloop
  endfacet
  facet normal -1 0 0
    outer loop
      vertex 104.7 -1.71015 17.924
      vertex 104.7 -2.4191 18.9225
      vertex 104.7 -2.31216 19.0255
    endloop
  endfacet
  facet normal -1 0 0
    outer loop
      vertex 104.7 -2.68094 18.7726
      vertex 104.7 -2.04996 17.7745
      vertex 104.7 -2.42421 17.6678
    endloop
  endfacet
  facet normal -1 0 0
    outer loop
      vertex 104.7 -2.04996 17.7745
      vertex 104.7 -2.54203 18.8382
      vertex 104.7 -2.4191 18.9225
    endloop
  endfacet
  facet normal -1 0 0
    outer loop
      vertex 104.7 -2.04996 17.7745
      vertex 104.7 -2.68094 18.7726
      vertex 104.7 -2.54203 18.8382
    endloop
  endfacet
  facet normal -1 0 0
    outer loop
      vertex 104.7 -2.83583 18.7257
      vertex 104.7 -2.42421 17.6678
      vertex 104.7 -2.83289 17.6037
    endloop
  endfacet
  facet normal -1 0 0
    outer loop
      vertex 104.7 -2.42421 17.6678
      vertex 104.7 -2.83583 18.7257
      vertex 104.7 -2.68094 18.7726
    endloop
  endfacet
  facet normal -1 0 0
    outer loop
      vertex 104.7 -2.83289 17.6037
      vertex 104.7 -3.00671 18.6976
      vertex 104.7 -2.83583 18.7257
    endloop
  endfacet
  facet normal -1 0 0
    outer loop
      vertex 104.7 -2.83289 17.6037
      vertex 104.7 -3.19357 18.6883
      vertex 104.7 -3.00671 18.6976
    endloop
  endfacet
  facet normal -1 0 0
    outer loop
      vertex 104.7 -3.27602 17.5824
      vertex 104.7 -3.19357 18.6883
      vertex 104.7 -2.83289 17.6037
    endloop
  endfacet
  facet normal -1 0 0
    outer loop
      vertex 104.7 -3.27602 17.5824
      vertex 104.7 -3.33122 18.6941
      vertex 104.7 -3.19357 18.6883
    endloop
  endfacet
  facet normal -1 0 0
    outer loop
      vertex 104.7 -3.5869 17.5929
      vertex 104.7 -3.33122 18.6941
      vertex 104.7 -3.27602 17.5824
    endloop
  endfacet
  facet normal -1 -0 0
    outer loop
      vertex 104.7 -3.33122 18.6941
      vertex 104.7 -3.5869 17.5929
      vertex 104.7 -3.46169 18.7117
    endloop
  endfacet
  facet normal -1 -0 0
    outer loop
      vertex 104.7 -3.46169 18.7117
      vertex 104.7 -3.5869 17.5929
      vertex 104.7 -3.58494 18.7409
    endloop
  endfacet
  facet normal -1 0 0
    outer loop
      vertex 104.7 -3.88137 17.6244
      vertex 104.7 -3.58494 18.7409
      vertex 104.7 -3.5869 17.5929
    endloop
  endfacet
  facet normal -1 -0 0
    outer loop
      vertex 104.7 -3.58494 18.7409
      vertex 104.7 -3.88137 17.6244
      vertex 104.7 -3.70101 18.7818
    endloop
  endfacet
  facet normal -1 0 0
    outer loop
      vertex 104.7 -4.15943 17.6768
      vertex 104.7 -3.70101 18.7818
      vertex 104.7 -3.88137 17.6244
    endloop
  endfacet
  facet normal -1 -0 0
    outer loop
      vertex 104.7 -3.70101 18.7818
      vertex 104.7 -4.15943 17.6768
      vertex 104.7 -3.80989 18.8344
    endloop
  endfacet
  facet normal -1 0 0
    outer loop
      vertex 104.7 -4.42106 17.7503
      vertex 104.7 -3.80989 18.8344
      vertex 104.7 -4.15943 17.6768
    endloop
  endfacet
  facet normal -1 -0 0
    outer loop
      vertex 104.7 -3.80989 18.8344
      vertex 104.7 -4.42106 17.7503
      vertex 104.7 -3.91158 18.8987
    endloop
  endfacet
  facet normal -1 0 0
    outer loop
      vertex 104.7 -4.66628 17.8447
      vertex 104.7 -3.91158 18.8987
      vertex 104.7 -4.42106 17.7503
    endloop
  endfacet
  facet normal -1 -0 0
    outer loop
      vertex 104.7 -3.91158 18.8987
      vertex 104.7 -4.66628 17.8447
      vertex 104.7 -4.00606 18.9747
    endloop
  endfacet
  facet normal -1 0 0
    outer loop
      vertex 104.7 -4.89506 17.9601
      vertex 104.7 -4.00606 18.9747
      vertex 104.7 -4.66628 17.8447
    endloop
  endfacet
  facet normal -1 -0 0
    outer loop
      vertex 104.7 -4.00606 18.9747
      vertex 104.7 -4.89506 17.9601
      vertex 104.7 -4.09335 19.0624
    endloop
  endfacet
  facet normal -1 0 0
    outer loop
      vertex 104.7 -5.10744 18.0966
      vertex 104.7 -4.09335 19.0624
      vertex 104.7 -4.89506 17.9601
    endloop
  endfacet
  facet normal -1 -0 0
    outer loop
      vertex 104.7 -4.09335 19.0624
      vertex 104.7 -5.10744 18.0966
      vertex 104.7 -4.17345 19.1617
    endloop
  endfacet
  facet normal -1 0 0
    outer loop
      vertex 104.7 -5.3034 18.254
      vertex 104.7 -4.17345 19.1617
      vertex 104.7 -5.10744 18.0966
    endloop
  endfacet
  facet normal -1 -0 0
    outer loop
      vertex 104.7 -4.17345 19.1617
      vertex 104.7 -5.3034 18.254
      vertex 104.7 -4.24572 19.2726
    endloop
  endfacet
  facet normal -1 0 0
    outer loop
      vertex 104.7 -5.48294 18.4324
      vertex 104.7 -4.24572 19.2726
      vertex 104.7 -5.3034 18.254
    endloop
  endfacet
  facet normal -1 -0 0
    outer loop
      vertex 104.7 -4.24572 19.2726
      vertex 104.7 -5.48294 18.4324
      vertex 104.7 -4.30947 19.3947
    endloop
  endfacet
  facet normal -1 0 0
    outer loop
      vertex 104.7 -5.64473 18.6309
      vertex 104.7 -4.30947 19.3947
      vertex 104.7 -5.48294 18.4324
    endloop
  endfacet
  facet normal -1 0 0
    outer loop
      vertex 104.7 -6.21577 20.2261
      vertex 104.7 -4.51772 20.5648
      vertex 104.7 -4.51347 20.3638
    endloop
  endfacet
  facet normal -1 -0 0
    outer loop
      vertex 104.7 -4.30947 19.3947
      vertex 104.7 -5.64473 18.6309
      vertex 104.7 -4.36473 19.5281
    endloop
  endfacet
  facet normal -1 0 0
    outer loop
      vertex 104.7 -5.78749 18.8487
      vertex 104.7 -4.36473 19.5281
      vertex 104.7 -5.64473 18.6309
    endloop
  endfacet
  facet normal -1 0 0
    outer loop
      vertex 104.7 -4.51772 20.5648
      vertex 104.7 -6.25385 20.9118
      vertex 104.7 -6.24418 21.2531
    endloop
  endfacet
  facet normal -1 0 0
    outer loop
      vertex 104.7 -5.91122 19.0857
      vertex 104.7 -4.36473 19.5281
      vertex 104.7 -5.78749 18.8487
    endloop
  endfacet
  facet normal -1 0 0
    outer loop
      vertex 104.7 -4.51772 20.5648
      vertex 104.7 -6.24418 21.2531
      vertex 104.7 -6.21519 21.5764
    endloop
  endfacet
  facet normal -1 -0 0
    outer loop
      vertex 104.7 -4.36473 19.5281
      vertex 104.7 -5.91122 19.0857
      vertex 104.7 -4.41147 19.6727
    endloop
  endfacet
  facet normal -1 0 0
    outer loop
      vertex 104.7 -4.51772 20.5648
      vertex 104.7 -6.21519 21.5764
      vertex 104.7 -6.16688 21.8817
    endloop
  endfacet
  facet normal -1 0 0
    outer loop
      vertex 104.7 -6.01591 19.3419
      vertex 104.7 -4.41147 19.6727
      vertex 104.7 -5.91122 19.0857
    endloop
  endfacet
  facet normal -1 0 0
    outer loop
      vertex 104.7 -4.51772 20.5648
      vertex 104.7 -6.16688 21.8817
      vertex 104.7 -6.09924 22.169
    endloop
  endfacet
  facet normal -1 -0 0
    outer loop
      vertex 104.7 -4.41147 19.6727
      vertex 104.7 -6.01591 19.3419
      vertex 104.7 -4.44973 19.8286
    endloop
  endfacet
  facet normal -1 0 0
    outer loop
      vertex 104.7 -4.51772 20.5648
      vertex 104.7 -6.09924 22.169
      vertex 104.7 -6.01227 22.4383
    endloop
  endfacet
  facet normal -1 0 0
    outer loop
      vertex 104.7 -6.10157 19.6174
      vertex 104.7 -4.44973 19.8286
      vertex 104.7 -6.01591 19.3419
    endloop
  endfacet
  facet normal -1 0 0
    outer loop
      vertex 104.7 -4.51772 20.5648
      vertex 104.7 -6.01227 22.4383
      vertex 104.7 -5.90597 22.6896
    endloop
  endfacet
  facet normal -1 -0 0
    outer loop
      vertex 104.7 -4.44973 19.8286
      vertex 104.7 -6.10157 19.6174
      vertex 104.7 -4.47948 19.9958
    endloop
  endfacet
  facet normal -1 0 0
    outer loop
      vertex 104.7 -4.51772 20.5648
      vertex 104.7 -4.87675 23.8059
      vertex 104.7 -4.64637 23.921
    endloop
  endfacet
  facet normal -1 0 0
    outer loop
      vertex 104.7 -6.16819 19.9121
      vertex 104.7 -4.47948 19.9958
      vertex 104.7 -6.10157 19.6174
    endloop
  endfacet
  facet normal -1 0 0
    outer loop
      vertex 104.7 -4.51772 20.5648
      vertex 104.7 -5.09101 23.67
      vertex 104.7 -4.87675 23.8059
    endloop
  endfacet
  facet normal -1 -0 0
    outer loop
      vertex 104.7 -4.47948 19.9958
      vertex 104.7 -6.16819 19.9121
      vertex 104.7 -4.50072 20.1742
    endloop
  endfacet
  facet normal -1 0 0
    outer loop
      vertex 104.7 -4.51772 20.5648
      vertex 104.7 -5.28914 23.5131
      vertex 104.7 -5.09101 23.67
    endloop
  endfacet
  facet normal -1 0 0
    outer loop
      vertex 104.7 -6.21577 20.2261
      vertex 104.7 -4.50072 20.1742
      vertex 104.7 -6.16819 19.9121
    endloop
  endfacet
  facet normal -1 0 0
    outer loop
      vertex 104.7 -4.51772 20.5648
      vertex 104.7 -5.63541 23.1381
      vertex 104.7 -5.47114 23.3353
    endloop
  endfacet
  facet normal -1 0 0
    outer loop
      vertex 104.7 -4.50072 20.1742
      vertex 104.7 -6.21577 20.2261
      vertex 104.7 -4.51347 20.3638
    endloop
  endfacet
  facet normal -1 0 0
    outer loop
      vertex 104.7 -4.51772 20.5648
      vertex 104.7 -5.90597 22.6896
      vertex 104.7 -5.78036 22.9228
    endloop
  endfacet
  facet normal -1 0 0
    outer loop
      vertex 104.7 -4.51772 20.5648
      vertex 104.7 -6.21577 20.2261
      vertex 104.7 -6.24432 20.5594
    endloop
  endfacet
  facet normal -1 0 0
    outer loop
      vertex 104.7 -4.51772 20.5648
      vertex 104.7 -5.78036 22.9228
      vertex 104.7 -5.63541 23.1381
    endloop
  endfacet
  facet normal -1 -0 0
    outer loop
      vertex 104.7 -4.51772 20.5648
      vertex 104.7 -6.24432 20.5594
      vertex 104.7 -6.25385 20.9118
    endloop
  endfacet
  facet normal -1 0 0
    outer loop
      vertex 104.7 -4.51772 20.5648
      vertex 104.7 -5.47114 23.3353
      vertex 104.7 -5.28914 23.5131
    endloop
  endfacet
  facet normal -1 0 0
    outer loop
      vertex 104.7 -2.03423 21.6001
      vertex 104.7 -0.433496 20.6118
      vertex 104.7 -0.433496 20.5648
    endloop
  endfacet
  facet normal -1 0 0
    outer loop
      vertex 104.7 -0.433496 20.6118
      vertex 104.7 -2.03423 21.6001
      vertex 104.7 -0.442434 20.9909
    endloop
  endfacet
  facet normal -1 0 0
    outer loop
      vertex 104.7 -0.442434 20.9909
      vertex 104.7 -2.03423 21.6001
      vertex 104.7 -0.469237 21.3492
    endloop
  endfacet
  facet normal -1 0 0
    outer loop
      vertex 104.7 -0.469237 21.3492
      vertex 104.7 -2.03423 21.6001
      vertex 104.7 -0.513916 21.6866
    endloop
  endfacet
  facet normal -1 -0 0
    outer loop
      vertex 104.7 -0.513916 21.6866
      vertex 104.7 -2.03423 21.6001
      vertex 104.7 -0.576472 22.0032
    endloop
  endfacet
  facet normal -1 0 0
    outer loop
      vertex 104.7 -2.04812 21.7665
      vertex 104.7 -0.576472 22.0032
      vertex 104.7 -2.03423 21.6001
    endloop
  endfacet
  facet normal -1 0 0
    outer loop
      vertex 104.7 -2.06883 21.9235
      vertex 104.7 -0.576472 22.0032
      vertex 104.7 -2.04812 21.7665
    endloop
  endfacet
  facet normal -1 -0 0
    outer loop
      vertex 104.7 -0.576472 22.0032
      vertex 104.7 -2.06883 21.9235
      vertex 104.7 -0.656905 22.299
    endloop
  endfacet
  facet normal -1 -0 0
    outer loop
      vertex 104.7 -0.656905 22.299
      vertex 104.7 -2.09637 22.071
      vertex 104.7 -0.755216 22.5739
    endloop
  endfacet
  facet normal -1 0 0
    outer loop
      vertex 104.7 -2.13075 22.2089
      vertex 104.7 -0.755216 22.5739
      vertex 104.7 -2.09637 22.071
    endloop
  endfacet
  facet normal -1 0 0
    outer loop
      vertex 104.7 -2.17195 22.3373
      vertex 104.7 -0.871389 22.828
      vertex 104.7 -2.13075 22.2089
    endloop
  endfacet
  facet normal -1 0 0
    outer loop
      vertex 104.7 -2.21998 22.4563
      vertex 104.7 -1.00544 23.0612
      vertex 104.7 -2.17195 22.3373
    endloop
  endfacet
  facet normal -1 -0 0
    outer loop
      vertex 104.7 -1.00544 23.0612
      vertex 104.7 -2.21998 22.4563
      vertex 104.7 -1.15736 23.2736
    endloop
  endfacet
  facet normal -1 0 0
    outer loop
      vertex 104.7 -2.09637 22.071
      vertex 104.7 -0.656905 22.299
      vertex 104.7 -2.06883 21.9235
    endloop
  endfacet
  facet normal -1 0 0
    outer loop
      vertex 104.7 -4.51772 20.5648
      vertex 104.7 -2.03423 21.6001
      vertex 104.7 -0.433496 20.5648
    endloop
  endfacet
  facet normal -1 -0 0
    outer loop
      vertex 104.7 -2.03423 21.6001
      vertex 104.7 -4.51772 20.5648
      vertex 104.7 -4.50602 21.6001
    endloop
  endfacet
  facet normal -1 -0 0
    outer loop
      vertex 104.7 -0.755216 22.5739
      vertex 104.7 -2.13075 22.2089
      vertex 104.7 -0.871389 22.828
    endloop
  endfacet
  facet normal -1 -0 0
    outer loop
      vertex 104.7 -0.871389 22.828
      vertex 104.7 -2.17195 22.3373
      vertex 104.7 -1.00544 23.0612
    endloop
  endfacet
  facet normal -1 0 0
    outer loop
      vertex 104.7 -2.27484 22.5657
      vertex 104.7 -1.15736 23.2736
      vertex 104.7 -2.21998 22.4563
    endloop
  endfacet
  facet normal -1 -0 0
    outer loop
      vertex 104.7 -1.15736 23.2736
      vertex 104.7 -2.27484 22.5657
      vertex 104.7 -1.32621 23.4643
    endloop
  endfacet
  facet normal -1 0 0
    outer loop
      vertex 104.7 -2.33653 22.6656
      vertex 104.7 -1.32621 23.4643
      vertex 104.7 -2.27484 22.5657
    endloop
  endfacet
  facet normal -1 -0 0
    outer loop
      vertex 104.7 -1.32621 23.4643
      vertex 104.7 -2.33653 22.6656
      vertex 104.7 -1.51105 23.6326
    endloop
  endfacet
  facet normal -1 0 0
    outer loop
      vertex 104.7 -2.40505 22.7559
      vertex 104.7 -1.51105 23.6326
      vertex 104.7 -2.33653 22.6656
    endloop
  endfacet
  facet normal -1 -0 0
    outer loop
      vertex 104.7 -1.51105 23.6326
      vertex 104.7 -2.40505 22.7559
      vertex 104.7 -1.71187 23.7785
    endloop
  endfacet
  facet normal -1 0 0
    outer loop
      vertex 104.7 -2.47974 22.8368
      vertex 104.7 -1.71187 23.7785
      vertex 104.7 -2.40505 22.7559
    endloop
  endfacet
  facet normal -1 -0 0
    outer loop
      vertex 104.7 -1.71187 23.7785
      vertex 104.7 -2.47974 22.8368
      vertex 104.7 -1.92867 23.9019
    endloop
  endfacet
  facet normal -1 0 0
    outer loop
      vertex 104.7 -2.55993 22.9082
      vertex 104.7 -1.92867 23.9019
      vertex 104.7 -2.47974 22.8368
    endloop
  endfacet
  facet normal -1 0 0
    outer loop
      vertex 104.7 -2.64566 22.97
      vertex 104.7 -1.92867 23.9019
      vertex 104.7 -2.55993 22.9082
    endloop
  endfacet
  facet normal -1 -0 0
    outer loop
      vertex 104.7 -1.92867 23.9019
      vertex 104.7 -2.64566 22.97
      vertex 104.7 -2.16147 24.0029
    endloop
  endfacet
  facet normal -1 0 0
    outer loop
      vertex 104.7 -2.73691 23.0223
      vertex 104.7 -2.16147 24.0029
      vertex 104.7 -2.64566 22.97
    endloop
  endfacet
  facet normal -1 -0 0
    outer loop
      vertex 104.7 -2.16147 24.0029
      vertex 104.7 -2.73691 23.0223
      vertex 104.7 -2.41025 24.0814
    endloop
  endfacet
  facet normal -1 0 0
    outer loop
      vertex 104.7 -2.83369 23.0652
      vertex 104.7 -2.41025 24.0814
      vertex 104.7 -2.73691 23.0223
    endloop
  endfacet
  facet normal -1 -0 0
    outer loop
      vertex 104.7 -2.41025 24.0814
      vertex 104.7 -2.83369 23.0652
      vertex 104.7 -2.67502 24.1375
    endloop
  endfacet
  facet normal -1 0 0
    outer loop
      vertex 104.7 -2.93598 23.0985
      vertex 104.7 -2.67502 24.1375
      vertex 104.7 -2.83369 23.0652
    endloop
  endfacet
  facet normal -1 0 0
    outer loop
      vertex 104.7 -2.93598 23.0985
      vertex 104.7 -2.95577 24.1712
      vertex 104.7 -2.67502 24.1375
    endloop
  endfacet
  facet normal -1 0 0
    outer loop
      vertex 104.7 -3.0438 23.1222
      vertex 104.7 -2.95577 24.1712
      vertex 104.7 -2.93598 23.0985
    endloop
  endfacet
  facet normal -1 0 0
    outer loop
      vertex 104.7 -3.15715 23.1365
      vertex 104.7 -2.95577 24.1712
      vertex 104.7 -3.0438 23.1222
    endloop
  endfacet
  facet normal -1 0 0
    outer loop
      vertex 104.7 -3.15715 23.1365
      vertex 104.7 -3.2525 24.1824
      vertex 104.7 -2.95577 24.1712
    endloop
  endfacet
  facet normal -1 0 0
    outer loop
      vertex 104.7 -3.27602 23.1413
      vertex 104.7 -3.2525 24.1824
      vertex 104.7 -3.15715 23.1365
    endloop
  endfacet
  facet normal -1 0 0
    outer loop
      vertex 104.7 -3.40217 23.1363
      vertex 104.7 -3.2525 24.1824
      vertex 104.7 -3.27602 23.1413
    endloop
  endfacet
  facet normal -1 0 0
    outer loop
      vertex 104.7 -3.56353 24.1719
      vertex 104.7 -3.40217 23.1363
      vertex 104.7 -3.52173 23.1212
    endloop
  endfacet
  facet normal -1 0 0
    outer loop
      vertex 104.7 -3.40217 23.1363
      vertex 104.7 -3.56353 24.1719
      vertex 104.7 -3.2525 24.1824
    endloop
  endfacet
  facet normal -1 0 0
    outer loop
      vertex 104.7 -3.85844 24.1406
      vertex 104.7 -3.52173 23.1212
      vertex 104.7 -3.63465 23.0962
    endloop
  endfacet
  facet normal -1 0 0
    outer loop
      vertex 104.7 -3.85844 24.1406
      vertex 104.7 -3.63465 23.0962
      vertex 104.7 -3.74099 23.0611
    endloop
  endfacet
  facet normal -1 0 0
    outer loop
      vertex 104.7 -4.13721 24.0883
      vertex 104.7 -3.74099 23.0611
      vertex 104.7 -3.8407 23.016
    endloop
  endfacet
  facet normal -1 0 0
    outer loop
      vertex 104.7 -3.52173 23.1212
      vertex 104.7 -3.85844 24.1406
      vertex 104.7 -3.56353 24.1719
    endloop
  endfacet
  facet normal -1 0 0
    outer loop
      vertex 104.7 -4.39986 24.0151
      vertex 104.7 -3.8407 23.016
      vertex 104.7 -3.93381 22.9608
    endloop
  endfacet
  facet normal -1 0 0
    outer loop
      vertex 104.7 -4.64637 23.921
      vertex 104.7 -3.93381 22.9608
      vertex 104.7 -4.0203 22.8957
    endloop
  endfacet
  facet normal -1 0 0
    outer loop
      vertex 104.7 -4.64637 23.921
      vertex 104.7 -4.0203 22.8957
      vertex 104.7 -4.10019 22.8205
    endloop
  endfacet
  facet normal -1 0 0
    outer loop
      vertex 104.7 -3.74099 23.0611
      vertex 104.7 -4.13721 24.0883
      vertex 104.7 -3.85844 24.1406
    endloop
  endfacet
  facet normal -1 0 0
    outer loop
      vertex 104.7 -4.64637 23.921
      vertex 104.7 -4.10019 22.8205
      vertex 104.7 -4.17345 22.7353
    endloop
  endfacet
  facet normal -1 0 0
    outer loop
      vertex 104.7 -4.64637 23.921
      vertex 104.7 -4.17345 22.7353
      vertex 104.7 -4.23976 22.6411
    endloop
  endfacet
  facet normal -1 0 0
    outer loop
      vertex 104.7 -4.64637 23.921
      vertex 104.7 -4.23976 22.6411
      vertex 104.7 -4.29871 22.5389
    endloop
  endfacet
  facet normal -1 0 0
    outer loop
      vertex 104.7 -4.64637 23.921
      vertex 104.7 -4.29871 22.5389
      vertex 104.7 -4.35034 22.4288
    endloop
  endfacet
  facet normal -1 0 0
    outer loop
      vertex 104.7 -4.64637 23.921
      vertex 104.7 -4.35034 22.4288
      vertex 104.7 -4.39463 22.3106
    endloop
  endfacet
  facet normal -1 0 0
    outer loop
      vertex 104.7 -3.8407 23.016
      vertex 104.7 -4.39986 24.0151
      vertex 104.7 -4.13721 24.0883
    endloop
  endfacet
  facet normal -1 0 0
    outer loop
      vertex 104.7 -4.64637 23.921
      vertex 104.7 -4.39463 22.3106
      vertex 104.7 -4.43158 22.1845
    endloop
  endfacet
  facet normal -1 0 0
    outer loop
      vertex 104.7 -4.64637 23.921
      vertex 104.7 -4.43158 22.1845
      vertex 104.7 -4.46119 22.0504
    endloop
  endfacet
  facet normal -1 0 0
    outer loop
      vertex 104.7 -4.64637 23.921
      vertex 104.7 -4.46119 22.0504
      vertex 104.7 -4.48347 21.9083
    endloop
  endfacet
  facet normal -1 0 0
    outer loop
      vertex 104.7 -4.64637 23.921
      vertex 104.7 -4.48347 21.9083
      vertex 104.7 -4.4984 21.7582
    endloop
  endfacet
  facet normal -1 0 0
    outer loop
      vertex 104.7 -4.64637 23.921
      vertex 104.7 -4.4984 21.7582
      vertex 104.7 -4.50602 21.6001
    endloop
  endfacet
  facet normal -1 0 0
    outer loop
      vertex 104.7 -3.93381 22.9608
      vertex 104.7 -4.64637 23.921
      vertex 104.7 -4.39986 24.0151
    endloop
  endfacet
  facet normal -1 0 0
    outer loop
      vertex 104.7 -4.64637 23.921
      vertex 104.7 -4.50602 21.6001
      vertex 104.7 -4.51772 20.5648
    endloop
  endfacet
  facet normal -1 -0 0
    outer loop
      vertex 104.7 6.4718 24.0648
      vertex 104.7 4.49356 23.3067
      vertex 104.7 4.74159 24.0648
    endloop
  endfacet
  facet normal -1 0 0
    outer loop
      vertex 104.7 6.4718 24.0648
      vertex 104.7 4.26992 22.6219
      vertex 104.7 4.49356 23.3067
    endloop
  endfacet
  facet normal -1 0 0
    outer loop
      vertex 104.7 3.89591 21.4724
      vertex 104.7 6.4718 24.0648
      vertex 104.7 4.12368 17.7
    endloop
  endfacet
  facet normal -1 0 0
    outer loop
      vertex 104.7 6.4718 24.0648
      vertex 104.7 4.07072 22.0105
      vertex 104.7 4.26992 22.6219
    endloop
  endfacet
  facet normal -1 0 0
    outer loop
      vertex 104.7 6.4718 24.0648
      vertex 104.7 3.89591 21.4724
      vertex 104.7 4.07072 22.0105
    endloop
  endfacet
  facet normal -1 0 0
    outer loop
      vertex 104.7 4.12368 17.7
      vertex 104.7 3.74551 21.0077
      vertex 104.7 3.89591 21.4724
    endloop
  endfacet
  facet normal -1 0 0
    outer loop
      vertex 104.7 4.12368 17.7
      vertex 104.7 3.61952 20.6163
      vertex 104.7 3.74551 21.0077
    endloop
  endfacet
  facet normal -1 0 0
    outer loop
      vertex 104.7 4.12368 17.7
      vertex 104.7 3.51794 20.2983
      vertex 104.7 3.61952 20.6163
    endloop
  endfacet
  facet normal -1 0 0
    outer loop
      vertex 104.7 4.12368 17.7
      vertex 104.7 3.44078 20.0536
      vertex 104.7 3.51794 20.2983
    endloop
  endfacet
  facet normal -1 0 0
    outer loop
      vertex 104.7 4.12368 17.7
      vertex 104.7 3.38802 19.8823
      vertex 104.7 3.44078 20.0536
    endloop
  endfacet
  facet normal -1 0 0
    outer loop
      vertex 104.7 4.12368 17.7
      vertex 104.7 3.349 19.7522
      vertex 104.7 3.38802 19.8823
    endloop
  endfacet
  facet normal -1 0 0
    outer loop
      vertex 104.7 4.12368 17.7
      vertex 104.7 3.31304 19.6311
      vertex 104.7 3.349 19.7522
    endloop
  endfacet
  facet normal -1 0 0
    outer loop
      vertex 104.7 4.12368 17.7
      vertex 104.7 3.28014 19.519
      vertex 104.7 3.31304 19.6311
    endloop
  endfacet
  facet normal -1 0 0
    outer loop
      vertex 104.7 4.12368 17.7
      vertex 104.7 3.25027 19.4158
      vertex 104.7 3.28014 19.519
    endloop
  endfacet
  facet normal -1 0 0
    outer loop
      vertex 104.7 4.12368 17.7
      vertex 104.7 3.22347 19.3217
      vertex 104.7 3.25027 19.4158
    endloop
  endfacet
  facet normal -1 0 0
    outer loop
      vertex 104.7 4.12368 17.7
      vertex 104.7 3.19972 19.2366
      vertex 104.7 3.22347 19.3217
    endloop
  endfacet
  facet normal -1 0 0
    outer loop
      vertex 104.7 4.12368 17.7
      vertex 104.7 3.179 19.1605
      vertex 104.7 3.19972 19.2366
    endloop
  endfacet
  facet normal -1 0 0
    outer loop
      vertex 104.7 4.12368 17.7
      vertex 104.7 3.16135 19.0934
      vertex 104.7 3.179 19.1605
    endloop
  endfacet
  facet normal -1 0 0
    outer loop
      vertex 104.7 4.12368 17.7
      vertex 104.7 3.14676 19.0353
      vertex 104.7 3.16135 19.0934
    endloop
  endfacet
  facet normal -1 0 0
    outer loop
      vertex 104.7 2.14631 17.7
      vertex 104.7 3.07651 19.2858
      vertex 104.7 3.14676 19.0353
    endloop
  endfacet
  facet normal -1 -0 0
    outer loop
      vertex 104.7 3.07651 19.2858
      vertex 104.7 2.14631 17.7
      vertex 104.7 3.01221 19.5146
    endloop
  endfacet
  facet normal -1 -0 0
    outer loop
      vertex 104.7 3.01221 19.5146
      vertex 104.7 2.14631 17.7
      vertex 104.7 2.95387 19.7216
    endloop
  endfacet
  facet normal -1 -0 0
    outer loop
      vertex 104.7 2.95387 19.7216
      vertex 104.7 2.14631 17.7
      vertex 104.7 2.90149 19.9068
    endloop
  endfacet
  facet normal -1 -0 0
    outer loop
      vertex 104.7 2.90149 19.9068
      vertex 104.7 2.14631 17.7
      vertex 104.7 2.85506 20.0702
    endloop
  endfacet
  facet normal -1 -0 0
    outer loop
      vertex 104.7 2.85506 20.0702
      vertex 104.7 2.14631 17.7
      vertex 104.7 2.81458 20.2118
    endloop
  endfacet
  facet normal -1 -0 0
    outer loop
      vertex 104.7 2.81458 20.2118
      vertex 104.7 2.14631 17.7
      vertex 104.7 2.78006 20.3316
    endloop
  endfacet
  facet normal -1 -0 0
    outer loop
      vertex 104.7 2.78006 20.3316
      vertex 104.7 2.14631 17.7
      vertex 104.7 2.75149 20.4297
    endloop
  endfacet
  facet normal -1 0 0
    outer loop
      vertex 104.7 2.14631 17.7
      vertex 104.7 3.14676 19.0353
      vertex 104.7 4.12368 17.7
    endloop
  endfacet
  facet normal -1 -0 0
    outer loop
      vertex 104.7 2.75149 20.4297
      vertex 104.7 2.14631 17.7
      vertex 104.7 2.72889 20.5059
    endloop
  endfacet
  facet normal -1 0 0
    outer loop
      vertex 104.7 -0.131164 24.0648
      vertex 104.7 2.72889 20.5059
      vertex 104.7 2.14631 17.7
    endloop
  endfacet
  facet normal -1 0 0
    outer loop
      vertex 104.7 2.72889 20.5059
      vertex 104.7 -0.131164 24.0648
      vertex 104.7 1.61666 24.0648
    endloop
  endfacet
  facet normal 0 0.0626634 -0.998035
    outer loop
      vertex 104.7 -9.60583 17.5858
      vertex 105.5 -9.44019 17.5962
      vertex 105.5 -9.60583 17.5858
    endloop
  endfacet
  facet normal 0 0.0626634 -0.998035
    outer loop
      vertex 105.5 -9.44019 17.5962
      vertex 104.7 -9.60583 17.5858
      vertex 104.7 -9.44019 17.5962
    endloop
  endfacet
  facet normal 0 0.105657 -0.994403
    outer loop
      vertex 104.7 -9.44019 17.5962
      vertex 105.5 -9.27831 17.6134
      vertex 105.5 -9.44019 17.5962
    endloop
  endfacet
  facet normal 0 0.105657 -0.994403
    outer loop
      vertex 105.5 -9.27831 17.6134
      vertex 104.7 -9.44019 17.5962
      vertex 104.7 -9.27831 17.6134
    endloop
  endfacet
  facet normal 0 0.151324 -0.988484
    outer loop
      vertex 104.7 -9.27831 17.6134
      vertex 105.5 -9.12023 17.6376
      vertex 105.5 -9.27831 17.6134
    endloop
  endfacet
  facet normal 0 0.151324 -0.988484
    outer loop
      vertex 105.5 -9.12023 17.6376
      vertex 104.7 -9.27831 17.6134
      vertex 104.7 -9.12023 17.6376
    endloop
  endfacet
  facet normal 0 0.196959 -0.980412
    outer loop
      vertex 104.7 -9.12023 17.6376
      vertex 105.5 -8.96592 17.6686
      vertex 105.5 -9.12023 17.6376
    endloop
  endfacet
  facet normal 0 0.196959 -0.980412
    outer loop
      vertex 105.5 -8.96592 17.6686
      vertex 104.7 -9.12023 17.6376
      vertex 104.7 -8.96592 17.6686
    endloop
  endfacet
  facet normal 0 0.244748 -0.969587
    outer loop
      vertex 104.7 -8.96592 17.6686
      vertex 105.5 -8.81538 17.7066
      vertex 105.5 -8.96592 17.6686
    endloop
  endfacet
  facet normal 0 0.244748 -0.969587
    outer loop
      vertex 105.5 -8.81538 17.7066
      vertex 104.7 -8.96592 17.6686
      vertex 104.7 -8.81538 17.7066
    endloop
  endfacet
  facet normal 0 0.291978 -0.956425
    outer loop
      vertex 104.7 -8.81538 17.7066
      vertex 105.5 -8.66863 17.7514
      vertex 105.5 -8.81538 17.7066
    endloop
  endfacet
  facet normal 0 0.291978 -0.956425
    outer loop
      vertex 105.5 -8.66863 17.7514
      vertex 104.7 -8.81538 17.7066
      vertex 104.7 -8.66863 17.7514
    endloop
  endfacet
  facet normal 0 0.340042 -0.94041
    outer loop
      vertex 104.7 -8.66863 17.7514
      vertex 105.5 -8.52565 17.8031
      vertex 105.5 -8.66863 17.7514
    endloop
  endfacet
  facet normal 0 0.340042 -0.94041
    outer loop
      vertex 105.5 -8.52565 17.8031
      vertex 104.7 -8.66863 17.7514
      vertex 104.7 -8.52565 17.8031
    endloop
  endfacet
  facet normal 0 0.38856 -0.921423
    outer loop
      vertex 104.7 -8.52565 17.8031
      vertex 105.5 -8.38645 17.8618
      vertex 105.5 -8.52565 17.8031
    endloop
  endfacet
  facet normal 0 0.38856 -0.921423
    outer loop
      vertex 105.5 -8.38645 17.8618
      vertex 104.7 -8.52565 17.8031
      vertex 104.7 -8.38645 17.8618
    endloop
  endfacet
  facet normal 0 0.434869 -0.900494
    outer loop
      vertex 104.7 -8.38645 17.8618
      vertex 105.5 -8.25206 17.9267
      vertex 105.5 -8.38645 17.8618
    endloop
  endfacet
  facet normal 0 0.434869 -0.900494
    outer loop
      vertex 105.5 -8.25206 17.9267
      vertex 104.7 -8.38645 17.8618
      vertex 104.7 -8.25206 17.9267
    endloop
  endfacet
  facet normal 0 0.482021 -0.87616
    outer loop
      vertex 104.7 -8.25206 17.9267
      vertex 105.5 -8.12355 17.9974
      vertex 105.5 -8.25206 17.9267
    endloop
  endfacet
  facet normal 0 0.482021 -0.87616
    outer loop
      vertex 105.5 -8.12355 17.9974
      vertex 104.7 -8.25206 17.9267
      vertex 104.7 -8.12355 17.9974
    endloop
  endfacet
  facet normal 0 0.529346 -0.848406
    outer loop
      vertex 104.7 -8.12355 17.9974
      vertex 105.5 -8.00094 18.0739
      vertex 105.5 -8.12355 17.9974
    endloop
  endfacet
  facet normal 0 0.529346 -0.848406
    outer loop
      vertex 105.5 -8.00094 18.0739
      vertex 104.7 -8.12355 17.9974
      vertex 104.7 -8.00094 18.0739
    endloop
  endfacet
  facet normal 0 0.57529 -0.817949
    outer loop
      vertex 104.7 -8.00094 18.0739
      vertex 105.5 -7.88421 18.156
      vertex 105.5 -8.00094 18.0739
    endloop
  endfacet
  facet normal 0 0.57529 -0.817949
    outer loop
      vertex 105.5 -7.88421 18.156
      vertex 104.7 -8.00094 18.0739
      vertex 104.7 -7.88421 18.156
    endloop
  endfacet
  facet normal 0 0.621396 -0.783496
    outer loop
      vertex 104.7 -7.88421 18.156
      vertex 105.5 -7.77338 18.2439
      vertex 105.5 -7.88421 18.156
    endloop
  endfacet
  facet normal 0 0.621396 -0.783496
    outer loop
      vertex 105.5 -7.77338 18.2439
      vertex 104.7 -7.88421 18.156
      vertex 104.7 -7.77338 18.2439
    endloop
  endfacet
  facet normal 0 0.665959 -0.745988
    outer loop
      vertex 104.7 -7.77338 18.2439
      vertex 105.5 -7.66842 18.3376
      vertex 105.5 -7.77338 18.2439
    endloop
  endfacet
  facet normal 0 0.665959 -0.745988
    outer loop
      vertex 105.5 -7.66842 18.3376
      vertex 104.7 -7.77338 18.2439
      vertex 104.7 -7.66842 18.3376
    endloop
  endfacet
  facet normal 0 0.707891 -0.706322
    outer loop
      vertex 105.5 -7.66842 18.3376
      vertex 104.7 -7.56934 18.4369
      vertex 105.5 -7.56934 18.4369
    endloop
  endfacet
  facet normal 0 0.707891 -0.706322
    outer loop
      vertex 104.7 -7.56934 18.4369
      vertex 105.5 -7.66842 18.3376
      vertex 104.7 -7.66842 18.3376
    endloop
  endfacet
  facet normal 0 0.74823 -0.66344
    outer loop
      vertex 105.5 -7.56934 18.4369
      vertex 104.7 -7.47615 18.542
      vertex 105.5 -7.47615 18.542
    endloop
  endfacet
  facet normal 0 0.74823 -0.66344
    outer loop
      vertex 104.7 -7.47615 18.542
      vertex 105.5 -7.56934 18.4369
      vertex 104.7 -7.56934 18.4369
    endloop
  endfacet
  facet normal 0 0.785787 -0.618497
    outer loop
      vertex 105.5 -7.47615 18.542
      vertex 104.7 -7.38886 18.6529
      vertex 105.5 -7.38886 18.6529
    endloop
  endfacet
  facet normal 0 0.785787 -0.618497
    outer loop
      vertex 104.7 -7.38886 18.6529
      vertex 105.5 -7.47615 18.542
      vertex 104.7 -7.47615 18.542
    endloop
  endfacet
  facet normal 0 0.819565 -0.572986
    outer loop
      vertex 105.5 -7.38886 18.6529
      vertex 104.7 -7.30811 18.7684
      vertex 105.5 -7.30811 18.7684
    endloop
  endfacet
  facet normal 0 0.819565 -0.572986
    outer loop
      vertex 104.7 -7.30811 18.7684
      vertex 105.5 -7.38886 18.6529
      vertex 104.7 -7.38886 18.6529
    endloop
  endfacet
  facet normal 0 0.850376 -0.526175
    outer loop
      vertex 105.5 -7.30811 18.7684
      vertex 104.7 -7.23454 18.8873
      vertex 105.5 -7.23454 18.8873
    endloop
  endfacet
  facet normal 0 0.850376 -0.526175
    outer loop
      vertex 104.7 -7.23454 18.8873
      vertex 105.5 -7.30811 18.7684
      vertex 104.7 -7.30811 18.7684
    endloop
  endfacet
  facet normal 0 0.879244 -0.476371
    outer loop
      vertex 105.5 -7.23454 18.8873
      vertex 104.7 -7.16817 19.0098
      vertex 105.5 -7.16817 19.0098
    endloop
  endfacet
  facet normal 0 0.879244 -0.476371
    outer loop
      vertex 104.7 -7.16817 19.0098
      vertex 105.5 -7.23454 18.8873
      vertex 104.7 -7.23454 18.8873
    endloop
  endfacet
  facet normal 0 0.905004 -0.425402
    outer loop
      vertex 105.5 -7.16817 19.0098
      vertex 104.7 -7.10899 19.1357
      vertex 105.5 -7.10899 19.1357
    endloop
  endfacet
  facet normal 0 0.905004 -0.425402
    outer loop
      vertex 104.7 -7.10899 19.1357
      vertex 105.5 -7.16817 19.0098
      vertex 104.7 -7.16817 19.0098
    endloop
  endfacet
  facet normal 0 0.927932 -0.37275
    outer loop
      vertex 105.5 -7.10899 19.1357
      vertex 104.7 -7.05701 19.2651
      vertex 105.5 -7.05701 19.2651
    endloop
  endfacet
  facet normal 0 0.927932 -0.37275
    outer loop
      vertex 104.7 -7.05701 19.2651
      vertex 105.5 -7.10899 19.1357
      vertex 104.7 -7.10899 19.1357
    endloop
  endfacet
  facet normal 0 0.947681 -0.319219
    outer loop
      vertex 105.5 -7.05701 19.2651
      vertex 104.7 -7.01221 19.3981
      vertex 105.5 -7.01221 19.3981
    endloop
  endfacet
  facet normal 0 0.947681 -0.319219
    outer loop
      vertex 104.7 -7.01221 19.3981
      vertex 105.5 -7.05701 19.2651
      vertex 104.7 -7.05701 19.2651
    endloop
  endfacet
  facet normal 0 0.964061 -0.265682
    outer loop
      vertex 105.5 -7.01221 19.3981
      vertex 104.7 -6.97462 19.5345
      vertex 105.5 -6.97462 19.5345
    endloop
  endfacet
  facet normal 0 0.964061 -0.265682
    outer loop
      vertex 104.7 -6.97462 19.5345
      vertex 105.5 -7.01221 19.3981
      vertex 104.7 -7.01221 19.3981
    endloop
  endfacet
  facet normal 0 0.977149 -0.212554
    outer loop
      vertex 105.5 -6.97462 19.5345
      vertex 104.7 -6.94421 19.6743
      vertex 105.5 -6.94421 19.6743
    endloop
  endfacet
  facet normal 0 0.977149 -0.212554
    outer loop
      vertex 104.7 -6.94421 19.6743
      vertex 105.5 -6.97462 19.5345
      vertex 104.7 -6.97462 19.5345
    endloop
  endfacet
  facet normal 0 0.987164 -0.159709
    outer loop
      vertex 105.5 -6.94421 19.6743
      vertex 104.7 -6.92101 19.8177
      vertex 105.5 -6.92101 19.8177
    endloop
  endfacet
  facet normal 0 0.987164 -0.159709
    outer loop
      vertex 104.7 -6.92101 19.8177
      vertex 105.5 -6.94421 19.6743
      vertex 104.7 -6.94421 19.6743
    endloop
  endfacet
  facet normal -0 0.0459873 0.998942
    outer loop
      vertex 104.7 -6.92101 19.8177
      vertex 105.5 -8.58058 19.8941
      vertex 105.5 -6.92101 19.8177
    endloop
  endfacet
  facet normal 0 0.0459873 0.998942
    outer loop
      vertex 105.5 -8.58058 19.8941
      vertex 104.7 -6.92101 19.8177
      vertex 104.7 -8.58058 19.8941
    endloop
  endfacet
  facet normal 0 -0.987845 0.155444
    outer loop
      vertex 104.7 -8.60058 19.767
      vertex 105.5 -8.58058 19.8941
      vertex 104.7 -8.58058 19.8941
    endloop
  endfacet
  facet normal 0 -0.987845 0.155444
    outer loop
      vertex 105.5 -8.58058 19.8941
      vertex 104.7 -8.60058 19.767
      vertex 105.5 -8.60058 19.767
    endloop
  endfacet
  facet normal 0 -0.977388 0.211455
    outer loop
      vertex 104.7 -8.62652 19.6471
      vertex 105.5 -8.60058 19.767
      vertex 104.7 -8.60058 19.767
    endloop
  endfacet
  facet normal 0 -0.977388 0.211455
    outer loop
      vertex 105.5 -8.60058 19.767
      vertex 104.7 -8.62652 19.6471
      vertex 105.5 -8.62652 19.6471
    endloop
  endfacet
  facet normal 0 -0.962261 0.272129
    outer loop
      vertex 104.7 -8.65842 19.5343
      vertex 105.5 -8.62652 19.6471
      vertex 104.7 -8.62652 19.6471
    endloop
  endfacet
  facet normal 0 -0.962261 0.272129
    outer loop
      vertex 105.5 -8.62652 19.6471
      vertex 104.7 -8.65842 19.5343
      vertex 105.5 -8.65842 19.5343
    endloop
  endfacet
  facet normal 0 -0.941228 0.337772
    outer loop
      vertex 104.7 -8.69628 19.4288
      vertex 105.5 -8.65842 19.5343
      vertex 104.7 -8.65842 19.5343
    endloop
  endfacet
  facet normal 0 -0.941228 0.337772
    outer loop
      vertex 105.5 -8.65842 19.5343
      vertex 104.7 -8.69628 19.4288
      vertex 105.5 -8.69628 19.4288
    endloop
  endfacet
  facet normal 0 -0.913513 0.40681
    outer loop
      vertex 104.7 -8.7401 19.3304
      vertex 105.5 -8.69628 19.4288
      vertex 104.7 -8.69628 19.4288
    endloop
  endfacet
  facet normal 0 -0.913513 0.40681
    outer loop
      vertex 105.5 -8.69628 19.4288
      vertex 104.7 -8.7401 19.3304
      vertex 105.5 -8.7401 19.3304
    endloop
  endfacet
  facet normal 0 -0.877837 0.47896
    outer loop
      vertex 104.7 -8.78986 19.2392
      vertex 105.5 -8.7401 19.3304
      vertex 104.7 -8.7401 19.3304
    endloop
  endfacet
  facet normal 0 -0.877837 0.47896
    outer loop
      vertex 105.5 -8.7401 19.3304
      vertex 104.7 -8.78986 19.2392
      vertex 105.5 -8.78986 19.2392
    endloop
  endfacet
  facet normal 0 -0.833239 0.552913
    outer loop
      vertex 104.7 -8.8456 19.1552
      vertex 105.5 -8.78986 19.2392
      vertex 104.7 -8.78986 19.2392
    endloop
  endfacet
  facet normal 0 -0.833239 0.552913
    outer loop
      vertex 105.5 -8.78986 19.2392
      vertex 104.7 -8.8456 19.1552
      vertex 105.5 -8.8456 19.1552
    endloop
  endfacet
  facet normal 0 -0.779679 0.62618
    outer loop
      vertex 104.7 -8.90728 19.0784
      vertex 105.5 -8.8456 19.1552
      vertex 104.7 -8.8456 19.1552
    endloop
  endfacet
  facet normal 0 -0.779679 0.62618
    outer loop
      vertex 105.5 -8.8456 19.1552
      vertex 104.7 -8.90728 19.0784
      vertex 105.5 -8.90728 19.0784
    endloop
  endfacet
  facet normal 0 -0.717081 0.69699
    outer loop
      vertex 104.7 -8.97493 19.0088
      vertex 105.5 -8.90728 19.0784
      vertex 104.7 -8.90728 19.0784
    endloop
  endfacet
  facet normal 0 -0.717081 0.69699
    outer loop
      vertex 105.5 -8.90728 19.0784
      vertex 104.7 -8.97493 19.0088
      vertex 105.5 -8.97493 19.0088
    endloop
  endfacet
  facet normal 0 -0.651687 0.758488
    outer loop
      vertex 104.7 -8.97493 19.0088
      vertex 105.5 -9.04744 18.9465
      vertex 105.5 -8.97493 19.0088
    endloop
  endfacet
  facet normal 0 -0.651687 0.758488
    outer loop
      vertex 105.5 -9.04744 18.9465
      vertex 104.7 -8.97493 19.0088
      vertex 104.7 -9.04744 18.9465
    endloop
  endfacet
  facet normal 0 -0.584753 0.811212
    outer loop
      vertex 104.7 -9.04744 18.9465
      vertex 105.5 -9.12374 18.8915
      vertex 105.5 -9.04744 18.9465
    endloop
  endfacet
  facet normal 0 -0.584753 0.811212
    outer loop
      vertex 105.5 -9.12374 18.8915
      vertex 104.7 -9.04744 18.9465
      vertex 104.7 -9.12374 18.8915
    endloop
  endfacet
  facet normal 0 -0.511842 0.859079
    outer loop
      vertex 104.7 -9.12374 18.8915
      vertex 105.5 -9.2038 18.8438
      vertex 105.5 -9.12374 18.8915
    endloop
  endfacet
  facet normal 0 -0.511842 0.859079
    outer loop
      vertex 105.5 -9.2038 18.8438
      vertex 104.7 -9.12374 18.8915
      vertex 104.7 -9.2038 18.8438
    endloop
  endfacet
  facet normal 0 -0.433185 0.901305
    outer loop
      vertex 104.7 -9.2038 18.8438
      vertex 105.5 -9.28765 18.8035
      vertex 105.5 -9.2038 18.8438
    endloop
  endfacet
  facet normal 0 -0.433185 0.901305
    outer loop
      vertex 105.5 -9.28765 18.8035
      vertex 104.7 -9.2038 18.8438
      vertex 104.7 -9.28765 18.8035
    endloop
  endfacet
  facet normal 0 -0.352457 0.935828
    outer loop
      vertex 104.7 -9.28765 18.8035
      vertex 105.5 -9.37527 18.7705
      vertex 105.5 -9.28765 18.8035
    endloop
  endfacet
  facet normal 0 -0.352457 0.935828
    outer loop
      vertex 105.5 -9.37527 18.7705
      vertex 104.7 -9.28765 18.8035
      vertex 104.7 -9.37527 18.7705
    endloop
  endfacet
  facet normal 0 -0.270685 0.962668
    outer loop
      vertex 104.7 -9.37527 18.7705
      vertex 105.5 -9.46667 18.7448
      vertex 105.5 -9.37527 18.7705
    endloop
  endfacet
  facet normal 0 -0.270685 0.962668
    outer loop
      vertex 105.5 -9.46667 18.7448
      vertex 104.7 -9.37527 18.7705
      vertex 104.7 -9.46667 18.7448
    endloop
  endfacet
  facet normal 0 -0.188828 0.98201
    outer loop
      vertex 104.7 -9.46667 18.7448
      vertex 105.5 -9.56184 18.7265
      vertex 105.5 -9.46667 18.7448
    endloop
  endfacet
  facet normal 0 -0.188828 0.98201
    outer loop
      vertex 105.5 -9.56184 18.7265
      vertex 104.7 -9.46667 18.7448
      vertex 104.7 -9.56184 18.7265
    endloop
  endfacet
  facet normal 0 -0.110476 0.993879
    outer loop
      vertex 104.7 -9.56184 18.7265
      vertex 105.5 -9.6608 18.7155
      vertex 105.5 -9.56184 18.7265
    endloop
  endfacet
  facet normal 0 -0.110476 0.993879
    outer loop
      vertex 105.5 -9.6608 18.7155
      vertex 104.7 -9.56184 18.7265
      vertex 104.7 -9.6608 18.7155
    endloop
  endfacet
  facet normal 0 -0.0359934 0.999352
    outer loop
      vertex 104.7 -9.6608 18.7155
      vertex 105.5 -9.76353 18.7118
      vertex 105.5 -9.6608 18.7155
    endloop
  endfacet
  facet normal 0 -0.0359934 0.999352
    outer loop
      vertex 105.5 -9.76353 18.7118
      vertex 104.7 -9.6608 18.7155
      vertex 104.7 -9.76353 18.7118
    endloop
  endfacet
  facet normal -0 0.0991536 0.995072
    outer loop
      vertex 104.7 -9.76353 18.7118
      vertex 105.5 -10.0365 18.739
      vertex 105.5 -9.76353 18.7118
    endloop
  endfacet
  facet normal 0 0.0991536 0.995072
    outer loop
      vertex 105.5 -10.0365 18.739
      vertex 104.7 -9.76353 18.7118
      vertex 104.7 -10.0365 18.739
    endloop
  endfacet
  facet normal -0 0.320238 0.947337
    outer loop
      vertex 104.7 -10.0365 18.739
      vertex 105.5 -10.2773 18.8204
      vertex 105.5 -10.0365 18.739
    endloop
  endfacet
  facet normal 0 0.320238 0.947337
    outer loop
      vertex 105.5 -10.2773 18.8204
      vertex 104.7 -10.0365 18.739
      vertex 104.7 -10.2773 18.8204
    endloop
  endfacet
  facet normal -0 0.545214 0.838297
    outer loop
      vertex 104.7 -10.2773 18.8204
      vertex 105.5 -10.4861 18.9562
      vertex 105.5 -10.2773 18.8204
    endloop
  endfacet
  facet normal 0 0.545214 0.838297
    outer loop
      vertex 105.5 -10.4861 18.9562
      vertex 104.7 -10.2773 18.8204
      vertex 104.7 -10.4861 18.9562
    endloop
  endfacet
  facet normal 0 0.732821 0.680422
    outer loop
      vertex 105.5 -10.4861 18.9562
      vertex 104.7 -10.6627 19.1464
      vertex 105.5 -10.6627 19.1464
    endloop
  endfacet
  facet normal 0 0.732821 0.680422
    outer loop
      vertex 104.7 -10.6627 19.1464
      vertex 105.5 -10.4861 18.9562
      vertex 104.7 -10.4861 18.9562
    endloop
  endfacet
  facet normal 0 0.8608 0.508943
    outer loop
      vertex 105.5 -10.6627 19.1464
      vertex 104.7 -10.8072 19.3908
      vertex 105.5 -10.8072 19.3908
    endloop
  endfacet
  facet normal 0 0.8608 0.508943
    outer loop
      vertex 104.7 -10.8072 19.3908
      vertex 105.5 -10.6627 19.1464
      vertex 104.7 -10.6627 19.1464
    endloop
  endfacet
  facet normal 0 0.935968 0.352084
    outer loop
      vertex 105.5 -10.8072 19.3908
      vertex 104.7 -10.9196 19.6896
      vertex 105.5 -10.9196 19.6896
    endloop
  endfacet
  facet normal 0 0.935968 0.352084
    outer loop
      vertex 104.7 -10.9196 19.6896
      vertex 105.5 -10.8072 19.3908
      vertex 104.7 -10.8072 19.3908
    endloop
  endfacet
  facet normal 0 0.975103 0.221752
    outer loop
      vertex 105.5 -10.9196 19.6896
      vertex 104.7 -10.9999 20.0427
      vertex 105.5 -10.9999 20.0427
    endloop
  endfacet
  facet normal 0 0.975103 0.221752
    outer loop
      vertex 104.7 -10.9999 20.0427
      vertex 105.5 -10.9196 19.6896
      vertex 104.7 -10.9196 19.6896
    endloop
  endfacet
  facet normal 0 0.993102 0.117251
    outer loop
      vertex 105.5 -10.9999 20.0427
      vertex 104.7 -11.048 20.4501
      vertex 105.5 -11.048 20.4501
    endloop
  endfacet
  facet normal 0 0.993102 0.117251
    outer loop
      vertex 104.7 -11.048 20.4501
      vertex 105.5 -10.9999 20.0427
      vertex 104.7 -10.9999 20.0427
    endloop
  endfacet
  facet normal 0 0.999393 0.0348499
    outer loop
      vertex 105.5 -11.048 20.4501
      vertex 104.7 -11.0641 20.9118
      vertex 105.5 -11.0641 20.9118
    endloop
  endfacet
  facet normal 0 0.999393 0.0348499
    outer loop
      vertex 104.7 -11.0641 20.9118
      vertex 105.5 -11.048 20.4501
      vertex 104.7 -11.048 20.4501
    endloop
  endfacet
  facet normal 0 0.999379 -0.0352302
    outer loop
      vertex 105.5 -11.0641 20.9118
      vertex 104.7 -11.0483 21.36
      vertex 105.5 -11.0483 21.36
    endloop
  endfacet
  facet normal 0 0.999379 -0.0352302
    outer loop
      vertex 104.7 -11.0483 21.36
      vertex 105.5 -11.0641 20.9118
      vertex 104.7 -11.0641 20.9118
    endloop
  endfacet
  facet normal 0 0.992921 -0.118779
    outer loop
      vertex 105.5 -11.0483 21.36
      vertex 104.7 -11.001 21.7554
      vertex 105.5 -11.001 21.7554
    endloop
  endfacet
  facet normal 0 0.992921 -0.118779
    outer loop
      vertex 104.7 -11.001 21.7554
      vertex 105.5 -11.0483 21.36
      vertex 104.7 -11.0483 21.36
    endloop
  endfacet
  facet normal 0 0.974568 -0.224091
    outer loop
      vertex 105.5 -11.001 21.7554
      vertex 104.7 -10.9222 22.0981
      vertex 105.5 -10.9222 22.0981
    endloop
  endfacet
  facet normal 0 0.974568 -0.224091
    outer loop
      vertex 104.7 -10.9222 22.0981
      vertex 105.5 -11.001 21.7554
      vertex 104.7 -11.001 21.7554
    endloop
  endfacet
  facet normal 0 0.934569 -0.355781
    outer loop
      vertex 105.5 -10.9222 22.0981
      vertex 104.7 -10.8118 22.3881
      vertex 105.5 -10.8118 22.3881
    endloop
  endfacet
  facet normal 0 0.934569 -0.355781
    outer loop
      vertex 104.7 -10.8118 22.3881
      vertex 105.5 -10.9222 22.0981
      vertex 104.7 -10.9222 22.0981
    endloop
  endfacet
  facet normal 0 0.858258 -0.513219
    outer loop
      vertex 105.5 -10.8118 22.3881
      vertex 104.7 -10.6699 22.6254
      vertex 105.5 -10.6699 22.6254
    endloop
  endfacet
  facet normal 0 0.858258 -0.513219
    outer loop
      vertex 104.7 -10.6699 22.6254
      vertex 105.5 -10.8118 22.3881
      vertex 104.7 -10.8118 22.3881
    endloop
  endfacet
  facet normal 0 0.728687 -0.684847
    outer loop
      vertex 105.5 -10.6699 22.6254
      vertex 104.7 -10.4965 22.8099
      vertex 105.5 -10.4965 22.8099
    endloop
  endfacet
  facet normal 0 0.728687 -0.684847
    outer loop
      vertex 104.7 -10.4965 22.8099
      vertex 105.5 -10.6699 22.6254
      vertex 104.7 -10.6699 22.6254
    endloop
  endfacet
  facet normal 0 0.540986 -0.841032
    outer loop
      vertex 104.7 -10.4965 22.8099
      vertex 105.5 -10.2916 22.9417
      vertex 105.5 -10.4965 22.8099
    endloop
  endfacet
  facet normal 0 0.540986 -0.841032
    outer loop
      vertex 105.5 -10.2916 22.9417
      vertex 104.7 -10.4965 22.8099
      vertex 104.7 -10.2916 22.9417
    endloop
  endfacet
  facet normal 0 0.31719 -0.948362
    outer loop
      vertex 104.7 -10.2916 22.9417
      vertex 105.5 -10.0551 23.0208
      vertex 105.5 -10.2916 22.9417
    endloop
  endfacet
  facet normal 0 0.31719 -0.948362
    outer loop
      vertex 105.5 -10.0551 23.0208
      vertex 104.7 -10.2916 22.9417
      vertex 104.7 -10.0551 23.0208
    endloop
  endfacet
  facet normal 0 0.0980149 -0.995185
    outer loop
      vertex 104.7 -10.0551 23.0208
      vertex 105.5 -9.78705 23.0472
      vertex 105.5 -10.0551 23.0208
    endloop
  endfacet
  facet normal 0 0.0980149 -0.995185
    outer loop
      vertex 105.5 -9.78705 23.0472
      vertex 104.7 -10.0551 23.0208
      vertex 104.7 -9.78705 23.0472
    endloop
  endfacet
  facet normal 0 -0.0320719 -0.999486
    outer loop
      vertex 104.7 -9.78705 23.0472
      vertex 105.5 -9.67486 23.0436
      vertex 105.5 -9.78705 23.0472
    endloop
  endfacet
  facet normal -0 -0.0320719 -0.999486
    outer loop
      vertex 105.5 -9.67486 23.0436
      vertex 104.7 -9.78705 23.0472
      vertex 104.7 -9.67486 23.0436
    endloop
  endfacet
  facet normal 0 -0.101013 -0.994885
    outer loop
      vertex 104.7 -9.67486 23.0436
      vertex 105.5 -9.56849 23.0328
      vertex 105.5 -9.67486 23.0436
    endloop
  endfacet
  facet normal -0 -0.101013 -0.994885
    outer loop
      vertex 105.5 -9.56849 23.0328
      vertex 104.7 -9.67486 23.0436
      vertex 104.7 -9.56849 23.0328
    endloop
  endfacet
  facet normal 0 -0.176197 -0.984355
    outer loop
      vertex 104.7 -9.56849 23.0328
      vertex 105.5 -9.46793 23.0148
      vertex 105.5 -9.56849 23.0328
    endloop
  endfacet
  facet normal -0 -0.176197 -0.984355
    outer loop
      vertex 105.5 -9.46793 23.0148
      vertex 104.7 -9.56849 23.0328
      vertex 104.7 -9.46793 23.0148
    endloop
  endfacet
  facet normal 0 -0.257028 -0.966404
    outer loop
      vertex 104.7 -9.46793 23.0148
      vertex 105.5 -9.37318 22.9896
      vertex 105.5 -9.46793 23.0148
    endloop
  endfacet
  facet normal -0 -0.257028 -0.966404
    outer loop
      vertex 105.5 -9.37318 22.9896
      vertex 104.7 -9.46793 23.0148
      vertex 104.7 -9.37318 22.9896
    endloop
  endfacet
  facet normal 0 -0.341387 -0.939923
    outer loop
      vertex 104.7 -9.37318 22.9896
      vertex 105.5 -9.28425 22.9573
      vertex 105.5 -9.37318 22.9896
    endloop
  endfacet
  facet normal -0 -0.341387 -0.939923
    outer loop
      vertex 105.5 -9.28425 22.9573
      vertex 104.7 -9.37318 22.9896
      vertex 104.7 -9.28425 22.9573
    endloop
  endfacet
  facet normal 0 -0.430102 -0.90278
    outer loop
      vertex 104.7 -9.28425 22.9573
      vertex 105.5 -9.20113 22.9177
      vertex 105.5 -9.28425 22.9573
    endloop
  endfacet
  facet normal -0 -0.430102 -0.90278
    outer loop
      vertex 105.5 -9.20113 22.9177
      vertex 104.7 -9.28425 22.9573
      vertex 104.7 -9.20113 22.9177
    endloop
  endfacet
  facet normal 0 -0.51705 -0.855955
    outer loop
      vertex 104.7 -9.20113 22.9177
      vertex 105.5 -9.12382 22.871
      vertex 105.5 -9.20113 22.9177
    endloop
  endfacet
  facet normal -0 -0.51705 -0.855955
    outer loop
      vertex 105.5 -9.12382 22.871
      vertex 104.7 -9.20113 22.9177
      vertex 104.7 -9.12382 22.871
    endloop
  endfacet
  facet normal 0 -0.601964 -0.798523
    outer loop
      vertex 104.7 -9.12382 22.871
      vertex 105.5 -9.05232 22.8171
      vertex 105.5 -9.12382 22.871
    endloop
  endfacet
  facet normal -0 -0.601964 -0.798523
    outer loop
      vertex 105.5 -9.05232 22.8171
      vertex 104.7 -9.12382 22.871
      vertex 104.7 -9.05232 22.8171
    endloop
  endfacet
  facet normal 0 -0.681715 -0.731618
    outer loop
      vertex 104.7 -9.05232 22.8171
      vertex 105.5 -8.98664 22.7559
      vertex 105.5 -9.05232 22.8171
    endloop
  endfacet
  facet normal -0 -0.681715 -0.731618
    outer loop
      vertex 105.5 -8.98664 22.7559
      vertex 104.7 -9.05232 22.8171
      vertex 104.7 -8.98664 22.7559
    endloop
  endfacet
  facet normal 0 -0.744617 -0.667492
    outer loop
      vertex 104.7 -8.92649 22.6888
      vertex 105.5 -8.98664 22.7559
      vertex 104.7 -8.98664 22.7559
    endloop
  endfacet
  facet normal 0 -0.744617 -0.667492
    outer loop
      vertex 105.5 -8.98664 22.7559
      vertex 104.7 -8.92649 22.6888
      vertex 105.5 -8.92649 22.6888
    endloop
  endfacet
  facet normal 0 -0.795097 -0.606482
    outer loop
      vertex 104.7 -8.87157 22.6168
      vertex 105.5 -8.92649 22.6888
      vertex 104.7 -8.92649 22.6888
    endloop
  endfacet
  facet normal 0 -0.795097 -0.606482
    outer loop
      vertex 105.5 -8.92649 22.6888
      vertex 104.7 -8.87157 22.6168
      vertex 105.5 -8.87157 22.6168
    endloop
  endfacet
  facet normal 0 -0.839863 -0.542798
    outer loop
      vertex 104.7 -8.82187 22.5399
      vertex 105.5 -8.87157 22.6168
      vertex 104.7 -8.87157 22.6168
    endloop
  endfacet
  facet normal 0 -0.839863 -0.542798
    outer loop
      vertex 105.5 -8.87157 22.6168
      vertex 104.7 -8.82187 22.5399
      vertex 105.5 -8.82187 22.5399
    endloop
  endfacet
  facet normal 0 -0.878364 -0.477993
    outer loop
      vertex 104.7 -8.77741 22.4582
      vertex 105.5 -8.82187 22.5399
      vertex 104.7 -8.82187 22.5399
    endloop
  endfacet
  facet normal 0 -0.878364 -0.477993
    outer loop
      vertex 105.5 -8.82187 22.5399
      vertex 104.7 -8.77741 22.4582
      vertex 105.5 -8.77741 22.4582
    endloop
  endfacet
  facet normal 0 -0.910935 -0.41255
    outer loop
      vertex 104.7 -8.73819 22.3716
      vertex 105.5 -8.77741 22.4582
      vertex 104.7 -8.77741 22.4582
    endloop
  endfacet
  facet normal 0 -0.910935 -0.41255
    outer loop
      vertex 105.5 -8.77741 22.4582
      vertex 104.7 -8.73819 22.3716
      vertex 105.5 -8.73819 22.3716
    endloop
  endfacet
  facet normal 0 -0.937411 -0.348225
    outer loop
      vertex 104.7 -8.7042 22.2801
      vertex 105.5 -8.73819 22.3716
      vertex 104.7 -8.73819 22.3716
    endloop
  endfacet
  facet normal 0 -0.937411 -0.348225
    outer loop
      vertex 105.5 -8.73819 22.3716
      vertex 104.7 -8.7042 22.2801
      vertex 105.5 -8.7042 22.2801
    endloop
  endfacet
  facet normal 0 -0.958182 -0.286161
    outer loop
      vertex 104.7 -8.67544 22.1838
      vertex 105.5 -8.7042 22.2801
      vertex 104.7 -8.7042 22.2801
    endloop
  endfacet
  facet normal 0 -0.958182 -0.286161
    outer loop
      vertex 105.5 -8.7042 22.2801
      vertex 104.7 -8.67544 22.1838
      vertex 105.5 -8.67544 22.1838
    endloop
  endfacet
  facet normal 0 -0.973997 -0.22656
    outer loop
      vertex 104.7 -8.6519 22.0826
      vertex 105.5 -8.67544 22.1838
      vertex 104.7 -8.67544 22.1838
    endloop
  endfacet
  facet normal 0 -0.973997 -0.22656
    outer loop
      vertex 105.5 -8.67544 22.1838
      vertex 104.7 -8.6519 22.0826
      vertex 105.5 -8.6519 22.0826
    endloop
  endfacet
  facet normal 0 -0.985449 -0.169969
    outer loop
      vertex 104.7 -8.6336 21.9765
      vertex 105.5 -8.6519 22.0826
      vertex 104.7 -8.6519 22.0826
    endloop
  endfacet
  facet normal 0 -0.985449 -0.169969
    outer loop
      vertex 105.5 -8.6519 22.0826
      vertex 104.7 -8.6336 21.9765
      vertex 105.5 -8.6336 21.9765
    endloop
  endfacet
  facet normal 0 0.0494151 -0.998778
    outer loop
      vertex 104.7 -8.6336 21.9765
      vertex 105.5 -6.96813 22.0589
      vertex 105.5 -8.6336 21.9765
    endloop
  endfacet
  facet normal 0 0.0494151 -0.998778
    outer loop
      vertex 105.5 -6.96813 22.0589
      vertex 104.7 -8.6336 21.9765
      vertex 104.7 -6.96813 22.0589
    endloop
  endfacet
  facet normal 0 0.975513 0.219943
    outer loop
      vertex 105.5 -6.96813 22.0589
      vertex 104.7 -7.01674 22.2745
      vertex 105.5 -7.01674 22.2745
    endloop
  endfacet
  facet normal 0 0.975513 0.219943
    outer loop
      vertex 104.7 -7.01674 22.2745
      vertex 105.5 -6.96813 22.0589
      vertex 104.7 -6.96813 22.0589
    endloop
  endfacet
  facet normal 0 0.957026 0.290002
    outer loop
      vertex 105.5 -7.01674 22.2745
      vertex 104.7 -7.07886 22.4795
      vertex 105.5 -7.07886 22.4795
    endloop
  endfacet
  facet normal 0 0.957026 0.290002
    outer loop
      vertex 104.7 -7.07886 22.4795
      vertex 105.5 -7.01674 22.2745
      vertex 104.7 -7.01674 22.2745
    endloop
  endfacet
  facet normal 0 0.93194 0.362613
    outer loop
      vertex 105.5 -7.07886 22.4795
      vertex 104.7 -7.1545 22.6739
      vertex 105.5 -7.1545 22.6739
    endloop
  endfacet
  facet normal 0 0.93194 0.362613
    outer loop
      vertex 104.7 -7.1545 22.6739
      vertex 105.5 -7.07886 22.4795
      vertex 104.7 -7.07886 22.4795
    endloop
  endfacet
  facet normal 0 0.899747 0.436412
    outer loop
      vertex 105.5 -7.1545 22.6739
      vertex 104.7 -7.24365 22.8577
      vertex 105.5 -7.24365 22.8577
    endloop
  endfacet
  facet normal 0 0.899747 0.436412
    outer loop
      vertex 104.7 -7.24365 22.8577
      vertex 105.5 -7.1545 22.6739
      vertex 104.7 -7.1545 22.6739
    endloop
  endfacet
  facet normal 0 0.860242 0.509887
    outer loop
      vertex 105.5 -7.24365 22.8577
      vertex 104.7 -7.34631 23.0309
      vertex 105.5 -7.34631 23.0309
    endloop
  endfacet
  facet normal 0 0.860242 0.509887
    outer loop
      vertex 104.7 -7.34631 23.0309
      vertex 105.5 -7.24365 22.8577
      vertex 104.7 -7.24365 22.8577
    endloop
  endfacet
  facet normal 0 0.813646 0.581361
    outer loop
      vertex 105.5 -7.34631 23.0309
      vertex 104.7 -7.46249 23.1935
      vertex 105.5 -7.46249 23.1935
    endloop
  endfacet
  facet normal 0 0.813646 0.581361
    outer loop
      vertex 104.7 -7.46249 23.1935
      vertex 105.5 -7.34631 23.0309
      vertex 104.7 -7.34631 23.0309
    endloop
  endfacet
  facet normal 0 0.760728 0.649071
    outer loop
      vertex 105.5 -7.46249 23.1935
      vertex 104.7 -7.59218 23.3455
      vertex 105.5 -7.59218 23.3455
    endloop
  endfacet
  facet normal 0 0.760728 0.649071
    outer loop
      vertex 104.7 -7.59218 23.3455
      vertex 105.5 -7.46249 23.1935
      vertex 104.7 -7.46249 23.1935
    endloop
  endfacet
  facet normal -0 0.702571 0.711614
    outer loop
      vertex 104.7 -7.59218 23.3455
      vertex 105.5 -7.7354 23.4869
      vertex 105.5 -7.59218 23.3455
    endloop
  endfacet
  facet normal 0 0.702571 0.711614
    outer loop
      vertex 105.5 -7.7354 23.4869
      vertex 104.7 -7.59218 23.3455
      vertex 104.7 -7.7354 23.4869
    endloop
  endfacet
  facet normal -0 0.640762 0.767739
    outer loop
      vertex 104.7 -7.7354 23.4869
      vertex 105.5 -7.89212 23.6177
      vertex 105.5 -7.7354 23.4869
    endloop
  endfacet
  facet normal 0 0.640762 0.767739
    outer loop
      vertex 105.5 -7.89212 23.6177
      vertex 104.7 -7.7354 23.4869
      vertex 104.7 -7.89212 23.6177
    endloop
  endfacet
  facet normal -0 0.575779 0.817606
    outer loop
      vertex 104.7 -7.89212 23.6177
      vertex 105.5 -8.06039 23.7362
      vertex 105.5 -7.89212 23.6177
    endloop
  endfacet
  facet normal 0 0.575779 0.817606
    outer loop
      vertex 105.5 -8.06039 23.7362
      vertex 104.7 -7.89212 23.6177
      vertex 104.7 -8.06039 23.7362
    endloop
  endfacet
  facet normal -0 0.506978 0.861959
    outer loop
      vertex 104.7 -8.06039 23.7362
      vertex 105.5 -8.23823 23.8408
      vertex 105.5 -8.06039 23.7362
    endloop
  endfacet
  facet normal 0 0.506978 0.861959
    outer loop
      vertex 105.5 -8.23823 23.8408
      vertex 104.7 -8.06039 23.7362
      vertex 104.7 -8.23823 23.8408
    endloop
  endfacet
  facet normal -0 0.435184 0.900341
    outer loop
      vertex 104.7 -8.23823 23.8408
      vertex 105.5 -8.42567 23.9314
      vertex 105.5 -8.23823 23.8408
    endloop
  endfacet
  facet normal 0 0.435184 0.900341
    outer loop
      vertex 105.5 -8.42567 23.9314
      vertex 104.7 -8.23823 23.8408
      vertex 104.7 -8.42567 23.9314
    endloop
  endfacet
  facet normal -0 0.362748 0.931887
    outer loop
      vertex 104.7 -8.42567 23.9314
      vertex 105.5 -8.62271 24.0081
      vertex 105.5 -8.42567 23.9314
    endloop
  endfacet
  facet normal 0 0.362748 0.931887
    outer loop
      vertex 105.5 -8.62271 24.0081
      vertex 104.7 -8.42567 23.9314
      vertex 104.7 -8.62271 24.0081
    endloop
  endfacet
  facet normal -0 0.290393 0.956907
    outer loop
      vertex 104.7 -8.62271 24.0081
      vertex 105.5 -8.82932 24.0708
      vertex 105.5 -8.62271 24.0081
    endloop
  endfacet
  facet normal 0 0.290393 0.956907
    outer loop
      vertex 105.5 -8.82932 24.0708
      vertex 104.7 -8.62271 24.0081
      vertex 104.7 -8.82932 24.0708
    endloop
  endfacet
  facet normal -0 0.220158 0.975464
    outer loop
      vertex 104.7 -8.82932 24.0708
      vertex 105.5 -9.04554 24.1196
      vertex 105.5 -8.82932 24.0708
    endloop
  endfacet
  facet normal 0 0.220158 0.975464
    outer loop
      vertex 105.5 -9.04554 24.1196
      vertex 104.7 -8.82932 24.0708
      vertex 104.7 -9.04554 24.1196
    endloop
  endfacet
  facet normal -0 0.152741 0.988266
    outer loop
      vertex 104.7 -9.04554 24.1196
      vertex 105.5 -9.27135 24.1545
      vertex 105.5 -9.04554 24.1196
    endloop
  endfacet
  facet normal 0 0.152741 0.988266
    outer loop
      vertex 105.5 -9.27135 24.1545
      vertex 104.7 -9.04554 24.1196
      vertex 104.7 -9.27135 24.1545
    endloop
  endfacet
  facet normal -0 0.0884409 0.996081
    outer loop
      vertex 104.7 -9.27135 24.1545
      vertex 105.5 -9.50674 24.1754
      vertex 105.5 -9.27135 24.1545
    endloop
  endfacet
  facet normal 0 0.0884409 0.996081
    outer loop
      vertex 105.5 -9.50674 24.1754
      vertex 104.7 -9.27135 24.1545
      vertex 104.7 -9.50674 24.1754
    endloop
  endfacet
  facet normal -0 0.0285598 0.999592
    outer loop
      vertex 104.7 -9.50674 24.1754
      vertex 105.5 -9.75174 24.1824
      vertex 105.5 -9.50674 24.1754
    endloop
  endfacet
  facet normal 0 0.0285598 0.999592
    outer loop
      vertex 105.5 -9.75174 24.1824
      vertex 104.7 -9.50674 24.1754
      vertex 104.7 -9.75174 24.1824
    endloop
  endfacet
  facet normal 0 -0.0344557 0.999406
    outer loop
      vertex 104.7 -9.75174 24.1824
      vertex 105.5 -10.0679 24.1715
      vertex 105.5 -9.75174 24.1824
    endloop
  endfacet
  facet normal 0 -0.0344557 0.999406
    outer loop
      vertex 105.5 -10.0679 24.1715
      vertex 104.7 -9.75174 24.1824
      vertex 104.7 -10.0679 24.1715
    endloop
  endfacet
  facet normal 0 -0.10781 0.994172
    outer loop
      vertex 104.7 -10.0679 24.1715
      vertex 105.5 -10.3676 24.139
      vertex 105.5 -10.0679 24.1715
    endloop
  endfacet
  facet normal 0 -0.10781 0.994172
    outer loop
      vertex 105.5 -10.3676 24.139
      vertex 104.7 -10.0679 24.1715
      vertex 104.7 -10.3676 24.139
    endloop
  endfacet
  facet normal 0 -0.188243 0.982122
    outer loop
      vertex 104.7 -10.3676 24.139
      vertex 105.5 -10.6509 24.0847
      vertex 105.5 -10.3676 24.139
    endloop
  endfacet
  facet normal 0 -0.188243 0.982122
    outer loop
      vertex 105.5 -10.6509 24.0847
      vertex 104.7 -10.3676 24.139
      vertex 104.7 -10.6509 24.0847
    endloop
  endfacet
  facet normal 0 -0.273959 0.961741
    outer loop
      vertex 104.7 -10.6509 24.0847
      vertex 105.5 -10.9177 24.0087
      vertex 105.5 -10.6509 24.0847
    endloop
  endfacet
  facet normal 0 -0.273959 0.961741
    outer loop
      vertex 105.5 -10.9177 24.0087
      vertex 104.7 -10.6509 24.0847
      vertex 104.7 -10.9177 24.0087
    endloop
  endfacet
  facet normal 0 -0.363361 0.931648
    outer loop
      vertex 104.7 -10.9177 24.0087
      vertex 105.5 -11.1682 23.911
      vertex 105.5 -10.9177 24.0087
    endloop
  endfacet
  facet normal 0 -0.363361 0.931648
    outer loop
      vertex 105.5 -11.1682 23.911
      vertex 104.7 -10.9177 24.0087
      vertex 104.7 -11.1682 23.911
    endloop
  endfacet
  facet normal 0 -0.454809 0.890589
    outer loop
      vertex 104.7 -11.1682 23.911
      vertex 105.5 -11.4022 23.7915
      vertex 105.5 -11.1682 23.911
    endloop
  endfacet
  facet normal 0 -0.454809 0.890589
    outer loop
      vertex 105.5 -11.4022 23.7915
      vertex 104.7 -11.1682 23.911
      vertex 104.7 -11.4022 23.7915
    endloop
  endfacet
  facet normal 0 -0.544066 0.839042
    outer loop
      vertex 104.7 -11.4022 23.7915
      vertex 105.5 -11.6198 23.6504
      vertex 105.5 -11.4022 23.7915
    endloop
  endfacet
  facet normal 0 -0.544066 0.839042
    outer loop
      vertex 105.5 -11.6198 23.6504
      vertex 104.7 -11.4022 23.7915
      vertex 104.7 -11.6198 23.6504
    endloop
  endfacet
  facet normal 0 -0.629254 0.7772
    outer loop
      vertex 104.7 -11.6198 23.6504
      vertex 105.5 -11.821 23.4875
      vertex 105.5 -11.6198 23.6504
    endloop
  endfacet
  facet normal 0 -0.629254 0.7772
    outer loop
      vertex 105.5 -11.821 23.4875
      vertex 104.7 -11.6198 23.6504
      vertex 104.7 -11.821 23.4875
    endloop
  endfacet
  facet normal 0 -0.706532 0.707681
    outer loop
      vertex 104.7 -11.821 23.4875
      vertex 105.5 -12.0058 23.303
      vertex 105.5 -11.821 23.4875
    endloop
  endfacet
  facet normal 0 -0.706532 0.707681
    outer loop
      vertex 105.5 -12.0058 23.303
      vertex 104.7 -11.821 23.4875
      vertex 104.7 -12.0058 23.303
    endloop
  endfacet
  facet normal 0 -0.774498 0.632576
    outer loop
      vertex 104.7 -12.1725 23.0989
      vertex 105.5 -12.0058 23.303
      vertex 104.7 -12.0058 23.303
    endloop
  endfacet
  facet normal 0 -0.774498 0.632576
    outer loop
      vertex 105.5 -12.0058 23.303
      vertex 104.7 -12.1725 23.0989
      vertex 105.5 -12.1725 23.0989
    endloop
  endfacet
  facet normal 0 -0.832687 0.553744
    outer loop
      vertex 104.7 -12.3196 22.8777
      vertex 105.5 -12.1725 23.0989
      vertex 104.7 -12.1725 23.0989
    endloop
  endfacet
  facet normal 0 -0.832687 0.553744
    outer loop
      vertex 105.5 -12.1725 23.0989
      vertex 104.7 -12.3196 22.8777
      vertex 105.5 -12.3196 22.8777
    endloop
  endfacet
  facet normal 0 -0.881892 0.471452
    outer loop
      vertex 104.7 -12.4471 22.6392
      vertex 105.5 -12.3196 22.8777
      vertex 104.7 -12.3196 22.8777
    endloop
  endfacet
  facet normal 0 -0.881892 0.471452
    outer loop
      vertex 105.5 -12.3196 22.8777
      vertex 104.7 -12.4471 22.6392
      vertex 105.5 -12.4471 22.6392
    endloop
  endfacet
  facet normal 0 -0.921275 0.388911
    outer loop
      vertex 104.7 -12.555 22.3836
      vertex 105.5 -12.4471 22.6392
      vertex 104.7 -12.4471 22.6392
    endloop
  endfacet
  facet normal 0 -0.921275 0.388911
    outer loop
      vertex 105.5 -12.4471 22.6392
      vertex 104.7 -12.555 22.3836
      vertex 105.5 -12.555 22.3836
    endloop
  endfacet
  facet normal 0 -0.951436 0.307848
    outer loop
      vertex 104.7 -12.6433 22.1107
      vertex 105.5 -12.555 22.3836
      vertex 104.7 -12.555 22.3836
    endloop
  endfacet
  facet normal 0 -0.951436 0.307848
    outer loop
      vertex 105.5 -12.555 22.3836
      vertex 104.7 -12.6433 22.1107
      vertex 105.5 -12.6433 22.1107
    endloop
  endfacet
  facet normal 0 -0.973161 0.230124
    outer loop
      vertex 104.7 -12.7119 21.8206
      vertex 105.5 -12.6433 22.1107
      vertex 104.7 -12.6433 22.1107
    endloop
  endfacet
  facet normal 0 -0.973161 0.230124
    outer loop
      vertex 105.5 -12.6433 22.1107
      vertex 104.7 -12.7119 21.8206
      vertex 105.5 -12.7119 21.8206
    endloop
  endfacet
  facet normal 0 -0.987475 0.157777
    outer loop
      vertex 104.7 -12.761 21.5133
      vertex 105.5 -12.7119 21.8206
      vertex 104.7 -12.7119 21.8206
    endloop
  endfacet
  facet normal 0 -0.987475 0.157777
    outer loop
      vertex 105.5 -12.7119 21.8206
      vertex 104.7 -12.761 21.5133
      vertex 105.5 -12.761 21.5133
    endloop
  endfacet
  facet normal 0 -0.995921 0.0902313
    outer loop
      vertex 104.7 -12.7904 21.1888
      vertex 105.5 -12.761 21.5133
      vertex 104.7 -12.761 21.5133
    endloop
  endfacet
  facet normal 0 -0.995921 0.0902313
    outer loop
      vertex 105.5 -12.761 21.5133
      vertex 104.7 -12.7904 21.1888
      vertex 105.5 -12.7904 21.1888
    endloop
  endfacet
  facet normal 0 -0.999589 0.0286683
    outer loop
      vertex 104.7 -12.8002 20.8471
      vertex 105.5 -12.7904 21.1888
      vertex 104.7 -12.7904 21.1888
    endloop
  endfacet
  facet normal 0 -0.999589 0.0286683
    outer loop
      vertex 105.5 -12.7904 21.1888
      vertex 104.7 -12.8002 20.8471
      vertex 105.5 -12.8002 20.8471
    endloop
  endfacet
  facet normal 0 -0.999579 -0.029021
    outer loop
      vertex 104.7 -12.7905 20.513
      vertex 105.5 -12.8002 20.8471
      vertex 104.7 -12.8002 20.8471
    endloop
  endfacet
  facet normal 0 -0.999579 -0.029021
    outer loop
      vertex 105.5 -12.8002 20.8471
      vertex 104.7 -12.7905 20.513
      vertex 105.5 -12.7905 20.513
    endloop
  endfacet
  facet normal 0 -0.995792 -0.0916393
    outer loop
      vertex 104.7 -12.7613 20.1957
      vertex 105.5 -12.7905 20.513
      vertex 104.7 -12.7905 20.513
    endloop
  endfacet
  facet normal 0 -0.995792 -0.0916393
    outer loop
      vertex 105.5 -12.7905 20.513
      vertex 104.7 -12.7613 20.1957
      vertex 105.5 -12.7613 20.1957
    endloop
  endfacet
  facet normal 0 -0.987129 -0.159924
    outer loop
      vertex 104.7 -12.7126 19.8951
      vertex 105.5 -12.7613 20.1957
      vertex 104.7 -12.7613 20.1957
    endloop
  endfacet
  facet normal 0 -0.987129 -0.159924
    outer loop
      vertex 105.5 -12.7613 20.1957
      vertex 104.7 -12.7126 19.8951
      vertex 105.5 -12.7126 19.8951
    endloop
  endfacet
  facet normal 0 -0.9723 -0.233736
    outer loop
      vertex 104.7 -12.6444 19.6114
      vertex 105.5 -12.7126 19.8951
      vertex 104.7 -12.7126 19.8951
    endloop
  endfacet
  facet normal 0 -0.9723 -0.233736
    outer loop
      vertex 105.5 -12.7126 19.8951
      vertex 104.7 -12.6444 19.6114
      vertex 105.5 -12.6444 19.6114
    endloop
  endfacet
  facet normal 0 -0.950167 -0.31174
    outer loop
      vertex 104.7 -12.5568 19.3444
      vertex 105.5 -12.6444 19.6114
      vertex 104.7 -12.6444 19.6114
    endloop
  endfacet
  facet normal 0 -0.950167 -0.31174
    outer loop
      vertex 105.5 -12.6444 19.6114
      vertex 104.7 -12.5568 19.3444
      vertex 105.5 -12.5568 19.3444
    endloop
  endfacet
  facet normal 0 -0.919373 -0.393387
    outer loop
      vertex 104.7 -12.4497 19.0941
      vertex 105.5 -12.5568 19.3444
      vertex 104.7 -12.5568 19.3444
    endloop
  endfacet
  facet normal 0 -0.919373 -0.393387
    outer loop
      vertex 105.5 -12.5568 19.3444
      vertex 104.7 -12.4497 19.0941
      vertex 105.5 -12.4497 19.0941
    endloop
  endfacet
  facet normal 0 -0.879016 -0.476793
    outer loop
      vertex 104.7 -12.3231 18.8607
      vertex 105.5 -12.4497 19.0941
      vertex 104.7 -12.4497 19.0941
    endloop
  endfacet
  facet normal 0 -0.879016 -0.476793
    outer loop
      vertex 105.5 -12.4497 19.0941
      vertex 104.7 -12.3231 18.8607
      vertex 105.5 -12.3231 18.8607
    endloop
  endfacet
  facet normal 0 -0.829332 -0.558756
    outer loop
      vertex 104.7 -12.1771 18.644
      vertex 105.5 -12.3231 18.8607
      vertex 104.7 -12.3231 18.8607
    endloop
  endfacet
  facet normal 0 -0.829332 -0.558756
    outer loop
      vertex 105.5 -12.3231 18.8607
      vertex 104.7 -12.1771 18.644
      vertex 105.5 -12.1771 18.644
    endloop
  endfacet
  facet normal 0 -0.77027 -0.637718
    outer loop
      vertex 104.7 -12.0116 18.4441
      vertex 105.5 -12.1771 18.644
      vertex 104.7 -12.1771 18.644
    endloop
  endfacet
  facet normal 0 -0.77027 -0.637718
    outer loop
      vertex 105.5 -12.1771 18.644
      vertex 104.7 -12.0116 18.4441
      vertex 105.5 -12.0116 18.4441
    endloop
  endfacet
  facet normal 0 -0.702238 -0.711943
    outer loop
      vertex 104.7 -12.0116 18.4441
      vertex 105.5 -11.8282 18.2632
      vertex 105.5 -12.0116 18.4441
    endloop
  endfacet
  facet normal -0 -0.702238 -0.711943
    outer loop
      vertex 105.5 -11.8282 18.2632
      vertex 104.7 -12.0116 18.4441
      vertex 104.7 -11.8282 18.2632
    endloop
  endfacet
  facet normal 0 -0.624265 -0.781212
    outer loop
      vertex 104.7 -11.8282 18.2632
      vertex 105.5 -11.6286 18.1037
      vertex 105.5 -11.8282 18.2632
    endloop
  endfacet
  facet normal -0 -0.624265 -0.781212
    outer loop
      vertex 105.5 -11.6286 18.1037
      vertex 104.7 -11.8282 18.2632
      vertex 104.7 -11.6286 18.1037
    endloop
  endfacet
  facet normal 0 -0.53922 -0.842165
    outer loop
      vertex 104.7 -11.6286 18.1037
      vertex 105.5 -11.4126 17.9654
      vertex 105.5 -11.6286 18.1037
    endloop
  endfacet
  facet normal -0 -0.53922 -0.842165
    outer loop
      vertex 105.5 -11.4126 17.9654
      vertex 104.7 -11.6286 18.1037
      vertex 104.7 -11.4126 17.9654
    endloop
  endfacet
  facet normal 0 -0.450287 -0.892884
    outer loop
      vertex 104.7 -11.4126 17.9654
      vertex 105.5 -11.1804 17.8483
      vertex 105.5 -11.4126 17.9654
    endloop
  endfacet
  facet normal -0 -0.450287 -0.892884
    outer loop
      vertex 105.5 -11.1804 17.8483
      vertex 104.7 -11.4126 17.9654
      vertex 104.7 -11.1804 17.8483
    endloop
  endfacet
  facet normal 0 -0.359382 -0.933191
    outer loop
      vertex 104.7 -11.1804 17.8483
      vertex 105.5 -10.9319 17.7526
      vertex 105.5 -11.1804 17.8483
    endloop
  endfacet
  facet normal -0 -0.359382 -0.933191
    outer loop
      vertex 105.5 -10.9319 17.7526
      vertex 104.7 -11.1804 17.8483
      vertex 104.7 -10.9319 17.7526
    endloop
  endfacet
  facet normal 0 -0.270925 -0.962601
    outer loop
      vertex 104.7 -10.9319 17.7526
      vertex 105.5 -10.6672 17.6781
      vertex 105.5 -10.9319 17.7526
    endloop
  endfacet
  facet normal -0 -0.270925 -0.962601
    outer loop
      vertex 105.5 -10.6672 17.6781
      vertex 104.7 -10.9319 17.7526
      vertex 104.7 -10.6672 17.6781
    endloop
  endfacet
  facet normal 0 -0.185956 -0.982558
    outer loop
      vertex 104.7 -10.6672 17.6781
      vertex 105.5 -10.3861 17.6249
      vertex 105.5 -10.6672 17.6781
    endloop
  endfacet
  facet normal -0 -0.185956 -0.982558
    outer loop
      vertex 105.5 -10.3861 17.6249
      vertex 104.7 -10.6672 17.6781
      vertex 104.7 -10.3861 17.6249
    endloop
  endfacet
  facet normal 0 -0.106687 -0.994293
    outer loop
      vertex 104.7 -10.3861 17.6249
      vertex 105.5 -10.0888 17.593
      vertex 105.5 -10.3861 17.6249
    endloop
  endfacet
  facet normal -0 -0.106687 -0.994293
    outer loop
      vertex 105.5 -10.0888 17.593
      vertex 104.7 -10.3861 17.6249
      vertex 104.7 -10.0888 17.593
    endloop
  endfacet
  facet normal 0 -0.0337871 -0.999429
    outer loop
      vertex 104.7 -10.0888 17.593
      vertex 105.5 -9.77525 17.5824
      vertex 105.5 -10.0888 17.593
    endloop
  endfacet
  facet normal -0 -0.0337871 -0.999429
    outer loop
      vertex 105.5 -9.77525 17.5824
      vertex 104.7 -10.0888 17.593
      vertex 104.7 -9.77525 17.5824
    endloop
  endfacet
  facet normal 0 0.0200644 -0.999799
    outer loop
      vertex 104.7 -9.77525 17.5824
      vertex 105.5 -9.60583 17.5858
      vertex 105.5 -9.77525 17.5824
    endloop
  endfacet
  facet normal 0 0.0200644 -0.999799
    outer loop
      vertex 105.5 -9.60583 17.5858
      vertex 104.7 -9.77525 17.5824
      vertex 104.7 -9.60583 17.5858
    endloop
  endfacet
  facet normal 0 0.154952 -0.987922
    outer loop
      vertex 104.7 -2.83289 17.6037
      vertex 105.5 -2.42421 17.6678
      vertex 105.5 -2.83289 17.6037
    endloop
  endfacet
  facet normal 0 0.154952 -0.987922
    outer loop
      vertex 105.5 -2.42421 17.6678
      vertex 104.7 -2.83289 17.6037
      vertex 104.7 -2.42421 17.6678
    endloop
  endfacet
  facet normal 0 0.274178 -0.961679
    outer loop
      vertex 104.7 -2.42421 17.6678
      vertex 105.5 -2.04996 17.7745
      vertex 105.5 -2.42421 17.6678
    endloop
  endfacet
  facet normal 0 0.274178 -0.961679
    outer loop
      vertex 105.5 -2.04996 17.7745
      vertex 104.7 -2.42421 17.6678
      vertex 104.7 -2.04996 17.7745
    endloop
  endfacet
  facet normal 0 0.402702 -0.915331
    outer loop
      vertex 104.7 -2.04996 17.7745
      vertex 105.5 -1.71015 17.924
      vertex 105.5 -2.04996 17.7745
    endloop
  endfacet
  facet normal 0 0.402702 -0.915331
    outer loop
      vertex 105.5 -1.71015 17.924
      vertex 104.7 -2.04996 17.7745
      vertex 104.7 -1.71015 17.924
    endloop
  endfacet
  facet normal 0 0.532463 -0.846453
    outer loop
      vertex 104.7 -1.71015 17.924
      vertex 105.5 -1.40477 18.1161
      vertex 105.5 -1.71015 17.924
    endloop
  endfacet
  facet normal 0 0.532463 -0.846453
    outer loop
      vertex 105.5 -1.40477 18.1161
      vertex 104.7 -1.71015 17.924
      vertex 104.7 -1.40477 18.1161
    endloop
  endfacet
  facet normal 0 0.65508 -0.755559
    outer loop
      vertex 104.7 -1.40477 18.1161
      vertex 105.5 -1.13384 18.351
      vertex 105.5 -1.40477 18.1161
    endloop
  endfacet
  facet normal 0 0.65508 -0.755559
    outer loop
      vertex 105.5 -1.13384 18.351
      vertex 104.7 -1.40477 18.1161
      vertex 104.7 -1.13384 18.351
    endloop
  endfacet
  facet normal 0 0.761215 -0.6485
    outer loop
      vertex 105.5 -1.13384 18.351
      vertex 104.7 -0.897345 18.6286
      vertex 105.5 -0.897345 18.6286
    endloop
  endfacet
  facet normal 0 0.761215 -0.6485
    outer loop
      vertex 104.7 -0.897345 18.6286
      vertex 105.5 -1.13384 18.351
      vertex 104.7 -1.13384 18.351
    endloop
  endfacet
  facet normal 0 0.845689 -0.533677
    outer loop
      vertex 105.5 -0.897345 18.6286
      vertex 104.7 -0.695281 18.9488
      vertex 105.5 -0.695281 18.9488
    endloop
  endfacet
  facet normal 0 0.845689 -0.533677
    outer loop
      vertex 104.7 -0.695281 18.9488
      vertex 105.5 -0.897345 18.6286
      vertex 104.7 -0.897345 18.6286
    endloop
  endfacet
  facet normal 0 0.907869 -0.419253
    outer loop
      vertex 105.5 -0.695281 18.9488
      vertex 104.7 -0.527648 19.3118
      vertex 105.5 -0.527648 19.3118
    endloop
  endfacet
  facet normal 0 0.907869 -0.419253
    outer loop
      vertex 104.7 -0.527648 19.3118
      vertex 105.5 -0.695281 18.9488
      vertex 104.7 -0.695281 18.9488
    endloop
  endfacet
  facet normal -0 0.0863649 0.996264
    outer loop
      vertex 104.7 -0.527648 19.3118
      vertex 105.5 -2.08725 19.447
      vertex 105.5 -0.527648 19.3118
    endloop
  endfacet
  facet normal 0 0.0863649 0.996264
    outer loop
      vertex 105.5 -2.08725 19.447
      vertex 104.7 -0.527648 19.3118
      vertex 104.7 -2.08725 19.447
    endloop
  endfacet
  facet normal 0 -0.937716 0.347403
    outer loop
      vertex 104.7 -2.14623 19.2878
      vertex 105.5 -2.08725 19.447
      vertex 104.7 -2.08725 19.447
    endloop
  endfacet
  facet normal 0 -0.937716 0.347403
    outer loop
      vertex 105.5 -2.08725 19.447
      vertex 104.7 -2.14623 19.2878
      vertex 105.5 -2.14623 19.2878
    endloop
  endfacet
  facet normal 0 -0.882231 0.470816
    outer loop
      vertex 104.7 -2.22121 19.1473
      vertex 105.5 -2.14623 19.2878
      vertex 104.7 -2.14623 19.2878
    endloop
  endfacet
  facet normal 0 -0.882231 0.470816
    outer loop
      vertex 105.5 -2.14623 19.2878
      vertex 104.7 -2.22121 19.1473
      vertex 105.5 -2.22121 19.1473
    endloop
  endfacet
  facet normal 0 -0.801261 0.598315
    outer loop
      vertex 104.7 -2.31216 19.0255
      vertex 105.5 -2.22121 19.1473
      vertex 104.7 -2.22121 19.1473
    endloop
  endfacet
  facet normal 0 -0.801261 0.598315
    outer loop
      vertex 105.5 -2.22121 19.1473
      vertex 104.7 -2.31216 19.0255
      vertex 105.5 -2.31216 19.0255
    endloop
  endfacet
  facet normal 0 -0.693714 0.72025
    outer loop
      vertex 104.7 -2.31216 19.0255
      vertex 105.5 -2.4191 18.9225
      vertex 105.5 -2.31216 19.0255
    endloop
  endfacet
  facet normal 0 -0.693714 0.72025
    outer loop
      vertex 105.5 -2.4191 18.9225
      vertex 104.7 -2.31216 19.0255
      vertex 104.7 -2.4191 18.9225
    endloop
  endfacet
  facet normal 0 -0.565552 0.824713
    outer loop
      vertex 104.7 -2.4191 18.9225
      vertex 105.5 -2.54203 18.8382
      vertex 105.5 -2.4191 18.9225
    endloop
  endfacet
  facet normal 0 -0.565552 0.824713
    outer loop
      vertex 105.5 -2.54203 18.8382
      vertex 104.7 -2.4191 18.9225
      vertex 104.7 -2.54203 18.8382
    endloop
  endfacet
  facet normal 0 -0.427026 0.90424
    outer loop
      vertex 104.7 -2.54203 18.8382
      vertex 105.5 -2.68094 18.7726
      vertex 105.5 -2.54203 18.8382
    endloop
  endfacet
  facet normal 0 -0.427026 0.90424
    outer loop
      vertex 105.5 -2.68094 18.7726
      vertex 104.7 -2.54203 18.8382
      vertex 104.7 -2.68094 18.7726
    endloop
  endfacet
  facet normal 0 -0.289802 0.957087
    outer loop
      vertex 104.7 -2.68094 18.7726
      vertex 105.5 -2.83583 18.7257
      vertex 105.5 -2.68094 18.7726
    endloop
  endfacet
  facet normal 0 -0.289802 0.957087
    outer loop
      vertex 105.5 -2.83583 18.7257
      vertex 104.7 -2.68094 18.7726
      vertex 104.7 -2.83583 18.7257
    endloop
  endfacet
  facet normal 0 -0.162264 0.986747
    outer loop
      vertex 104.7 -2.83583 18.7257
      vertex 105.5 -3.00671 18.6976
      vertex 105.5 -2.83583 18.7257
    endloop
  endfacet
  facet normal 0 -0.162264 0.986747
    outer loop
      vertex 105.5 -3.00671 18.6976
      vertex 104.7 -2.83583 18.7257
      vertex 104.7 -3.00671 18.6976
    endloop
  endfacet
  facet normal 0 -0.0497084 0.998764
    outer loop
      vertex 104.7 -3.00671 18.6976
      vertex 105.5 -3.19357 18.6883
      vertex 105.5 -3.00671 18.6976
    endloop
  endfacet
  facet normal 0 -0.0497084 0.998764
    outer loop
      vertex 105.5 -3.19357 18.6883
      vertex 104.7 -3.00671 18.6976
      vertex 104.7 -3.19357 18.6883
    endloop
  endfacet
  facet normal -0 0.0420985 0.999113
    outer loop
      vertex 104.7 -3.19357 18.6883
      vertex 105.5 -3.33122 18.6941
      vertex 105.5 -3.19357 18.6883
    endloop
  endfacet
  facet normal 0 0.0420985 0.999113
    outer loop
      vertex 105.5 -3.33122 18.6941
      vertex 104.7 -3.19357 18.6883
      vertex 104.7 -3.33122 18.6941
    endloop
  endfacet
  facet normal -0 0.133686 0.991024
    outer loop
      vertex 104.7 -3.33122 18.6941
      vertex 105.5 -3.46169 18.7117
      vertex 105.5 -3.33122 18.6941
    endloop
  endfacet
  facet normal 0 0.133686 0.991024
    outer loop
      vertex 105.5 -3.46169 18.7117
      vertex 104.7 -3.33122 18.6941
      vertex 104.7 -3.46169 18.7117
    endloop
  endfacet
  facet normal -0 0.230535 0.973064
    outer loop
      vertex 104.7 -3.46169 18.7117
      vertex 105.5 -3.58494 18.7409
      vertex 105.5 -3.46169 18.7117
    endloop
  endfacet
  facet normal 0 0.230535 0.973064
    outer loop
      vertex 105.5 -3.58494 18.7409
      vertex 104.7 -3.46169 18.7117
      vertex 104.7 -3.58494 18.7409
    endloop
  endfacet
  facet normal -0 0.332344 0.943158
    outer loop
      vertex 104.7 -3.58494 18.7409
      vertex 105.5 -3.70101 18.7818
      vertex 105.5 -3.58494 18.7409
    endloop
  endfacet
  facet normal 0 0.332344 0.943158
    outer loop
      vertex 105.5 -3.70101 18.7818
      vertex 104.7 -3.58494 18.7409
      vertex 104.7 -3.70101 18.7818
    endloop
  endfacet
  facet normal -0 0.434999 0.900431
    outer loop
      vertex 104.7 -3.70101 18.7818
      vertex 105.5 -3.80989 18.8344
      vertex 105.5 -3.70101 18.7818
    endloop
  endfacet
  facet normal 0 0.434999 0.900431
    outer loop
      vertex 105.5 -3.80989 18.8344
      vertex 104.7 -3.70101 18.7818
      vertex 104.7 -3.80989 18.8344
    endloop
  endfacet
  facet normal -0 0.534437 0.845208
    outer loop
      vertex 104.7 -3.80989 18.8344
      vertex 105.5 -3.91158 18.8987
      vertex 105.5 -3.80989 18.8344
    endloop
  endfacet
  facet normal 0 0.534437 0.845208
    outer loop
      vertex 105.5 -3.91158 18.8987
      vertex 104.7 -3.80989 18.8344
      vertex 104.7 -3.91158 18.8987
    endloop
  endfacet
  facet normal -0 0.626785 0.779192
    outer loop
      vertex 104.7 -3.91158 18.8987
      vertex 105.5 -4.00606 18.9747
      vertex 105.5 -3.91158 18.8987
    endloop
  endfacet
  facet normal 0 0.626785 0.779192
    outer loop
      vertex 105.5 -4.00606 18.9747
      vertex 104.7 -3.91158 18.8987
      vertex 104.7 -4.00606 18.9747
    endloop
  endfacet
  facet normal 0 0.708762 0.705448
    outer loop
      vertex 105.5 -4.00606 18.9747
      vertex 104.7 -4.09335 19.0624
      vertex 105.5 -4.09335 19.0624
    endloop
  endfacet
  facet normal 0 0.708762 0.705448
    outer loop
      vertex 104.7 -4.09335 19.0624
      vertex 105.5 -4.00606 18.9747
      vertex 104.7 -4.00606 18.9747
    endloop
  endfacet
  facet normal 0 0.778339 0.627844
    outer loop
      vertex 105.5 -4.09335 19.0624
      vertex 104.7 -4.17345 19.1617
      vertex 105.5 -4.17345 19.1617
    endloop
  endfacet
  facet normal 0 0.778339 0.627844
    outer loop
      vertex 104.7 -4.17345 19.1617
      vertex 105.5 -4.09335 19.0624
      vertex 104.7 -4.09335 19.0624
    endloop
  endfacet
  facet normal 0 0.837804 0.54597
    outer loop
      vertex 105.5 -4.17345 19.1617
      vertex 104.7 -4.24572 19.2726
      vertex 105.5 -4.24572 19.2726
    endloop
  endfacet
  facet normal 0 0.837804 0.54597
    outer loop
      vertex 104.7 -4.24572 19.2726
      vertex 105.5 -4.17345 19.1617
      vertex 104.7 -4.17345 19.1617
    endloop
  endfacet
  facet normal 0 0.886449 0.462827
    outer loop
      vertex 105.5 -4.24572 19.2726
      vertex 104.7 -4.30947 19.3947
      vertex 105.5 -4.30947 19.3947
    endloop
  endfacet
  facet normal 0 0.886449 0.462827
    outer loop
      vertex 104.7 -4.30947 19.3947
      vertex 105.5 -4.24572 19.2726
      vertex 104.7 -4.24572 19.2726
    endloop
  endfacet
  facet normal 0 0.92387 0.382707
    outer loop
      vertex 105.5 -4.30947 19.3947
      vertex 104.7 -4.36473 19.5281
      vertex 105.5 -4.36473 19.5281
    endloop
  endfacet
  facet normal 0 0.92387 0.382707
    outer loop
      vertex 104.7 -4.36473 19.5281
      vertex 105.5 -4.30947 19.3947
      vertex 104.7 -4.30947 19.3947
    endloop
  endfacet
  facet normal 0 0.951526 0.307568
    outer loop
      vertex 105.5 -4.36473 19.5281
      vertex 104.7 -4.41147 19.6727
      vertex 105.5 -4.41147 19.6727
    endloop
  endfacet
  facet normal 0 0.951526 0.307568
    outer loop
      vertex 104.7 -4.41147 19.6727
      vertex 105.5 -4.36473 19.5281
      vertex 104.7 -4.36473 19.5281
    endloop
  endfacet
  facet normal 0 0.971181 0.238341
    outer loop
      vertex 105.5 -4.41147 19.6727
      vertex 104.7 -4.44973 19.8286
      vertex 105.5 -4.44973 19.8286
    endloop
  endfacet
  facet normal 0 0.971181 0.238341
    outer loop
      vertex 104.7 -4.44973 19.8286
      vertex 105.5 -4.41147 19.6727
      vertex 104.7 -4.41147 19.6727
    endloop
  endfacet
  facet normal 0 0.984537 0.175179
    outer loop
      vertex 105.5 -4.44973 19.8286
      vertex 104.7 -4.47948 19.9958
      vertex 105.5 -4.47948 19.9958
    endloop
  endfacet
  facet normal 0 0.984537 0.175179
    outer loop
      vertex 104.7 -4.47948 19.9958
      vertex 105.5 -4.44973 19.8286
      vertex 104.7 -4.44973 19.8286
    endloop
  endfacet
  facet normal 0 0.992987 0.118223
    outer loop
      vertex 105.5 -4.47948 19.9958
      vertex 104.7 -4.50072 20.1742
      vertex 105.5 -4.50072 20.1742
    endloop
  endfacet
  facet normal 0 0.992987 0.118223
    outer loop
      vertex 104.7 -4.50072 20.1742
      vertex 105.5 -4.47948 19.9958
      vertex 104.7 -4.47948 19.9958
    endloop
  endfacet
  facet normal 0 0.997747 0.0670953
    outer loop
      vertex 105.5 -4.50072 20.1742
      vertex 104.7 -4.51347 20.3638
      vertex 105.5 -4.51347 20.3638
    endloop
  endfacet
  facet normal 0 0.997747 0.0670953
    outer loop
      vertex 104.7 -4.51347 20.3638
      vertex 105.5 -4.50072 20.1742
      vertex 104.7 -4.50072 20.1742
    endloop
  endfacet
  facet normal 0 0.999777 0.0211396
    outer loop
      vertex 105.5 -4.51347 20.3638
      vertex 104.7 -4.51772 20.5648
      vertex 105.5 -4.51772 20.5648
    endloop
  endfacet
  facet normal 0 0.999777 0.0211396
    outer loop
      vertex 104.7 -4.51772 20.5648
      vertex 105.5 -4.51347 20.3638
      vertex 104.7 -4.51347 20.3638
    endloop
  endfacet
  facet normal 0 0 -1
    outer loop
      vertex 104.7 -4.51772 20.5648
      vertex 105.5 -0.433496 20.5648
      vertex 105.5 -4.51772 20.5648
    endloop
  endfacet
  facet normal -0 0 -1
    outer loop
      vertex 105.5 -0.433496 20.5648
      vertex 104.7 -4.51772 20.5648
      vertex 104.7 -0.433496 20.5648
    endloop
  endfacet
  facet normal 0 1 -0
    outer loop
      vertex 105.5 -0.433496 20.5648
      vertex 104.7 -0.433496 20.6118
      vertex 105.5 -0.433496 20.6118
    endloop
  endfacet
  facet normal 0 1 0
    outer loop
      vertex 104.7 -0.433496 20.6118
      vertex 105.5 -0.433496 20.5648
      vertex 104.7 -0.433496 20.5648
    endloop
  endfacet
  facet normal 0 0.999722 0.0235703
    outer loop
      vertex 105.5 -0.433496 20.6118
      vertex 104.7 -0.442434 20.9909
      vertex 105.5 -0.442434 20.9909
    endloop
  endfacet
  facet normal 0 0.999722 0.0235703
    outer loop
      vertex 104.7 -0.442434 20.9909
      vertex 105.5 -0.433496 20.6118
      vertex 104.7 -0.433496 20.6118
    endloop
  endfacet
  facet normal 0 0.997214 0.0745976
    outer loop
      vertex 105.5 -0.442434 20.9909
      vertex 104.7 -0.469237 21.3492
      vertex 105.5 -0.469237 21.3492
    endloop
  endfacet
  facet normal 0 0.997214 0.0745976
    outer loop
      vertex 104.7 -0.469237 21.3492
      vertex 105.5 -0.442434 20.9909
      vertex 104.7 -0.442434 20.9909
    endloop
  endfacet
  facet normal 0 0.991346 0.131275
    outer loop
      vertex 105.5 -0.469237 21.3492
      vertex 104.7 -0.513916 21.6866
      vertex 105.5 -0.513916 21.6866
    endloop
  endfacet
  facet normal 0 0.991346 0.131275
    outer loop
      vertex 104.7 -0.513916 21.6866
      vertex 105.5 -0.469237 21.3492
      vertex 104.7 -0.469237 21.3492
    endloop
  endfacet
  facet normal 0 0.981033 0.193839
    outer loop
      vertex 105.5 -0.513916 21.6866
      vertex 104.7 -0.576472 22.0032
      vertex 105.5 -0.576472 22.0032
    endloop
  endfacet
  facet normal 0 0.981033 0.193839
    outer loop
      vertex 104.7 -0.576472 22.0032
      vertex 105.5 -0.513916 21.6866
      vertex 104.7 -0.513916 21.6866
    endloop
  endfacet
  facet normal 0 0.964962 0.262389
    outer loop
      vertex 105.5 -0.576472 22.0032
      vertex 104.7 -0.656905 22.299
      vertex 105.5 -0.656905 22.299
    endloop
  endfacet
  facet normal 0 0.964962 0.262389
    outer loop
      vertex 104.7 -0.656905 22.299
      vertex 105.5 -0.576472 22.0032
      vertex 104.7 -0.576472 22.0032
    endloop
  endfacet
  facet normal 0 0.941598 0.336739
    outer loop
      vertex 105.5 -0.656905 22.299
      vertex 104.7 -0.755216 22.5739
      vertex 105.5 -0.755216 22.5739
    endloop
  endfacet
  facet normal 0 0.941598 0.336739
    outer loop
      vertex 104.7 -0.755216 22.5739
      vertex 105.5 -0.656905 22.299
      vertex 104.7 -0.656905 22.299
    endloop
  endfacet
  facet normal 0 0.909457 0.415798
    outer loop
      vertex 105.5 -0.755216 22.5739
      vertex 104.7 -0.871389 22.828
      vertex 105.5 -0.871389 22.828
    endloop
  endfacet
  facet normal 0 0.909457 0.415798
    outer loop
      vertex 104.7 -0.871389 22.828
      vertex 105.5 -0.755216 22.5739
      vertex 104.7 -0.755216 22.5739
    endloop
  endfacet
  facet normal 0 0.866969 0.498362
    outer loop
      vertex 105.5 -0.871389 22.828
      vertex 104.7 -1.00544 23.0612
      vertex 105.5 -1.00544 23.0612
    endloop
  endfacet
  facet normal 0 0.866969 0.498362
    outer loop
      vertex 104.7 -1.00544 23.0612
      vertex 105.5 -0.871389 22.828
      vertex 104.7 -0.871389 22.828
    endloop
  endfacet
  facet normal 0 0.813361 0.58176
    outer loop
      vertex 105.5 -1.00544 23.0612
      vertex 104.7 -1.15736 23.2736
      vertex 105.5 -1.15736 23.2736
    endloop
  endfacet
  facet normal 0 0.813361 0.58176
    outer loop
      vertex 104.7 -1.15736 23.2736
      vertex 105.5 -1.00544 23.0612
      vertex 104.7 -1.00544 23.0612
    endloop
  endfacet
  facet normal 0 0.748697 0.662913
    outer loop
      vertex 105.5 -1.15736 23.2736
      vertex 104.7 -1.32621 23.4643
      vertex 105.5 -1.32621 23.4643
    endloop
  endfacet
  facet normal 0 0.748697 0.662913
    outer loop
      vertex 104.7 -1.32621 23.4643
      vertex 105.5 -1.15736 23.2736
      vertex 104.7 -1.15736 23.2736
    endloop
  endfacet
  facet normal -0 0.67325 0.739415
    outer loop
      vertex 104.7 -1.32621 23.4643
      vertex 105.5 -1.51105 23.6326
      vertex 105.5 -1.32621 23.4643
    endloop
  endfacet
  facet normal 0 0.67325 0.739415
    outer loop
      vertex 105.5 -1.51105 23.6326
      vertex 104.7 -1.32621 23.4643
      vertex 104.7 -1.51105 23.6326
    endloop
  endfacet
  facet normal -0 0.587774 0.809025
    outer loop
      vertex 104.7 -1.51105 23.6326
      vertex 105.5 -1.71187 23.7785
      vertex 105.5 -1.51105 23.6326
    endloop
  endfacet
  facet normal 0 0.587774 0.809025
    outer loop
      vertex 105.5 -1.71187 23.7785
      vertex 104.7 -1.51105 23.6326
      vertex 104.7 -1.71187 23.7785
    endloop
  endfacet
  facet normal -0 0.49467 0.869081
    outer loop
      vertex 104.7 -1.71187 23.7785
      vertex 105.5 -1.92867 23.9019
      vertex 105.5 -1.71187 23.7785
    endloop
  endfacet
  facet normal 0 0.49467 0.869081
    outer loop
      vertex 105.5 -1.92867 23.9019
      vertex 104.7 -1.71187 23.7785
      vertex 104.7 -1.92867 23.9019
    endloop
  endfacet
  facet normal -0 0.398006 0.917383
    outer loop
      vertex 104.7 -1.92867 23.9019
      vertex 105.5 -2.16147 24.0029
      vertex 105.5 -1.92867 23.9019
    endloop
  endfacet
  facet normal 0 0.398006 0.917383
    outer loop
      vertex 105.5 -2.16147 24.0029
      vertex 104.7 -1.92867 23.9019
      vertex 104.7 -2.16147 24.0029
    endloop
  endfacet
  facet normal -0 0.300915 0.953651
    outer loop
      vertex 104.7 -2.16147 24.0029
      vertex 105.5 -2.41025 24.0814
      vertex 105.5 -2.16147 24.0029
    endloop
  endfacet
  facet normal 0 0.300915 0.953651
    outer loop
      vertex 105.5 -2.41025 24.0814
      vertex 104.7 -2.16147 24.0029
      vertex 104.7 -2.41025 24.0814
    endloop
  endfacet
  facet normal -0 0.20728 0.978282
    outer loop
      vertex 104.7 -2.41025 24.0814
      vertex 105.5 -2.67502 24.1375
      vertex 105.5 -2.41025 24.0814
    endloop
  endfacet
  facet normal 0 0.20728 0.978282
    outer loop
      vertex 105.5 -2.67502 24.1375
      vertex 104.7 -2.41025 24.0814
      vertex 104.7 -2.67502 24.1375
    endloop
  endfacet
  facet normal -0 0.11918 0.992873
    outer loop
      vertex 104.7 -2.67502 24.1375
      vertex 105.5 -2.95577 24.1712
      vertex 105.5 -2.67502 24.1375
    endloop
  endfacet
  facet normal 0 0.11918 0.992873
    outer loop
      vertex 105.5 -2.95577 24.1712
      vertex 104.7 -2.67502 24.1375
      vertex 104.7 -2.95577 24.1712
    endloop
  endfacet
  facet normal -0 0.0377179 0.999288
    outer loop
      vertex 104.7 -2.95577 24.1712
      vertex 105.5 -3.2525 24.1824
      vertex 105.5 -2.95577 24.1712
    endloop
  endfacet
  facet normal 0 0.0377179 0.999288
    outer loop
      vertex 105.5 -3.2525 24.1824
      vertex 104.7 -2.95577 24.1712
      vertex 104.7 -3.2525 24.1824
    endloop
  endfacet
  facet normal 0 -0.0337396 0.999431
    outer loop
      vertex 104.7 -3.2525 24.1824
      vertex 105.5 -3.56353 24.1719
      vertex 105.5 -3.2525 24.1824
    endloop
  endfacet
  facet normal 0 -0.0337396 0.999431
    outer loop
      vertex 105.5 -3.56353 24.1719
      vertex 104.7 -3.2525 24.1824
      vertex 104.7 -3.56353 24.1719
    endloop
  endfacet
  facet normal 0 -0.105541 0.994415
    outer loop
      vertex 104.7 -3.56353 24.1719
      vertex 105.5 -3.85844 24.1406
      vertex 105.5 -3.56353 24.1719
    endloop
  endfacet
  facet normal 0 -0.105541 0.994415
    outer loop
      vertex 105.5 -3.85844 24.1406
      vertex 104.7 -3.56353 24.1719
      vertex 104.7 -3.85844 24.1406
    endloop
  endfacet
  facet normal 0 -0.184393 0.982853
    outer loop
      vertex 104.7 -3.85844 24.1406
      vertex 105.5 -4.13721 24.0883
      vertex 105.5 -3.85844 24.1406
    endloop
  endfacet
  facet normal 0 -0.184393 0.982853
    outer loop
      vertex 105.5 -4.13721 24.0883
      vertex 104.7 -3.85844 24.1406
      vertex 104.7 -4.13721 24.0883
    endloop
  endfacet
  facet normal 0 -0.268467 0.963289
    outer loop
      vertex 104.7 -4.13721 24.0883
      vertex 105.5 -4.39986 24.0151
      vertex 105.5 -4.13721 24.0883
    endloop
  endfacet
  facet normal 0 -0.268467 0.963289
    outer loop
      vertex 105.5 -4.39986 24.0151
      vertex 104.7 -4.13721 24.0883
      vertex 104.7 -4.39986 24.0151
    endloop
  endfacet
  facet normal 0 -0.356629 0.934246
    outer loop
      vertex 104.7 -4.39986 24.0151
      vertex 105.5 -4.64637 23.921
      vertex 105.5 -4.39986 24.0151
    endloop
  endfacet
  facet normal 0 -0.356629 0.934246
    outer loop
      vertex 105.5 -4.64637 23.921
      vertex 104.7 -4.39986 24.0151
      vertex 104.7 -4.64637 23.921
    endloop
  endfacet
  facet normal 0 -0.446934 0.894567
    outer loop
      vertex 104.7 -4.64637 23.921
      vertex 105.5 -4.87675 23.8059
      vertex 105.5 -4.64637 23.921
    endloop
  endfacet
  facet normal 0 -0.446934 0.894567
    outer loop
      vertex 105.5 -4.87675 23.8059
      vertex 104.7 -4.64637 23.921
      vertex 104.7 -4.87675 23.8059
    endloop
  endfacet
  facet normal 0 -0.53562 0.844459
    outer loop
      vertex 104.7 -4.87675 23.8059
      vertex 105.5 -5.09101 23.67
      vertex 105.5 -4.87675 23.8059
    endloop
  endfacet
  facet normal 0 -0.53562 0.844459
    outer loop
      vertex 105.5 -5.09101 23.67
      vertex 104.7 -4.87675 23.8059
      vertex 104.7 -5.09101 23.67
    endloop
  endfacet
  facet normal 0 -0.620817 0.783955
    outer loop
      vertex 104.7 -5.09101 23.67
      vertex 105.5 -5.28914 23.5131
      vertex 105.5 -5.09101 23.67
    endloop
  endfacet
  facet normal 0 -0.620817 0.783955
    outer loop
      vertex 105.5 -5.28914 23.5131
      vertex 104.7 -5.09101 23.67
      vertex 104.7 -5.28914 23.5131
    endloop
  endfacet
  facet normal 0 -0.698805 0.715312
    outer loop
      vertex 104.7 -5.28914 23.5131
      vertex 105.5 -5.47114 23.3353
      vertex 105.5 -5.28914 23.5131
    endloop
  endfacet
  facet normal 0 -0.698805 0.715312
    outer loop
      vertex 105.5 -5.47114 23.3353
      vertex 104.7 -5.28914 23.5131
      vertex 104.7 -5.47114 23.3353
    endloop
  endfacet
  facet normal 0 -0.768343 0.640039
    outer loop
      vertex 104.7 -5.63541 23.1381
      vertex 105.5 -5.47114 23.3353
      vertex 104.7 -5.47114 23.3353
    endloop
  endfacet
  facet normal 0 -0.768343 0.640039
    outer loop
      vertex 105.5 -5.47114 23.3353
      vertex 104.7 -5.63541 23.1381
      vertex 105.5 -5.63541 23.1381
    endloop
  endfacet
  facet normal 0 -0.829523 0.558473
    outer loop
      vertex 104.7 -5.78036 22.9228
      vertex 105.5 -5.63541 23.1381
      vertex 104.7 -5.63541 23.1381
    endloop
  endfacet
  facet normal 0 -0.829523 0.558473
    outer loop
      vertex 105.5 -5.63541 23.1381
      vertex 104.7 -5.78036 22.9228
      vertex 105.5 -5.78036 22.9228
    endloop
  endfacet
  facet normal 0 -0.880407 0.474219
    outer loop
      vertex 104.7 -5.90597 22.6896
      vertex 105.5 -5.78036 22.9228
      vertex 104.7 -5.78036 22.9228
    endloop
  endfacet
  facet normal 0 -0.880407 0.474219
    outer loop
      vertex 105.5 -5.78036 22.9228
      vertex 104.7 -5.90597 22.6896
      vertex 105.5 -5.90597 22.6896
    endloop
  endfacet
  facet normal 0 -0.920993 0.38958
    outer loop
      vertex 104.7 -6.01227 22.4383
      vertex 105.5 -5.90597 22.6896
      vertex 104.7 -5.90597 22.6896
    endloop
  endfacet
  facet normal 0 -0.920993 0.38958
    outer loop
      vertex 105.5 -5.90597 22.6896
      vertex 104.7 -6.01227 22.4383
      vertex 105.5 -6.01227 22.4383
    endloop
  endfacet
  facet normal 0 -0.951606 0.30732
    outer loop
      vertex 104.7 -6.09924 22.169
      vertex 105.5 -6.01227 22.4383
      vertex 104.7 -6.01227 22.4383
    endloop
  endfacet
  facet normal 0 -0.951606 0.30732
    outer loop
      vertex 105.5 -6.01227 22.4383
      vertex 104.7 -6.09924 22.169
      vertex 105.5 -6.09924 22.169
    endloop
  endfacet
  facet normal 0 -0.973387 0.229168
    outer loop
      vertex 104.7 -6.16688 21.8817
      vertex 105.5 -6.09924 22.169
      vertex 104.7 -6.09924 22.169
    endloop
  endfacet
  facet normal 0 -0.973387 0.229168
    outer loop
      vertex 105.5 -6.09924 22.169
      vertex 104.7 -6.16688 21.8817
      vertex 105.5 -6.16688 21.8817
    endloop
  endfacet
  facet normal 0 -0.987711 0.156293
    outer loop
      vertex 104.7 -6.21519 21.5764
      vertex 105.5 -6.16688 21.8817
      vertex 104.7 -6.16688 21.8817
    endloop
  endfacet
  facet normal 0 -0.987711 0.156293
    outer loop
      vertex 105.5 -6.16688 21.8817
      vertex 104.7 -6.21519 21.5764
      vertex 105.5 -6.21519 21.5764
    endloop
  endfacet
  facet normal 0 -0.996004 0.0893107
    outer loop
      vertex 104.7 -6.24418 21.2531
      vertex 105.5 -6.21519 21.5764
      vertex 104.7 -6.21519 21.5764
    endloop
  endfacet
  facet normal 0 -0.996004 0.0893107
    outer loop
      vertex 105.5 -6.21519 21.5764
      vertex 104.7 -6.24418 21.2531
      vertex 105.5 -6.24418 21.2531
    endloop
  endfacet
  facet normal 0 -0.999599 0.0283215
    outer loop
      vertex 104.7 -6.25385 20.9118
      vertex 105.5 -6.24418 21.2531
      vertex 104.7 -6.24418 21.2531
    endloop
  endfacet
  facet normal 0 -0.999599 0.0283215
    outer loop
      vertex 105.5 -6.24418 21.2531
      vertex 104.7 -6.25385 20.9118
      vertex 105.5 -6.25385 20.9118
    endloop
  endfacet
  facet normal 0 -0.999635 -0.0270332
    outer loop
      vertex 104.7 -6.24432 20.5594
      vertex 105.5 -6.25385 20.9118
      vertex 104.7 -6.25385 20.9118
    endloop
  endfacet
  facet normal 0 -0.999635 -0.0270332
    outer loop
      vertex 105.5 -6.25385 20.9118
      vertex 104.7 -6.24432 20.5594
      vertex 105.5 -6.24432 20.5594
    endloop
  endfacet
  facet normal 0 -0.996351 -0.085346
    outer loop
      vertex 104.7 -6.21577 20.2261
      vertex 105.5 -6.24432 20.5594
      vertex 104.7 -6.24432 20.5594
    endloop
  endfacet
  facet normal 0 -0.996351 -0.085346
    outer loop
      vertex 105.5 -6.24432 20.5594
      vertex 104.7 -6.21577 20.2261
      vertex 105.5 -6.21577 20.2261
    endloop
  endfacet
  facet normal 0 -0.988714 -0.149818
    outer loop
      vertex 104.7 -6.16819 19.9121
      vertex 105.5 -6.21577 20.2261
      vertex 104.7 -6.21577 20.2261
    endloop
  endfacet
  facet normal 0 -0.988714 -0.149818
    outer loop
      vertex 105.5 -6.21577 20.2261
      vertex 104.7 -6.16819 19.9121
      vertex 105.5 -6.16819 19.9121
    endloop
  endfacet
  facet normal 0 -0.975388 -0.220497
    outer loop
      vertex 104.7 -6.10157 19.6174
      vertex 105.5 -6.16819 19.9121
      vertex 104.7 -6.16819 19.9121
    endloop
  endfacet
  facet normal 0 -0.975388 -0.220497
    outer loop
      vertex 105.5 -6.16819 19.9121
      vertex 104.7 -6.10157 19.6174
      vertex 105.5 -6.10157 19.6174
    endloop
  endfacet
  facet normal 0 -0.954907 -0.296905
    outer loop
      vertex 104.7 -6.01591 19.3419
      vertex 105.5 -6.10157 19.6174
      vertex 104.7 -6.10157 19.6174
    endloop
  endfacet
  facet normal 0 -0.954907 -0.296905
    outer loop
      vertex 105.5 -6.10157 19.6174
      vertex 104.7 -6.01591 19.3419
      vertex 105.5 -6.01591 19.3419
    endloop
  endfacet
  facet normal 0 -0.925698 -0.378264
    outer loop
      vertex 104.7 -5.91122 19.0857
      vertex 105.5 -6.01591 19.3419
      vertex 104.7 -6.01591 19.3419
    endloop
  endfacet
  facet normal 0 -0.925698 -0.378264
    outer loop
      vertex 105.5 -6.01591 19.3419
      vertex 104.7 -5.91122 19.0857
      vertex 105.5 -5.91122 19.0857
    endloop
  endfacet
  facet normal 0 -0.886465 -0.462795
    outer loop
      vertex 104.7 -5.78749 18.8487
      vertex 105.5 -5.91122 19.0857
      vertex 104.7 -5.91122 19.0857
    endloop
  endfacet
  facet normal 0 -0.886465 -0.462795
    outer loop
      vertex 105.5 -5.91122 19.0857
      vertex 104.7 -5.78749 18.8487
      vertex 105.5 -5.78749 18.8487
    endloop
  endfacet
  facet normal 0 -0.836349 -0.548197
    outer loop
      vertex 104.7 -5.64473 18.6309
      vertex 105.5 -5.78749 18.8487
      vertex 104.7 -5.78749 18.8487
    endloop
  endfacet
  facet normal 0 -0.836349 -0.548197
    outer loop
      vertex 105.5 -5.78749 18.8487
      vertex 104.7 -5.64473 18.6309
      vertex 105.5 -5.64473 18.6309
    endloop
  endfacet
  facet normal 0 -0.775141 -0.631789
    outer loop
      vertex 104.7 -5.48294 18.4324
      vertex 105.5 -5.64473 18.6309
      vertex 104.7 -5.64473 18.6309
    endloop
  endfacet
  facet normal 0 -0.775141 -0.631789
    outer loop
      vertex 105.5 -5.64473 18.6309
      vertex 104.7 -5.48294 18.4324
      vertex 105.5 -5.48294 18.4324
    endloop
  endfacet
  facet normal 0 -0.704851 -0.709355
    outer loop
      vertex 104.7 -5.48294 18.4324
      vertex 105.5 -5.3034 18.254
      vertex 105.5 -5.48294 18.4324
    endloop
  endfacet
  facet normal -0 -0.704851 -0.709355
    outer loop
      vertex 105.5 -5.3034 18.254
      vertex 104.7 -5.48294 18.4324
      vertex 104.7 -5.3034 18.254
    endloop
  endfacet
  facet normal 0 -0.626227 -0.779641
    outer loop
      vertex 104.7 -5.3034 18.254
      vertex 105.5 -5.10744 18.0966
      vertex 105.5 -5.3034 18.254
    endloop
  endfacet
  facet normal -0 -0.626227 -0.779641
    outer loop
      vertex 105.5 -5.10744 18.0966
      vertex 104.7 -5.3034 18.254
      vertex 104.7 -5.10744 18.0966
    endloop
  endfacet
  facet normal 0 -0.540674 -0.841233
    outer loop
      vertex 104.7 -5.10744 18.0966
      vertex 105.5 -4.89506 17.9601
      vertex 105.5 -5.10744 18.0966
    endloop
  endfacet
  facet normal -0 -0.540674 -0.841233
    outer loop
      vertex 105.5 -4.89506 17.9601
      vertex 104.7 -5.10744 18.0966
      vertex 104.7 -4.89506 17.9601
    endloop
  endfacet
  facet normal 0 -0.450364 -0.892845
    outer loop
      vertex 104.7 -4.89506 17.9601
      vertex 105.5 -4.66628 17.8447
      vertex 105.5 -4.89506 17.9601
    endloop
  endfacet
  facet normal -0 -0.450364 -0.892845
    outer loop
      vertex 105.5 -4.66628 17.8447
      vertex 104.7 -4.89506 17.9601
      vertex 104.7 -4.66628 17.8447
    endloop
  endfacet
  facet normal 0 -0.35926 -0.933238
    outer loop
      vertex 104.7 -4.66628 17.8447
      vertex 105.5 -4.42106 17.7503
      vertex 105.5 -4.66628 17.8447
    endloop
  endfacet
  facet normal -0 -0.35926 -0.933238
    outer loop
      vertex 105.5 -4.42106 17.7503
      vertex 104.7 -4.66628 17.8447
      vertex 104.7 -4.42106 17.7503
    endloop
  endfacet
  facet normal 0 -0.270461 -0.962731
    outer loop
      vertex 104.7 -4.42106 17.7503
      vertex 105.5 -4.15943 17.6768
      vertex 105.5 -4.42106 17.7503
    endloop
  endfacet
  facet normal -0 -0.270461 -0.962731
    outer loop
      vertex 105.5 -4.15943 17.6768
      vertex 104.7 -4.42106 17.7503
      vertex 104.7 -4.15943 17.6768
    endloop
  endfacet
  facet normal 0 -0.185189 -0.982703
    outer loop
      vertex 104.7 -4.15943 17.6768
      vertex 105.5 -3.88137 17.6244
      vertex 105.5 -4.15943 17.6768
    endloop
  endfacet
  facet normal -0 -0.185189 -0.982703
    outer loop
      vertex 105.5 -3.88137 17.6244
      vertex 104.7 -4.15943 17.6768
      vertex 104.7 -3.88137 17.6244
    endloop
  endfacet
  facet normal 0 -0.106365 -0.994327
    outer loop
      vertex 104.7 -3.88137 17.6244
      vertex 105.5 -3.5869 17.5929
      vertex 105.5 -3.88137 17.6244
    endloop
  endfacet
  facet normal -0 -0.106365 -0.994327
    outer loop
      vertex 105.5 -3.5869 17.5929
      vertex 104.7 -3.88137 17.6244
      vertex 104.7 -3.5869 17.5929
    endloop
  endfacet
  facet normal 0 -0.0337558 -0.99943
    outer loop
      vertex 104.7 -3.5869 17.5929
      vertex 105.5 -3.27602 17.5824
      vertex 105.5 -3.5869 17.5929
    endloop
  endfacet
  facet normal -0 -0.0337558 -0.99943
    outer loop
      vertex 105.5 -3.27602 17.5824
      vertex 104.7 -3.5869 17.5929
      vertex 104.7 -3.27602 17.5824
    endloop
  endfacet
  facet normal 0 0.0480117 -0.998847
    outer loop
      vertex 104.7 -3.27602 17.5824
      vertex 105.5 -2.83289 17.6037
      vertex 105.5 -3.27602 17.5824
    endloop
  endfacet
  facet normal 0 0.0480117 -0.998847
    outer loop
      vertex 105.5 -2.83289 17.6037
      vertex 104.7 -3.27602 17.5824
      vertex 104.7 -2.83289 17.6037
    endloop
  endfacet
  facet normal 0 0.998841 -0.0481415
    outer loop
      vertex 105.5 -4.50602 21.6001
      vertex 104.7 -4.4984 21.7582
      vertex 105.5 -4.4984 21.7582
    endloop
  endfacet
  facet normal 0 0.998841 -0.0481415
    outer loop
      vertex 104.7 -4.4984 21.7582
      vertex 105.5 -4.50602 21.6001
      vertex 104.7 -4.50602 21.6001
    endloop
  endfacet
  facet normal 0 0.99509 -0.0989786
    outer loop
      vertex 105.5 -4.4984 21.7582
      vertex 104.7 -4.48347 21.9083
      vertex 105.5 -4.48347 21.9083
    endloop
  endfacet
  facet normal 0 0.99509 -0.0989786
    outer loop
      vertex 104.7 -4.48347 21.9083
      vertex 105.5 -4.4984 21.7582
      vertex 104.7 -4.4984 21.7582
    endloop
  endfacet
  facet normal 0 0.98793 -0.154899
    outer loop
      vertex 105.5 -4.48347 21.9083
      vertex 104.7 -4.46119 22.0504
      vertex 105.5 -4.46119 22.0504
    endloop
  endfacet
  facet normal 0 0.98793 -0.154899
    outer loop
      vertex 104.7 -4.46119 22.0504
      vertex 105.5 -4.48347 21.9083
      vertex 104.7 -4.48347 21.9083
    endloop
  endfacet
  facet normal 0 0.976479 -0.215612
    outer loop
      vertex 105.5 -4.46119 22.0504
      vertex 104.7 -4.43158 22.1845
      vertex 105.5 -4.43158 22.1845
    endloop
  endfacet
  facet normal 0 0.976479 -0.215612
    outer loop
      vertex 104.7 -4.43158 22.1845
      vertex 105.5 -4.46119 22.0504
      vertex 104.7 -4.46119 22.0504
    endloop
  endfacet
  facet normal 0 0.95965 -0.281198
    outer loop
      vertex 105.5 -4.43158 22.1845
      vertex 104.7 -4.39463 22.3106
      vertex 105.5 -4.39463 22.3106
    endloop
  endfacet
  facet normal 0 0.95965 -0.281198
    outer loop
      vertex 104.7 -4.39463 22.3106
      vertex 105.5 -4.43158 22.1845
      vertex 104.7 -4.43158 22.1845
    endloop
  endfacet
  facet normal 0 0.93642 -0.35088
    outer loop
      vertex 105.5 -4.39463 22.3106
      vertex 104.7 -4.35034 22.4288
      vertex 105.5 -4.35034 22.4288
    endloop
  endfacet
  facet normal 0 0.93642 -0.35088
    outer loop
      vertex 104.7 -4.35034 22.4288
      vertex 105.5 -4.39463 22.3106
      vertex 104.7 -4.39463 22.3106
    endloop
  endfacet
  facet normal 0 0.905394 -0.424573
    outer loop
      vertex 105.5 -4.35034 22.4288
      vertex 104.7 -4.29871 22.5389
      vertex 105.5 -4.29871 22.5389
    endloop
  endfacet
  facet normal 0 0.905394 -0.424573
    outer loop
      vertex 104.7 -4.29871 22.5389
      vertex 105.5 -4.35034 22.4288
      vertex 104.7 -4.35034 22.4288
    endloop
  endfacet
  facet normal 0 0.866228 -0.499649
    outer loop
      vertex 105.5 -4.29871 22.5389
      vertex 104.7 -4.23976 22.6411
      vertex 105.5 -4.23976 22.6411
    endloop
  endfacet
  facet normal 0 0.866228 -0.499649
    outer loop
      vertex 104.7 -4.23976 22.6411
      vertex 105.5 -4.29871 22.5389
      vertex 104.7 -4.29871 22.5389
    endloop
  endfacet
  facet normal 0 0.81772 -0.575616
    outer loop
      vertex 105.5 -4.23976 22.6411
      vertex 104.7 -4.17345 22.7353
      vertex 105.5 -4.17345 22.7353
    endloop
  endfacet
  facet normal 0 0.81772 -0.575616
    outer loop
      vertex 104.7 -4.17345 22.7353
      vertex 105.5 -4.23976 22.6411
      vertex 104.7 -4.23976 22.6411
    endloop
  endfacet
  facet normal 0 0.758238 -0.651978
    outer loop
      vertex 105.5 -4.17345 22.7353
      vertex 104.7 -4.10019 22.8205
      vertex 105.5 -4.10019 22.8205
    endloop
  endfacet
  facet normal 0 0.758238 -0.651978
    outer loop
      vertex 104.7 -4.10019 22.8205
      vertex 105.5 -4.17345 22.7353
      vertex 104.7 -4.17345 22.7353
    endloop
  endfacet
  facet normal 0 0.68541 -0.728157
    outer loop
      vertex 104.7 -4.10019 22.8205
      vertex 105.5 -4.0203 22.8957
      vertex 105.5 -4.10019 22.8205
    endloop
  endfacet
  facet normal 0 0.68541 -0.728157
    outer loop
      vertex 105.5 -4.0203 22.8957
      vertex 104.7 -4.10019 22.8205
      vertex 104.7 -4.0203 22.8957
    endloop
  endfacet
  facet normal 0 0.601374 -0.798968
    outer loop
      vertex 104.7 -4.0203 22.8957
      vertex 105.5 -3.93381 22.9608
      vertex 105.5 -4.0203 22.8957
    endloop
  endfacet
  facet normal 0 0.601374 -0.798968
    outer loop
      vertex 105.5 -3.93381 22.9608
      vertex 104.7 -4.0203 22.8957
      vertex 104.7 -3.93381 22.9608
    endloop
  endfacet
  facet normal 0 0.509964 -0.860195
    outer loop
      vertex 104.7 -3.93381 22.9608
      vertex 105.5 -3.8407 23.016
      vertex 105.5 -3.93381 22.9608
    endloop
  endfacet
  facet normal 0 0.509964 -0.860195
    outer loop
      vertex 105.5 -3.8407 23.016
      vertex 104.7 -3.93381 22.9608
      vertex 104.7 -3.8407 23.016
    endloop
  endfacet
  facet normal 0 0.412115 -0.911132
    outer loop
      vertex 104.7 -3.8407 23.016
      vertex 105.5 -3.74099 23.0611
      vertex 105.5 -3.8407 23.016
    endloop
  endfacet
  facet normal 0 0.412115 -0.911132
    outer loop
      vertex 105.5 -3.74099 23.0611
      vertex 104.7 -3.8407 23.016
      vertex 104.7 -3.74099 23.0611
    endloop
  endfacet
  facet normal 0 0.31344 -0.949608
    outer loop
      vertex 104.7 -3.74099 23.0611
      vertex 105.5 -3.63465 23.0962
      vertex 105.5 -3.74099 23.0611
    endloop
  endfacet
  facet normal 0 0.31344 -0.949608
    outer loop
      vertex 105.5 -3.63465 23.0962
      vertex 104.7 -3.74099 23.0611
      vertex 104.7 -3.63465 23.0962
    endloop
  endfacet
  facet normal 0 0.216161 -0.976358
    outer loop
      vertex 104.7 -3.63465 23.0962
      vertex 105.5 -3.52173 23.1212
      vertex 105.5 -3.63465 23.0962
    endloop
  endfacet
  facet normal 0 0.216161 -0.976358
    outer loop
      vertex 105.5 -3.52173 23.1212
      vertex 104.7 -3.63465 23.0962
      vertex 104.7 -3.52173 23.1212
    endloop
  endfacet
  facet normal 0 0.125301 -0.992119
    outer loop
      vertex 104.7 -3.52173 23.1212
      vertex 105.5 -3.40217 23.1363
      vertex 105.5 -3.52173 23.1212
    endloop
  endfacet
  facet normal 0 0.125301 -0.992119
    outer loop
      vertex 105.5 -3.40217 23.1363
      vertex 104.7 -3.52173 23.1212
      vertex 104.7 -3.40217 23.1363
    endloop
  endfacet
  facet normal 0 0.0396043 -0.999215
    outer loop
      vertex 104.7 -3.40217 23.1363
      vertex 105.5 -3.27602 23.1413
      vertex 105.5 -3.40217 23.1363
    endloop
  endfacet
  facet normal 0 0.0396043 -0.999215
    outer loop
      vertex 105.5 -3.27602 23.1413
      vertex 104.7 -3.40217 23.1363
      vertex 104.7 -3.27602 23.1413
    endloop
  endfacet
  facet normal 0 -0.0403474 -0.999186
    outer loop
      vertex 104.7 -3.27602 23.1413
      vertex 105.5 -3.15715 23.1365
      vertex 105.5 -3.27602 23.1413
    endloop
  endfacet
  facet normal -0 -0.0403474 -0.999186
    outer loop
      vertex 105.5 -3.15715 23.1365
      vertex 104.7 -3.27602 23.1413
      vertex 104.7 -3.15715 23.1365
    endloop
  endfacet
  facet normal 0 -0.125166 -0.992136
    outer loop
      vertex 104.7 -3.15715 23.1365
      vertex 105.5 -3.0438 23.1222
      vertex 105.5 -3.15715 23.1365
    endloop
  endfacet
  facet normal -0 -0.125166 -0.992136
    outer loop
      vertex 105.5 -3.0438 23.1222
      vertex 104.7 -3.15715 23.1365
      vertex 104.7 -3.0438 23.1222
    endloop
  endfacet
  facet normal 0 -0.214686 -0.976683
    outer loop
      vertex 104.7 -3.0438 23.1222
      vertex 105.5 -2.93598 23.0985
      vertex 105.5 -3.0438 23.1222
    endloop
  endfacet
  facet normal -0 -0.214686 -0.976683
    outer loop
      vertex 105.5 -2.93598 23.0985
      vertex 104.7 -3.0438 23.1222
      vertex 104.7 -2.93598 23.0985
    endloop
  endfacet
  facet normal 0 -0.309555 -0.950882
    outer loop
      vertex 104.7 -2.93598 23.0985
      vertex 105.5 -2.83369 23.0652
      vertex 105.5 -2.93598 23.0985
    endloop
  endfacet
  facet normal -0 -0.309555 -0.950882
    outer loop
      vertex 105.5 -2.83369 23.0652
      vertex 104.7 -2.93598 23.0985
      vertex 104.7 -2.83369 23.0652
    endloop
  endfacet
  facet normal 0 -0.405244 -0.914208
    outer loop
      vertex 104.7 -2.83369 23.0652
      vertex 105.5 -2.73691 23.0223
      vertex 105.5 -2.83369 23.0652
    endloop
  endfacet
  facet normal -0 -0.405244 -0.914208
    outer loop
      vertex 105.5 -2.73691 23.0223
      vertex 104.7 -2.83369 23.0652
      vertex 104.7 -2.73691 23.0223
    endloop
  endfacet
  facet normal 0 -0.497265 -0.867599
    outer loop
      vertex 104.7 -2.73691 23.0223
      vertex 105.5 -2.64566 22.97
      vertex 105.5 -2.73691 23.0223
    endloop
  endfacet
  facet normal -0 -0.497265 -0.867599
    outer loop
      vertex 105.5 -2.64566 22.97
      vertex 104.7 -2.73691 23.0223
      vertex 104.7 -2.64566 22.97
    endloop
  endfacet
  facet normal 0 -0.584768 -0.8112
    outer loop
      vertex 104.7 -2.64566 22.97
      vertex 105.5 -2.55993 22.9082
      vertex 105.5 -2.64566 22.97
    endloop
  endfacet
  facet normal -0 -0.584768 -0.8112
    outer loop
      vertex 105.5 -2.55993 22.9082
      vertex 104.7 -2.64566 22.97
      vertex 104.7 -2.55993 22.9082
    endloop
  endfacet
  facet normal 0 -0.664988 -0.746854
    outer loop
      vertex 104.7 -2.55993 22.9082
      vertex 105.5 -2.47974 22.8368
      vertex 105.5 -2.55993 22.9082
    endloop
  endfacet
  facet normal -0 -0.664988 -0.746854
    outer loop
      vertex 105.5 -2.47974 22.8368
      vertex 104.7 -2.55993 22.9082
      vertex 104.7 -2.47974 22.8368
    endloop
  endfacet
  facet normal 0 -0.734744 -0.678344
    outer loop
      vertex 104.7 -2.40505 22.7559
      vertex 105.5 -2.47974 22.8368
      vertex 104.7 -2.47974 22.8368
    endloop
  endfacet
  facet normal 0 -0.734744 -0.678344
    outer loop
      vertex 105.5 -2.47974 22.8368
      vertex 104.7 -2.40505 22.7559
      vertex 105.5 -2.40505 22.7559
    endloop
  endfacet
  facet normal 0 -0.796621 -0.604479
    outer loop
      vertex 104.7 -2.33653 22.6656
      vertex 105.5 -2.40505 22.7559
      vertex 104.7 -2.40505 22.7559
    endloop
  endfacet
  facet normal 0 -0.796621 -0.604479
    outer loop
      vertex 105.5 -2.40505 22.7559
      vertex 104.7 -2.33653 22.6656
      vertex 105.5 -2.33653 22.6656
    endloop
  endfacet
  facet normal 0 -0.850847 -0.525413
    outer loop
      vertex 104.7 -2.27484 22.5657
      vertex 105.5 -2.33653 22.6656
      vertex 104.7 -2.33653 22.6656
    endloop
  endfacet
  facet normal 0 -0.850847 -0.525413
    outer loop
      vertex 105.5 -2.33653 22.6656
      vertex 104.7 -2.27484 22.5657
      vertex 105.5 -2.27484 22.5657
    endloop
  endfacet
  facet normal 0 -0.893904 -0.448259
    outer loop
      vertex 104.7 -2.21998 22.4563
      vertex 105.5 -2.27484 22.5657
      vertex 104.7 -2.27484 22.5657
    endloop
  endfacet
  facet normal 0 -0.893904 -0.448259
    outer loop
      vertex 105.5 -2.27484 22.5657
      vertex 104.7 -2.21998 22.4563
      vertex 105.5 -2.21998 22.4563
    endloop
  endfacet
  facet normal 0 -0.927317 -0.374278
    outer loop
      vertex 104.7 -2.17195 22.3373
      vertex 105.5 -2.21998 22.4563
      vertex 104.7 -2.21998 22.4563
    endloop
  endfacet
  facet normal 0 -0.927317 -0.374278
    outer loop
      vertex 105.5 -2.21998 22.4563
      vertex 104.7 -2.17195 22.3373
      vertex 105.5 -2.17195 22.3373
    endloop
  endfacet
  facet normal 0 -0.952183 -0.305529
    outer loop
      vertex 104.7 -2.13075 22.2089
      vertex 105.5 -2.17195 22.3373
      vertex 104.7 -2.17195 22.3373
    endloop
  endfacet
  facet normal 0 -0.952183 -0.305529
    outer loop
      vertex 105.5 -2.17195 22.3373
      vertex 104.7 -2.13075 22.2089
      vertex 105.5 -2.13075 22.2089
    endloop
  endfacet
  facet normal 0 -0.9703 -0.241906
    outer loop
      vertex 104.7 -2.09637 22.071
      vertex 105.5 -2.13075 22.2089
      vertex 104.7 -2.13075 22.2089
    endloop
  endfacet
  facet normal 0 -0.9703 -0.241906
    outer loop
      vertex 105.5 -2.13075 22.2089
      vertex 104.7 -2.09637 22.071
      vertex 105.5 -2.09637 22.071
    endloop
  endfacet
  facet normal 0 -0.983012 -0.18354
    outer loop
      vertex 104.7 -2.06883 21.9235
      vertex 105.5 -2.09637 22.071
      vertex 104.7 -2.09637 22.071
    endloop
  endfacet
  facet normal 0 -0.983012 -0.18354
    outer loop
      vertex 105.5 -2.09637 22.071
      vertex 104.7 -2.06883 21.9235
      vertex 105.5 -2.06883 21.9235
    endloop
  endfacet
  facet normal 0 -0.991412 -0.130778
    outer loop
      vertex 104.7 -2.04812 21.7665
      vertex 105.5 -2.06883 21.9235
      vertex 104.7 -2.06883 21.9235
    endloop
  endfacet
  facet normal 0 -0.991412 -0.130778
    outer loop
      vertex 105.5 -2.06883 21.9235
      vertex 104.7 -2.04812 21.7665
      vertex 105.5 -2.04812 21.7665
    endloop
  endfacet
  facet normal 0 -0.996534 -0.0831843
    outer loop
      vertex 104.7 -2.03423 21.6001
      vertex 105.5 -2.04812 21.7665
      vertex 104.7 -2.04812 21.7665
    endloop
  endfacet
  facet normal 0 -0.996534 -0.0831843
    outer loop
      vertex 105.5 -2.04812 21.7665
      vertex 104.7 -2.03423 21.6001
      vertex 105.5 -2.03423 21.6001
    endloop
  endfacet
  facet normal -0 0 1
    outer loop
      vertex 104.7 -2.03423 21.6001
      vertex 105.5 -4.50602 21.6001
      vertex 105.5 -2.03423 21.6001
    endloop
  endfacet
  facet normal 0 0 1
    outer loop
      vertex 105.5 -4.50602 21.6001
      vertex 104.7 -2.03423 21.6001
      vertex 104.7 -4.50602 21.6001
    endloop
  endfacet
  facet normal -0 0 1
    outer loop
      vertex 104.7 6.4718 24.0648
      vertex 105.5 4.74159 24.0648
      vertex 105.5 6.4718 24.0648
    endloop
  endfacet
  facet normal 0 0 1
    outer loop
      vertex 105.5 4.74159 24.0648
      vertex 104.7 6.4718 24.0648
      vertex 104.7 4.74159 24.0648
    endloop
  endfacet
  facet normal 0 -0.950425 0.310954
    outer loop
      vertex 104.7 4.49356 23.3067
      vertex 105.5 4.74159 24.0648
      vertex 104.7 4.74159 24.0648
    endloop
  endfacet
  facet normal 0 -0.950425 0.310954
    outer loop
      vertex 105.5 4.74159 24.0648
      vertex 104.7 4.49356 23.3067
      vertex 105.5 4.49356 23.3067
    endloop
  endfacet
  facet normal 0 -0.950592 0.310442
    outer loop
      vertex 104.7 4.26992 22.6219
      vertex 105.5 4.49356 23.3067
      vertex 104.7 4.49356 23.3067
    endloop
  endfacet
  facet normal 0 -0.950592 0.310442
    outer loop
      vertex 105.5 4.49356 23.3067
      vertex 104.7 4.26992 22.6219
      vertex 105.5 4.26992 22.6219
    endloop
  endfacet
  facet normal 0 -0.950808 0.309782
    outer loop
      vertex 104.7 4.07072 22.0105
      vertex 105.5 4.26992 22.6219
      vertex 104.7 4.26992 22.6219
    endloop
  endfacet
  facet normal 0 -0.950808 0.309782
    outer loop
      vertex 105.5 4.26992 22.6219
      vertex 104.7 4.07072 22.0105
      vertex 105.5 4.07072 22.0105
    endloop
  endfacet
  facet normal 0 -0.951072 0.30897
    outer loop
      vertex 104.7 3.89591 21.4724
      vertex 105.5 4.07072 22.0105
      vertex 104.7 4.07072 22.0105
    endloop
  endfacet
  facet normal 0 -0.951072 0.30897
    outer loop
      vertex 105.5 4.07072 22.0105
      vertex 104.7 3.89591 21.4724
      vertex 105.5 3.89591 21.4724
    endloop
  endfacet
  facet normal 0 -0.951411 0.307924
    outer loop
      vertex 104.7 3.74551 21.0077
      vertex 105.5 3.89591 21.4724
      vertex 104.7 3.89591 21.4724
    endloop
  endfacet
  facet normal 0 -0.951411 0.307924
    outer loop
      vertex 105.5 3.89591 21.4724
      vertex 104.7 3.74551 21.0077
      vertex 105.5 3.74551 21.0077
    endloop
  endfacet
  facet normal 0 -0.951899 0.306412
    outer loop
      vertex 104.7 3.61952 20.6163
      vertex 105.5 3.74551 21.0077
      vertex 104.7 3.74551 21.0077
    endloop
  endfacet
  facet normal 0 -0.951899 0.306412
    outer loop
      vertex 105.5 3.74551 21.0077
      vertex 104.7 3.61952 20.6163
      vertex 105.5 3.61952 20.6163
    endloop
  endfacet
  facet normal 0 -0.952581 0.304287
    outer loop
      vertex 104.7 3.51794 20.2983
      vertex 105.5 3.61952 20.6163
      vertex 104.7 3.61952 20.6163
    endloop
  endfacet
  facet normal 0 -0.952581 0.304287
    outer loop
      vertex 105.5 3.61952 20.6163
      vertex 104.7 3.51794 20.2983
      vertex 105.5 3.51794 20.2983
    endloop
  endfacet
  facet normal 0 -0.95371 0.300728
    outer loop
      vertex 104.7 3.44078 20.0536
      vertex 105.5 3.51794 20.2983
      vertex 104.7 3.51794 20.2983
    endloop
  endfacet
  facet normal 0 -0.95371 0.300728
    outer loop
      vertex 105.5 3.51794 20.2983
      vertex 104.7 3.44078 20.0536
      vertex 105.5 3.44078 20.0536
    endloop
  endfacet
  facet normal 0 -0.955697 0.294352
    outer loop
      vertex 104.7 3.38802 19.8823
      vertex 105.5 3.44078 20.0536
      vertex 104.7 3.44078 20.0536
    endloop
  endfacet
  facet normal 0 -0.955697 0.294352
    outer loop
      vertex 105.5 3.44078 20.0536
      vertex 104.7 3.38802 19.8823
      vertex 105.5 3.38802 19.8823
    endloop
  endfacet
  facet normal 0 -0.957847 0.28728
    outer loop
      vertex 104.7 3.349 19.7522
      vertex 105.5 3.38802 19.8823
      vertex 104.7 3.38802 19.8823
    endloop
  endfacet
  facet normal 0 -0.957847 0.28728
    outer loop
      vertex 105.5 3.38802 19.8823
      vertex 104.7 3.349 19.7522
      vertex 105.5 3.349 19.7522
    endloop
  endfacet
  facet normal 0 -0.958629 0.28466
    outer loop
      vertex 104.7 3.31304 19.6311
      vertex 105.5 3.349 19.7522
      vertex 104.7 3.349 19.7522
    endloop
  endfacet
  facet normal 0 -0.958629 0.28466
    outer loop
      vertex 105.5 3.349 19.7522
      vertex 104.7 3.31304 19.6311
      vertex 105.5 3.31304 19.6311
    endloop
  endfacet
  facet normal 0 -0.959529 0.28161
    outer loop
      vertex 104.7 3.28014 19.519
      vertex 105.5 3.31304 19.6311
      vertex 104.7 3.31304 19.6311
    endloop
  endfacet
  facet normal 0 -0.959529 0.28161
    outer loop
      vertex 105.5 3.31304 19.6311
      vertex 104.7 3.28014 19.519
      vertex 105.5 3.28014 19.519
    endloop
  endfacet
  facet normal 0 -0.960573 0.278026
    outer loop
      vertex 104.7 3.25027 19.4158
      vertex 105.5 3.28014 19.519
      vertex 104.7 3.28014 19.519
    endloop
  endfacet
  facet normal 0 -0.960573 0.278026
    outer loop
      vertex 105.5 3.28014 19.519
      vertex 104.7 3.25027 19.4158
      vertex 105.5 3.25027 19.4158
    endloop
  endfacet
  facet normal 0 -0.961755 0.273911
    outer loop
      vertex 104.7 3.22347 19.3217
      vertex 105.5 3.25027 19.4158
      vertex 104.7 3.25027 19.4158
    endloop
  endfacet
  facet normal 0 -0.961755 0.273911
    outer loop
      vertex 105.5 3.25027 19.4158
      vertex 104.7 3.22347 19.3217
      vertex 105.5 3.22347 19.3217
    endloop
  endfacet
  facet normal 0 -0.963193 0.268811
    outer loop
      vertex 104.7 3.19972 19.2366
      vertex 105.5 3.22347 19.3217
      vertex 104.7 3.22347 19.3217
    endloop
  endfacet
  facet normal 0 -0.963193 0.268811
    outer loop
      vertex 105.5 3.22347 19.3217
      vertex 104.7 3.19972 19.2366
      vertex 105.5 3.19972 19.2366
    endloop
  endfacet
  facet normal 0 -0.964875 0.26271
    outer loop
      vertex 104.7 3.179 19.1605
      vertex 105.5 3.19972 19.2366
      vertex 104.7 3.19972 19.2366
    endloop
  endfacet
  facet normal 0 -0.964875 0.26271
    outer loop
      vertex 105.5 3.19972 19.2366
      vertex 104.7 3.179 19.1605
      vertex 105.5 3.179 19.1605
    endloop
  endfacet
  facet normal 0 -0.967103 0.254387
    outer loop
      vertex 104.7 3.16135 19.0934
      vertex 105.5 3.179 19.1605
      vertex 104.7 3.179 19.1605
    endloop
  endfacet
  facet normal 0 -0.967103 0.254387
    outer loop
      vertex 105.5 3.179 19.1605
      vertex 104.7 3.16135 19.0934
      vertex 105.5 3.16135 19.0934
    endloop
  endfacet
  facet normal 0 -0.969887 0.243557
    outer loop
      vertex 104.7 3.14676 19.0353
      vertex 105.5 3.16135 19.0934
      vertex 104.7 3.16135 19.0934
    endloop
  endfacet
  facet normal 0 -0.969887 0.243557
    outer loop
      vertex 105.5 3.16135 19.0934
      vertex 104.7 3.14676 19.0353
      vertex 105.5 3.14676 19.0353
    endloop
  endfacet
  facet normal 0 0.962854 0.270022
    outer loop
      vertex 105.5 3.14676 19.0353
      vertex 104.7 3.07651 19.2858
      vertex 105.5 3.07651 19.2858
    endloop
  endfacet
  facet normal 0 0.962854 0.270022
    outer loop
      vertex 104.7 3.07651 19.2858
      vertex 105.5 3.14676 19.0353
      vertex 104.7 3.14676 19.0353
    endloop
  endfacet
  facet normal 0 0.962706 0.270551
    outer loop
      vertex 105.5 3.07651 19.2858
      vertex 104.7 3.01221 19.5146
      vertex 105.5 3.01221 19.5146
    endloop
  endfacet
  facet normal 0 0.962706 0.270551
    outer loop
      vertex 104.7 3.01221 19.5146
      vertex 105.5 3.07651 19.2858
      vertex 104.7 3.07651 19.2858
    endloop
  endfacet
  facet normal 0 0.962504 0.271268
    outer loop
      vertex 105.5 3.01221 19.5146
      vertex 104.7 2.95387 19.7216
      vertex 105.5 2.95387 19.7216
    endloop
  endfacet
  facet normal 0 0.962504 0.271268
    outer loop
      vertex 104.7 2.95387 19.7216
      vertex 105.5 3.01221 19.5146
      vertex 104.7 3.01221 19.5146
    endloop
  endfacet
  facet normal 0 0.962254 0.272154
    outer loop
      vertex 105.5 2.95387 19.7216
      vertex 104.7 2.90149 19.9068
      vertex 105.5 2.90149 19.9068
    endloop
  endfacet
  facet normal 0 0.962254 0.272154
    outer loop
      vertex 104.7 2.90149 19.9068
      vertex 105.5 2.95387 19.7216
      vertex 104.7 2.95387 19.7216
    endloop
  endfacet
  facet normal 0 0.961921 0.273329
    outer loop
      vertex 105.5 2.90149 19.9068
      vertex 104.7 2.85506 20.0702
      vertex 105.5 2.85506 20.0702
    endloop
  endfacet
  facet normal 0 0.961921 0.273329
    outer loop
      vertex 104.7 2.85506 20.0702
      vertex 105.5 2.90149 19.9068
      vertex 104.7 2.90149 19.9068
    endloop
  endfacet
  facet normal 0 0.961483 0.274865
    outer loop
      vertex 105.5 2.85506 20.0702
      vertex 104.7 2.81458 20.2118
      vertex 105.5 2.81458 20.2118
    endloop
  endfacet
  facet normal 0 0.961483 0.274865
    outer loop
      vertex 104.7 2.81458 20.2118
      vertex 105.5 2.85506 20.0702
      vertex 104.7 2.85506 20.0702
    endloop
  endfacet
  facet normal 0 0.960904 0.276882
    outer loop
      vertex 105.5 2.81458 20.2118
      vertex 104.7 2.78006 20.3316
      vertex 105.5 2.78006 20.3316
    endloop
  endfacet
  facet normal 0 0.960904 0.276882
    outer loop
      vertex 104.7 2.78006 20.3316
      vertex 105.5 2.81458 20.2118
      vertex 104.7 2.81458 20.2118
    endloop
  endfacet
  facet normal 0 0.960112 0.279617
    outer loop
      vertex 105.5 2.78006 20.3316
      vertex 104.7 2.75149 20.4297
      vertex 105.5 2.75149 20.4297
    endloop
  endfacet
  facet normal 0 0.960112 0.279617
    outer loop
      vertex 104.7 2.75149 20.4297
      vertex 105.5 2.78006 20.3316
      vertex 104.7 2.78006 20.3316
    endloop
  endfacet
  facet normal 0 0.958722 0.284345
    outer loop
      vertex 105.5 2.75149 20.4297
      vertex 104.7 2.72889 20.5059
      vertex 105.5 2.72889 20.5059
    endloop
  endfacet
  facet normal 0 0.958722 0.284345
    outer loop
      vertex 104.7 2.72889 20.5059
      vertex 105.5 2.75149 20.4297
      vertex 104.7 2.75149 20.4297
    endloop
  endfacet
  facet normal 0 0.954474 0.298293
    outer loop
      vertex 105.5 2.72889 20.5059
      vertex 104.7 1.61666 24.0648
      vertex 105.5 1.61666 24.0648
    endloop
  endfacet
  facet normal 0 0.954474 0.298293
    outer loop
      vertex 104.7 1.61666 24.0648
      vertex 105.5 2.72889 20.5059
      vertex 104.7 2.72889 20.5059
    endloop
  endfacet
  facet normal -0 0 1
    outer loop
      vertex 104.7 1.61666 24.0648
      vertex 105.5 -0.131164 24.0648
      vertex 105.5 1.61666 24.0648
    endloop
  endfacet
  facet normal 0 0 1
    outer loop
      vertex 105.5 -0.131164 24.0648
      vertex 104.7 1.61666 24.0648
      vertex 104.7 -0.131164 24.0648
    endloop
  endfacet
  facet normal 0 -0.941539 -0.336905
    outer loop
      vertex 104.7 2.14631 17.7
      vertex 105.5 -0.131164 24.0648
      vertex 104.7 -0.131164 24.0648
    endloop
  endfacet
  facet normal 0 -0.941539 -0.336905
    outer loop
      vertex 105.5 -0.131164 24.0648
      vertex 104.7 2.14631 17.7
      vertex 105.5 2.14631 17.7
    endloop
  endfacet
  facet normal 0 0 -1
    outer loop
      vertex 104.7 2.14631 17.7
      vertex 105.5 4.12368 17.7
      vertex 105.5 2.14631 17.7
    endloop
  endfacet
  facet normal -0 0 -1
    outer loop
      vertex 105.5 4.12368 17.7
      vertex 104.7 2.14631 17.7
      vertex 104.7 4.12368 17.7
    endloop
  endfacet
  facet normal 0 0.93819 -0.34612
    outer loop
      vertex 105.5 4.12368 17.7
      vertex 104.7 6.4718 24.0648
      vertex 105.5 6.4718 24.0648
    endloop
  endfacet
  facet normal 0 0.93819 -0.34612
    outer loop
      vertex 104.7 6.4718 24.0648
      vertex 105.5 4.12368 17.7
      vertex 104.7 4.12368 17.7
    endloop
  endfacet
  facet normal 0 -1 0
    outer loop
      vertex 96.4442 15.2 19.6743
      vertex 98.0806 15.2 19.8941
      vertex 96.421 15.2 19.8177
    endloop
  endfacet
  facet normal 0 -1 0
    outer loop
      vertex 96.4746 15.2 19.5345
      vertex 98.0806 15.2 19.8941
      vertex 96.4442 15.2 19.6743
    endloop
  endfacet
  facet normal 0 -1 -0
    outer loop
      vertex 98.0806 15.2 19.8941
      vertex 96.4746 15.2 19.5345
      vertex 98.1006 15.2 19.767
    endloop
  endfacet
  facet normal 0 -1 0
    outer loop
      vertex 96.5122 15.2 19.3981
      vertex 98.1006 15.2 19.767
      vertex 96.4746 15.2 19.5345
    endloop
  endfacet
  facet normal 0 -1 0
    outer loop
      vertex 96.557 15.2 19.2651
      vertex 98.1006 15.2 19.767
      vertex 96.5122 15.2 19.3981
    endloop
  endfacet
  facet normal 0 -1 -0
    outer loop
      vertex 98.1006 15.2 19.767
      vertex 96.557 15.2 19.2651
      vertex 98.1265 15.2 19.6471
    endloop
  endfacet
  facet normal 0 -1 0
    outer loop
      vertex 96.609 15.2 19.1357
      vertex 98.1265 15.2 19.6471
      vertex 96.557 15.2 19.2651
    endloop
  endfacet
  facet normal 0 -1 0
    outer loop
      vertex 96.6682 15.2 19.0098
      vertex 98.1265 15.2 19.6471
      vertex 96.609 15.2 19.1357
    endloop
  endfacet
  facet normal 0 -1 -0
    outer loop
      vertex 98.1265 15.2 19.6471
      vertex 96.6682 15.2 19.0098
      vertex 98.1584 15.2 19.5343
    endloop
  endfacet
  facet normal 0 -1 0
    outer loop
      vertex 96.7345 15.2 18.8873
      vertex 98.1584 15.2 19.5343
      vertex 96.6682 15.2 19.0098
    endloop
  endfacet
  facet normal 0 -1 0
    outer loop
      vertex 96.8081 15.2 18.7684
      vertex 98.1584 15.2 19.5343
      vertex 96.7345 15.2 18.8873
    endloop
  endfacet
  facet normal 0 -1 -0
    outer loop
      vertex 98.1584 15.2 19.5343
      vertex 96.8081 15.2 18.7684
      vertex 98.1963 15.2 19.4288
    endloop
  endfacet
  facet normal 0 -1 0
    outer loop
      vertex 96.8889 15.2 18.6529
      vertex 98.1963 15.2 19.4288
      vertex 96.8081 15.2 18.7684
    endloop
  endfacet
  facet normal 0 -1 -0
    outer loop
      vertex 98.1963 15.2 19.4288
      vertex 96.8889 15.2 18.6529
      vertex 98.2401 15.2 19.3304
    endloop
  endfacet
  facet normal 0 -1 0
    outer loop
      vertex 96.9762 15.2 18.542
      vertex 98.2401 15.2 19.3304
      vertex 96.8889 15.2 18.6529
    endloop
  endfacet
  facet normal 0 -1 0
    outer loop
      vertex 97.0693 15.2 18.4369
      vertex 98.2401 15.2 19.3304
      vertex 96.9762 15.2 18.542
    endloop
  endfacet
  facet normal 0 -1 -0
    outer loop
      vertex 98.2401 15.2 19.3304
      vertex 97.0693 15.2 18.4369
      vertex 98.2899 15.2 19.2392
    endloop
  endfacet
  facet normal 0 -1 0
    outer loop
      vertex 97.1684 15.2 18.3376
      vertex 98.2899 15.2 19.2392
      vertex 97.0693 15.2 18.4369
    endloop
  endfacet
  facet normal 0 -1 0
    outer loop
      vertex 97.2734 15.2 18.2439
      vertex 98.2899 15.2 19.2392
      vertex 97.1684 15.2 18.3376
    endloop
  endfacet
  facet normal 0 -1 -0
    outer loop
      vertex 98.2899 15.2 19.2392
      vertex 97.2734 15.2 18.2439
      vertex 98.3456 15.2 19.1552
    endloop
  endfacet
  facet normal 0 -1 0
    outer loop
      vertex 97.3842 15.2 18.156
      vertex 98.3456 15.2 19.1552
      vertex 97.2734 15.2 18.2439
    endloop
  endfacet
  facet normal 0 -1 -0
    outer loop
      vertex 98.3456 15.2 19.1552
      vertex 97.3842 15.2 18.156
      vertex 98.4073 15.2 19.0784
    endloop
  endfacet
  facet normal 0 -1 0
    outer loop
      vertex 97.5009 15.2 18.0739
      vertex 98.4073 15.2 19.0784
      vertex 97.3842 15.2 18.156
    endloop
  endfacet
  facet normal 0 -1 0
    outer loop
      vertex 97.6236 15.2 17.9974
      vertex 98.4073 15.2 19.0784
      vertex 97.5009 15.2 18.0739
    endloop
  endfacet
  facet normal 0 -1 -0
    outer loop
      vertex 98.4073 15.2 19.0784
      vertex 97.6236 15.2 17.9974
      vertex 98.4749 15.2 19.0088
    endloop
  endfacet
  facet normal 0 -1 0
    outer loop
      vertex 97.7521 15.2 17.9267
      vertex 98.4749 15.2 19.0088
      vertex 97.6236 15.2 17.9974
    endloop
  endfacet
  facet normal 0 -1 -0
    outer loop
      vertex 98.4749 15.2 19.0088
      vertex 97.7521 15.2 17.9267
      vertex 98.5474 15.2 18.9465
    endloop
  endfacet
  facet normal 0 -1 0
    outer loop
      vertex 99.1749 15.2 23.0436
      vertex 99.2517 15.2 24.1824
      vertex 99.0067 15.2 24.1754
    endloop
  endfacet
  facet normal 0 -1 0
    outer loop
      vertex 99.0685 15.2 23.0328
      vertex 99.0067 15.2 24.1754
      vertex 98.7713 15.2 24.1545
    endloop
  endfacet
  facet normal 0 -1 -0
    outer loop
      vertex 99.2517 15.2 24.1824
      vertex 99.1749 15.2 23.0436
      vertex 99.2871 15.2 23.0472
    endloop
  endfacet
  facet normal 0 -1 0
    outer loop
      vertex 98.8732 15.2 22.9896
      vertex 98.7713 15.2 24.1545
      vertex 98.5455 15.2 24.1196
    endloop
  endfacet
  facet normal 0 -1 0
    outer loop
      vertex 99.5551 15.2 23.0208
      vertex 99.5679 15.2 24.1715
      vertex 99.2871 15.2 23.0472
    endloop
  endfacet
  facet normal 0 -1 0
    outer loop
      vertex 98.7842 15.2 22.9573
      vertex 98.5455 15.2 24.1196
      vertex 98.3293 15.2 24.0708
    endloop
  endfacet
  facet normal 0 -1 -0
    outer loop
      vertex 99.5679 15.2 24.1715
      vertex 99.5551 15.2 23.0208
      vertex 99.8676 15.2 24.139
    endloop
  endfacet
  facet normal 0 -1 0
    outer loop
      vertex 98.7011 15.2 22.9177
      vertex 98.3293 15.2 24.0708
      vertex 98.1227 15.2 24.0081
    endloop
  endfacet
  facet normal 0 -1 0
    outer loop
      vertex 98.6238 15.2 22.871
      vertex 98.1227 15.2 24.0081
      vertex 97.9257 15.2 23.9314
    endloop
  endfacet
  facet normal 0 -1 0
    outer loop
      vertex 99.2517 15.2 24.1824
      vertex 99.2871 15.2 23.0472
      vertex 99.5679 15.2 24.1715
    endloop
  endfacet
  facet normal 0 -1 0
    outer loop
      vertex 98.5523 15.2 22.8171
      vertex 97.9257 15.2 23.9314
      vertex 97.7382 15.2 23.8408
    endloop
  endfacet
  facet normal 0 -1 -0
    outer loop
      vertex 99.8676 15.2 24.139
      vertex 99.7916 15.2 22.9417
      vertex 100.151 15.2 24.0847
    endloop
  endfacet
  facet normal 0 -1 0
    outer loop
      vertex 98.4866 15.2 22.7559
      vertex 97.7382 15.2 23.8408
      vertex 97.5604 15.2 23.7362
    endloop
  endfacet
  facet normal 0 -1 -0
    outer loop
      vertex 100.151 15.2 24.0847
      vertex 99.7916 15.2 22.9417
      vertex 100.418 15.2 24.0087
    endloop
  endfacet
  facet normal 0 -1 0
    outer loop
      vertex 98.4265 15.2 22.6888
      vertex 97.5604 15.2 23.7362
      vertex 97.3921 15.2 23.6177
    endloop
  endfacet
  facet normal 0 -1 0
    outer loop
      vertex 99.9965 15.2 22.8099
      vertex 100.418 15.2 24.0087
      vertex 99.7916 15.2 22.9417
    endloop
  endfacet
  facet normal 0 -1 0
    outer loop
      vertex 98.3716 15.2 22.6168
      vertex 97.3921 15.2 23.6177
      vertex 97.2354 15.2 23.4869
    endloop
  endfacet
  facet normal 0 -1 0
    outer loop
      vertex 98.3219 15.2 22.5399
      vertex 97.2354 15.2 23.4869
      vertex 97.0922 15.2 23.3455
    endloop
  endfacet
  facet normal 0 -1 -0
    outer loop
      vertex 100.418 15.2 24.0087
      vertex 99.9965 15.2 22.8099
      vertex 100.668 15.2 23.911
    endloop
  endfacet
  facet normal 0 -1 0
    outer loop
      vertex 98.2774 15.2 22.4582
      vertex 97.0922 15.2 23.3455
      vertex 96.9625 15.2 23.1935
    endloop
  endfacet
  facet normal 0 -1 -0
    outer loop
      vertex 100.668 15.2 23.911
      vertex 99.9965 15.2 22.8099
      vertex 100.902 15.2 23.7915
    endloop
  endfacet
  facet normal 0 -1 0
    outer loop
      vertex 100.17 15.2 22.6254
      vertex 100.902 15.2 23.7915
      vertex 99.9965 15.2 22.8099
    endloop
  endfacet
  facet normal 0 -1 0
    outer loop
      vertex 99.7916 15.2 22.9417
      vertex 99.8676 15.2 24.139
      vertex 99.5551 15.2 23.0208
    endloop
  endfacet
  facet normal 0 -1 0
    outer loop
      vertex 99.0067 15.2 24.1754
      vertex 99.0685 15.2 23.0328
      vertex 99.1749 15.2 23.0436
    endloop
  endfacet
  facet normal 0 -1 0
    outer loop
      vertex 98.2382 15.2 22.3716
      vertex 96.9625 15.2 23.1935
      vertex 96.8463 15.2 23.0309
    endloop
  endfacet
  facet normal 0 -1 0
    outer loop
      vertex 98.7713 15.2 24.1545
      vertex 98.9679 15.2 23.0148
      vertex 99.0685 15.2 23.0328
    endloop
  endfacet
  facet normal 0 -1 0
    outer loop
      vertex 98.7713 15.2 24.1545
      vertex 98.8732 15.2 22.9896
      vertex 98.9679 15.2 23.0148
    endloop
  endfacet
  facet normal 0 -1 0
    outer loop
      vertex 98.5455 15.2 24.1196
      vertex 98.7842 15.2 22.9573
      vertex 98.8732 15.2 22.9896
    endloop
  endfacet
  facet normal 0 -1 0
    outer loop
      vertex 98.3293 15.2 24.0708
      vertex 98.7011 15.2 22.9177
      vertex 98.7842 15.2 22.9573
    endloop
  endfacet
  facet normal 0 -1 0
    outer loop
      vertex 98.1227 15.2 24.0081
      vertex 98.6238 15.2 22.871
      vertex 98.7011 15.2 22.9177
    endloop
  endfacet
  facet normal 0 -1 0
    outer loop
      vertex 98.2042 15.2 22.2801
      vertex 96.8463 15.2 23.0309
      vertex 96.7436 15.2 22.8577
    endloop
  endfacet
  facet normal 0 -1 0
    outer loop
      vertex 97.9257 15.2 23.9314
      vertex 98.5523 15.2 22.8171
      vertex 98.6238 15.2 22.871
    endloop
  endfacet
  facet normal 0 -1 0
    outer loop
      vertex 97.7382 15.2 23.8408
      vertex 98.4866 15.2 22.7559
      vertex 98.5523 15.2 22.8171
    endloop
  endfacet
  facet normal 0 -1 0
    outer loop
      vertex 97.5604 15.2 23.7362
      vertex 98.4265 15.2 22.6888
      vertex 98.4866 15.2 22.7559
    endloop
  endfacet
  facet normal 0 -1 0
    outer loop
      vertex 98.1754 15.2 22.1838
      vertex 96.7436 15.2 22.8577
      vertex 96.6545 15.2 22.6739
    endloop
  endfacet
  facet normal 0 -1 0
    outer loop
      vertex 97.3921 15.2 23.6177
      vertex 98.3716 15.2 22.6168
      vertex 98.4265 15.2 22.6888
    endloop
  endfacet
  facet normal 0 -1 0
    outer loop
      vertex 97.2354 15.2 23.4869
      vertex 98.3219 15.2 22.5399
      vertex 98.3716 15.2 22.6168
    endloop
  endfacet
  facet normal 0 -1 0
    outer loop
      vertex 98.1519 15.2 22.0826
      vertex 96.6545 15.2 22.6739
      vertex 96.5789 15.2 22.4795
    endloop
  endfacet
  facet normal 0 -1 0
    outer loop
      vertex 97.0922 15.2 23.3455
      vertex 98.2774 15.2 22.4582
      vertex 98.3219 15.2 22.5399
    endloop
  endfacet
  facet normal 0 -1 0
    outer loop
      vertex 96.9625 15.2 23.1935
      vertex 98.2382 15.2 22.3716
      vertex 98.2774 15.2 22.4582
    endloop
  endfacet
  facet normal 0 -1 0
    outer loop
      vertex 96.8463 15.2 23.0309
      vertex 98.2042 15.2 22.2801
      vertex 98.2382 15.2 22.3716
    endloop
  endfacet
  facet normal 0 -1 0
    outer loop
      vertex 98.1336 15.2 21.9765
      vertex 96.5789 15.2 22.4795
      vertex 96.5167 15.2 22.2745
    endloop
  endfacet
  facet normal 0 -1 0
    outer loop
      vertex 96.7436 15.2 22.8577
      vertex 98.1754 15.2 22.1838
      vertex 98.2042 15.2 22.2801
    endloop
  endfacet
  facet normal 0 -1 0
    outer loop
      vertex 96.6545 15.2 22.6739
      vertex 98.1519 15.2 22.0826
      vertex 98.1754 15.2 22.1838
    endloop
  endfacet
  facet normal 0 -1 0
    outer loop
      vertex 98.1336 15.2 21.9765
      vertex 96.5167 15.2 22.2745
      vertex 96.4681 15.2 22.0589
    endloop
  endfacet
  facet normal 0 -1 0
    outer loop
      vertex 96.5789 15.2 22.4795
      vertex 98.1336 15.2 21.9765
      vertex 98.1519 15.2 22.0826
    endloop
  endfacet
  facet normal 0 -1 -0
    outer loop
      vertex 100.902 15.2 23.7915
      vertex 100.17 15.2 22.6254
      vertex 101.12 15.2 23.6504
    endloop
  endfacet
  facet normal 0 -1 -0
    outer loop
      vertex 101.12 15.2 23.6504
      vertex 100.17 15.2 22.6254
      vertex 101.321 15.2 23.4875
    endloop
  endfacet
  facet normal 0 -1 0
    outer loop
      vertex 100.312 15.2 22.3881
      vertex 101.321 15.2 23.4875
      vertex 100.17 15.2 22.6254
    endloop
  endfacet
  facet normal 0 -1 -0
    outer loop
      vertex 101.321 15.2 23.4875
      vertex 100.312 15.2 22.3881
      vertex 101.506 15.2 23.303
    endloop
  endfacet
  facet normal 0 -1 -0
    outer loop
      vertex 101.506 15.2 23.303
      vertex 100.312 15.2 22.3881
      vertex 101.673 15.2 23.0989
    endloop
  endfacet
  facet normal 0 -1 -0
    outer loop
      vertex 101.673 15.2 23.0989
      vertex 100.312 15.2 22.3881
      vertex 101.82 15.2 22.8777
    endloop
  endfacet
  facet normal 0 -1 0
    outer loop
      vertex 100.422 15.2 22.0981
      vertex 101.82 15.2 22.8777
      vertex 100.312 15.2 22.3881
    endloop
  endfacet
  facet normal 0 -1 -0
    outer loop
      vertex 101.82 15.2 22.8777
      vertex 100.422 15.2 22.0981
      vertex 101.947 15.2 22.6392
    endloop
  endfacet
  facet normal 0 -1 -0
    outer loop
      vertex 101.947 15.2 22.6392
      vertex 100.422 15.2 22.0981
      vertex 102.055 15.2 22.3836
    endloop
  endfacet
  facet normal 0 -1 0
    outer loop
      vertex 100.501 15.2 21.7554
      vertex 102.055 15.2 22.3836
      vertex 100.422 15.2 22.0981
    endloop
  endfacet
  facet normal 0 -1 -0
    outer loop
      vertex 102.055 15.2 22.3836
      vertex 100.501 15.2 21.7554
      vertex 102.143 15.2 22.1107
    endloop
  endfacet
  facet normal 0 -1 -0
    outer loop
      vertex 102.143 15.2 22.1107
      vertex 100.501 15.2 21.7554
      vertex 102.212 15.2 21.8206
    endloop
  endfacet
  facet normal 0 -1 0
    outer loop
      vertex 100.548 15.2 21.36
      vertex 102.212 15.2 21.8206
      vertex 100.501 15.2 21.7554
    endloop
  endfacet
  facet normal 0 -1 -0
    outer loop
      vertex 102.212 15.2 21.8206
      vertex 100.548 15.2 21.36
      vertex 102.261 15.2 21.5133
    endloop
  endfacet
  facet normal 0 -1 0
    outer loop
      vertex 100.548 15.2 21.36
      vertex 102.29 15.2 21.1888
      vertex 102.261 15.2 21.5133
    endloop
  endfacet
  facet normal 0 -1 0
    outer loop
      vertex 100.564 15.2 20.9118
      vertex 102.29 15.2 21.1888
      vertex 100.548 15.2 21.36
    endloop
  endfacet
  facet normal 0 -1 0
    outer loop
      vertex 100.564 15.2 20.9118
      vertex 102.3 15.2 20.8471
      vertex 102.29 15.2 21.1888
    endloop
  endfacet
  facet normal 0 -1 0
    outer loop
      vertex 100.564 15.2 20.9118
      vertex 102.29 15.2 20.513
      vertex 102.3 15.2 20.8471
    endloop
  endfacet
  facet normal 0 -1 0
    outer loop
      vertex 100.548 15.2 20.4501
      vertex 102.29 15.2 20.513
      vertex 100.564 15.2 20.9118
    endloop
  endfacet
  facet normal 0 -1 0
    outer loop
      vertex 100.548 15.2 20.4501
      vertex 102.261 15.2 20.1957
      vertex 102.29 15.2 20.513
    endloop
  endfacet
  facet normal 0 -1 0
    outer loop
      vertex 102.213 15.2 19.8951
      vertex 100.548 15.2 20.4501
      vertex 100.5 15.2 20.0427
    endloop
  endfacet
  facet normal 0 -1 0
    outer loop
      vertex 100.548 15.2 20.4501
      vertex 102.213 15.2 19.8951
      vertex 102.261 15.2 20.1957
    endloop
  endfacet
  facet normal 0 -1 0
    outer loop
      vertex 102.057 15.2 19.3444
      vertex 100.5 15.2 20.0427
      vertex 100.42 15.2 19.6896
    endloop
  endfacet
  facet normal 0 -1 0
    outer loop
      vertex 100.5 15.2 20.0427
      vertex 102.144 15.2 19.6114
      vertex 102.213 15.2 19.8951
    endloop
  endfacet
  facet normal 0 -1 0
    outer loop
      vertex 101.823 15.2 18.8607
      vertex 100.42 15.2 19.6896
      vertex 100.307 15.2 19.3908
    endloop
  endfacet
  facet normal 0 -1 0
    outer loop
      vertex 100.5 15.2 20.0427
      vertex 102.057 15.2 19.3444
      vertex 102.144 15.2 19.6114
    endloop
  endfacet
  facet normal 0 -1 0
    outer loop
      vertex 101.328 15.2 18.2632
      vertex 100.307 15.2 19.3908
      vertex 100.163 15.2 19.1464
    endloop
  endfacet
  facet normal 0 -1 0
    outer loop
      vertex 100.42 15.2 19.6896
      vertex 101.95 15.2 19.0941
      vertex 102.057 15.2 19.3444
    endloop
  endfacet
  facet normal 0 -1 0
    outer loop
      vertex 100.913 15.2 17.9654
      vertex 100.163 15.2 19.1464
      vertex 99.9861 15.2 18.9562
    endloop
  endfacet
  facet normal 0 -1 0
    outer loop
      vertex 100.42 15.2 19.6896
      vertex 101.823 15.2 18.8607
      vertex 101.95 15.2 19.0941
    endloop
  endfacet
  facet normal 0 -1 0
    outer loop
      vertex 100.432 15.2 17.7526
      vertex 99.9861 15.2 18.9562
      vertex 99.7773 15.2 18.8204
    endloop
  endfacet
  facet normal 0 -1 0
    outer loop
      vertex 99.8861 15.2 17.6249
      vertex 99.7773 15.2 18.8204
      vertex 99.5365 15.2 18.739
    endloop
  endfacet
  facet normal 0 -1 0
    outer loop
      vertex 99.5888 15.2 17.593
      vertex 99.5365 15.2 18.739
      vertex 99.2635 15.2 18.7118
    endloop
  endfacet
  facet normal 0 -1 0
    outer loop
      vertex 100.307 15.2 19.3908
      vertex 101.677 15.2 18.644
      vertex 101.823 15.2 18.8607
    endloop
  endfacet
  facet normal 0 -1 0
    outer loop
      vertex 97.8865 15.2 17.8618
      vertex 98.5474 15.2 18.9465
      vertex 97.7521 15.2 17.9267
    endloop
  endfacet
  facet normal 0 -1 0
    outer loop
      vertex 98.0257 15.2 17.8031
      vertex 98.5474 15.2 18.9465
      vertex 97.8865 15.2 17.8618
    endloop
  endfacet
  facet normal -0 -1 0
    outer loop
      vertex 99.5888 15.2 17.593
      vertex 99.2635 15.2 18.7118
      vertex 99.2753 15.2 17.5824
    endloop
  endfacet
  facet normal 0 -1 -0
    outer loop
      vertex 98.5474 15.2 18.9465
      vertex 98.0257 15.2 17.8031
      vertex 98.6237 15.2 18.8915
    endloop
  endfacet
  facet normal 0 -1 0
    outer loop
      vertex 98.1686 15.2 17.7514
      vertex 98.6237 15.2 18.8915
      vertex 98.0257 15.2 17.8031
    endloop
  endfacet
  facet normal 0 -1 0
    outer loop
      vertex 99.5365 15.2 18.739
      vertex 99.5888 15.2 17.593
      vertex 99.8861 15.2 17.6249
    endloop
  endfacet
  facet normal 0 -1 -0
    outer loop
      vertex 98.6237 15.2 18.8915
      vertex 98.1686 15.2 17.7514
      vertex 98.7038 15.2 18.8438
    endloop
  endfacet
  facet normal 0 -1 0
    outer loop
      vertex 98.3154 15.2 17.7066
      vertex 98.7038 15.2 18.8438
      vertex 98.1686 15.2 17.7514
    endloop
  endfacet
  facet normal 0 -1 0
    outer loop
      vertex 99.7773 15.2 18.8204
      vertex 99.8861 15.2 17.6249
      vertex 100.167 15.2 17.6781
    endloop
  endfacet
  facet normal 0 -1 -0
    outer loop
      vertex 98.7038 15.2 18.8438
      vertex 98.3154 15.2 17.7066
      vertex 98.7877 15.2 18.8035
    endloop
  endfacet
  facet normal 0 -1 0
    outer loop
      vertex 98.4659 15.2 17.6686
      vertex 98.7877 15.2 18.8035
      vertex 98.3154 15.2 17.7066
    endloop
  endfacet
  facet normal 0 -1 -0
    outer loop
      vertex 98.7877 15.2 18.8035
      vertex 98.4659 15.2 17.6686
      vertex 98.8753 15.2 18.7705
    endloop
  endfacet
  facet normal 0 -1 0
    outer loop
      vertex 98.6202 15.2 17.6376
      vertex 98.8753 15.2 18.7705
      vertex 98.4659 15.2 17.6686
    endloop
  endfacet
  facet normal 0 -1 -0
    outer loop
      vertex 98.8753 15.2 18.7705
      vertex 98.6202 15.2 17.6376
      vertex 98.9667 15.2 18.7448
    endloop
  endfacet
  facet normal 0 -1 0
    outer loop
      vertex 98.7783 15.2 17.6134
      vertex 98.9667 15.2 18.7448
      vertex 98.6202 15.2 17.6376
    endloop
  endfacet
  facet normal 0 -1 -0
    outer loop
      vertex 98.9667 15.2 18.7448
      vertex 98.7783 15.2 17.6134
      vertex 99.0618 15.2 18.7265
    endloop
  endfacet
  facet normal 0 -1 0
    outer loop
      vertex 99.9861 15.2 18.9562
      vertex 100.68 15.2 17.8483
      vertex 100.913 15.2 17.9654
    endloop
  endfacet
  facet normal 0 -1 0
    outer loop
      vertex 98.9402 15.2 17.5962
      vertex 99.0618 15.2 18.7265
      vertex 98.7783 15.2 17.6134
    endloop
  endfacet
  facet normal 0 -1 -0
    outer loop
      vertex 99.0618 15.2 18.7265
      vertex 98.9402 15.2 17.5962
      vertex 99.1608 15.2 18.7155
    endloop
  endfacet
  facet normal 0 -1 0
    outer loop
      vertex 100.163 15.2 19.1464
      vertex 100.913 15.2 17.9654
      vertex 101.129 15.2 18.1037
    endloop
  endfacet
  facet normal 0 -1 0
    outer loop
      vertex 99.1058 15.2 17.5858
      vertex 99.1608 15.2 18.7155
      vertex 98.9402 15.2 17.5962
    endloop
  endfacet
  facet normal 0 -1 -0
    outer loop
      vertex 99.1608 15.2 18.7155
      vertex 99.1058 15.2 17.5858
      vertex 99.2635 15.2 18.7118
    endloop
  endfacet
  facet normal 0 -1 0
    outer loop
      vertex 100.163 15.2 19.1464
      vertex 101.129 15.2 18.1037
      vertex 101.328 15.2 18.2632
    endloop
  endfacet
  facet normal 0 -1 -0
    outer loop
      vertex 99.2635 15.2 18.7118
      vertex 99.1058 15.2 17.5858
      vertex 99.2753 15.2 17.5824
    endloop
  endfacet
  facet normal 0 -1 0
    outer loop
      vertex 99.7773 15.2 18.8204
      vertex 100.167 15.2 17.6781
      vertex 100.432 15.2 17.7526
    endloop
  endfacet
  facet normal 0 -1 0
    outer loop
      vertex 100.307 15.2 19.3908
      vertex 101.328 15.2 18.2632
      vertex 101.512 15.2 18.4441
    endloop
  endfacet
  facet normal 0 -1 0
    outer loop
      vertex 99.9861 15.2 18.9562
      vertex 100.432 15.2 17.7526
      vertex 100.68 15.2 17.8483
    endloop
  endfacet
  facet normal 0 -1 0
    outer loop
      vertex 100.307 15.2 19.3908
      vertex 101.512 15.2 18.4441
      vertex 101.677 15.2 18.644
    endloop
  endfacet
  facet normal 0 -1 0
    outer loop
      vertex 83.0282 15.2 24.0648
      vertex 85.0064 15.2 23.3067
      vertex 84.7584 15.2 24.0648
    endloop
  endfacet
  facet normal 0 -1 0
    outer loop
      vertex 83.0282 15.2 24.0648
      vertex 85.2301 15.2 22.6219
      vertex 85.0064 15.2 23.3067
    endloop
  endfacet
  facet normal 0 -1 0
    outer loop
      vertex 83.0282 15.2 24.0648
      vertex 85.4293 15.2 22.0105
      vertex 85.2301 15.2 22.6219
    endloop
  endfacet
  facet normal 0 -1 0
    outer loop
      vertex 83.0282 15.2 24.0648
      vertex 85.6041 15.2 21.4724
      vertex 85.4293 15.2 22.0105
    endloop
  endfacet
  facet normal 0 -1 0
    outer loop
      vertex 83.0282 15.2 24.0648
      vertex 85.7545 15.2 21.0077
      vertex 85.6041 15.2 21.4724
    endloop
  endfacet
  facet normal 0 -1 0
    outer loop
      vertex 85.3763 15.2 17.7
      vertex 85.7545 15.2 21.0077
      vertex 83.0282 15.2 24.0648
    endloop
  endfacet
  facet normal 0 -1 -0
    outer loop
      vertex 85.7545 15.2 21.0077
      vertex 85.3763 15.2 17.7
      vertex 85.8805 15.2 20.6163
    endloop
  endfacet
  facet normal 0 -1 -0
    outer loop
      vertex 85.8805 15.2 20.6163
      vertex 85.3763 15.2 17.7
      vertex 85.9821 15.2 20.2983
    endloop
  endfacet
  facet normal 0 -1 -0
    outer loop
      vertex 85.9821 15.2 20.2983
      vertex 85.3763 15.2 17.7
      vertex 86.0592 15.2 20.0536
    endloop
  endfacet
  facet normal 0 -1 -0
    outer loop
      vertex 86.0592 15.2 20.0536
      vertex 85.3763 15.2 17.7
      vertex 86.112 15.2 19.8823
    endloop
  endfacet
  facet normal 0 -1 -0
    outer loop
      vertex 86.112 15.2 19.8823
      vertex 85.3763 15.2 17.7
      vertex 86.151 15.2 19.7522
    endloop
  endfacet
  facet normal 0 -1 -0
    outer loop
      vertex 86.151 15.2 19.7522
      vertex 85.3763 15.2 17.7
      vertex 86.187 15.2 19.6311
    endloop
  endfacet
  facet normal 0 -1 -0
    outer loop
      vertex 86.187 15.2 19.6311
      vertex 85.3763 15.2 17.7
      vertex 86.2199 15.2 19.519
    endloop
  endfacet
  facet normal 0 -1 -0
    outer loop
      vertex 86.2199 15.2 19.519
      vertex 85.3763 15.2 17.7
      vertex 86.2497 15.2 19.4158
    endloop
  endfacet
  facet normal 0 -1 -0
    outer loop
      vertex 86.2497 15.2 19.4158
      vertex 85.3763 15.2 17.7
      vertex 86.2765 15.2 19.3217
    endloop
  endfacet
  facet normal 0 -1 -0
    outer loop
      vertex 86.2765 15.2 19.3217
      vertex 85.3763 15.2 17.7
      vertex 86.3003 15.2 19.2366
    endloop
  endfacet
  facet normal 0 -1 -0
    outer loop
      vertex 86.3003 15.2 19.2366
      vertex 85.3763 15.2 17.7
      vertex 86.321 15.2 19.1605
    endloop
  endfacet
  facet normal 0 -1 -0
    outer loop
      vertex 86.321 15.2 19.1605
      vertex 85.3763 15.2 17.7
      vertex 86.3386 15.2 19.0934
    endloop
  endfacet
  facet normal 0 -1 -0
    outer loop
      vertex 86.3386 15.2 19.0934
      vertex 85.3763 15.2 17.7
      vertex 86.3532 15.2 19.0353
    endloop
  endfacet
  facet normal 0 -1 0
    outer loop
      vertex 86.7711 15.2 20.5059
      vertex 89.6312 15.2 24.0648
      vertex 87.8833 15.2 24.0648
    endloop
  endfacet
  facet normal 0 -1 0
    outer loop
      vertex 87.3537 15.2 17.7
      vertex 86.7711 15.2 20.5059
      vertex 86.7485 15.2 20.4297
    endloop
  endfacet
  facet normal 0 -1 0
    outer loop
      vertex 87.3537 15.2 17.7
      vertex 86.7485 15.2 20.4297
      vertex 86.7199 15.2 20.3316
    endloop
  endfacet
  facet normal 0 -1 0
    outer loop
      vertex 87.3537 15.2 17.7
      vertex 86.7199 15.2 20.3316
      vertex 86.6854 15.2 20.2118
    endloop
  endfacet
  facet normal 0 -1 0
    outer loop
      vertex 87.3537 15.2 17.7
      vertex 86.6854 15.2 20.2118
      vertex 86.6449 15.2 20.0702
    endloop
  endfacet
  facet normal 0 -1 0
    outer loop
      vertex 87.3537 15.2 17.7
      vertex 86.6449 15.2 20.0702
      vertex 86.5985 15.2 19.9068
    endloop
  endfacet
  facet normal 0 -1 0
    outer loop
      vertex 87.3537 15.2 17.7
      vertex 86.5985 15.2 19.9068
      vertex 86.5461 15.2 19.7216
    endloop
  endfacet
  facet normal 0 -1 0
    outer loop
      vertex 87.3537 15.2 17.7
      vertex 86.5461 15.2 19.7216
      vertex 86.4878 15.2 19.5146
    endloop
  endfacet
  facet normal 0 -1 0
    outer loop
      vertex 87.3537 15.2 17.7
      vertex 86.4878 15.2 19.5146
      vertex 86.4235 15.2 19.2858
    endloop
  endfacet
  facet normal 0 -1 0
    outer loop
      vertex 87.3537 15.2 17.7
      vertex 86.4235 15.2 19.2858
      vertex 86.3532 15.2 19.0353
    endloop
  endfacet
  facet normal 0 -1 0
    outer loop
      vertex 86.7711 15.2 20.5059
      vertex 87.3537 15.2 17.7
      vertex 89.6312 15.2 24.0648
    endloop
  endfacet
  facet normal 0 -1 0
    outer loop
      vertex 87.3537 15.2 17.7
      vertex 86.3532 15.2 19.0353
      vertex 85.3763 15.2 17.7
    endloop
  endfacet
  facet normal 0 -1 0
    outer loop
      vertex 90.1953 15.2 18.9488
      vertex 91.5872 15.2 19.447
      vertex 90.0276 15.2 19.3118
    endloop
  endfacet
  facet normal 0 -1 0
    outer loop
      vertex 90.3973 15.2 18.6286
      vertex 91.5872 15.2 19.447
      vertex 90.1953 15.2 18.9488
    endloop
  endfacet
  facet normal 0 -1 -0
    outer loop
      vertex 91.5872 15.2 19.447
      vertex 90.3973 15.2 18.6286
      vertex 91.6462 15.2 19.2878
    endloop
  endfacet
  facet normal 0 -1 0
    outer loop
      vertex 90.6338 15.2 18.351
      vertex 91.6462 15.2 19.2878
      vertex 90.3973 15.2 18.6286
    endloop
  endfacet
  facet normal 0 -1 -0
    outer loop
      vertex 91.6462 15.2 19.2878
      vertex 90.6338 15.2 18.351
      vertex 91.7212 15.2 19.1473
    endloop
  endfacet
  facet normal 0 -1 0
    outer loop
      vertex 90.9048 15.2 18.1161
      vertex 91.7212 15.2 19.1473
      vertex 90.6338 15.2 18.351
    endloop
  endfacet
  facet normal 0 -1 -0
    outer loop
      vertex 91.7212 15.2 19.1473
      vertex 90.9048 15.2 18.1161
      vertex 91.8122 15.2 19.0255
    endloop
  endfacet
  facet normal 0 -1 0
    outer loop
      vertex 91.2102 15.2 17.924
      vertex 91.8122 15.2 19.0255
      vertex 90.9048 15.2 18.1161
    endloop
  endfacet
  facet normal 0 -1 -0
    outer loop
      vertex 91.8122 15.2 19.0255
      vertex 91.2102 15.2 17.924
      vertex 91.9191 15.2 18.9225
    endloop
  endfacet
  facet normal 0 -1 0
    outer loop
      vertex 91.55 15.2 17.7745
      vertex 91.9191 15.2 18.9225
      vertex 91.2102 15.2 17.924
    endloop
  endfacet
  facet normal 0 -1 -0
    outer loop
      vertex 91.9191 15.2 18.9225
      vertex 91.55 15.2 17.7745
      vertex 92.042 15.2 18.8382
    endloop
  endfacet
  facet normal 0 -1 -0
    outer loop
      vertex 92.042 15.2 18.8382
      vertex 91.55 15.2 17.7745
      vertex 92.1809 15.2 18.7726
    endloop
  endfacet
  facet normal -0 -1 0
    outer loop
      vertex 93.0869 15.2 17.5929
      vertex 92.6936 15.2 18.6883
      vertex 92.776 15.2 17.5824
    endloop
  endfacet
  facet normal 0 -1 0
    outer loop
      vertex 91.9242 15.2 17.6678
      vertex 92.1809 15.2 18.7726
      vertex 91.55 15.2 17.7745
    endloop
  endfacet
  facet normal -0 -1 0
    outer loop
      vertex 93.3814 15.2 17.6244
      vertex 92.6936 15.2 18.6883
      vertex 93.0869 15.2 17.5929
    endloop
  endfacet
  facet normal 0 -1 -0
    outer loop
      vertex 92.1809 15.2 18.7726
      vertex 91.9242 15.2 17.6678
      vertex 92.3358 15.2 18.7257
    endloop
  endfacet
  facet normal -0 -1 0
    outer loop
      vertex 93.6594 15.2 17.6768
      vertex 92.6936 15.2 18.6883
      vertex 93.3814 15.2 17.6244
    endloop
  endfacet
  facet normal 0 -1 0
    outer loop
      vertex 92.6936 15.2 18.6883
      vertex 94.9829 15.2 18.4324
      vertex 95.1447 15.2 18.6309
    endloop
  endfacet
  facet normal 0 -1 0
    outer loop
      vertex 92.3329 15.2 17.6037
      vertex 92.3358 15.2 18.7257
      vertex 91.9242 15.2 17.6678
    endloop
  endfacet
  facet normal 0 -1 0
    outer loop
      vertex 92.6936 15.2 18.6883
      vertex 94.8034 15.2 18.254
      vertex 94.9829 15.2 18.4324
    endloop
  endfacet
  facet normal 0 -1 -0
    outer loop
      vertex 92.3358 15.2 18.7257
      vertex 92.3329 15.2 17.6037
      vertex 92.5067 15.2 18.6976
    endloop
  endfacet
  facet normal 0 -1 0
    outer loop
      vertex 92.6936 15.2 18.6883
      vertex 94.6074 15.2 18.0966
      vertex 94.8034 15.2 18.254
    endloop
  endfacet
  facet normal 0 -1 0
    outer loop
      vertex 92.6936 15.2 18.6883
      vertex 94.1663 15.2 17.8447
      vertex 94.3951 15.2 17.9601
    endloop
  endfacet
  facet normal 0 -1 -0
    outer loop
      vertex 92.5067 15.2 18.6976
      vertex 92.3329 15.2 17.6037
      vertex 92.6936 15.2 18.6883
    endloop
  endfacet
  facet normal 0 -1 0
    outer loop
      vertex 92.6936 15.2 18.6883
      vertex 93.6594 15.2 17.6768
      vertex 93.9211 15.2 17.7503
    endloop
  endfacet
  facet normal 0 -1 -0
    outer loop
      vertex 92.6936 15.2 18.6883
      vertex 92.3329 15.2 17.6037
      vertex 92.776 15.2 17.5824
    endloop
  endfacet
  facet normal 0 -1 0
    outer loop
      vertex 92.6936 15.2 18.6883
      vertex 93.9211 15.2 17.7503
      vertex 94.1663 15.2 17.8447
    endloop
  endfacet
  facet normal 0 -1 0
    outer loop
      vertex 92.6936 15.2 18.6883
      vertex 94.3951 15.2 17.9601
      vertex 94.6074 15.2 18.0966
    endloop
  endfacet
  facet normal 0 -1 -0
    outer loop
      vertex 92.7525 15.2 24.1824
      vertex 92.6572 15.2 23.1365
      vertex 92.776 15.2 23.1413
    endloop
  endfacet
  facet normal 0 -1 0
    outer loop
      vertex 90.8262 15.2 23.4643
      vertex 92.5438 15.2 23.1222
      vertex 92.6572 15.2 23.1365
    endloop
  endfacet
  facet normal 0 -1 0
    outer loop
      vertex 90.8262 15.2 23.4643
      vertex 92.436 15.2 23.0985
      vertex 92.5438 15.2 23.1222
    endloop
  endfacet
  facet normal 0 -1 0
    outer loop
      vertex 90.8262 15.2 23.4643
      vertex 92.3337 15.2 23.0652
      vertex 92.436 15.2 23.0985
    endloop
  endfacet
  facet normal 0 -1 0
    outer loop
      vertex 91.72 15.2 22.4563
      vertex 90.6574 15.2 23.2736
      vertex 90.5054 15.2 23.0612
    endloop
  endfacet
  facet normal 0 -1 0
    outer loop
      vertex 90.8262 15.2 23.4643
      vertex 92.2369 15.2 23.0223
      vertex 92.3337 15.2 23.0652
    endloop
  endfacet
  facet normal 0 -1 0
    outer loop
      vertex 90.8262 15.2 23.4643
      vertex 92.1457 15.2 22.97
      vertex 92.2369 15.2 23.0223
    endloop
  endfacet
  facet normal 0 -1 0
    outer loop
      vertex 90.8262 15.2 23.4643
      vertex 92.0599 15.2 22.9082
      vertex 92.1457 15.2 22.97
    endloop
  endfacet
  facet normal 0 -1 0
    outer loop
      vertex 90.8262 15.2 23.4643
      vertex 91.9797 15.2 22.8368
      vertex 92.0599 15.2 22.9082
    endloop
  endfacet
  facet normal 0 -1 0
    outer loop
      vertex 91.6719 15.2 22.3373
      vertex 90.5054 15.2 23.0612
      vertex 90.3714 15.2 22.828
    endloop
  endfacet
  facet normal 0 -1 0
    outer loop
      vertex 90.8262 15.2 23.4643
      vertex 91.9051 15.2 22.7559
      vertex 91.9797 15.2 22.8368
    endloop
  endfacet
  facet normal 0 -1 0
    outer loop
      vertex 90.8262 15.2 23.4643
      vertex 91.8365 15.2 22.6656
      vertex 91.9051 15.2 22.7559
    endloop
  endfacet
  facet normal 0 -1 0
    outer loop
      vertex 91.6308 15.2 22.2089
      vertex 90.3714 15.2 22.828
      vertex 90.2552 15.2 22.5739
    endloop
  endfacet
  facet normal 0 -1 0
    outer loop
      vertex 90.8262 15.2 23.4643
      vertex 91.7748 15.2 22.5657
      vertex 91.8365 15.2 22.6656
    endloop
  endfacet
  facet normal 0 -1 0
    outer loop
      vertex 90.6574 15.2 23.2736
      vertex 91.72 15.2 22.4563
      vertex 91.7748 15.2 22.5657
    endloop
  endfacet
  facet normal 0 -1 0
    outer loop
      vertex 90.5054 15.2 23.0612
      vertex 91.6719 15.2 22.3373
      vertex 91.72 15.2 22.4563
    endloop
  endfacet
  facet normal 0 -1 0
    outer loop
      vertex 91.5964 15.2 22.071
      vertex 90.2552 15.2 22.5739
      vertex 90.1569 15.2 22.299
    endloop
  endfacet
  facet normal 0 -1 0
    outer loop
      vertex 90.3714 15.2 22.828
      vertex 91.6308 15.2 22.2089
      vertex 91.6719 15.2 22.3373
    endloop
  endfacet
  facet normal 0 -1 0
    outer loop
      vertex 90.2552 15.2 22.5739
      vertex 91.5964 15.2 22.071
      vertex 91.6308 15.2 22.2089
    endloop
  endfacet
  facet normal 0 -1 0
    outer loop
      vertex 91.5688 15.2 21.9235
      vertex 90.1569 15.2 22.299
      vertex 90.0765 15.2 22.0032
    endloop
  endfacet
  facet normal 0 -1 0
    outer loop
      vertex 90.1569 15.2 22.299
      vertex 91.5688 15.2 21.9235
      vertex 91.5964 15.2 22.071
    endloop
  endfacet
  facet normal 0 -1 0
    outer loop
      vertex 90.0765 15.2 22.0032
      vertex 91.5481 15.2 21.7665
      vertex 91.5688 15.2 21.9235
    endloop
  endfacet
  facet normal 0 -1 0
    outer loop
      vertex 91.5342 15.2 21.6001
      vertex 90.0765 15.2 22.0032
      vertex 90.0139 15.2 21.6866
    endloop
  endfacet
  facet normal 0 -1 0
    outer loop
      vertex 90.0765 15.2 22.0032
      vertex 91.5342 15.2 21.6001
      vertex 91.5481 15.2 21.7665
    endloop
  endfacet
  facet normal 0 -1 0
    outer loop
      vertex 94.0177 15.2 20.5648
      vertex 94.006 15.2 21.6001
      vertex 91.5342 15.2 21.6001
    endloop
  endfacet
  facet normal 0 -1 0
    outer loop
      vertex 89.9692 15.2 21.3492
      vertex 91.5342 15.2 21.6001
      vertex 90.0139 15.2 21.6866
    endloop
  endfacet
  facet normal 0 -1 0
    outer loop
      vertex 89.9424 15.2 20.9909
      vertex 91.5342 15.2 21.6001
      vertex 89.9692 15.2 21.3492
    endloop
  endfacet
  facet normal -0 -1 0
    outer loop
      vertex 95.7442 15.2 21.2531
      vertex 94.006 15.2 21.6001
      vertex 94.0177 15.2 20.5648
    endloop
  endfacet
  facet normal 0 -1 0
    outer loop
      vertex 89.9335 15.2 20.6118
      vertex 91.5342 15.2 21.6001
      vertex 89.9424 15.2 20.9909
    endloop
  endfacet
  facet normal 0 -1 0
    outer loop
      vertex 94.006 15.2 21.6001
      vertex 95.7442 15.2 21.2531
      vertex 95.7152 15.2 21.5764
    endloop
  endfacet
  facet normal 0 -1 0
    outer loop
      vertex 89.9335 15.2 20.5648
      vertex 91.5342 15.2 21.6001
      vertex 89.9335 15.2 20.6118
    endloop
  endfacet
  facet normal 0 -1 -0
    outer loop
      vertex 91.5342 15.2 21.6001
      vertex 89.9335 15.2 20.5648
      vertex 94.0177 15.2 20.5648
    endloop
  endfacet
  facet normal 0 -1 -0
    outer loop
      vertex 95.7442 15.2 21.2531
      vertex 94.0177 15.2 20.5648
      vertex 95.7538 15.2 20.9118
    endloop
  endfacet
  facet normal 0 -1 0
    outer loop
      vertex 94.0177 15.2 20.5648
      vertex 95.7443 15.2 20.5594
      vertex 95.7538 15.2 20.9118
    endloop
  endfacet
  facet normal 0 -1 0
    outer loop
      vertex 95.7158 15.2 20.2261
      vertex 94.0177 15.2 20.5648
      vertex 94.0135 15.2 20.3638
    endloop
  endfacet
  facet normal 0 -1 0
    outer loop
      vertex 94.0177 15.2 20.5648
      vertex 95.7158 15.2 20.2261
      vertex 95.7443 15.2 20.5594
    endloop
  endfacet
  facet normal 0 -1 0
    outer loop
      vertex 94.0007 15.2 20.1742
      vertex 95.7158 15.2 20.2261
      vertex 94.0135 15.2 20.3638
    endloop
  endfacet
  facet normal 0 -1 0
    outer loop
      vertex 95.6682 15.2 19.9121
      vertex 94.0007 15.2 20.1742
      vertex 93.9795 15.2 19.9958
    endloop
  endfacet
  facet normal 0 -1 0
    outer loop
      vertex 94.0007 15.2 20.1742
      vertex 95.6682 15.2 19.9121
      vertex 95.7158 15.2 20.2261
    endloop
  endfacet
  facet normal 0 -1 0
    outer loop
      vertex 95.6016 15.2 19.6174
      vertex 93.9795 15.2 19.9958
      vertex 93.9497 15.2 19.8286
    endloop
  endfacet
  facet normal 0 -1 0
    outer loop
      vertex 95.5159 15.2 19.3419
      vertex 93.9497 15.2 19.8286
      vertex 93.9115 15.2 19.6727
    endloop
  endfacet
  facet normal 0 -1 0
    outer loop
      vertex 93.9795 15.2 19.9958
      vertex 95.6016 15.2 19.6174
      vertex 95.6682 15.2 19.9121
    endloop
  endfacet
  facet normal 0 -1 0
    outer loop
      vertex 95.4112 15.2 19.0857
      vertex 93.9115 15.2 19.6727
      vertex 93.8647 15.2 19.5281
    endloop
  endfacet
  facet normal 0 -1 0
    outer loop
      vertex 95.2875 15.2 18.8487
      vertex 93.8647 15.2 19.5281
      vertex 93.8095 15.2 19.3947
    endloop
  endfacet
  facet normal 0 -1 0
    outer loop
      vertex 93.9497 15.2 19.8286
      vertex 95.5159 15.2 19.3419
      vertex 95.6016 15.2 19.6174
    endloop
  endfacet
  facet normal 0 -1 0
    outer loop
      vertex 95.1447 15.2 18.6309
      vertex 93.8095 15.2 19.3947
      vertex 93.7457 15.2 19.2726
    endloop
  endfacet
  facet normal 0 -1 0
    outer loop
      vertex 95.1447 15.2 18.6309
      vertex 93.7457 15.2 19.2726
      vertex 93.6735 15.2 19.1617
    endloop
  endfacet
  facet normal 0 -1 0
    outer loop
      vertex 93.9115 15.2 19.6727
      vertex 95.4112 15.2 19.0857
      vertex 95.5159 15.2 19.3419
    endloop
  endfacet
  facet normal 0 -1 0
    outer loop
      vertex 95.1447 15.2 18.6309
      vertex 93.6735 15.2 19.1617
      vertex 93.5934 15.2 19.0624
    endloop
  endfacet
  facet normal 0 -1 0
    outer loop
      vertex 95.1447 15.2 18.6309
      vertex 93.5934 15.2 19.0624
      vertex 93.5061 15.2 18.9747
    endloop
  endfacet
  facet normal 0 -1 0
    outer loop
      vertex 95.1447 15.2 18.6309
      vertex 93.5061 15.2 18.9747
      vertex 93.4116 15.2 18.8987
    endloop
  endfacet
  facet normal 0 -1 0
    outer loop
      vertex 93.8647 15.2 19.5281
      vertex 95.2875 15.2 18.8487
      vertex 95.4112 15.2 19.0857
    endloop
  endfacet
  facet normal 0 -1 0
    outer loop
      vertex 95.1447 15.2 18.6309
      vertex 93.4116 15.2 18.8987
      vertex 93.3099 15.2 18.8344
    endloop
  endfacet
  facet normal 0 -1 0
    outer loop
      vertex 95.1447 15.2 18.6309
      vertex 93.3099 15.2 18.8344
      vertex 93.201 15.2 18.7818
    endloop
  endfacet
  facet normal 0 -1 0
    outer loop
      vertex 95.1447 15.2 18.6309
      vertex 93.201 15.2 18.7818
      vertex 93.0849 15.2 18.7409
    endloop
  endfacet
  facet normal 0 -1 0
    outer loop
      vertex 95.1447 15.2 18.6309
      vertex 93.0849 15.2 18.7409
      vertex 92.9617 15.2 18.7117
    endloop
  endfacet
  facet normal 0 -1 0
    outer loop
      vertex 95.1447 15.2 18.6309
      vertex 92.9617 15.2 18.7117
      vertex 92.8312 15.2 18.6941
    endloop
  endfacet
  facet normal 0 -1 0
    outer loop
      vertex 93.8095 15.2 19.3947
      vertex 95.1447 15.2 18.6309
      vertex 95.2875 15.2 18.8487
    endloop
  endfacet
  facet normal 0 -1 0
    outer loop
      vertex 95.1447 15.2 18.6309
      vertex 92.8312 15.2 18.6941
      vertex 92.6936 15.2 18.6883
    endloop
  endfacet
  facet normal 0 -1 0
    outer loop
      vertex 92.6572 15.2 23.1365
      vertex 92.7525 15.2 24.1824
      vertex 92.4558 15.2 24.1712
    endloop
  endfacet
  facet normal 0 -1 0
    outer loop
      vertex 92.9022 15.2 23.1363
      vertex 92.7525 15.2 24.1824
      vertex 92.776 15.2 23.1413
    endloop
  endfacet
  facet normal 0 -1 0
    outer loop
      vertex 92.6572 15.2 23.1365
      vertex 92.4558 15.2 24.1712
      vertex 92.175 15.2 24.1375
    endloop
  endfacet
  facet normal 0 -1 0
    outer loop
      vertex 92.7525 15.2 24.1824
      vertex 92.9022 15.2 23.1363
      vertex 93.0635 15.2 24.1719
    endloop
  endfacet
  facet normal 0 -1 0
    outer loop
      vertex 92.6572 15.2 23.1365
      vertex 92.175 15.2 24.1375
      vertex 91.9103 15.2 24.0814
    endloop
  endfacet
  facet normal 0 -1 0
    outer loop
      vertex 93.0217 15.2 23.1212
      vertex 93.0635 15.2 24.1719
      vertex 92.9022 15.2 23.1363
    endloop
  endfacet
  facet normal 0 -1 0
    outer loop
      vertex 92.6572 15.2 23.1365
      vertex 91.9103 15.2 24.0814
      vertex 91.6615 15.2 24.0029
    endloop
  endfacet
  facet normal 0 -1 -0
    outer loop
      vertex 93.0635 15.2 24.1719
      vertex 93.0217 15.2 23.1212
      vertex 93.3584 15.2 24.1406
    endloop
  endfacet
  facet normal 0 -1 0
    outer loop
      vertex 92.6572 15.2 23.1365
      vertex 91.6615 15.2 24.0029
      vertex 91.4287 15.2 23.9019
    endloop
  endfacet
  facet normal 0 -1 0
    outer loop
      vertex 93.1347 15.2 23.0962
      vertex 93.3584 15.2 24.1406
      vertex 93.0217 15.2 23.1212
    endloop
  endfacet
  facet normal 0 -1 0
    outer loop
      vertex 92.6572 15.2 23.1365
      vertex 91.4287 15.2 23.9019
      vertex 91.2119 15.2 23.7785
    endloop
  endfacet
  facet normal 0 -1 0
    outer loop
      vertex 93.241 15.2 23.0611
      vertex 93.3584 15.2 24.1406
      vertex 93.1347 15.2 23.0962
    endloop
  endfacet
  facet normal 0 -1 0
    outer loop
      vertex 92.6572 15.2 23.1365
      vertex 91.2119 15.2 23.7785
      vertex 91.0111 15.2 23.6326
    endloop
  endfacet
  facet normal 0 -1 -0
    outer loop
      vertex 93.3584 15.2 24.1406
      vertex 93.241 15.2 23.0611
      vertex 93.6372 15.2 24.0883
    endloop
  endfacet
  facet normal 0 -1 0
    outer loop
      vertex 92.6572 15.2 23.1365
      vertex 91.0111 15.2 23.6326
      vertex 90.8262 15.2 23.4643
    endloop
  endfacet
  facet normal 0 -1 0
    outer loop
      vertex 93.3407 15.2 23.016
      vertex 93.6372 15.2 24.0883
      vertex 93.241 15.2 23.0611
    endloop
  endfacet
  facet normal 0 -1 0
    outer loop
      vertex 91.7748 15.2 22.5657
      vertex 90.8262 15.2 23.4643
      vertex 90.6574 15.2 23.2736
    endloop
  endfacet
  facet normal 0 -1 -0
    outer loop
      vertex 93.6372 15.2 24.0883
      vertex 93.3407 15.2 23.016
      vertex 93.8999 15.2 24.0151
    endloop
  endfacet
  facet normal 0 -1 0
    outer loop
      vertex 93.4338 15.2 22.9608
      vertex 93.8999 15.2 24.0151
      vertex 93.3407 15.2 23.016
    endloop
  endfacet
  facet normal 0 -1 -0
    outer loop
      vertex 93.8999 15.2 24.0151
      vertex 93.4338 15.2 22.9608
      vertex 94.1464 15.2 23.921
    endloop
  endfacet
  facet normal 0 -1 0
    outer loop
      vertex 93.5203 15.2 22.8957
      vertex 94.1464 15.2 23.921
      vertex 93.4338 15.2 22.9608
    endloop
  endfacet
  facet normal 0 -1 -0
    outer loop
      vertex 94.1464 15.2 23.921
      vertex 93.5203 15.2 22.8957
      vertex 94.3767 15.2 23.8059
    endloop
  endfacet
  facet normal 0 -1 0
    outer loop
      vertex 93.6002 15.2 22.8205
      vertex 94.3767 15.2 23.8059
      vertex 93.5203 15.2 22.8957
    endloop
  endfacet
  facet normal 0 -1 0
    outer loop
      vertex 93.6735 15.2 22.7353
      vertex 94.3767 15.2 23.8059
      vertex 93.6002 15.2 22.8205
    endloop
  endfacet
  facet normal 0 -1 -0
    outer loop
      vertex 94.3767 15.2 23.8059
      vertex 93.6735 15.2 22.7353
      vertex 94.591 15.2 23.67
    endloop
  endfacet
  facet normal 0 -1 0
    outer loop
      vertex 93.7398 15.2 22.6411
      vertex 94.591 15.2 23.67
      vertex 93.6735 15.2 22.7353
    endloop
  endfacet
  facet normal 0 -1 -0
    outer loop
      vertex 94.591 15.2 23.67
      vertex 93.7398 15.2 22.6411
      vertex 94.7891 15.2 23.5131
    endloop
  endfacet
  facet normal 0 -1 0
    outer loop
      vertex 93.7987 15.2 22.5389
      vertex 94.7891 15.2 23.5131
      vertex 93.7398 15.2 22.6411
    endloop
  endfacet
  facet normal 0 -1 -0
    outer loop
      vertex 94.7891 15.2 23.5131
      vertex 93.7987 15.2 22.5389
      vertex 94.9711 15.2 23.3353
    endloop
  endfacet
  facet normal 0 -1 0
    outer loop
      vertex 93.8503 15.2 22.4288
      vertex 94.9711 15.2 23.3353
      vertex 93.7987 15.2 22.5389
    endloop
  endfacet
  facet normal 0 -1 -0
    outer loop
      vertex 94.9711 15.2 23.3353
      vertex 93.8503 15.2 22.4288
      vertex 95.1354 15.2 23.1381
    endloop
  endfacet
  facet normal 0 -1 0
    outer loop
      vertex 93.8946 15.2 22.3106
      vertex 95.1354 15.2 23.1381
      vertex 93.8503 15.2 22.4288
    endloop
  endfacet
  facet normal 0 -1 -0
    outer loop
      vertex 95.1354 15.2 23.1381
      vertex 93.8946 15.2 22.3106
      vertex 95.2804 15.2 22.9228
    endloop
  endfacet
  facet normal 0 -1 0
    outer loop
      vertex 93.9316 15.2 22.1845
      vertex 95.2804 15.2 22.9228
      vertex 93.8946 15.2 22.3106
    endloop
  endfacet
  facet normal 0 -1 -0
    outer loop
      vertex 95.2804 15.2 22.9228
      vertex 93.9316 15.2 22.1845
      vertex 95.406 15.2 22.6896
    endloop
  endfacet
  facet normal 0 -1 0
    outer loop
      vertex 93.9612 15.2 22.0504
      vertex 95.406 15.2 22.6896
      vertex 93.9316 15.2 22.1845
    endloop
  endfacet
  facet normal 0 -1 -0
    outer loop
      vertex 95.406 15.2 22.6896
      vertex 93.9612 15.2 22.0504
      vertex 95.5123 15.2 22.4383
    endloop
  endfacet
  facet normal 0 -1 0
    outer loop
      vertex 93.9835 15.2 21.9083
      vertex 95.5123 15.2 22.4383
      vertex 93.9612 15.2 22.0504
    endloop
  endfacet
  facet normal 0 -1 -0
    outer loop
      vertex 95.5123 15.2 22.4383
      vertex 93.9835 15.2 21.9083
      vertex 95.5992 15.2 22.169
    endloop
  endfacet
  facet normal 0 -1 0
    outer loop
      vertex 93.9984 15.2 21.7582
      vertex 95.5992 15.2 22.169
      vertex 93.9835 15.2 21.9083
    endloop
  endfacet
  facet normal 0 -1 -0
    outer loop
      vertex 95.5992 15.2 22.169
      vertex 93.9984 15.2 21.7582
      vertex 95.6669 15.2 21.8817
    endloop
  endfacet
  facet normal 0 -1 0
    outer loop
      vertex 94.006 15.2 21.6001
      vertex 95.6669 15.2 21.8817
      vertex 93.9984 15.2 21.7582
    endloop
  endfacet
  facet normal 0 -1 -0
    outer loop
      vertex 95.6669 15.2 21.8817
      vertex 94.006 15.2 21.6001
      vertex 95.7152 15.2 21.5764
    endloop
  endfacet
  facet normal -0.0626784 0 -0.998034
    outer loop
      vertex 98.9402 15.2 17.5962
      vertex 99.1058 16 17.5858
      vertex 99.1058 15.2 17.5858
    endloop
  endfacet
  facet normal -0.0626784 0 -0.998034
    outer loop
      vertex 99.1058 16 17.5858
      vertex 98.9402 15.2 17.5962
      vertex 98.9402 16 17.5962
    endloop
  endfacet
  facet normal -0.105644 0 -0.994404
    outer loop
      vertex 98.7783 15.2 17.6134
      vertex 98.9402 16 17.5962
      vertex 98.9402 15.2 17.5962
    endloop
  endfacet
  facet normal -0.105644 0 -0.994404
    outer loop
      vertex 98.9402 16 17.5962
      vertex 98.7783 15.2 17.6134
      vertex 98.7783 16 17.6134
    endloop
  endfacet
  facet normal -0.151305 0 -0.988487
    outer loop
      vertex 98.6202 15.2 17.6376
      vertex 98.7783 16 17.6134
      vertex 98.7783 15.2 17.6134
    endloop
  endfacet
  facet normal -0.151305 0 -0.988487
    outer loop
      vertex 98.7783 16 17.6134
      vertex 98.6202 15.2 17.6376
      vertex 98.6202 16 17.6376
    endloop
  endfacet
  facet normal -0.196971 0 -0.980409
    outer loop
      vertex 98.4659 15.2 17.6686
      vertex 98.6202 16 17.6376
      vertex 98.6202 15.2 17.6376
    endloop
  endfacet
  facet normal -0.196971 0 -0.980409
    outer loop
      vertex 98.6202 16 17.6376
      vertex 98.4659 15.2 17.6686
      vertex 98.4659 16 17.6686
    endloop
  endfacet
  facet normal -0.244809 0 -0.969571
    outer loop
      vertex 98.3154 15.2 17.7066
      vertex 98.4659 16 17.6686
      vertex 98.4659 15.2 17.6686
    endloop
  endfacet
  facet normal -0.244809 0 -0.969571
    outer loop
      vertex 98.4659 16 17.6686
      vertex 98.3154 15.2 17.7066
      vertex 98.3154 16 17.7066
    endloop
  endfacet
  facet normal -0.291887 0 -0.956453
    outer loop
      vertex 98.1686 15.2 17.7514
      vertex 98.3154 16 17.7066
      vertex 98.3154 15.2 17.7066
    endloop
  endfacet
  facet normal -0.291887 0 -0.956453
    outer loop
      vertex 98.3154 16 17.7066
      vertex 98.1686 15.2 17.7514
      vertex 98.1686 16 17.7514
    endloop
  endfacet
  facet normal -0.34021 0 -0.940349
    outer loop
      vertex 98.0257 15.2 17.8031
      vertex 98.1686 16 17.7514
      vertex 98.1686 15.2 17.7514
    endloop
  endfacet
  facet normal -0.34021 0 -0.940349
    outer loop
      vertex 98.1686 16 17.7514
      vertex 98.0257 15.2 17.8031
      vertex 98.0257 16 17.8031
    endloop
  endfacet
  facet normal -0.38856 0 -0.921423
    outer loop
      vertex 97.8865 15.2 17.8618
      vertex 98.0257 16 17.8031
      vertex 98.0257 15.2 17.8031
    endloop
  endfacet
  facet normal -0.38856 0 -0.921423
    outer loop
      vertex 98.0257 16 17.8031
      vertex 97.8865 15.2 17.8618
      vertex 97.8865 16 17.8618
    endloop
  endfacet
  facet normal -0.434843 0 -0.900506
    outer loop
      vertex 97.7521 15.2 17.9267
      vertex 97.8865 16 17.8618
      vertex 97.8865 15.2 17.8618
    endloop
  endfacet
  facet normal -0.434843 0 -0.900506
    outer loop
      vertex 97.8865 16 17.8618
      vertex 97.7521 15.2 17.9267
      vertex 97.7521 16 17.9267
    endloop
  endfacet
  facet normal -0.48205 0 -0.876144
    outer loop
      vertex 97.6236 15.2 17.9974
      vertex 97.7521 16 17.9267
      vertex 97.7521 15.2 17.9267
    endloop
  endfacet
  facet normal -0.48205 0 -0.876144
    outer loop
      vertex 97.7521 16 17.9267
      vertex 97.6236 15.2 17.9974
      vertex 97.6236 16 17.9974
    endloop
  endfacet
  facet normal -0.529066 0 -0.848581
    outer loop
      vertex 97.5009 15.2 18.0739
      vertex 97.6236 16 17.9974
      vertex 97.6236 15.2 17.9974
    endloop
  endfacet
  facet normal -0.529066 0 -0.848581
    outer loop
      vertex 97.6236 16 17.9974
      vertex 97.5009 15.2 18.0739
      vertex 97.5009 16 18.0739
    endloop
  endfacet
  facet normal -0.575389 0 -0.81788
    outer loop
      vertex 97.3842 15.2 18.156
      vertex 97.5009 16 18.0739
      vertex 97.5009 15.2 18.0739
    endloop
  endfacet
  facet normal -0.575389 0 -0.81788
    outer loop
      vertex 97.5009 16 18.0739
      vertex 97.3842 15.2 18.156
      vertex 97.3842 16 18.156
    endloop
  endfacet
  facet normal -0.621499 0 -0.783415
    outer loop
      vertex 97.2734 15.2 18.2439
      vertex 97.3842 16 18.156
      vertex 97.3842 15.2 18.156
    endloop
  endfacet
  facet normal -0.621499 0 -0.783415
    outer loop
      vertex 97.3842 16 18.156
      vertex 97.2734 15.2 18.2439
      vertex 97.2734 16 18.2439
    endloop
  endfacet
  facet normal -0.665818 0 -0.746114
    outer loop
      vertex 97.1684 15.2 18.3376
      vertex 97.2734 16 18.2439
      vertex 97.2734 15.2 18.2439
    endloop
  endfacet
  facet normal -0.665818 0 -0.746114
    outer loop
      vertex 97.2734 16 18.2439
      vertex 97.1684 15.2 18.3376
      vertex 97.1684 16 18.3376
    endloop
  endfacet
  facet normal -0.707819 0 -0.706394
    outer loop
      vertex 97.1684 15.2 18.3376
      vertex 97.0693 16 18.4369
      vertex 97.1684 16 18.3376
    endloop
  endfacet
  facet normal -0.707819 -0 -0.706394
    outer loop
      vertex 97.0693 16 18.4369
      vertex 97.1684 15.2 18.3376
      vertex 97.0693 15.2 18.4369
    endloop
  endfacet
  facet normal -0.748548 0 -0.663081
    outer loop
      vertex 97.0693 15.2 18.4369
      vertex 96.9762 16 18.542
      vertex 97.0693 16 18.4369
    endloop
  endfacet
  facet normal -0.748548 -0 -0.663081
    outer loop
      vertex 96.9762 16 18.542
      vertex 97.0693 15.2 18.4369
      vertex 96.9762 15.2 18.542
    endloop
  endfacet
  facet normal -0.785753 0 -0.618541
    outer loop
      vertex 96.9762 15.2 18.542
      vertex 96.8889 16 18.6529
      vertex 96.9762 16 18.542
    endloop
  endfacet
  facet normal -0.785753 -0 -0.618541
    outer loop
      vertex 96.8889 16 18.6529
      vertex 96.9762 15.2 18.542
      vertex 96.8889 15.2 18.6529
    endloop
  endfacet
  facet normal -0.819399 0 -0.573224
    outer loop
      vertex 96.8889 15.2 18.6529
      vertex 96.8081 16 18.7684
      vertex 96.8889 16 18.6529
    endloop
  endfacet
  facet normal -0.819399 -0 -0.573224
    outer loop
      vertex 96.8081 16 18.7684
      vertex 96.8889 15.2 18.6529
      vertex 96.8081 15.2 18.7684
    endloop
  endfacet
  facet normal -0.85028 0 -0.52633
    outer loop
      vertex 96.8081 15.2 18.7684
      vertex 96.7345 16 18.8873
      vertex 96.8081 16 18.7684
    endloop
  endfacet
  facet normal -0.85028 -0 -0.52633
    outer loop
      vertex 96.7345 16 18.8873
      vertex 96.8081 15.2 18.7684
      vertex 96.7345 15.2 18.8873
    endloop
  endfacet
  facet normal -0.879455 0 -0.475982
    outer loop
      vertex 96.7345 15.2 18.8873
      vertex 96.6682 16 19.0098
      vertex 96.7345 16 18.8873
    endloop
  endfacet
  facet normal -0.879455 -0 -0.475982
    outer loop
      vertex 96.6682 16 19.0098
      vertex 96.7345 15.2 18.8873
      vertex 96.6682 15.2 19.0098
    endloop
  endfacet
  facet normal -0.904949 0 -0.42552
    outer loop
      vertex 96.6682 15.2 19.0098
      vertex 96.609 16 19.1357
      vertex 96.6682 16 19.0098
    endloop
  endfacet
  facet normal -0.904949 -0 -0.42552
    outer loop
      vertex 96.609 16 19.1357
      vertex 96.6682 15.2 19.0098
      vertex 96.609 15.2 19.1357
    endloop
  endfacet
  facet normal -0.927882 0 -0.372874
    outer loop
      vertex 96.609 15.2 19.1357
      vertex 96.557 16 19.2651
      vertex 96.609 16 19.1357
    endloop
  endfacet
  facet normal -0.927882 -0 -0.372874
    outer loop
      vertex 96.557 16 19.2651
      vertex 96.609 15.2 19.1357
      vertex 96.557 15.2 19.2651
    endloop
  endfacet
  facet normal -0.947681 0 -0.319219
    outer loop
      vertex 96.557 15.2 19.2651
      vertex 96.5122 16 19.3981
      vertex 96.557 16 19.2651
    endloop
  endfacet
  facet normal -0.947681 -0 -0.319219
    outer loop
      vertex 96.5122 16 19.3981
      vertex 96.557 15.2 19.2651
      vertex 96.5122 15.2 19.3981
    endloop
  endfacet
  facet normal -0.964043 0 -0.265748
    outer loop
      vertex 96.5122 15.2 19.3981
      vertex 96.4746 16 19.5345
      vertex 96.5122 16 19.3981
    endloop
  endfacet
  facet normal -0.964043 -0 -0.265748
    outer loop
      vertex 96.4746 16 19.5345
      vertex 96.5122 15.2 19.3981
      vertex 96.4746 15.2 19.5345
    endloop
  endfacet
  facet normal -0.977164 0 -0.212488
    outer loop
      vertex 96.4746 15.2 19.5345
      vertex 96.4442 16 19.6743
      vertex 96.4746 16 19.5345
    endloop
  endfacet
  facet normal -0.977164 -0 -0.212488
    outer loop
      vertex 96.4442 16 19.6743
      vertex 96.4746 15.2 19.5345
      vertex 96.4442 15.2 19.6743
    endloop
  endfacet
  facet normal -0.987164 0 -0.159709
    outer loop
      vertex 96.4442 15.2 19.6743
      vertex 96.421 16 19.8177
      vertex 96.4442 16 19.6743
    endloop
  endfacet
  facet normal -0.987164 -0 -0.159709
    outer loop
      vertex 96.421 16 19.8177
      vertex 96.4442 15.2 19.6743
      vertex 96.421 15.2 19.8177
    endloop
  endfacet
  facet normal -0.0459865 0 0.998942
    outer loop
      vertex 96.421 16 19.8177
      vertex 98.0806 15.2 19.8941
      vertex 98.0806 16 19.8941
    endloop
  endfacet
  facet normal -0.0459865 0 0.998942
    outer loop
      vertex 98.0806 15.2 19.8941
      vertex 96.421 16 19.8177
      vertex 96.421 15.2 19.8177
    endloop
  endfacet
  facet normal 0.987845 -0 0.155444
    outer loop
      vertex 98.0806 15.2 19.8941
      vertex 98.1006 16 19.767
      vertex 98.0806 16 19.8941
    endloop
  endfacet
  facet normal 0.987845 0 0.155444
    outer loop
      vertex 98.1006 16 19.767
      vertex 98.0806 15.2 19.8941
      vertex 98.1006 15.2 19.767
    endloop
  endfacet
  facet normal 0.977455 -0 0.211143
    outer loop
      vertex 98.1006 15.2 19.767
      vertex 98.1265 16 19.6471
      vertex 98.1006 16 19.767
    endloop
  endfacet
  facet normal 0.977455 0 0.211143
    outer loop
      vertex 98.1265 16 19.6471
      vertex 98.1006 15.2 19.767
      vertex 98.1265 15.2 19.6471
    endloop
  endfacet
  facet normal 0.962261 -0 0.272129
    outer loop
      vertex 98.1265 15.2 19.6471
      vertex 98.1584 16 19.5343
      vertex 98.1265 16 19.6471
    endloop
  endfacet
  facet normal 0.962261 0 0.272129
    outer loop
      vertex 98.1584 16 19.5343
      vertex 98.1265 15.2 19.6471
      vertex 98.1584 15.2 19.5343
    endloop
  endfacet
  facet normal 0.941115 -0 0.338088
    outer loop
      vertex 98.1584 15.2 19.5343
      vertex 98.1963 16 19.4288
      vertex 98.1584 16 19.5343
    endloop
  endfacet
  facet normal 0.941115 0 0.338088
    outer loop
      vertex 98.1963 16 19.4288
      vertex 98.1584 15.2 19.5343
      vertex 98.1963 15.2 19.4288
    endloop
  endfacet
  facet normal 0.913582 -0 0.406655
    outer loop
      vertex 98.1963 15.2 19.4288
      vertex 98.2401 16 19.3304
      vertex 98.1963 16 19.4288
    endloop
  endfacet
  facet normal 0.913582 0 0.406655
    outer loop
      vertex 98.2401 16 19.3304
      vertex 98.1963 15.2 19.4288
      vertex 98.2401 15.2 19.3304
    endloop
  endfacet
  facet normal 0.877675 -0 0.479257
    outer loop
      vertex 98.2401 15.2 19.3304
      vertex 98.2899 16 19.2392
      vertex 98.2401 16 19.3304
    endloop
  endfacet
  facet normal 0.877675 0 0.479257
    outer loop
      vertex 98.2899 16 19.2392
      vertex 98.2401 15.2 19.3304
      vertex 98.2899 15.2 19.2392
    endloop
  endfacet
  facet normal 0.833422 -0 0.552638
    outer loop
      vertex 98.2899 15.2 19.2392
      vertex 98.3456 16 19.1552
      vertex 98.2899 16 19.2392
    endloop
  endfacet
  facet normal 0.833422 0 0.552638
    outer loop
      vertex 98.3456 16 19.1552
      vertex 98.2899 15.2 19.2392
      vertex 98.3456 15.2 19.1552
    endloop
  endfacet
  facet normal 0.77958 -0 0.626303
    outer loop
      vertex 98.3456 15.2 19.1552
      vertex 98.4073 16 19.0784
      vertex 98.3456 16 19.1552
    endloop
  endfacet
  facet normal 0.77958 0 0.626303
    outer loop
      vertex 98.4073 16 19.0784
      vertex 98.3456 15.2 19.1552
      vertex 98.4073 15.2 19.0784
    endloop
  endfacet
  facet normal 0.717338 -0 0.696725
    outer loop
      vertex 98.4073 15.2 19.0784
      vertex 98.4749 16 19.0088
      vertex 98.4073 16 19.0784
    endloop
  endfacet
  facet normal 0.717338 0 0.696725
    outer loop
      vertex 98.4749 16 19.0088
      vertex 98.4073 15.2 19.0784
      vertex 98.4749 15.2 19.0088
    endloop
  endfacet
  facet normal 0.651739 0 0.758444
    outer loop
      vertex 98.4749 16 19.0088
      vertex 98.5474 15.2 18.9465
      vertex 98.5474 16 18.9465
    endloop
  endfacet
  facet normal 0.651739 0 0.758444
    outer loop
      vertex 98.5474 15.2 18.9465
      vertex 98.4749 16 19.0088
      vertex 98.4749 15.2 19.0088
    endloop
  endfacet
  facet normal 0.584753 0 0.811212
    outer loop
      vertex 98.5474 16 18.9465
      vertex 98.6237 15.2 18.8915
      vertex 98.6237 16 18.8915
    endloop
  endfacet
  facet normal 0.584753 0 0.811212
    outer loop
      vertex 98.6237 15.2 18.8915
      vertex 98.5474 16 18.9465
      vertex 98.5474 15.2 18.9465
    endloop
  endfacet
  facet normal 0.511654 0 0.859192
    outer loop
      vertex 98.6237 16 18.8915
      vertex 98.7038 15.2 18.8438
      vertex 98.7038 16 18.8438
    endloop
  endfacet
  facet normal 0.511654 0 0.859192
    outer loop
      vertex 98.7038 15.2 18.8438
      vertex 98.6237 16 18.8915
      vertex 98.6237 15.2 18.8915
    endloop
  endfacet
  facet normal 0.432976 0 0.901406
    outer loop
      vertex 98.7038 16 18.8438
      vertex 98.7877 15.2 18.8035
      vertex 98.7877 16 18.8035
    endloop
  endfacet
  facet normal 0.432976 0 0.901406
    outer loop
      vertex 98.7877 15.2 18.8035
      vertex 98.7038 16 18.8438
      vertex 98.7038 15.2 18.8438
    endloop
  endfacet
  facet normal 0.352528 0 0.935801
    outer loop
      vertex 98.7877 16 18.8035
      vertex 98.8753 15.2 18.7705
      vertex 98.8753 16 18.7705
    endloop
  endfacet
  facet normal 0.352528 0 0.935801
    outer loop
      vertex 98.8753 15.2 18.7705
      vertex 98.7877 16 18.8035
      vertex 98.7877 15.2 18.8035
    endloop
  endfacet
  facet normal 0.270685 0 0.962668
    outer loop
      vertex 98.8753 16 18.7705
      vertex 98.9667 15.2 18.7448
      vertex 98.9667 16 18.7448
    endloop
  endfacet
  facet normal 0.270685 0 0.962668
    outer loop
      vertex 98.9667 15.2 18.7448
      vertex 98.8753 16 18.7705
      vertex 98.8753 15.2 18.7705
    endloop
  endfacet
  facet normal 0.188962 0 0.981984
    outer loop
      vertex 98.9667 16 18.7448
      vertex 99.0618 15.2 18.7265
      vertex 99.0618 16 18.7265
    endloop
  endfacet
  facet normal 0.188962 0 0.981984
    outer loop
      vertex 99.0618 15.2 18.7265
      vertex 98.9667 16 18.7448
      vertex 98.9667 15.2 18.7448
    endloop
  endfacet
  facet normal 0.110432 0 0.993884
    outer loop
      vertex 99.0618 16 18.7265
      vertex 99.1608 15.2 18.7155
      vertex 99.1608 16 18.7155
    endloop
  endfacet
  facet normal 0.110432 0 0.993884
    outer loop
      vertex 99.1608 15.2 18.7155
      vertex 99.0618 16 18.7265
      vertex 99.0618 15.2 18.7265
    endloop
  endfacet
  facet normal 0.0360039 0 0.999352
    outer loop
      vertex 99.1608 16 18.7155
      vertex 99.2635 15.2 18.7118
      vertex 99.2635 16 18.7118
    endloop
  endfacet
  facet normal 0.0360039 0 0.999352
    outer loop
      vertex 99.2635 15.2 18.7118
      vertex 99.1608 16 18.7155
      vertex 99.1608 15.2 18.7155
    endloop
  endfacet
  facet normal -0.0991428 0 0.995073
    outer loop
      vertex 99.2635 16 18.7118
      vertex 99.5365 15.2 18.739
      vertex 99.5365 16 18.739
    endloop
  endfacet
  facet normal -0.0991428 0 0.995073
    outer loop
      vertex 99.5365 15.2 18.739
      vertex 99.2635 16 18.7118
      vertex 99.2635 15.2 18.7118
    endloop
  endfacet
  facet normal -0.320238 0 0.947337
    outer loop
      vertex 99.5365 16 18.739
      vertex 99.7773 15.2 18.8204
      vertex 99.7773 16 18.8204
    endloop
  endfacet
  facet normal -0.320238 0 0.947337
    outer loop
      vertex 99.7773 15.2 18.8204
      vertex 99.5365 16 18.739
      vertex 99.5365 15.2 18.739
    endloop
  endfacet
  facet normal -0.545214 0 0.838297
    outer loop
      vertex 99.7773 16 18.8204
      vertex 99.9861 15.2 18.9562
      vertex 99.9861 16 18.9562
    endloop
  endfacet
  facet normal -0.545214 0 0.838297
    outer loop
      vertex 99.9861 15.2 18.9562
      vertex 99.7773 16 18.8204
      vertex 99.7773 15.2 18.8204
    endloop
  endfacet
  facet normal -0.732245 0 0.681042
    outer loop
      vertex 99.9861 15.2 18.9562
      vertex 100.163 16 19.1464
      vertex 99.9861 16 18.9562
    endloop
  endfacet
  facet normal -0.732245 0 0.681042
    outer loop
      vertex 100.163 16 19.1464
      vertex 99.9861 15.2 18.9562
      vertex 100.163 15.2 19.1464
    endloop
  endfacet
  facet normal -0.861572 0 0.507636
    outer loop
      vertex 100.163 15.2 19.1464
      vertex 100.307 16 19.3908
      vertex 100.163 16 19.1464
    endloop
  endfacet
  facet normal -0.861572 0 0.507636
    outer loop
      vertex 100.307 16 19.3908
      vertex 100.163 15.2 19.1464
      vertex 100.307 15.2 19.3908
    endloop
  endfacet
  facet normal -0.935348 0 0.353729
    outer loop
      vertex 100.307 15.2 19.3908
      vertex 100.42 16 19.6896
      vertex 100.307 16 19.3908
    endloop
  endfacet
  facet normal -0.935348 0 0.353729
    outer loop
      vertex 100.42 16 19.6896
      vertex 100.307 15.2 19.3908
      vertex 100.42 15.2 19.6896
    endloop
  endfacet
  facet normal -0.975282 0 0.220964
    outer loop
      vertex 100.42 15.2 19.6896
      vertex 100.5 16 20.0427
      vertex 100.42 16 19.6896
    endloop
  endfacet
  facet normal -0.975282 0 0.220964
    outer loop
      vertex 100.5 16 20.0427
      vertex 100.42 15.2 19.6896
      vertex 100.5 15.2 20.0427
    endloop
  endfacet
  facet normal -0.993131 0 0.117011
    outer loop
      vertex 100.5 15.2 20.0427
      vertex 100.548 16 20.4501
      vertex 100.5 16 20.0427
    endloop
  endfacet
  facet normal -0.993131 0 0.117011
    outer loop
      vertex 100.548 16 20.4501
      vertex 100.5 15.2 20.0427
      vertex 100.548 15.2 20.4501
    endloop
  endfacet
  facet normal -0.9994 0 0.0346337
    outer loop
      vertex 100.548 15.2 20.4501
      vertex 100.564 16 20.9118
      vertex 100.548 16 20.4501
    endloop
  endfacet
  facet normal -0.9994 0 0.0346337
    outer loop
      vertex 100.564 16 20.9118
      vertex 100.548 15.2 20.4501
      vertex 100.564 15.2 20.9118
    endloop
  endfacet
  facet normal -0.999363 0 -0.0356756
    outer loop
      vertex 100.564 15.2 20.9118
      vertex 100.548 16 21.36
      vertex 100.564 16 20.9118
    endloop
  endfacet
  facet normal -0.999363 -0 -0.0356756
    outer loop
      vertex 100.548 16 21.36
      vertex 100.564 15.2 20.9118
      vertex 100.548 15.2 21.36
    endloop
  endfacet
  facet normal -0.993009 0 -0.118036
    outer loop
      vertex 100.548 15.2 21.36
      vertex 100.501 16 21.7554
      vertex 100.548 16 21.36
    endloop
  endfacet
  facet normal -0.993009 -0 -0.118036
    outer loop
      vertex 100.501 16 21.7554
      vertex 100.548 15.2 21.36
      vertex 100.501 15.2 21.7554
    endloop
  endfacet
  facet normal -0.974444 0 -0.224631
    outer loop
      vertex 100.501 15.2 21.7554
      vertex 100.422 16 22.0981
      vertex 100.501 16 21.7554
    endloop
  endfacet
  facet normal -0.974444 -0 -0.224631
    outer loop
      vertex 100.422 16 22.0981
      vertex 100.501 15.2 21.7554
      vertex 100.422 15.2 22.0981
    endloop
  endfacet
  facet normal -0.934998 0 -0.354654
    outer loop
      vertex 100.422 15.2 22.0981
      vertex 100.312 16 22.3881
      vertex 100.422 16 22.0981
    endloop
  endfacet
  facet normal -0.934998 -0 -0.354654
    outer loop
      vertex 100.312 16 22.3881
      vertex 100.422 15.2 22.0981
      vertex 100.312 15.2 22.3881
    endloop
  endfacet
  facet normal -0.858099 0 -0.513485
    outer loop
      vertex 100.312 15.2 22.3881
      vertex 100.17 16 22.6254
      vertex 100.312 16 22.3881
    endloop
  endfacet
  facet normal -0.858099 -0 -0.513485
    outer loop
      vertex 100.17 16 22.6254
      vertex 100.312 15.2 22.3881
      vertex 100.17 15.2 22.6254
    endloop
  endfacet
  facet normal -0.72849 0 -0.685057
    outer loop
      vertex 100.17 15.2 22.6254
      vertex 99.9965 16 22.8099
      vertex 100.17 16 22.6254
    endloop
  endfacet
  facet normal -0.72849 -0 -0.685057
    outer loop
      vertex 99.9965 16 22.8099
      vertex 100.17 15.2 22.6254
      vertex 99.9965 15.2 22.8099
    endloop
  endfacet
  facet normal -0.540986 0 -0.841032
    outer loop
      vertex 99.7916 15.2 22.9417
      vertex 99.9965 16 22.8099
      vertex 99.9965 15.2 22.8099
    endloop
  endfacet
  facet normal -0.540986 0 -0.841032
    outer loop
      vertex 99.9965 16 22.8099
      vertex 99.7916 15.2 22.9417
      vertex 99.7916 16 22.9417
    endloop
  endfacet
  facet normal -0.31719 0 -0.948362
    outer loop
      vertex 99.5551 15.2 23.0208
      vertex 99.7916 16 22.9417
      vertex 99.7916 15.2 22.9417
    endloop
  endfacet
  facet normal -0.31719 0 -0.948362
    outer loop
      vertex 99.7916 16 22.9417
      vertex 99.5551 15.2 23.0208
      vertex 99.5551 16 23.0208
    endloop
  endfacet
  facet normal -0.098033 0 -0.995183
    outer loop
      vertex 99.2871 15.2 23.0472
      vertex 99.5551 16 23.0208
      vertex 99.5551 15.2 23.0208
    endloop
  endfacet
  facet normal -0.098033 0 -0.995183
    outer loop
      vertex 99.5551 16 23.0208
      vertex 99.2871 15.2 23.0472
      vertex 99.2871 16 23.0472
    endloop
  endfacet
  facet normal 0.0320691 0 -0.999486
    outer loop
      vertex 99.1749 15.2 23.0436
      vertex 99.2871 16 23.0472
      vertex 99.2871 15.2 23.0472
    endloop
  endfacet
  facet normal 0.0320691 0 -0.999486
    outer loop
      vertex 99.2871 16 23.0472
      vertex 99.1749 15.2 23.0436
      vertex 99.1749 16 23.0436
    endloop
  endfacet
  facet normal 0.100985 0 -0.994888
    outer loop
      vertex 99.0685 15.2 23.0328
      vertex 99.1749 16 23.0436
      vertex 99.1749 15.2 23.0436
    endloop
  endfacet
  facet normal 0.100985 0 -0.994888
    outer loop
      vertex 99.1749 16 23.0436
      vertex 99.0685 15.2 23.0328
      vertex 99.0685 16 23.0328
    endloop
  endfacet
  facet normal 0.176129 0 -0.984367
    outer loop
      vertex 98.9679 15.2 23.0148
      vertex 99.0685 16 23.0328
      vertex 99.0685 15.2 23.0328
    endloop
  endfacet
  facet normal 0.176129 0 -0.984367
    outer loop
      vertex 99.0685 16 23.0328
      vertex 98.9679 15.2 23.0148
      vertex 98.9679 16 23.0148
    endloop
  endfacet
  facet normal 0.257155 0 -0.96637
    outer loop
      vertex 98.8732 15.2 22.9896
      vertex 98.9679 16 23.0148
      vertex 98.9679 15.2 23.0148
    endloop
  endfacet
  facet normal 0.257155 0 -0.96637
    outer loop
      vertex 98.9679 16 23.0148
      vertex 98.8732 15.2 22.9896
      vertex 98.8732 16 22.9896
    endloop
  endfacet
  facet normal 0.341149 0 -0.940009
    outer loop
      vertex 98.7842 15.2 22.9573
      vertex 98.8732 16 22.9896
      vertex 98.8732 15.2 22.9896
    endloop
  endfacet
  facet normal 0.341149 0 -0.940009
    outer loop
      vertex 98.8732 16 22.9896
      vertex 98.7842 15.2 22.9573
      vertex 98.7842 16 22.9573
    endloop
  endfacet
  facet normal 0.430187 0 -0.90274
    outer loop
      vertex 98.7011 15.2 22.9177
      vertex 98.7842 16 22.9573
      vertex 98.7842 15.2 22.9573
    endloop
  endfacet
  facet normal 0.430187 0 -0.90274
    outer loop
      vertex 98.7842 16 22.9573
      vertex 98.7011 15.2 22.9177
      vertex 98.7011 16 22.9177
    endloop
  endfacet
  facet normal 0.517099 0 -0.855926
    outer loop
      vertex 98.6238 15.2 22.871
      vertex 98.7011 16 22.9177
      vertex 98.7011 15.2 22.9177
    endloop
  endfacet
  facet normal 0.517099 0 -0.855926
    outer loop
      vertex 98.7011 16 22.9177
      vertex 98.6238 15.2 22.871
      vertex 98.6238 16 22.871
    endloop
  endfacet
  facet normal 0.601964 0 -0.798523
    outer loop
      vertex 98.5523 15.2 22.8171
      vertex 98.6238 16 22.871
      vertex 98.6238 15.2 22.871
    endloop
  endfacet
  facet normal 0.601964 0 -0.798523
    outer loop
      vertex 98.6238 16 22.871
      vertex 98.5523 15.2 22.8171
      vertex 98.5523 16 22.8171
    endloop
  endfacet
  facet normal 0.681604 0 -0.731722
    outer loop
      vertex 98.4866 15.2 22.7559
      vertex 98.5523 16 22.8171
      vertex 98.5523 15.2 22.8171
    endloop
  endfacet
  facet normal 0.681604 0 -0.731722
    outer loop
      vertex 98.5523 16 22.8171
      vertex 98.4866 15.2 22.7559
      vertex 98.4866 16 22.7559
    endloop
  endfacet
  facet normal 0.744893 0 -0.667184
    outer loop
      vertex 98.4866 15.2 22.7559
      vertex 98.4265 16 22.6888
      vertex 98.4866 16 22.7559
    endloop
  endfacet
  facet normal 0.744893 0 -0.667184
    outer loop
      vertex 98.4265 16 22.6888
      vertex 98.4866 15.2 22.7559
      vertex 98.4265 15.2 22.6888
    endloop
  endfacet
  facet normal 0.795203 0 -0.606343
    outer loop
      vertex 98.4265 15.2 22.6888
      vertex 98.3716 16 22.6168
      vertex 98.4265 16 22.6888
    endloop
  endfacet
  facet normal 0.795203 0 -0.606343
    outer loop
      vertex 98.3716 16 22.6168
      vertex 98.4265 15.2 22.6888
      vertex 98.3716 15.2 22.6168
    endloop
  endfacet
  facet normal 0.839863 0 -0.542798
    outer loop
      vertex 98.3716 15.2 22.6168
      vertex 98.3219 16 22.5399
      vertex 98.3716 16 22.6168
    endloop
  endfacet
  facet normal 0.839863 0 -0.542798
    outer loop
      vertex 98.3219 16 22.5399
      vertex 98.3716 15.2 22.6168
      vertex 98.3219 15.2 22.5399
    endloop
  endfacet
  facet normal 0.878183 0 -0.478325
    outer loop
      vertex 98.3219 15.2 22.5399
      vertex 98.2774 16 22.4582
      vertex 98.3219 16 22.5399
    endloop
  endfacet
  facet normal 0.878183 0 -0.478325
    outer loop
      vertex 98.2774 16 22.4582
      vertex 98.3219 15.2 22.5399
      vertex 98.2774 15.2 22.4582
    endloop
  endfacet
  facet normal 0.911014 0 -0.412376
    outer loop
      vertex 98.2774 15.2 22.4582
      vertex 98.2382 16 22.3716
      vertex 98.2774 16 22.4582
    endloop
  endfacet
  facet normal 0.911014 0 -0.412376
    outer loop
      vertex 98.2382 16 22.3716
      vertex 98.2774 15.2 22.4582
      vertex 98.2382 15.2 22.3716
    endloop
  endfacet
  facet normal 0.937377 0 -0.348315
    outer loop
      vertex 98.2382 15.2 22.3716
      vertex 98.2042 16 22.2801
      vertex 98.2382 16 22.3716
    endloop
  endfacet
  facet normal 0.937377 0 -0.348315
    outer loop
      vertex 98.2042 16 22.2801
      vertex 98.2382 15.2 22.3716
      vertex 98.2042 15.2 22.2801
    endloop
  endfacet
  facet normal 0.958072 0 -0.286526
    outer loop
      vertex 98.2042 15.2 22.2801
      vertex 98.1754 16 22.1838
      vertex 98.2042 16 22.2801
    endloop
  endfacet
  facet normal 0.958072 0 -0.286526
    outer loop
      vertex 98.1754 16 22.1838
      vertex 98.2042 15.2 22.2801
      vertex 98.1754 15.2 22.1838
    endloop
  endfacet
  facet normal 0.974082 0 -0.226195
    outer loop
      vertex 98.1754 15.2 22.1838
      vertex 98.1519 16 22.0826
      vertex 98.1754 16 22.1838
    endloop
  endfacet
  facet normal 0.974082 0 -0.226195
    outer loop
      vertex 98.1519 16 22.0826
      vertex 98.1754 15.2 22.1838
      vertex 98.1519 15.2 22.0826
    endloop
  endfacet
  facet normal 0.985449 0 -0.169969
    outer loop
      vertex 98.1519 15.2 22.0826
      vertex 98.1336 16 21.9765
      vertex 98.1519 16 22.0826
    endloop
  endfacet
  facet normal 0.985449 0 -0.169969
    outer loop
      vertex 98.1336 16 21.9765
      vertex 98.1519 15.2 22.0826
      vertex 98.1336 15.2 21.9765
    endloop
  endfacet
  facet normal -0.0494142 0 -0.998778
    outer loop
      vertex 96.4681 15.2 22.0589
      vertex 98.1336 16 21.9765
      vertex 98.1336 15.2 21.9765
    endloop
  endfacet
  facet normal -0.0494142 0 -0.998778
    outer loop
      vertex 98.1336 16 21.9765
      vertex 96.4681 15.2 22.0589
      vertex 96.4681 16 22.0589
    endloop
  endfacet
  facet normal -0.975522 0 0.2199
    outer loop
      vertex 96.4681 15.2 22.0589
      vertex 96.5167 16 22.2745
      vertex 96.4681 16 22.0589
    endloop
  endfacet
  facet normal -0.975522 0 0.2199
    outer loop
      vertex 96.5167 16 22.2745
      vertex 96.4681 15.2 22.0589
      vertex 96.5167 15.2 22.2745
    endloop
  endfacet
  facet normal -0.956922 0 0.290344
    outer loop
      vertex 96.5167 15.2 22.2745
      vertex 96.5789 16 22.4795
      vertex 96.5167 16 22.2745
    endloop
  endfacet
  facet normal -0.956922 0 0.290344
    outer loop
      vertex 96.5789 16 22.4795
      vertex 96.5167 15.2 22.2745
      vertex 96.5789 15.2 22.4795
    endloop
  endfacet
  facet normal -0.932005 0 0.362446
    outer loop
      vertex 96.5789 15.2 22.4795
      vertex 96.6545 16 22.6739
      vertex 96.5789 16 22.4795
    endloop
  endfacet
  facet normal -0.932005 0 0.362446
    outer loop
      vertex 96.6545 16 22.6739
      vertex 96.5789 15.2 22.4795
      vertex 96.6545 15.2 22.6739
    endloop
  endfacet
  facet normal -0.899843 0 0.436213
    outer loop
      vertex 96.6545 15.2 22.6739
      vertex 96.7436 16 22.8577
      vertex 96.6545 16 22.6739
    endloop
  endfacet
  facet normal -0.899843 0 0.436213
    outer loop
      vertex 96.7436 16 22.8577
      vertex 96.6545 15.2 22.6739
      vertex 96.7436 15.2 22.8577
    endloop
  endfacet
  facet normal -0.860154 0 0.510034
    outer loop
      vertex 96.7436 15.2 22.8577
      vertex 96.8463 16 23.0309
      vertex 96.7436 16 22.8577
    endloop
  endfacet
  facet normal -0.860154 0 0.510034
    outer loop
      vertex 96.8463 16 23.0309
      vertex 96.7436 15.2 22.8577
      vertex 96.8463 15.2 23.0309
    endloop
  endfacet
  facet normal -0.813598 0 0.581428
    outer loop
      vertex 96.8463 15.2 23.0309
      vertex 96.9625 16 23.1935
      vertex 96.8463 16 23.0309
    endloop
  endfacet
  facet normal -0.813598 0 0.581428
    outer loop
      vertex 96.9625 16 23.1935
      vertex 96.8463 15.2 23.0309
      vertex 96.9625 15.2 23.1935
    endloop
  endfacet
  facet normal -0.760703 0 0.6491
    outer loop
      vertex 96.9625 15.2 23.1935
      vertex 97.0922 16 23.3455
      vertex 96.9625 16 23.1935
    endloop
  endfacet
  facet normal -0.760703 0 0.6491
    outer loop
      vertex 97.0922 16 23.3455
      vertex 96.9625 15.2 23.1935
      vertex 97.0922 15.2 23.3455
    endloop
  endfacet
  facet normal -0.702621 0 0.711565
    outer loop
      vertex 97.0922 16 23.3455
      vertex 97.2354 15.2 23.4869
      vertex 97.2354 16 23.4869
    endloop
  endfacet
  facet normal -0.702621 0 0.711565
    outer loop
      vertex 97.2354 15.2 23.4869
      vertex 97.0922 16 23.3455
      vertex 97.0922 15.2 23.3455
    endloop
  endfacet
  facet normal -0.640811 0 0.767699
    outer loop
      vertex 97.2354 16 23.4869
      vertex 97.3921 15.2 23.6177
      vertex 97.3921 16 23.6177
    endloop
  endfacet
  facet normal -0.640811 0 0.767699
    outer loop
      vertex 97.3921 15.2 23.6177
      vertex 97.2354 16 23.4869
      vertex 97.2354 15.2 23.4869
    endloop
  endfacet
  facet normal -0.57571 0 0.817654
    outer loop
      vertex 97.3921 16 23.6177
      vertex 97.5604 15.2 23.7362
      vertex 97.5604 16 23.7362
    endloop
  endfacet
  facet normal -0.57571 0 0.817654
    outer loop
      vertex 97.5604 15.2 23.7362
      vertex 97.3921 16 23.6177
      vertex 97.3921 15.2 23.6177
    endloop
  endfacet
  facet normal -0.507062 0 0.861909
    outer loop
      vertex 97.5604 16 23.7362
      vertex 97.7382 15.2 23.8408
      vertex 97.7382 16 23.8408
    endloop
  endfacet
  facet normal -0.507062 0 0.861909
    outer loop
      vertex 97.7382 15.2 23.8408
      vertex 97.5604 16 23.7362
      vertex 97.5604 15.2 23.7362
    endloop
  endfacet
  facet normal -0.435071 0 0.900396
    outer loop
      vertex 97.7382 16 23.8408
      vertex 97.9257 15.2 23.9314
      vertex 97.9257 16 23.9314
    endloop
  endfacet
  facet normal -0.435071 0 0.900396
    outer loop
      vertex 97.9257 15.2 23.9314
      vertex 97.7382 16 23.8408
      vertex 97.7382 15.2 23.8408
    endloop
  endfacet
  facet normal -0.362811 0 0.931863
    outer loop
      vertex 97.9257 16 23.9314
      vertex 98.1227 15.2 24.0081
      vertex 98.1227 16 24.0081
    endloop
  endfacet
  facet normal -0.362811 0 0.931863
    outer loop
      vertex 98.1227 15.2 24.0081
      vertex 97.9257 16 23.9314
      vertex 97.9257 15.2 23.9314
    endloop
  endfacet
  facet normal -0.290406 0 0.956904
    outer loop
      vertex 98.1227 16 24.0081
      vertex 98.3293 15.2 24.0708
      vertex 98.3293 16 24.0708
    endloop
  endfacet
  facet normal -0.290406 0 0.956904
    outer loop
      vertex 98.3293 15.2 24.0708
      vertex 98.1227 16 24.0081
      vertex 98.1227 15.2 24.0081
    endloop
  endfacet
  facet normal -0.220178 0 0.97546
    outer loop
      vertex 98.3293 16 24.0708
      vertex 98.5455 15.2 24.1196
      vertex 98.5455 16 24.1196
    endloop
  endfacet
  facet normal -0.220178 0 0.97546
    outer loop
      vertex 98.5455 15.2 24.1196
      vertex 98.3293 16 24.0708
      vertex 98.3293 15.2 24.0708
    endloop
  endfacet
  facet normal -0.152748 0 0.988265
    outer loop
      vertex 98.5455 16 24.1196
      vertex 98.7713 15.2 24.1545
      vertex 98.7713 16 24.1545
    endloop
  endfacet
  facet normal -0.152748 0 0.988265
    outer loop
      vertex 98.7713 15.2 24.1545
      vertex 98.5455 16 24.1196
      vertex 98.5455 15.2 24.1196
    endloop
  endfacet
  facet normal -0.0884372 0 0.996082
    outer loop
      vertex 98.7713 16 24.1545
      vertex 99.0067 15.2 24.1754
      vertex 99.0067 16 24.1754
    endloop
  endfacet
  facet normal -0.0884372 0 0.996082
    outer loop
      vertex 99.0067 15.2 24.1754
      vertex 98.7713 16 24.1545
      vertex 98.7713 15.2 24.1545
    endloop
  endfacet
  facet normal -0.0285598 0 0.999592
    outer loop
      vertex 99.0067 16 24.1754
      vertex 99.2517 15.2 24.1824
      vertex 99.2517 16 24.1824
    endloop
  endfacet
  facet normal -0.0285598 0 0.999592
    outer loop
      vertex 99.2517 15.2 24.1824
      vertex 99.0067 16 24.1754
      vertex 99.0067 15.2 24.1754
    endloop
  endfacet
  facet normal 0.0344514 0 0.999406
    outer loop
      vertex 99.2517 16 24.1824
      vertex 99.5679 15.2 24.1715
      vertex 99.5679 16 24.1715
    endloop
  endfacet
  facet normal 0.0344514 0 0.999406
    outer loop
      vertex 99.5679 15.2 24.1715
      vertex 99.2517 16 24.1824
      vertex 99.2517 15.2 24.1824
    endloop
  endfacet
  facet normal 0.10781 0 0.994172
    outer loop
      vertex 99.5679 16 24.1715
      vertex 99.8676 15.2 24.139
      vertex 99.8676 16 24.139
    endloop
  endfacet
  facet normal 0.10781 0 0.994172
    outer loop
      vertex 99.8676 15.2 24.139
      vertex 99.5679 16 24.1715
      vertex 99.5679 15.2 24.1715
    endloop
  endfacet
  facet normal 0.188179 0 0.982135
    outer loop
      vertex 99.8676 16 24.139
      vertex 100.151 15.2 24.0847
      vertex 100.151 16 24.0847
    endloop
  endfacet
  facet normal 0.188179 0 0.982135
    outer loop
      vertex 100.151 15.2 24.0847
      vertex 99.8676 16 24.139
      vertex 99.8676 15.2 24.139
    endloop
  endfacet
  facet normal 0.273769 0 0.961795
    outer loop
      vertex 100.151 16 24.0847
      vertex 100.418 15.2 24.0087
      vertex 100.418 16 24.0087
    endloop
  endfacet
  facet normal 0.273769 0 0.961795
    outer loop
      vertex 100.418 15.2 24.0087
      vertex 100.151 16 24.0847
      vertex 100.151 15.2 24.0847
    endloop
  endfacet
  facet normal 0.363992 0 0.931402
    outer loop
      vertex 100.418 16 24.0087
      vertex 100.668 15.2 23.911
      vertex 100.668 16 23.911
    endloop
  endfacet
  facet normal 0.363992 0 0.931402
    outer loop
      vertex 100.668 15.2 23.911
      vertex 100.418 16 24.0087
      vertex 100.418 15.2 24.0087
    endloop
  endfacet
  facet normal 0.454809 0 0.890589
    outer loop
      vertex 100.668 16 23.911
      vertex 100.902 15.2 23.7915
      vertex 100.902 16 23.7915
    endloop
  endfacet
  facet normal 0.454809 0 0.890589
    outer loop
      vertex 100.902 15.2 23.7915
      vertex 100.668 16 23.911
      vertex 100.668 15.2 23.911
    endloop
  endfacet
  facet normal 0.543363 0 0.839498
    outer loop
      vertex 100.902 16 23.7915
      vertex 101.12 15.2 23.6504
      vertex 101.12 16 23.6504
    endloop
  endfacet
  facet normal 0.543363 0 0.839498
    outer loop
      vertex 101.12 15.2 23.6504
      vertex 100.902 16 23.7915
      vertex 100.902 15.2 23.7915
    endloop
  endfacet
  facet normal 0.629632 0 0.776894
    outer loop
      vertex 101.12 16 23.6504
      vertex 101.321 15.2 23.4875
      vertex 101.321 16 23.4875
    endloop
  endfacet
  facet normal 0.629632 0 0.776894
    outer loop
      vertex 101.321 15.2 23.4875
      vertex 101.12 16 23.6504
      vertex 101.12 15.2 23.6504
    endloop
  endfacet
  facet normal 0.706149 0 0.708063
    outer loop
      vertex 101.321 16 23.4875
      vertex 101.506 15.2 23.303
      vertex 101.506 16 23.303
    endloop
  endfacet
  facet normal 0.706149 0 0.708063
    outer loop
      vertex 101.506 15.2 23.303
      vertex 101.321 16 23.4875
      vertex 101.321 15.2 23.4875
    endloop
  endfacet
  facet normal 0.77394 -0 0.633258
    outer loop
      vertex 101.506 15.2 23.303
      vertex 101.673 16 23.0989
      vertex 101.506 16 23.303
    endloop
  endfacet
  facet normal 0.77394 0 0.633258
    outer loop
      vertex 101.673 16 23.0989
      vertex 101.506 15.2 23.303
      vertex 101.673 15.2 23.0989
    endloop
  endfacet
  facet normal 0.83286 -0 0.553483
    outer loop
      vertex 101.673 15.2 23.0989
      vertex 101.82 16 22.8777
      vertex 101.673 16 23.0989
    endloop
  endfacet
  facet normal 0.83286 0 0.553483
    outer loop
      vertex 101.82 16 22.8777
      vertex 101.673 15.2 23.0989
      vertex 101.82 15.2 22.8777
    endloop
  endfacet
  facet normal 0.88266 -0 0.470012
    outer loop
      vertex 101.82 15.2 22.8777
      vertex 101.947 16 22.6392
      vertex 101.82 16 22.8777
    endloop
  endfacet
  facet normal 0.88266 0 0.470012
    outer loop
      vertex 101.947 16 22.6392
      vertex 101.82 15.2 22.8777
      vertex 101.947 15.2 22.6392
    endloop
  endfacet
  facet normal 0.921146 -0 0.389217
    outer loop
      vertex 101.947 15.2 22.6392
      vertex 102.055 16 22.3836
      vertex 101.947 16 22.6392
    endloop
  endfacet
  facet normal 0.921146 0 0.389217
    outer loop
      vertex 102.055 16 22.3836
      vertex 101.947 15.2 22.6392
      vertex 102.055 15.2 22.3836
    endloop
  endfacet
  facet normal 0.951741 -0 0.306901
    outer loop
      vertex 102.055 15.2 22.3836
      vertex 102.143 16 22.1107
      vertex 102.055 16 22.3836
    endloop
  endfacet
  facet normal 0.951741 0 0.306901
    outer loop
      vertex 102.143 16 22.1107
      vertex 102.055 15.2 22.3836
      vertex 102.143 15.2 22.1107
    endloop
  endfacet
  facet normal 0.97286 -0 0.231394
    outer loop
      vertex 102.143 15.2 22.1107
      vertex 102.212 16 21.8206
      vertex 102.143 16 22.1107
    endloop
  endfacet
  facet normal 0.97286 0 0.231394
    outer loop
      vertex 102.212 16 21.8206
      vertex 102.143 15.2 22.1107
      vertex 102.212 15.2 21.8206
    endloop
  endfacet
  facet normal 0.987525 -0 0.157464
    outer loop
      vertex 102.212 15.2 21.8206
      vertex 102.261 16 21.5133
      vertex 102.212 16 21.8206
    endloop
  endfacet
  facet normal 0.987525 0 0.157464
    outer loop
      vertex 102.261 16 21.5133
      vertex 102.212 15.2 21.8206
      vertex 102.261 15.2 21.5133
    endloop
  endfacet
  facet normal 0.99603 -0 0.0890135
    outer loop
      vertex 102.261 15.2 21.5133
      vertex 102.29 16 21.1888
      vertex 102.261 16 21.5133
    endloop
  endfacet
  facet normal 0.99603 0 0.0890135
    outer loop
      vertex 102.29 16 21.1888
      vertex 102.261 15.2 21.5133
      vertex 102.29 15.2 21.1888
    endloop
  endfacet
  facet normal 0.999572 -0 0.0292529
    outer loop
      vertex 102.29 15.2 21.1888
      vertex 102.3 16 20.8471
      vertex 102.29 16 21.1888
    endloop
  endfacet
  facet normal 0.999572 0 0.0292529
    outer loop
      vertex 102.3 16 20.8471
      vertex 102.29 15.2 21.1888
      vertex 102.3 15.2 20.8471
    endloop
  endfacet
  facet normal 0.999552 0 -0.0299178
    outer loop
      vertex 102.3 15.2 20.8471
      vertex 102.29 16 20.513
      vertex 102.3 16 20.8471
    endloop
  endfacet
  facet normal 0.999552 0 -0.0299178
    outer loop
      vertex 102.29 16 20.513
      vertex 102.3 15.2 20.8471
      vertex 102.29 15.2 20.513
    endloop
  endfacet
  facet normal 0.995849 0 -0.0910168
    outer loop
      vertex 102.29 15.2 20.513
      vertex 102.261 16 20.1957
      vertex 102.29 16 20.513
    endloop
  endfacet
  facet normal 0.995849 0 -0.0910168
    outer loop
      vertex 102.261 16 20.1957
      vertex 102.29 15.2 20.513
      vertex 102.261 15.2 20.1957
    endloop
  endfacet
  facet normal 0.98749 0 -0.157683
    outer loop
      vertex 102.261 15.2 20.1957
      vertex 102.213 16 19.8951
      vertex 102.261 16 20.1957
    endloop
  endfacet
  facet normal 0.98749 0 -0.157683
    outer loop
      vertex 102.213 16 19.8951
      vertex 102.261 15.2 20.1957
      vertex 102.213 15.2 19.8951
    endloop
  endfacet
  facet normal 0.971674 0 -0.236325
    outer loop
      vertex 102.213 15.2 19.8951
      vertex 102.144 16 19.6114
      vertex 102.213 16 19.8951
    endloop
  endfacet
  facet normal 0.971674 0 -0.236325
    outer loop
      vertex 102.144 16 19.6114
      vertex 102.213 15.2 19.8951
      vertex 102.144 15.2 19.6114
    endloop
  endfacet
  facet normal 0.950798 0 -0.309811
    outer loop
      vertex 102.144 15.2 19.6114
      vertex 102.057 16 19.3444
      vertex 102.144 16 19.6114
    endloop
  endfacet
  facet normal 0.950798 0 -0.309811
    outer loop
      vertex 102.057 16 19.3444
      vertex 102.144 15.2 19.6114
      vertex 102.057 15.2 19.3444
    endloop
  endfacet
  facet normal 0.919506 0 -0.393077
    outer loop
      vertex 102.057 15.2 19.3444
      vertex 101.95 16 19.0941
      vertex 102.057 16 19.3444
    endloop
  endfacet
  facet normal 0.919506 0 -0.393077
    outer loop
      vertex 101.95 16 19.0941
      vertex 102.057 15.2 19.3444
      vertex 101.95 15.2 19.0941
    endloop
  endfacet
  facet normal 0.878384 0 -0.477955
    outer loop
      vertex 101.95 15.2 19.0941
      vertex 101.823 16 18.8607
      vertex 101.95 16 19.0941
    endloop
  endfacet
  facet normal 0.878384 0 -0.477955
    outer loop
      vertex 101.823 16 18.8607
      vertex 101.95 15.2 19.0941
      vertex 101.823 15.2 18.8607
    endloop
  endfacet
  facet normal 0.829332 0 -0.558756
    outer loop
      vertex 101.823 15.2 18.8607
      vertex 101.677 16 18.644
      vertex 101.823 16 18.8607
    endloop
  endfacet
  facet normal 0.829332 0 -0.558756
    outer loop
      vertex 101.677 16 18.644
      vertex 101.823 15.2 18.8607
      vertex 101.677 15.2 18.644
    endloop
  endfacet
  facet normal 0.771217 0 -0.636572
    outer loop
      vertex 101.677 15.2 18.644
      vertex 101.512 16 18.4441
      vertex 101.677 16 18.644
    endloop
  endfacet
  facet normal 0.771217 0 -0.636572
    outer loop
      vertex 101.512 16 18.4441
      vertex 101.677 15.2 18.644
      vertex 101.512 15.2 18.4441
    endloop
  endfacet
  facet normal 0.701074 0 -0.713088
    outer loop
      vertex 101.328 15.2 18.2632
      vertex 101.512 16 18.4441
      vertex 101.512 15.2 18.4441
    endloop
  endfacet
  facet normal 0.701074 0 -0.713088
    outer loop
      vertex 101.512 16 18.4441
      vertex 101.328 15.2 18.2632
      vertex 101.328 16 18.2632
    endloop
  endfacet
  facet normal 0.625412 0 -0.780295
    outer loop
      vertex 101.129 15.2 18.1037
      vertex 101.328 16 18.2632
      vertex 101.328 15.2 18.2632
    endloop
  endfacet
  facet normal 0.625412 0 -0.780295
    outer loop
      vertex 101.328 16 18.2632
      vertex 101.129 15.2 18.1037
      vertex 101.129 16 18.1037
    endloop
  endfacet
  facet normal 0.53922 0 -0.842165
    outer loop
      vertex 100.913 15.2 17.9654
      vertex 101.129 16 18.1037
      vertex 101.129 15.2 18.1037
    endloop
  endfacet
  facet normal 0.53922 0 -0.842165
    outer loop
      vertex 101.129 16 18.1037
      vertex 100.913 15.2 17.9654
      vertex 100.913 16 17.9654
    endloop
  endfacet
  facet normal 0.449053 0 -0.893505
    outer loop
      vertex 100.68 15.2 17.8483
      vertex 100.913 16 17.9654
      vertex 100.913 15.2 17.9654
    endloop
  endfacet
  facet normal 0.449053 0 -0.893505
    outer loop
      vertex 100.913 16 17.9654
      vertex 100.68 15.2 17.8483
      vertex 100.68 16 17.8483
    endloop
  endfacet
  facet normal 0.360012 0 -0.932948
    outer loop
      vertex 100.432 15.2 17.7526
      vertex 100.68 16 17.8483
      vertex 100.68 15.2 17.8483
    endloop
  endfacet
  facet normal 0.360012 0 -0.932948
    outer loop
      vertex 100.68 16 17.8483
      vertex 100.432 15.2 17.7526
      vertex 100.432 16 17.7526
    endloop
  endfacet
  facet normal 0.27064 0 -0.962681
    outer loop
      vertex 100.167 15.2 17.6781
      vertex 100.432 16 17.7526
      vertex 100.432 15.2 17.7526
    endloop
  endfacet
  facet normal 0.27064 0 -0.962681
    outer loop
      vertex 100.432 16 17.7526
      vertex 100.167 15.2 17.6781
      vertex 100.167 16 17.6781
    endloop
  endfacet
  facet normal 0.186083 0 -0.982534
    outer loop
      vertex 99.8861 15.2 17.6249
      vertex 100.167 16 17.6781
      vertex 100.167 15.2 17.6781
    endloop
  endfacet
  facet normal 0.186083 0 -0.982534
    outer loop
      vertex 100.167 16 17.6781
      vertex 99.8861 15.2 17.6249
      vertex 99.8861 16 17.6249
    endloop
  endfacet
  facet normal 0.106687 0 -0.994293
    outer loop
      vertex 99.5888 15.2 17.593
      vertex 99.8861 16 17.6249
      vertex 99.8861 15.2 17.6249
    endloop
  endfacet
  facet normal 0.106687 0 -0.994293
    outer loop
      vertex 99.8861 16 17.6249
      vertex 99.5888 15.2 17.593
      vertex 99.5888 16 17.593
    endloop
  endfacet
  facet normal 0.0337925 0 -0.999429
    outer loop
      vertex 99.2753 15.2 17.5824
      vertex 99.5888 16 17.593
      vertex 99.5888 15.2 17.593
    endloop
  endfacet
  facet normal 0.0337925 0 -0.999429
    outer loop
      vertex 99.5888 16 17.593
      vertex 99.2753 15.2 17.5824
      vertex 99.2753 16 17.5824
    endloop
  endfacet
  facet normal -0.020055 0 -0.999799
    outer loop
      vertex 99.1058 15.2 17.5858
      vertex 99.2753 16 17.5824
      vertex 99.2753 15.2 17.5824
    endloop
  endfacet
  facet normal -0.020055 0 -0.999799
    outer loop
      vertex 99.2753 16 17.5824
      vertex 99.1058 15.2 17.5858
      vertex 99.1058 16 17.5858
    endloop
  endfacet
  facet normal -0.154945 0 -0.987923
    outer loop
      vertex 91.9242 15.2 17.6678
      vertex 92.3329 16 17.6037
      vertex 92.3329 15.2 17.6037
    endloop
  endfacet
  facet normal -0.154945 0 -0.987923
    outer loop
      vertex 92.3329 16 17.6037
      vertex 91.9242 15.2 17.6678
      vertex 91.9242 16 17.6678
    endloop
  endfacet
  facet normal -0.274212 0 -0.961669
    outer loop
      vertex 91.55 15.2 17.7745
      vertex 91.9242 16 17.6678
      vertex 91.9242 15.2 17.6678
    endloop
  endfacet
  facet normal -0.274212 0 -0.961669
    outer loop
      vertex 91.9242 16 17.6678
      vertex 91.55 15.2 17.7745
      vertex 91.55 16 17.7745
    endloop
  endfacet
  facet normal -0.402712 0 -0.915327
    outer loop
      vertex 91.2102 15.2 17.924
      vertex 91.55 16 17.7745
      vertex 91.55 15.2 17.7745
    endloop
  endfacet
  facet normal -0.402712 0 -0.915327
    outer loop
      vertex 91.55 16 17.7745
      vertex 91.2102 15.2 17.924
      vertex 91.2102 16 17.924
    endloop
  endfacet
  facet normal -0.532438 0 -0.846469
    outer loop
      vertex 90.9048 15.2 18.1161
      vertex 91.2102 16 17.924
      vertex 91.2102 15.2 17.924
    endloop
  endfacet
  facet normal -0.532438 0 -0.846469
    outer loop
      vertex 91.2102 16 17.924
      vertex 90.9048 15.2 18.1161
      vertex 90.9048 16 18.1161
    endloop
  endfacet
  facet normal -0.654984 0 -0.755643
    outer loop
      vertex 90.6338 15.2 18.351
      vertex 90.9048 16 18.1161
      vertex 90.9048 15.2 18.1161
    endloop
  endfacet
  facet normal -0.654984 0 -0.755643
    outer loop
      vertex 90.9048 16 18.1161
      vertex 90.6338 15.2 18.351
      vertex 90.6338 16 18.351
    endloop
  endfacet
  facet normal -0.761208 0 -0.648508
    outer loop
      vertex 90.6338 15.2 18.351
      vertex 90.3973 16 18.6286
      vertex 90.6338 16 18.351
    endloop
  endfacet
  facet normal -0.761208 -0 -0.648508
    outer loop
      vertex 90.3973 16 18.6286
      vertex 90.6338 15.2 18.351
      vertex 90.3973 15.2 18.6286
    endloop
  endfacet
  facet normal -0.845765 0 -0.533556
    outer loop
      vertex 90.3973 15.2 18.6286
      vertex 90.1953 16 18.9488
      vertex 90.3973 16 18.6286
    endloop
  endfacet
  facet normal -0.845765 -0 -0.533556
    outer loop
      vertex 90.1953 16 18.9488
      vertex 90.3973 15.2 18.6286
      vertex 90.1953 15.2 18.9488
    endloop
  endfacet
  facet normal -0.907806 0 -0.419391
    outer loop
      vertex 90.1953 15.2 18.9488
      vertex 90.0276 16 19.3118
      vertex 90.1953 16 18.9488
    endloop
  endfacet
  facet normal -0.907806 -0 -0.419391
    outer loop
      vertex 90.0276 16 19.3118
      vertex 90.1953 15.2 18.9488
      vertex 90.0276 15.2 19.3118
    endloop
  endfacet
  facet normal -0.086365 0 0.996264
    outer loop
      vertex 90.0276 16 19.3118
      vertex 91.5872 15.2 19.447
      vertex 91.5872 16 19.447
    endloop
  endfacet
  facet normal -0.086365 0 0.996264
    outer loop
      vertex 91.5872 15.2 19.447
      vertex 90.0276 16 19.3118
      vertex 90.0276 15.2 19.3118
    endloop
  endfacet
  facet normal 0.937678 -0 0.347506
    outer loop
      vertex 91.5872 15.2 19.447
      vertex 91.6462 16 19.2878
      vertex 91.5872 16 19.447
    endloop
  endfacet
  facet normal 0.937678 0 0.347506
    outer loop
      vertex 91.6462 16 19.2878
      vertex 91.5872 15.2 19.447
      vertex 91.6462 15.2 19.2878
    endloop
  endfacet
  facet normal 0.882179 -0 0.470914
    outer loop
      vertex 91.6462 15.2 19.2878
      vertex 91.7212 16 19.1473
      vertex 91.6462 16 19.2878
    endloop
  endfacet
  facet normal 0.882179 0 0.470914
    outer loop
      vertex 91.7212 16 19.1473
      vertex 91.6462 15.2 19.2878
      vertex 91.7212 15.2 19.1473
    endloop
  endfacet
  facet normal 0.801104 -0 0.598526
    outer loop
      vertex 91.7212 15.2 19.1473
      vertex 91.8122 16 19.0255
      vertex 91.7212 16 19.1473
    endloop
  endfacet
  facet normal 0.801104 0 0.598526
    outer loop
      vertex 91.8122 16 19.0255
      vertex 91.7212 15.2 19.1473
      vertex 91.8122 15.2 19.0255
    endloop
  endfacet
  facet normal 0.693849 0 0.720121
    outer loop
      vertex 91.8122 16 19.0255
      vertex 91.9191 15.2 18.9225
      vertex 91.9191 16 18.9225
    endloop
  endfacet
  facet normal 0.693849 0 0.720121
    outer loop
      vertex 91.9191 15.2 18.9225
      vertex 91.8122 16 19.0255
      vertex 91.8122 15.2 19.0255
    endloop
  endfacet
  facet normal 0.565646 0 0.824648
    outer loop
      vertex 91.9191 16 18.9225
      vertex 92.042 15.2 18.8382
      vertex 92.042 16 18.8382
    endloop
  endfacet
  facet normal 0.565646 0 0.824648
    outer loop
      vertex 92.042 15.2 18.8382
      vertex 91.9191 16 18.9225
      vertex 91.9191 15.2 18.9225
    endloop
  endfacet
  facet normal 0.427051 0 0.904228
    outer loop
      vertex 92.042 16 18.8382
      vertex 92.1809 15.2 18.7726
      vertex 92.1809 16 18.7726
    endloop
  endfacet
  facet normal 0.427051 0 0.904228
    outer loop
      vertex 92.1809 15.2 18.7726
      vertex 92.042 16 18.8382
      vertex 92.042 15.2 18.8382
    endloop
  endfacet
  facet normal 0.289784 0 0.957092
    outer loop
      vertex 92.1809 16 18.7726
      vertex 92.3358 15.2 18.7257
      vertex 92.3358 16 18.7257
    endloop
  endfacet
  facet normal 0.289784 0 0.957092
    outer loop
      vertex 92.3358 15.2 18.7257
      vertex 92.1809 16 18.7726
      vertex 92.1809 15.2 18.7726
    endloop
  endfacet
  facet normal 0.162245 0 0.98675
    outer loop
      vertex 92.3358 16 18.7257
      vertex 92.5067 15.2 18.6976
      vertex 92.5067 16 18.6976
    endloop
  endfacet
  facet normal 0.162245 0 0.98675
    outer loop
      vertex 92.5067 15.2 18.6976
      vertex 92.3358 16 18.7257
      vertex 92.3358 15.2 18.7257
    endloop
  endfacet
  facet normal 0.0496977 0 0.998764
    outer loop
      vertex 92.5067 16 18.6976
      vertex 92.6936 15.2 18.6883
      vertex 92.6936 16 18.6883
    endloop
  endfacet
  facet normal 0.0496977 0 0.998764
    outer loop
      vertex 92.6936 15.2 18.6883
      vertex 92.5067 16 18.6976
      vertex 92.5067 15.2 18.6976
    endloop
  endfacet
  facet normal -0.0421138 0 0.999113
    outer loop
      vertex 92.6936 16 18.6883
      vertex 92.8312 15.2 18.6941
      vertex 92.8312 16 18.6941
    endloop
  endfacet
  facet normal -0.0421138 0 0.999113
    outer loop
      vertex 92.8312 15.2 18.6941
      vertex 92.6936 16 18.6883
      vertex 92.6936 15.2 18.6883
    endloop
  endfacet
  facet normal -0.133656 0 0.991028
    outer loop
      vertex 92.8312 16 18.6941
      vertex 92.9617 15.2 18.7117
      vertex 92.9617 16 18.7117
    endloop
  endfacet
  facet normal -0.133656 0 0.991028
    outer loop
      vertex 92.9617 15.2 18.7117
      vertex 92.8312 16 18.6941
      vertex 92.8312 15.2 18.6941
    endloop
  endfacet
  facet normal -0.230624 0 0.973043
    outer loop
      vertex 92.9617 16 18.7117
      vertex 93.0849 15.2 18.7409
      vertex 93.0849 16 18.7409
    endloop
  endfacet
  facet normal -0.230624 0 0.973043
    outer loop
      vertex 93.0849 15.2 18.7409
      vertex 92.9617 16 18.7117
      vertex 92.9617 15.2 18.7117
    endloop
  endfacet
  facet normal -0.332268 0 0.943185
    outer loop
      vertex 93.0849 16 18.7409
      vertex 93.201 15.2 18.7818
      vertex 93.201 16 18.7818
    endloop
  endfacet
  facet normal -0.332268 0 0.943185
    outer loop
      vertex 93.201 15.2 18.7818
      vertex 93.0849 16 18.7409
      vertex 93.0849 15.2 18.7409
    endloop
  endfacet
  facet normal -0.434934 0 0.900462
    outer loop
      vertex 93.201 16 18.7818
      vertex 93.3099 15.2 18.8344
      vertex 93.3099 16 18.8344
    endloop
  endfacet
  facet normal -0.434934 0 0.900462
    outer loop
      vertex 93.3099 15.2 18.8344
      vertex 93.201 16 18.7818
      vertex 93.201 15.2 18.7818
    endloop
  endfacet
  facet normal -0.534399 0 0.845232
    outer loop
      vertex 93.3099 16 18.8344
      vertex 93.4116 15.2 18.8987
      vertex 93.4116 16 18.8987
    endloop
  endfacet
  facet normal -0.534399 0 0.845232
    outer loop
      vertex 93.4116 15.2 18.8987
      vertex 93.3099 16 18.8344
      vertex 93.3099 15.2 18.8344
    endloop
  endfacet
  facet normal -0.626704 0 0.779257
    outer loop
      vertex 93.4116 16 18.8987
      vertex 93.5061 15.2 18.9747
      vertex 93.5061 16 18.9747
    endloop
  endfacet
  facet normal -0.626704 0 0.779257
    outer loop
      vertex 93.5061 15.2 18.9747
      vertex 93.4116 16 18.8987
      vertex 93.4116 15.2 18.8987
    endloop
  endfacet
  facet normal -0.708721 0 0.705489
    outer loop
      vertex 93.5061 15.2 18.9747
      vertex 93.5934 16 19.0624
      vertex 93.5061 16 18.9747
    endloop
  endfacet
  facet normal -0.708721 0 0.705489
    outer loop
      vertex 93.5934 16 19.0624
      vertex 93.5061 15.2 18.9747
      vertex 93.5934 15.2 19.0624
    endloop
  endfacet
  facet normal -0.778339 0 0.627844
    outer loop
      vertex 93.5934 15.2 19.0624
      vertex 93.6735 16 19.1617
      vertex 93.5934 16 19.0624
    endloop
  endfacet
  facet normal -0.778339 0 0.627844
    outer loop
      vertex 93.6735 16 19.1617
      vertex 93.5934 15.2 19.0624
      vertex 93.6735 15.2 19.1617
    endloop
  endfacet
  facet normal -0.838046 0 0.545599
    outer loop
      vertex 93.6735 15.2 19.1617
      vertex 93.7457 16 19.2726
      vertex 93.6735 16 19.1617
    endloop
  endfacet
  facet normal -0.838046 0 0.545599
    outer loop
      vertex 93.7457 16 19.2726
      vertex 93.6735 15.2 19.1617
      vertex 93.7457 15.2 19.2726
    endloop
  endfacet
  facet normal -0.8863 0 0.463112
    outer loop
      vertex 93.7457 15.2 19.2726
      vertex 93.8095 16 19.3947
      vertex 93.7457 16 19.2726
    endloop
  endfacet
  facet normal -0.8863 0 0.463112
    outer loop
      vertex 93.8095 16 19.3947
      vertex 93.7457 15.2 19.2726
      vertex 93.8095 15.2 19.3947
    endloop
  endfacet
  facet normal -0.924017 0 0.382352
    outer loop
      vertex 93.8095 15.2 19.3947
      vertex 93.8647 16 19.5281
      vertex 93.8095 16 19.3947
    endloop
  endfacet
  facet normal -0.924017 0 0.382352
    outer loop
      vertex 93.8647 16 19.5281
      vertex 93.8095 15.2 19.3947
      vertex 93.8647 15.2 19.5281
    endloop
  endfacet
  facet normal -0.951411 0 0.307925
    outer loop
      vertex 93.8647 15.2 19.5281
      vertex 93.9115 16 19.6727
      vertex 93.8647 16 19.5281
    endloop
  endfacet
  facet normal -0.951411 0 0.307925
    outer loop
      vertex 93.9115 16 19.6727
      vertex 93.8647 15.2 19.5281
      vertex 93.9115 15.2 19.6727
    endloop
  endfacet
  facet normal -0.971268 0 0.237989
    outer loop
      vertex 93.9115 15.2 19.6727
      vertex 93.9497 16 19.8286
      vertex 93.9115 16 19.6727
    endloop
  endfacet
  facet normal -0.971268 0 0.237989
    outer loop
      vertex 93.9497 16 19.8286
      vertex 93.9115 15.2 19.6727
      vertex 93.9497 15.2 19.8286
    endloop
  endfacet
  facet normal -0.984486 0 0.175465
    outer loop
      vertex 93.9497 15.2 19.8286
      vertex 93.9795 16 19.9958
      vertex 93.9497 16 19.8286
    endloop
  endfacet
  facet normal -0.984486 0 0.175465
    outer loop
      vertex 93.9795 16 19.9958
      vertex 93.9497 15.2 19.8286
      vertex 93.9795 15.2 19.9958
    endloop
  endfacet
  facet normal -0.993013 0 0.118004
    outer loop
      vertex 93.9795 15.2 19.9958
      vertex 94.0007 16 20.1742
      vertex 93.9795 16 19.9958
    endloop
  endfacet
  facet normal -0.993013 0 0.118004
    outer loop
      vertex 94.0007 16 20.1742
      vertex 93.9795 15.2 19.9958
      vertex 94.0007 15.2 20.1742
    endloop
  endfacet
  facet normal -0.997729 0 0.0673572
    outer loop
      vertex 94.0007 15.2 20.1742
      vertex 94.0135 16 20.3638
      vertex 94.0007 16 20.1742
    endloop
  endfacet
  facet normal -0.997729 0 0.0673572
    outer loop
      vertex 94.0135 16 20.3638
      vertex 94.0007 15.2 20.1742
      vertex 94.0135 15.2 20.3638
    endloop
  endfacet
  facet normal -0.999782 0 0.020891
    outer loop
      vertex 94.0135 15.2 20.3638
      vertex 94.0177 16 20.5648
      vertex 94.0135 16 20.3638
    endloop
  endfacet
  facet normal -0.999782 0 0.020891
    outer loop
      vertex 94.0177 16 20.5648
      vertex 94.0135 15.2 20.3638
      vertex 94.0177 15.2 20.5648
    endloop
  endfacet
  facet normal 0 0 -1
    outer loop
      vertex 89.9335 15.2 20.5648
      vertex 94.0177 16 20.5648
      vertex 94.0177 15.2 20.5648
    endloop
  endfacet
  facet normal -0 0 -1
    outer loop
      vertex 94.0177 16 20.5648
      vertex 89.9335 15.2 20.5648
      vertex 89.9335 16 20.5648
    endloop
  endfacet
  facet normal -1 0 0
    outer loop
      vertex 89.9335 15.2 20.5648
      vertex 89.9335 16 20.6118
      vertex 89.9335 16 20.5648
    endloop
  endfacet
  facet normal -1 -0 0
    outer loop
      vertex 89.9335 16 20.6118
      vertex 89.9335 15.2 20.5648
      vertex 89.9335 15.2 20.6118
    endloop
  endfacet
  facet normal -0.999725 0 0.0234702
    outer loop
      vertex 89.9335 15.2 20.6118
      vertex 89.9424 16 20.9909
      vertex 89.9335 16 20.6118
    endloop
  endfacet
  facet normal -0.999725 0 0.0234702
    outer loop
      vertex 89.9424 16 20.9909
      vertex 89.9335 15.2 20.6118
      vertex 89.9424 15.2 20.9909
    endloop
  endfacet
  facet normal -0.997214 0 0.0745893
    outer loop
      vertex 89.9424 15.2 20.9909
      vertex 89.9692 16 21.3492
      vertex 89.9424 16 20.9909
    endloop
  endfacet
  facet normal -0.997214 0 0.0745893
    outer loop
      vertex 89.9692 16 21.3492
      vertex 89.9424 15.2 20.9909
      vertex 89.9692 15.2 21.3492
    endloop
  endfacet
  facet normal -0.991338 0 0.131336
    outer loop
      vertex 89.9692 15.2 21.3492
      vertex 90.0139 16 21.6866
      vertex 89.9692 16 21.3492
    endloop
  endfacet
  facet normal -0.991338 0 0.131336
    outer loop
      vertex 90.0139 16 21.6866
      vertex 89.9692 15.2 21.3492
      vertex 90.0139 15.2 21.6866
    endloop
  endfacet
  facet normal -0.981007 0 0.193971
    outer loop
      vertex 90.0139 15.2 21.6866
      vertex 90.0765 16 22.0032
      vertex 90.0139 16 21.6866
    endloop
  endfacet
  facet normal -0.981007 0 0.193971
    outer loop
      vertex 90.0765 16 22.0032
      vertex 90.0139 15.2 21.6866
      vertex 90.0765 15.2 22.0032
    endloop
  endfacet
  facet normal -0.964989 0 0.262289
    outer loop
      vertex 90.0765 15.2 22.0032
      vertex 90.1569 16 22.299
      vertex 90.0765 16 22.0032
    endloop
  endfacet
  facet normal -0.964989 0 0.262289
    outer loop
      vertex 90.1569 16 22.299
      vertex 90.0765 15.2 22.0032
      vertex 90.1569 15.2 22.299
    endloop
  endfacet
  facet normal -0.94161 0 0.336705
    outer loop
      vertex 90.1569 15.2 22.299
      vertex 90.2552 16 22.5739
      vertex 90.1569 16 22.299
    endloop
  endfacet
  facet normal -0.94161 0 0.336705
    outer loop
      vertex 90.2552 16 22.5739
      vertex 90.1569 15.2 22.299
      vertex 90.2552 15.2 22.5739
    endloop
  endfacet
  facet normal -0.90942 0 0.415878
    outer loop
      vertex 90.2552 15.2 22.5739
      vertex 90.3714 16 22.828
      vertex 90.2552 16 22.5739
    endloop
  endfacet
  facet normal -0.90942 0 0.415878
    outer loop
      vertex 90.3714 16 22.828
      vertex 90.2552 15.2 22.5739
      vertex 90.3714 15.2 22.828
    endloop
  endfacet
  facet normal -0.867051 0 0.49822
    outer loop
      vertex 90.3714 15.2 22.828
      vertex 90.5054 16 23.0612
      vertex 90.3714 16 22.828
    endloop
  endfacet
  facet normal -0.867051 0 0.49822
    outer loop
      vertex 90.5054 16 23.0612
      vertex 90.3714 15.2 22.828
      vertex 90.5054 15.2 23.0612
    endloop
  endfacet
  facet normal -0.813216 0 0.581962
    outer loop
      vertex 90.5054 15.2 23.0612
      vertex 90.6574 16 23.2736
      vertex 90.5054 16 23.0612
    endloop
  endfacet
  facet normal -0.813216 0 0.581962
    outer loop
      vertex 90.6574 16 23.2736
      vertex 90.5054 15.2 23.0612
      vertex 90.6574 15.2 23.2736
    endloop
  endfacet
  facet normal -0.748794 0 0.662803
    outer loop
      vertex 90.6574 15.2 23.2736
      vertex 90.8262 16 23.4643
      vertex 90.6574 16 23.2736
    endloop
  endfacet
  facet normal -0.748794 0 0.662803
    outer loop
      vertex 90.8262 16 23.4643
      vertex 90.6574 15.2 23.2736
      vertex 90.8262 15.2 23.4643
    endloop
  endfacet
  facet normal -0.673131 0 0.739524
    outer loop
      vertex 90.8262 16 23.4643
      vertex 91.0111 15.2 23.6326
      vertex 91.0111 16 23.6326
    endloop
  endfacet
  facet normal -0.673131 0 0.739524
    outer loop
      vertex 91.0111 15.2 23.6326
      vertex 90.8262 16 23.4643
      vertex 90.8262 15.2 23.4643
    endloop
  endfacet
  facet normal -0.587812 0 0.808997
    outer loop
      vertex 91.0111 16 23.6326
      vertex 91.2119 15.2 23.7785
      vertex 91.2119 16 23.7785
    endloop
  endfacet
  facet normal -0.587812 0 0.808997
    outer loop
      vertex 91.2119 15.2 23.7785
      vertex 91.0111 16 23.6326
      vertex 91.0111 15.2 23.6326
    endloop
  endfacet
  facet normal -0.49467 0 0.869081
    outer loop
      vertex 91.2119 16 23.7785
      vertex 91.4287 15.2 23.9019
      vertex 91.4287 16 23.9019
    endloop
  endfacet
  facet normal -0.49467 0 0.869081
    outer loop
      vertex 91.4287 15.2 23.9019
      vertex 91.2119 16 23.7785
      vertex 91.2119 15.2 23.7785
    endloop
  endfacet
  facet normal -0.398006 0 0.917383
    outer loop
      vertex 91.4287 16 23.9019
      vertex 91.6615 15.2 24.0029
      vertex 91.6615 16 24.0029
    endloop
  endfacet
  facet normal -0.398006 0 0.917383
    outer loop
      vertex 91.6615 15.2 24.0029
      vertex 91.4287 16 23.9019
      vertex 91.4287 15.2 23.9019
    endloop
  endfacet
  facet normal -0.300893 0 0.953658
    outer loop
      vertex 91.6615 16 24.0029
      vertex 91.9103 15.2 24.0814
      vertex 91.9103 16 24.0814
    endloop
  endfacet
  facet normal -0.300893 0 0.953658
    outer loop
      vertex 91.9103 15.2 24.0814
      vertex 91.6615 16 24.0029
      vertex 91.6615 15.2 24.0029
    endloop
  endfacet
  facet normal -0.207333 0 0.97827
    outer loop
      vertex 91.9103 16 24.0814
      vertex 92.175 15.2 24.1375
      vertex 92.175 16 24.1375
    endloop
  endfacet
  facet normal -0.207333 0 0.97827
    outer loop
      vertex 92.175 15.2 24.1375
      vertex 91.9103 16 24.0814
      vertex 91.9103 15.2 24.0814
    endloop
  endfacet
  facet normal -0.119159 0 0.992875
    outer loop
      vertex 92.175 16 24.1375
      vertex 92.4558 15.2 24.1712
      vertex 92.4558 16 24.1712
    endloop
  endfacet
  facet normal -0.119159 0 0.992875
    outer loop
      vertex 92.4558 15.2 24.1712
      vertex 92.175 16 24.1375
      vertex 92.175 15.2 24.1375
    endloop
  endfacet
  facet normal -0.0377217 0 0.999288
    outer loop
      vertex 92.4558 16 24.1712
      vertex 92.7525 15.2 24.1824
      vertex 92.7525 16 24.1824
    endloop
  endfacet
  facet normal -0.0377217 0 0.999288
    outer loop
      vertex 92.7525 15.2 24.1824
      vertex 92.4558 16 24.1712
      vertex 92.4558 15.2 24.1712
    endloop
  endfacet
  facet normal 0.0337428 0 0.999431
    outer loop
      vertex 92.7525 16 24.1824
      vertex 93.0635 15.2 24.1719
      vertex 93.0635 16 24.1719
    endloop
  endfacet
  facet normal 0.0337428 0 0.999431
    outer loop
      vertex 93.0635 15.2 24.1719
      vertex 92.7525 16 24.1824
      vertex 92.7525 15.2 24.1824
    endloop
  endfacet
  facet normal 0.105545 0 0.994415
    outer loop
      vertex 93.0635 16 24.1719
      vertex 93.3584 15.2 24.1406
      vertex 93.3584 16 24.1406
    endloop
  endfacet
  facet normal 0.105545 0 0.994415
    outer loop
      vertex 93.3584 15.2 24.1406
      vertex 93.0635 16 24.1719
      vertex 93.0635 15.2 24.1719
    endloop
  endfacet
  facet normal 0.184374 0 0.982856
    outer loop
      vertex 93.3584 16 24.1406
      vertex 93.6372 15.2 24.0883
      vertex 93.6372 16 24.0883
    endloop
  endfacet
  facet normal 0.184374 0 0.982856
    outer loop
      vertex 93.6372 15.2 24.0883
      vertex 93.3584 16 24.1406
      vertex 93.3584 15.2 24.1406
    endloop
  endfacet
  facet normal 0.268419 0 0.963302
    outer loop
      vertex 93.6372 16 24.0883
      vertex 93.8999 15.2 24.0151
      vertex 93.8999 16 24.0151
    endloop
  endfacet
  facet normal 0.268419 0 0.963302
    outer loop
      vertex 93.8999 15.2 24.0151
      vertex 93.6372 16 24.0883
      vertex 93.6372 15.2 24.0883
    endloop
  endfacet
  facet normal 0.356641 0 0.934241
    outer loop
      vertex 93.8999 16 24.0151
      vertex 94.1464 15.2 23.921
      vertex 94.1464 16 23.921
    endloop
  endfacet
  facet normal 0.356641 0 0.934241
    outer loop
      vertex 94.1464 15.2 23.921
      vertex 93.8999 16 24.0151
      vertex 93.8999 15.2 24.0151
    endloop
  endfacet
  facet normal 0.447058 0 0.894505
    outer loop
      vertex 94.1464 16 23.921
      vertex 94.3767 15.2 23.8059
      vertex 94.3767 16 23.8059
    endloop
  endfacet
  facet normal 0.447058 0 0.894505
    outer loop
      vertex 94.3767 15.2 23.8059
      vertex 94.1464 16 23.921
      vertex 94.1464 15.2 23.921
    endloop
  endfacet
  facet normal 0.535549 0 0.844504
    outer loop
      vertex 94.3767 16 23.8059
      vertex 94.591 15.2 23.67
      vertex 94.591 16 23.67
    endloop
  endfacet
  facet normal 0.535549 0 0.844504
    outer loop
      vertex 94.591 15.2 23.67
      vertex 94.3767 16 23.8059
      vertex 94.3767 15.2 23.8059
    endloop
  endfacet
  facet normal 0.620875 0 0.783909
    outer loop
      vertex 94.591 16 23.67
      vertex 94.7891 15.2 23.5131
      vertex 94.7891 16 23.5131
    endloop
  endfacet
  facet normal 0.620875 0 0.783909
    outer loop
      vertex 94.7891 15.2 23.5131
      vertex 94.591 16 23.67
      vertex 94.591 15.2 23.67
    endloop
  endfacet
  facet normal 0.698805 0 0.715312
    outer loop
      vertex 94.7891 16 23.5131
      vertex 94.9711 15.2 23.3353
      vertex 94.9711 16 23.3353
    endloop
  endfacet
  facet normal 0.698805 0 0.715312
    outer loop
      vertex 94.9711 15.2 23.3353
      vertex 94.7891 16 23.5131
      vertex 94.7891 15.2 23.5131
    endloop
  endfacet
  facet normal 0.768285 -0 0.640108
    outer loop
      vertex 94.9711 15.2 23.3353
      vertex 95.1354 16 23.1381
      vertex 94.9711 16 23.3353
    endloop
  endfacet
  facet normal 0.768285 0 0.640108
    outer loop
      vertex 95.1354 16 23.1381
      vertex 94.9711 15.2 23.3353
      vertex 95.1354 15.2 23.1381
    endloop
  endfacet
  facet normal 0.829433 -0 0.558606
    outer loop
      vertex 95.1354 15.2 23.1381
      vertex 95.2804 16 22.9228
      vertex 95.1354 16 23.1381
    endloop
  endfacet
  facet normal 0.829433 0 0.558606
    outer loop
      vertex 95.2804 16 22.9228
      vertex 95.1354 15.2 23.1381
      vertex 95.2804 15.2 22.9228
    endloop
  endfacet
  facet normal 0.880423 -0 0.47419
    outer loop
      vertex 95.2804 15.2 22.9228
      vertex 95.406 16 22.6896
      vertex 95.2804 16 22.9228
    endloop
  endfacet
  facet normal 0.880423 0 0.47419
    outer loop
      vertex 95.406 16 22.6896
      vertex 95.2804 15.2 22.9228
      vertex 95.406 15.2 22.6896
    endloop
  endfacet
  facet normal 0.920993 -0 0.38958
    outer loop
      vertex 95.406 15.2 22.6896
      vertex 95.5123 16 22.4383
      vertex 95.406 16 22.6896
    endloop
  endfacet
  facet normal 0.920993 0 0.38958
    outer loop
      vertex 95.5123 16 22.4383
      vertex 95.406 15.2 22.6896
      vertex 95.5123 15.2 22.4383
    endloop
  endfacet
  facet normal 0.951679 -0 0.307096
    outer loop
      vertex 95.5123 15.2 22.4383
      vertex 95.5992 16 22.169
      vertex 95.5123 16 22.4383
    endloop
  endfacet
  facet normal 0.951679 0 0.307096
    outer loop
      vertex 95.5992 16 22.169
      vertex 95.5123 15.2 22.4383
      vertex 95.5992 15.2 22.169
    endloop
  endfacet
  facet normal 0.973342 -0 0.22936
    outer loop
      vertex 95.5992 15.2 22.169
      vertex 95.6669 16 21.8817
      vertex 95.5992 16 22.169
    endloop
  endfacet
  facet normal 0.973342 0 0.22936
    outer loop
      vertex 95.6669 16 21.8817
      vertex 95.5992 15.2 22.169
      vertex 95.6669 15.2 21.8817
    endloop
  endfacet
  facet normal 0.987716 -0 0.156262
    outer loop
      vertex 95.6669 15.2 21.8817
      vertex 95.7152 16 21.5764
      vertex 95.6669 16 21.8817
    endloop
  endfacet
  facet normal 0.987716 0 0.156262
    outer loop
      vertex 95.7152 16 21.5764
      vertex 95.6669 15.2 21.8817
      vertex 95.7152 15.2 21.5764
    endloop
  endfacet
  facet normal 0.996001 -0 0.0893413
    outer loop
      vertex 95.7152 15.2 21.5764
      vertex 95.7442 16 21.2531
      vertex 95.7152 16 21.5764
    endloop
  endfacet
  facet normal 0.996001 0 0.0893413
    outer loop
      vertex 95.7442 16 21.2531
      vertex 95.7152 15.2 21.5764
      vertex 95.7442 15.2 21.2531
    endloop
  endfacet
  facet normal 0.999605 -0 0.0281166
    outer loop
      vertex 95.7442 15.2 21.2531
      vertex 95.7538 16 20.9118
      vertex 95.7442 16 21.2531
    endloop
  endfacet
  facet normal 0.999605 0 0.0281166
    outer loop
      vertex 95.7538 16 20.9118
      vertex 95.7442 15.2 21.2531
      vertex 95.7538 15.2 20.9118
    endloop
  endfacet
  facet normal 0.999637 0 -0.0269482
    outer loop
      vertex 95.7538 15.2 20.9118
      vertex 95.7443 16 20.5594
      vertex 95.7538 16 20.9118
    endloop
  endfacet
  facet normal 0.999637 0 -0.0269482
    outer loop
      vertex 95.7443 16 20.5594
      vertex 95.7538 15.2 20.9118
      vertex 95.7443 15.2 20.5594
    endloop
  endfacet
  facet normal 0.996364 0 -0.0851976
    outer loop
      vertex 95.7443 15.2 20.5594
      vertex 95.7158 16 20.2261
      vertex 95.7443 16 20.5594
    endloop
  endfacet
  facet normal 0.996364 0 -0.0851976
    outer loop
      vertex 95.7158 16 20.2261
      vertex 95.7443 15.2 20.5594
      vertex 95.7158 15.2 20.2261
    endloop
  endfacet
  facet normal 0.988704 0 -0.14988
    outer loop
      vertex 95.7158 15.2 20.2261
      vertex 95.6682 16 19.9121
      vertex 95.7158 16 20.2261
    endloop
  endfacet
  facet normal 0.988704 0 -0.14988
    outer loop
      vertex 95.6682 16 19.9121
      vertex 95.7158 15.2 20.2261
      vertex 95.6682 15.2 19.9121
    endloop
  endfacet
  facet normal 0.975402 0 -0.220434
    outer loop
      vertex 95.6682 15.2 19.9121
      vertex 95.6016 16 19.6174
      vertex 95.6682 16 19.9121
    endloop
  endfacet
  facet normal 0.975402 0 -0.220434
    outer loop
      vertex 95.6016 16 19.6174
      vertex 95.6682 15.2 19.9121
      vertex 95.6016 15.2 19.6174
    endloop
  endfacet
  facet normal 0.954868 0 -0.297031
    outer loop
      vertex 95.6016 15.2 19.6174
      vertex 95.5159 16 19.3419
      vertex 95.6016 16 19.6174
    endloop
  endfacet
  facet normal 0.954868 0 -0.297031
    outer loop
      vertex 95.5159 16 19.3419
      vertex 95.6016 15.2 19.6174
      vertex 95.5159 15.2 19.3419
    endloop
  endfacet
  facet normal 0.925685 0 -0.378295
    outer loop
      vertex 95.5159 15.2 19.3419
      vertex 95.4112 16 19.0857
      vertex 95.5159 16 19.3419
    endloop
  endfacet
  facet normal 0.925685 0 -0.378295
    outer loop
      vertex 95.4112 16 19.0857
      vertex 95.5159 15.2 19.3419
      vertex 95.4112 15.2 19.0857
    endloop
  endfacet
  facet normal 0.886511 0 -0.462707
    outer loop
      vertex 95.4112 15.2 19.0857
      vertex 95.2875 16 18.8487
      vertex 95.4112 16 19.0857
    endloop
  endfacet
  facet normal 0.886511 0 -0.462707
    outer loop
      vertex 95.2875 16 18.8487
      vertex 95.4112 15.2 19.0857
      vertex 95.2875 15.2 18.8487
    endloop
  endfacet
  facet normal 0.836279 0 -0.548304
    outer loop
      vertex 95.2875 15.2 18.8487
      vertex 95.1447 16 18.6309
      vertex 95.2875 16 18.8487
    endloop
  endfacet
  facet normal 0.836279 0 -0.548304
    outer loop
      vertex 95.1447 16 18.6309
      vertex 95.2875 15.2 18.8487
      vertex 95.1447 15.2 18.6309
    endloop
  endfacet
  facet normal 0.775122 0 -0.631812
    outer loop
      vertex 95.1447 15.2 18.6309
      vertex 94.9829 16 18.4324
      vertex 95.1447 16 18.6309
    endloop
  endfacet
  facet normal 0.775122 0 -0.631812
    outer loop
      vertex 94.9829 16 18.4324
      vertex 95.1447 15.2 18.6309
      vertex 94.9829 15.2 18.4324
    endloop
  endfacet
  facet normal 0.70493 0 -0.709277
    outer loop
      vertex 94.8034 15.2 18.254
      vertex 94.9829 16 18.4324
      vertex 94.9829 15.2 18.4324
    endloop
  endfacet
  facet normal 0.70493 0 -0.709277
    outer loop
      vertex 94.9829 16 18.4324
      vertex 94.8034 15.2 18.254
      vertex 94.8034 16 18.254
    endloop
  endfacet
  facet normal 0.626149 0 -0.779703
    outer loop
      vertex 94.6074 15.2 18.0966
      vertex 94.8034 16 18.254
      vertex 94.8034 15.2 18.254
    endloop
  endfacet
  facet normal 0.626149 0 -0.779703
    outer loop
      vertex 94.8034 16 18.254
      vertex 94.6074 15.2 18.0966
      vertex 94.6074 16 18.0966
    endloop
  endfacet
  facet normal 0.540818 0 -0.84114
    outer loop
      vertex 94.3951 15.2 17.9601
      vertex 94.6074 16 18.0966
      vertex 94.6074 15.2 18.0966
    endloop
  endfacet
  facet normal 0.540818 0 -0.84114
    outer loop
      vertex 94.6074 16 18.0966
      vertex 94.3951 15.2 17.9601
      vertex 94.3951 16 17.9601
    endloop
  endfacet
  facet normal 0.450333 0 -0.892861
    outer loop
      vertex 94.1663 15.2 17.8447
      vertex 94.3951 16 17.9601
      vertex 94.3951 15.2 17.9601
    endloop
  endfacet
  facet normal 0.450333 0 -0.892861
    outer loop
      vertex 94.3951 16 17.9601
      vertex 94.1663 15.2 17.8447
      vertex 94.1663 16 17.8447
    endloop
  endfacet
  facet normal 0.359285 0 -0.933228
    outer loop
      vertex 93.9211 15.2 17.7503
      vertex 94.1663 16 17.8447
      vertex 94.1663 15.2 17.8447
    endloop
  endfacet
  facet normal 0.359285 0 -0.933228
    outer loop
      vertex 94.1663 16 17.8447
      vertex 93.9211 15.2 17.7503
      vertex 93.9211 16 17.7503
    endloop
  endfacet
  facet normal 0.270394 0 -0.96275
    outer loop
      vertex 93.6594 15.2 17.6768
      vertex 93.9211 16 17.7503
      vertex 93.9211 15.2 17.7503
    endloop
  endfacet
  facet normal 0.270394 0 -0.96275
    outer loop
      vertex 93.9211 16 17.7503
      vertex 93.6594 15.2 17.6768
      vertex 93.6594 16 17.6768
    endloop
  endfacet
  facet normal 0.185228 0 -0.982696
    outer loop
      vertex 93.3814 15.2 17.6244
      vertex 93.6594 16 17.6768
      vertex 93.6594 15.2 17.6768
    endloop
  endfacet
  facet normal 0.185228 0 -0.982696
    outer loop
      vertex 93.6594 16 17.6768
      vertex 93.3814 15.2 17.6244
      vertex 93.3814 16 17.6244
    endloop
  endfacet
  facet normal 0.106354 0 -0.994328
    outer loop
      vertex 93.0869 15.2 17.5929
      vertex 93.3814 16 17.6244
      vertex 93.3814 15.2 17.6244
    endloop
  endfacet
  facet normal 0.106354 0 -0.994328
    outer loop
      vertex 93.3814 16 17.6244
      vertex 93.0869 15.2 17.5929
      vertex 93.0869 16 17.5929
    endloop
  endfacet
  facet normal 0.0337537 0 -0.99943
    outer loop
      vertex 92.776 15.2 17.5824
      vertex 93.0869 16 17.5929
      vertex 93.0869 15.2 17.5929
    endloop
  endfacet
  facet normal 0.0337537 0 -0.99943
    outer loop
      vertex 93.0869 16 17.5929
      vertex 92.776 15.2 17.5824
      vertex 92.776 16 17.5824
    endloop
  endfacet
  facet normal -0.048015 0 -0.998847
    outer loop
      vertex 92.3329 15.2 17.6037
      vertex 92.776 16 17.5824
      vertex 92.776 15.2 17.5824
    endloop
  endfacet
  facet normal -0.048015 0 -0.998847
    outer loop
      vertex 92.776 16 17.5824
      vertex 92.3329 15.2 17.6037
      vertex 92.3329 16 17.6037
    endloop
  endfacet
  facet normal -0.998847 0 -0.0480154
    outer loop
      vertex 94.006 15.2 21.6001
      vertex 93.9984 16 21.7582
      vertex 94.006 16 21.6001
    endloop
  endfacet
  facet normal -0.998847 -0 -0.0480154
    outer loop
      vertex 93.9984 16 21.7582
      vertex 94.006 15.2 21.6001
      vertex 93.9984 15.2 21.7582
    endloop
  endfacet
  facet normal -0.995109 0 -0.0987817
    outer loop
      vertex 93.9984 15.2 21.7582
      vertex 93.9835 16 21.9083
      vertex 93.9984 16 21.7582
    endloop
  endfacet
  facet normal -0.995109 -0 -0.0987817
    outer loop
      vertex 93.9835 16 21.9083
      vertex 93.9984 15.2 21.7582
      vertex 93.9835 15.2 21.9083
    endloop
  endfacet
  facet normal -0.987909 0 -0.155034
    outer loop
      vertex 93.9835 15.2 21.9083
      vertex 93.9612 16 22.0504
      vertex 93.9835 16 21.9083
    endloop
  endfacet
  facet normal -0.987909 -0 -0.155034
    outer loop
      vertex 93.9612 16 22.0504
      vertex 93.9835 15.2 21.9083
      vertex 93.9612 15.2 22.0504
    endloop
  endfacet
  facet normal -0.976494 0 -0.215542
    outer loop
      vertex 93.9612 15.2 22.0504
      vertex 93.9316 16 22.1845
      vertex 93.9612 16 22.0504
    endloop
  endfacet
  facet normal -0.976494 -0 -0.215542
    outer loop
      vertex 93.9316 16 22.1845
      vertex 93.9612 15.2 22.0504
      vertex 93.9316 15.2 22.1845
    endloop
  endfacet
  facet normal -0.959547 0 -0.281548
    outer loop
      vertex 93.9316 15.2 22.1845
      vertex 93.8946 16 22.3106
      vertex 93.9316 16 22.1845
    endloop
  endfacet
  facet normal -0.959547 -0 -0.281548
    outer loop
      vertex 93.8946 16 22.3106
      vertex 93.9316 15.2 22.1845
      vertex 93.8946 15.2 22.3106
    endloop
  endfacet
  facet normal -0.936394 0 -0.35095
    outer loop
      vertex 93.8946 15.2 22.3106
      vertex 93.8503 16 22.4288
      vertex 93.8946 16 22.3106
    endloop
  endfacet
  facet normal -0.936394 -0 -0.35095
    outer loop
      vertex 93.8503 16 22.4288
      vertex 93.8946 15.2 22.3106
      vertex 93.8503 15.2 22.4288
    endloop
  endfacet
  facet normal -0.905489 0 -0.424371
    outer loop
      vertex 93.8503 15.2 22.4288
      vertex 93.7987 16 22.5389
      vertex 93.8503 16 22.4288
    endloop
  endfacet
  facet normal -0.905489 -0 -0.424371
    outer loop
      vertex 93.7987 16 22.5389
      vertex 93.8503 15.2 22.4288
      vertex 93.7987 15.2 22.5389
    endloop
  endfacet
  facet normal -0.866411 0 -0.499331
    outer loop
      vertex 93.7987 15.2 22.5389
      vertex 93.7398 16 22.6411
      vertex 93.7987 16 22.5389
    endloop
  endfacet
  facet normal -0.866411 -0 -0.499331
    outer loop
      vertex 93.7398 16 22.6411
      vertex 93.7987 15.2 22.5389
      vertex 93.7398 15.2 22.6411
    endloop
  endfacet
  facet normal -0.817761 0 -0.575558
    outer loop
      vertex 93.7398 15.2 22.6411
      vertex 93.6735 16 22.7353
      vertex 93.7398 16 22.6411
    endloop
  endfacet
  facet normal -0.817761 -0 -0.575558
    outer loop
      vertex 93.6735 16 22.7353
      vertex 93.7398 15.2 22.6411
      vertex 93.6735 15.2 22.7353
    endloop
  endfacet
  facet normal -0.758062 0 -0.652182
    outer loop
      vertex 93.6735 15.2 22.7353
      vertex 93.6002 16 22.8205
      vertex 93.6735 16 22.7353
    endloop
  endfacet
  facet normal -0.758062 -0 -0.652182
    outer loop
      vertex 93.6002 16 22.8205
      vertex 93.6735 15.2 22.7353
      vertex 93.6002 15.2 22.8205
    endloop
  endfacet
  facet normal -0.685365 0 -0.7282
    outer loop
      vertex 93.5203 15.2 22.8957
      vertex 93.6002 16 22.8205
      vertex 93.6002 15.2 22.8205
    endloop
  endfacet
  facet normal -0.685365 0 -0.7282
    outer loop
      vertex 93.6002 16 22.8205
      vertex 93.5203 15.2 22.8957
      vertex 93.5203 16 22.8957
    endloop
  endfacet
  facet normal -0.601329 0 -0.799001
    outer loop
      vertex 93.4338 15.2 22.9608
      vertex 93.5203 16 22.8957
      vertex 93.5203 15.2 22.8957
    endloop
  endfacet
  facet normal -0.601329 0 -0.799001
    outer loop
      vertex 93.5203 16 22.8957
      vertex 93.4338 15.2 22.9608
      vertex 93.4338 16 22.9608
    endloop
  endfacet
  facet normal -0.510005 0 -0.860171
    outer loop
      vertex 93.3407 15.2 23.016
      vertex 93.4338 16 22.9608
      vertex 93.4338 15.2 22.9608
    endloop
  endfacet
  facet normal -0.510005 0 -0.860171
    outer loop
      vertex 93.4338 16 22.9608
      vertex 93.3407 15.2 23.016
      vertex 93.3407 16 23.016
    endloop
  endfacet
  facet normal -0.41215 0 -0.911116
    outer loop
      vertex 93.241 15.2 23.0611
      vertex 93.3407 16 23.016
      vertex 93.3407 15.2 23.016
    endloop
  endfacet
  facet normal -0.41215 0 -0.911116
    outer loop
      vertex 93.3407 16 23.016
      vertex 93.241 15.2 23.0611
      vertex 93.241 16 23.0611
    endloop
  endfacet
  facet normal -0.313547 0 -0.949573
    outer loop
      vertex 93.1347 15.2 23.0962
      vertex 93.241 16 23.0611
      vertex 93.241 15.2 23.0611
    endloop
  endfacet
  facet normal -0.313547 0 -0.949573
    outer loop
      vertex 93.241 16 23.0611
      vertex 93.1347 15.2 23.0962
      vertex 93.1347 16 23.0962
    endloop
  endfacet
  facet normal -0.216015 0 -0.97639
    outer loop
      vertex 93.0217 15.2 23.1212
      vertex 93.1347 16 23.0962
      vertex 93.1347 15.2 23.0962
    endloop
  endfacet
  facet normal -0.216015 0 -0.97639
    outer loop
      vertex 93.1347 16 23.0962
      vertex 93.0217 15.2 23.1212
      vertex 93.0217 16 23.1212
    endloop
  endfacet
  facet normal -0.125363 0 -0.992111
    outer loop
      vertex 92.9022 15.2 23.1363
      vertex 93.0217 16 23.1212
      vertex 93.0217 15.2 23.1212
    endloop
  endfacet
  facet normal -0.125363 0 -0.992111
    outer loop
      vertex 93.0217 16 23.1212
      vertex 92.9022 15.2 23.1363
      vertex 92.9022 16 23.1363
    endloop
  endfacet
  facet normal -0.0395886 0 -0.999216
    outer loop
      vertex 92.776 15.2 23.1413
      vertex 92.9022 16 23.1363
      vertex 92.9022 15.2 23.1363
    endloop
  endfacet
  facet normal -0.0395886 0 -0.999216
    outer loop
      vertex 92.9022 16 23.1363
      vertex 92.776 15.2 23.1413
      vertex 92.776 16 23.1413
    endloop
  endfacet
  facet normal 0.0403711 0 -0.999185
    outer loop
      vertex 92.6572 15.2 23.1365
      vertex 92.776 16 23.1413
      vertex 92.776 15.2 23.1413
    endloop
  endfacet
  facet normal 0.0403711 0 -0.999185
    outer loop
      vertex 92.776 16 23.1413
      vertex 92.6572 15.2 23.1365
      vertex 92.6572 16 23.1365
    endloop
  endfacet
  facet normal 0.125111 0 -0.992143
    outer loop
      vertex 92.5438 15.2 23.1222
      vertex 92.6572 16 23.1365
      vertex 92.6572 15.2 23.1365
    endloop
  endfacet
  facet normal 0.125111 0 -0.992143
    outer loop
      vertex 92.6572 16 23.1365
      vertex 92.5438 15.2 23.1222
      vertex 92.5438 16 23.1222
    endloop
  endfacet
  facet normal 0.214724 0 -0.976675
    outer loop
      vertex 92.436 15.2 23.0985
      vertex 92.5438 16 23.1222
      vertex 92.5438 15.2 23.1222
    endloop
  endfacet
  facet normal 0.214724 0 -0.976675
    outer loop
      vertex 92.5438 16 23.1222
      vertex 92.436 15.2 23.0985
      vertex 92.436 16 23.0985
    endloop
  endfacet
  facet normal 0.309527 0 -0.950891
    outer loop
      vertex 92.3337 15.2 23.0652
      vertex 92.436 16 23.0985
      vertex 92.436 15.2 23.0985
    endloop
  endfacet
  facet normal 0.309527 0 -0.950891
    outer loop
      vertex 92.436 16 23.0985
      vertex 92.3337 15.2 23.0652
      vertex 92.3337 16 23.0652
    endloop
  endfacet
  facet normal 0.405174 0 -0.914239
    outer loop
      vertex 92.2369 15.2 23.0223
      vertex 92.3337 16 23.0652
      vertex 92.3337 15.2 23.0652
    endloop
  endfacet
  facet normal 0.405174 0 -0.914239
    outer loop
      vertex 92.3337 16 23.0652
      vertex 92.2369 15.2 23.0223
      vertex 92.2369 16 23.0223
    endloop
  endfacet
  facet normal 0.49747 0 -0.867481
    outer loop
      vertex 92.1457 15.2 22.97
      vertex 92.2369 16 23.0223
      vertex 92.2369 15.2 23.0223
    endloop
  endfacet
  facet normal 0.49747 0 -0.867481
    outer loop
      vertex 92.2369 16 23.0223
      vertex 92.1457 15.2 22.97
      vertex 92.1457 16 22.97
    endloop
  endfacet
  facet normal 0.584454 0 -0.811427
    outer loop
      vertex 92.0599 15.2 22.9082
      vertex 92.1457 16 22.97
      vertex 92.1457 15.2 22.97
    endloop
  endfacet
  facet normal 0.584454 0 -0.811427
    outer loop
      vertex 92.1457 16 22.97
      vertex 92.0599 15.2 22.9082
      vertex 92.0599 16 22.9082
    endloop
  endfacet
  facet normal 0.664942 0 -0.746895
    outer loop
      vertex 91.9797 15.2 22.8368
      vertex 92.0599 16 22.9082
      vertex 92.0599 15.2 22.9082
    endloop
  endfacet
  facet normal 0.664942 0 -0.746895
    outer loop
      vertex 92.0599 16 22.9082
      vertex 91.9797 15.2 22.8368
      vertex 91.9797 16 22.8368
    endloop
  endfacet
  facet normal 0.735152 0 -0.677903
    outer loop
      vertex 91.9797 15.2 22.8368
      vertex 91.9051 16 22.7559
      vertex 91.9797 16 22.8368
    endloop
  endfacet
  facet normal 0.735152 0 -0.677903
    outer loop
      vertex 91.9051 16 22.7559
      vertex 91.9797 15.2 22.8368
      vertex 91.9051 15.2 22.7559
    endloop
  endfacet
  facet normal 0.796281 0 -0.604927
    outer loop
      vertex 91.9051 15.2 22.7559
      vertex 91.8365 16 22.6656
      vertex 91.9051 16 22.7559
    endloop
  endfacet
  facet normal 0.796281 0 -0.604927
    outer loop
      vertex 91.8365 16 22.6656
      vertex 91.9051 15.2 22.7559
      vertex 91.8365 15.2 22.6656
    endloop
  endfacet
  facet normal 0.850809 0 -0.525475
    outer loop
      vertex 91.8365 15.2 22.6656
      vertex 91.7748 16 22.5657
      vertex 91.8365 16 22.6656
    endloop
  endfacet
  facet normal 0.850809 0 -0.525475
    outer loop
      vertex 91.7748 16 22.5657
      vertex 91.8365 15.2 22.6656
      vertex 91.7748 15.2 22.5657
    endloop
  endfacet
  facet normal 0.8941 0 -0.447867
    outer loop
      vertex 91.7748 15.2 22.5657
      vertex 91.72 16 22.4563
      vertex 91.7748 16 22.5657
    endloop
  endfacet
  facet normal 0.8941 0 -0.447867
    outer loop
      vertex 91.72 16 22.4563
      vertex 91.7748 15.2 22.5657
      vertex 91.72 15.2 22.4563
    endloop
  endfacet
  facet normal 0.927127 0 -0.374746
    outer loop
      vertex 91.72 15.2 22.4563
      vertex 91.6719 16 22.3373
      vertex 91.72 16 22.4563
    endloop
  endfacet
  facet normal 0.927127 0 -0.374746
    outer loop
      vertex 91.6719 16 22.3373
      vertex 91.72 15.2 22.4563
      vertex 91.6719 15.2 22.3373
    endloop
  endfacet
  facet normal 0.952398 0 -0.304856
    outer loop
      vertex 91.6719 15.2 22.3373
      vertex 91.6308 16 22.2089
      vertex 91.6719 16 22.3373
    endloop
  endfacet
  facet normal 0.952398 0 -0.304856
    outer loop
      vertex 91.6308 16 22.2089
      vertex 91.6719 15.2 22.3373
      vertex 91.6308 15.2 22.2089
    endloop
  endfacet
  facet normal 0.970267 0 -0.242039
    outer loop
      vertex 91.6308 15.2 22.2089
      vertex 91.5964 16 22.071
      vertex 91.6308 16 22.2089
    endloop
  endfacet
  facet normal 0.970267 0 -0.242039
    outer loop
      vertex 91.5964 16 22.071
      vertex 91.6308 15.2 22.2089
      vertex 91.5964 15.2 22.071
    endloop
  endfacet
  facet normal 0.98294 0 -0.183926
    outer loop
      vertex 91.5964 15.2 22.071
      vertex 91.5688 16 21.9235
      vertex 91.5964 16 22.071
    endloop
  endfacet
  facet normal 0.98294 0 -0.183926
    outer loop
      vertex 91.5688 16 21.9235
      vertex 91.5964 15.2 22.071
      vertex 91.5688 15.2 21.9235
    endloop
  endfacet
  facet normal 0.99142 0 -0.130716
    outer loop
      vertex 91.5688 15.2 21.9235
      vertex 91.5481 16 21.7665
      vertex 91.5688 16 21.9235
    endloop
  endfacet
  facet normal 0.99142 0 -0.130716
    outer loop
      vertex 91.5481 16 21.7665
      vertex 91.5688 15.2 21.9235
      vertex 91.5481 15.2 21.7665
    endloop
  endfacet
  facet normal 0.996529 0 -0.0832437
    outer loop
      vertex 91.5481 15.2 21.7665
      vertex 91.5342 16 21.6001
      vertex 91.5481 16 21.7665
    endloop
  endfacet
  facet normal 0.996529 0 -0.0832437
    outer loop
      vertex 91.5342 16 21.6001
      vertex 91.5481 15.2 21.7665
      vertex 91.5342 15.2 21.6001
    endloop
  endfacet
  facet normal -0 0 1
    outer loop
      vertex 91.5342 16 21.6001
      vertex 94.006 15.2 21.6001
      vertex 94.006 16 21.6001
    endloop
  endfacet
  facet normal 0 0 1
    outer loop
      vertex 94.006 15.2 21.6001
      vertex 91.5342 16 21.6001
      vertex 91.5342 15.2 21.6001
    endloop
  endfacet
  facet normal -0 0 1
    outer loop
      vertex 83.0282 16 24.0648
      vertex 84.7584 15.2 24.0648
      vertex 84.7584 16 24.0648
    endloop
  endfacet
  facet normal 0 0 1
    outer loop
      vertex 84.7584 15.2 24.0648
      vertex 83.0282 16 24.0648
      vertex 83.0282 15.2 24.0648
    endloop
  endfacet
  facet normal 0.950436 -0 0.31092
    outer loop
      vertex 84.7584 15.2 24.0648
      vertex 85.0064 16 23.3067
      vertex 84.7584 16 24.0648
    endloop
  endfacet
  facet normal 0.950436 0 0.31092
    outer loop
      vertex 85.0064 16 23.3067
      vertex 84.7584 15.2 24.0648
      vertex 85.0064 15.2 23.3067
    endloop
  endfacet
  facet normal 0.950568 -0 0.310517
    outer loop
      vertex 85.0064 15.2 23.3067
      vertex 85.2301 16 22.6219
      vertex 85.0064 16 23.3067
    endloop
  endfacet
  facet normal 0.950568 0 0.310517
    outer loop
      vertex 85.2301 16 22.6219
      vertex 85.0064 15.2 23.3067
      vertex 85.2301 15.2 22.6219
    endloop
  endfacet
  facet normal 0.950808 -0 0.309782
    outer loop
      vertex 85.2301 15.2 22.6219
      vertex 85.4293 16 22.0105
      vertex 85.2301 16 22.6219
    endloop
  endfacet
  facet normal 0.950808 0 0.309782
    outer loop
      vertex 85.4293 16 22.0105
      vertex 85.2301 15.2 22.6219
      vertex 85.4293 15.2 22.0105
    endloop
  endfacet
  facet normal 0.951077 -0 0.308954
    outer loop
      vertex 85.4293 15.2 22.0105
      vertex 85.6041 16 21.4724
      vertex 85.4293 16 22.0105
    endloop
  endfacet
  facet normal 0.951077 0 0.308954
    outer loop
      vertex 85.6041 16 21.4724
      vertex 85.4293 15.2 22.0105
      vertex 85.6041 15.2 21.4724
    endloop
  endfacet
  facet normal 0.951411 -0 0.307924
    outer loop
      vertex 85.6041 15.2 21.4724
      vertex 85.7545 16 21.0077
      vertex 85.6041 16 21.4724
    endloop
  endfacet
  facet normal 0.951411 0 0.307924
    outer loop
      vertex 85.7545 16 21.0077
      vertex 85.6041 15.2 21.4724
      vertex 85.7545 15.2 21.0077
    endloop
  endfacet
  facet normal 0.951892 -0 0.306434
    outer loop
      vertex 85.7545 15.2 21.0077
      vertex 85.8805 16 20.6163
      vertex 85.7545 16 21.0077
    endloop
  endfacet
  facet normal 0.951892 0 0.306434
    outer loop
      vertex 85.8805 16 20.6163
      vertex 85.7545 15.2 21.0077
      vertex 85.8805 15.2 20.6163
    endloop
  endfacet
  facet normal 0.952563 -0 0.304341
    outer loop
      vertex 85.8805 15.2 20.6163
      vertex 85.9821 16 20.2983
      vertex 85.8805 16 20.6163
    endloop
  endfacet
  facet normal 0.952563 0 0.304341
    outer loop
      vertex 85.9821 16 20.2983
      vertex 85.8805 15.2 20.6163
      vertex 85.9821 15.2 20.2983
    endloop
  endfacet
  facet normal 0.953777 -0 0.300516
    outer loop
      vertex 85.9821 15.2 20.2983
      vertex 86.0592 16 20.0536
      vertex 85.9821 16 20.2983
    endloop
  endfacet
  facet normal 0.953777 0 0.300516
    outer loop
      vertex 86.0592 16 20.0536
      vertex 85.9821 15.2 20.2983
      vertex 86.0592 15.2 20.0536
    endloop
  endfacet
  facet normal 0.955634 -0 0.294556
    outer loop
      vertex 86.0592 15.2 20.0536
      vertex 86.112 16 19.8823
      vertex 86.0592 16 20.0536
    endloop
  endfacet
  facet normal 0.955634 0 0.294556
    outer loop
      vertex 86.112 16 19.8823
      vertex 86.0592 15.2 20.0536
      vertex 86.112 15.2 19.8823
    endloop
  endfacet
  facet normal 0.957887 -0 0.287145
    outer loop
      vertex 86.112 15.2 19.8823
      vertex 86.151 16 19.7522
      vertex 86.112 16 19.8823
    endloop
  endfacet
  facet normal 0.957887 0 0.287145
    outer loop
      vertex 86.151 16 19.7522
      vertex 86.112 15.2 19.8823
      vertex 86.151 15.2 19.7522
    endloop
  endfacet
  facet normal 0.958542 -0 0.284951
    outer loop
      vertex 86.151 15.2 19.7522
      vertex 86.187 16 19.6311
      vertex 86.151 16 19.7522
    endloop
  endfacet
  facet normal 0.958542 0 0.284951
    outer loop
      vertex 86.187 16 19.6311
      vertex 86.151 15.2 19.7522
      vertex 86.187 15.2 19.6311
    endloop
  endfacet
  facet normal 0.959529 -0 0.28161
    outer loop
      vertex 86.187 15.2 19.6311
      vertex 86.2199 16 19.519
      vertex 86.187 16 19.6311
    endloop
  endfacet
  facet normal 0.959529 0 0.28161
    outer loop
      vertex 86.2199 16 19.519
      vertex 86.187 15.2 19.6311
      vertex 86.2199 15.2 19.519
    endloop
  endfacet
  facet normal 0.960747 -0 0.277425
    outer loop
      vertex 86.2199 15.2 19.519
      vertex 86.2497 16 19.4158
      vertex 86.2199 16 19.519
    endloop
  endfacet
  facet normal 0.960747 0 0.277425
    outer loop
      vertex 86.2497 16 19.4158
      vertex 86.2199 15.2 19.519
      vertex 86.2497 15.2 19.4158
    endloop
  endfacet
  facet normal 0.961755 -0 0.273911
    outer loop
      vertex 86.2497 15.2 19.4158
      vertex 86.2765 16 19.3217
      vertex 86.2497 16 19.4158
    endloop
  endfacet
  facet normal 0.961755 0 0.273911
    outer loop
      vertex 86.2765 16 19.3217
      vertex 86.2497 15.2 19.4158
      vertex 86.2765 15.2 19.3217
    endloop
  endfacet
  facet normal 0.963046 -0 0.269336
    outer loop
      vertex 86.2765 15.2 19.3217
      vertex 86.3003 16 19.2366
      vertex 86.2765 16 19.3217
    endloop
  endfacet
  facet normal 0.963046 0 0.269336
    outer loop
      vertex 86.3003 16 19.2366
      vertex 86.2765 15.2 19.3217
      vertex 86.3003 15.2 19.2366
    endloop
  endfacet
  facet normal 0.964939 -0 0.262474
    outer loop
      vertex 86.3003 15.2 19.2366
      vertex 86.321 16 19.1605
      vertex 86.3003 16 19.2366
    endloop
  endfacet
  facet normal 0.964939 0 0.262474
    outer loop
      vertex 86.321 16 19.1605
      vertex 86.3003 15.2 19.2366
      vertex 86.321 15.2 19.1605
    endloop
  endfacet
  facet normal 0.96728 -0 0.253713
    outer loop
      vertex 86.321 15.2 19.1605
      vertex 86.3386 16 19.0934
      vertex 86.321 16 19.1605
    endloop
  endfacet
  facet normal 0.96728 0 0.253713
    outer loop
      vertex 86.3386 16 19.0934
      vertex 86.321 15.2 19.1605
      vertex 86.3386 15.2 19.0934
    endloop
  endfacet
  facet normal 0.969847 -0 0.243714
    outer loop
      vertex 86.3386 15.2 19.0934
      vertex 86.3532 16 19.0353
      vertex 86.3386 16 19.0934
    endloop
  endfacet
  facet normal 0.969847 0 0.243714
    outer loop
      vertex 86.3532 16 19.0353
      vertex 86.3386 15.2 19.0934
      vertex 86.3532 15.2 19.0353
    endloop
  endfacet
  facet normal -0.962804 0 0.2702
    outer loop
      vertex 86.3532 15.2 19.0353
      vertex 86.4235 16 19.2858
      vertex 86.3532 16 19.0353
    endloop
  endfacet
  facet normal -0.962804 0 0.2702
    outer loop
      vertex 86.4235 16 19.2858
      vertex 86.3532 15.2 19.0353
      vertex 86.4235 15.2 19.2858
    endloop
  endfacet
  facet normal -0.962706 0 0.270551
    outer loop
      vertex 86.4235 15.2 19.2858
      vertex 86.4878 16 19.5146
      vertex 86.4235 16 19.2858
    endloop
  endfacet
  facet normal -0.962706 0 0.270551
    outer loop
      vertex 86.4878 16 19.5146
      vertex 86.4235 15.2 19.2858
      vertex 86.4878 15.2 19.5146
    endloop
  endfacet
  facet normal -0.962552 0 0.271096
    outer loop
      vertex 86.4878 15.2 19.5146
      vertex 86.5461 16 19.7216
      vertex 86.4878 16 19.5146
    endloop
  endfacet
  facet normal -0.962552 0 0.271096
    outer loop
      vertex 86.5461 16 19.7216
      vertex 86.4878 15.2 19.5146
      vertex 86.5461 15.2 19.7216
    endloop
  endfacet
  facet normal -0.962227 0 0.27225
    outer loop
      vertex 86.5461 15.2 19.7216
      vertex 86.5985 16 19.9068
      vertex 86.5461 16 19.7216
    endloop
  endfacet
  facet normal -0.962227 0 0.27225
    outer loop
      vertex 86.5985 16 19.9068
      vertex 86.5461 15.2 19.7216
      vertex 86.5985 15.2 19.9068
    endloop
  endfacet
  facet normal -0.961967 0 0.273166
    outer loop
      vertex 86.5985 15.2 19.9068
      vertex 86.6449 16 20.0702
      vertex 86.5985 16 19.9068
    endloop
  endfacet
  facet normal -0.961967 0 0.273166
    outer loop
      vertex 86.6449 16 20.0702
      vertex 86.5985 15.2 19.9068
      vertex 86.6449 15.2 20.0702
    endloop
  endfacet
  facet normal -0.961447 0 0.27499
    outer loop
      vertex 86.6449 15.2 20.0702
      vertex 86.6854 16 20.2118
      vertex 86.6449 16 20.0702
    endloop
  endfacet
  facet normal -0.961447 0 0.27499
    outer loop
      vertex 86.6854 16 20.2118
      vertex 86.6449 15.2 20.0702
      vertex 86.6854 15.2 20.2118
    endloop
  endfacet
  facet normal -0.960947 0 0.276733
    outer loop
      vertex 86.6854 15.2 20.2118
      vertex 86.7199 16 20.3316
      vertex 86.6854 16 20.2118
    endloop
  endfacet
  facet normal -0.960947 0 0.276733
    outer loop
      vertex 86.7199 16 20.3316
      vertex 86.6854 15.2 20.2118
      vertex 86.7199 15.2 20.3316
    endloop
  endfacet
  facet normal -0.960033 0 0.279887
    outer loop
      vertex 86.7199 15.2 20.3316
      vertex 86.7485 16 20.4297
      vertex 86.7199 16 20.3316
    endloop
  endfacet
  facet normal -0.960033 0 0.279887
    outer loop
      vertex 86.7485 16 20.4297
      vertex 86.7199 15.2 20.3316
      vertex 86.7485 15.2 20.4297
    endloop
  endfacet
  facet normal -0.958722 0 0.284345
    outer loop
      vertex 86.7485 15.2 20.4297
      vertex 86.7711 16 20.5059
      vertex 86.7485 16 20.4297
    endloop
  endfacet
  facet normal -0.958722 0 0.284345
    outer loop
      vertex 86.7711 16 20.5059
      vertex 86.7485 15.2 20.4297
      vertex 86.7711 15.2 20.5059
    endloop
  endfacet
  facet normal -0.954477 0 0.298286
    outer loop
      vertex 86.7711 15.2 20.5059
      vertex 87.8833 16 24.0648
      vertex 86.7711 16 20.5059
    endloop
  endfacet
  facet normal -0.954477 0 0.298286
    outer loop
      vertex 87.8833 16 24.0648
      vertex 86.7711 15.2 20.5059
      vertex 87.8833 15.2 24.0648
    endloop
  endfacet
  facet normal -0 0 1
    outer loop
      vertex 87.8833 16 24.0648
      vertex 89.6312 15.2 24.0648
      vertex 89.6312 16 24.0648
    endloop
  endfacet
  facet normal 0 0 1
    outer loop
      vertex 89.6312 15.2 24.0648
      vertex 87.8833 16 24.0648
      vertex 87.8833 15.2 24.0648
    endloop
  endfacet
  facet normal 0.941538 0 -0.336908
    outer loop
      vertex 89.6312 15.2 24.0648
      vertex 87.3537 16 17.7
      vertex 89.6312 16 24.0648
    endloop
  endfacet
  facet normal 0.941538 0 -0.336908
    outer loop
      vertex 87.3537 16 17.7
      vertex 89.6312 15.2 24.0648
      vertex 87.3537 15.2 17.7
    endloop
  endfacet
  facet normal 0 0 -1
    outer loop
      vertex 85.3763 15.2 17.7
      vertex 87.3537 16 17.7
      vertex 87.3537 15.2 17.7
    endloop
  endfacet
  facet normal -0 0 -1
    outer loop
      vertex 87.3537 16 17.7
      vertex 85.3763 15.2 17.7
      vertex 85.3763 16 17.7
    endloop
  endfacet
  facet normal -0.938191 0 -0.346117
    outer loop
      vertex 85.3763 15.2 17.7
      vertex 83.0282 16 24.0648
      vertex 85.3763 16 17.7
    endloop
  endfacet
  facet normal -0.938191 -0 -0.346117
    outer loop
      vertex 83.0282 16 24.0648
      vertex 85.3763 15.2 17.7
      vertex 83.0282 15.2 24.0648
    endloop
  endfacet
  facet normal 0 1 -0
    outer loop
      vertex 82.5558 -15.2 19.6743
      vertex 80.9194 -15.2 19.8941
      vertex 82.579 -15.2 19.8177
    endloop
  endfacet
  facet normal 0 1 -0
    outer loop
      vertex 82.5254 -15.2 19.5345
      vertex 80.9194 -15.2 19.8941
      vertex 82.5558 -15.2 19.6743
    endloop
  endfacet
  facet normal 0 1 0
    outer loop
      vertex 80.9194 -15.2 19.8941
      vertex 82.5254 -15.2 19.5345
      vertex 80.8994 -15.2 19.767
    endloop
  endfacet
  facet normal 0 1 -0
    outer loop
      vertex 82.4878 -15.2 19.3981
      vertex 80.8994 -15.2 19.767
      vertex 82.5254 -15.2 19.5345
    endloop
  endfacet
  facet normal 0 1 -0
    outer loop
      vertex 82.443 -15.2 19.2651
      vertex 80.8994 -15.2 19.767
      vertex 82.4878 -15.2 19.3981
    endloop
  endfacet
  facet normal 0 1 0
    outer loop
      vertex 80.8994 -15.2 19.767
      vertex 82.443 -15.2 19.2651
      vertex 80.8735 -15.2 19.6471
    endloop
  endfacet
  facet normal 0 1 -0
    outer loop
      vertex 82.391 -15.2 19.1357
      vertex 80.8735 -15.2 19.6471
      vertex 82.443 -15.2 19.2651
    endloop
  endfacet
  facet normal 0 1 -0
    outer loop
      vertex 82.3318 -15.2 19.0098
      vertex 80.8735 -15.2 19.6471
      vertex 82.391 -15.2 19.1357
    endloop
  endfacet
  facet normal 0 1 0
    outer loop
      vertex 80.8735 -15.2 19.6471
      vertex 82.3318 -15.2 19.0098
      vertex 80.8416 -15.2 19.5343
    endloop
  endfacet
  facet normal 0 1 -0
    outer loop
      vertex 82.2655 -15.2 18.8873
      vertex 80.8416 -15.2 19.5343
      vertex 82.3318 -15.2 19.0098
    endloop
  endfacet
  facet normal 0 1 -0
    outer loop
      vertex 82.1919 -15.2 18.7684
      vertex 80.8416 -15.2 19.5343
      vertex 82.2655 -15.2 18.8873
    endloop
  endfacet
  facet normal 0 1 0
    outer loop
      vertex 80.8416 -15.2 19.5343
      vertex 82.1919 -15.2 18.7684
      vertex 80.8037 -15.2 19.4288
    endloop
  endfacet
  facet normal 0 1 -0
    outer loop
      vertex 82.1111 -15.2 18.6529
      vertex 80.8037 -15.2 19.4288
      vertex 82.1919 -15.2 18.7684
    endloop
  endfacet
  facet normal 0 1 0
    outer loop
      vertex 80.8037 -15.2 19.4288
      vertex 82.1111 -15.2 18.6529
      vertex 80.7599 -15.2 19.3304
    endloop
  endfacet
  facet normal 0 1 -0
    outer loop
      vertex 82.0238 -15.2 18.542
      vertex 80.7599 -15.2 19.3304
      vertex 82.1111 -15.2 18.6529
    endloop
  endfacet
  facet normal 0 1 -0
    outer loop
      vertex 81.9307 -15.2 18.4369
      vertex 80.7599 -15.2 19.3304
      vertex 82.0238 -15.2 18.542
    endloop
  endfacet
  facet normal 0 1 0
    outer loop
      vertex 80.7599 -15.2 19.3304
      vertex 81.9307 -15.2 18.4369
      vertex 80.7101 -15.2 19.2392
    endloop
  endfacet
  facet normal 0 1 -0
    outer loop
      vertex 81.8316 -15.2 18.3376
      vertex 80.7101 -15.2 19.2392
      vertex 81.9307 -15.2 18.4369
    endloop
  endfacet
  facet normal 0 1 -0
    outer loop
      vertex 81.7266 -15.2 18.2439
      vertex 80.7101 -15.2 19.2392
      vertex 81.8316 -15.2 18.3376
    endloop
  endfacet
  facet normal 0 1 0
    outer loop
      vertex 80.7101 -15.2 19.2392
      vertex 81.7266 -15.2 18.2439
      vertex 80.6544 -15.2 19.1552
    endloop
  endfacet
  facet normal 0 1 -0
    outer loop
      vertex 81.6158 -15.2 18.156
      vertex 80.6544 -15.2 19.1552
      vertex 81.7266 -15.2 18.2439
    endloop
  endfacet
  facet normal 0 1 0
    outer loop
      vertex 80.6544 -15.2 19.1552
      vertex 81.6158 -15.2 18.156
      vertex 80.5927 -15.2 19.0784
    endloop
  endfacet
  facet normal 0 1 -0
    outer loop
      vertex 81.4991 -15.2 18.0739
      vertex 80.5927 -15.2 19.0784
      vertex 81.6158 -15.2 18.156
    endloop
  endfacet
  facet normal 0 1 -0
    outer loop
      vertex 81.3764 -15.2 17.9974
      vertex 80.5927 -15.2 19.0784
      vertex 81.4991 -15.2 18.0739
    endloop
  endfacet
  facet normal 0 1 0
    outer loop
      vertex 80.5927 -15.2 19.0784
      vertex 81.3764 -15.2 17.9974
      vertex 80.5251 -15.2 19.0088
    endloop
  endfacet
  facet normal 0 1 -0
    outer loop
      vertex 81.2479 -15.2 17.9267
      vertex 80.5251 -15.2 19.0088
      vertex 81.3764 -15.2 17.9974
    endloop
  endfacet
  facet normal 0 1 0
    outer loop
      vertex 80.5251 -15.2 19.0088
      vertex 81.2479 -15.2 17.9267
      vertex 80.4526 -15.2 18.9465
    endloop
  endfacet
  facet normal 0 1 -0
    outer loop
      vertex 79.8251 -15.2 23.0436
      vertex 79.7483 -15.2 24.1824
      vertex 79.9933 -15.2 24.1754
    endloop
  endfacet
  facet normal 0 1 0
    outer loop
      vertex 79.9315 -15.2 23.0328
      vertex 79.9933 -15.2 24.1754
      vertex 80.2287 -15.2 24.1545
    endloop
  endfacet
  facet normal 0 1 0
    outer loop
      vertex 79.7483 -15.2 24.1824
      vertex 79.8251 -15.2 23.0436
      vertex 79.7129 -15.2 23.0472
    endloop
  endfacet
  facet normal 0 1 0
    outer loop
      vertex 80.1268 -15.2 22.9896
      vertex 80.2287 -15.2 24.1545
      vertex 80.4545 -15.2 24.1196
    endloop
  endfacet
  facet normal 0 1 -0
    outer loop
      vertex 79.4449 -15.2 23.0208
      vertex 79.4321 -15.2 24.1715
      vertex 79.7129 -15.2 23.0472
    endloop
  endfacet
  facet normal 0 1 0
    outer loop
      vertex 80.2158 -15.2 22.9573
      vertex 80.4545 -15.2 24.1196
      vertex 80.6707 -15.2 24.0708
    endloop
  endfacet
  facet normal 0 1 0
    outer loop
      vertex 79.4321 -15.2 24.1715
      vertex 79.4449 -15.2 23.0208
      vertex 79.1324 -15.2 24.139
    endloop
  endfacet
  facet normal 0 1 0
    outer loop
      vertex 80.2989 -15.2 22.9177
      vertex 80.6707 -15.2 24.0708
      vertex 80.8773 -15.2 24.0081
    endloop
  endfacet
  facet normal 0 1 0
    outer loop
      vertex 80.3762 -15.2 22.871
      vertex 80.8773 -15.2 24.0081
      vertex 81.0743 -15.2 23.9314
    endloop
  endfacet
  facet normal 0 1 0
    outer loop
      vertex 79.7483 -15.2 24.1824
      vertex 79.7129 -15.2 23.0472
      vertex 79.4321 -15.2 24.1715
    endloop
  endfacet
  facet normal 0 1 0
    outer loop
      vertex 80.4477 -15.2 22.8171
      vertex 81.0743 -15.2 23.9314
      vertex 81.2618 -15.2 23.8408
    endloop
  endfacet
  facet normal 0 1 0
    outer loop
      vertex 79.1324 -15.2 24.139
      vertex 79.2084 -15.2 22.9417
      vertex 78.8491 -15.2 24.0847
    endloop
  endfacet
  facet normal 0 1 0
    outer loop
      vertex 80.5134 -15.2 22.7559
      vertex 81.2618 -15.2 23.8408
      vertex 81.4396 -15.2 23.7362
    endloop
  endfacet
  facet normal 0 1 0
    outer loop
      vertex 78.8491 -15.2 24.0847
      vertex 79.2084 -15.2 22.9417
      vertex 78.5823 -15.2 24.0087
    endloop
  endfacet
  facet normal 0 1 0
    outer loop
      vertex 80.5735 -15.2 22.6888
      vertex 81.4396 -15.2 23.7362
      vertex 81.6079 -15.2 23.6177
    endloop
  endfacet
  facet normal 0 1 -0
    outer loop
      vertex 79.0035 -15.2 22.8099
      vertex 78.5823 -15.2 24.0087
      vertex 79.2084 -15.2 22.9417
    endloop
  endfacet
  facet normal 0 1 0
    outer loop
      vertex 80.6284 -15.2 22.6168
      vertex 81.6079 -15.2 23.6177
      vertex 81.7646 -15.2 23.4869
    endloop
  endfacet
  facet normal 0 1 0
    outer loop
      vertex 80.6781 -15.2 22.5399
      vertex 81.7646 -15.2 23.4869
      vertex 81.9078 -15.2 23.3455
    endloop
  endfacet
  facet normal 0 1 0
    outer loop
      vertex 78.5823 -15.2 24.0087
      vertex 79.0035 -15.2 22.8099
      vertex 78.3318 -15.2 23.911
    endloop
  endfacet
  facet normal 0 1 0
    outer loop
      vertex 80.7226 -15.2 22.4582
      vertex 81.9078 -15.2 23.3455
      vertex 82.0375 -15.2 23.1935
    endloop
  endfacet
  facet normal 0 1 0
    outer loop
      vertex 78.3318 -15.2 23.911
      vertex 79.0035 -15.2 22.8099
      vertex 78.0978 -15.2 23.7915
    endloop
  endfacet
  facet normal 0 1 -0
    outer loop
      vertex 78.8301 -15.2 22.6254
      vertex 78.0978 -15.2 23.7915
      vertex 79.0035 -15.2 22.8099
    endloop
  endfacet
  facet normal 0 1 -0
    outer loop
      vertex 79.2084 -15.2 22.9417
      vertex 79.1324 -15.2 24.139
      vertex 79.4449 -15.2 23.0208
    endloop
  endfacet
  facet normal 0 1 0
    outer loop
      vertex 79.9933 -15.2 24.1754
      vertex 79.9315 -15.2 23.0328
      vertex 79.8251 -15.2 23.0436
    endloop
  endfacet
  facet normal 0 1 0
    outer loop
      vertex 80.7618 -15.2 22.3716
      vertex 82.0375 -15.2 23.1935
      vertex 82.1537 -15.2 23.0309
    endloop
  endfacet
  facet normal 0 1 0
    outer loop
      vertex 80.2287 -15.2 24.1545
      vertex 80.0321 -15.2 23.0148
      vertex 79.9315 -15.2 23.0328
    endloop
  endfacet
  facet normal 0 1 0
    outer loop
      vertex 80.2287 -15.2 24.1545
      vertex 80.1268 -15.2 22.9896
      vertex 80.0321 -15.2 23.0148
    endloop
  endfacet
  facet normal 0 1 0
    outer loop
      vertex 80.4545 -15.2 24.1196
      vertex 80.2158 -15.2 22.9573
      vertex 80.1268 -15.2 22.9896
    endloop
  endfacet
  facet normal 0 1 0
    outer loop
      vertex 80.6707 -15.2 24.0708
      vertex 80.2989 -15.2 22.9177
      vertex 80.2158 -15.2 22.9573
    endloop
  endfacet
  facet normal 0 1 0
    outer loop
      vertex 80.8773 -15.2 24.0081
      vertex 80.3762 -15.2 22.871
      vertex 80.2989 -15.2 22.9177
    endloop
  endfacet
  facet normal 0 1 0
    outer loop
      vertex 80.7958 -15.2 22.2801
      vertex 82.1537 -15.2 23.0309
      vertex 82.2563 -15.2 22.8577
    endloop
  endfacet
  facet normal 0 1 0
    outer loop
      vertex 81.0743 -15.2 23.9314
      vertex 80.4477 -15.2 22.8171
      vertex 80.3762 -15.2 22.871
    endloop
  endfacet
  facet normal 0 1 0
    outer loop
      vertex 81.2618 -15.2 23.8408
      vertex 80.5134 -15.2 22.7559
      vertex 80.4477 -15.2 22.8171
    endloop
  endfacet
  facet normal 0 1 0
    outer loop
      vertex 81.4396 -15.2 23.7362
      vertex 80.5735 -15.2 22.6888
      vertex 80.5134 -15.2 22.7559
    endloop
  endfacet
  facet normal 0 1 0
    outer loop
      vertex 80.8246 -15.2 22.1838
      vertex 82.2563 -15.2 22.8577
      vertex 82.3455 -15.2 22.6739
    endloop
  endfacet
  facet normal 0 1 0
    outer loop
      vertex 81.6079 -15.2 23.6177
      vertex 80.6284 -15.2 22.6168
      vertex 80.5735 -15.2 22.6888
    endloop
  endfacet
  facet normal 0 1 0
    outer loop
      vertex 81.7646 -15.2 23.4869
      vertex 80.6781 -15.2 22.5399
      vertex 80.6284 -15.2 22.6168
    endloop
  endfacet
  facet normal 0 1 0
    outer loop
      vertex 80.8481 -15.2 22.0826
      vertex 82.3455 -15.2 22.6739
      vertex 82.4211 -15.2 22.4795
    endloop
  endfacet
  facet normal 0 1 0
    outer loop
      vertex 81.9078 -15.2 23.3455
      vertex 80.7226 -15.2 22.4582
      vertex 80.6781 -15.2 22.5399
    endloop
  endfacet
  facet normal 0 1 0
    outer loop
      vertex 82.0375 -15.2 23.1935
      vertex 80.7618 -15.2 22.3716
      vertex 80.7226 -15.2 22.4582
    endloop
  endfacet
  facet normal 0 1 0
    outer loop
      vertex 82.1537 -15.2 23.0309
      vertex 80.7958 -15.2 22.2801
      vertex 80.7618 -15.2 22.3716
    endloop
  endfacet
  facet normal 0 1 0
    outer loop
      vertex 80.8664 -15.2 21.9765
      vertex 82.4211 -15.2 22.4795
      vertex 82.4833 -15.2 22.2745
    endloop
  endfacet
  facet normal 0 1 0
    outer loop
      vertex 82.2563 -15.2 22.8577
      vertex 80.8246 -15.2 22.1838
      vertex 80.7958 -15.2 22.2801
    endloop
  endfacet
  facet normal 0 1 0
    outer loop
      vertex 82.3455 -15.2 22.6739
      vertex 80.8481 -15.2 22.0826
      vertex 80.8246 -15.2 22.1838
    endloop
  endfacet
  facet normal 0 1 0
    outer loop
      vertex 80.8664 -15.2 21.9765
      vertex 82.4833 -15.2 22.2745
      vertex 82.5319 -15.2 22.0589
    endloop
  endfacet
  facet normal 0 1 0
    outer loop
      vertex 82.4211 -15.2 22.4795
      vertex 80.8664 -15.2 21.9765
      vertex 80.8481 -15.2 22.0826
    endloop
  endfacet
  facet normal 0 1 0
    outer loop
      vertex 78.0978 -15.2 23.7915
      vertex 78.8301 -15.2 22.6254
      vertex 77.8802 -15.2 23.6504
    endloop
  endfacet
  facet normal 0 1 0
    outer loop
      vertex 77.8802 -15.2 23.6504
      vertex 78.8301 -15.2 22.6254
      vertex 77.679 -15.2 23.4875
    endloop
  endfacet
  facet normal 0 1 -0
    outer loop
      vertex 78.6882 -15.2 22.3881
      vertex 77.679 -15.2 23.4875
      vertex 78.8301 -15.2 22.6254
    endloop
  endfacet
  facet normal 0 1 0
    outer loop
      vertex 77.679 -15.2 23.4875
      vertex 78.6882 -15.2 22.3881
      vertex 77.4942 -15.2 23.303
    endloop
  endfacet
  facet normal 0 1 0
    outer loop
      vertex 77.4942 -15.2 23.303
      vertex 78.6882 -15.2 22.3881
      vertex 77.3275 -15.2 23.0989
    endloop
  endfacet
  facet normal 0 1 0
    outer loop
      vertex 77.3275 -15.2 23.0989
      vertex 78.6882 -15.2 22.3881
      vertex 77.1804 -15.2 22.8777
    endloop
  endfacet
  facet normal 0 1 -0
    outer loop
      vertex 78.5778 -15.2 22.0981
      vertex 77.1804 -15.2 22.8777
      vertex 78.6882 -15.2 22.3881
    endloop
  endfacet
  facet normal 0 1 0
    outer loop
      vertex 77.1804 -15.2 22.8777
      vertex 78.5778 -15.2 22.0981
      vertex 77.0529 -15.2 22.6392
    endloop
  endfacet
  facet normal 0 1 0
    outer loop
      vertex 77.0529 -15.2 22.6392
      vertex 78.5778 -15.2 22.0981
      vertex 76.945 -15.2 22.3836
    endloop
  endfacet
  facet normal 0 1 -0
    outer loop
      vertex 78.499 -15.2 21.7554
      vertex 76.945 -15.2 22.3836
      vertex 78.5778 -15.2 22.0981
    endloop
  endfacet
  facet normal 0 1 0
    outer loop
      vertex 76.945 -15.2 22.3836
      vertex 78.499 -15.2 21.7554
      vertex 76.8567 -15.2 22.1107
    endloop
  endfacet
  facet normal 0 1 0
    outer loop
      vertex 76.8567 -15.2 22.1107
      vertex 78.499 -15.2 21.7554
      vertex 76.7881 -15.2 21.8206
    endloop
  endfacet
  facet normal 0 1 -0
    outer loop
      vertex 78.4517 -15.2 21.36
      vertex 76.7881 -15.2 21.8206
      vertex 78.499 -15.2 21.7554
    endloop
  endfacet
  facet normal 0 1 0
    outer loop
      vertex 76.7881 -15.2 21.8206
      vertex 78.4517 -15.2 21.36
      vertex 76.739 -15.2 21.5133
    endloop
  endfacet
  facet normal 0 1 0
    outer loop
      vertex 78.4517 -15.2 21.36
      vertex 76.7096 -15.2 21.1888
      vertex 76.739 -15.2 21.5133
    endloop
  endfacet
  facet normal 0 1 -0
    outer loop
      vertex 78.4359 -15.2 20.9118
      vertex 76.7096 -15.2 21.1888
      vertex 78.4517 -15.2 21.36
    endloop
  endfacet
  facet normal 0 1 0
    outer loop
      vertex 78.4359 -15.2 20.9118
      vertex 76.6998 -15.2 20.8471
      vertex 76.7096 -15.2 21.1888
    endloop
  endfacet
  facet normal 0 1 0
    outer loop
      vertex 78.4359 -15.2 20.9118
      vertex 76.7095 -15.2 20.513
      vertex 76.6998 -15.2 20.8471
    endloop
  endfacet
  facet normal 0 1 0
    outer loop
      vertex 78.452 -15.2 20.4501
      vertex 76.7095 -15.2 20.513
      vertex 78.4359 -15.2 20.9118
    endloop
  endfacet
  facet normal 0 1 0
    outer loop
      vertex 78.452 -15.2 20.4501
      vertex 76.7387 -15.2 20.1957
      vertex 76.7095 -15.2 20.513
    endloop
  endfacet
  facet normal 0 1 0
    outer loop
      vertex 76.7874 -15.2 19.8951
      vertex 78.452 -15.2 20.4501
      vertex 78.5001 -15.2 20.0427
    endloop
  endfacet
  facet normal 0 1 0
    outer loop
      vertex 78.452 -15.2 20.4501
      vertex 76.7874 -15.2 19.8951
      vertex 76.7387 -15.2 20.1957
    endloop
  endfacet
  facet normal 0 1 0
    outer loop
      vertex 76.9432 -15.2 19.3444
      vertex 78.5001 -15.2 20.0427
      vertex 78.5804 -15.2 19.6896
    endloop
  endfacet
  facet normal 0 1 0
    outer loop
      vertex 78.5001 -15.2 20.0427
      vertex 76.8556 -15.2 19.6114
      vertex 76.7874 -15.2 19.8951
    endloop
  endfacet
  facet normal 0 1 0
    outer loop
      vertex 77.1768 -15.2 18.8607
      vertex 78.5804 -15.2 19.6896
      vertex 78.6928 -15.2 19.3908
    endloop
  endfacet
  facet normal 0 1 0
    outer loop
      vertex 78.5001 -15.2 20.0427
      vertex 76.9432 -15.2 19.3444
      vertex 76.8556 -15.2 19.6114
    endloop
  endfacet
  facet normal 0 1 0
    outer loop
      vertex 77.6718 -15.2 18.2632
      vertex 78.6928 -15.2 19.3908
      vertex 78.8373 -15.2 19.1464
    endloop
  endfacet
  facet normal 0 1 0
    outer loop
      vertex 78.5804 -15.2 19.6896
      vertex 77.0503 -15.2 19.0941
      vertex 76.9432 -15.2 19.3444
    endloop
  endfacet
  facet normal 0 1 0
    outer loop
      vertex 78.0874 -15.2 17.9654
      vertex 78.8373 -15.2 19.1464
      vertex 79.0139 -15.2 18.9562
    endloop
  endfacet
  facet normal 0 1 0
    outer loop
      vertex 78.5804 -15.2 19.6896
      vertex 77.1768 -15.2 18.8607
      vertex 77.0503 -15.2 19.0941
    endloop
  endfacet
  facet normal 0 1 0
    outer loop
      vertex 78.5681 -15.2 17.7526
      vertex 79.0139 -15.2 18.9562
      vertex 79.2227 -15.2 18.8204
    endloop
  endfacet
  facet normal 0 1 0
    outer loop
      vertex 79.1139 -15.2 17.6249
      vertex 79.2227 -15.2 18.8204
      vertex 79.4635 -15.2 18.739
    endloop
  endfacet
  facet normal 0 1 0
    outer loop
      vertex 79.4112 -15.2 17.593
      vertex 79.4635 -15.2 18.739
      vertex 79.7365 -15.2 18.7118
    endloop
  endfacet
  facet normal 0 1 0
    outer loop
      vertex 78.6928 -15.2 19.3908
      vertex 77.3229 -15.2 18.644
      vertex 77.1768 -15.2 18.8607
    endloop
  endfacet
  facet normal 0 1 -0
    outer loop
      vertex 81.1135 -15.2 17.8618
      vertex 80.4526 -15.2 18.9465
      vertex 81.2479 -15.2 17.9267
    endloop
  endfacet
  facet normal 0 1 -0
    outer loop
      vertex 80.9743 -15.2 17.8031
      vertex 80.4526 -15.2 18.9465
      vertex 81.1135 -15.2 17.8618
    endloop
  endfacet
  facet normal -0 1 0
    outer loop
      vertex 79.4112 -15.2 17.593
      vertex 79.7365 -15.2 18.7118
      vertex 79.7247 -15.2 17.5824
    endloop
  endfacet
  facet normal 0 1 0
    outer loop
      vertex 80.4526 -15.2 18.9465
      vertex 80.9743 -15.2 17.8031
      vertex 80.3763 -15.2 18.8915
    endloop
  endfacet
  facet normal 0 1 -0
    outer loop
      vertex 80.8314 -15.2 17.7514
      vertex 80.3763 -15.2 18.8915
      vertex 80.9743 -15.2 17.8031
    endloop
  endfacet
  facet normal 0 1 0
    outer loop
      vertex 79.4635 -15.2 18.739
      vertex 79.4112 -15.2 17.593
      vertex 79.1139 -15.2 17.6249
    endloop
  endfacet
  facet normal 0 1 0
    outer loop
      vertex 80.3763 -15.2 18.8915
      vertex 80.8314 -15.2 17.7514
      vertex 80.2962 -15.2 18.8438
    endloop
  endfacet
  facet normal 0 1 -0
    outer loop
      vertex 80.6846 -15.2 17.7066
      vertex 80.2962 -15.2 18.8438
      vertex 80.8314 -15.2 17.7514
    endloop
  endfacet
  facet normal 0 1 0
    outer loop
      vertex 79.2227 -15.2 18.8204
      vertex 79.1139 -15.2 17.6249
      vertex 78.8328 -15.2 17.6781
    endloop
  endfacet
  facet normal 0 1 0
    outer loop
      vertex 80.2962 -15.2 18.8438
      vertex 80.6846 -15.2 17.7066
      vertex 80.2123 -15.2 18.8035
    endloop
  endfacet
  facet normal 0 1 -0
    outer loop
      vertex 80.5341 -15.2 17.6686
      vertex 80.2123 -15.2 18.8035
      vertex 80.6846 -15.2 17.7066
    endloop
  endfacet
  facet normal 0 1 0
    outer loop
      vertex 80.2123 -15.2 18.8035
      vertex 80.5341 -15.2 17.6686
      vertex 80.1247 -15.2 18.7705
    endloop
  endfacet
  facet normal 0 1 -0
    outer loop
      vertex 80.3798 -15.2 17.6376
      vertex 80.1247 -15.2 18.7705
      vertex 80.5341 -15.2 17.6686
    endloop
  endfacet
  facet normal 0 1 0
    outer loop
      vertex 80.1247 -15.2 18.7705
      vertex 80.3798 -15.2 17.6376
      vertex 80.0333 -15.2 18.7448
    endloop
  endfacet
  facet normal 0 1 -0
    outer loop
      vertex 80.2217 -15.2 17.6134
      vertex 80.0333 -15.2 18.7448
      vertex 80.3798 -15.2 17.6376
    endloop
  endfacet
  facet normal 0 1 0
    outer loop
      vertex 80.0333 -15.2 18.7448
      vertex 80.2217 -15.2 17.6134
      vertex 79.9382 -15.2 18.7265
    endloop
  endfacet
  facet normal 0 1 0
    outer loop
      vertex 79.0139 -15.2 18.9562
      vertex 78.3196 -15.2 17.8483
      vertex 78.0874 -15.2 17.9654
    endloop
  endfacet
  facet normal 0 1 -0
    outer loop
      vertex 80.0598 -15.2 17.5962
      vertex 79.9382 -15.2 18.7265
      vertex 80.2217 -15.2 17.6134
    endloop
  endfacet
  facet normal 0 1 0
    outer loop
      vertex 79.9382 -15.2 18.7265
      vertex 80.0598 -15.2 17.5962
      vertex 79.8392 -15.2 18.7155
    endloop
  endfacet
  facet normal 0 1 0
    outer loop
      vertex 78.8373 -15.2 19.1464
      vertex 78.0874 -15.2 17.9654
      vertex 77.8714 -15.2 18.1037
    endloop
  endfacet
  facet normal 0 1 -0
    outer loop
      vertex 79.8942 -15.2 17.5858
      vertex 79.8392 -15.2 18.7155
      vertex 80.0598 -15.2 17.5962
    endloop
  endfacet
  facet normal 0 1 0
    outer loop
      vertex 79.8392 -15.2 18.7155
      vertex 79.8942 -15.2 17.5858
      vertex 79.7365 -15.2 18.7118
    endloop
  endfacet
  facet normal 0 1 0
    outer loop
      vertex 78.8373 -15.2 19.1464
      vertex 77.8714 -15.2 18.1037
      vertex 77.6718 -15.2 18.2632
    endloop
  endfacet
  facet normal 0 1 0
    outer loop
      vertex 79.7365 -15.2 18.7118
      vertex 79.8942 -15.2 17.5858
      vertex 79.7247 -15.2 17.5824
    endloop
  endfacet
  facet normal 0 1 0
    outer loop
      vertex 79.2227 -15.2 18.8204
      vertex 78.8328 -15.2 17.6781
      vertex 78.5681 -15.2 17.7526
    endloop
  endfacet
  facet normal 0 1 0
    outer loop
      vertex 78.6928 -15.2 19.3908
      vertex 77.6718 -15.2 18.2632
      vertex 77.4884 -15.2 18.4441
    endloop
  endfacet
  facet normal 0 1 0
    outer loop
      vertex 79.0139 -15.2 18.9562
      vertex 78.5681 -15.2 17.7526
      vertex 78.3196 -15.2 17.8483
    endloop
  endfacet
  facet normal 0 1 0
    outer loop
      vertex 78.6928 -15.2 19.3908
      vertex 77.4884 -15.2 18.4441
      vertex 77.3229 -15.2 18.644
    endloop
  endfacet
  facet normal 0 1 -0
    outer loop
      vertex 88.8047 -15.2 18.9488
      vertex 87.4128 -15.2 19.447
      vertex 88.9724 -15.2 19.3118
    endloop
  endfacet
  facet normal 0 1 -0
    outer loop
      vertex 88.6027 -15.2 18.6286
      vertex 87.4128 -15.2 19.447
      vertex 88.8047 -15.2 18.9488
    endloop
  endfacet
  facet normal 0 1 0
    outer loop
      vertex 87.4128 -15.2 19.447
      vertex 88.6027 -15.2 18.6286
      vertex 87.3538 -15.2 19.2878
    endloop
  endfacet
  facet normal 0 1 -0
    outer loop
      vertex 88.3662 -15.2 18.351
      vertex 87.3538 -15.2 19.2878
      vertex 88.6027 -15.2 18.6286
    endloop
  endfacet
  facet normal 0 1 0
    outer loop
      vertex 87.3538 -15.2 19.2878
      vertex 88.3662 -15.2 18.351
      vertex 87.2788 -15.2 19.1473
    endloop
  endfacet
  facet normal 0 1 -0
    outer loop
      vertex 88.0952 -15.2 18.1161
      vertex 87.2788 -15.2 19.1473
      vertex 88.3662 -15.2 18.351
    endloop
  endfacet
  facet normal 0 1 0
    outer loop
      vertex 87.2788 -15.2 19.1473
      vertex 88.0952 -15.2 18.1161
      vertex 87.1878 -15.2 19.0255
    endloop
  endfacet
  facet normal 0 1 -0
    outer loop
      vertex 87.7898 -15.2 17.924
      vertex 87.1878 -15.2 19.0255
      vertex 88.0952 -15.2 18.1161
    endloop
  endfacet
  facet normal 0 1 0
    outer loop
      vertex 87.1878 -15.2 19.0255
      vertex 87.7898 -15.2 17.924
      vertex 87.0809 -15.2 18.9225
    endloop
  endfacet
  facet normal 0 1 -0
    outer loop
      vertex 87.45 -15.2 17.7745
      vertex 87.0809 -15.2 18.9225
      vertex 87.7898 -15.2 17.924
    endloop
  endfacet
  facet normal 0 1 0
    outer loop
      vertex 87.0809 -15.2 18.9225
      vertex 87.45 -15.2 17.7745
      vertex 86.958 -15.2 18.8382
    endloop
  endfacet
  facet normal 0 1 0
    outer loop
      vertex 86.958 -15.2 18.8382
      vertex 87.45 -15.2 17.7745
      vertex 86.8191 -15.2 18.7726
    endloop
  endfacet
  facet normal -0 1 0
    outer loop
      vertex 85.9131 -15.2 17.5929
      vertex 86.3064 -15.2 18.6883
      vertex 86.224 -15.2 17.5824
    endloop
  endfacet
  facet normal 0 1 -0
    outer loop
      vertex 87.0758 -15.2 17.6678
      vertex 86.8191 -15.2 18.7726
      vertex 87.45 -15.2 17.7745
    endloop
  endfacet
  facet normal -0 1 0
    outer loop
      vertex 85.6186 -15.2 17.6244
      vertex 86.3064 -15.2 18.6883
      vertex 85.9131 -15.2 17.5929
    endloop
  endfacet
  facet normal 0 1 0
    outer loop
      vertex 86.8191 -15.2 18.7726
      vertex 87.0758 -15.2 17.6678
      vertex 86.6642 -15.2 18.7257
    endloop
  endfacet
  facet normal -0 1 0
    outer loop
      vertex 85.3406 -15.2 17.6768
      vertex 86.3064 -15.2 18.6883
      vertex 85.6186 -15.2 17.6244
    endloop
  endfacet
  facet normal 0 1 0
    outer loop
      vertex 86.3064 -15.2 18.6883
      vertex 84.0171 -15.2 18.4324
      vertex 83.8553 -15.2 18.6309
    endloop
  endfacet
  facet normal 0 1 -0
    outer loop
      vertex 86.6671 -15.2 17.6037
      vertex 86.6642 -15.2 18.7257
      vertex 87.0758 -15.2 17.6678
    endloop
  endfacet
  facet normal 0 1 0
    outer loop
      vertex 86.3064 -15.2 18.6883
      vertex 84.1966 -15.2 18.254
      vertex 84.0171 -15.2 18.4324
    endloop
  endfacet
  facet normal 0 1 0
    outer loop
      vertex 86.6642 -15.2 18.7257
      vertex 86.6671 -15.2 17.6037
      vertex 86.4933 -15.2 18.6976
    endloop
  endfacet
  facet normal 0 1 0
    outer loop
      vertex 86.3064 -15.2 18.6883
      vertex 84.3926 -15.2 18.0966
      vertex 84.1966 -15.2 18.254
    endloop
  endfacet
  facet normal 0 1 0
    outer loop
      vertex 86.3064 -15.2 18.6883
      vertex 84.8337 -15.2 17.8447
      vertex 84.6049 -15.2 17.9601
    endloop
  endfacet
  facet normal 0 1 0
    outer loop
      vertex 86.4933 -15.2 18.6976
      vertex 86.6671 -15.2 17.6037
      vertex 86.3064 -15.2 18.6883
    endloop
  endfacet
  facet normal 0 1 0
    outer loop
      vertex 86.3064 -15.2 18.6883
      vertex 85.3406 -15.2 17.6768
      vertex 85.0789 -15.2 17.7503
    endloop
  endfacet
  facet normal 0 1 0
    outer loop
      vertex 86.3064 -15.2 18.6883
      vertex 86.6671 -15.2 17.6037
      vertex 86.224 -15.2 17.5824
    endloop
  endfacet
  facet normal 0 1 0
    outer loop
      vertex 86.3064 -15.2 18.6883
      vertex 85.0789 -15.2 17.7503
      vertex 84.8337 -15.2 17.8447
    endloop
  endfacet
  facet normal 0 1 0
    outer loop
      vertex 86.3064 -15.2 18.6883
      vertex 84.6049 -15.2 17.9601
      vertex 84.3926 -15.2 18.0966
    endloop
  endfacet
  facet normal 0 1 0
    outer loop
      vertex 86.2475 -15.2 24.1824
      vertex 86.3428 -15.2 23.1365
      vertex 86.224 -15.2 23.1413
    endloop
  endfacet
  facet normal 0 1 0
    outer loop
      vertex 88.1738 -15.2 23.4643
      vertex 86.4562 -15.2 23.1222
      vertex 86.3428 -15.2 23.1365
    endloop
  endfacet
  facet normal 0 1 0
    outer loop
      vertex 88.1738 -15.2 23.4643
      vertex 86.564 -15.2 23.0985
      vertex 86.4562 -15.2 23.1222
    endloop
  endfacet
  facet normal 0 1 0
    outer loop
      vertex 88.1738 -15.2 23.4643
      vertex 86.6663 -15.2 23.0652
      vertex 86.564 -15.2 23.0985
    endloop
  endfacet
  facet normal 0 1 0
    outer loop
      vertex 87.28 -15.2 22.4563
      vertex 88.3426 -15.2 23.2736
      vertex 88.4946 -15.2 23.0612
    endloop
  endfacet
  facet normal 0 1 0
    outer loop
      vertex 88.1738 -15.2 23.4643
      vertex 86.7631 -15.2 23.0223
      vertex 86.6663 -15.2 23.0652
    endloop
  endfacet
  facet normal 0 1 0
    outer loop
      vertex 88.1738 -15.2 23.4643
      vertex 86.8543 -15.2 22.97
      vertex 86.7631 -15.2 23.0223
    endloop
  endfacet
  facet normal 0 1 0
    outer loop
      vertex 88.1738 -15.2 23.4643
      vertex 86.9401 -15.2 22.9082
      vertex 86.8543 -15.2 22.97
    endloop
  endfacet
  facet normal 0 1 0
    outer loop
      vertex 88.1738 -15.2 23.4643
      vertex 87.0203 -15.2 22.8368
      vertex 86.9401 -15.2 22.9082
    endloop
  endfacet
  facet normal 0 1 0
    outer loop
      vertex 87.328 -15.2 22.3373
      vertex 88.4946 -15.2 23.0612
      vertex 88.6286 -15.2 22.828
    endloop
  endfacet
  facet normal 0 1 0
    outer loop
      vertex 88.1738 -15.2 23.4643
      vertex 87.0949 -15.2 22.7559
      vertex 87.0203 -15.2 22.8368
    endloop
  endfacet
  facet normal 0 1 0
    outer loop
      vertex 88.1738 -15.2 23.4643
      vertex 87.1635 -15.2 22.6656
      vertex 87.0949 -15.2 22.7559
    endloop
  endfacet
  facet normal 0 1 0
    outer loop
      vertex 87.3692 -15.2 22.2089
      vertex 88.6286 -15.2 22.828
      vertex 88.7448 -15.2 22.5739
    endloop
  endfacet
  facet normal 0 1 0
    outer loop
      vertex 88.1738 -15.2 23.4643
      vertex 87.2252 -15.2 22.5657
      vertex 87.1635 -15.2 22.6656
    endloop
  endfacet
  facet normal 0 1 0
    outer loop
      vertex 88.3426 -15.2 23.2736
      vertex 87.28 -15.2 22.4563
      vertex 87.2252 -15.2 22.5657
    endloop
  endfacet
  facet normal 0 1 0
    outer loop
      vertex 88.4946 -15.2 23.0612
      vertex 87.328 -15.2 22.3373
      vertex 87.28 -15.2 22.4563
    endloop
  endfacet
  facet normal 0 1 0
    outer loop
      vertex 87.4036 -15.2 22.071
      vertex 88.7448 -15.2 22.5739
      vertex 88.8431 -15.2 22.299
    endloop
  endfacet
  facet normal 0 1 0
    outer loop
      vertex 88.6286 -15.2 22.828
      vertex 87.3692 -15.2 22.2089
      vertex 87.328 -15.2 22.3373
    endloop
  endfacet
  facet normal 0 1 0
    outer loop
      vertex 88.7448 -15.2 22.5739
      vertex 87.4036 -15.2 22.071
      vertex 87.3692 -15.2 22.2089
    endloop
  endfacet
  facet normal 0 1 0
    outer loop
      vertex 87.4312 -15.2 21.9235
      vertex 88.8431 -15.2 22.299
      vertex 88.9235 -15.2 22.0032
    endloop
  endfacet
  facet normal 0 1 0
    outer loop
      vertex 88.8431 -15.2 22.299
      vertex 87.4312 -15.2 21.9235
      vertex 87.4036 -15.2 22.071
    endloop
  endfacet
  facet normal 0 1 0
    outer loop
      vertex 88.9235 -15.2 22.0032
      vertex 87.4519 -15.2 21.7665
      vertex 87.4312 -15.2 21.9235
    endloop
  endfacet
  facet normal 0 1 0
    outer loop
      vertex 87.4658 -15.2 21.6001
      vertex 88.9235 -15.2 22.0032
      vertex 88.9861 -15.2 21.6866
    endloop
  endfacet
  facet normal 0 1 0
    outer loop
      vertex 88.9235 -15.2 22.0032
      vertex 87.4658 -15.2 21.6001
      vertex 87.4519 -15.2 21.7665
    endloop
  endfacet
  facet normal 0 1 0
    outer loop
      vertex 84.9823 -15.2 20.5648
      vertex 84.994 -15.2 21.6001
      vertex 87.4658 -15.2 21.6001
    endloop
  endfacet
  facet normal 0 1 0
    outer loop
      vertex 89.0308 -15.2 21.3492
      vertex 87.4658 -15.2 21.6001
      vertex 88.9861 -15.2 21.6866
    endloop
  endfacet
  facet normal 0 1 0
    outer loop
      vertex 89.0576 -15.2 20.9909
      vertex 87.4658 -15.2 21.6001
      vertex 89.0308 -15.2 21.3492
    endloop
  endfacet
  facet normal -0 1 0
    outer loop
      vertex 83.2558 -15.2 21.2531
      vertex 84.994 -15.2 21.6001
      vertex 84.9823 -15.2 20.5648
    endloop
  endfacet
  facet normal 0 1 0
    outer loop
      vertex 89.0665 -15.2 20.6118
      vertex 87.4658 -15.2 21.6001
      vertex 89.0576 -15.2 20.9909
    endloop
  endfacet
  facet normal 0 1 0
    outer loop
      vertex 84.994 -15.2 21.6001
      vertex 83.2558 -15.2 21.2531
      vertex 83.2848 -15.2 21.5764
    endloop
  endfacet
  facet normal 0 1 -0
    outer loop
      vertex 89.0665 -15.2 20.5648
      vertex 87.4658 -15.2 21.6001
      vertex 89.0665 -15.2 20.6118
    endloop
  endfacet
  facet normal 0 1 0
    outer loop
      vertex 87.4658 -15.2 21.6001
      vertex 89.0665 -15.2 20.5648
      vertex 84.9823 -15.2 20.5648
    endloop
  endfacet
  facet normal 0 1 0
    outer loop
      vertex 83.2558 -15.2 21.2531
      vertex 84.9823 -15.2 20.5648
      vertex 83.2462 -15.2 20.9118
    endloop
  endfacet
  facet normal 0 1 0
    outer loop
      vertex 84.9823 -15.2 20.5648
      vertex 83.2557 -15.2 20.5594
      vertex 83.2462 -15.2 20.9118
    endloop
  endfacet
  facet normal 0 1 0
    outer loop
      vertex 83.2842 -15.2 20.2261
      vertex 84.9823 -15.2 20.5648
      vertex 84.9865 -15.2 20.3638
    endloop
  endfacet
  facet normal 0 1 0
    outer loop
      vertex 84.9823 -15.2 20.5648
      vertex 83.2842 -15.2 20.2261
      vertex 83.2557 -15.2 20.5594
    endloop
  endfacet
  facet normal 0 1 0
    outer loop
      vertex 84.9993 -15.2 20.1742
      vertex 83.2842 -15.2 20.2261
      vertex 84.9865 -15.2 20.3638
    endloop
  endfacet
  facet normal 0 1 0
    outer loop
      vertex 83.3318 -15.2 19.9121
      vertex 84.9993 -15.2 20.1742
      vertex 85.0205 -15.2 19.9958
    endloop
  endfacet
  facet normal 0 1 0
    outer loop
      vertex 84.9993 -15.2 20.1742
      vertex 83.3318 -15.2 19.9121
      vertex 83.2842 -15.2 20.2261
    endloop
  endfacet
  facet normal 0 1 0
    outer loop
      vertex 83.3984 -15.2 19.6174
      vertex 85.0205 -15.2 19.9958
      vertex 85.0503 -15.2 19.8286
    endloop
  endfacet
  facet normal 0 1 0
    outer loop
      vertex 83.4841 -15.2 19.3419
      vertex 85.0503 -15.2 19.8286
      vertex 85.0885 -15.2 19.6727
    endloop
  endfacet
  facet normal 0 1 0
    outer loop
      vertex 85.0205 -15.2 19.9958
      vertex 83.3984 -15.2 19.6174
      vertex 83.3318 -15.2 19.9121
    endloop
  endfacet
  facet normal 0 1 0
    outer loop
      vertex 83.5888 -15.2 19.0857
      vertex 85.0885 -15.2 19.6727
      vertex 85.1353 -15.2 19.5281
    endloop
  endfacet
  facet normal 0 1 0
    outer loop
      vertex 83.7125 -15.2 18.8487
      vertex 85.1353 -15.2 19.5281
      vertex 85.1905 -15.2 19.3947
    endloop
  endfacet
  facet normal 0 1 0
    outer loop
      vertex 85.0503 -15.2 19.8286
      vertex 83.4841 -15.2 19.3419
      vertex 83.3984 -15.2 19.6174
    endloop
  endfacet
  facet normal 0 1 0
    outer loop
      vertex 83.8553 -15.2 18.6309
      vertex 85.1905 -15.2 19.3947
      vertex 85.2543 -15.2 19.2726
    endloop
  endfacet
  facet normal 0 1 0
    outer loop
      vertex 83.8553 -15.2 18.6309
      vertex 85.2543 -15.2 19.2726
      vertex 85.3265 -15.2 19.1617
    endloop
  endfacet
  facet normal 0 1 0
    outer loop
      vertex 85.0885 -15.2 19.6727
      vertex 83.5888 -15.2 19.0857
      vertex 83.4841 -15.2 19.3419
    endloop
  endfacet
  facet normal 0 1 0
    outer loop
      vertex 83.8553 -15.2 18.6309
      vertex 85.3265 -15.2 19.1617
      vertex 85.4066 -15.2 19.0624
    endloop
  endfacet
  facet normal 0 1 0
    outer loop
      vertex 83.8553 -15.2 18.6309
      vertex 85.4066 -15.2 19.0624
      vertex 85.4939 -15.2 18.9747
    endloop
  endfacet
  facet normal 0 1 0
    outer loop
      vertex 83.8553 -15.2 18.6309
      vertex 85.4939 -15.2 18.9747
      vertex 85.5884 -15.2 18.8987
    endloop
  endfacet
  facet normal 0 1 0
    outer loop
      vertex 85.1353 -15.2 19.5281
      vertex 83.7125 -15.2 18.8487
      vertex 83.5888 -15.2 19.0857
    endloop
  endfacet
  facet normal 0 1 0
    outer loop
      vertex 83.8553 -15.2 18.6309
      vertex 85.5884 -15.2 18.8987
      vertex 85.6901 -15.2 18.8344
    endloop
  endfacet
  facet normal 0 1 0
    outer loop
      vertex 83.8553 -15.2 18.6309
      vertex 85.6901 -15.2 18.8344
      vertex 85.799 -15.2 18.7818
    endloop
  endfacet
  facet normal 0 1 0
    outer loop
      vertex 83.8553 -15.2 18.6309
      vertex 85.799 -15.2 18.7818
      vertex 85.9151 -15.2 18.7409
    endloop
  endfacet
  facet normal 0 1 0
    outer loop
      vertex 83.8553 -15.2 18.6309
      vertex 85.9151 -15.2 18.7409
      vertex 86.0383 -15.2 18.7117
    endloop
  endfacet
  facet normal 0 1 0
    outer loop
      vertex 83.8553 -15.2 18.6309
      vertex 86.0383 -15.2 18.7117
      vertex 86.1688 -15.2 18.6941
    endloop
  endfacet
  facet normal 0 1 0
    outer loop
      vertex 85.1905 -15.2 19.3947
      vertex 83.8553 -15.2 18.6309
      vertex 83.7125 -15.2 18.8487
    endloop
  endfacet
  facet normal 0 1 0
    outer loop
      vertex 83.8553 -15.2 18.6309
      vertex 86.1688 -15.2 18.6941
      vertex 86.3064 -15.2 18.6883
    endloop
  endfacet
  facet normal 0 1 -0
    outer loop
      vertex 86.3428 -15.2 23.1365
      vertex 86.2475 -15.2 24.1824
      vertex 86.5442 -15.2 24.1712
    endloop
  endfacet
  facet normal 0 1 0
    outer loop
      vertex 86.0978 -15.2 23.1363
      vertex 86.2475 -15.2 24.1824
      vertex 86.224 -15.2 23.1413
    endloop
  endfacet
  facet normal 0 1 0
    outer loop
      vertex 86.3428 -15.2 23.1365
      vertex 86.5442 -15.2 24.1712
      vertex 86.825 -15.2 24.1375
    endloop
  endfacet
  facet normal 0 1 0
    outer loop
      vertex 86.2475 -15.2 24.1824
      vertex 86.0978 -15.2 23.1363
      vertex 85.9365 -15.2 24.1719
    endloop
  endfacet
  facet normal 0 1 0
    outer loop
      vertex 86.3428 -15.2 23.1365
      vertex 86.825 -15.2 24.1375
      vertex 87.0897 -15.2 24.0814
    endloop
  endfacet
  facet normal 0 1 -0
    outer loop
      vertex 85.9783 -15.2 23.1212
      vertex 85.9365 -15.2 24.1719
      vertex 86.0978 -15.2 23.1363
    endloop
  endfacet
  facet normal 0 1 0
    outer loop
      vertex 86.3428 -15.2 23.1365
      vertex 87.0897 -15.2 24.0814
      vertex 87.3385 -15.2 24.0029
    endloop
  endfacet
  facet normal 0 1 0
    outer loop
      vertex 85.9365 -15.2 24.1719
      vertex 85.9783 -15.2 23.1212
      vertex 85.6416 -15.2 24.1406
    endloop
  endfacet
  facet normal 0 1 0
    outer loop
      vertex 86.3428 -15.2 23.1365
      vertex 87.3385 -15.2 24.0029
      vertex 87.5713 -15.2 23.9019
    endloop
  endfacet
  facet normal 0 1 -0
    outer loop
      vertex 85.8653 -15.2 23.0962
      vertex 85.6416 -15.2 24.1406
      vertex 85.9783 -15.2 23.1212
    endloop
  endfacet
  facet normal 0 1 0
    outer loop
      vertex 86.3428 -15.2 23.1365
      vertex 87.5713 -15.2 23.9019
      vertex 87.7881 -15.2 23.7785
    endloop
  endfacet
  facet normal 0 1 -0
    outer loop
      vertex 85.759 -15.2 23.0611
      vertex 85.6416 -15.2 24.1406
      vertex 85.8653 -15.2 23.0962
    endloop
  endfacet
  facet normal 0 1 0
    outer loop
      vertex 86.3428 -15.2 23.1365
      vertex 87.7881 -15.2 23.7785
      vertex 87.9889 -15.2 23.6326
    endloop
  endfacet
  facet normal 0 1 0
    outer loop
      vertex 85.6416 -15.2 24.1406
      vertex 85.759 -15.2 23.0611
      vertex 85.3628 -15.2 24.0883
    endloop
  endfacet
  facet normal 0 1 0
    outer loop
      vertex 86.3428 -15.2 23.1365
      vertex 87.9889 -15.2 23.6326
      vertex 88.1738 -15.2 23.4643
    endloop
  endfacet
  facet normal 0 1 -0
    outer loop
      vertex 85.6593 -15.2 23.016
      vertex 85.3628 -15.2 24.0883
      vertex 85.759 -15.2 23.0611
    endloop
  endfacet
  facet normal 0 1 0
    outer loop
      vertex 87.2252 -15.2 22.5657
      vertex 88.1738 -15.2 23.4643
      vertex 88.3426 -15.2 23.2736
    endloop
  endfacet
  facet normal 0 1 0
    outer loop
      vertex 85.3628 -15.2 24.0883
      vertex 85.6593 -15.2 23.016
      vertex 85.1001 -15.2 24.0151
    endloop
  endfacet
  facet normal 0 1 -0
    outer loop
      vertex 85.5662 -15.2 22.9608
      vertex 85.1001 -15.2 24.0151
      vertex 85.6593 -15.2 23.016
    endloop
  endfacet
  facet normal 0 1 0
    outer loop
      vertex 85.1001 -15.2 24.0151
      vertex 85.5662 -15.2 22.9608
      vertex 84.8536 -15.2 23.921
    endloop
  endfacet
  facet normal 0 1 -0
    outer loop
      vertex 85.4797 -15.2 22.8957
      vertex 84.8536 -15.2 23.921
      vertex 85.5662 -15.2 22.9608
    endloop
  endfacet
  facet normal 0 1 0
    outer loop
      vertex 84.8536 -15.2 23.921
      vertex 85.4797 -15.2 22.8957
      vertex 84.6233 -15.2 23.8059
    endloop
  endfacet
  facet normal 0 1 -0
    outer loop
      vertex 85.3998 -15.2 22.8205
      vertex 84.6233 -15.2 23.8059
      vertex 85.4797 -15.2 22.8957
    endloop
  endfacet
  facet normal 0 1 -0
    outer loop
      vertex 85.3265 -15.2 22.7353
      vertex 84.6233 -15.2 23.8059
      vertex 85.3998 -15.2 22.8205
    endloop
  endfacet
  facet normal 0 1 0
    outer loop
      vertex 84.6233 -15.2 23.8059
      vertex 85.3265 -15.2 22.7353
      vertex 84.409 -15.2 23.67
    endloop
  endfacet
  facet normal 0 1 -0
    outer loop
      vertex 85.2602 -15.2 22.6411
      vertex 84.409 -15.2 23.67
      vertex 85.3265 -15.2 22.7353
    endloop
  endfacet
  facet normal 0 1 0
    outer loop
      vertex 84.409 -15.2 23.67
      vertex 85.2602 -15.2 22.6411
      vertex 84.2109 -15.2 23.5131
    endloop
  endfacet
  facet normal 0 1 -0
    outer loop
      vertex 85.2013 -15.2 22.5389
      vertex 84.2109 -15.2 23.5131
      vertex 85.2602 -15.2 22.6411
    endloop
  endfacet
  facet normal 0 1 0
    outer loop
      vertex 84.2109 -15.2 23.5131
      vertex 85.2013 -15.2 22.5389
      vertex 84.0289 -15.2 23.3353
    endloop
  endfacet
  facet normal 0 1 -0
    outer loop
      vertex 85.1497 -15.2 22.4288
      vertex 84.0289 -15.2 23.3353
      vertex 85.2013 -15.2 22.5389
    endloop
  endfacet
  facet normal 0 1 0
    outer loop
      vertex 84.0289 -15.2 23.3353
      vertex 85.1497 -15.2 22.4288
      vertex 83.8646 -15.2 23.1381
    endloop
  endfacet
  facet normal 0 1 -0
    outer loop
      vertex 85.1054 -15.2 22.3106
      vertex 83.8646 -15.2 23.1381
      vertex 85.1497 -15.2 22.4288
    endloop
  endfacet
  facet normal 0 1 0
    outer loop
      vertex 83.8646 -15.2 23.1381
      vertex 85.1054 -15.2 22.3106
      vertex 83.7196 -15.2 22.9228
    endloop
  endfacet
  facet normal 0 1 -0
    outer loop
      vertex 85.0684 -15.2 22.1845
      vertex 83.7196 -15.2 22.9228
      vertex 85.1054 -15.2 22.3106
    endloop
  endfacet
  facet normal 0 1 0
    outer loop
      vertex 83.7196 -15.2 22.9228
      vertex 85.0684 -15.2 22.1845
      vertex 83.594 -15.2 22.6896
    endloop
  endfacet
  facet normal 0 1 -0
    outer loop
      vertex 85.0388 -15.2 22.0504
      vertex 83.594 -15.2 22.6896
      vertex 85.0684 -15.2 22.1845
    endloop
  endfacet
  facet normal 0 1 0
    outer loop
      vertex 83.594 -15.2 22.6896
      vertex 85.0388 -15.2 22.0504
      vertex 83.4877 -15.2 22.4383
    endloop
  endfacet
  facet normal 0 1 -0
    outer loop
      vertex 85.0165 -15.2 21.9083
      vertex 83.4877 -15.2 22.4383
      vertex 85.0388 -15.2 22.0504
    endloop
  endfacet
  facet normal 0 1 0
    outer loop
      vertex 83.4877 -15.2 22.4383
      vertex 85.0165 -15.2 21.9083
      vertex 83.4008 -15.2 22.169
    endloop
  endfacet
  facet normal 0 1 -0
    outer loop
      vertex 85.0016 -15.2 21.7582
      vertex 83.4008 -15.2 22.169
      vertex 85.0165 -15.2 21.9083
    endloop
  endfacet
  facet normal 0 1 0
    outer loop
      vertex 83.4008 -15.2 22.169
      vertex 85.0016 -15.2 21.7582
      vertex 83.3331 -15.2 21.8817
    endloop
  endfacet
  facet normal 0 1 -0
    outer loop
      vertex 84.994 -15.2 21.6001
      vertex 83.3331 -15.2 21.8817
      vertex 85.0016 -15.2 21.7582
    endloop
  endfacet
  facet normal 0 1 0
    outer loop
      vertex 83.3331 -15.2 21.8817
      vertex 84.994 -15.2 21.6001
      vertex 83.2848 -15.2 21.5764
    endloop
  endfacet
  facet normal 0 1 0
    outer loop
      vertex 95.9718 -15.2 24.0648
      vertex 93.9936 -15.2 23.3067
      vertex 94.2416 -15.2 24.0648
    endloop
  endfacet
  facet normal 0 1 0
    outer loop
      vertex 95.9718 -15.2 24.0648
      vertex 93.7699 -15.2 22.6219
      vertex 93.9936 -15.2 23.3067
    endloop
  endfacet
  facet normal 0 1 0
    outer loop
      vertex 95.9718 -15.2 24.0648
      vertex 93.5707 -15.2 22.0105
      vertex 93.7699 -15.2 22.6219
    endloop
  endfacet
  facet normal 0 1 0
    outer loop
      vertex 95.9718 -15.2 24.0648
      vertex 93.3959 -15.2 21.4724
      vertex 93.5707 -15.2 22.0105
    endloop
  endfacet
  facet normal 0 1 0
    outer loop
      vertex 95.9718 -15.2 24.0648
      vertex 93.2455 -15.2 21.0077
      vertex 93.3959 -15.2 21.4724
    endloop
  endfacet
  facet normal 0 1 -0
    outer loop
      vertex 93.6237 -15.2 17.7
      vertex 93.2455 -15.2 21.0077
      vertex 95.9718 -15.2 24.0648
    endloop
  endfacet
  facet normal 0 1 0
    outer loop
      vertex 93.2455 -15.2 21.0077
      vertex 93.6237 -15.2 17.7
      vertex 93.1195 -15.2 20.6163
    endloop
  endfacet
  facet normal 0 1 0
    outer loop
      vertex 93.1195 -15.2 20.6163
      vertex 93.6237 -15.2 17.7
      vertex 93.0179 -15.2 20.2983
    endloop
  endfacet
  facet normal 0 1 0
    outer loop
      vertex 93.0179 -15.2 20.2983
      vertex 93.6237 -15.2 17.7
      vertex 92.9408 -15.2 20.0536
    endloop
  endfacet
  facet normal 0 1 0
    outer loop
      vertex 92.9408 -15.2 20.0536
      vertex 93.6237 -15.2 17.7
      vertex 92.888 -15.2 19.8823
    endloop
  endfacet
  facet normal 0 1 0
    outer loop
      vertex 92.888 -15.2 19.8823
      vertex 93.6237 -15.2 17.7
      vertex 92.849 -15.2 19.7522
    endloop
  endfacet
  facet normal 0 1 0
    outer loop
      vertex 92.849 -15.2 19.7522
      vertex 93.6237 -15.2 17.7
      vertex 92.813 -15.2 19.6311
    endloop
  endfacet
  facet normal 0 1 0
    outer loop
      vertex 92.813 -15.2 19.6311
      vertex 93.6237 -15.2 17.7
      vertex 92.7801 -15.2 19.519
    endloop
  endfacet
  facet normal 0 1 0
    outer loop
      vertex 92.7801 -15.2 19.519
      vertex 93.6237 -15.2 17.7
      vertex 92.7503 -15.2 19.4158
    endloop
  endfacet
  facet normal 0 1 0
    outer loop
      vertex 92.7503 -15.2 19.4158
      vertex 93.6237 -15.2 17.7
      vertex 92.7235 -15.2 19.3217
    endloop
  endfacet
  facet normal 0 1 0
    outer loop
      vertex 92.7235 -15.2 19.3217
      vertex 93.6237 -15.2 17.7
      vertex 92.6997 -15.2 19.2366
    endloop
  endfacet
  facet normal 0 1 0
    outer loop
      vertex 92.6997 -15.2 19.2366
      vertex 93.6237 -15.2 17.7
      vertex 92.679 -15.2 19.1605
    endloop
  endfacet
  facet normal 0 1 0
    outer loop
      vertex 92.679 -15.2 19.1605
      vertex 93.6237 -15.2 17.7
      vertex 92.6614 -15.2 19.0934
    endloop
  endfacet
  facet normal 0 1 0
    outer loop
      vertex 92.6614 -15.2 19.0934
      vertex 93.6237 -15.2 17.7
      vertex 92.6468 -15.2 19.0353
    endloop
  endfacet
  facet normal 0 1 0
    outer loop
      vertex 92.2289 -15.2 20.5059
      vertex 89.3688 -15.2 24.0648
      vertex 91.1167 -15.2 24.0648
    endloop
  endfacet
  facet normal 0 1 0
    outer loop
      vertex 91.6463 -15.2 17.7
      vertex 92.2289 -15.2 20.5059
      vertex 92.2515 -15.2 20.4297
    endloop
  endfacet
  facet normal 0 1 0
    outer loop
      vertex 91.6463 -15.2 17.7
      vertex 92.2515 -15.2 20.4297
      vertex 92.2801 -15.2 20.3316
    endloop
  endfacet
  facet normal 0 1 0
    outer loop
      vertex 91.6463 -15.2 17.7
      vertex 92.2801 -15.2 20.3316
      vertex 92.3146 -15.2 20.2118
    endloop
  endfacet
  facet normal 0 1 0
    outer loop
      vertex 91.6463 -15.2 17.7
      vertex 92.3146 -15.2 20.2118
      vertex 92.3551 -15.2 20.0702
    endloop
  endfacet
  facet normal 0 1 0
    outer loop
      vertex 91.6463 -15.2 17.7
      vertex 92.3551 -15.2 20.0702
      vertex 92.4015 -15.2 19.9068
    endloop
  endfacet
  facet normal 0 1 0
    outer loop
      vertex 91.6463 -15.2 17.7
      vertex 92.4015 -15.2 19.9068
      vertex 92.4539 -15.2 19.7216
    endloop
  endfacet
  facet normal 0 1 0
    outer loop
      vertex 91.6463 -15.2 17.7
      vertex 92.4539 -15.2 19.7216
      vertex 92.5122 -15.2 19.5146
    endloop
  endfacet
  facet normal 0 1 0
    outer loop
      vertex 91.6463 -15.2 17.7
      vertex 92.5122 -15.2 19.5146
      vertex 92.5765 -15.2 19.2858
    endloop
  endfacet
  facet normal 0 1 0
    outer loop
      vertex 91.6463 -15.2 17.7
      vertex 92.5765 -15.2 19.2858
      vertex 92.6468 -15.2 19.0353
    endloop
  endfacet
  facet normal 0 1 0
    outer loop
      vertex 92.2289 -15.2 20.5059
      vertex 91.6463 -15.2 17.7
      vertex 89.3688 -15.2 24.0648
    endloop
  endfacet
  facet normal 0 1 0
    outer loop
      vertex 91.6463 -15.2 17.7
      vertex 92.6468 -15.2 19.0353
      vertex 93.6237 -15.2 17.7
    endloop
  endfacet
  facet normal 0.0626784 0 -0.998034
    outer loop
      vertex 79.8942 -16 17.5858
      vertex 80.0598 -15.2 17.5962
      vertex 80.0598 -16 17.5962
    endloop
  endfacet
  facet normal 0.0626784 0 -0.998034
    outer loop
      vertex 80.0598 -15.2 17.5962
      vertex 79.8942 -16 17.5858
      vertex 79.8942 -15.2 17.5858
    endloop
  endfacet
  facet normal 0.105644 0 -0.994404
    outer loop
      vertex 80.0598 -16 17.5962
      vertex 80.2217 -15.2 17.6134
      vertex 80.2217 -16 17.6134
    endloop
  endfacet
  facet normal 0.105644 0 -0.994404
    outer loop
      vertex 80.2217 -15.2 17.6134
      vertex 80.0598 -16 17.5962
      vertex 80.0598 -15.2 17.5962
    endloop
  endfacet
  facet normal 0.151305 0 -0.988487
    outer loop
      vertex 80.2217 -16 17.6134
      vertex 80.3798 -15.2 17.6376
      vertex 80.3798 -16 17.6376
    endloop
  endfacet
  facet normal 0.151305 0 -0.988487
    outer loop
      vertex 80.3798 -15.2 17.6376
      vertex 80.2217 -16 17.6134
      vertex 80.2217 -15.2 17.6134
    endloop
  endfacet
  facet normal 0.196971 0 -0.980409
    outer loop
      vertex 80.3798 -16 17.6376
      vertex 80.5341 -15.2 17.6686
      vertex 80.5341 -16 17.6686
    endloop
  endfacet
  facet normal 0.196971 0 -0.980409
    outer loop
      vertex 80.5341 -15.2 17.6686
      vertex 80.3798 -16 17.6376
      vertex 80.3798 -15.2 17.6376
    endloop
  endfacet
  facet normal 0.244809 0 -0.969571
    outer loop
      vertex 80.5341 -16 17.6686
      vertex 80.6846 -15.2 17.7066
      vertex 80.6846 -16 17.7066
    endloop
  endfacet
  facet normal 0.244809 0 -0.969571
    outer loop
      vertex 80.6846 -15.2 17.7066
      vertex 80.5341 -16 17.6686
      vertex 80.5341 -15.2 17.6686
    endloop
  endfacet
  facet normal 0.291887 0 -0.956453
    outer loop
      vertex 80.6846 -16 17.7066
      vertex 80.8314 -15.2 17.7514
      vertex 80.8314 -16 17.7514
    endloop
  endfacet
  facet normal 0.291887 0 -0.956453
    outer loop
      vertex 80.8314 -15.2 17.7514
      vertex 80.6846 -16 17.7066
      vertex 80.6846 -15.2 17.7066
    endloop
  endfacet
  facet normal 0.34021 0 -0.940349
    outer loop
      vertex 80.8314 -16 17.7514
      vertex 80.9743 -15.2 17.8031
      vertex 80.9743 -16 17.8031
    endloop
  endfacet
  facet normal 0.34021 0 -0.940349
    outer loop
      vertex 80.9743 -15.2 17.8031
      vertex 80.8314 -16 17.7514
      vertex 80.8314 -15.2 17.7514
    endloop
  endfacet
  facet normal 0.38856 0 -0.921423
    outer loop
      vertex 80.9743 -16 17.8031
      vertex 81.1135 -15.2 17.8618
      vertex 81.1135 -16 17.8618
    endloop
  endfacet
  facet normal 0.38856 0 -0.921423
    outer loop
      vertex 81.1135 -15.2 17.8618
      vertex 80.9743 -16 17.8031
      vertex 80.9743 -15.2 17.8031
    endloop
  endfacet
  facet normal 0.434843 0 -0.900506
    outer loop
      vertex 81.1135 -16 17.8618
      vertex 81.2479 -15.2 17.9267
      vertex 81.2479 -16 17.9267
    endloop
  endfacet
  facet normal 0.434843 0 -0.900506
    outer loop
      vertex 81.2479 -15.2 17.9267
      vertex 81.1135 -16 17.8618
      vertex 81.1135 -15.2 17.8618
    endloop
  endfacet
  facet normal 0.48205 0 -0.876144
    outer loop
      vertex 81.2479 -16 17.9267
      vertex 81.3764 -15.2 17.9974
      vertex 81.3764 -16 17.9974
    endloop
  endfacet
  facet normal 0.48205 0 -0.876144
    outer loop
      vertex 81.3764 -15.2 17.9974
      vertex 81.2479 -16 17.9267
      vertex 81.2479 -15.2 17.9267
    endloop
  endfacet
  facet normal 0.529066 0 -0.848581
    outer loop
      vertex 81.3764 -16 17.9974
      vertex 81.4991 -15.2 18.0739
      vertex 81.4991 -16 18.0739
    endloop
  endfacet
  facet normal 0.529066 0 -0.848581
    outer loop
      vertex 81.4991 -15.2 18.0739
      vertex 81.3764 -16 17.9974
      vertex 81.3764 -15.2 17.9974
    endloop
  endfacet
  facet normal 0.575389 0 -0.81788
    outer loop
      vertex 81.4991 -16 18.0739
      vertex 81.6158 -15.2 18.156
      vertex 81.6158 -16 18.156
    endloop
  endfacet
  facet normal 0.575389 0 -0.81788
    outer loop
      vertex 81.6158 -15.2 18.156
      vertex 81.4991 -16 18.0739
      vertex 81.4991 -15.2 18.0739
    endloop
  endfacet
  facet normal 0.621499 0 -0.783415
    outer loop
      vertex 81.6158 -16 18.156
      vertex 81.7266 -15.2 18.2439
      vertex 81.7266 -16 18.2439
    endloop
  endfacet
  facet normal 0.621499 0 -0.783415
    outer loop
      vertex 81.7266 -15.2 18.2439
      vertex 81.6158 -16 18.156
      vertex 81.6158 -15.2 18.156
    endloop
  endfacet
  facet normal 0.665818 0 -0.746114
    outer loop
      vertex 81.7266 -16 18.2439
      vertex 81.8316 -15.2 18.3376
      vertex 81.8316 -16 18.3376
    endloop
  endfacet
  facet normal 0.665818 0 -0.746114
    outer loop
      vertex 81.8316 -15.2 18.3376
      vertex 81.7266 -16 18.2439
      vertex 81.7266 -15.2 18.2439
    endloop
  endfacet
  facet normal 0.707819 0 -0.706394
    outer loop
      vertex 81.9307 -16 18.4369
      vertex 81.8316 -15.2 18.3376
      vertex 81.9307 -15.2 18.4369
    endloop
  endfacet
  facet normal 0.707819 0 -0.706394
    outer loop
      vertex 81.8316 -15.2 18.3376
      vertex 81.9307 -16 18.4369
      vertex 81.8316 -16 18.3376
    endloop
  endfacet
  facet normal 0.748548 0 -0.663081
    outer loop
      vertex 82.0238 -16 18.542
      vertex 81.9307 -15.2 18.4369
      vertex 82.0238 -15.2 18.542
    endloop
  endfacet
  facet normal 0.748548 0 -0.663081
    outer loop
      vertex 81.9307 -15.2 18.4369
      vertex 82.0238 -16 18.542
      vertex 81.9307 -16 18.4369
    endloop
  endfacet
  facet normal 0.785753 0 -0.618541
    outer loop
      vertex 82.1111 -16 18.6529
      vertex 82.0238 -15.2 18.542
      vertex 82.1111 -15.2 18.6529
    endloop
  endfacet
  facet normal 0.785753 0 -0.618541
    outer loop
      vertex 82.0238 -15.2 18.542
      vertex 82.1111 -16 18.6529
      vertex 82.0238 -16 18.542
    endloop
  endfacet
  facet normal 0.819399 0 -0.573224
    outer loop
      vertex 82.1919 -16 18.7684
      vertex 82.1111 -15.2 18.6529
      vertex 82.1919 -15.2 18.7684
    endloop
  endfacet
  facet normal 0.819399 0 -0.573224
    outer loop
      vertex 82.1111 -15.2 18.6529
      vertex 82.1919 -16 18.7684
      vertex 82.1111 -16 18.6529
    endloop
  endfacet
  facet normal 0.85028 0 -0.52633
    outer loop
      vertex 82.2655 -16 18.8873
      vertex 82.1919 -15.2 18.7684
      vertex 82.2655 -15.2 18.8873
    endloop
  endfacet
  facet normal 0.85028 0 -0.52633
    outer loop
      vertex 82.1919 -15.2 18.7684
      vertex 82.2655 -16 18.8873
      vertex 82.1919 -16 18.7684
    endloop
  endfacet
  facet normal 0.879455 0 -0.475982
    outer loop
      vertex 82.3318 -16 19.0098
      vertex 82.2655 -15.2 18.8873
      vertex 82.3318 -15.2 19.0098
    endloop
  endfacet
  facet normal 0.879455 0 -0.475982
    outer loop
      vertex 82.2655 -15.2 18.8873
      vertex 82.3318 -16 19.0098
      vertex 82.2655 -16 18.8873
    endloop
  endfacet
  facet normal 0.904949 0 -0.42552
    outer loop
      vertex 82.391 -16 19.1357
      vertex 82.3318 -15.2 19.0098
      vertex 82.391 -15.2 19.1357
    endloop
  endfacet
  facet normal 0.904949 0 -0.42552
    outer loop
      vertex 82.3318 -15.2 19.0098
      vertex 82.391 -16 19.1357
      vertex 82.3318 -16 19.0098
    endloop
  endfacet
  facet normal 0.927882 0 -0.372874
    outer loop
      vertex 82.443 -16 19.2651
      vertex 82.391 -15.2 19.1357
      vertex 82.443 -15.2 19.2651
    endloop
  endfacet
  facet normal 0.927882 0 -0.372874
    outer loop
      vertex 82.391 -15.2 19.1357
      vertex 82.443 -16 19.2651
      vertex 82.391 -16 19.1357
    endloop
  endfacet
  facet normal 0.947681 0 -0.319219
    outer loop
      vertex 82.4878 -16 19.3981
      vertex 82.443 -15.2 19.2651
      vertex 82.4878 -15.2 19.3981
    endloop
  endfacet
  facet normal 0.947681 0 -0.319219
    outer loop
      vertex 82.443 -15.2 19.2651
      vertex 82.4878 -16 19.3981
      vertex 82.443 -16 19.2651
    endloop
  endfacet
  facet normal 0.964043 0 -0.265748
    outer loop
      vertex 82.5254 -16 19.5345
      vertex 82.4878 -15.2 19.3981
      vertex 82.5254 -15.2 19.5345
    endloop
  endfacet
  facet normal 0.964043 0 -0.265748
    outer loop
      vertex 82.4878 -15.2 19.3981
      vertex 82.5254 -16 19.5345
      vertex 82.4878 -16 19.3981
    endloop
  endfacet
  facet normal 0.977164 0 -0.212488
    outer loop
      vertex 82.5558 -16 19.6743
      vertex 82.5254 -15.2 19.5345
      vertex 82.5558 -15.2 19.6743
    endloop
  endfacet
  facet normal 0.977164 0 -0.212488
    outer loop
      vertex 82.5254 -15.2 19.5345
      vertex 82.5558 -16 19.6743
      vertex 82.5254 -16 19.5345
    endloop
  endfacet
  facet normal 0.987164 0 -0.159709
    outer loop
      vertex 82.579 -16 19.8177
      vertex 82.5558 -15.2 19.6743
      vertex 82.579 -15.2 19.8177
    endloop
  endfacet
  facet normal 0.987164 0 -0.159709
    outer loop
      vertex 82.5558 -15.2 19.6743
      vertex 82.579 -16 19.8177
      vertex 82.5558 -16 19.6743
    endloop
  endfacet
  facet normal 0.0459865 0 0.998942
    outer loop
      vertex 80.9194 -15.2 19.8941
      vertex 82.579 -16 19.8177
      vertex 82.579 -15.2 19.8177
    endloop
  endfacet
  facet normal 0.0459865 0 0.998942
    outer loop
      vertex 82.579 -16 19.8177
      vertex 80.9194 -15.2 19.8941
      vertex 80.9194 -16 19.8941
    endloop
  endfacet
  facet normal -0.987845 0 0.155444
    outer loop
      vertex 80.8994 -16 19.767
      vertex 80.9194 -15.2 19.8941
      vertex 80.8994 -15.2 19.767
    endloop
  endfacet
  facet normal -0.987845 0 0.155444
    outer loop
      vertex 80.9194 -15.2 19.8941
      vertex 80.8994 -16 19.767
      vertex 80.9194 -16 19.8941
    endloop
  endfacet
  facet normal -0.977455 0 0.211143
    outer loop
      vertex 80.8735 -16 19.6471
      vertex 80.8994 -15.2 19.767
      vertex 80.8735 -15.2 19.6471
    endloop
  endfacet
  facet normal -0.977455 0 0.211143
    outer loop
      vertex 80.8994 -15.2 19.767
      vertex 80.8735 -16 19.6471
      vertex 80.8994 -16 19.767
    endloop
  endfacet
  facet normal -0.962261 0 0.272129
    outer loop
      vertex 80.8416 -16 19.5343
      vertex 80.8735 -15.2 19.6471
      vertex 80.8416 -15.2 19.5343
    endloop
  endfacet
  facet normal -0.962261 0 0.272129
    outer loop
      vertex 80.8735 -15.2 19.6471
      vertex 80.8416 -16 19.5343
      vertex 80.8735 -16 19.6471
    endloop
  endfacet
  facet normal -0.941115 0 0.338088
    outer loop
      vertex 80.8037 -16 19.4288
      vertex 80.8416 -15.2 19.5343
      vertex 80.8037 -15.2 19.4288
    endloop
  endfacet
  facet normal -0.941115 0 0.338088
    outer loop
      vertex 80.8416 -15.2 19.5343
      vertex 80.8037 -16 19.4288
      vertex 80.8416 -16 19.5343
    endloop
  endfacet
  facet normal -0.913582 0 0.406655
    outer loop
      vertex 80.7599 -16 19.3304
      vertex 80.8037 -15.2 19.4288
      vertex 80.7599 -15.2 19.3304
    endloop
  endfacet
  facet normal -0.913582 0 0.406655
    outer loop
      vertex 80.8037 -15.2 19.4288
      vertex 80.7599 -16 19.3304
      vertex 80.8037 -16 19.4288
    endloop
  endfacet
  facet normal -0.877675 0 0.479257
    outer loop
      vertex 80.7101 -16 19.2392
      vertex 80.7599 -15.2 19.3304
      vertex 80.7101 -15.2 19.2392
    endloop
  endfacet
  facet normal -0.877675 0 0.479257
    outer loop
      vertex 80.7599 -15.2 19.3304
      vertex 80.7101 -16 19.2392
      vertex 80.7599 -16 19.3304
    endloop
  endfacet
  facet normal -0.833422 0 0.552638
    outer loop
      vertex 80.6544 -16 19.1552
      vertex 80.7101 -15.2 19.2392
      vertex 80.6544 -15.2 19.1552
    endloop
  endfacet
  facet normal -0.833422 0 0.552638
    outer loop
      vertex 80.7101 -15.2 19.2392
      vertex 80.6544 -16 19.1552
      vertex 80.7101 -16 19.2392
    endloop
  endfacet
  facet normal -0.77958 0 0.626303
    outer loop
      vertex 80.5927 -16 19.0784
      vertex 80.6544 -15.2 19.1552
      vertex 80.5927 -15.2 19.0784
    endloop
  endfacet
  facet normal -0.77958 0 0.626303
    outer loop
      vertex 80.6544 -15.2 19.1552
      vertex 80.5927 -16 19.0784
      vertex 80.6544 -16 19.1552
    endloop
  endfacet
  facet normal -0.717338 0 0.696725
    outer loop
      vertex 80.5251 -16 19.0088
      vertex 80.5927 -15.2 19.0784
      vertex 80.5251 -15.2 19.0088
    endloop
  endfacet
  facet normal -0.717338 0 0.696725
    outer loop
      vertex 80.5927 -15.2 19.0784
      vertex 80.5251 -16 19.0088
      vertex 80.5927 -16 19.0784
    endloop
  endfacet
  facet normal -0.651739 0 0.758444
    outer loop
      vertex 80.4526 -15.2 18.9465
      vertex 80.5251 -16 19.0088
      vertex 80.5251 -15.2 19.0088
    endloop
  endfacet
  facet normal -0.651739 0 0.758444
    outer loop
      vertex 80.5251 -16 19.0088
      vertex 80.4526 -15.2 18.9465
      vertex 80.4526 -16 18.9465
    endloop
  endfacet
  facet normal -0.584753 0 0.811212
    outer loop
      vertex 80.3763 -15.2 18.8915
      vertex 80.4526 -16 18.9465
      vertex 80.4526 -15.2 18.9465
    endloop
  endfacet
  facet normal -0.584753 0 0.811212
    outer loop
      vertex 80.4526 -16 18.9465
      vertex 80.3763 -15.2 18.8915
      vertex 80.3763 -16 18.8915
    endloop
  endfacet
  facet normal -0.511654 0 0.859192
    outer loop
      vertex 80.2962 -15.2 18.8438
      vertex 80.3763 -16 18.8915
      vertex 80.3763 -15.2 18.8915
    endloop
  endfacet
  facet normal -0.511654 0 0.859192
    outer loop
      vertex 80.3763 -16 18.8915
      vertex 80.2962 -15.2 18.8438
      vertex 80.2962 -16 18.8438
    endloop
  endfacet
  facet normal -0.432976 0 0.901406
    outer loop
      vertex 80.2123 -15.2 18.8035
      vertex 80.2962 -16 18.8438
      vertex 80.2962 -15.2 18.8438
    endloop
  endfacet
  facet normal -0.432976 0 0.901406
    outer loop
      vertex 80.2962 -16 18.8438
      vertex 80.2123 -15.2 18.8035
      vertex 80.2123 -16 18.8035
    endloop
  endfacet
  facet normal -0.352528 0 0.935801
    outer loop
      vertex 80.1247 -15.2 18.7705
      vertex 80.2123 -16 18.8035
      vertex 80.2123 -15.2 18.8035
    endloop
  endfacet
  facet normal -0.352528 0 0.935801
    outer loop
      vertex 80.2123 -16 18.8035
      vertex 80.1247 -15.2 18.7705
      vertex 80.1247 -16 18.7705
    endloop
  endfacet
  facet normal -0.270685 0 0.962668
    outer loop
      vertex 80.0333 -15.2 18.7448
      vertex 80.1247 -16 18.7705
      vertex 80.1247 -15.2 18.7705
    endloop
  endfacet
  facet normal -0.270685 0 0.962668
    outer loop
      vertex 80.1247 -16 18.7705
      vertex 80.0333 -15.2 18.7448
      vertex 80.0333 -16 18.7448
    endloop
  endfacet
  facet normal -0.188962 0 0.981984
    outer loop
      vertex 79.9382 -15.2 18.7265
      vertex 80.0333 -16 18.7448
      vertex 80.0333 -15.2 18.7448
    endloop
  endfacet
  facet normal -0.188962 0 0.981984
    outer loop
      vertex 80.0333 -16 18.7448
      vertex 79.9382 -15.2 18.7265
      vertex 79.9382 -16 18.7265
    endloop
  endfacet
  facet normal -0.110432 0 0.993884
    outer loop
      vertex 79.8392 -15.2 18.7155
      vertex 79.9382 -16 18.7265
      vertex 79.9382 -15.2 18.7265
    endloop
  endfacet
  facet normal -0.110432 0 0.993884
    outer loop
      vertex 79.9382 -16 18.7265
      vertex 79.8392 -15.2 18.7155
      vertex 79.8392 -16 18.7155
    endloop
  endfacet
  facet normal -0.0360039 0 0.999352
    outer loop
      vertex 79.7365 -15.2 18.7118
      vertex 79.8392 -16 18.7155
      vertex 79.8392 -15.2 18.7155
    endloop
  endfacet
  facet normal -0.0360039 0 0.999352
    outer loop
      vertex 79.8392 -16 18.7155
      vertex 79.7365 -15.2 18.7118
      vertex 79.7365 -16 18.7118
    endloop
  endfacet
  facet normal 0.0991428 0 0.995073
    outer loop
      vertex 79.4635 -15.2 18.739
      vertex 79.7365 -16 18.7118
      vertex 79.7365 -15.2 18.7118
    endloop
  endfacet
  facet normal 0.0991428 0 0.995073
    outer loop
      vertex 79.7365 -16 18.7118
      vertex 79.4635 -15.2 18.739
      vertex 79.4635 -16 18.739
    endloop
  endfacet
  facet normal 0.320238 0 0.947337
    outer loop
      vertex 79.2227 -15.2 18.8204
      vertex 79.4635 -16 18.739
      vertex 79.4635 -15.2 18.739
    endloop
  endfacet
  facet normal 0.320238 0 0.947337
    outer loop
      vertex 79.4635 -16 18.739
      vertex 79.2227 -15.2 18.8204
      vertex 79.2227 -16 18.8204
    endloop
  endfacet
  facet normal 0.545214 0 0.838297
    outer loop
      vertex 79.0139 -15.2 18.9562
      vertex 79.2227 -16 18.8204
      vertex 79.2227 -15.2 18.8204
    endloop
  endfacet
  facet normal 0.545214 0 0.838297
    outer loop
      vertex 79.2227 -16 18.8204
      vertex 79.0139 -15.2 18.9562
      vertex 79.0139 -16 18.9562
    endloop
  endfacet
  facet normal 0.732821 -0 0.680422
    outer loop
      vertex 78.8373 -16 19.1464
      vertex 79.0139 -15.2 18.9562
      vertex 78.8373 -15.2 19.1464
    endloop
  endfacet
  facet normal 0.732821 0 0.680422
    outer loop
      vertex 79.0139 -15.2 18.9562
      vertex 78.8373 -16 19.1464
      vertex 79.0139 -16 18.9562
    endloop
  endfacet
  facet normal 0.8608 -0 0.508943
    outer loop
      vertex 78.6928 -16 19.3908
      vertex 78.8373 -15.2 19.1464
      vertex 78.6928 -15.2 19.3908
    endloop
  endfacet
  facet normal 0.8608 0 0.508943
    outer loop
      vertex 78.8373 -15.2 19.1464
      vertex 78.6928 -16 19.3908
      vertex 78.8373 -16 19.1464
    endloop
  endfacet
  facet normal 0.935968 -0 0.352084
    outer loop
      vertex 78.5804 -16 19.6896
      vertex 78.6928 -15.2 19.3908
      vertex 78.5804 -15.2 19.6896
    endloop
  endfacet
  facet normal 0.935968 0 0.352084
    outer loop
      vertex 78.6928 -15.2 19.3908
      vertex 78.5804 -16 19.6896
      vertex 78.6928 -16 19.3908
    endloop
  endfacet
  facet normal 0.975103 -0 0.221752
    outer loop
      vertex 78.5001 -16 20.0427
      vertex 78.5804 -15.2 19.6896
      vertex 78.5001 -15.2 20.0427
    endloop
  endfacet
  facet normal 0.975103 0 0.221752
    outer loop
      vertex 78.5804 -15.2 19.6896
      vertex 78.5001 -16 20.0427
      vertex 78.5804 -16 19.6896
    endloop
  endfacet
  facet normal 0.993102 -0 0.117251
    outer loop
      vertex 78.452 -16 20.4501
      vertex 78.5001 -15.2 20.0427
      vertex 78.452 -15.2 20.4501
    endloop
  endfacet
  facet normal 0.993102 0 0.117251
    outer loop
      vertex 78.5001 -15.2 20.0427
      vertex 78.452 -16 20.4501
      vertex 78.5001 -16 20.0427
    endloop
  endfacet
  facet normal 0.999393 -0 0.0348499
    outer loop
      vertex 78.4359 -16 20.9118
      vertex 78.452 -15.2 20.4501
      vertex 78.4359 -15.2 20.9118
    endloop
  endfacet
  facet normal 0.999393 0 0.0348499
    outer loop
      vertex 78.452 -15.2 20.4501
      vertex 78.4359 -16 20.9118
      vertex 78.452 -16 20.4501
    endloop
  endfacet
  facet normal 0.999379 0 -0.0352302
    outer loop
      vertex 78.4517 -16 21.36
      vertex 78.4359 -15.2 20.9118
      vertex 78.4517 -15.2 21.36
    endloop
  endfacet
  facet normal 0.999379 0 -0.0352302
    outer loop
      vertex 78.4359 -15.2 20.9118
      vertex 78.4517 -16 21.36
      vertex 78.4359 -16 20.9118
    endloop
  endfacet
  facet normal 0.992921 0 -0.118779
    outer loop
      vertex 78.499 -16 21.7554
      vertex 78.4517 -15.2 21.36
      vertex 78.499 -15.2 21.7554
    endloop
  endfacet
  facet normal 0.992921 0 -0.118779
    outer loop
      vertex 78.4517 -15.2 21.36
      vertex 78.499 -16 21.7554
      vertex 78.4517 -16 21.36
    endloop
  endfacet
  facet normal 0.974568 0 -0.224091
    outer loop
      vertex 78.5778 -16 22.0981
      vertex 78.499 -15.2 21.7554
      vertex 78.5778 -15.2 22.0981
    endloop
  endfacet
  facet normal 0.974568 0 -0.224091
    outer loop
      vertex 78.499 -15.2 21.7554
      vertex 78.5778 -16 22.0981
      vertex 78.499 -16 21.7554
    endloop
  endfacet
  facet normal 0.934569 0 -0.355781
    outer loop
      vertex 78.6882 -16 22.3881
      vertex 78.5778 -15.2 22.0981
      vertex 78.6882 -15.2 22.3881
    endloop
  endfacet
  facet normal 0.934569 0 -0.355781
    outer loop
      vertex 78.5778 -15.2 22.0981
      vertex 78.6882 -16 22.3881
      vertex 78.5778 -16 22.0981
    endloop
  endfacet
  facet normal 0.858258 0 -0.513219
    outer loop
      vertex 78.8301 -16 22.6254
      vertex 78.6882 -15.2 22.3881
      vertex 78.8301 -15.2 22.6254
    endloop
  endfacet
  facet normal 0.858258 0 -0.513219
    outer loop
      vertex 78.6882 -15.2 22.3881
      vertex 78.8301 -16 22.6254
      vertex 78.6882 -16 22.3881
    endloop
  endfacet
  facet normal 0.728687 0 -0.684847
    outer loop
      vertex 79.0035 -16 22.8099
      vertex 78.8301 -15.2 22.6254
      vertex 79.0035 -15.2 22.8099
    endloop
  endfacet
  facet normal 0.728687 0 -0.684847
    outer loop
      vertex 78.8301 -15.2 22.6254
      vertex 79.0035 -16 22.8099
      vertex 78.8301 -16 22.6254
    endloop
  endfacet
  facet normal 0.540986 0 -0.841032
    outer loop
      vertex 79.0035 -16 22.8099
      vertex 79.2084 -15.2 22.9417
      vertex 79.2084 -16 22.9417
    endloop
  endfacet
  facet normal 0.540986 0 -0.841032
    outer loop
      vertex 79.2084 -15.2 22.9417
      vertex 79.0035 -16 22.8099
      vertex 79.0035 -15.2 22.8099
    endloop
  endfacet
  facet normal 0.31719 0 -0.948362
    outer loop
      vertex 79.2084 -16 22.9417
      vertex 79.4449 -15.2 23.0208
      vertex 79.4449 -16 23.0208
    endloop
  endfacet
  facet normal 0.31719 0 -0.948362
    outer loop
      vertex 79.4449 -15.2 23.0208
      vertex 79.2084 -16 22.9417
      vertex 79.2084 -15.2 22.9417
    endloop
  endfacet
  facet normal 0.098033 0 -0.995183
    outer loop
      vertex 79.4449 -16 23.0208
      vertex 79.7129 -15.2 23.0472
      vertex 79.7129 -16 23.0472
    endloop
  endfacet
  facet normal 0.098033 0 -0.995183
    outer loop
      vertex 79.7129 -15.2 23.0472
      vertex 79.4449 -16 23.0208
      vertex 79.4449 -15.2 23.0208
    endloop
  endfacet
  facet normal -0.0320691 0 -0.999486
    outer loop
      vertex 79.7129 -16 23.0472
      vertex 79.8251 -15.2 23.0436
      vertex 79.8251 -16 23.0436
    endloop
  endfacet
  facet normal -0.0320691 0 -0.999486
    outer loop
      vertex 79.8251 -15.2 23.0436
      vertex 79.7129 -16 23.0472
      vertex 79.7129 -15.2 23.0472
    endloop
  endfacet
  facet normal -0.100985 0 -0.994888
    outer loop
      vertex 79.8251 -16 23.0436
      vertex 79.9315 -15.2 23.0328
      vertex 79.9315 -16 23.0328
    endloop
  endfacet
  facet normal -0.100985 0 -0.994888
    outer loop
      vertex 79.9315 -15.2 23.0328
      vertex 79.8251 -16 23.0436
      vertex 79.8251 -15.2 23.0436
    endloop
  endfacet
  facet normal -0.176129 0 -0.984367
    outer loop
      vertex 79.9315 -16 23.0328
      vertex 80.0321 -15.2 23.0148
      vertex 80.0321 -16 23.0148
    endloop
  endfacet
  facet normal -0.176129 0 -0.984367
    outer loop
      vertex 80.0321 -15.2 23.0148
      vertex 79.9315 -16 23.0328
      vertex 79.9315 -15.2 23.0328
    endloop
  endfacet
  facet normal -0.257155 0 -0.96637
    outer loop
      vertex 80.0321 -16 23.0148
      vertex 80.1268 -15.2 22.9896
      vertex 80.1268 -16 22.9896
    endloop
  endfacet
  facet normal -0.257155 0 -0.96637
    outer loop
      vertex 80.1268 -15.2 22.9896
      vertex 80.0321 -16 23.0148
      vertex 80.0321 -15.2 23.0148
    endloop
  endfacet
  facet normal -0.341149 0 -0.940009
    outer loop
      vertex 80.1268 -16 22.9896
      vertex 80.2158 -15.2 22.9573
      vertex 80.2158 -16 22.9573
    endloop
  endfacet
  facet normal -0.341149 0 -0.940009
    outer loop
      vertex 80.2158 -15.2 22.9573
      vertex 80.1268 -16 22.9896
      vertex 80.1268 -15.2 22.9896
    endloop
  endfacet
  facet normal -0.430187 0 -0.90274
    outer loop
      vertex 80.2158 -16 22.9573
      vertex 80.2989 -15.2 22.9177
      vertex 80.2989 -16 22.9177
    endloop
  endfacet
  facet normal -0.430187 0 -0.90274
    outer loop
      vertex 80.2989 -15.2 22.9177
      vertex 80.2158 -16 22.9573
      vertex 80.2158 -15.2 22.9573
    endloop
  endfacet
  facet normal -0.517099 0 -0.855926
    outer loop
      vertex 80.2989 -16 22.9177
      vertex 80.3762 -15.2 22.871
      vertex 80.3762 -16 22.871
    endloop
  endfacet
  facet normal -0.517099 0 -0.855926
    outer loop
      vertex 80.3762 -15.2 22.871
      vertex 80.2989 -16 22.9177
      vertex 80.2989 -15.2 22.9177
    endloop
  endfacet
  facet normal -0.601964 0 -0.798523
    outer loop
      vertex 80.3762 -16 22.871
      vertex 80.4477 -15.2 22.8171
      vertex 80.4477 -16 22.8171
    endloop
  endfacet
  facet normal -0.601964 0 -0.798523
    outer loop
      vertex 80.4477 -15.2 22.8171
      vertex 80.3762 -16 22.871
      vertex 80.3762 -15.2 22.871
    endloop
  endfacet
  facet normal -0.681604 0 -0.731722
    outer loop
      vertex 80.4477 -16 22.8171
      vertex 80.5134 -15.2 22.7559
      vertex 80.5134 -16 22.7559
    endloop
  endfacet
  facet normal -0.681604 0 -0.731722
    outer loop
      vertex 80.5134 -15.2 22.7559
      vertex 80.4477 -16 22.8171
      vertex 80.4477 -15.2 22.8171
    endloop
  endfacet
  facet normal -0.744893 0 -0.667184
    outer loop
      vertex 80.5735 -16 22.6888
      vertex 80.5134 -15.2 22.7559
      vertex 80.5735 -15.2 22.6888
    endloop
  endfacet
  facet normal -0.744893 -0 -0.667184
    outer loop
      vertex 80.5134 -15.2 22.7559
      vertex 80.5735 -16 22.6888
      vertex 80.5134 -16 22.7559
    endloop
  endfacet
  facet normal -0.795203 0 -0.606343
    outer loop
      vertex 80.6284 -16 22.6168
      vertex 80.5735 -15.2 22.6888
      vertex 80.6284 -15.2 22.6168
    endloop
  endfacet
  facet normal -0.795203 -0 -0.606343
    outer loop
      vertex 80.5735 -15.2 22.6888
      vertex 80.6284 -16 22.6168
      vertex 80.5735 -16 22.6888
    endloop
  endfacet
  facet normal -0.839863 0 -0.542798
    outer loop
      vertex 80.6781 -16 22.5399
      vertex 80.6284 -15.2 22.6168
      vertex 80.6781 -15.2 22.5399
    endloop
  endfacet
  facet normal -0.839863 -0 -0.542798
    outer loop
      vertex 80.6284 -15.2 22.6168
      vertex 80.6781 -16 22.5399
      vertex 80.6284 -16 22.6168
    endloop
  endfacet
  facet normal -0.878183 0 -0.478325
    outer loop
      vertex 80.7226 -16 22.4582
      vertex 80.6781 -15.2 22.5399
      vertex 80.7226 -15.2 22.4582
    endloop
  endfacet
  facet normal -0.878183 -0 -0.478325
    outer loop
      vertex 80.6781 -15.2 22.5399
      vertex 80.7226 -16 22.4582
      vertex 80.6781 -16 22.5399
    endloop
  endfacet
  facet normal -0.911014 0 -0.412376
    outer loop
      vertex 80.7618 -16 22.3716
      vertex 80.7226 -15.2 22.4582
      vertex 80.7618 -15.2 22.3716
    endloop
  endfacet
  facet normal -0.911014 -0 -0.412376
    outer loop
      vertex 80.7226 -15.2 22.4582
      vertex 80.7618 -16 22.3716
      vertex 80.7226 -16 22.4582
    endloop
  endfacet
  facet normal -0.937377 0 -0.348315
    outer loop
      vertex 80.7958 -16 22.2801
      vertex 80.7618 -15.2 22.3716
      vertex 80.7958 -15.2 22.2801
    endloop
  endfacet
  facet normal -0.937377 -0 -0.348315
    outer loop
      vertex 80.7618 -15.2 22.3716
      vertex 80.7958 -16 22.2801
      vertex 80.7618 -16 22.3716
    endloop
  endfacet
  facet normal -0.958072 0 -0.286526
    outer loop
      vertex 80.8246 -16 22.1838
      vertex 80.7958 -15.2 22.2801
      vertex 80.8246 -15.2 22.1838
    endloop
  endfacet
  facet normal -0.958072 -0 -0.286526
    outer loop
      vertex 80.7958 -15.2 22.2801
      vertex 80.8246 -16 22.1838
      vertex 80.7958 -16 22.2801
    endloop
  endfacet
  facet normal -0.974082 0 -0.226195
    outer loop
      vertex 80.8481 -16 22.0826
      vertex 80.8246 -15.2 22.1838
      vertex 80.8481 -15.2 22.0826
    endloop
  endfacet
  facet normal -0.974082 -0 -0.226195
    outer loop
      vertex 80.8246 -15.2 22.1838
      vertex 80.8481 -16 22.0826
      vertex 80.8246 -16 22.1838
    endloop
  endfacet
  facet normal -0.985449 0 -0.169969
    outer loop
      vertex 80.8664 -16 21.9765
      vertex 80.8481 -15.2 22.0826
      vertex 80.8664 -15.2 21.9765
    endloop
  endfacet
  facet normal -0.985449 -0 -0.169969
    outer loop
      vertex 80.8481 -15.2 22.0826
      vertex 80.8664 -16 21.9765
      vertex 80.8481 -16 22.0826
    endloop
  endfacet
  facet normal 0.0494142 0 -0.998778
    outer loop
      vertex 80.8664 -16 21.9765
      vertex 82.5319 -15.2 22.0589
      vertex 82.5319 -16 22.0589
    endloop
  endfacet
  facet normal 0.0494142 0 -0.998778
    outer loop
      vertex 82.5319 -15.2 22.0589
      vertex 80.8664 -16 21.9765
      vertex 80.8664 -15.2 21.9765
    endloop
  endfacet
  facet normal 0.975522 -0 0.2199
    outer loop
      vertex 82.4833 -16 22.2745
      vertex 82.5319 -15.2 22.0589
      vertex 82.4833 -15.2 22.2745
    endloop
  endfacet
  facet normal 0.975522 0 0.2199
    outer loop
      vertex 82.5319 -15.2 22.0589
      vertex 82.4833 -16 22.2745
      vertex 82.5319 -16 22.0589
    endloop
  endfacet
  facet normal 0.956922 -0 0.290344
    outer loop
      vertex 82.4211 -16 22.4795
      vertex 82.4833 -15.2 22.2745
      vertex 82.4211 -15.2 22.4795
    endloop
  endfacet
  facet normal 0.956922 0 0.290344
    outer loop
      vertex 82.4833 -15.2 22.2745
      vertex 82.4211 -16 22.4795
      vertex 82.4833 -16 22.2745
    endloop
  endfacet
  facet normal 0.932005 -0 0.362446
    outer loop
      vertex 82.3455 -16 22.6739
      vertex 82.4211 -15.2 22.4795
      vertex 82.3455 -15.2 22.6739
    endloop
  endfacet
  facet normal 0.932005 0 0.362446
    outer loop
      vertex 82.4211 -15.2 22.4795
      vertex 82.3455 -16 22.6739
      vertex 82.4211 -16 22.4795
    endloop
  endfacet
  facet normal 0.899651 -0 0.43661
    outer loop
      vertex 82.2563 -16 22.8577
      vertex 82.3455 -15.2 22.6739
      vertex 82.2563 -15.2 22.8577
    endloop
  endfacet
  facet normal 0.899651 0 0.43661
    outer loop
      vertex 82.3455 -15.2 22.6739
      vertex 82.2563 -16 22.8577
      vertex 82.3455 -16 22.6739
    endloop
  endfacet
  facet normal 0.860372 -0 0.509666
    outer loop
      vertex 82.1537 -16 23.0309
      vertex 82.2563 -15.2 22.8577
      vertex 82.1537 -15.2 23.0309
    endloop
  endfacet
  facet normal 0.860372 0 0.509666
    outer loop
      vertex 82.2563 -15.2 22.8577
      vertex 82.1537 -16 23.0309
      vertex 82.2563 -16 22.8577
    endloop
  endfacet
  facet normal 0.813598 -0 0.581428
    outer loop
      vertex 82.0375 -16 23.1935
      vertex 82.1537 -15.2 23.0309
      vertex 82.0375 -15.2 23.1935
    endloop
  endfacet
  facet normal 0.813598 0 0.581428
    outer loop
      vertex 82.1537 -15.2 23.0309
      vertex 82.0375 -16 23.1935
      vertex 82.1537 -16 23.0309
    endloop
  endfacet
  facet normal 0.760703 -0 0.6491
    outer loop
      vertex 81.9078 -16 23.3455
      vertex 82.0375 -15.2 23.1935
      vertex 81.9078 -15.2 23.3455
    endloop
  endfacet
  facet normal 0.760703 0 0.6491
    outer loop
      vertex 82.0375 -15.2 23.1935
      vertex 81.9078 -16 23.3455
      vertex 82.0375 -16 23.1935
    endloop
  endfacet
  facet normal 0.702621 0 0.711565
    outer loop
      vertex 81.7646 -15.2 23.4869
      vertex 81.9078 -16 23.3455
      vertex 81.9078 -15.2 23.3455
    endloop
  endfacet
  facet normal 0.702621 0 0.711565
    outer loop
      vertex 81.9078 -16 23.3455
      vertex 81.7646 -15.2 23.4869
      vertex 81.7646 -16 23.4869
    endloop
  endfacet
  facet normal 0.640811 0 0.767699
    outer loop
      vertex 81.6079 -15.2 23.6177
      vertex 81.7646 -16 23.4869
      vertex 81.7646 -15.2 23.4869
    endloop
  endfacet
  facet normal 0.640811 0 0.767699
    outer loop
      vertex 81.7646 -16 23.4869
      vertex 81.6079 -15.2 23.6177
      vertex 81.6079 -16 23.6177
    endloop
  endfacet
  facet normal 0.57571 0 0.817654
    outer loop
      vertex 81.4396 -15.2 23.7362
      vertex 81.6079 -16 23.6177
      vertex 81.6079 -15.2 23.6177
    endloop
  endfacet
  facet normal 0.57571 0 0.817654
    outer loop
      vertex 81.6079 -16 23.6177
      vertex 81.4396 -15.2 23.7362
      vertex 81.4396 -16 23.7362
    endloop
  endfacet
  facet normal 0.507062 0 0.861909
    outer loop
      vertex 81.2618 -15.2 23.8408
      vertex 81.4396 -16 23.7362
      vertex 81.4396 -15.2 23.7362
    endloop
  endfacet
  facet normal 0.507062 0 0.861909
    outer loop
      vertex 81.4396 -16 23.7362
      vertex 81.2618 -15.2 23.8408
      vertex 81.2618 -16 23.8408
    endloop
  endfacet
  facet normal 0.435071 0 0.900396
    outer loop
      vertex 81.0743 -15.2 23.9314
      vertex 81.2618 -16 23.8408
      vertex 81.2618 -15.2 23.8408
    endloop
  endfacet
  facet normal 0.435071 0 0.900396
    outer loop
      vertex 81.2618 -16 23.8408
      vertex 81.0743 -15.2 23.9314
      vertex 81.0743 -16 23.9314
    endloop
  endfacet
  facet normal 0.362811 0 0.931863
    outer loop
      vertex 80.8773 -15.2 24.0081
      vertex 81.0743 -16 23.9314
      vertex 81.0743 -15.2 23.9314
    endloop
  endfacet
  facet normal 0.362811 0 0.931863
    outer loop
      vertex 81.0743 -16 23.9314
      vertex 80.8773 -15.2 24.0081
      vertex 80.8773 -16 24.0081
    endloop
  endfacet
  facet normal 0.290406 0 0.956904
    outer loop
      vertex 80.6707 -15.2 24.0708
      vertex 80.8773 -16 24.0081
      vertex 80.8773 -15.2 24.0081
    endloop
  endfacet
  facet normal 0.290406 0 0.956904
    outer loop
      vertex 80.8773 -16 24.0081
      vertex 80.6707 -15.2 24.0708
      vertex 80.6707 -16 24.0708
    endloop
  endfacet
  facet normal 0.220178 0 0.97546
    outer loop
      vertex 80.4545 -15.2 24.1196
      vertex 80.6707 -16 24.0708
      vertex 80.6707 -15.2 24.0708
    endloop
  endfacet
  facet normal 0.220178 0 0.97546
    outer loop
      vertex 80.6707 -16 24.0708
      vertex 80.4545 -15.2 24.1196
      vertex 80.4545 -16 24.1196
    endloop
  endfacet
  facet normal 0.152748 0 0.988265
    outer loop
      vertex 80.2287 -15.2 24.1545
      vertex 80.4545 -16 24.1196
      vertex 80.4545 -15.2 24.1196
    endloop
  endfacet
  facet normal 0.152748 0 0.988265
    outer loop
      vertex 80.4545 -16 24.1196
      vertex 80.2287 -15.2 24.1545
      vertex 80.2287 -16 24.1545
    endloop
  endfacet
  facet normal 0.0884372 0 0.996082
    outer loop
      vertex 79.9933 -15.2 24.1754
      vertex 80.2287 -16 24.1545
      vertex 80.2287 -15.2 24.1545
    endloop
  endfacet
  facet normal 0.0884372 0 0.996082
    outer loop
      vertex 80.2287 -16 24.1545
      vertex 79.9933 -15.2 24.1754
      vertex 79.9933 -16 24.1754
    endloop
  endfacet
  facet normal 0.0285598 0 0.999592
    outer loop
      vertex 79.7483 -15.2 24.1824
      vertex 79.9933 -16 24.1754
      vertex 79.9933 -15.2 24.1754
    endloop
  endfacet
  facet normal 0.0285598 0 0.999592
    outer loop
      vertex 79.9933 -16 24.1754
      vertex 79.7483 -15.2 24.1824
      vertex 79.7483 -16 24.1824
    endloop
  endfacet
  facet normal -0.0344514 0 0.999406
    outer loop
      vertex 79.4321 -15.2 24.1715
      vertex 79.7483 -16 24.1824
      vertex 79.7483 -15.2 24.1824
    endloop
  endfacet
  facet normal -0.0344514 0 0.999406
    outer loop
      vertex 79.7483 -16 24.1824
      vertex 79.4321 -15.2 24.1715
      vertex 79.4321 -16 24.1715
    endloop
  endfacet
  facet normal -0.10781 0 0.994172
    outer loop
      vertex 79.1324 -15.2 24.139
      vertex 79.4321 -16 24.1715
      vertex 79.4321 -15.2 24.1715
    endloop
  endfacet
  facet normal -0.10781 0 0.994172
    outer loop
      vertex 79.4321 -16 24.1715
      vertex 79.1324 -15.2 24.139
      vertex 79.1324 -16 24.139
    endloop
  endfacet
  facet normal -0.188243 0 0.982122
    outer loop
      vertex 78.8491 -15.2 24.0847
      vertex 79.1324 -16 24.139
      vertex 79.1324 -15.2 24.139
    endloop
  endfacet
  facet normal -0.188243 0 0.982122
    outer loop
      vertex 79.1324 -16 24.139
      vertex 78.8491 -15.2 24.0847
      vertex 78.8491 -16 24.0847
    endloop
  endfacet
  facet normal -0.273959 0 0.961741
    outer loop
      vertex 78.5823 -15.2 24.0087
      vertex 78.8491 -16 24.0847
      vertex 78.8491 -15.2 24.0847
    endloop
  endfacet
  facet normal -0.273959 0 0.961741
    outer loop
      vertex 78.8491 -16 24.0847
      vertex 78.5823 -15.2 24.0087
      vertex 78.5823 -16 24.0087
    endloop
  endfacet
  facet normal -0.363361 0 0.931648
    outer loop
      vertex 78.3318 -15.2 23.911
      vertex 78.5823 -16 24.0087
      vertex 78.5823 -15.2 24.0087
    endloop
  endfacet
  facet normal -0.363361 0 0.931648
    outer loop
      vertex 78.5823 -16 24.0087
      vertex 78.3318 -15.2 23.911
      vertex 78.3318 -16 23.911
    endloop
  endfacet
  facet normal -0.454809 0 0.890589
    outer loop
      vertex 78.0978 -15.2 23.7915
      vertex 78.3318 -16 23.911
      vertex 78.3318 -15.2 23.911
    endloop
  endfacet
  facet normal -0.454809 0 0.890589
    outer loop
      vertex 78.3318 -16 23.911
      vertex 78.0978 -15.2 23.7915
      vertex 78.0978 -16 23.7915
    endloop
  endfacet
  facet normal -0.544066 0 0.839042
    outer loop
      vertex 77.8802 -15.2 23.6504
      vertex 78.0978 -16 23.7915
      vertex 78.0978 -15.2 23.7915
    endloop
  endfacet
  facet normal -0.544066 0 0.839042
    outer loop
      vertex 78.0978 -16 23.7915
      vertex 77.8802 -15.2 23.6504
      vertex 77.8802 -16 23.6504
    endloop
  endfacet
  facet normal -0.629254 0 0.7772
    outer loop
      vertex 77.679 -15.2 23.4875
      vertex 77.8802 -16 23.6504
      vertex 77.8802 -15.2 23.6504
    endloop
  endfacet
  facet normal -0.629254 0 0.7772
    outer loop
      vertex 77.8802 -16 23.6504
      vertex 77.679 -15.2 23.4875
      vertex 77.679 -16 23.4875
    endloop
  endfacet
  facet normal -0.706532 0 0.707681
    outer loop
      vertex 77.4942 -15.2 23.303
      vertex 77.679 -16 23.4875
      vertex 77.679 -15.2 23.4875
    endloop
  endfacet
  facet normal -0.706532 0 0.707681
    outer loop
      vertex 77.679 -16 23.4875
      vertex 77.4942 -15.2 23.303
      vertex 77.4942 -16 23.303
    endloop
  endfacet
  facet normal -0.774498 0 0.632576
    outer loop
      vertex 77.3275 -16 23.0989
      vertex 77.4942 -15.2 23.303
      vertex 77.3275 -15.2 23.0989
    endloop
  endfacet
  facet normal -0.774498 0 0.632576
    outer loop
      vertex 77.4942 -15.2 23.303
      vertex 77.3275 -16 23.0989
      vertex 77.4942 -16 23.303
    endloop
  endfacet
  facet normal -0.832687 0 0.553744
    outer loop
      vertex 77.1804 -16 22.8777
      vertex 77.3275 -15.2 23.0989
      vertex 77.1804 -15.2 22.8777
    endloop
  endfacet
  facet normal -0.832687 0 0.553744
    outer loop
      vertex 77.3275 -15.2 23.0989
      vertex 77.1804 -16 22.8777
      vertex 77.3275 -16 23.0989
    endloop
  endfacet
  facet normal -0.881892 0 0.471452
    outer loop
      vertex 77.0529 -16 22.6392
      vertex 77.1804 -15.2 22.8777
      vertex 77.0529 -15.2 22.6392
    endloop
  endfacet
  facet normal -0.881892 0 0.471452
    outer loop
      vertex 77.1804 -15.2 22.8777
      vertex 77.0529 -16 22.6392
      vertex 77.1804 -16 22.8777
    endloop
  endfacet
  facet normal -0.921275 0 0.388911
    outer loop
      vertex 76.945 -16 22.3836
      vertex 77.0529 -15.2 22.6392
      vertex 76.945 -15.2 22.3836
    endloop
  endfacet
  facet normal -0.921275 0 0.388911
    outer loop
      vertex 77.0529 -15.2 22.6392
      vertex 76.945 -16 22.3836
      vertex 77.0529 -16 22.6392
    endloop
  endfacet
  facet normal -0.951436 0 0.307848
    outer loop
      vertex 76.8567 -16 22.1107
      vertex 76.945 -15.2 22.3836
      vertex 76.8567 -15.2 22.1107
    endloop
  endfacet
  facet normal -0.951436 0 0.307848
    outer loop
      vertex 76.945 -15.2 22.3836
      vertex 76.8567 -16 22.1107
      vertex 76.945 -16 22.3836
    endloop
  endfacet
  facet normal -0.973161 0 0.230124
    outer loop
      vertex 76.7881 -16 21.8206
      vertex 76.8567 -15.2 22.1107
      vertex 76.7881 -15.2 21.8206
    endloop
  endfacet
  facet normal -0.973161 0 0.230124
    outer loop
      vertex 76.8567 -15.2 22.1107
      vertex 76.7881 -16 21.8206
      vertex 76.8567 -16 22.1107
    endloop
  endfacet
  facet normal -0.987475 0 0.157777
    outer loop
      vertex 76.739 -16 21.5133
      vertex 76.7881 -15.2 21.8206
      vertex 76.739 -15.2 21.5133
    endloop
  endfacet
  facet normal -0.987475 0 0.157777
    outer loop
      vertex 76.7881 -15.2 21.8206
      vertex 76.739 -16 21.5133
      vertex 76.7881 -16 21.8206
    endloop
  endfacet
  facet normal -0.995921 0 0.0902313
    outer loop
      vertex 76.7096 -16 21.1888
      vertex 76.739 -15.2 21.5133
      vertex 76.7096 -15.2 21.1888
    endloop
  endfacet
  facet normal -0.995921 0 0.0902313
    outer loop
      vertex 76.739 -15.2 21.5133
      vertex 76.7096 -16 21.1888
      vertex 76.739 -16 21.5133
    endloop
  endfacet
  facet normal -0.999589 0 0.0286683
    outer loop
      vertex 76.6998 -16 20.8471
      vertex 76.7096 -15.2 21.1888
      vertex 76.6998 -15.2 20.8471
    endloop
  endfacet
  facet normal -0.999589 0 0.0286683
    outer loop
      vertex 76.7096 -15.2 21.1888
      vertex 76.6998 -16 20.8471
      vertex 76.7096 -16 21.1888
    endloop
  endfacet
  facet normal -0.999579 0 -0.029021
    outer loop
      vertex 76.7095 -16 20.513
      vertex 76.6998 -15.2 20.8471
      vertex 76.7095 -15.2 20.513
    endloop
  endfacet
  facet normal -0.999579 -0 -0.029021
    outer loop
      vertex 76.6998 -15.2 20.8471
      vertex 76.7095 -16 20.513
      vertex 76.6998 -16 20.8471
    endloop
  endfacet
  facet normal -0.995792 0 -0.0916393
    outer loop
      vertex 76.7387 -16 20.1957
      vertex 76.7095 -15.2 20.513
      vertex 76.7387 -15.2 20.1957
    endloop
  endfacet
  facet normal -0.995792 -0 -0.0916393
    outer loop
      vertex 76.7095 -15.2 20.513
      vertex 76.7387 -16 20.1957
      vertex 76.7095 -16 20.513
    endloop
  endfacet
  facet normal -0.987129 0 -0.159924
    outer loop
      vertex 76.7874 -16 19.8951
      vertex 76.7387 -15.2 20.1957
      vertex 76.7874 -15.2 19.8951
    endloop
  endfacet
  facet normal -0.987129 -0 -0.159924
    outer loop
      vertex 76.7387 -15.2 20.1957
      vertex 76.7874 -16 19.8951
      vertex 76.7387 -16 20.1957
    endloop
  endfacet
  facet normal -0.9723 0 -0.233736
    outer loop
      vertex 76.8556 -16 19.6114
      vertex 76.7874 -15.2 19.8951
      vertex 76.8556 -15.2 19.6114
    endloop
  endfacet
  facet normal -0.9723 -0 -0.233736
    outer loop
      vertex 76.7874 -15.2 19.8951
      vertex 76.8556 -16 19.6114
      vertex 76.7874 -16 19.8951
    endloop
  endfacet
  facet normal -0.950167 0 -0.31174
    outer loop
      vertex 76.9432 -16 19.3444
      vertex 76.8556 -15.2 19.6114
      vertex 76.9432 -15.2 19.3444
    endloop
  endfacet
  facet normal -0.950167 -0 -0.31174
    outer loop
      vertex 76.8556 -15.2 19.6114
      vertex 76.9432 -16 19.3444
      vertex 76.8556 -16 19.6114
    endloop
  endfacet
  facet normal -0.919373 0 -0.393387
    outer loop
      vertex 77.0503 -16 19.0941
      vertex 76.9432 -15.2 19.3444
      vertex 77.0503 -15.2 19.0941
    endloop
  endfacet
  facet normal -0.919373 -0 -0.393387
    outer loop
      vertex 76.9432 -15.2 19.3444
      vertex 77.0503 -16 19.0941
      vertex 76.9432 -16 19.3444
    endloop
  endfacet
  facet normal -0.879174 0 -0.476502
    outer loop
      vertex 77.1768 -16 18.8607
      vertex 77.0503 -15.2 19.0941
      vertex 77.1768 -15.2 18.8607
    endloop
  endfacet
  facet normal -0.879174 -0 -0.476502
    outer loop
      vertex 77.0503 -15.2 19.0941
      vertex 77.1768 -16 18.8607
      vertex 77.0503 -16 19.0941
    endloop
  endfacet
  facet normal -0.829155 0 -0.559019
    outer loop
      vertex 77.3229 -16 18.644
      vertex 77.1768 -15.2 18.8607
      vertex 77.3229 -15.2 18.644
    endloop
  endfacet
  facet normal -0.829155 -0 -0.559019
    outer loop
      vertex 77.1768 -15.2 18.8607
      vertex 77.3229 -16 18.644
      vertex 77.1768 -16 18.8607
    endloop
  endfacet
  facet normal -0.77027 0 -0.637718
    outer loop
      vertex 77.4884 -16 18.4441
      vertex 77.3229 -15.2 18.644
      vertex 77.4884 -15.2 18.4441
    endloop
  endfacet
  facet normal -0.77027 -0 -0.637718
    outer loop
      vertex 77.3229 -15.2 18.644
      vertex 77.4884 -16 18.4441
      vertex 77.3229 -16 18.644
    endloop
  endfacet
  facet normal -0.702238 0 -0.711943
    outer loop
      vertex 77.4884 -16 18.4441
      vertex 77.6718 -15.2 18.2632
      vertex 77.6718 -16 18.2632
    endloop
  endfacet
  facet normal -0.702238 0 -0.711943
    outer loop
      vertex 77.6718 -15.2 18.2632
      vertex 77.4884 -16 18.4441
      vertex 77.4884 -15.2 18.4441
    endloop
  endfacet
  facet normal -0.624265 0 -0.781212
    outer loop
      vertex 77.6718 -16 18.2632
      vertex 77.8714 -15.2 18.1037
      vertex 77.8714 -16 18.1037
    endloop
  endfacet
  facet normal -0.624265 0 -0.781212
    outer loop
      vertex 77.8714 -15.2 18.1037
      vertex 77.6718 -16 18.2632
      vertex 77.6718 -15.2 18.2632
    endloop
  endfacet
  facet normal -0.53922 0 -0.842165
    outer loop
      vertex 77.8714 -16 18.1037
      vertex 78.0874 -15.2 17.9654
      vertex 78.0874 -16 17.9654
    endloop
  endfacet
  facet normal -0.53922 0 -0.842165
    outer loop
      vertex 78.0874 -15.2 17.9654
      vertex 77.8714 -16 18.1037
      vertex 77.8714 -15.2 18.1037
    endloop
  endfacet
  facet normal -0.450287 0 -0.892884
    outer loop
      vertex 78.0874 -16 17.9654
      vertex 78.3196 -15.2 17.8483
      vertex 78.3196 -16 17.8483
    endloop
  endfacet
  facet normal -0.450287 0 -0.892884
    outer loop
      vertex 78.3196 -15.2 17.8483
      vertex 78.0874 -16 17.9654
      vertex 78.0874 -15.2 17.9654
    endloop
  endfacet
  facet normal -0.359382 0 -0.933191
    outer loop
      vertex 78.3196 -16 17.8483
      vertex 78.5681 -15.2 17.7526
      vertex 78.5681 -16 17.7526
    endloop
  endfacet
  facet normal -0.359382 0 -0.933191
    outer loop
      vertex 78.5681 -15.2 17.7526
      vertex 78.3196 -16 17.8483
      vertex 78.3196 -15.2 17.8483
    endloop
  endfacet
  facet normal -0.270925 0 -0.962601
    outer loop
      vertex 78.5681 -16 17.7526
      vertex 78.8328 -15.2 17.6781
      vertex 78.8328 -16 17.6781
    endloop
  endfacet
  facet normal -0.270925 0 -0.962601
    outer loop
      vertex 78.8328 -15.2 17.6781
      vertex 78.5681 -16 17.7526
      vertex 78.5681 -15.2 17.7526
    endloop
  endfacet
  facet normal -0.185956 0 -0.982558
    outer loop
      vertex 78.8328 -16 17.6781
      vertex 79.1139 -15.2 17.6249
      vertex 79.1139 -16 17.6249
    endloop
  endfacet
  facet normal -0.185956 0 -0.982558
    outer loop
      vertex 79.1139 -15.2 17.6249
      vertex 78.8328 -16 17.6781
      vertex 78.8328 -15.2 17.6781
    endloop
  endfacet
  facet normal -0.106687 0 -0.994293
    outer loop
      vertex 79.1139 -16 17.6249
      vertex 79.4112 -15.2 17.593
      vertex 79.4112 -16 17.593
    endloop
  endfacet
  facet normal -0.106687 0 -0.994293
    outer loop
      vertex 79.4112 -15.2 17.593
      vertex 79.1139 -16 17.6249
      vertex 79.1139 -15.2 17.6249
    endloop
  endfacet
  facet normal -0.0337925 0 -0.999429
    outer loop
      vertex 79.4112 -16 17.593
      vertex 79.7247 -15.2 17.5824
      vertex 79.7247 -16 17.5824
    endloop
  endfacet
  facet normal -0.0337925 0 -0.999429
    outer loop
      vertex 79.7247 -15.2 17.5824
      vertex 79.4112 -16 17.593
      vertex 79.4112 -15.2 17.593
    endloop
  endfacet
  facet normal 0.020055 0 -0.999799
    outer loop
      vertex 79.7247 -16 17.5824
      vertex 79.8942 -15.2 17.5858
      vertex 79.8942 -16 17.5858
    endloop
  endfacet
  facet normal 0.020055 0 -0.999799
    outer loop
      vertex 79.8942 -15.2 17.5858
      vertex 79.7247 -16 17.5824
      vertex 79.7247 -15.2 17.5824
    endloop
  endfacet
  facet normal 0.154945 0 -0.987923
    outer loop
      vertex 86.6671 -16 17.6037
      vertex 87.0758 -15.2 17.6678
      vertex 87.0758 -16 17.6678
    endloop
  endfacet
  facet normal 0.154945 0 -0.987923
    outer loop
      vertex 87.0758 -15.2 17.6678
      vertex 86.6671 -16 17.6037
      vertex 86.6671 -15.2 17.6037
    endloop
  endfacet
  facet normal 0.274212 0 -0.961669
    outer loop
      vertex 87.0758 -16 17.6678
      vertex 87.45 -15.2 17.7745
      vertex 87.45 -16 17.7745
    endloop
  endfacet
  facet normal 0.274212 0 -0.961669
    outer loop
      vertex 87.45 -15.2 17.7745
      vertex 87.0758 -16 17.6678
      vertex 87.0758 -15.2 17.6678
    endloop
  endfacet
  facet normal 0.402712 0 -0.915327
    outer loop
      vertex 87.45 -16 17.7745
      vertex 87.7898 -15.2 17.924
      vertex 87.7898 -16 17.924
    endloop
  endfacet
  facet normal 0.402712 0 -0.915327
    outer loop
      vertex 87.7898 -15.2 17.924
      vertex 87.45 -16 17.7745
      vertex 87.45 -15.2 17.7745
    endloop
  endfacet
  facet normal 0.532438 0 -0.846469
    outer loop
      vertex 87.7898 -16 17.924
      vertex 88.0952 -15.2 18.1161
      vertex 88.0952 -16 18.1161
    endloop
  endfacet
  facet normal 0.532438 0 -0.846469
    outer loop
      vertex 88.0952 -15.2 18.1161
      vertex 87.7898 -16 17.924
      vertex 87.7898 -15.2 17.924
    endloop
  endfacet
  facet normal 0.654984 0 -0.755643
    outer loop
      vertex 88.0952 -16 18.1161
      vertex 88.3662 -15.2 18.351
      vertex 88.3662 -16 18.351
    endloop
  endfacet
  facet normal 0.654984 0 -0.755643
    outer loop
      vertex 88.3662 -15.2 18.351
      vertex 88.0952 -16 18.1161
      vertex 88.0952 -15.2 18.1161
    endloop
  endfacet
  facet normal 0.761208 0 -0.648508
    outer loop
      vertex 88.6027 -16 18.6286
      vertex 88.3662 -15.2 18.351
      vertex 88.6027 -15.2 18.6286
    endloop
  endfacet
  facet normal 0.761208 0 -0.648508
    outer loop
      vertex 88.3662 -15.2 18.351
      vertex 88.6027 -16 18.6286
      vertex 88.3662 -16 18.351
    endloop
  endfacet
  facet normal 0.845765 0 -0.533556
    outer loop
      vertex 88.8047 -16 18.9488
      vertex 88.6027 -15.2 18.6286
      vertex 88.8047 -15.2 18.9488
    endloop
  endfacet
  facet normal 0.845765 0 -0.533556
    outer loop
      vertex 88.6027 -15.2 18.6286
      vertex 88.8047 -16 18.9488
      vertex 88.6027 -16 18.6286
    endloop
  endfacet
  facet normal 0.907806 0 -0.419391
    outer loop
      vertex 88.9724 -16 19.3118
      vertex 88.8047 -15.2 18.9488
      vertex 88.9724 -15.2 19.3118
    endloop
  endfacet
  facet normal 0.907806 0 -0.419391
    outer loop
      vertex 88.8047 -15.2 18.9488
      vertex 88.9724 -16 19.3118
      vertex 88.8047 -16 18.9488
    endloop
  endfacet
  facet normal 0.086365 0 0.996264
    outer loop
      vertex 87.4128 -15.2 19.447
      vertex 88.9724 -16 19.3118
      vertex 88.9724 -15.2 19.3118
    endloop
  endfacet
  facet normal 0.086365 0 0.996264
    outer loop
      vertex 88.9724 -16 19.3118
      vertex 87.4128 -15.2 19.447
      vertex 87.4128 -16 19.447
    endloop
  endfacet
  facet normal -0.937678 0 0.347506
    outer loop
      vertex 87.3538 -16 19.2878
      vertex 87.4128 -15.2 19.447
      vertex 87.3538 -15.2 19.2878
    endloop
  endfacet
  facet normal -0.937678 0 0.347506
    outer loop
      vertex 87.4128 -15.2 19.447
      vertex 87.3538 -16 19.2878
      vertex 87.4128 -16 19.447
    endloop
  endfacet
  facet normal -0.882179 0 0.470914
    outer loop
      vertex 87.2788 -16 19.1473
      vertex 87.3538 -15.2 19.2878
      vertex 87.2788 -15.2 19.1473
    endloop
  endfacet
  facet normal -0.882179 0 0.470914
    outer loop
      vertex 87.3538 -15.2 19.2878
      vertex 87.2788 -16 19.1473
      vertex 87.3538 -16 19.2878
    endloop
  endfacet
  facet normal -0.801104 0 0.598526
    outer loop
      vertex 87.1878 -16 19.0255
      vertex 87.2788 -15.2 19.1473
      vertex 87.1878 -15.2 19.0255
    endloop
  endfacet
  facet normal -0.801104 0 0.598526
    outer loop
      vertex 87.2788 -15.2 19.1473
      vertex 87.1878 -16 19.0255
      vertex 87.2788 -16 19.1473
    endloop
  endfacet
  facet normal -0.693849 0 0.720121
    outer loop
      vertex 87.0809 -15.2 18.9225
      vertex 87.1878 -16 19.0255
      vertex 87.1878 -15.2 19.0255
    endloop
  endfacet
  facet normal -0.693849 0 0.720121
    outer loop
      vertex 87.1878 -16 19.0255
      vertex 87.0809 -15.2 18.9225
      vertex 87.0809 -16 18.9225
    endloop
  endfacet
  facet normal -0.565646 0 0.824648
    outer loop
      vertex 86.958 -15.2 18.8382
      vertex 87.0809 -16 18.9225
      vertex 87.0809 -15.2 18.9225
    endloop
  endfacet
  facet normal -0.565646 0 0.824648
    outer loop
      vertex 87.0809 -16 18.9225
      vertex 86.958 -15.2 18.8382
      vertex 86.958 -16 18.8382
    endloop
  endfacet
  facet normal -0.427051 0 0.904228
    outer loop
      vertex 86.8191 -15.2 18.7726
      vertex 86.958 -16 18.8382
      vertex 86.958 -15.2 18.8382
    endloop
  endfacet
  facet normal -0.427051 0 0.904228
    outer loop
      vertex 86.958 -16 18.8382
      vertex 86.8191 -15.2 18.7726
      vertex 86.8191 -16 18.7726
    endloop
  endfacet
  facet normal -0.289784 0 0.957092
    outer loop
      vertex 86.6642 -15.2 18.7257
      vertex 86.8191 -16 18.7726
      vertex 86.8191 -15.2 18.7726
    endloop
  endfacet
  facet normal -0.289784 0 0.957092
    outer loop
      vertex 86.8191 -16 18.7726
      vertex 86.6642 -15.2 18.7257
      vertex 86.6642 -16 18.7257
    endloop
  endfacet
  facet normal -0.162245 0 0.98675
    outer loop
      vertex 86.4933 -15.2 18.6976
      vertex 86.6642 -16 18.7257
      vertex 86.6642 -15.2 18.7257
    endloop
  endfacet
  facet normal -0.162245 0 0.98675
    outer loop
      vertex 86.6642 -16 18.7257
      vertex 86.4933 -15.2 18.6976
      vertex 86.4933 -16 18.6976
    endloop
  endfacet
  facet normal -0.0496977 0 0.998764
    outer loop
      vertex 86.3064 -15.2 18.6883
      vertex 86.4933 -16 18.6976
      vertex 86.4933 -15.2 18.6976
    endloop
  endfacet
  facet normal -0.0496977 0 0.998764
    outer loop
      vertex 86.4933 -16 18.6976
      vertex 86.3064 -15.2 18.6883
      vertex 86.3064 -16 18.6883
    endloop
  endfacet
  facet normal 0.0421138 0 0.999113
    outer loop
      vertex 86.1688 -15.2 18.6941
      vertex 86.3064 -16 18.6883
      vertex 86.3064 -15.2 18.6883
    endloop
  endfacet
  facet normal 0.0421138 0 0.999113
    outer loop
      vertex 86.3064 -16 18.6883
      vertex 86.1688 -15.2 18.6941
      vertex 86.1688 -16 18.6941
    endloop
  endfacet
  facet normal 0.133656 0 0.991028
    outer loop
      vertex 86.0383 -15.2 18.7117
      vertex 86.1688 -16 18.6941
      vertex 86.1688 -15.2 18.6941
    endloop
  endfacet
  facet normal 0.133656 0 0.991028
    outer loop
      vertex 86.1688 -16 18.6941
      vertex 86.0383 -15.2 18.7117
      vertex 86.0383 -16 18.7117
    endloop
  endfacet
  facet normal 0.230624 0 0.973043
    outer loop
      vertex 85.9151 -15.2 18.7409
      vertex 86.0383 -16 18.7117
      vertex 86.0383 -15.2 18.7117
    endloop
  endfacet
  facet normal 0.230624 0 0.973043
    outer loop
      vertex 86.0383 -16 18.7117
      vertex 85.9151 -15.2 18.7409
      vertex 85.9151 -16 18.7409
    endloop
  endfacet
  facet normal 0.332268 0 0.943185
    outer loop
      vertex 85.799 -15.2 18.7818
      vertex 85.9151 -16 18.7409
      vertex 85.9151 -15.2 18.7409
    endloop
  endfacet
  facet normal 0.332268 0 0.943185
    outer loop
      vertex 85.9151 -16 18.7409
      vertex 85.799 -15.2 18.7818
      vertex 85.799 -16 18.7818
    endloop
  endfacet
  facet normal 0.434934 0 0.900462
    outer loop
      vertex 85.6901 -15.2 18.8344
      vertex 85.799 -16 18.7818
      vertex 85.799 -15.2 18.7818
    endloop
  endfacet
  facet normal 0.434934 0 0.900462
    outer loop
      vertex 85.799 -16 18.7818
      vertex 85.6901 -15.2 18.8344
      vertex 85.6901 -16 18.8344
    endloop
  endfacet
  facet normal 0.534399 0 0.845232
    outer loop
      vertex 85.5884 -15.2 18.8987
      vertex 85.6901 -16 18.8344
      vertex 85.6901 -15.2 18.8344
    endloop
  endfacet
  facet normal 0.534399 0 0.845232
    outer loop
      vertex 85.6901 -16 18.8344
      vertex 85.5884 -15.2 18.8987
      vertex 85.5884 -16 18.8987
    endloop
  endfacet
  facet normal 0.626704 0 0.779257
    outer loop
      vertex 85.4939 -15.2 18.9747
      vertex 85.5884 -16 18.8987
      vertex 85.5884 -15.2 18.8987
    endloop
  endfacet
  facet normal 0.626704 0 0.779257
    outer loop
      vertex 85.5884 -16 18.8987
      vertex 85.4939 -15.2 18.9747
      vertex 85.4939 -16 18.9747
    endloop
  endfacet
  facet normal 0.708721 -0 0.705489
    outer loop
      vertex 85.4066 -16 19.0624
      vertex 85.4939 -15.2 18.9747
      vertex 85.4066 -15.2 19.0624
    endloop
  endfacet
  facet normal 0.708721 0 0.705489
    outer loop
      vertex 85.4939 -15.2 18.9747
      vertex 85.4066 -16 19.0624
      vertex 85.4939 -16 18.9747
    endloop
  endfacet
  facet normal 0.778339 -0 0.627844
    outer loop
      vertex 85.3265 -16 19.1617
      vertex 85.4066 -15.2 19.0624
      vertex 85.3265 -15.2 19.1617
    endloop
  endfacet
  facet normal 0.778339 0 0.627844
    outer loop
      vertex 85.4066 -15.2 19.0624
      vertex 85.3265 -16 19.1617
      vertex 85.4066 -16 19.0624
    endloop
  endfacet
  facet normal 0.838046 -0 0.545599
    outer loop
      vertex 85.2543 -16 19.2726
      vertex 85.3265 -15.2 19.1617
      vertex 85.2543 -15.2 19.2726
    endloop
  endfacet
  facet normal 0.838046 0 0.545599
    outer loop
      vertex 85.3265 -15.2 19.1617
      vertex 85.2543 -16 19.2726
      vertex 85.3265 -16 19.1617
    endloop
  endfacet
  facet normal 0.8863 -0 0.463112
    outer loop
      vertex 85.1905 -16 19.3947
      vertex 85.2543 -15.2 19.2726
      vertex 85.1905 -15.2 19.3947
    endloop
  endfacet
  facet normal 0.8863 0 0.463112
    outer loop
      vertex 85.2543 -15.2 19.2726
      vertex 85.1905 -16 19.3947
      vertex 85.2543 -16 19.2726
    endloop
  endfacet
  facet normal 0.924017 -0 0.382352
    outer loop
      vertex 85.1353 -16 19.5281
      vertex 85.1905 -15.2 19.3947
      vertex 85.1353 -15.2 19.5281
    endloop
  endfacet
  facet normal 0.924017 0 0.382352
    outer loop
      vertex 85.1905 -15.2 19.3947
      vertex 85.1353 -16 19.5281
      vertex 85.1905 -16 19.3947
    endloop
  endfacet
  facet normal 0.951411 -0 0.307925
    outer loop
      vertex 85.0885 -16 19.6727
      vertex 85.1353 -15.2 19.5281
      vertex 85.0885 -15.2 19.6727
    endloop
  endfacet
  facet normal 0.951411 0 0.307925
    outer loop
      vertex 85.1353 -15.2 19.5281
      vertex 85.0885 -16 19.6727
      vertex 85.1353 -16 19.5281
    endloop
  endfacet
  facet normal 0.971268 -0 0.237989
    outer loop
      vertex 85.0503 -16 19.8286
      vertex 85.0885 -15.2 19.6727
      vertex 85.0503 -15.2 19.8286
    endloop
  endfacet
  facet normal 0.971268 0 0.237989
    outer loop
      vertex 85.0885 -15.2 19.6727
      vertex 85.0503 -16 19.8286
      vertex 85.0885 -16 19.6727
    endloop
  endfacet
  facet normal 0.984486 -0 0.175465
    outer loop
      vertex 85.0205 -16 19.9958
      vertex 85.0503 -15.2 19.8286
      vertex 85.0205 -15.2 19.9958
    endloop
  endfacet
  facet normal 0.984486 0 0.175465
    outer loop
      vertex 85.0503 -15.2 19.8286
      vertex 85.0205 -16 19.9958
      vertex 85.0503 -16 19.8286
    endloop
  endfacet
  facet normal 0.993013 -0 0.118004
    outer loop
      vertex 84.9993 -16 20.1742
      vertex 85.0205 -15.2 19.9958
      vertex 84.9993 -15.2 20.1742
    endloop
  endfacet
  facet normal 0.993013 0 0.118004
    outer loop
      vertex 85.0205 -15.2 19.9958
      vertex 84.9993 -16 20.1742
      vertex 85.0205 -16 19.9958
    endloop
  endfacet
  facet normal 0.997729 -0 0.0673572
    outer loop
      vertex 84.9865 -16 20.3638
      vertex 84.9993 -15.2 20.1742
      vertex 84.9865 -15.2 20.3638
    endloop
  endfacet
  facet normal 0.997729 0 0.0673572
    outer loop
      vertex 84.9993 -15.2 20.1742
      vertex 84.9865 -16 20.3638
      vertex 84.9993 -16 20.1742
    endloop
  endfacet
  facet normal 0.999782 -0 0.020891
    outer loop
      vertex 84.9823 -16 20.5648
      vertex 84.9865 -15.2 20.3638
      vertex 84.9823 -15.2 20.5648
    endloop
  endfacet
  facet normal 0.999782 0 0.020891
    outer loop
      vertex 84.9865 -15.2 20.3638
      vertex 84.9823 -16 20.5648
      vertex 84.9865 -16 20.3638
    endloop
  endfacet
  facet normal 0 0 -1
    outer loop
      vertex 84.9823 -16 20.5648
      vertex 89.0665 -15.2 20.5648
      vertex 89.0665 -16 20.5648
    endloop
  endfacet
  facet normal -0 0 -1
    outer loop
      vertex 89.0665 -15.2 20.5648
      vertex 84.9823 -16 20.5648
      vertex 84.9823 -15.2 20.5648
    endloop
  endfacet
  facet normal 1 -0 0
    outer loop
      vertex 89.0665 -16 20.6118
      vertex 89.0665 -15.2 20.5648
      vertex 89.0665 -15.2 20.6118
    endloop
  endfacet
  facet normal 1 0 0
    outer loop
      vertex 89.0665 -15.2 20.5648
      vertex 89.0665 -16 20.6118
      vertex 89.0665 -16 20.5648
    endloop
  endfacet
  facet normal 0.999725 -0 0.0234702
    outer loop
      vertex 89.0576 -16 20.9909
      vertex 89.0665 -15.2 20.6118
      vertex 89.0576 -15.2 20.9909
    endloop
  endfacet
  facet normal 0.999725 0 0.0234702
    outer loop
      vertex 89.0665 -15.2 20.6118
      vertex 89.0576 -16 20.9909
      vertex 89.0665 -16 20.6118
    endloop
  endfacet
  facet normal 0.997214 -0 0.0745893
    outer loop
      vertex 89.0308 -16 21.3492
      vertex 89.0576 -15.2 20.9909
      vertex 89.0308 -15.2 21.3492
    endloop
  endfacet
  facet normal 0.997214 0 0.0745893
    outer loop
      vertex 89.0576 -15.2 20.9909
      vertex 89.0308 -16 21.3492
      vertex 89.0576 -16 20.9909
    endloop
  endfacet
  facet normal 0.991338 -0 0.131336
    outer loop
      vertex 88.9861 -16 21.6866
      vertex 89.0308 -15.2 21.3492
      vertex 88.9861 -15.2 21.6866
    endloop
  endfacet
  facet normal 0.991338 0 0.131336
    outer loop
      vertex 89.0308 -15.2 21.3492
      vertex 88.9861 -16 21.6866
      vertex 89.0308 -16 21.3492
    endloop
  endfacet
  facet normal 0.981007 -0 0.193971
    outer loop
      vertex 88.9235 -16 22.0032
      vertex 88.9861 -15.2 21.6866
      vertex 88.9235 -15.2 22.0032
    endloop
  endfacet
  facet normal 0.981007 0 0.193971
    outer loop
      vertex 88.9861 -15.2 21.6866
      vertex 88.9235 -16 22.0032
      vertex 88.9861 -16 21.6866
    endloop
  endfacet
  facet normal 0.964989 -0 0.262289
    outer loop
      vertex 88.8431 -16 22.299
      vertex 88.9235 -15.2 22.0032
      vertex 88.8431 -15.2 22.299
    endloop
  endfacet
  facet normal 0.964989 0 0.262289
    outer loop
      vertex 88.9235 -15.2 22.0032
      vertex 88.8431 -16 22.299
      vertex 88.9235 -16 22.0032
    endloop
  endfacet
  facet normal 0.94161 -0 0.336705
    outer loop
      vertex 88.7448 -16 22.5739
      vertex 88.8431 -15.2 22.299
      vertex 88.7448 -15.2 22.5739
    endloop
  endfacet
  facet normal 0.94161 0 0.336705
    outer loop
      vertex 88.8431 -15.2 22.299
      vertex 88.7448 -16 22.5739
      vertex 88.8431 -16 22.299
    endloop
  endfacet
  facet normal 0.90942 -0 0.415878
    outer loop
      vertex 88.6286 -16 22.828
      vertex 88.7448 -15.2 22.5739
      vertex 88.6286 -15.2 22.828
    endloop
  endfacet
  facet normal 0.90942 0 0.415878
    outer loop
      vertex 88.7448 -15.2 22.5739
      vertex 88.6286 -16 22.828
      vertex 88.7448 -16 22.5739
    endloop
  endfacet
  facet normal 0.867051 -0 0.49822
    outer loop
      vertex 88.4946 -16 23.0612
      vertex 88.6286 -15.2 22.828
      vertex 88.4946 -15.2 23.0612
    endloop
  endfacet
  facet normal 0.867051 0 0.49822
    outer loop
      vertex 88.6286 -15.2 22.828
      vertex 88.4946 -16 23.0612
      vertex 88.6286 -16 22.828
    endloop
  endfacet
  facet normal 0.813216 -0 0.581962
    outer loop
      vertex 88.3426 -16 23.2736
      vertex 88.4946 -15.2 23.0612
      vertex 88.3426 -15.2 23.2736
    endloop
  endfacet
  facet normal 0.813216 0 0.581962
    outer loop
      vertex 88.4946 -15.2 23.0612
      vertex 88.3426 -16 23.2736
      vertex 88.4946 -16 23.0612
    endloop
  endfacet
  facet normal 0.748794 -0 0.662803
    outer loop
      vertex 88.1738 -16 23.4643
      vertex 88.3426 -15.2 23.2736
      vertex 88.1738 -15.2 23.4643
    endloop
  endfacet
  facet normal 0.748794 0 0.662803
    outer loop
      vertex 88.3426 -15.2 23.2736
      vertex 88.1738 -16 23.4643
      vertex 88.3426 -16 23.2736
    endloop
  endfacet
  facet normal 0.673131 0 0.739524
    outer loop
      vertex 87.9889 -15.2 23.6326
      vertex 88.1738 -16 23.4643
      vertex 88.1738 -15.2 23.4643
    endloop
  endfacet
  facet normal 0.673131 0 0.739524
    outer loop
      vertex 88.1738 -16 23.4643
      vertex 87.9889 -15.2 23.6326
      vertex 87.9889 -16 23.6326
    endloop
  endfacet
  facet normal 0.587812 0 0.808997
    outer loop
      vertex 87.7881 -15.2 23.7785
      vertex 87.9889 -16 23.6326
      vertex 87.9889 -15.2 23.6326
    endloop
  endfacet
  facet normal 0.587812 0 0.808997
    outer loop
      vertex 87.9889 -16 23.6326
      vertex 87.7881 -15.2 23.7785
      vertex 87.7881 -16 23.7785
    endloop
  endfacet
  facet normal 0.49467 0 0.869081
    outer loop
      vertex 87.5713 -15.2 23.9019
      vertex 87.7881 -16 23.7785
      vertex 87.7881 -15.2 23.7785
    endloop
  endfacet
  facet normal 0.49467 0 0.869081
    outer loop
      vertex 87.7881 -16 23.7785
      vertex 87.5713 -15.2 23.9019
      vertex 87.5713 -16 23.9019
    endloop
  endfacet
  facet normal 0.398006 0 0.917383
    outer loop
      vertex 87.3385 -15.2 24.0029
      vertex 87.5713 -16 23.9019
      vertex 87.5713 -15.2 23.9019
    endloop
  endfacet
  facet normal 0.398006 0 0.917383
    outer loop
      vertex 87.5713 -16 23.9019
      vertex 87.3385 -15.2 24.0029
      vertex 87.3385 -16 24.0029
    endloop
  endfacet
  facet normal 0.300893 0 0.953658
    outer loop
      vertex 87.0897 -15.2 24.0814
      vertex 87.3385 -16 24.0029
      vertex 87.3385 -15.2 24.0029
    endloop
  endfacet
  facet normal 0.300893 0 0.953658
    outer loop
      vertex 87.3385 -16 24.0029
      vertex 87.0897 -15.2 24.0814
      vertex 87.0897 -16 24.0814
    endloop
  endfacet
  facet normal 0.207333 0 0.97827
    outer loop
      vertex 86.825 -15.2 24.1375
      vertex 87.0897 -16 24.0814
      vertex 87.0897 -15.2 24.0814
    endloop
  endfacet
  facet normal 0.207333 0 0.97827
    outer loop
      vertex 87.0897 -16 24.0814
      vertex 86.825 -15.2 24.1375
      vertex 86.825 -16 24.1375
    endloop
  endfacet
  facet normal 0.119159 0 0.992875
    outer loop
      vertex 86.5442 -15.2 24.1712
      vertex 86.825 -16 24.1375
      vertex 86.825 -15.2 24.1375
    endloop
  endfacet
  facet normal 0.119159 0 0.992875
    outer loop
      vertex 86.825 -16 24.1375
      vertex 86.5442 -15.2 24.1712
      vertex 86.5442 -16 24.1712
    endloop
  endfacet
  facet normal 0.0377217 0 0.999288
    outer loop
      vertex 86.2475 -15.2 24.1824
      vertex 86.5442 -16 24.1712
      vertex 86.5442 -15.2 24.1712
    endloop
  endfacet
  facet normal 0.0377217 0 0.999288
    outer loop
      vertex 86.5442 -16 24.1712
      vertex 86.2475 -15.2 24.1824
      vertex 86.2475 -16 24.1824
    endloop
  endfacet
  facet normal -0.0337428 0 0.999431
    outer loop
      vertex 85.9365 -15.2 24.1719
      vertex 86.2475 -16 24.1824
      vertex 86.2475 -15.2 24.1824
    endloop
  endfacet
  facet normal -0.0337428 0 0.999431
    outer loop
      vertex 86.2475 -16 24.1824
      vertex 85.9365 -15.2 24.1719
      vertex 85.9365 -16 24.1719
    endloop
  endfacet
  facet normal -0.105545 0 0.994415
    outer loop
      vertex 85.6416 -15.2 24.1406
      vertex 85.9365 -16 24.1719
      vertex 85.9365 -15.2 24.1719
    endloop
  endfacet
  facet normal -0.105545 0 0.994415
    outer loop
      vertex 85.9365 -16 24.1719
      vertex 85.6416 -15.2 24.1406
      vertex 85.6416 -16 24.1406
    endloop
  endfacet
  facet normal -0.184374 0 0.982856
    outer loop
      vertex 85.3628 -15.2 24.0883
      vertex 85.6416 -16 24.1406
      vertex 85.6416 -15.2 24.1406
    endloop
  endfacet
  facet normal -0.184374 0 0.982856
    outer loop
      vertex 85.6416 -16 24.1406
      vertex 85.3628 -15.2 24.0883
      vertex 85.3628 -16 24.0883
    endloop
  endfacet
  facet normal -0.268419 0 0.963302
    outer loop
      vertex 85.1001 -15.2 24.0151
      vertex 85.3628 -16 24.0883
      vertex 85.3628 -15.2 24.0883
    endloop
  endfacet
  facet normal -0.268419 0 0.963302
    outer loop
      vertex 85.3628 -16 24.0883
      vertex 85.1001 -15.2 24.0151
      vertex 85.1001 -16 24.0151
    endloop
  endfacet
  facet normal -0.356641 0 0.934241
    outer loop
      vertex 84.8536 -15.2 23.921
      vertex 85.1001 -16 24.0151
      vertex 85.1001 -15.2 24.0151
    endloop
  endfacet
  facet normal -0.356641 0 0.934241
    outer loop
      vertex 85.1001 -16 24.0151
      vertex 84.8536 -15.2 23.921
      vertex 84.8536 -16 23.921
    endloop
  endfacet
  facet normal -0.447058 0 0.894505
    outer loop
      vertex 84.6233 -15.2 23.8059
      vertex 84.8536 -16 23.921
      vertex 84.8536 -15.2 23.921
    endloop
  endfacet
  facet normal -0.447058 0 0.894505
    outer loop
      vertex 84.8536 -16 23.921
      vertex 84.6233 -15.2 23.8059
      vertex 84.6233 -16 23.8059
    endloop
  endfacet
  facet normal -0.535549 0 0.844504
    outer loop
      vertex 84.409 -15.2 23.67
      vertex 84.6233 -16 23.8059
      vertex 84.6233 -15.2 23.8059
    endloop
  endfacet
  facet normal -0.535549 0 0.844504
    outer loop
      vertex 84.6233 -16 23.8059
      vertex 84.409 -15.2 23.67
      vertex 84.409 -16 23.67
    endloop
  endfacet
  facet normal -0.620875 0 0.783909
    outer loop
      vertex 84.2109 -15.2 23.5131
      vertex 84.409 -16 23.67
      vertex 84.409 -15.2 23.67
    endloop
  endfacet
  facet normal -0.620875 0 0.783909
    outer loop
      vertex 84.409 -16 23.67
      vertex 84.2109 -15.2 23.5131
      vertex 84.2109 -16 23.5131
    endloop
  endfacet
  facet normal -0.698805 0 0.715312
    outer loop
      vertex 84.0289 -15.2 23.3353
      vertex 84.2109 -16 23.5131
      vertex 84.2109 -15.2 23.5131
    endloop
  endfacet
  facet normal -0.698805 0 0.715312
    outer loop
      vertex 84.2109 -16 23.5131
      vertex 84.0289 -15.2 23.3353
      vertex 84.0289 -16 23.3353
    endloop
  endfacet
  facet normal -0.768285 0 0.640108
    outer loop
      vertex 83.8646 -16 23.1381
      vertex 84.0289 -15.2 23.3353
      vertex 83.8646 -15.2 23.1381
    endloop
  endfacet
  facet normal -0.768285 0 0.640108
    outer loop
      vertex 84.0289 -15.2 23.3353
      vertex 83.8646 -16 23.1381
      vertex 84.0289 -16 23.3353
    endloop
  endfacet
  facet normal -0.829433 0 0.558606
    outer loop
      vertex 83.7196 -16 22.9228
      vertex 83.8646 -15.2 23.1381
      vertex 83.7196 -15.2 22.9228
    endloop
  endfacet
  facet normal -0.829433 0 0.558606
    outer loop
      vertex 83.8646 -15.2 23.1381
      vertex 83.7196 -16 22.9228
      vertex 83.8646 -16 23.1381
    endloop
  endfacet
  facet normal -0.880423 0 0.47419
    outer loop
      vertex 83.594 -16 22.6896
      vertex 83.7196 -15.2 22.9228
      vertex 83.594 -15.2 22.6896
    endloop
  endfacet
  facet normal -0.880423 0 0.47419
    outer loop
      vertex 83.7196 -15.2 22.9228
      vertex 83.594 -16 22.6896
      vertex 83.7196 -16 22.9228
    endloop
  endfacet
  facet normal -0.920993 0 0.38958
    outer loop
      vertex 83.4877 -16 22.4383
      vertex 83.594 -15.2 22.6896
      vertex 83.4877 -15.2 22.4383
    endloop
  endfacet
  facet normal -0.920993 0 0.38958
    outer loop
      vertex 83.594 -15.2 22.6896
      vertex 83.4877 -16 22.4383
      vertex 83.594 -16 22.6896
    endloop
  endfacet
  facet normal -0.951679 0 0.307096
    outer loop
      vertex 83.4008 -16 22.169
      vertex 83.4877 -15.2 22.4383
      vertex 83.4008 -15.2 22.169
    endloop
  endfacet
  facet normal -0.951679 0 0.307096
    outer loop
      vertex 83.4877 -15.2 22.4383
      vertex 83.4008 -16 22.169
      vertex 83.4877 -16 22.4383
    endloop
  endfacet
  facet normal -0.973342 0 0.22936
    outer loop
      vertex 83.3331 -16 21.8817
      vertex 83.4008 -15.2 22.169
      vertex 83.3331 -15.2 21.8817
    endloop
  endfacet
  facet normal -0.973342 0 0.22936
    outer loop
      vertex 83.4008 -15.2 22.169
      vertex 83.3331 -16 21.8817
      vertex 83.4008 -16 22.169
    endloop
  endfacet
  facet normal -0.987716 0 0.156262
    outer loop
      vertex 83.2848 -16 21.5764
      vertex 83.3331 -15.2 21.8817
      vertex 83.2848 -15.2 21.5764
    endloop
  endfacet
  facet normal -0.987716 0 0.156262
    outer loop
      vertex 83.3331 -15.2 21.8817
      vertex 83.2848 -16 21.5764
      vertex 83.3331 -16 21.8817
    endloop
  endfacet
  facet normal -0.996001 0 0.0893413
    outer loop
      vertex 83.2558 -16 21.2531
      vertex 83.2848 -15.2 21.5764
      vertex 83.2558 -15.2 21.2531
    endloop
  endfacet
  facet normal -0.996001 0 0.0893413
    outer loop
      vertex 83.2848 -15.2 21.5764
      vertex 83.2558 -16 21.2531
      vertex 83.2848 -16 21.5764
    endloop
  endfacet
  facet normal -0.999605 0 0.0281166
    outer loop
      vertex 83.2462 -16 20.9118
      vertex 83.2558 -15.2 21.2531
      vertex 83.2462 -15.2 20.9118
    endloop
  endfacet
  facet normal -0.999605 0 0.0281166
    outer loop
      vertex 83.2558 -15.2 21.2531
      vertex 83.2462 -16 20.9118
      vertex 83.2558 -16 21.2531
    endloop
  endfacet
  facet normal -0.999637 0 -0.0269482
    outer loop
      vertex 83.2557 -16 20.5594
      vertex 83.2462 -15.2 20.9118
      vertex 83.2557 -15.2 20.5594
    endloop
  endfacet
  facet normal -0.999637 -0 -0.0269482
    outer loop
      vertex 83.2462 -15.2 20.9118
      vertex 83.2557 -16 20.5594
      vertex 83.2462 -16 20.9118
    endloop
  endfacet
  facet normal -0.996364 0 -0.0851976
    outer loop
      vertex 83.2842 -16 20.2261
      vertex 83.2557 -15.2 20.5594
      vertex 83.2842 -15.2 20.2261
    endloop
  endfacet
  facet normal -0.996364 -0 -0.0851976
    outer loop
      vertex 83.2557 -15.2 20.5594
      vertex 83.2842 -16 20.2261
      vertex 83.2557 -16 20.5594
    endloop
  endfacet
  facet normal -0.988704 0 -0.14988
    outer loop
      vertex 83.3318 -16 19.9121
      vertex 83.2842 -15.2 20.2261
      vertex 83.3318 -15.2 19.9121
    endloop
  endfacet
  facet normal -0.988704 -0 -0.14988
    outer loop
      vertex 83.2842 -15.2 20.2261
      vertex 83.3318 -16 19.9121
      vertex 83.2842 -16 20.2261
    endloop
  endfacet
  facet normal -0.975402 0 -0.220434
    outer loop
      vertex 83.3984 -16 19.6174
      vertex 83.3318 -15.2 19.9121
      vertex 83.3984 -15.2 19.6174
    endloop
  endfacet
  facet normal -0.975402 -0 -0.220434
    outer loop
      vertex 83.3318 -15.2 19.9121
      vertex 83.3984 -16 19.6174
      vertex 83.3318 -16 19.9121
    endloop
  endfacet
  facet normal -0.954868 0 -0.297031
    outer loop
      vertex 83.4841 -16 19.3419
      vertex 83.3984 -15.2 19.6174
      vertex 83.4841 -15.2 19.3419
    endloop
  endfacet
  facet normal -0.954868 -0 -0.297031
    outer loop
      vertex 83.3984 -15.2 19.6174
      vertex 83.4841 -16 19.3419
      vertex 83.3984 -16 19.6174
    endloop
  endfacet
  facet normal -0.925685 0 -0.378295
    outer loop
      vertex 83.5888 -16 19.0857
      vertex 83.4841 -15.2 19.3419
      vertex 83.5888 -15.2 19.0857
    endloop
  endfacet
  facet normal -0.925685 -0 -0.378295
    outer loop
      vertex 83.4841 -15.2 19.3419
      vertex 83.5888 -16 19.0857
      vertex 83.4841 -16 19.3419
    endloop
  endfacet
  facet normal -0.886511 0 -0.462707
    outer loop
      vertex 83.7125 -16 18.8487
      vertex 83.5888 -15.2 19.0857
      vertex 83.7125 -15.2 18.8487
    endloop
  endfacet
  facet normal -0.886511 -0 -0.462707
    outer loop
      vertex 83.5888 -15.2 19.0857
      vertex 83.7125 -16 18.8487
      vertex 83.5888 -16 19.0857
    endloop
  endfacet
  facet normal -0.836279 0 -0.548304
    outer loop
      vertex 83.8553 -16 18.6309
      vertex 83.7125 -15.2 18.8487
      vertex 83.8553 -15.2 18.6309
    endloop
  endfacet
  facet normal -0.836279 -0 -0.548304
    outer loop
      vertex 83.7125 -15.2 18.8487
      vertex 83.8553 -16 18.6309
      vertex 83.7125 -16 18.8487
    endloop
  endfacet
  facet normal -0.775122 0 -0.631812
    outer loop
      vertex 84.0171 -16 18.4324
      vertex 83.8553 -15.2 18.6309
      vertex 84.0171 -15.2 18.4324
    endloop
  endfacet
  facet normal -0.775122 -0 -0.631812
    outer loop
      vertex 83.8553 -15.2 18.6309
      vertex 84.0171 -16 18.4324
      vertex 83.8553 -16 18.6309
    endloop
  endfacet
  facet normal -0.70493 0 -0.709277
    outer loop
      vertex 84.0171 -16 18.4324
      vertex 84.1966 -15.2 18.254
      vertex 84.1966 -16 18.254
    endloop
  endfacet
  facet normal -0.70493 0 -0.709277
    outer loop
      vertex 84.1966 -15.2 18.254
      vertex 84.0171 -16 18.4324
      vertex 84.0171 -15.2 18.4324
    endloop
  endfacet
  facet normal -0.626149 0 -0.779703
    outer loop
      vertex 84.1966 -16 18.254
      vertex 84.3926 -15.2 18.0966
      vertex 84.3926 -16 18.0966
    endloop
  endfacet
  facet normal -0.626149 0 -0.779703
    outer loop
      vertex 84.3926 -15.2 18.0966
      vertex 84.1966 -16 18.254
      vertex 84.1966 -15.2 18.254
    endloop
  endfacet
  facet normal -0.540818 0 -0.84114
    outer loop
      vertex 84.3926 -16 18.0966
      vertex 84.6049 -15.2 17.9601
      vertex 84.6049 -16 17.9601
    endloop
  endfacet
  facet normal -0.540818 0 -0.84114
    outer loop
      vertex 84.6049 -15.2 17.9601
      vertex 84.3926 -16 18.0966
      vertex 84.3926 -15.2 18.0966
    endloop
  endfacet
  facet normal -0.450333 0 -0.892861
    outer loop
      vertex 84.6049 -16 17.9601
      vertex 84.8337 -15.2 17.8447
      vertex 84.8337 -16 17.8447
    endloop
  endfacet
  facet normal -0.450333 0 -0.892861
    outer loop
      vertex 84.8337 -15.2 17.8447
      vertex 84.6049 -16 17.9601
      vertex 84.6049 -15.2 17.9601
    endloop
  endfacet
  facet normal -0.359285 0 -0.933228
    outer loop
      vertex 84.8337 -16 17.8447
      vertex 85.0789 -15.2 17.7503
      vertex 85.0789 -16 17.7503
    endloop
  endfacet
  facet normal -0.359285 0 -0.933228
    outer loop
      vertex 85.0789 -15.2 17.7503
      vertex 84.8337 -16 17.8447
      vertex 84.8337 -15.2 17.8447
    endloop
  endfacet
  facet normal -0.270394 0 -0.96275
    outer loop
      vertex 85.0789 -16 17.7503
      vertex 85.3406 -15.2 17.6768
      vertex 85.3406 -16 17.6768
    endloop
  endfacet
  facet normal -0.270394 0 -0.96275
    outer loop
      vertex 85.3406 -15.2 17.6768
      vertex 85.0789 -16 17.7503
      vertex 85.0789 -15.2 17.7503
    endloop
  endfacet
  facet normal -0.185228 0 -0.982696
    outer loop
      vertex 85.3406 -16 17.6768
      vertex 85.6186 -15.2 17.6244
      vertex 85.6186 -16 17.6244
    endloop
  endfacet
  facet normal -0.185228 0 -0.982696
    outer loop
      vertex 85.6186 -15.2 17.6244
      vertex 85.3406 -16 17.6768
      vertex 85.3406 -15.2 17.6768
    endloop
  endfacet
  facet normal -0.106354 0 -0.994328
    outer loop
      vertex 85.6186 -16 17.6244
      vertex 85.9131 -15.2 17.5929
      vertex 85.9131 -16 17.5929
    endloop
  endfacet
  facet normal -0.106354 0 -0.994328
    outer loop
      vertex 85.9131 -15.2 17.5929
      vertex 85.6186 -16 17.6244
      vertex 85.6186 -15.2 17.6244
    endloop
  endfacet
  facet normal -0.0337537 0 -0.99943
    outer loop
      vertex 85.9131 -16 17.5929
      vertex 86.224 -15.2 17.5824
      vertex 86.224 -16 17.5824
    endloop
  endfacet
  facet normal -0.0337537 0 -0.99943
    outer loop
      vertex 86.224 -15.2 17.5824
      vertex 85.9131 -16 17.5929
      vertex 85.9131 -15.2 17.5929
    endloop
  endfacet
  facet normal 0.048015 0 -0.998847
    outer loop
      vertex 86.224 -16 17.5824
      vertex 86.6671 -15.2 17.6037
      vertex 86.6671 -16 17.6037
    endloop
  endfacet
  facet normal 0.048015 0 -0.998847
    outer loop
      vertex 86.6671 -15.2 17.6037
      vertex 86.224 -16 17.5824
      vertex 86.224 -15.2 17.5824
    endloop
  endfacet
  facet normal 0.998847 0 -0.0480154
    outer loop
      vertex 85.0016 -16 21.7582
      vertex 84.994 -15.2 21.6001
      vertex 85.0016 -15.2 21.7582
    endloop
  endfacet
  facet normal 0.998847 0 -0.0480154
    outer loop
      vertex 84.994 -15.2 21.6001
      vertex 85.0016 -16 21.7582
      vertex 84.994 -16 21.6001
    endloop
  endfacet
  facet normal 0.995109 0 -0.0987817
    outer loop
      vertex 85.0165 -16 21.9083
      vertex 85.0016 -15.2 21.7582
      vertex 85.0165 -15.2 21.9083
    endloop
  endfacet
  facet normal 0.995109 0 -0.0987817
    outer loop
      vertex 85.0016 -15.2 21.7582
      vertex 85.0165 -16 21.9083
      vertex 85.0016 -16 21.7582
    endloop
  endfacet
  facet normal 0.987909 0 -0.155034
    outer loop
      vertex 85.0388 -16 22.0504
      vertex 85.0165 -15.2 21.9083
      vertex 85.0388 -15.2 22.0504
    endloop
  endfacet
  facet normal 0.987909 0 -0.155034
    outer loop
      vertex 85.0165 -15.2 21.9083
      vertex 85.0388 -16 22.0504
      vertex 85.0165 -16 21.9083
    endloop
  endfacet
  facet normal 0.976494 0 -0.215542
    outer loop
      vertex 85.0684 -16 22.1845
      vertex 85.0388 -15.2 22.0504
      vertex 85.0684 -15.2 22.1845
    endloop
  endfacet
  facet normal 0.976494 0 -0.215542
    outer loop
      vertex 85.0388 -15.2 22.0504
      vertex 85.0684 -16 22.1845
      vertex 85.0388 -16 22.0504
    endloop
  endfacet
  facet normal 0.959547 0 -0.281548
    outer loop
      vertex 85.1054 -16 22.3106
      vertex 85.0684 -15.2 22.1845
      vertex 85.1054 -15.2 22.3106
    endloop
  endfacet
  facet normal 0.959547 0 -0.281548
    outer loop
      vertex 85.0684 -15.2 22.1845
      vertex 85.1054 -16 22.3106
      vertex 85.0684 -16 22.1845
    endloop
  endfacet
  facet normal 0.936394 0 -0.35095
    outer loop
      vertex 85.1497 -16 22.4288
      vertex 85.1054 -15.2 22.3106
      vertex 85.1497 -15.2 22.4288
    endloop
  endfacet
  facet normal 0.936394 0 -0.35095
    outer loop
      vertex 85.1054 -15.2 22.3106
      vertex 85.1497 -16 22.4288
      vertex 85.1054 -16 22.3106
    endloop
  endfacet
  facet normal 0.905489 0 -0.424371
    outer loop
      vertex 85.2013 -16 22.5389
      vertex 85.1497 -15.2 22.4288
      vertex 85.2013 -15.2 22.5389
    endloop
  endfacet
  facet normal 0.905489 0 -0.424371
    outer loop
      vertex 85.1497 -15.2 22.4288
      vertex 85.2013 -16 22.5389
      vertex 85.1497 -16 22.4288
    endloop
  endfacet
  facet normal 0.866411 0 -0.499331
    outer loop
      vertex 85.2602 -16 22.6411
      vertex 85.2013 -15.2 22.5389
      vertex 85.2602 -15.2 22.6411
    endloop
  endfacet
  facet normal 0.866411 0 -0.499331
    outer loop
      vertex 85.2013 -15.2 22.5389
      vertex 85.2602 -16 22.6411
      vertex 85.2013 -16 22.5389
    endloop
  endfacet
  facet normal 0.817761 0 -0.575558
    outer loop
      vertex 85.3265 -16 22.7353
      vertex 85.2602 -15.2 22.6411
      vertex 85.3265 -15.2 22.7353
    endloop
  endfacet
  facet normal 0.817761 0 -0.575558
    outer loop
      vertex 85.2602 -15.2 22.6411
      vertex 85.3265 -16 22.7353
      vertex 85.2602 -16 22.6411
    endloop
  endfacet
  facet normal 0.758062 0 -0.652182
    outer loop
      vertex 85.3998 -16 22.8205
      vertex 85.3265 -15.2 22.7353
      vertex 85.3998 -15.2 22.8205
    endloop
  endfacet
  facet normal 0.758062 0 -0.652182
    outer loop
      vertex 85.3265 -15.2 22.7353
      vertex 85.3998 -16 22.8205
      vertex 85.3265 -16 22.7353
    endloop
  endfacet
  facet normal 0.685365 0 -0.7282
    outer loop
      vertex 85.3998 -16 22.8205
      vertex 85.4797 -15.2 22.8957
      vertex 85.4797 -16 22.8957
    endloop
  endfacet
  facet normal 0.685365 0 -0.7282
    outer loop
      vertex 85.4797 -15.2 22.8957
      vertex 85.3998 -16 22.8205
      vertex 85.3998 -15.2 22.8205
    endloop
  endfacet
  facet normal 0.601329 0 -0.799001
    outer loop
      vertex 85.4797 -16 22.8957
      vertex 85.5662 -15.2 22.9608
      vertex 85.5662 -16 22.9608
    endloop
  endfacet
  facet normal 0.601329 0 -0.799001
    outer loop
      vertex 85.5662 -15.2 22.9608
      vertex 85.4797 -16 22.8957
      vertex 85.4797 -15.2 22.8957
    endloop
  endfacet
  facet normal 0.510005 0 -0.860171
    outer loop
      vertex 85.5662 -16 22.9608
      vertex 85.6593 -15.2 23.016
      vertex 85.6593 -16 23.016
    endloop
  endfacet
  facet normal 0.510005 0 -0.860171
    outer loop
      vertex 85.6593 -15.2 23.016
      vertex 85.5662 -16 22.9608
      vertex 85.5662 -15.2 22.9608
    endloop
  endfacet
  facet normal 0.41215 0 -0.911116
    outer loop
      vertex 85.6593 -16 23.016
      vertex 85.759 -15.2 23.0611
      vertex 85.759 -16 23.0611
    endloop
  endfacet
  facet normal 0.41215 0 -0.911116
    outer loop
      vertex 85.759 -15.2 23.0611
      vertex 85.6593 -16 23.016
      vertex 85.6593 -15.2 23.016
    endloop
  endfacet
  facet normal 0.313547 0 -0.949573
    outer loop
      vertex 85.759 -16 23.0611
      vertex 85.8653 -15.2 23.0962
      vertex 85.8653 -16 23.0962
    endloop
  endfacet
  facet normal 0.313547 0 -0.949573
    outer loop
      vertex 85.8653 -15.2 23.0962
      vertex 85.759 -16 23.0611
      vertex 85.759 -15.2 23.0611
    endloop
  endfacet
  facet normal 0.216015 0 -0.97639
    outer loop
      vertex 85.8653 -16 23.0962
      vertex 85.9783 -15.2 23.1212
      vertex 85.9783 -16 23.1212
    endloop
  endfacet
  facet normal 0.216015 0 -0.97639
    outer loop
      vertex 85.9783 -15.2 23.1212
      vertex 85.8653 -16 23.0962
      vertex 85.8653 -15.2 23.0962
    endloop
  endfacet
  facet normal 0.125363 0 -0.992111
    outer loop
      vertex 85.9783 -16 23.1212
      vertex 86.0978 -15.2 23.1363
      vertex 86.0978 -16 23.1363
    endloop
  endfacet
  facet normal 0.125363 0 -0.992111
    outer loop
      vertex 86.0978 -15.2 23.1363
      vertex 85.9783 -16 23.1212
      vertex 85.9783 -15.2 23.1212
    endloop
  endfacet
  facet normal 0.0395886 0 -0.999216
    outer loop
      vertex 86.0978 -16 23.1363
      vertex 86.224 -15.2 23.1413
      vertex 86.224 -16 23.1413
    endloop
  endfacet
  facet normal 0.0395886 0 -0.999216
    outer loop
      vertex 86.224 -15.2 23.1413
      vertex 86.0978 -16 23.1363
      vertex 86.0978 -15.2 23.1363
    endloop
  endfacet
  facet normal -0.0403711 0 -0.999185
    outer loop
      vertex 86.224 -16 23.1413
      vertex 86.3428 -15.2 23.1365
      vertex 86.3428 -16 23.1365
    endloop
  endfacet
  facet normal -0.0403711 0 -0.999185
    outer loop
      vertex 86.3428 -15.2 23.1365
      vertex 86.224 -16 23.1413
      vertex 86.224 -15.2 23.1413
    endloop
  endfacet
  facet normal -0.125111 0 -0.992143
    outer loop
      vertex 86.3428 -16 23.1365
      vertex 86.4562 -15.2 23.1222
      vertex 86.4562 -16 23.1222
    endloop
  endfacet
  facet normal -0.125111 0 -0.992143
    outer loop
      vertex 86.4562 -15.2 23.1222
      vertex 86.3428 -16 23.1365
      vertex 86.3428 -15.2 23.1365
    endloop
  endfacet
  facet normal -0.214724 0 -0.976675
    outer loop
      vertex 86.4562 -16 23.1222
      vertex 86.564 -15.2 23.0985
      vertex 86.564 -16 23.0985
    endloop
  endfacet
  facet normal -0.214724 0 -0.976675
    outer loop
      vertex 86.564 -15.2 23.0985
      vertex 86.4562 -16 23.1222
      vertex 86.4562 -15.2 23.1222
    endloop
  endfacet
  facet normal -0.309527 0 -0.950891
    outer loop
      vertex 86.564 -16 23.0985
      vertex 86.6663 -15.2 23.0652
      vertex 86.6663 -16 23.0652
    endloop
  endfacet
  facet normal -0.309527 0 -0.950891
    outer loop
      vertex 86.6663 -15.2 23.0652
      vertex 86.564 -16 23.0985
      vertex 86.564 -15.2 23.0985
    endloop
  endfacet
  facet normal -0.405174 0 -0.914239
    outer loop
      vertex 86.6663 -16 23.0652
      vertex 86.7631 -15.2 23.0223
      vertex 86.7631 -16 23.0223
    endloop
  endfacet
  facet normal -0.405174 0 -0.914239
    outer loop
      vertex 86.7631 -15.2 23.0223
      vertex 86.6663 -16 23.0652
      vertex 86.6663 -15.2 23.0652
    endloop
  endfacet
  facet normal -0.49747 0 -0.867481
    outer loop
      vertex 86.7631 -16 23.0223
      vertex 86.8543 -15.2 22.97
      vertex 86.8543 -16 22.97
    endloop
  endfacet
  facet normal -0.49747 0 -0.867481
    outer loop
      vertex 86.8543 -15.2 22.97
      vertex 86.7631 -16 23.0223
      vertex 86.7631 -15.2 23.0223
    endloop
  endfacet
  facet normal -0.584454 0 -0.811427
    outer loop
      vertex 86.8543 -16 22.97
      vertex 86.9401 -15.2 22.9082
      vertex 86.9401 -16 22.9082
    endloop
  endfacet
  facet normal -0.584454 0 -0.811427
    outer loop
      vertex 86.9401 -15.2 22.9082
      vertex 86.8543 -16 22.97
      vertex 86.8543 -15.2 22.97
    endloop
  endfacet
  facet normal -0.664942 0 -0.746895
    outer loop
      vertex 86.9401 -16 22.9082
      vertex 87.0203 -15.2 22.8368
      vertex 87.0203 -16 22.8368
    endloop
  endfacet
  facet normal -0.664942 0 -0.746895
    outer loop
      vertex 87.0203 -15.2 22.8368
      vertex 86.9401 -16 22.9082
      vertex 86.9401 -15.2 22.9082
    endloop
  endfacet
  facet normal -0.735152 0 -0.677903
    outer loop
      vertex 87.0949 -16 22.7559
      vertex 87.0203 -15.2 22.8368
      vertex 87.0949 -15.2 22.7559
    endloop
  endfacet
  facet normal -0.735152 -0 -0.677903
    outer loop
      vertex 87.0203 -15.2 22.8368
      vertex 87.0949 -16 22.7559
      vertex 87.0203 -16 22.8368
    endloop
  endfacet
  facet normal -0.796281 0 -0.604927
    outer loop
      vertex 87.1635 -16 22.6656
      vertex 87.0949 -15.2 22.7559
      vertex 87.1635 -15.2 22.6656
    endloop
  endfacet
  facet normal -0.796281 -0 -0.604927
    outer loop
      vertex 87.0949 -15.2 22.7559
      vertex 87.1635 -16 22.6656
      vertex 87.0949 -16 22.7559
    endloop
  endfacet
  facet normal -0.850809 0 -0.525475
    outer loop
      vertex 87.2252 -16 22.5657
      vertex 87.1635 -15.2 22.6656
      vertex 87.2252 -15.2 22.5657
    endloop
  endfacet
  facet normal -0.850809 -0 -0.525475
    outer loop
      vertex 87.1635 -15.2 22.6656
      vertex 87.2252 -16 22.5657
      vertex 87.1635 -16 22.6656
    endloop
  endfacet
  facet normal -0.8941 0 -0.447867
    outer loop
      vertex 87.28 -16 22.4563
      vertex 87.2252 -15.2 22.5657
      vertex 87.28 -15.2 22.4563
    endloop
  endfacet
  facet normal -0.8941 -0 -0.447867
    outer loop
      vertex 87.2252 -15.2 22.5657
      vertex 87.28 -16 22.4563
      vertex 87.2252 -16 22.5657
    endloop
  endfacet
  facet normal -0.927398 0 -0.374076
    outer loop
      vertex 87.328 -16 22.3373
      vertex 87.28 -15.2 22.4563
      vertex 87.328 -15.2 22.3373
    endloop
  endfacet
  facet normal -0.927398 -0 -0.374076
    outer loop
      vertex 87.28 -15.2 22.4563
      vertex 87.328 -16 22.3373
      vertex 87.28 -16 22.4563
    endloop
  endfacet
  facet normal -0.952183 0 -0.305529
    outer loop
      vertex 87.3692 -16 22.2089
      vertex 87.328 -15.2 22.3373
      vertex 87.3692 -15.2 22.2089
    endloop
  endfacet
  facet normal -0.952183 -0 -0.305529
    outer loop
      vertex 87.328 -15.2 22.3373
      vertex 87.3692 -16 22.2089
      vertex 87.328 -16 22.3373
    endloop
  endfacet
  facet normal -0.970267 0 -0.242039
    outer loop
      vertex 87.4036 -16 22.071
      vertex 87.3692 -15.2 22.2089
      vertex 87.4036 -15.2 22.071
    endloop
  endfacet
  facet normal -0.970267 -0 -0.242039
    outer loop
      vertex 87.3692 -15.2 22.2089
      vertex 87.4036 -16 22.071
      vertex 87.3692 -16 22.2089
    endloop
  endfacet
  facet normal -0.98294 0 -0.183926
    outer loop
      vertex 87.4312 -16 21.9235
      vertex 87.4036 -15.2 22.071
      vertex 87.4312 -15.2 21.9235
    endloop
  endfacet
  facet normal -0.98294 -0 -0.183926
    outer loop
      vertex 87.4036 -15.2 22.071
      vertex 87.4312 -16 21.9235
      vertex 87.4036 -16 22.071
    endloop
  endfacet
  facet normal -0.99142 0 -0.130716
    outer loop
      vertex 87.4519 -16 21.7665
      vertex 87.4312 -15.2 21.9235
      vertex 87.4519 -15.2 21.7665
    endloop
  endfacet
  facet normal -0.99142 -0 -0.130716
    outer loop
      vertex 87.4312 -15.2 21.9235
      vertex 87.4519 -16 21.7665
      vertex 87.4312 -16 21.9235
    endloop
  endfacet
  facet normal -0.996529 0 -0.0832437
    outer loop
      vertex 87.4658 -16 21.6001
      vertex 87.4519 -15.2 21.7665
      vertex 87.4658 -15.2 21.6001
    endloop
  endfacet
  facet normal -0.996529 -0 -0.0832437
    outer loop
      vertex 87.4519 -15.2 21.7665
      vertex 87.4658 -16 21.6001
      vertex 87.4519 -16 21.7665
    endloop
  endfacet
  facet normal -0 0 1
    outer loop
      vertex 84.994 -15.2 21.6001
      vertex 87.4658 -16 21.6001
      vertex 87.4658 -15.2 21.6001
    endloop
  endfacet
  facet normal 0 0 1
    outer loop
      vertex 87.4658 -16 21.6001
      vertex 84.994 -15.2 21.6001
      vertex 84.994 -16 21.6001
    endloop
  endfacet
  facet normal -0 0 1
    outer loop
      vertex 94.2416 -15.2 24.0648
      vertex 95.9718 -16 24.0648
      vertex 95.9718 -15.2 24.0648
    endloop
  endfacet
  facet normal 0 0 1
    outer loop
      vertex 95.9718 -16 24.0648
      vertex 94.2416 -15.2 24.0648
      vertex 94.2416 -16 24.0648
    endloop
  endfacet
  facet normal -0.950436 0 0.31092
    outer loop
      vertex 93.9936 -16 23.3067
      vertex 94.2416 -15.2 24.0648
      vertex 93.9936 -15.2 23.3067
    endloop
  endfacet
  facet normal -0.950436 0 0.31092
    outer loop
      vertex 94.2416 -15.2 24.0648
      vertex 93.9936 -16 23.3067
      vertex 94.2416 -16 24.0648
    endloop
  endfacet
  facet normal -0.950568 0 0.310517
    outer loop
      vertex 93.7699 -16 22.6219
      vertex 93.9936 -15.2 23.3067
      vertex 93.7699 -15.2 22.6219
    endloop
  endfacet
  facet normal -0.950568 0 0.310517
    outer loop
      vertex 93.9936 -15.2 23.3067
      vertex 93.7699 -16 22.6219
      vertex 93.9936 -16 23.3067
    endloop
  endfacet
  facet normal -0.950808 0 0.309782
    outer loop
      vertex 93.5707 -16 22.0105
      vertex 93.7699 -15.2 22.6219
      vertex 93.5707 -15.2 22.0105
    endloop
  endfacet
  facet normal -0.950808 0 0.309782
    outer loop
      vertex 93.7699 -15.2 22.6219
      vertex 93.5707 -16 22.0105
      vertex 93.7699 -16 22.6219
    endloop
  endfacet
  facet normal -0.951077 0 0.308954
    outer loop
      vertex 93.3959 -16 21.4724
      vertex 93.5707 -15.2 22.0105
      vertex 93.3959 -15.2 21.4724
    endloop
  endfacet
  facet normal -0.951077 0 0.308954
    outer loop
      vertex 93.5707 -15.2 22.0105
      vertex 93.3959 -16 21.4724
      vertex 93.5707 -16 22.0105
    endloop
  endfacet
  facet normal -0.951411 0 0.307924
    outer loop
      vertex 93.2455 -16 21.0077
      vertex 93.3959 -15.2 21.4724
      vertex 93.2455 -15.2 21.0077
    endloop
  endfacet
  facet normal -0.951411 0 0.307924
    outer loop
      vertex 93.3959 -15.2 21.4724
      vertex 93.2455 -16 21.0077
      vertex 93.3959 -16 21.4724
    endloop
  endfacet
  facet normal -0.951892 0 0.306434
    outer loop
      vertex 93.1195 -16 20.6163
      vertex 93.2455 -15.2 21.0077
      vertex 93.1195 -15.2 20.6163
    endloop
  endfacet
  facet normal -0.951892 0 0.306434
    outer loop
      vertex 93.2455 -15.2 21.0077
      vertex 93.1195 -16 20.6163
      vertex 93.2455 -16 21.0077
    endloop
  endfacet
  facet normal -0.952563 0 0.304341
    outer loop
      vertex 93.0179 -16 20.2983
      vertex 93.1195 -15.2 20.6163
      vertex 93.0179 -15.2 20.2983
    endloop
  endfacet
  facet normal -0.952563 0 0.304341
    outer loop
      vertex 93.1195 -15.2 20.6163
      vertex 93.0179 -16 20.2983
      vertex 93.1195 -16 20.6163
    endloop
  endfacet
  facet normal -0.953777 0 0.300516
    outer loop
      vertex 92.9408 -16 20.0536
      vertex 93.0179 -15.2 20.2983
      vertex 92.9408 -15.2 20.0536
    endloop
  endfacet
  facet normal -0.953777 0 0.300516
    outer loop
      vertex 93.0179 -15.2 20.2983
      vertex 92.9408 -16 20.0536
      vertex 93.0179 -16 20.2983
    endloop
  endfacet
  facet normal -0.955634 0 0.294556
    outer loop
      vertex 92.888 -16 19.8823
      vertex 92.9408 -15.2 20.0536
      vertex 92.888 -15.2 19.8823
    endloop
  endfacet
  facet normal -0.955634 0 0.294556
    outer loop
      vertex 92.9408 -15.2 20.0536
      vertex 92.888 -16 19.8823
      vertex 92.9408 -16 20.0536
    endloop
  endfacet
  facet normal -0.957887 0 0.287145
    outer loop
      vertex 92.849 -16 19.7522
      vertex 92.888 -15.2 19.8823
      vertex 92.849 -15.2 19.7522
    endloop
  endfacet
  facet normal -0.957887 0 0.287145
    outer loop
      vertex 92.888 -15.2 19.8823
      vertex 92.849 -16 19.7522
      vertex 92.888 -16 19.8823
    endloop
  endfacet
  facet normal -0.958542 0 0.284951
    outer loop
      vertex 92.813 -16 19.6311
      vertex 92.849 -15.2 19.7522
      vertex 92.813 -15.2 19.6311
    endloop
  endfacet
  facet normal -0.958542 0 0.284951
    outer loop
      vertex 92.849 -15.2 19.7522
      vertex 92.813 -16 19.6311
      vertex 92.849 -16 19.7522
    endloop
  endfacet
  facet normal -0.959529 0 0.28161
    outer loop
      vertex 92.7801 -16 19.519
      vertex 92.813 -15.2 19.6311
      vertex 92.7801 -15.2 19.519
    endloop
  endfacet
  facet normal -0.959529 0 0.28161
    outer loop
      vertex 92.813 -15.2 19.6311
      vertex 92.7801 -16 19.519
      vertex 92.813 -16 19.6311
    endloop
  endfacet
  facet normal -0.960747 0 0.277425
    outer loop
      vertex 92.7503 -16 19.4158
      vertex 92.7801 -15.2 19.519
      vertex 92.7503 -15.2 19.4158
    endloop
  endfacet
  facet normal -0.960747 0 0.277425
    outer loop
      vertex 92.7801 -15.2 19.519
      vertex 92.7503 -16 19.4158
      vertex 92.7801 -16 19.519
    endloop
  endfacet
  facet normal -0.961755 0 0.273911
    outer loop
      vertex 92.7235 -16 19.3217
      vertex 92.7503 -15.2 19.4158
      vertex 92.7235 -15.2 19.3217
    endloop
  endfacet
  facet normal -0.961755 0 0.273911
    outer loop
      vertex 92.7503 -15.2 19.4158
      vertex 92.7235 -16 19.3217
      vertex 92.7503 -16 19.4158
    endloop
  endfacet
  facet normal -0.963046 0 0.269336
    outer loop
      vertex 92.6997 -16 19.2366
      vertex 92.7235 -15.2 19.3217
      vertex 92.6997 -15.2 19.2366
    endloop
  endfacet
  facet normal -0.963046 0 0.269336
    outer loop
      vertex 92.7235 -15.2 19.3217
      vertex 92.6997 -16 19.2366
      vertex 92.7235 -16 19.3217
    endloop
  endfacet
  facet normal -0.964939 0 0.262474
    outer loop
      vertex 92.679 -16 19.1605
      vertex 92.6997 -15.2 19.2366
      vertex 92.679 -15.2 19.1605
    endloop
  endfacet
  facet normal -0.964939 0 0.262474
    outer loop
      vertex 92.6997 -15.2 19.2366
      vertex 92.679 -16 19.1605
      vertex 92.6997 -16 19.2366
    endloop
  endfacet
  facet normal -0.96728 0 0.253713
    outer loop
      vertex 92.6614 -16 19.0934
      vertex 92.679 -15.2 19.1605
      vertex 92.6614 -15.2 19.0934
    endloop
  endfacet
  facet normal -0.96728 0 0.253713
    outer loop
      vertex 92.679 -15.2 19.1605
      vertex 92.6614 -16 19.0934
      vertex 92.679 -16 19.1605
    endloop
  endfacet
  facet normal -0.969847 0 0.243714
    outer loop
      vertex 92.6468 -16 19.0353
      vertex 92.6614 -15.2 19.0934
      vertex 92.6468 -15.2 19.0353
    endloop
  endfacet
  facet normal -0.969847 0 0.243714
    outer loop
      vertex 92.6614 -15.2 19.0934
      vertex 92.6468 -16 19.0353
      vertex 92.6614 -16 19.0934
    endloop
  endfacet
  facet normal 0.962804 -0 0.2702
    outer loop
      vertex 92.5765 -16 19.2858
      vertex 92.6468 -15.2 19.0353
      vertex 92.5765 -15.2 19.2858
    endloop
  endfacet
  facet normal 0.962804 0 0.2702
    outer loop
      vertex 92.6468 -15.2 19.0353
      vertex 92.5765 -16 19.2858
      vertex 92.6468 -16 19.0353
    endloop
  endfacet
  facet normal 0.962706 -0 0.270551
    outer loop
      vertex 92.5122 -16 19.5146
      vertex 92.5765 -15.2 19.2858
      vertex 92.5122 -15.2 19.5146
    endloop
  endfacet
  facet normal 0.962706 0 0.270551
    outer loop
      vertex 92.5765 -15.2 19.2858
      vertex 92.5122 -16 19.5146
      vertex 92.5765 -16 19.2858
    endloop
  endfacet
  facet normal 0.962552 -0 0.271096
    outer loop
      vertex 92.4539 -16 19.7216
      vertex 92.5122 -15.2 19.5146
      vertex 92.4539 -15.2 19.7216
    endloop
  endfacet
  facet normal 0.962552 0 0.271096
    outer loop
      vertex 92.5122 -15.2 19.5146
      vertex 92.4539 -16 19.7216
      vertex 92.5122 -16 19.5146
    endloop
  endfacet
  facet normal 0.962227 -0 0.27225
    outer loop
      vertex 92.4015 -16 19.9068
      vertex 92.4539 -15.2 19.7216
      vertex 92.4015 -15.2 19.9068
    endloop
  endfacet
  facet normal 0.962227 0 0.27225
    outer loop
      vertex 92.4539 -15.2 19.7216
      vertex 92.4015 -16 19.9068
      vertex 92.4539 -16 19.7216
    endloop
  endfacet
  facet normal 0.961967 -0 0.273166
    outer loop
      vertex 92.3551 -16 20.0702
      vertex 92.4015 -15.2 19.9068
      vertex 92.3551 -15.2 20.0702
    endloop
  endfacet
  facet normal 0.961967 0 0.273166
    outer loop
      vertex 92.4015 -15.2 19.9068
      vertex 92.3551 -16 20.0702
      vertex 92.4015 -16 19.9068
    endloop
  endfacet
  facet normal 0.961447 -0 0.27499
    outer loop
      vertex 92.3146 -16 20.2118
      vertex 92.3551 -15.2 20.0702
      vertex 92.3146 -15.2 20.2118
    endloop
  endfacet
  facet normal 0.961447 0 0.27499
    outer loop
      vertex 92.3551 -15.2 20.0702
      vertex 92.3146 -16 20.2118
      vertex 92.3551 -16 20.0702
    endloop
  endfacet
  facet normal 0.960947 -0 0.276733
    outer loop
      vertex 92.2801 -16 20.3316
      vertex 92.3146 -15.2 20.2118
      vertex 92.2801 -15.2 20.3316
    endloop
  endfacet
  facet normal 0.960947 0 0.276733
    outer loop
      vertex 92.3146 -15.2 20.2118
      vertex 92.2801 -16 20.3316
      vertex 92.3146 -16 20.2118
    endloop
  endfacet
  facet normal 0.960033 -0 0.279887
    outer loop
      vertex 92.2515 -16 20.4297
      vertex 92.2801 -15.2 20.3316
      vertex 92.2515 -15.2 20.4297
    endloop
  endfacet
  facet normal 0.960033 0 0.279887
    outer loop
      vertex 92.2801 -15.2 20.3316
      vertex 92.2515 -16 20.4297
      vertex 92.2801 -16 20.3316
    endloop
  endfacet
  facet normal 0.958722 -0 0.284345
    outer loop
      vertex 92.2289 -16 20.5059
      vertex 92.2515 -15.2 20.4297
      vertex 92.2289 -15.2 20.5059
    endloop
  endfacet
  facet normal 0.958722 0 0.284345
    outer loop
      vertex 92.2515 -15.2 20.4297
      vertex 92.2289 -16 20.5059
      vertex 92.2515 -16 20.4297
    endloop
  endfacet
  facet normal 0.954477 -0 0.298286
    outer loop
      vertex 91.1167 -16 24.0648
      vertex 92.2289 -15.2 20.5059
      vertex 91.1167 -15.2 24.0648
    endloop
  endfacet
  facet normal 0.954477 0 0.298286
    outer loop
      vertex 92.2289 -15.2 20.5059
      vertex 91.1167 -16 24.0648
      vertex 92.2289 -16 20.5059
    endloop
  endfacet
  facet normal -0 0 1
    outer loop
      vertex 89.3688 -15.2 24.0648
      vertex 91.1167 -16 24.0648
      vertex 91.1167 -15.2 24.0648
    endloop
  endfacet
  facet normal 0 0 1
    outer loop
      vertex 91.1167 -16 24.0648
      vertex 89.3688 -15.2 24.0648
      vertex 89.3688 -16 24.0648
    endloop
  endfacet
  facet normal -0.941538 0 -0.336908
    outer loop
      vertex 91.6463 -16 17.7
      vertex 89.3688 -15.2 24.0648
      vertex 91.6463 -15.2 17.7
    endloop
  endfacet
  facet normal -0.941538 -0 -0.336908
    outer loop
      vertex 89.3688 -15.2 24.0648
      vertex 91.6463 -16 17.7
      vertex 89.3688 -16 24.0648
    endloop
  endfacet
  facet normal 0 0 -1
    outer loop
      vertex 91.6463 -16 17.7
      vertex 93.6237 -15.2 17.7
      vertex 93.6237 -16 17.7
    endloop
  endfacet
  facet normal -0 0 -1
    outer loop
      vertex 93.6237 -15.2 17.7
      vertex 91.6463 -16 17.7
      vertex 91.6463 -15.2 17.7
    endloop
  endfacet
  facet normal 0.938191 0 -0.346117
    outer loop
      vertex 95.9718 -16 24.0648
      vertex 93.6237 -15.2 17.7
      vertex 95.9718 -15.2 24.0648
    endloop
  endfacet
  facet normal 0.938191 0 -0.346117
    outer loop
      vertex 93.6237 -15.2 17.7
      vertex 95.9718 -16 24.0648
      vertex 93.6237 -16 17.7
    endloop
  endfacet
  facet normal 0 0 -1
    outer loop
      vertex 91.7882 -9.76353 35.2
      vertex 92.9176 -9.77525 35.2
      vertex 92.907 -10.0888 35.2
    endloop
  endfacet
  facet normal 0 0 -1
    outer loop
      vertex 92.9176 -9.77525 35.2
      vertex 91.7882 -9.76353 35.2
      vertex 92.9142 -9.60583 35.2
    endloop
  endfacet
  facet normal 0 0 -1
    outer loop
      vertex 91.7845 -9.6608 35.2
      vertex 92.9142 -9.60583 35.2
      vertex 91.7882 -9.76353 35.2
    endloop
  endfacet
  facet normal 0 0 -1
    outer loop
      vertex 91.761 -10.0365 35.2
      vertex 92.907 -10.0888 35.2
      vertex 92.8751 -10.3861 35.2
    endloop
  endfacet
  facet normal -0 0 -1
    outer loop
      vertex 92.9142 -9.60583 35.2
      vertex 91.7845 -9.6608 35.2
      vertex 92.9038 -9.44019 35.2
    endloop
  endfacet
  facet normal 0 0 -1
    outer loop
      vertex 91.7735 -9.56184 35.2
      vertex 92.9038 -9.44019 35.2
      vertex 91.7845 -9.6608 35.2
    endloop
  endfacet
  facet normal 0 0 -1
    outer loop
      vertex 91.6796 -10.2773 35.2
      vertex 92.8751 -10.3861 35.2
      vertex 92.8219 -10.6672 35.2
    endloop
  endfacet
  facet normal -0 0 -1
    outer loop
      vertex 92.9038 -9.44019 35.2
      vertex 91.7735 -9.56184 35.2
      vertex 92.8866 -9.27831 35.2
    endloop
  endfacet
  facet normal 0 0 -1
    outer loop
      vertex 91.7552 -9.46667 35.2
      vertex 92.8866 -9.27831 35.2
      vertex 91.7735 -9.56184 35.2
    endloop
  endfacet
  facet normal 0 0 -1
    outer loop
      vertex 91.6796 -10.2773 35.2
      vertex 92.8219 -10.6672 35.2
      vertex 92.7474 -10.9319 35.2
    endloop
  endfacet
  facet normal -0 0 -1
    outer loop
      vertex 92.8866 -9.27831 35.2
      vertex 91.7552 -9.46667 35.2
      vertex 92.8624 -9.12023 35.2
    endloop
  endfacet
  facet normal 0 0 -1
    outer loop
      vertex 91.5438 -10.4861 35.2
      vertex 92.7474 -10.9319 35.2
      vertex 92.6517 -11.1804 35.2
    endloop
  endfacet
  facet normal 0 0 -1
    outer loop
      vertex 91.7295 -9.37527 35.2
      vertex 92.8624 -9.12023 35.2
      vertex 91.7552 -9.46667 35.2
    endloop
  endfacet
  facet normal -0 0 -1
    outer loop
      vertex 92.8624 -9.12023 35.2
      vertex 91.7295 -9.37527 35.2
      vertex 92.8314 -8.96592 35.2
    endloop
  endfacet
  facet normal 0 0 -1
    outer loop
      vertex 91.5438 -10.4861 35.2
      vertex 92.6517 -11.1804 35.2
      vertex 92.5346 -11.4126 35.2
    endloop
  endfacet
  facet normal 0 0 -1
    outer loop
      vertex 91.6965 -9.28765 35.2
      vertex 92.8314 -8.96592 35.2
      vertex 91.7295 -9.37527 35.2
    endloop
  endfacet
  facet normal -0 0 -1
    outer loop
      vertex 92.8314 -8.96592 35.2
      vertex 91.6965 -9.28765 35.2
      vertex 92.7934 -8.81538 35.2
    endloop
  endfacet
  facet normal 0 0 -1
    outer loop
      vertex 91.3536 -10.6627 35.2
      vertex 92.5346 -11.4126 35.2
      vertex 92.3963 -11.6286 35.2
    endloop
  endfacet
  facet normal 0 0 -1
    outer loop
      vertex 91.6562 -9.2038 35.2
      vertex 92.7934 -8.81538 35.2
      vertex 91.6965 -9.28765 35.2
    endloop
  endfacet
  facet normal -0 0 -1
    outer loop
      vertex 92.7934 -8.81538 35.2
      vertex 91.6562 -9.2038 35.2
      vertex 92.7486 -8.66863 35.2
    endloop
  endfacet
  facet normal 0 0 -1
    outer loop
      vertex 91.3536 -10.6627 35.2
      vertex 92.3963 -11.6286 35.2
      vertex 92.2368 -11.8282 35.2
    endloop
  endfacet
  facet normal 0 0 -1
    outer loop
      vertex 91.6085 -9.12374 35.2
      vertex 92.7486 -8.66863 35.2
      vertex 91.6562 -9.2038 35.2
    endloop
  endfacet
  facet normal -0 0 -1
    outer loop
      vertex 92.7486 -8.66863 35.2
      vertex 91.6085 -9.12374 35.2
      vertex 92.6969 -8.52565 35.2
    endloop
  endfacet
  facet normal 0 0 -1
    outer loop
      vertex 91.1092 -10.8072 35.2
      vertex 92.2368 -11.8282 35.2
      vertex 92.0559 -12.0116 35.2
    endloop
  endfacet
  facet normal 0 0 -1
    outer loop
      vertex 91.5535 -9.04744 35.2
      vertex 92.6969 -8.52565 35.2
      vertex 91.6085 -9.12374 35.2
    endloop
  endfacet
  facet normal 0 0 -1
    outer loop
      vertex 91.1092 -10.8072 35.2
      vertex 92.0559 -12.0116 35.2
      vertex 91.856 -12.1771 35.2
    endloop
  endfacet
  facet normal -0 0 -1
    outer loop
      vertex 92.6969 -8.52565 35.2
      vertex 91.5535 -9.04744 35.2
      vertex 92.6382 -8.38645 35.2
    endloop
  endfacet
  facet normal -0 0 -1
    outer loop
      vertex 92.6382 -8.38645 35.2
      vertex 91.5535 -9.04744 35.2
      vertex 92.5733 -8.25206 35.2
    endloop
  endfacet
  facet normal 0 0 -1
    outer loop
      vertex 92.907 -10.0888 35.2
      vertex 91.761 -10.0365 35.2
      vertex 91.7882 -9.76353 35.2
    endloop
  endfacet
  facet normal 0 0 -1
    outer loop
      vertex 92.8751 -10.3861 35.2
      vertex 91.6796 -10.2773 35.2
      vertex 91.761 -10.0365 35.2
    endloop
  endfacet
  facet normal 0 0 -1
    outer loop
      vertex 91.1092 -10.8072 35.2
      vertex 91.856 -12.1771 35.2
      vertex 91.6393 -12.3231 35.2
    endloop
  endfacet
  facet normal 0 0 -1
    outer loop
      vertex 92.7474 -10.9319 35.2
      vertex 91.5438 -10.4861 35.2
      vertex 91.6796 -10.2773 35.2
    endloop
  endfacet
  facet normal 0 0 -1
    outer loop
      vertex 90.8104 -10.9196 35.2
      vertex 91.6393 -12.3231 35.2
      vertex 91.4059 -12.4497 35.2
    endloop
  endfacet
  facet normal 0 0 -1
    outer loop
      vertex 92.5346 -11.4126 35.2
      vertex 91.3536 -10.6627 35.2
      vertex 91.5438 -10.4861 35.2
    endloop
  endfacet
  facet normal 0 0 -1
    outer loop
      vertex 90.8104 -10.9196 35.2
      vertex 91.4059 -12.4497 35.2
      vertex 91.1556 -12.5568 35.2
    endloop
  endfacet
  facet normal 0 0 -1
    outer loop
      vertex 92.2368 -11.8282 35.2
      vertex 91.1092 -10.8072 35.2
      vertex 91.3536 -10.6627 35.2
    endloop
  endfacet
  facet normal 0 0 -1
    outer loop
      vertex 90.4573 -10.9999 35.2
      vertex 91.1556 -12.5568 35.2
      vertex 90.8886 -12.6444 35.2
    endloop
  endfacet
  facet normal 0 0 -1
    outer loop
      vertex 91.6393 -12.3231 35.2
      vertex 90.8104 -10.9196 35.2
      vertex 91.1092 -10.8072 35.2
    endloop
  endfacet
  facet normal 0 0 -1
    outer loop
      vertex 90.4573 -10.9999 35.2
      vertex 90.8886 -12.6444 35.2
      vertex 90.6049 -12.7126 35.2
    endloop
  endfacet
  facet normal 0 0 -1
    outer loop
      vertex 91.1556 -12.5568 35.2
      vertex 90.4573 -10.9999 35.2
      vertex 90.8104 -10.9196 35.2
    endloop
  endfacet
  facet normal 0 0 -1
    outer loop
      vertex 90.0499 -11.048 35.2
      vertex 90.6049 -12.7126 35.2
      vertex 90.3043 -12.7613 35.2
    endloop
  endfacet
  facet normal 0 0 -1
    outer loop
      vertex 90.6049 -12.7126 35.2
      vertex 90.0499 -11.048 35.2
      vertex 90.4573 -10.9999 35.2
    endloop
  endfacet
  facet normal 0 0 -1
    outer loop
      vertex 89.987 -12.7905 35.2
      vertex 90.0499 -11.048 35.2
      vertex 90.3043 -12.7613 35.2
    endloop
  endfacet
  facet normal 0 0 -1
    outer loop
      vertex 89.5882 -11.0641 35.2
      vertex 89.987 -12.7905 35.2
      vertex 89.6529 -12.8002 35.2
    endloop
  endfacet
  facet normal 0 0 -1
    outer loop
      vertex 89.987 -12.7905 35.2
      vertex 89.5882 -11.0641 35.2
      vertex 90.0499 -11.048 35.2
    endloop
  endfacet
  facet normal 0 0 -1
    outer loop
      vertex 89.3112 -12.7904 35.2
      vertex 89.5882 -11.0641 35.2
      vertex 89.6529 -12.8002 35.2
    endloop
  endfacet
  facet normal 0 0 -1
    outer loop
      vertex 89.3112 -12.7904 35.2
      vertex 89.14 -11.0483 35.2
      vertex 89.5882 -11.0641 35.2
    endloop
  endfacet
  facet normal 0 0 -1
    outer loop
      vertex 88.9867 -12.761 35.2
      vertex 89.14 -11.0483 35.2
      vertex 89.3112 -12.7904 35.2
    endloop
  endfacet
  facet normal 0 0 -1
    outer loop
      vertex 88.6794 -12.7119 35.2
      vertex 89.14 -11.0483 35.2
      vertex 88.9867 -12.761 35.2
    endloop
  endfacet
  facet normal -0 0 -1
    outer loop
      vertex 89.14 -11.0483 35.2
      vertex 88.6794 -12.7119 35.2
      vertex 88.7446 -11.001 35.2
    endloop
  endfacet
  facet normal 0 0 -1
    outer loop
      vertex 88.3893 -12.6433 35.2
      vertex 88.7446 -11.001 35.2
      vertex 88.6794 -12.7119 35.2
    endloop
  endfacet
  facet normal 0 0 -1
    outer loop
      vertex 88.1164 -12.555 35.2
      vertex 88.7446 -11.001 35.2
      vertex 88.3893 -12.6433 35.2
    endloop
  endfacet
  facet normal -0 0 -1
    outer loop
      vertex 88.7446 -11.001 35.2
      vertex 88.1164 -12.555 35.2
      vertex 88.4019 -10.9222 35.2
    endloop
  endfacet
  facet normal 0 0 -1
    outer loop
      vertex 87.8608 -12.4471 35.2
      vertex 88.4019 -10.9222 35.2
      vertex 88.1164 -12.555 35.2
    endloop
  endfacet
  facet normal 0 0 -1
    outer loop
      vertex 87.6223 -12.3196 35.2
      vertex 88.4019 -10.9222 35.2
      vertex 87.8608 -12.4471 35.2
    endloop
  endfacet
  facet normal -0 0 -1
    outer loop
      vertex 88.4019 -10.9222 35.2
      vertex 87.6223 -12.3196 35.2
      vertex 88.1119 -10.8118 35.2
    endloop
  endfacet
  facet normal 0 0 -1
    outer loop
      vertex 87.4011 -12.1725 35.2
      vertex 88.1119 -10.8118 35.2
      vertex 87.6223 -12.3196 35.2
    endloop
  endfacet
  facet normal 0 0 -1
    outer loop
      vertex 87.197 -12.0058 35.2
      vertex 88.1119 -10.8118 35.2
      vertex 87.4011 -12.1725 35.2
    endloop
  endfacet
  facet normal 0 0 -1
    outer loop
      vertex 87.0125 -11.821 35.2
      vertex 88.1119 -10.8118 35.2
      vertex 87.197 -12.0058 35.2
    endloop
  endfacet
  facet normal -0 0 -1
    outer loop
      vertex 88.1119 -10.8118 35.2
      vertex 87.0125 -11.821 35.2
      vertex 87.8746 -10.6699 35.2
    endloop
  endfacet
  facet normal 0 0 -1
    outer loop
      vertex 86.8496 -11.6198 35.2
      vertex 87.8746 -10.6699 35.2
      vertex 87.0125 -11.821 35.2
    endloop
  endfacet
  facet normal 0 0 -1
    outer loop
      vertex 86.7085 -11.4022 35.2
      vertex 87.8746 -10.6699 35.2
      vertex 86.8496 -11.6198 35.2
    endloop
  endfacet
  facet normal 0 0 -1
    outer loop
      vertex 91.4912 -8.97493 35.2
      vertex 92.5733 -8.25206 35.2
      vertex 91.5535 -9.04744 35.2
    endloop
  endfacet
  facet normal -0 0 -1
    outer loop
      vertex 92.5733 -8.25206 35.2
      vertex 91.4912 -8.97493 35.2
      vertex 92.5026 -8.12355 35.2
    endloop
  endfacet
  facet normal 0 0 -1
    outer loop
      vertex 91.4216 -8.90728 35.2
      vertex 92.5026 -8.12355 35.2
      vertex 91.4912 -8.97493 35.2
    endloop
  endfacet
  facet normal -0 0 -1
    outer loop
      vertex 92.5026 -8.12355 35.2
      vertex 91.4216 -8.90728 35.2
      vertex 92.4261 -8.00094 35.2
    endloop
  endfacet
  facet normal -0 0 -1
    outer loop
      vertex 92.4261 -8.00094 35.2
      vertex 91.4216 -8.90728 35.2
      vertex 92.344 -7.88421 35.2
    endloop
  endfacet
  facet normal 0 0 -1
    outer loop
      vertex 91.3448 -8.8456 35.2
      vertex 92.344 -7.88421 35.2
      vertex 91.4216 -8.90728 35.2
    endloop
  endfacet
  facet normal -0 0 -1
    outer loop
      vertex 92.344 -7.88421 35.2
      vertex 91.3448 -8.8456 35.2
      vertex 92.2561 -7.77338 35.2
    endloop
  endfacet
  facet normal 0 0 -1
    outer loop
      vertex 91.2608 -8.78986 35.2
      vertex 92.2561 -7.77338 35.2
      vertex 91.3448 -8.8456 35.2
    endloop
  endfacet
  facet normal -0 0 -1
    outer loop
      vertex 92.2561 -7.77338 35.2
      vertex 91.2608 -8.78986 35.2
      vertex 92.1624 -7.66842 35.2
    endloop
  endfacet
  facet normal -0 0 -1
    outer loop
      vertex 92.1624 -7.66842 35.2
      vertex 91.2608 -8.78986 35.2
      vertex 92.0631 -7.56934 35.2
    endloop
  endfacet
  facet normal 0 0 -1
    outer loop
      vertex 91.1696 -8.7401 35.2
      vertex 92.0631 -7.56934 35.2
      vertex 91.2608 -8.78986 35.2
    endloop
  endfacet
  facet normal -0 0 -1
    outer loop
      vertex 92.0631 -7.56934 35.2
      vertex 91.1696 -8.7401 35.2
      vertex 91.958 -7.47615 35.2
    endloop
  endfacet
  facet normal -0 0 -1
    outer loop
      vertex 91.958 -7.47615 35.2
      vertex 91.1696 -8.7401 35.2
      vertex 91.8471 -7.38886 35.2
    endloop
  endfacet
  facet normal 0 0 -1
    outer loop
      vertex 91.0712 -8.69628 35.2
      vertex 91.8471 -7.38886 35.2
      vertex 91.1696 -8.7401 35.2
    endloop
  endfacet
  facet normal -0 0 -1
    outer loop
      vertex 91.8471 -7.38886 35.2
      vertex 91.0712 -8.69628 35.2
      vertex 91.7316 -7.30811 35.2
    endloop
  endfacet
  facet normal 0 0 -1
    outer loop
      vertex 90.9657 -8.65842 35.2
      vertex 91.7316 -7.30811 35.2
      vertex 91.0712 -8.69628 35.2
    endloop
  endfacet
  facet normal -0 0 -1
    outer loop
      vertex 91.7316 -7.30811 35.2
      vertex 90.9657 -8.65842 35.2
      vertex 91.6127 -7.23454 35.2
    endloop
  endfacet
  facet normal -0 0 -1
    outer loop
      vertex 91.6127 -7.23454 35.2
      vertex 90.9657 -8.65842 35.2
      vertex 91.4902 -7.16817 35.2
    endloop
  endfacet
  facet normal 0 0 -1
    outer loop
      vertex 90.8529 -8.62652 35.2
      vertex 91.4902 -7.16817 35.2
      vertex 90.9657 -8.65842 35.2
    endloop
  endfacet
  facet normal -0 0 -1
    outer loop
      vertex 91.4902 -7.16817 35.2
      vertex 90.8529 -8.62652 35.2
      vertex 91.3643 -7.10899 35.2
    endloop
  endfacet
  facet normal -0 0 -1
    outer loop
      vertex 91.3643 -7.10899 35.2
      vertex 90.8529 -8.62652 35.2
      vertex 91.2349 -7.05701 35.2
    endloop
  endfacet
  facet normal 0 0 -1
    outer loop
      vertex 90.733 -8.60058 35.2
      vertex 91.2349 -7.05701 35.2
      vertex 90.8529 -8.62652 35.2
    endloop
  endfacet
  facet normal -0 0 -1
    outer loop
      vertex 91.2349 -7.05701 35.2
      vertex 90.733 -8.60058 35.2
      vertex 91.1019 -7.01221 35.2
    endloop
  endfacet
  facet normal -0 0 -1
    outer loop
      vertex 91.1019 -7.01221 35.2
      vertex 90.733 -8.60058 35.2
      vertex 90.9655 -6.97462 35.2
    endloop
  endfacet
  facet normal 0 0 -1
    outer loop
      vertex 90.6059 -8.58058 35.2
      vertex 90.9655 -6.97462 35.2
      vertex 90.733 -8.60058 35.2
    endloop
  endfacet
  facet normal -0 0 -1
    outer loop
      vertex 90.9655 -6.97462 35.2
      vertex 90.6059 -8.58058 35.2
      vertex 90.8257 -6.94421 35.2
    endloop
  endfacet
  facet normal -0 0 -1
    outer loop
      vertex 90.8257 -6.94421 35.2
      vertex 90.6059 -8.58058 35.2
      vertex 90.6823 -6.92101 35.2
    endloop
  endfacet
  facet normal 0 0 -1
    outer loop
      vertex 88.0205 -7.07886 35.2
      vertex 88.5235 -8.6336 35.2
      vertex 88.4174 -8.6519 35.2
    endloop
  endfacet
  facet normal 0 0 -1
    outer loop
      vertex 87.8261 -7.1545 35.2
      vertex 88.4174 -8.6519 35.2
      vertex 88.3162 -8.67544 35.2
    endloop
  endfacet
  facet normal 0 0 -1
    outer loop
      vertex 88.5235 -8.6336 35.2
      vertex 88.2255 -7.01674 35.2
      vertex 88.4411 -6.96813 35.2
    endloop
  endfacet
  facet normal 0 0 -1
    outer loop
      vertex 87.6423 -7.24365 35.2
      vertex 88.3162 -8.67544 35.2
      vertex 88.2199 -8.7042 35.2
    endloop
  endfacet
  facet normal 0 0 -1
    outer loop
      vertex 87.4691 -7.34631 35.2
      vertex 88.2199 -8.7042 35.2
      vertex 88.1284 -8.73819 35.2
    endloop
  endfacet
  facet normal 0 0 -1
    outer loop
      vertex 87.3065 -7.46249 35.2
      vertex 88.1284 -8.73819 35.2
      vertex 88.0418 -8.77741 35.2
    endloop
  endfacet
  facet normal 0 0 -1
    outer loop
      vertex 88.5235 -8.6336 35.2
      vertex 88.0205 -7.07886 35.2
      vertex 88.2255 -7.01674 35.2
    endloop
  endfacet
  facet normal 0 0 -1
    outer loop
      vertex 87.1545 -7.59218 35.2
      vertex 88.0418 -8.77741 35.2
      vertex 87.9601 -8.82187 35.2
    endloop
  endfacet
  facet normal 0 0 -1
    outer loop
      vertex 87.0131 -7.7354 35.2
      vertex 87.9601 -8.82187 35.2
      vertex 87.8832 -8.87157 35.2
    endloop
  endfacet
  facet normal 0 0 -1
    outer loop
      vertex 88.4174 -8.6519 35.2
      vertex 87.8261 -7.1545 35.2
      vertex 88.0205 -7.07886 35.2
    endloop
  endfacet
  facet normal 0 0 -1
    outer loop
      vertex 86.8823 -7.89212 35.2
      vertex 87.8832 -8.87157 35.2
      vertex 87.8112 -8.92649 35.2
    endloop
  endfacet
  facet normal 0 0 -1
    outer loop
      vertex 86.7638 -8.06039 35.2
      vertex 87.8112 -8.92649 35.2
      vertex 87.744 -8.98664 35.2
    endloop
  endfacet
  facet normal 0 0 -1
    outer loop
      vertex 86.6592 -8.23823 35.2
      vertex 87.744 -8.98664 35.2
      vertex 87.6829 -9.05232 35.2
    endloop
  endfacet
  facet normal 0 0 -1
    outer loop
      vertex 88.3162 -8.67544 35.2
      vertex 87.6423 -7.24365 35.2
      vertex 87.8261 -7.1545 35.2
    endloop
  endfacet
  facet normal 0 0 -1
    outer loop
      vertex 86.5686 -8.42567 35.2
      vertex 87.6829 -9.05232 35.2
      vertex 87.629 -9.12382 35.2
    endloop
  endfacet
  facet normal 0 0 -1
    outer loop
      vertex 86.4919 -8.62271 35.2
      vertex 87.629 -9.12382 35.2
      vertex 87.5823 -9.20113 35.2
    endloop
  endfacet
  facet normal 0 0 -1
    outer loop
      vertex 86.4292 -8.82932 35.2
      vertex 87.5823 -9.20113 35.2
      vertex 87.5427 -9.28425 35.2
    endloop
  endfacet
  facet normal 0 0 -1
    outer loop
      vertex 86.3804 -9.04554 35.2
      vertex 87.5427 -9.28425 35.2
      vertex 87.5104 -9.37318 35.2
    endloop
  endfacet
  facet normal 0 0 -1
    outer loop
      vertex 86.3455 -9.27135 35.2
      vertex 87.5104 -9.37318 35.2
      vertex 87.4852 -9.46793 35.2
    endloop
  endfacet
  facet normal 0 0 -1
    outer loop
      vertex 88.2199 -8.7042 35.2
      vertex 87.4691 -7.34631 35.2
      vertex 87.6423 -7.24365 35.2
    endloop
  endfacet
  facet normal 0 0 -1
    outer loop
      vertex 86.3455 -9.27135 35.2
      vertex 87.4852 -9.46793 35.2
      vertex 87.4672 -9.56849 35.2
    endloop
  endfacet
  facet normal 0 0 -1
    outer loop
      vertex 86.3246 -9.50674 35.2
      vertex 87.4672 -9.56849 35.2
      vertex 87.4564 -9.67486 35.2
    endloop
  endfacet
  facet normal 0 0 -1
    outer loop
      vertex 86.3176 -9.75174 35.2
      vertex 87.4564 -9.67486 35.2
      vertex 87.4528 -9.78705 35.2
    endloop
  endfacet
  facet normal -0 0 -1
    outer loop
      vertex 87.8746 -10.6699 35.2
      vertex 86.7085 -11.4022 35.2
      vertex 87.6901 -10.4965 35.2
    endloop
  endfacet
  facet normal -0 0 -1
    outer loop
      vertex 87.4564 -9.67486 35.2
      vertex 86.3176 -9.75174 35.2
      vertex 86.3246 -9.50674 35.2
    endloop
  endfacet
  facet normal 0 0 -1
    outer loop
      vertex 86.589 -11.1682 35.2
      vertex 87.6901 -10.4965 35.2
      vertex 86.7085 -11.4022 35.2
    endloop
  endfacet
  facet normal 0 0 -1
    outer loop
      vertex 87.4672 -9.56849 35.2
      vertex 86.3246 -9.50674 35.2
      vertex 86.3455 -9.27135 35.2
    endloop
  endfacet
  facet normal 0 0 -1
    outer loop
      vertex 88.1284 -8.73819 35.2
      vertex 87.3065 -7.46249 35.2
      vertex 87.4691 -7.34631 35.2
    endloop
  endfacet
  facet normal 0 0 -1
    outer loop
      vertex 86.4913 -10.9177 35.2
      vertex 87.6901 -10.4965 35.2
      vertex 86.589 -11.1682 35.2
    endloop
  endfacet
  facet normal -0 0 -1
    outer loop
      vertex 87.4528 -9.78705 35.2
      vertex 86.3285 -10.0679 35.2
      vertex 86.3176 -9.75174 35.2
    endloop
  endfacet
  facet normal -0 0 -1
    outer loop
      vertex 87.6901 -10.4965 35.2
      vertex 86.4913 -10.9177 35.2
      vertex 87.5583 -10.2916 35.2
    endloop
  endfacet
  facet normal 0 0 -1
    outer loop
      vertex 88.0418 -8.77741 35.2
      vertex 87.1545 -7.59218 35.2
      vertex 87.3065 -7.46249 35.2
    endloop
  endfacet
  facet normal 0 0 -1
    outer loop
      vertex 86.4153 -10.6509 35.2
      vertex 87.5583 -10.2916 35.2
      vertex 86.4913 -10.9177 35.2
    endloop
  endfacet
  facet normal 0 0 -1
    outer loop
      vertex 87.9601 -8.82187 35.2
      vertex 87.0131 -7.7354 35.2
      vertex 87.1545 -7.59218 35.2
    endloop
  endfacet
  facet normal 0 0 -1
    outer loop
      vertex 86.361 -10.3676 35.2
      vertex 87.5583 -10.2916 35.2
      vertex 86.4153 -10.6509 35.2
    endloop
  endfacet
  facet normal 0 0 -1
    outer loop
      vertex 87.8832 -8.87157 35.2
      vertex 86.8823 -7.89212 35.2
      vertex 87.0131 -7.7354 35.2
    endloop
  endfacet
  facet normal 0 0 -1
    outer loop
      vertex 87.8112 -8.92649 35.2
      vertex 86.7638 -8.06039 35.2
      vertex 86.8823 -7.89212 35.2
    endloop
  endfacet
  facet normal -0 0 -1
    outer loop
      vertex 87.5583 -10.2916 35.2
      vertex 86.361 -10.3676 35.2
      vertex 87.4792 -10.0551 35.2
    endloop
  endfacet
  facet normal 0 0 -1
    outer loop
      vertex 87.744 -8.98664 35.2
      vertex 86.6592 -8.23823 35.2
      vertex 86.7638 -8.06039 35.2
    endloop
  endfacet
  facet normal 0 0 -1
    outer loop
      vertex 86.3285 -10.0679 35.2
      vertex 87.4792 -10.0551 35.2
      vertex 86.361 -10.3676 35.2
    endloop
  endfacet
  facet normal -0 0 -1
    outer loop
      vertex 87.4792 -10.0551 35.2
      vertex 86.3285 -10.0679 35.2
      vertex 87.4528 -9.78705 35.2
    endloop
  endfacet
  facet normal 0 0 -1
    outer loop
      vertex 87.6829 -9.05232 35.2
      vertex 86.5686 -8.42567 35.2
      vertex 86.6592 -8.23823 35.2
    endloop
  endfacet
  facet normal 0 0 -1
    outer loop
      vertex 87.5427 -9.28425 35.2
      vertex 86.3804 -9.04554 35.2
      vertex 86.4292 -8.82932 35.2
    endloop
  endfacet
  facet normal 0 0 -1
    outer loop
      vertex 87.5823 -9.20113 35.2
      vertex 86.4292 -8.82932 35.2
      vertex 86.4919 -8.62271 35.2
    endloop
  endfacet
  facet normal 0 0 -1
    outer loop
      vertex 87.5104 -9.37318 35.2
      vertex 86.3455 -9.27135 35.2
      vertex 86.3804 -9.04554 35.2
    endloop
  endfacet
  facet normal 0 0 -1
    outer loop
      vertex 87.629 -9.12382 35.2
      vertex 86.4919 -8.62271 35.2
      vertex 86.5686 -8.42567 35.2
    endloop
  endfacet
  facet normal 0 0 -1
    outer loop
      vertex 88.6183 -6.16688 35.2
      vertex 88.8999 -4.50602 35.2
      vertex 88.9236 -6.21519 35.2
    endloop
  endfacet
  facet normal -0 0 -1
    outer loop
      vertex 88.8999 -4.50602 35.2
      vertex 88.6183 -6.16688 35.2
      vertex 88.7418 -4.4984 35.2
    endloop
  endfacet
  facet normal 0 0 -1
    outer loop
      vertex 88.331 -6.09924 35.2
      vertex 88.7418 -4.4984 35.2
      vertex 88.6183 -6.16688 35.2
    endloop
  endfacet
  facet normal -0 0 -1
    outer loop
      vertex 88.7418 -4.4984 35.2
      vertex 88.331 -6.09924 35.2
      vertex 88.5917 -4.48347 35.2
    endloop
  endfacet
  facet normal 0 0 -1
    outer loop
      vertex 88.0617 -6.01227 35.2
      vertex 88.5917 -4.48347 35.2
      vertex 88.331 -6.09924 35.2
    endloop
  endfacet
  facet normal -0 0 -1
    outer loop
      vertex 88.5917 -4.48347 35.2
      vertex 88.0617 -6.01227 35.2
      vertex 88.4496 -4.46119 35.2
    endloop
  endfacet
  facet normal 0 0 -1
    outer loop
      vertex 87.8104 -5.90597 35.2
      vertex 88.4496 -4.46119 35.2
      vertex 88.0617 -6.01227 35.2
    endloop
  endfacet
  facet normal -0 0 -1
    outer loop
      vertex 88.4496 -4.46119 35.2
      vertex 87.8104 -5.90597 35.2
      vertex 88.3155 -4.43158 35.2
    endloop
  endfacet
  facet normal 0 0 -1
    outer loop
      vertex 87.5772 -5.78036 35.2
      vertex 88.3155 -4.43158 35.2
      vertex 87.8104 -5.90597 35.2
    endloop
  endfacet
  facet normal -0 0 -1
    outer loop
      vertex 88.3155 -4.43158 35.2
      vertex 87.5772 -5.78036 35.2
      vertex 88.1894 -4.39463 35.2
    endloop
  endfacet
  facet normal 0 0 -1
    outer loop
      vertex 87.3619 -5.63541 35.2
      vertex 88.1894 -4.39463 35.2
      vertex 87.5772 -5.78036 35.2
    endloop
  endfacet
  facet normal -0 0 -1
    outer loop
      vertex 88.1894 -4.39463 35.2
      vertex 87.3619 -5.63541 35.2
      vertex 88.0712 -4.35034 35.2
    endloop
  endfacet
  facet normal 0 0 -1
    outer loop
      vertex 87.1647 -5.47114 35.2
      vertex 88.0712 -4.35034 35.2
      vertex 87.3619 -5.63541 35.2
    endloop
  endfacet
  facet normal -0 0 -1
    outer loop
      vertex 88.0712 -4.35034 35.2
      vertex 87.1647 -5.47114 35.2
      vertex 87.9611 -4.29871 35.2
    endloop
  endfacet
  facet normal 0 0 -1
    outer loop
      vertex 86.9869 -5.28914 35.2
      vertex 87.9611 -4.29871 35.2
      vertex 87.1647 -5.47114 35.2
    endloop
  endfacet
  facet normal -0 0 -1
    outer loop
      vertex 87.9611 -4.29871 35.2
      vertex 86.9869 -5.28914 35.2
      vertex 87.8589 -4.23976 35.2
    endloop
  endfacet
  facet normal 0 0 -1
    outer loop
      vertex 86.83 -5.09101 35.2
      vertex 87.8589 -4.23976 35.2
      vertex 86.9869 -5.28914 35.2
    endloop
  endfacet
  facet normal -0 0 -1
    outer loop
      vertex 87.8589 -4.23976 35.2
      vertex 86.83 -5.09101 35.2
      vertex 87.7647 -4.17345 35.2
    endloop
  endfacet
  facet normal 0 0 -1
    outer loop
      vertex 86.6941 -4.87675 35.2
      vertex 87.7647 -4.17345 35.2
      vertex 86.83 -5.09101 35.2
    endloop
  endfacet
  facet normal -0 0 -1
    outer loop
      vertex 87.7647 -4.17345 35.2
      vertex 86.6941 -4.87675 35.2
      vertex 87.6795 -4.10019 35.2
    endloop
  endfacet
  facet normal -0 0 -1
    outer loop
      vertex 87.6795 -4.10019 35.2
      vertex 86.6941 -4.87675 35.2
      vertex 87.6043 -4.0203 35.2
    endloop
  endfacet
  facet normal 0 0 -1
    outer loop
      vertex 86.579 -4.64637 35.2
      vertex 87.6043 -4.0203 35.2
      vertex 86.6941 -4.87675 35.2
    endloop
  endfacet
  facet normal -0 0 -1
    outer loop
      vertex 87.6043 -4.0203 35.2
      vertex 86.579 -4.64637 35.2
      vertex 87.5392 -3.93381 35.2
    endloop
  endfacet
  facet normal 0 0 -1
    outer loop
      vertex 86.4849 -4.39986 35.2
      vertex 87.5392 -3.93381 35.2
      vertex 86.579 -4.64637 35.2
    endloop
  endfacet
  facet normal -0 0 -1
    outer loop
      vertex 87.5392 -3.93381 35.2
      vertex 86.4849 -4.39986 35.2
      vertex 87.484 -3.8407 35.2
    endloop
  endfacet
  facet normal 0 0 -1
    outer loop
      vertex 86.4117 -4.13721 35.2
      vertex 87.484 -3.8407 35.2
      vertex 86.4849 -4.39986 35.2
    endloop
  endfacet
  facet normal 0 0 -1
    outer loop
      vertex 87.3637 -3.40217 35.2
      vertex 86.3176 -3.2525 35.2
      vertex 87.3587 -3.27602 35.2
    endloop
  endfacet
  facet normal -0 0 -1
    outer loop
      vertex 87.484 -3.8407 35.2
      vertex 86.4117 -4.13721 35.2
      vertex 87.4389 -3.74099 35.2
    endloop
  endfacet
  facet normal 0 -0 -1
    outer loop
      vertex 86.3288 -2.95577 35.2
      vertex 87.3587 -3.27602 35.2
      vertex 86.3176 -3.2525 35.2
    endloop
  endfacet
  facet normal 0 0 -1
    outer loop
      vertex 86.3594 -3.85844 35.2
      vertex 87.4389 -3.74099 35.2
      vertex 86.4117 -4.13721 35.2
    endloop
  endfacet
  facet normal 0 -0 -1
    outer loop
      vertex 86.3625 -2.67502 35.2
      vertex 87.3587 -3.27602 35.2
      vertex 86.3288 -2.95577 35.2
    endloop
  endfacet
  facet normal -0 0 -1
    outer loop
      vertex 87.4389 -3.74099 35.2
      vertex 86.3594 -3.85844 35.2
      vertex 87.4038 -3.63465 35.2
    endloop
  endfacet
  facet normal 0 -0 -1
    outer loop
      vertex 86.4186 -2.41025 35.2
      vertex 87.3587 -3.27602 35.2
      vertex 86.3625 -2.67502 35.2
    endloop
  endfacet
  facet normal -0 0 -1
    outer loop
      vertex 87.4038 -3.63465 35.2
      vertex 86.3594 -3.85844 35.2
      vertex 87.3788 -3.52173 35.2
    endloop
  endfacet
  facet normal 0 -0 -1
    outer loop
      vertex 86.4971 -2.16147 35.2
      vertex 87.3587 -3.27602 35.2
      vertex 86.4186 -2.41025 35.2
    endloop
  endfacet
  facet normal 0 0 -1
    outer loop
      vertex 86.3281 -3.56353 35.2
      vertex 87.3788 -3.52173 35.2
      vertex 86.3594 -3.85844 35.2
    endloop
  endfacet
  facet normal 0 0 -1
    outer loop
      vertex 87.3587 -3.27602 35.2
      vertex 87.0357 -1.32621 35.2
      vertex 87.2264 -1.15736 35.2
    endloop
  endfacet
  facet normal -0 0 -1
    outer loop
      vertex 87.3788 -3.52173 35.2
      vertex 86.3281 -3.56353 35.2
      vertex 87.3637 -3.40217 35.2
    endloop
  endfacet
  facet normal 0 0 -1
    outer loop
      vertex 86.3176 -3.2525 35.2
      vertex 87.3637 -3.40217 35.2
      vertex 86.3281 -3.56353 35.2
    endloop
  endfacet
  facet normal 0 0 -1
    outer loop
      vertex 87.3587 -3.27602 35.2
      vertex 86.8674 -1.51105 35.2
      vertex 87.0357 -1.32621 35.2
    endloop
  endfacet
  facet normal 0 0 -1
    outer loop
      vertex 87.3587 -3.27602 35.2
      vertex 86.5981 -1.92867 35.2
      vertex 86.7215 -1.71187 35.2
    endloop
  endfacet
  facet normal 0 0 -1
    outer loop
      vertex 87.3587 -3.27602 35.2
      vertex 86.7215 -1.71187 35.2
      vertex 86.8674 -1.51105 35.2
    endloop
  endfacet
  facet normal 0 0 -1
    outer loop
      vertex 87.3587 -3.27602 35.2
      vertex 86.4971 -2.16147 35.2
      vertex 86.5981 -1.92867 35.2
    endloop
  endfacet
  facet normal -0 0 -1
    outer loop
      vertex 92.9176 -3.27602 35.2
      vertex 91.8059 -3.33122 35.2
      vertex 91.8117 -3.19357 35.2
    endloop
  endfacet
  facet normal 0 0 -1
    outer loop
      vertex 92.0676 -5.48294 35.2
      vertex 91.7883 -3.46169 35.2
      vertex 91.8059 -3.33122 35.2
    endloop
  endfacet
  facet normal 0 0 -1
    outer loop
      vertex 92.0676 -5.48294 35.2
      vertex 91.7591 -3.58494 35.2
      vertex 91.7883 -3.46169 35.2
    endloop
  endfacet
  facet normal 0 0 -1
    outer loop
      vertex 92.0676 -5.48294 35.2
      vertex 91.7182 -3.70101 35.2
      vertex 91.7591 -3.58494 35.2
    endloop
  endfacet
  facet normal 0 0 -1
    outer loop
      vertex 92.0676 -5.48294 35.2
      vertex 91.6656 -3.80989 35.2
      vertex 91.7182 -3.70101 35.2
    endloop
  endfacet
  facet normal 0 0 -1
    outer loop
      vertex 91.1053 -4.30947 35.2
      vertex 91.8691 -5.64473 35.2
      vertex 91.6513 -5.78749 35.2
    endloop
  endfacet
  facet normal 0 0 -1
    outer loop
      vertex 92.0676 -5.48294 35.2
      vertex 91.6013 -3.91158 35.2
      vertex 91.6656 -3.80989 35.2
    endloop
  endfacet
  facet normal 0 0 -1
    outer loop
      vertex 92.0676 -5.48294 35.2
      vertex 91.5253 -4.00606 35.2
      vertex 91.6013 -3.91158 35.2
    endloop
  endfacet
  facet normal 0 0 -1
    outer loop
      vertex 92.0676 -5.48294 35.2
      vertex 91.4376 -4.09335 35.2
      vertex 91.5253 -4.00606 35.2
    endloop
  endfacet
  facet normal 0 0 -1
    outer loop
      vertex 90.9719 -4.36473 35.2
      vertex 91.6513 -5.78749 35.2
      vertex 91.4143 -5.91122 35.2
    endloop
  endfacet
  facet normal 0 0 -1
    outer loop
      vertex 92.0676 -5.48294 35.2
      vertex 91.3383 -4.17345 35.2
      vertex 91.4376 -4.09335 35.2
    endloop
  endfacet
  facet normal 0 0 -1
    outer loop
      vertex 92.0676 -5.48294 35.2
      vertex 91.2274 -4.24572 35.2
      vertex 91.3383 -4.17345 35.2
    endloop
  endfacet
  facet normal 0 0 -1
    outer loop
      vertex 90.8273 -4.41147 35.2
      vertex 91.4143 -5.91122 35.2
      vertex 91.1581 -6.01591 35.2
    endloop
  endfacet
  facet normal 0 0 -1
    outer loop
      vertex 92.0676 -5.48294 35.2
      vertex 91.1053 -4.30947 35.2
      vertex 91.2274 -4.24572 35.2
    endloop
  endfacet
  facet normal 0 0 -1
    outer loop
      vertex 91.6513 -5.78749 35.2
      vertex 90.9719 -4.36473 35.2
      vertex 91.1053 -4.30947 35.2
    endloop
  endfacet
  facet normal 0 0 -1
    outer loop
      vertex 90.6714 -4.44973 35.2
      vertex 91.1581 -6.01591 35.2
      vertex 90.8826 -6.10157 35.2
    endloop
  endfacet
  facet normal 0 0 -1
    outer loop
      vertex 91.4143 -5.91122 35.2
      vertex 90.8273 -4.41147 35.2
      vertex 90.9719 -4.36473 35.2
    endloop
  endfacet
  facet normal 0 0 -1
    outer loop
      vertex 91.1581 -6.01591 35.2
      vertex 90.6714 -4.44973 35.2
      vertex 90.8273 -4.41147 35.2
    endloop
  endfacet
  facet normal 0 0 -1
    outer loop
      vertex 90.5042 -4.47948 35.2
      vertex 90.8826 -6.10157 35.2
      vertex 90.5879 -6.16819 35.2
    endloop
  endfacet
  facet normal 0 0 -1
    outer loop
      vertex 90.8826 -6.10157 35.2
      vertex 90.5042 -4.47948 35.2
      vertex 90.6714 -4.44973 35.2
    endloop
  endfacet
  facet normal 0 0 -1
    outer loop
      vertex 90.5879 -6.16819 35.2
      vertex 90.3258 -4.50072 35.2
      vertex 90.5042 -4.47948 35.2
    endloop
  endfacet
  facet normal 0 0 -1
    outer loop
      vertex 90.2739 -6.21577 35.2
      vertex 90.3258 -4.50072 35.2
      vertex 90.5879 -6.16819 35.2
    endloop
  endfacet
  facet normal 0 0 -1
    outer loop
      vertex 90.2739 -6.21577 35.2
      vertex 90.1362 -4.51347 35.2
      vertex 90.3258 -4.50072 35.2
    endloop
  endfacet
  facet normal 0 0 -1
    outer loop
      vertex 89.9352 -4.51772 35.2
      vertex 90.2739 -6.21577 35.2
      vertex 89.9406 -6.24432 35.2
    endloop
  endfacet
  facet normal 0 0 -1
    outer loop
      vertex 90.2739 -6.21577 35.2
      vertex 89.9352 -4.51772 35.2
      vertex 90.1362 -4.51347 35.2
    endloop
  endfacet
  facet normal 0 0 -1
    outer loop
      vertex 88.8999 -2.03423 35.2
      vertex 89.9352 -0.433496 35.2
      vertex 89.9352 -4.51772 35.2
    endloop
  endfacet
  facet normal 0 0 -1
    outer loop
      vertex 89.5882 -6.25385 35.2
      vertex 89.9352 -4.51772 35.2
      vertex 89.9406 -6.24432 35.2
    endloop
  endfacet
  facet normal 0 0 -1
    outer loop
      vertex 89.2469 -6.24418 35.2
      vertex 89.9352 -4.51772 35.2
      vertex 89.5882 -6.25385 35.2
    endloop
  endfacet
  facet normal 0 0 -1
    outer loop
      vertex 88.8999 -2.03423 35.2
      vertex 89.9352 -4.51772 35.2
      vertex 88.8999 -4.50602 35.2
    endloop
  endfacet
  facet normal -0 0 -1
    outer loop
      vertex 89.9352 -4.51772 35.2
      vertex 89.2469 -6.24418 35.2
      vertex 88.8999 -4.50602 35.2
    endloop
  endfacet
  facet normal -0 0 -1
    outer loop
      vertex 89.9352 -0.433496 35.2
      vertex 88.8999 -2.03423 35.2
      vertex 89.8882 -0.433496 35.2
    endloop
  endfacet
  facet normal 0 0 -1
    outer loop
      vertex 88.8999 -4.50602 35.2
      vertex 89.2469 -6.24418 35.2
      vertex 88.9236 -6.21519 35.2
    endloop
  endfacet
  facet normal 0 0 -1
    outer loop
      vertex 89.8882 -0.433496 35.2
      vertex 88.8999 -2.03423 35.2
      vertex 89.5091 -0.442434 35.2
    endloop
  endfacet
  facet normal 0 0 -1
    outer loop
      vertex 89.5091 -0.442434 35.2
      vertex 88.8999 -2.03423 35.2
      vertex 89.1508 -0.469237 35.2
    endloop
  endfacet
  facet normal 0 0 -1
    outer loop
      vertex 88.8999 -2.03423 35.2
      vertex 88.8134 -0.513916 35.2
      vertex 89.1508 -0.469237 35.2
    endloop
  endfacet
  facet normal 0 0 -1
    outer loop
      vertex 88.4968 -0.576472 35.2
      vertex 88.8999 -2.03423 35.2
      vertex 88.7335 -2.04812 35.2
    endloop
  endfacet
  facet normal 0 0 -1
    outer loop
      vertex 88.4968 -0.576472 35.2
      vertex 88.7335 -2.04812 35.2
      vertex 88.5765 -2.06883 35.2
    endloop
  endfacet
  facet normal 0 0 -1
    outer loop
      vertex 88.8999 -2.03423 35.2
      vertex 88.4968 -0.576472 35.2
      vertex 88.8134 -0.513916 35.2
    endloop
  endfacet
  facet normal 0 0 -1
    outer loop
      vertex 88.201 -0.656905 35.2
      vertex 88.5765 -2.06883 35.2
      vertex 88.429 -2.09637 35.2
    endloop
  endfacet
  facet normal 0 0 -1
    outer loop
      vertex 87.9261 -0.755216 35.2
      vertex 88.429 -2.09637 35.2
      vertex 88.2911 -2.13075 35.2
    endloop
  endfacet
  facet normal 0 0 -1
    outer loop
      vertex 88.5765 -2.06883 35.2
      vertex 88.201 -0.656905 35.2
      vertex 88.4968 -0.576472 35.2
    endloop
  endfacet
  facet normal 0 0 -1
    outer loop
      vertex 87.6721 -0.871389 35.2
      vertex 88.2911 -2.13075 35.2
      vertex 88.1627 -2.17195 35.2
    endloop
  endfacet
  facet normal 0 0 -1
    outer loop
      vertex 87.4388 -1.00544 35.2
      vertex 88.1627 -2.17195 35.2
      vertex 88.0437 -2.21998 35.2
    endloop
  endfacet
  facet normal 0 0 -1
    outer loop
      vertex 87.2264 -1.15736 35.2
      vertex 88.0437 -2.21998 35.2
      vertex 87.9343 -2.27484 35.2
    endloop
  endfacet
  facet normal 0 0 -1
    outer loop
      vertex 88.429 -2.09637 35.2
      vertex 87.9261 -0.755216 35.2
      vertex 88.201 -0.656905 35.2
    endloop
  endfacet
  facet normal 0 0 -1
    outer loop
      vertex 87.2264 -1.15736 35.2
      vertex 87.9343 -2.27484 35.2
      vertex 87.8344 -2.33653 35.2
    endloop
  endfacet
  facet normal 0 0 -1
    outer loop
      vertex 87.2264 -1.15736 35.2
      vertex 87.8344 -2.33653 35.2
      vertex 87.744 -2.40505 35.2
    endloop
  endfacet
  facet normal 0 0 -1
    outer loop
      vertex 88.2911 -2.13075 35.2
      vertex 87.6721 -0.871389 35.2
      vertex 87.9261 -0.755216 35.2
    endloop
  endfacet
  facet normal 0 0 -1
    outer loop
      vertex 87.2264 -1.15736 35.2
      vertex 87.744 -2.40505 35.2
      vertex 87.6632 -2.47974 35.2
    endloop
  endfacet
  facet normal 0 0 -1
    outer loop
      vertex 87.2264 -1.15736 35.2
      vertex 87.6632 -2.47974 35.2
      vertex 87.5918 -2.55993 35.2
    endloop
  endfacet
  facet normal 0 0 -1
    outer loop
      vertex 87.2264 -1.15736 35.2
      vertex 87.5918 -2.55993 35.2
      vertex 87.53 -2.64566 35.2
    endloop
  endfacet
  facet normal 0 0 -1
    outer loop
      vertex 87.2264 -1.15736 35.2
      vertex 87.53 -2.64566 35.2
      vertex 87.4777 -2.73691 35.2
    endloop
  endfacet
  facet normal 0 0 -1
    outer loop
      vertex 88.1627 -2.17195 35.2
      vertex 87.4388 -1.00544 35.2
      vertex 87.6721 -0.871389 35.2
    endloop
  endfacet
  facet normal 0 0 -1
    outer loop
      vertex 87.2264 -1.15736 35.2
      vertex 87.4777 -2.73691 35.2
      vertex 87.4348 -2.83369 35.2
    endloop
  endfacet
  facet normal 0 0 -1
    outer loop
      vertex 87.2264 -1.15736 35.2
      vertex 87.4348 -2.83369 35.2
      vertex 87.4015 -2.93598 35.2
    endloop
  endfacet
  facet normal 0 0 -1
    outer loop
      vertex 87.2264 -1.15736 35.2
      vertex 87.4015 -2.93598 35.2
      vertex 87.3778 -3.0438 35.2
    endloop
  endfacet
  facet normal 0 0 -1
    outer loop
      vertex 87.2264 -1.15736 35.2
      vertex 87.3778 -3.0438 35.2
      vertex 87.3635 -3.15715 35.2
    endloop
  endfacet
  facet normal 0 0 -1
    outer loop
      vertex 87.2264 -1.15736 35.2
      vertex 87.3635 -3.15715 35.2
      vertex 87.3587 -3.27602 35.2
    endloop
  endfacet
  facet normal 0 0 -1
    outer loop
      vertex 88.0437 -2.21998 35.2
      vertex 87.2264 -1.15736 35.2
      vertex 87.4388 -1.00544 35.2
    endloop
  endfacet
  facet normal 0 0 -1
    outer loop
      vertex 91.8059 -3.33122 35.2
      vertex 92.9176 -3.27602 35.2
      vertex 92.9071 -3.5869 35.2
    endloop
  endfacet
  facet normal 0 0 -1
    outer loop
      vertex 91.8059 -3.33122 35.2
      vertex 92.9071 -3.5869 35.2
      vertex 92.8756 -3.88137 35.2
    endloop
  endfacet
  facet normal 0 0 -1
    outer loop
      vertex 92.9176 -3.27602 35.2
      vertex 91.8117 -3.19357 35.2
      vertex 92.8963 -2.83289 35.2
    endloop
  endfacet
  facet normal 0 0 -1
    outer loop
      vertex 91.8059 -3.33122 35.2
      vertex 92.8756 -3.88137 35.2
      vertex 92.8232 -4.15943 35.2
    endloop
  endfacet
  facet normal 0 0 -1
    outer loop
      vertex 91.8059 -3.33122 35.2
      vertex 92.8232 -4.15943 35.2
      vertex 92.7497 -4.42106 35.2
    endloop
  endfacet
  facet normal 0 0 -1
    outer loop
      vertex 91.8024 -3.00671 35.2
      vertex 92.8963 -2.83289 35.2
      vertex 91.8117 -3.19357 35.2
    endloop
  endfacet
  facet normal 0 0 -1
    outer loop
      vertex 91.8059 -3.33122 35.2
      vertex 92.7497 -4.42106 35.2
      vertex 92.6553 -4.66628 35.2
    endloop
  endfacet
  facet normal 0 0 -1
    outer loop
      vertex 91.7743 -2.83583 35.2
      vertex 92.8963 -2.83289 35.2
      vertex 91.8024 -3.00671 35.2
    endloop
  endfacet
  facet normal 0 0 -1
    outer loop
      vertex 91.8059 -3.33122 35.2
      vertex 92.6553 -4.66628 35.2
      vertex 92.5399 -4.89506 35.2
    endloop
  endfacet
  facet normal 0 0 -1
    outer loop
      vertex 91.8059 -3.33122 35.2
      vertex 92.5399 -4.89506 35.2
      vertex 92.4034 -5.10744 35.2
    endloop
  endfacet
  facet normal -0 0 -1
    outer loop
      vertex 92.8963 -2.83289 35.2
      vertex 91.7743 -2.83583 35.2
      vertex 92.8322 -2.42421 35.2
    endloop
  endfacet
  facet normal 0 0 -1
    outer loop
      vertex 91.8059 -3.33122 35.2
      vertex 92.4034 -5.10744 35.2
      vertex 92.246 -5.3034 35.2
    endloop
  endfacet
  facet normal 0 0 -1
    outer loop
      vertex 91.7274 -2.68094 35.2
      vertex 92.8322 -2.42421 35.2
      vertex 91.7743 -2.83583 35.2
    endloop
  endfacet
  facet normal 0 0 -1
    outer loop
      vertex 91.8059 -3.33122 35.2
      vertex 92.246 -5.3034 35.2
      vertex 92.0676 -5.48294 35.2
    endloop
  endfacet
  facet normal -0 0 -1
    outer loop
      vertex 92.8322 -2.42421 35.2
      vertex 91.7274 -2.68094 35.2
      vertex 92.7255 -2.04996 35.2
    endloop
  endfacet
  facet normal 0 0 -1
    outer loop
      vertex 91.1053 -4.30947 35.2
      vertex 92.0676 -5.48294 35.2
      vertex 91.8691 -5.64473 35.2
    endloop
  endfacet
  facet normal 0 0 -1
    outer loop
      vertex 91.6618 -2.54203 35.2
      vertex 92.7255 -2.04996 35.2
      vertex 91.7274 -2.68094 35.2
    endloop
  endfacet
  facet normal 0 0 -1
    outer loop
      vertex 91.5775 -2.4191 35.2
      vertex 92.7255 -2.04996 35.2
      vertex 91.6618 -2.54203 35.2
    endloop
  endfacet
  facet normal -0 0 -1
    outer loop
      vertex 92.7255 -2.04996 35.2
      vertex 91.5775 -2.4191 35.2
      vertex 92.576 -1.71015 35.2
    endloop
  endfacet
  facet normal 0 0 -1
    outer loop
      vertex 91.4745 -2.31216 35.2
      vertex 92.576 -1.71015 35.2
      vertex 91.5775 -2.4191 35.2
    endloop
  endfacet
  facet normal -0 0 -1
    outer loop
      vertex 92.576 -1.71015 35.2
      vertex 91.4745 -2.31216 35.2
      vertex 92.3839 -1.40477 35.2
    endloop
  endfacet
  facet normal 0 0 -1
    outer loop
      vertex 91.3527 -2.22121 35.2
      vertex 92.3839 -1.40477 35.2
      vertex 91.4745 -2.31216 35.2
    endloop
  endfacet
  facet normal -0 0 -1
    outer loop
      vertex 92.3839 -1.40477 35.2
      vertex 91.3527 -2.22121 35.2
      vertex 92.149 -1.13384 35.2
    endloop
  endfacet
  facet normal 0 0 -1
    outer loop
      vertex 91.2122 -2.14623 35.2
      vertex 92.149 -1.13384 35.2
      vertex 91.3527 -2.22121 35.2
    endloop
  endfacet
  facet normal -0 0 -1
    outer loop
      vertex 92.149 -1.13384 35.2
      vertex 91.2122 -2.14623 35.2
      vertex 91.8714 -0.897345 35.2
    endloop
  endfacet
  facet normal 0 0 -1
    outer loop
      vertex 91.053 -2.08725 35.2
      vertex 91.8714 -0.897345 35.2
      vertex 91.2122 -2.14623 35.2
    endloop
  endfacet
  facet normal -0 0 -1
    outer loop
      vertex 91.8714 -0.897345 35.2
      vertex 91.053 -2.08725 35.2
      vertex 91.5512 -0.695281 35.2
    endloop
  endfacet
  facet normal -0 0 -1
    outer loop
      vertex 91.5512 -0.695281 35.2
      vertex 91.053 -2.08725 35.2
      vertex 91.1882 -0.527648 35.2
    endloop
  endfacet
  facet normal 0 0 -1
    outer loop
      vertex 92.8 2.14631 35.2
      vertex 91.4647 3.14676 35.2
      vertex 92.8 4.12368 35.2
    endloop
  endfacet
  facet normal 0 0 -1
    outer loop
      vertex 92.8 2.14631 35.2
      vertex 91.2142 3.07651 35.2
      vertex 91.4647 3.14676 35.2
    endloop
  endfacet
  facet normal 0 0 -1
    outer loop
      vertex 92.8 2.14631 35.2
      vertex 90.9854 3.01221 35.2
      vertex 91.2142 3.07651 35.2
    endloop
  endfacet
  facet normal 0 0 -1
    outer loop
      vertex 92.8 2.14631 35.2
      vertex 90.7784 2.95387 35.2
      vertex 90.9854 3.01221 35.2
    endloop
  endfacet
  facet normal 0 0 -1
    outer loop
      vertex 92.8 2.14631 35.2
      vertex 90.5932 2.90149 35.2
      vertex 90.7784 2.95387 35.2
    endloop
  endfacet
  facet normal 0 0 -1
    outer loop
      vertex 92.8 2.14631 35.2
      vertex 90.4298 2.85506 35.2
      vertex 90.5932 2.90149 35.2
    endloop
  endfacet
  facet normal 0 0 -1
    outer loop
      vertex 92.8 2.14631 35.2
      vertex 90.2882 2.81458 35.2
      vertex 90.4298 2.85506 35.2
    endloop
  endfacet
  facet normal 0 0 -1
    outer loop
      vertex 92.8 2.14631 35.2
      vertex 90.1684 2.78006 35.2
      vertex 90.2882 2.81458 35.2
    endloop
  endfacet
  facet normal 0 0 -1
    outer loop
      vertex 92.8 2.14631 35.2
      vertex 90.0703 2.75149 35.2
      vertex 90.1684 2.78006 35.2
    endloop
  endfacet
  facet normal 0 0 -1
    outer loop
      vertex 92.8 2.14631 35.2
      vertex 89.994 2.72889 35.2
      vertex 90.0703 2.75149 35.2
    endloop
  endfacet
  facet normal 0 0 -1
    outer loop
      vertex 86.4352 -0.131164 35.2
      vertex 89.994 2.72889 35.2
      vertex 92.8 2.14631 35.2
    endloop
  endfacet
  facet normal 0 0 -1
    outer loop
      vertex 89.994 2.72889 35.2
      vertex 86.4352 -0.131164 35.2
      vertex 86.4352 1.61666 35.2
    endloop
  endfacet
  facet normal 0 0 -1
    outer loop
      vertex 91.4066 3.16135 35.2
      vertex 92.8 4.12368 35.2
      vertex 91.4647 3.14676 35.2
    endloop
  endfacet
  facet normal 0 0 -1
    outer loop
      vertex 91.3395 3.179 35.2
      vertex 92.8 4.12368 35.2
      vertex 91.4066 3.16135 35.2
    endloop
  endfacet
  facet normal 0 0 -1
    outer loop
      vertex 91.2634 3.19972 35.2
      vertex 92.8 4.12368 35.2
      vertex 91.3395 3.179 35.2
    endloop
  endfacet
  facet normal 0 0 -1
    outer loop
      vertex 91.1783 3.22347 35.2
      vertex 92.8 4.12368 35.2
      vertex 91.2634 3.19972 35.2
    endloop
  endfacet
  facet normal 0 0 -1
    outer loop
      vertex 91.0842 3.25027 35.2
      vertex 92.8 4.12368 35.2
      vertex 91.1783 3.22347 35.2
    endloop
  endfacet
  facet normal 0 0 -1
    outer loop
      vertex 90.981 3.28014 35.2
      vertex 92.8 4.12368 35.2
      vertex 91.0842 3.25027 35.2
    endloop
  endfacet
  facet normal 0 0 -1
    outer loop
      vertex 90.8689 3.31304 35.2
      vertex 92.8 4.12368 35.2
      vertex 90.981 3.28014 35.2
    endloop
  endfacet
  facet normal 0 0 -1
    outer loop
      vertex 90.7478 3.349 35.2
      vertex 92.8 4.12368 35.2
      vertex 90.8689 3.31304 35.2
    endloop
  endfacet
  facet normal 0 0 -1
    outer loop
      vertex 90.6177 3.38802 35.2
      vertex 92.8 4.12368 35.2
      vertex 90.7478 3.349 35.2
    endloop
  endfacet
  facet normal 0 0 -1
    outer loop
      vertex 90.4464 3.44078 35.2
      vertex 92.8 4.12368 35.2
      vertex 90.6177 3.38802 35.2
    endloop
  endfacet
  facet normal 0 0 -1
    outer loop
      vertex 90.2017 3.51794 35.2
      vertex 92.8 4.12368 35.2
      vertex 90.4464 3.44078 35.2
    endloop
  endfacet
  facet normal 0 0 -1
    outer loop
      vertex 89.8837 3.61952 35.2
      vertex 92.8 4.12368 35.2
      vertex 90.2017 3.51794 35.2
    endloop
  endfacet
  facet normal 0 0 -1
    outer loop
      vertex 89.4923 3.74551 35.2
      vertex 92.8 4.12368 35.2
      vertex 89.8837 3.61952 35.2
    endloop
  endfacet
  facet normal 0 0 -1
    outer loop
      vertex 89.0276 3.89591 35.2
      vertex 92.8 4.12368 35.2
      vertex 89.4923 3.74551 35.2
    endloop
  endfacet
  facet normal 0 0 -1
    outer loop
      vertex 86.4352 6.4718 35.2
      vertex 89.0276 3.89591 35.2
      vertex 88.4895 4.07072 35.2
    endloop
  endfacet
  facet normal 0 0 -1
    outer loop
      vertex 86.4352 6.4718 35.2
      vertex 88.4895 4.07072 35.2
      vertex 87.8781 4.26992 35.2
    endloop
  endfacet
  facet normal 0 0 -1
    outer loop
      vertex 86.4352 6.4718 35.2
      vertex 87.8781 4.26992 35.2
      vertex 87.1933 4.49356 35.2
    endloop
  endfacet
  facet normal 0 0 -1
    outer loop
      vertex 86.4352 6.4718 35.2
      vertex 87.1933 4.49356 35.2
      vertex 86.4352 4.74159 35.2
    endloop
  endfacet
  facet normal 0 0 -1
    outer loop
      vertex 89.0276 3.89591 35.2
      vertex 86.4352 6.4718 35.2
      vertex 92.8 4.12368 35.2
    endloop
  endfacet
  facet normal 0.998035 0.0626634 0
    outer loop
      vertex 92.9142 -9.60583 35.99
      vertex 92.9038 -9.44019 35.2
      vertex 92.9038 -9.44019 35.99
    endloop
  endfacet
  facet normal 0.998035 0.0626634 0
    outer loop
      vertex 92.9038 -9.44019 35.2
      vertex 92.9142 -9.60583 35.99
      vertex 92.9142 -9.60583 35.2
    endloop
  endfacet
  facet normal 0.994403 0.105657 0
    outer loop
      vertex 92.9038 -9.44019 35.99
      vertex 92.8866 -9.27831 35.2
      vertex 92.8866 -9.27831 35.99
    endloop
  endfacet
  facet normal 0.994403 0.105657 0
    outer loop
      vertex 92.8866 -9.27831 35.2
      vertex 92.9038 -9.44019 35.99
      vertex 92.9038 -9.44019 35.2
    endloop
  endfacet
  facet normal 0.988484 0.151324 0
    outer loop
      vertex 92.8866 -9.27831 35.99
      vertex 92.8624 -9.12023 35.2
      vertex 92.8624 -9.12023 35.99
    endloop
  endfacet
  facet normal 0.988484 0.151324 0
    outer loop
      vertex 92.8624 -9.12023 35.2
      vertex 92.8866 -9.27831 35.99
      vertex 92.8866 -9.27831 35.2
    endloop
  endfacet
  facet normal 0.980412 0.196959 0
    outer loop
      vertex 92.8624 -9.12023 35.99
      vertex 92.8314 -8.96592 35.2
      vertex 92.8314 -8.96592 35.99
    endloop
  endfacet
  facet normal 0.980412 0.196959 0
    outer loop
      vertex 92.8314 -8.96592 35.2
      vertex 92.8624 -9.12023 35.99
      vertex 92.8624 -9.12023 35.2
    endloop
  endfacet
  facet normal 0.969587 0.244748 0
    outer loop
      vertex 92.8314 -8.96592 35.99
      vertex 92.7934 -8.81538 35.2
      vertex 92.7934 -8.81538 35.99
    endloop
  endfacet
  facet normal 0.969587 0.244748 0
    outer loop
      vertex 92.7934 -8.81538 35.2
      vertex 92.8314 -8.96592 35.99
      vertex 92.8314 -8.96592 35.2
    endloop
  endfacet
  facet normal 0.956425 0.291978 0
    outer loop
      vertex 92.7934 -8.81538 35.99
      vertex 92.7486 -8.66863 35.2
      vertex 92.7486 -8.66863 35.99
    endloop
  endfacet
  facet normal 0.956425 0.291978 0
    outer loop
      vertex 92.7486 -8.66863 35.2
      vertex 92.7934 -8.81538 35.99
      vertex 92.7934 -8.81538 35.2
    endloop
  endfacet
  facet normal 0.94041 0.340042 0
    outer loop
      vertex 92.7486 -8.66863 35.99
      vertex 92.6969 -8.52565 35.2
      vertex 92.6969 -8.52565 35.99
    endloop
  endfacet
  facet normal 0.94041 0.340042 0
    outer loop
      vertex 92.6969 -8.52565 35.2
      vertex 92.7486 -8.66863 35.99
      vertex 92.7486 -8.66863 35.2
    endloop
  endfacet
  facet normal 0.921423 0.38856 0
    outer loop
      vertex 92.6969 -8.52565 35.99
      vertex 92.6382 -8.38645 35.2
      vertex 92.6382 -8.38645 35.99
    endloop
  endfacet
  facet normal 0.921423 0.38856 0
    outer loop
      vertex 92.6382 -8.38645 35.2
      vertex 92.6969 -8.52565 35.99
      vertex 92.6969 -8.52565 35.2
    endloop
  endfacet
  facet normal 0.900494 0.434869 0
    outer loop
      vertex 92.6382 -8.38645 35.99
      vertex 92.5733 -8.25206 35.2
      vertex 92.5733 -8.25206 35.99
    endloop
  endfacet
  facet normal 0.900494 0.434869 0
    outer loop
      vertex 92.5733 -8.25206 35.2
      vertex 92.6382 -8.38645 35.99
      vertex 92.6382 -8.38645 35.2
    endloop
  endfacet
  facet normal 0.87616 0.482021 0
    outer loop
      vertex 92.5733 -8.25206 35.99
      vertex 92.5026 -8.12355 35.2
      vertex 92.5026 -8.12355 35.99
    endloop
  endfacet
  facet normal 0.87616 0.482021 0
    outer loop
      vertex 92.5026 -8.12355 35.2
      vertex 92.5733 -8.25206 35.99
      vertex 92.5733 -8.25206 35.2
    endloop
  endfacet
  facet normal 0.848406 0.529346 0
    outer loop
      vertex 92.5026 -8.12355 35.99
      vertex 92.4261 -8.00094 35.2
      vertex 92.4261 -8.00094 35.99
    endloop
  endfacet
  facet normal 0.848406 0.529346 0
    outer loop
      vertex 92.4261 -8.00094 35.2
      vertex 92.5026 -8.12355 35.99
      vertex 92.5026 -8.12355 35.2
    endloop
  endfacet
  facet normal 0.817949 0.57529 0
    outer loop
      vertex 92.4261 -8.00094 35.99
      vertex 92.344 -7.88421 35.2
      vertex 92.344 -7.88421 35.99
    endloop
  endfacet
  facet normal 0.817949 0.57529 0
    outer loop
      vertex 92.344 -7.88421 35.2
      vertex 92.4261 -8.00094 35.99
      vertex 92.4261 -8.00094 35.2
    endloop
  endfacet
  facet normal 0.783496 0.621396 0
    outer loop
      vertex 92.344 -7.88421 35.99
      vertex 92.2561 -7.77338 35.2
      vertex 92.2561 -7.77338 35.99
    endloop
  endfacet
  facet normal 0.783496 0.621396 0
    outer loop
      vertex 92.2561 -7.77338 35.2
      vertex 92.344 -7.88421 35.99
      vertex 92.344 -7.88421 35.2
    endloop
  endfacet
  facet normal 0.745988 0.665959 0
    outer loop
      vertex 92.2561 -7.77338 35.99
      vertex 92.1624 -7.66842 35.2
      vertex 92.1624 -7.66842 35.99
    endloop
  endfacet
  facet normal 0.745988 0.665959 0
    outer loop
      vertex 92.1624 -7.66842 35.2
      vertex 92.2561 -7.77338 35.99
      vertex 92.2561 -7.77338 35.2
    endloop
  endfacet
  facet normal 0.706322 0.707891 -0
    outer loop
      vertex 92.1624 -7.66842 35.2
      vertex 92.0631 -7.56934 35.99
      vertex 92.1624 -7.66842 35.99
    endloop
  endfacet
  facet normal 0.706322 0.707891 0
    outer loop
      vertex 92.0631 -7.56934 35.99
      vertex 92.1624 -7.66842 35.2
      vertex 92.0631 -7.56934 35.2
    endloop
  endfacet
  facet normal 0.66344 0.74823 -0
    outer loop
      vertex 92.0631 -7.56934 35.2
      vertex 91.958 -7.47615 35.99
      vertex 92.0631 -7.56934 35.99
    endloop
  endfacet
  facet normal 0.66344 0.74823 0
    outer loop
      vertex 91.958 -7.47615 35.99
      vertex 92.0631 -7.56934 35.2
      vertex 91.958 -7.47615 35.2
    endloop
  endfacet
  facet normal 0.618497 0.785787 -0
    outer loop
      vertex 91.958 -7.47615 35.2
      vertex 91.8471 -7.38886 35.99
      vertex 91.958 -7.47615 35.99
    endloop
  endfacet
  facet normal 0.618497 0.785787 0
    outer loop
      vertex 91.8471 -7.38886 35.99
      vertex 91.958 -7.47615 35.2
      vertex 91.8471 -7.38886 35.2
    endloop
  endfacet
  facet normal 0.572986 0.819565 -0
    outer loop
      vertex 91.8471 -7.38886 35.2
      vertex 91.7316 -7.30811 35.99
      vertex 91.8471 -7.38886 35.99
    endloop
  endfacet
  facet normal 0.572986 0.819565 0
    outer loop
      vertex 91.7316 -7.30811 35.99
      vertex 91.8471 -7.38886 35.2
      vertex 91.7316 -7.30811 35.2
    endloop
  endfacet
  facet normal 0.526175 0.850376 -0
    outer loop
      vertex 91.7316 -7.30811 35.2
      vertex 91.6127 -7.23454 35.99
      vertex 91.7316 -7.30811 35.99
    endloop
  endfacet
  facet normal 0.526175 0.850376 0
    outer loop
      vertex 91.6127 -7.23454 35.99
      vertex 91.7316 -7.30811 35.2
      vertex 91.6127 -7.23454 35.2
    endloop
  endfacet
  facet normal 0.476371 0.879244 -0
    outer loop
      vertex 91.6127 -7.23454 35.2
      vertex 91.4902 -7.16817 35.99
      vertex 91.6127 -7.23454 35.99
    endloop
  endfacet
  facet normal 0.476371 0.879244 0
    outer loop
      vertex 91.4902 -7.16817 35.99
      vertex 91.6127 -7.23454 35.2
      vertex 91.4902 -7.16817 35.2
    endloop
  endfacet
  facet normal 0.425402 0.905004 -0
    outer loop
      vertex 91.4902 -7.16817 35.2
      vertex 91.3643 -7.10899 35.99
      vertex 91.4902 -7.16817 35.99
    endloop
  endfacet
  facet normal 0.425402 0.905004 0
    outer loop
      vertex 91.3643 -7.10899 35.99
      vertex 91.4902 -7.16817 35.2
      vertex 91.3643 -7.10899 35.2
    endloop
  endfacet
  facet normal 0.37275 0.927932 -0
    outer loop
      vertex 91.3643 -7.10899 35.2
      vertex 91.2349 -7.05701 35.99
      vertex 91.3643 -7.10899 35.99
    endloop
  endfacet
  facet normal 0.37275 0.927932 0
    outer loop
      vertex 91.2349 -7.05701 35.99
      vertex 91.3643 -7.10899 35.2
      vertex 91.2349 -7.05701 35.2
    endloop
  endfacet
  facet normal 0.319219 0.947681 -0
    outer loop
      vertex 91.2349 -7.05701 35.2
      vertex 91.1019 -7.01221 35.99
      vertex 91.2349 -7.05701 35.99
    endloop
  endfacet
  facet normal 0.319219 0.947681 0
    outer loop
      vertex 91.1019 -7.01221 35.99
      vertex 91.2349 -7.05701 35.2
      vertex 91.1019 -7.01221 35.2
    endloop
  endfacet
  facet normal 0.265682 0.964061 -0
    outer loop
      vertex 91.1019 -7.01221 35.2
      vertex 90.9655 -6.97462 35.99
      vertex 91.1019 -7.01221 35.99
    endloop
  endfacet
  facet normal 0.265682 0.964061 0
    outer loop
      vertex 90.9655 -6.97462 35.99
      vertex 91.1019 -7.01221 35.2
      vertex 90.9655 -6.97462 35.2
    endloop
  endfacet
  facet normal 0.212554 0.977149 -0
    outer loop
      vertex 90.9655 -6.97462 35.2
      vertex 90.8257 -6.94421 35.99
      vertex 90.9655 -6.97462 35.99
    endloop
  endfacet
  facet normal 0.212554 0.977149 0
    outer loop
      vertex 90.8257 -6.94421 35.99
      vertex 90.9655 -6.97462 35.2
      vertex 90.8257 -6.94421 35.2
    endloop
  endfacet
  facet normal 0.159709 0.987164 -0
    outer loop
      vertex 90.8257 -6.94421 35.2
      vertex 90.6823 -6.92101 35.99
      vertex 90.8257 -6.94421 35.99
    endloop
  endfacet
  facet normal 0.159709 0.987164 0
    outer loop
      vertex 90.6823 -6.92101 35.99
      vertex 90.8257 -6.94421 35.2
      vertex 90.6823 -6.92101 35.2
    endloop
  endfacet
  facet normal -0.998942 0.0459873 0
    outer loop
      vertex 90.6059 -8.58058 35.2
      vertex 90.6823 -6.92101 35.99
      vertex 90.6823 -6.92101 35.2
    endloop
  endfacet
  facet normal -0.998942 0.0459873 0
    outer loop
      vertex 90.6823 -6.92101 35.99
      vertex 90.6059 -8.58058 35.2
      vertex 90.6059 -8.58058 35.99
    endloop
  endfacet
  facet normal -0.155444 -0.987845 0
    outer loop
      vertex 90.6059 -8.58058 35.2
      vertex 90.733 -8.60058 35.99
      vertex 90.6059 -8.58058 35.99
    endloop
  endfacet
  facet normal -0.155444 -0.987845 -0
    outer loop
      vertex 90.733 -8.60058 35.99
      vertex 90.6059 -8.58058 35.2
      vertex 90.733 -8.60058 35.2
    endloop
  endfacet
  facet normal -0.211455 -0.977388 0
    outer loop
      vertex 90.733 -8.60058 35.2
      vertex 90.8529 -8.62652 35.99
      vertex 90.733 -8.60058 35.99
    endloop
  endfacet
  facet normal -0.211455 -0.977388 -0
    outer loop
      vertex 90.8529 -8.62652 35.99
      vertex 90.733 -8.60058 35.2
      vertex 90.8529 -8.62652 35.2
    endloop
  endfacet
  facet normal -0.272129 -0.962261 0
    outer loop
      vertex 90.8529 -8.62652 35.2
      vertex 90.9657 -8.65842 35.99
      vertex 90.8529 -8.62652 35.99
    endloop
  endfacet
  facet normal -0.272129 -0.962261 -0
    outer loop
      vertex 90.9657 -8.65842 35.99
      vertex 90.8529 -8.62652 35.2
      vertex 90.9657 -8.65842 35.2
    endloop
  endfacet
  facet normal -0.337772 -0.941228 0
    outer loop
      vertex 90.9657 -8.65842 35.2
      vertex 91.0712 -8.69628 35.99
      vertex 90.9657 -8.65842 35.99
    endloop
  endfacet
  facet normal -0.337772 -0.941228 -0
    outer loop
      vertex 91.0712 -8.69628 35.99
      vertex 90.9657 -8.65842 35.2
      vertex 91.0712 -8.69628 35.2
    endloop
  endfacet
  facet normal -0.40681 -0.913513 0
    outer loop
      vertex 91.0712 -8.69628 35.2
      vertex 91.1696 -8.7401 35.99
      vertex 91.0712 -8.69628 35.99
    endloop
  endfacet
  facet normal -0.40681 -0.913513 -0
    outer loop
      vertex 91.1696 -8.7401 35.99
      vertex 91.0712 -8.69628 35.2
      vertex 91.1696 -8.7401 35.2
    endloop
  endfacet
  facet normal -0.47896 -0.877837 0
    outer loop
      vertex 91.1696 -8.7401 35.2
      vertex 91.2608 -8.78986 35.99
      vertex 91.1696 -8.7401 35.99
    endloop
  endfacet
  facet normal -0.47896 -0.877837 -0
    outer loop
      vertex 91.2608 -8.78986 35.99
      vertex 91.1696 -8.7401 35.2
      vertex 91.2608 -8.78986 35.2
    endloop
  endfacet
  facet normal -0.552913 -0.833239 0
    outer loop
      vertex 91.2608 -8.78986 35.2
      vertex 91.3448 -8.8456 35.99
      vertex 91.2608 -8.78986 35.99
    endloop
  endfacet
  facet normal -0.552913 -0.833239 -0
    outer loop
      vertex 91.3448 -8.8456 35.99
      vertex 91.2608 -8.78986 35.2
      vertex 91.3448 -8.8456 35.2
    endloop
  endfacet
  facet normal -0.62618 -0.779679 0
    outer loop
      vertex 91.3448 -8.8456 35.2
      vertex 91.4216 -8.90728 35.99
      vertex 91.3448 -8.8456 35.99
    endloop
  endfacet
  facet normal -0.62618 -0.779679 -0
    outer loop
      vertex 91.4216 -8.90728 35.99
      vertex 91.3448 -8.8456 35.2
      vertex 91.4216 -8.90728 35.2
    endloop
  endfacet
  facet normal -0.69699 -0.717081 0
    outer loop
      vertex 91.4216 -8.90728 35.2
      vertex 91.4912 -8.97493 35.99
      vertex 91.4216 -8.90728 35.99
    endloop
  endfacet
  facet normal -0.69699 -0.717081 -0
    outer loop
      vertex 91.4912 -8.97493 35.99
      vertex 91.4216 -8.90728 35.2
      vertex 91.4912 -8.97493 35.2
    endloop
  endfacet
  facet normal -0.758488 -0.651687 0
    outer loop
      vertex 91.5535 -9.04744 35.2
      vertex 91.4912 -8.97493 35.99
      vertex 91.4912 -8.97493 35.2
    endloop
  endfacet
  facet normal -0.758488 -0.651687 0
    outer loop
      vertex 91.4912 -8.97493 35.99
      vertex 91.5535 -9.04744 35.2
      vertex 91.5535 -9.04744 35.99
    endloop
  endfacet
  facet normal -0.811212 -0.584753 0
    outer loop
      vertex 91.6085 -9.12374 35.2
      vertex 91.5535 -9.04744 35.99
      vertex 91.5535 -9.04744 35.2
    endloop
  endfacet
  facet normal -0.811212 -0.584753 0
    outer loop
      vertex 91.5535 -9.04744 35.99
      vertex 91.6085 -9.12374 35.2
      vertex 91.6085 -9.12374 35.99
    endloop
  endfacet
  facet normal -0.859079 -0.511842 0
    outer loop
      vertex 91.6562 -9.2038 35.2
      vertex 91.6085 -9.12374 35.99
      vertex 91.6085 -9.12374 35.2
    endloop
  endfacet
  facet normal -0.859079 -0.511842 0
    outer loop
      vertex 91.6085 -9.12374 35.99
      vertex 91.6562 -9.2038 35.2
      vertex 91.6562 -9.2038 35.99
    endloop
  endfacet
  facet normal -0.901305 -0.433185 0
    outer loop
      vertex 91.6965 -9.28765 35.2
      vertex 91.6562 -9.2038 35.99
      vertex 91.6562 -9.2038 35.2
    endloop
  endfacet
  facet normal -0.901305 -0.433185 0
    outer loop
      vertex 91.6562 -9.2038 35.99
      vertex 91.6965 -9.28765 35.2
      vertex 91.6965 -9.28765 35.99
    endloop
  endfacet
  facet normal -0.935828 -0.352457 0
    outer loop
      vertex 91.7295 -9.37527 35.2
      vertex 91.6965 -9.28765 35.99
      vertex 91.6965 -9.28765 35.2
    endloop
  endfacet
  facet normal -0.935828 -0.352457 0
    outer loop
      vertex 91.6965 -9.28765 35.99
      vertex 91.7295 -9.37527 35.2
      vertex 91.7295 -9.37527 35.99
    endloop
  endfacet
  facet normal -0.962668 -0.270685 0
    outer loop
      vertex 91.7552 -9.46667 35.2
      vertex 91.7295 -9.37527 35.99
      vertex 91.7295 -9.37527 35.2
    endloop
  endfacet
  facet normal -0.962668 -0.270685 0
    outer loop
      vertex 91.7295 -9.37527 35.99
      vertex 91.7552 -9.46667 35.2
      vertex 91.7552 -9.46667 35.99
    endloop
  endfacet
  facet normal -0.98201 -0.188828 0
    outer loop
      vertex 91.7735 -9.56184 35.2
      vertex 91.7552 -9.46667 35.99
      vertex 91.7552 -9.46667 35.2
    endloop
  endfacet
  facet normal -0.98201 -0.188828 0
    outer loop
      vertex 91.7552 -9.46667 35.99
      vertex 91.7735 -9.56184 35.2
      vertex 91.7735 -9.56184 35.99
    endloop
  endfacet
  facet normal -0.993879 -0.110476 0
    outer loop
      vertex 91.7845 -9.6608 35.2
      vertex 91.7735 -9.56184 35.99
      vertex 91.7735 -9.56184 35.2
    endloop
  endfacet
  facet normal -0.993879 -0.110476 0
    outer loop
      vertex 91.7735 -9.56184 35.99
      vertex 91.7845 -9.6608 35.2
      vertex 91.7845 -9.6608 35.99
    endloop
  endfacet
  facet normal -0.999352 -0.0359934 0
    outer loop
      vertex 91.7882 -9.76353 35.2
      vertex 91.7845 -9.6608 35.99
      vertex 91.7845 -9.6608 35.2
    endloop
  endfacet
  facet normal -0.999352 -0.0359934 0
    outer loop
      vertex 91.7845 -9.6608 35.99
      vertex 91.7882 -9.76353 35.2
      vertex 91.7882 -9.76353 35.99
    endloop
  endfacet
  facet normal -0.995072 0.0991536 0
    outer loop
      vertex 91.761 -10.0365 35.2
      vertex 91.7882 -9.76353 35.99
      vertex 91.7882 -9.76353 35.2
    endloop
  endfacet
  facet normal -0.995072 0.0991536 0
    outer loop
      vertex 91.7882 -9.76353 35.99
      vertex 91.761 -10.0365 35.2
      vertex 91.761 -10.0365 35.99
    endloop
  endfacet
  facet normal -0.947337 0.320238 0
    outer loop
      vertex 91.6796 -10.2773 35.2
      vertex 91.761 -10.0365 35.99
      vertex 91.761 -10.0365 35.2
    endloop
  endfacet
  facet normal -0.947337 0.320238 0
    outer loop
      vertex 91.761 -10.0365 35.99
      vertex 91.6796 -10.2773 35.2
      vertex 91.6796 -10.2773 35.99
    endloop
  endfacet
  facet normal -0.838297 0.545214 0
    outer loop
      vertex 91.5438 -10.4861 35.2
      vertex 91.6796 -10.2773 35.99
      vertex 91.6796 -10.2773 35.2
    endloop
  endfacet
  facet normal -0.838297 0.545214 0
    outer loop
      vertex 91.6796 -10.2773 35.99
      vertex 91.5438 -10.4861 35.2
      vertex 91.5438 -10.4861 35.99
    endloop
  endfacet
  facet normal -0.680422 0.732821 0
    outer loop
      vertex 91.5438 -10.4861 35.2
      vertex 91.3536 -10.6627 35.99
      vertex 91.5438 -10.4861 35.99
    endloop
  endfacet
  facet normal -0.680422 0.732821 0
    outer loop
      vertex 91.3536 -10.6627 35.99
      vertex 91.5438 -10.4861 35.2
      vertex 91.3536 -10.6627 35.2
    endloop
  endfacet
  facet normal -0.508943 0.8608 0
    outer loop
      vertex 91.3536 -10.6627 35.2
      vertex 91.1092 -10.8072 35.99
      vertex 91.3536 -10.6627 35.99
    endloop
  endfacet
  facet normal -0.508943 0.8608 0
    outer loop
      vertex 91.1092 -10.8072 35.99
      vertex 91.3536 -10.6627 35.2
      vertex 91.1092 -10.8072 35.2
    endloop
  endfacet
  facet normal -0.352084 0.935968 0
    outer loop
      vertex 91.1092 -10.8072 35.2
      vertex 90.8104 -10.9196 35.99
      vertex 91.1092 -10.8072 35.99
    endloop
  endfacet
  facet normal -0.352084 0.935968 0
    outer loop
      vertex 90.8104 -10.9196 35.99
      vertex 91.1092 -10.8072 35.2
      vertex 90.8104 -10.9196 35.2
    endloop
  endfacet
  facet normal -0.221752 0.975103 0
    outer loop
      vertex 90.8104 -10.9196 35.2
      vertex 90.4573 -10.9999 35.99
      vertex 90.8104 -10.9196 35.99
    endloop
  endfacet
  facet normal -0.221752 0.975103 0
    outer loop
      vertex 90.4573 -10.9999 35.99
      vertex 90.8104 -10.9196 35.2
      vertex 90.4573 -10.9999 35.2
    endloop
  endfacet
  facet normal -0.117251 0.993102 0
    outer loop
      vertex 90.4573 -10.9999 35.2
      vertex 90.0499 -11.048 35.99
      vertex 90.4573 -10.9999 35.99
    endloop
  endfacet
  facet normal -0.117251 0.993102 0
    outer loop
      vertex 90.0499 -11.048 35.99
      vertex 90.4573 -10.9999 35.2
      vertex 90.0499 -11.048 35.2
    endloop
  endfacet
  facet normal -0.0348499 0.999393 0
    outer loop
      vertex 90.0499 -11.048 35.2
      vertex 89.5882 -11.0641 35.99
      vertex 90.0499 -11.048 35.99
    endloop
  endfacet
  facet normal -0.0348499 0.999393 0
    outer loop
      vertex 89.5882 -11.0641 35.99
      vertex 90.0499 -11.048 35.2
      vertex 89.5882 -11.0641 35.2
    endloop
  endfacet
  facet normal 0.0352302 0.999379 -0
    outer loop
      vertex 89.5882 -11.0641 35.2
      vertex 89.14 -11.0483 35.99
      vertex 89.5882 -11.0641 35.99
    endloop
  endfacet
  facet normal 0.0352302 0.999379 0
    outer loop
      vertex 89.14 -11.0483 35.99
      vertex 89.5882 -11.0641 35.2
      vertex 89.14 -11.0483 35.2
    endloop
  endfacet
  facet normal 0.118779 0.992921 -0
    outer loop
      vertex 89.14 -11.0483 35.2
      vertex 88.7446 -11.001 35.99
      vertex 89.14 -11.0483 35.99
    endloop
  endfacet
  facet normal 0.118779 0.992921 0
    outer loop
      vertex 88.7446 -11.001 35.99
      vertex 89.14 -11.0483 35.2
      vertex 88.7446 -11.001 35.2
    endloop
  endfacet
  facet normal 0.224091 0.974568 -0
    outer loop
      vertex 88.7446 -11.001 35.2
      vertex 88.4019 -10.9222 35.99
      vertex 88.7446 -11.001 35.99
    endloop
  endfacet
  facet normal 0.224091 0.974568 0
    outer loop
      vertex 88.4019 -10.9222 35.99
      vertex 88.7446 -11.001 35.2
      vertex 88.4019 -10.9222 35.2
    endloop
  endfacet
  facet normal 0.355781 0.934569 -0
    outer loop
      vertex 88.4019 -10.9222 35.2
      vertex 88.1119 -10.8118 35.99
      vertex 88.4019 -10.9222 35.99
    endloop
  endfacet
  facet normal 0.355781 0.934569 0
    outer loop
      vertex 88.1119 -10.8118 35.99
      vertex 88.4019 -10.9222 35.2
      vertex 88.1119 -10.8118 35.2
    endloop
  endfacet
  facet normal 0.513219 0.858258 -0
    outer loop
      vertex 88.1119 -10.8118 35.2
      vertex 87.8746 -10.6699 35.99
      vertex 88.1119 -10.8118 35.99
    endloop
  endfacet
  facet normal 0.513219 0.858258 0
    outer loop
      vertex 87.8746 -10.6699 35.99
      vertex 88.1119 -10.8118 35.2
      vertex 87.8746 -10.6699 35.2
    endloop
  endfacet
  facet normal 0.684847 0.728687 -0
    outer loop
      vertex 87.8746 -10.6699 35.2
      vertex 87.6901 -10.4965 35.99
      vertex 87.8746 -10.6699 35.99
    endloop
  endfacet
  facet normal 0.684847 0.728687 0
    outer loop
      vertex 87.6901 -10.4965 35.99
      vertex 87.8746 -10.6699 35.2
      vertex 87.6901 -10.4965 35.2
    endloop
  endfacet
  facet normal 0.841032 0.540986 0
    outer loop
      vertex 87.6901 -10.4965 35.99
      vertex 87.5583 -10.2916 35.2
      vertex 87.5583 -10.2916 35.99
    endloop
  endfacet
  facet normal 0.841032 0.540986 0
    outer loop
      vertex 87.5583 -10.2916 35.2
      vertex 87.6901 -10.4965 35.99
      vertex 87.6901 -10.4965 35.2
    endloop
  endfacet
  facet normal 0.948362 0.31719 0
    outer loop
      vertex 87.5583 -10.2916 35.99
      vertex 87.4792 -10.0551 35.2
      vertex 87.4792 -10.0551 35.99
    endloop
  endfacet
  facet normal 0.948362 0.31719 0
    outer loop
      vertex 87.4792 -10.0551 35.2
      vertex 87.5583 -10.2916 35.99
      vertex 87.5583 -10.2916 35.2
    endloop
  endfacet
  facet normal 0.995185 0.0980149 0
    outer loop
      vertex 87.4792 -10.0551 35.99
      vertex 87.4528 -9.78705 35.2
      vertex 87.4528 -9.78705 35.99
    endloop
  endfacet
  facet normal 0.995185 0.0980149 0
    outer loop
      vertex 87.4528 -9.78705 35.2
      vertex 87.4792 -10.0551 35.99
      vertex 87.4792 -10.0551 35.2
    endloop
  endfacet
  facet normal 0.999486 -0.0320719 0
    outer loop
      vertex 87.4528 -9.78705 35.99
      vertex 87.4564 -9.67486 35.2
      vertex 87.4564 -9.67486 35.99
    endloop
  endfacet
  facet normal 0.999486 -0.0320719 0
    outer loop
      vertex 87.4564 -9.67486 35.2
      vertex 87.4528 -9.78705 35.99
      vertex 87.4528 -9.78705 35.2
    endloop
  endfacet
  facet normal 0.994885 -0.101013 0
    outer loop
      vertex 87.4564 -9.67486 35.99
      vertex 87.4672 -9.56849 35.2
      vertex 87.4672 -9.56849 35.99
    endloop
  endfacet
  facet normal 0.994885 -0.101013 0
    outer loop
      vertex 87.4672 -9.56849 35.2
      vertex 87.4564 -9.67486 35.99
      vertex 87.4564 -9.67486 35.2
    endloop
  endfacet
  facet normal 0.984355 -0.176197 0
    outer loop
      vertex 87.4672 -9.56849 35.99
      vertex 87.4852 -9.46793 35.2
      vertex 87.4852 -9.46793 35.99
    endloop
  endfacet
  facet normal 0.984355 -0.176197 0
    outer loop
      vertex 87.4852 -9.46793 35.2
      vertex 87.4672 -9.56849 35.99
      vertex 87.4672 -9.56849 35.2
    endloop
  endfacet
  facet normal 0.966404 -0.257028 0
    outer loop
      vertex 87.4852 -9.46793 35.99
      vertex 87.5104 -9.37318 35.2
      vertex 87.5104 -9.37318 35.99
    endloop
  endfacet
  facet normal 0.966404 -0.257028 0
    outer loop
      vertex 87.5104 -9.37318 35.2
      vertex 87.4852 -9.46793 35.99
      vertex 87.4852 -9.46793 35.2
    endloop
  endfacet
  facet normal 0.939923 -0.341387 0
    outer loop
      vertex 87.5104 -9.37318 35.99
      vertex 87.5427 -9.28425 35.2
      vertex 87.5427 -9.28425 35.99
    endloop
  endfacet
  facet normal 0.939923 -0.341387 0
    outer loop
      vertex 87.5427 -9.28425 35.2
      vertex 87.5104 -9.37318 35.99
      vertex 87.5104 -9.37318 35.2
    endloop
  endfacet
  facet normal 0.90278 -0.430102 0
    outer loop
      vertex 87.5427 -9.28425 35.99
      vertex 87.5823 -9.20113 35.2
      vertex 87.5823 -9.20113 35.99
    endloop
  endfacet
  facet normal 0.90278 -0.430102 0
    outer loop
      vertex 87.5823 -9.20113 35.2
      vertex 87.5427 -9.28425 35.99
      vertex 87.5427 -9.28425 35.2
    endloop
  endfacet
  facet normal 0.855955 -0.51705 0
    outer loop
      vertex 87.5823 -9.20113 35.99
      vertex 87.629 -9.12382 35.2
      vertex 87.629 -9.12382 35.99
    endloop
  endfacet
  facet normal 0.855955 -0.51705 0
    outer loop
      vertex 87.629 -9.12382 35.2
      vertex 87.5823 -9.20113 35.99
      vertex 87.5823 -9.20113 35.2
    endloop
  endfacet
  facet normal 0.798523 -0.601964 0
    outer loop
      vertex 87.629 -9.12382 35.99
      vertex 87.6829 -9.05232 35.2
      vertex 87.6829 -9.05232 35.99
    endloop
  endfacet
  facet normal 0.798523 -0.601964 0
    outer loop
      vertex 87.6829 -9.05232 35.2
      vertex 87.629 -9.12382 35.99
      vertex 87.629 -9.12382 35.2
    endloop
  endfacet
  facet normal 0.732174 -0.681118 0
    outer loop
      vertex 87.6829 -9.05232 35.99
      vertex 87.744 -8.98664 35.2
      vertex 87.744 -8.98664 35.99
    endloop
  endfacet
  facet normal 0.732174 -0.681118 0
    outer loop
      vertex 87.744 -8.98664 35.2
      vertex 87.6829 -9.05232 35.99
      vertex 87.6829 -9.05232 35.2
    endloop
  endfacet
  facet normal 0.666941 -0.745111 0
    outer loop
      vertex 87.744 -8.98664 35.2
      vertex 87.8112 -8.92649 35.99
      vertex 87.744 -8.98664 35.99
    endloop
  endfacet
  facet normal 0.666941 -0.745111 0
    outer loop
      vertex 87.8112 -8.92649 35.99
      vertex 87.744 -8.98664 35.2
      vertex 87.8112 -8.92649 35.2
    endloop
  endfacet
  facet normal 0.606482 -0.795097 0
    outer loop
      vertex 87.8112 -8.92649 35.2
      vertex 87.8832 -8.87157 35.99
      vertex 87.8112 -8.92649 35.99
    endloop
  endfacet
  facet normal 0.606482 -0.795097 0
    outer loop
      vertex 87.8832 -8.87157 35.99
      vertex 87.8112 -8.92649 35.2
      vertex 87.8832 -8.87157 35.2
    endloop
  endfacet
  facet normal 0.542798 -0.839863 0
    outer loop
      vertex 87.8832 -8.87157 35.2
      vertex 87.9601 -8.82187 35.99
      vertex 87.8832 -8.87157 35.99
    endloop
  endfacet
  facet normal 0.542798 -0.839863 0
    outer loop
      vertex 87.9601 -8.82187 35.99
      vertex 87.8832 -8.87157 35.2
      vertex 87.9601 -8.82187 35.2
    endloop
  endfacet
  facet normal 0.477993 -0.878364 0
    outer loop
      vertex 87.9601 -8.82187 35.2
      vertex 88.0418 -8.77741 35.99
      vertex 87.9601 -8.82187 35.99
    endloop
  endfacet
  facet normal 0.477993 -0.878364 0
    outer loop
      vertex 88.0418 -8.77741 35.99
      vertex 87.9601 -8.82187 35.2
      vertex 88.0418 -8.77741 35.2
    endloop
  endfacet
  facet normal 0.41255 -0.910935 0
    outer loop
      vertex 88.0418 -8.77741 35.2
      vertex 88.1284 -8.73819 35.99
      vertex 88.0418 -8.77741 35.99
    endloop
  endfacet
  facet normal 0.41255 -0.910935 0
    outer loop
      vertex 88.1284 -8.73819 35.99
      vertex 88.0418 -8.77741 35.2
      vertex 88.1284 -8.73819 35.2
    endloop
  endfacet
  facet normal 0.348225 -0.937411 0
    outer loop
      vertex 88.1284 -8.73819 35.2
      vertex 88.2199 -8.7042 35.99
      vertex 88.1284 -8.73819 35.99
    endloop
  endfacet
  facet normal 0.348225 -0.937411 0
    outer loop
      vertex 88.2199 -8.7042 35.99
      vertex 88.1284 -8.73819 35.2
      vertex 88.2199 -8.7042 35.2
    endloop
  endfacet
  facet normal 0.286161 -0.958182 0
    outer loop
      vertex 88.2199 -8.7042 35.2
      vertex 88.3162 -8.67544 35.99
      vertex 88.2199 -8.7042 35.99
    endloop
  endfacet
  facet normal 0.286161 -0.958182 0
    outer loop
      vertex 88.3162 -8.67544 35.99
      vertex 88.2199 -8.7042 35.2
      vertex 88.3162 -8.67544 35.2
    endloop
  endfacet
  facet normal 0.22656 -0.973997 0
    outer loop
      vertex 88.3162 -8.67544 35.2
      vertex 88.4174 -8.6519 35.99
      vertex 88.3162 -8.67544 35.99
    endloop
  endfacet
  facet normal 0.22656 -0.973997 0
    outer loop
      vertex 88.4174 -8.6519 35.99
      vertex 88.3162 -8.67544 35.2
      vertex 88.4174 -8.6519 35.2
    endloop
  endfacet
  facet normal 0.169969 -0.985449 0
    outer loop
      vertex 88.4174 -8.6519 35.2
      vertex 88.5235 -8.6336 35.99
      vertex 88.4174 -8.6519 35.99
    endloop
  endfacet
  facet normal 0.169969 -0.985449 0
    outer loop
      vertex 88.5235 -8.6336 35.99
      vertex 88.4174 -8.6519 35.2
      vertex 88.5235 -8.6336 35.2
    endloop
  endfacet
  facet normal 0.998778 0.0494151 0
    outer loop
      vertex 88.5235 -8.6336 35.99
      vertex 88.4411 -6.96813 35.2
      vertex 88.4411 -6.96813 35.99
    endloop
  endfacet
  facet normal 0.998778 0.0494151 0
    outer loop
      vertex 88.4411 -6.96813 35.2
      vertex 88.5235 -8.6336 35.99
      vertex 88.5235 -8.6336 35.2
    endloop
  endfacet
  facet normal -0.219943 0.975513 0
    outer loop
      vertex 88.4411 -6.96813 35.2
      vertex 88.2255 -7.01674 35.99
      vertex 88.4411 -6.96813 35.99
    endloop
  endfacet
  facet normal -0.219943 0.975513 0
    outer loop
      vertex 88.2255 -7.01674 35.99
      vertex 88.4411 -6.96813 35.2
      vertex 88.2255 -7.01674 35.2
    endloop
  endfacet
  facet normal -0.290002 0.957026 0
    outer loop
      vertex 88.2255 -7.01674 35.2
      vertex 88.0205 -7.07886 35.99
      vertex 88.2255 -7.01674 35.99
    endloop
  endfacet
  facet normal -0.290002 0.957026 0
    outer loop
      vertex 88.0205 -7.07886 35.99
      vertex 88.2255 -7.01674 35.2
      vertex 88.0205 -7.07886 35.2
    endloop
  endfacet
  facet normal -0.362613 0.93194 0
    outer loop
      vertex 88.0205 -7.07886 35.2
      vertex 87.8261 -7.1545 35.99
      vertex 88.0205 -7.07886 35.99
    endloop
  endfacet
  facet normal -0.362613 0.93194 0
    outer loop
      vertex 87.8261 -7.1545 35.99
      vertex 88.0205 -7.07886 35.2
      vertex 87.8261 -7.1545 35.2
    endloop
  endfacet
  facet normal -0.436412 0.899747 0
    outer loop
      vertex 87.8261 -7.1545 35.2
      vertex 87.6423 -7.24365 35.99
      vertex 87.8261 -7.1545 35.99
    endloop
  endfacet
  facet normal -0.436412 0.899747 0
    outer loop
      vertex 87.6423 -7.24365 35.99
      vertex 87.8261 -7.1545 35.2
      vertex 87.6423 -7.24365 35.2
    endloop
  endfacet
  facet normal -0.509887 0.860242 0
    outer loop
      vertex 87.6423 -7.24365 35.2
      vertex 87.4691 -7.34631 35.99
      vertex 87.6423 -7.24365 35.99
    endloop
  endfacet
  facet normal -0.509887 0.860242 0
    outer loop
      vertex 87.4691 -7.34631 35.99
      vertex 87.6423 -7.24365 35.2
      vertex 87.4691 -7.34631 35.2
    endloop
  endfacet
  facet normal -0.581361 0.813646 0
    outer loop
      vertex 87.4691 -7.34631 35.2
      vertex 87.3065 -7.46249 35.99
      vertex 87.4691 -7.34631 35.99
    endloop
  endfacet
  facet normal -0.581361 0.813646 0
    outer loop
      vertex 87.3065 -7.46249 35.99
      vertex 87.4691 -7.34631 35.2
      vertex 87.3065 -7.46249 35.2
    endloop
  endfacet
  facet normal -0.649071 0.760728 0
    outer loop
      vertex 87.3065 -7.46249 35.2
      vertex 87.1545 -7.59218 35.99
      vertex 87.3065 -7.46249 35.99
    endloop
  endfacet
  facet normal -0.649071 0.760728 0
    outer loop
      vertex 87.1545 -7.59218 35.99
      vertex 87.3065 -7.46249 35.2
      vertex 87.1545 -7.59218 35.2
    endloop
  endfacet
  facet normal -0.711614 0.702571 0
    outer loop
      vertex 87.0131 -7.7354 35.2
      vertex 87.1545 -7.59218 35.99
      vertex 87.1545 -7.59218 35.2
    endloop
  endfacet
  facet normal -0.711614 0.702571 0
    outer loop
      vertex 87.1545 -7.59218 35.99
      vertex 87.0131 -7.7354 35.2
      vertex 87.0131 -7.7354 35.99
    endloop
  endfacet
  facet normal -0.767739 0.640762 0
    outer loop
      vertex 86.8823 -7.89212 35.2
      vertex 87.0131 -7.7354 35.99
      vertex 87.0131 -7.7354 35.2
    endloop
  endfacet
  facet normal -0.767739 0.640762 0
    outer loop
      vertex 87.0131 -7.7354 35.99
      vertex 86.8823 -7.89212 35.2
      vertex 86.8823 -7.89212 35.99
    endloop
  endfacet
  facet normal -0.817606 0.575779 0
    outer loop
      vertex 86.7638 -8.06039 35.2
      vertex 86.8823 -7.89212 35.99
      vertex 86.8823 -7.89212 35.2
    endloop
  endfacet
  facet normal -0.817606 0.575779 0
    outer loop
      vertex 86.8823 -7.89212 35.99
      vertex 86.7638 -8.06039 35.2
      vertex 86.7638 -8.06039 35.99
    endloop
  endfacet
  facet normal -0.861959 0.506978 0
    outer loop
      vertex 86.6592 -8.23823 35.2
      vertex 86.7638 -8.06039 35.99
      vertex 86.7638 -8.06039 35.2
    endloop
  endfacet
  facet normal -0.861959 0.506978 0
    outer loop
      vertex 86.7638 -8.06039 35.99
      vertex 86.6592 -8.23823 35.2
      vertex 86.6592 -8.23823 35.99
    endloop
  endfacet
  facet normal -0.900341 0.435184 0
    outer loop
      vertex 86.5686 -8.42567 35.2
      vertex 86.6592 -8.23823 35.99
      vertex 86.6592 -8.23823 35.2
    endloop
  endfacet
  facet normal -0.900341 0.435184 0
    outer loop
      vertex 86.6592 -8.23823 35.99
      vertex 86.5686 -8.42567 35.2
      vertex 86.5686 -8.42567 35.99
    endloop
  endfacet
  facet normal -0.931887 0.362748 0
    outer loop
      vertex 86.4919 -8.62271 35.2
      vertex 86.5686 -8.42567 35.99
      vertex 86.5686 -8.42567 35.2
    endloop
  endfacet
  facet normal -0.931887 0.362748 0
    outer loop
      vertex 86.5686 -8.42567 35.99
      vertex 86.4919 -8.62271 35.2
      vertex 86.4919 -8.62271 35.99
    endloop
  endfacet
  facet normal -0.956907 0.290393 0
    outer loop
      vertex 86.4292 -8.82932 35.2
      vertex 86.4919 -8.62271 35.99
      vertex 86.4919 -8.62271 35.2
    endloop
  endfacet
  facet normal -0.956907 0.290393 0
    outer loop
      vertex 86.4919 -8.62271 35.99
      vertex 86.4292 -8.82932 35.2
      vertex 86.4292 -8.82932 35.99
    endloop
  endfacet
  facet normal -0.975464 0.220158 0
    outer loop
      vertex 86.3804 -9.04554 35.2
      vertex 86.4292 -8.82932 35.99
      vertex 86.4292 -8.82932 35.2
    endloop
  endfacet
  facet normal -0.975464 0.220158 0
    outer loop
      vertex 86.4292 -8.82932 35.99
      vertex 86.3804 -9.04554 35.2
      vertex 86.3804 -9.04554 35.99
    endloop
  endfacet
  facet normal -0.988266 0.152741 0
    outer loop
      vertex 86.3455 -9.27135 35.2
      vertex 86.3804 -9.04554 35.99
      vertex 86.3804 -9.04554 35.2
    endloop
  endfacet
  facet normal -0.988266 0.152741 0
    outer loop
      vertex 86.3804 -9.04554 35.99
      vertex 86.3455 -9.27135 35.2
      vertex 86.3455 -9.27135 35.99
    endloop
  endfacet
  facet normal -0.996081 0.0884409 0
    outer loop
      vertex 86.3246 -9.50674 35.2
      vertex 86.3455 -9.27135 35.99
      vertex 86.3455 -9.27135 35.2
    endloop
  endfacet
  facet normal -0.996081 0.0884409 0
    outer loop
      vertex 86.3455 -9.27135 35.99
      vertex 86.3246 -9.50674 35.2
      vertex 86.3246 -9.50674 35.99
    endloop
  endfacet
  facet normal -0.999592 0.0285598 0
    outer loop
      vertex 86.3176 -9.75174 35.2
      vertex 86.3246 -9.50674 35.99
      vertex 86.3246 -9.50674 35.2
    endloop
  endfacet
  facet normal -0.999592 0.0285598 0
    outer loop
      vertex 86.3246 -9.50674 35.99
      vertex 86.3176 -9.75174 35.2
      vertex 86.3176 -9.75174 35.99
    endloop
  endfacet
  facet normal -0.999406 -0.0344557 0
    outer loop
      vertex 86.3285 -10.0679 35.2
      vertex 86.3176 -9.75174 35.99
      vertex 86.3176 -9.75174 35.2
    endloop
  endfacet
  facet normal -0.999406 -0.0344557 0
    outer loop
      vertex 86.3176 -9.75174 35.99
      vertex 86.3285 -10.0679 35.2
      vertex 86.3285 -10.0679 35.99
    endloop
  endfacet
  facet normal -0.994172 -0.10781 0
    outer loop
      vertex 86.361 -10.3676 35.2
      vertex 86.3285 -10.0679 35.99
      vertex 86.3285 -10.0679 35.2
    endloop
  endfacet
  facet normal -0.994172 -0.10781 0
    outer loop
      vertex 86.3285 -10.0679 35.99
      vertex 86.361 -10.3676 35.2
      vertex 86.361 -10.3676 35.99
    endloop
  endfacet
  facet normal -0.982122 -0.188243 0
    outer loop
      vertex 86.4153 -10.6509 35.2
      vertex 86.361 -10.3676 35.99
      vertex 86.361 -10.3676 35.2
    endloop
  endfacet
  facet normal -0.982122 -0.188243 0
    outer loop
      vertex 86.361 -10.3676 35.99
      vertex 86.4153 -10.6509 35.2
      vertex 86.4153 -10.6509 35.99
    endloop
  endfacet
  facet normal -0.961741 -0.273959 0
    outer loop
      vertex 86.4913 -10.9177 35.2
      vertex 86.4153 -10.6509 35.99
      vertex 86.4153 -10.6509 35.2
    endloop
  endfacet
  facet normal -0.961741 -0.273959 0
    outer loop
      vertex 86.4153 -10.6509 35.99
      vertex 86.4913 -10.9177 35.2
      vertex 86.4913 -10.9177 35.99
    endloop
  endfacet
  facet normal -0.931648 -0.363361 0
    outer loop
      vertex 86.589 -11.1682 35.2
      vertex 86.4913 -10.9177 35.99
      vertex 86.4913 -10.9177 35.2
    endloop
  endfacet
  facet normal -0.931648 -0.363361 0
    outer loop
      vertex 86.4913 -10.9177 35.99
      vertex 86.589 -11.1682 35.2
      vertex 86.589 -11.1682 35.99
    endloop
  endfacet
  facet normal -0.890589 -0.454809 0
    outer loop
      vertex 86.7085 -11.4022 35.2
      vertex 86.589 -11.1682 35.99
      vertex 86.589 -11.1682 35.2
    endloop
  endfacet
  facet normal -0.890589 -0.454809 0
    outer loop
      vertex 86.589 -11.1682 35.99
      vertex 86.7085 -11.4022 35.2
      vertex 86.7085 -11.4022 35.99
    endloop
  endfacet
  facet normal -0.839042 -0.544066 0
    outer loop
      vertex 86.8496 -11.6198 35.2
      vertex 86.7085 -11.4022 35.99
      vertex 86.7085 -11.4022 35.2
    endloop
  endfacet
  facet normal -0.839042 -0.544066 0
    outer loop
      vertex 86.7085 -11.4022 35.99
      vertex 86.8496 -11.6198 35.2
      vertex 86.8496 -11.6198 35.99
    endloop
  endfacet
  facet normal -0.7772 -0.629254 0
    outer loop
      vertex 87.0125 -11.821 35.2
      vertex 86.8496 -11.6198 35.99
      vertex 86.8496 -11.6198 35.2
    endloop
  endfacet
  facet normal -0.7772 -0.629254 0
    outer loop
      vertex 86.8496 -11.6198 35.99
      vertex 87.0125 -11.821 35.2
      vertex 87.0125 -11.821 35.99
    endloop
  endfacet
  facet normal -0.707681 -0.706532 0
    outer loop
      vertex 87.197 -12.0058 35.2
      vertex 87.0125 -11.821 35.99
      vertex 87.0125 -11.821 35.2
    endloop
  endfacet
  facet normal -0.707681 -0.706532 0
    outer loop
      vertex 87.0125 -11.821 35.99
      vertex 87.197 -12.0058 35.2
      vertex 87.197 -12.0058 35.99
    endloop
  endfacet
  facet normal -0.632576 -0.774498 0
    outer loop
      vertex 87.197 -12.0058 35.2
      vertex 87.4011 -12.1725 35.99
      vertex 87.197 -12.0058 35.99
    endloop
  endfacet
  facet normal -0.632576 -0.774498 -0
    outer loop
      vertex 87.4011 -12.1725 35.99
      vertex 87.197 -12.0058 35.2
      vertex 87.4011 -12.1725 35.2
    endloop
  endfacet
  facet normal -0.553744 -0.832687 0
    outer loop
      vertex 87.4011 -12.1725 35.2
      vertex 87.6223 -12.3196 35.99
      vertex 87.4011 -12.1725 35.99
    endloop
  endfacet
  facet normal -0.553744 -0.832687 -0
    outer loop
      vertex 87.6223 -12.3196 35.99
      vertex 87.4011 -12.1725 35.2
      vertex 87.6223 -12.3196 35.2
    endloop
  endfacet
  facet normal -0.471452 -0.881892 0
    outer loop
      vertex 87.6223 -12.3196 35.2
      vertex 87.8608 -12.4471 35.99
      vertex 87.6223 -12.3196 35.99
    endloop
  endfacet
  facet normal -0.471452 -0.881892 -0
    outer loop
      vertex 87.8608 -12.4471 35.99
      vertex 87.6223 -12.3196 35.2
      vertex 87.8608 -12.4471 35.2
    endloop
  endfacet
  facet normal -0.388911 -0.921275 0
    outer loop
      vertex 87.8608 -12.4471 35.2
      vertex 88.1164 -12.555 35.99
      vertex 87.8608 -12.4471 35.99
    endloop
  endfacet
  facet normal -0.388911 -0.921275 -0
    outer loop
      vertex 88.1164 -12.555 35.99
      vertex 87.8608 -12.4471 35.2
      vertex 88.1164 -12.555 35.2
    endloop
  endfacet
  facet normal -0.307848 -0.951436 0
    outer loop
      vertex 88.1164 -12.555 35.2
      vertex 88.3893 -12.6433 35.99
      vertex 88.1164 -12.555 35.99
    endloop
  endfacet
  facet normal -0.307848 -0.951436 -0
    outer loop
      vertex 88.3893 -12.6433 35.99
      vertex 88.1164 -12.555 35.2
      vertex 88.3893 -12.6433 35.2
    endloop
  endfacet
  facet normal -0.230124 -0.973161 0
    outer loop
      vertex 88.3893 -12.6433 35.2
      vertex 88.6794 -12.7119 35.99
      vertex 88.3893 -12.6433 35.99
    endloop
  endfacet
  facet normal -0.230124 -0.973161 -0
    outer loop
      vertex 88.6794 -12.7119 35.99
      vertex 88.3893 -12.6433 35.2
      vertex 88.6794 -12.7119 35.2
    endloop
  endfacet
  facet normal -0.157777 -0.987475 0
    outer loop
      vertex 88.6794 -12.7119 35.2
      vertex 88.9867 -12.761 35.99
      vertex 88.6794 -12.7119 35.99
    endloop
  endfacet
  facet normal -0.157777 -0.987475 -0
    outer loop
      vertex 88.9867 -12.761 35.99
      vertex 88.6794 -12.7119 35.2
      vertex 88.9867 -12.761 35.2
    endloop
  endfacet
  facet normal -0.0902313 -0.995921 0
    outer loop
      vertex 88.9867 -12.761 35.2
      vertex 89.3112 -12.7904 35.99
      vertex 88.9867 -12.761 35.99
    endloop
  endfacet
  facet normal -0.0902313 -0.995921 -0
    outer loop
      vertex 89.3112 -12.7904 35.99
      vertex 88.9867 -12.761 35.2
      vertex 89.3112 -12.7904 35.2
    endloop
  endfacet
  facet normal -0.0286683 -0.999589 0
    outer loop
      vertex 89.3112 -12.7904 35.2
      vertex 89.6529 -12.8002 35.99
      vertex 89.3112 -12.7904 35.99
    endloop
  endfacet
  facet normal -0.0286683 -0.999589 -0
    outer loop
      vertex 89.6529 -12.8002 35.99
      vertex 89.3112 -12.7904 35.2
      vertex 89.6529 -12.8002 35.2
    endloop
  endfacet
  facet normal 0.029021 -0.999579 0
    outer loop
      vertex 89.6529 -12.8002 35.2
      vertex 89.987 -12.7905 35.99
      vertex 89.6529 -12.8002 35.99
    endloop
  endfacet
  facet normal 0.029021 -0.999579 0
    outer loop
      vertex 89.987 -12.7905 35.99
      vertex 89.6529 -12.8002 35.2
      vertex 89.987 -12.7905 35.2
    endloop
  endfacet
  facet normal 0.0916393 -0.995792 0
    outer loop
      vertex 89.987 -12.7905 35.2
      vertex 90.3043 -12.7613 35.99
      vertex 89.987 -12.7905 35.99
    endloop
  endfacet
  facet normal 0.0916393 -0.995792 0
    outer loop
      vertex 90.3043 -12.7613 35.99
      vertex 89.987 -12.7905 35.2
      vertex 90.3043 -12.7613 35.2
    endloop
  endfacet
  facet normal 0.159924 -0.987129 0
    outer loop
      vertex 90.3043 -12.7613 35.2
      vertex 90.6049 -12.7126 35.99
      vertex 90.3043 -12.7613 35.99
    endloop
  endfacet
  facet normal 0.159924 -0.987129 0
    outer loop
      vertex 90.6049 -12.7126 35.99
      vertex 90.3043 -12.7613 35.2
      vertex 90.6049 -12.7126 35.2
    endloop
  endfacet
  facet normal 0.233736 -0.9723 0
    outer loop
      vertex 90.6049 -12.7126 35.2
      vertex 90.8886 -12.6444 35.99
      vertex 90.6049 -12.7126 35.99
    endloop
  endfacet
  facet normal 0.233736 -0.9723 0
    outer loop
      vertex 90.8886 -12.6444 35.99
      vertex 90.6049 -12.7126 35.2
      vertex 90.8886 -12.6444 35.2
    endloop
  endfacet
  facet normal 0.31174 -0.950167 0
    outer loop
      vertex 90.8886 -12.6444 35.2
      vertex 91.1556 -12.5568 35.99
      vertex 90.8886 -12.6444 35.99
    endloop
  endfacet
  facet normal 0.31174 -0.950167 0
    outer loop
      vertex 91.1556 -12.5568 35.99
      vertex 90.8886 -12.6444 35.2
      vertex 91.1556 -12.5568 35.2
    endloop
  endfacet
  facet normal 0.393387 -0.919373 0
    outer loop
      vertex 91.1556 -12.5568 35.2
      vertex 91.4059 -12.4497 35.99
      vertex 91.1556 -12.5568 35.99
    endloop
  endfacet
  facet normal 0.393387 -0.919373 0
    outer loop
      vertex 91.4059 -12.4497 35.99
      vertex 91.1556 -12.5568 35.2
      vertex 91.4059 -12.4497 35.2
    endloop
  endfacet
  facet normal 0.476793 -0.879016 0
    outer loop
      vertex 91.4059 -12.4497 35.2
      vertex 91.6393 -12.3231 35.99
      vertex 91.4059 -12.4497 35.99
    endloop
  endfacet
  facet normal 0.476793 -0.879016 0
    outer loop
      vertex 91.6393 -12.3231 35.99
      vertex 91.4059 -12.4497 35.2
      vertex 91.6393 -12.3231 35.2
    endloop
  endfacet
  facet normal 0.558756 -0.829332 0
    outer loop
      vertex 91.6393 -12.3231 35.2
      vertex 91.856 -12.1771 35.99
      vertex 91.6393 -12.3231 35.99
    endloop
  endfacet
  facet normal 0.558756 -0.829332 0
    outer loop
      vertex 91.856 -12.1771 35.99
      vertex 91.6393 -12.3231 35.2
      vertex 91.856 -12.1771 35.2
    endloop
  endfacet
  facet normal 0.637718 -0.77027 0
    outer loop
      vertex 91.856 -12.1771 35.2
      vertex 92.0559 -12.0116 35.99
      vertex 91.856 -12.1771 35.99
    endloop
  endfacet
  facet normal 0.637718 -0.77027 0
    outer loop
      vertex 92.0559 -12.0116 35.99
      vertex 91.856 -12.1771 35.2
      vertex 92.0559 -12.0116 35.2
    endloop
  endfacet
  facet normal 0.711943 -0.702238 0
    outer loop
      vertex 92.0559 -12.0116 35.99
      vertex 92.2368 -11.8282 35.2
      vertex 92.2368 -11.8282 35.99
    endloop
  endfacet
  facet normal 0.711943 -0.702238 0
    outer loop
      vertex 92.2368 -11.8282 35.2
      vertex 92.0559 -12.0116 35.99
      vertex 92.0559 -12.0116 35.2
    endloop
  endfacet
  facet normal 0.781212 -0.624265 0
    outer loop
      vertex 92.2368 -11.8282 35.99
      vertex 92.3963 -11.6286 35.2
      vertex 92.3963 -11.6286 35.99
    endloop
  endfacet
  facet normal 0.781212 -0.624265 0
    outer loop
      vertex 92.3963 -11.6286 35.2
      vertex 92.2368 -11.8282 35.99
      vertex 92.2368 -11.8282 35.2
    endloop
  endfacet
  facet normal 0.842165 -0.53922 0
    outer loop
      vertex 92.3963 -11.6286 35.99
      vertex 92.5346 -11.4126 35.2
      vertex 92.5346 -11.4126 35.99
    endloop
  endfacet
  facet normal 0.842165 -0.53922 0
    outer loop
      vertex 92.5346 -11.4126 35.2
      vertex 92.3963 -11.6286 35.99
      vertex 92.3963 -11.6286 35.2
    endloop
  endfacet
  facet normal 0.892884 -0.450287 0
    outer loop
      vertex 92.5346 -11.4126 35.99
      vertex 92.6517 -11.1804 35.2
      vertex 92.6517 -11.1804 35.99
    endloop
  endfacet
  facet normal 0.892884 -0.450287 0
    outer loop
      vertex 92.6517 -11.1804 35.2
      vertex 92.5346 -11.4126 35.99
      vertex 92.5346 -11.4126 35.2
    endloop
  endfacet
  facet normal 0.933191 -0.359382 0
    outer loop
      vertex 92.6517 -11.1804 35.99
      vertex 92.7474 -10.9319 35.2
      vertex 92.7474 -10.9319 35.99
    endloop
  endfacet
  facet normal 0.933191 -0.359382 0
    outer loop
      vertex 92.7474 -10.9319 35.2
      vertex 92.6517 -11.1804 35.99
      vertex 92.6517 -11.1804 35.2
    endloop
  endfacet
  facet normal 0.962601 -0.270925 0
    outer loop
      vertex 92.7474 -10.9319 35.99
      vertex 92.8219 -10.6672 35.2
      vertex 92.8219 -10.6672 35.99
    endloop
  endfacet
  facet normal 0.962601 -0.270925 0
    outer loop
      vertex 92.8219 -10.6672 35.2
      vertex 92.7474 -10.9319 35.99
      vertex 92.7474 -10.9319 35.2
    endloop
  endfacet
  facet normal 0.982558 -0.185956 0
    outer loop
      vertex 92.8219 -10.6672 35.99
      vertex 92.8751 -10.3861 35.2
      vertex 92.8751 -10.3861 35.99
    endloop
  endfacet
  facet normal 0.982558 -0.185956 0
    outer loop
      vertex 92.8751 -10.3861 35.2
      vertex 92.8219 -10.6672 35.99
      vertex 92.8219 -10.6672 35.2
    endloop
  endfacet
  facet normal 0.994293 -0.106687 0
    outer loop
      vertex 92.8751 -10.3861 35.99
      vertex 92.907 -10.0888 35.2
      vertex 92.907 -10.0888 35.99
    endloop
  endfacet
  facet normal 0.994293 -0.106687 0
    outer loop
      vertex 92.907 -10.0888 35.2
      vertex 92.8751 -10.3861 35.99
      vertex 92.8751 -10.3861 35.2
    endloop
  endfacet
  facet normal 0.999429 -0.0337871 0
    outer loop
      vertex 92.907 -10.0888 35.99
      vertex 92.9176 -9.77525 35.2
      vertex 92.9176 -9.77525 35.99
    endloop
  endfacet
  facet normal 0.999429 -0.0337871 0
    outer loop
      vertex 92.9176 -9.77525 35.2
      vertex 92.907 -10.0888 35.99
      vertex 92.907 -10.0888 35.2
    endloop
  endfacet
  facet normal 0.999799 0.0200644 0
    outer loop
      vertex 92.9176 -9.77525 35.99
      vertex 92.9142 -9.60583 35.2
      vertex 92.9142 -9.60583 35.99
    endloop
  endfacet
  facet normal 0.999799 0.0200644 0
    outer loop
      vertex 92.9142 -9.60583 35.2
      vertex 92.9176 -9.77525 35.99
      vertex 92.9176 -9.77525 35.2
    endloop
  endfacet
  facet normal 0.987922 0.154952 0
    outer loop
      vertex 92.8963 -2.83289 35.99
      vertex 92.8322 -2.42421 35.2
      vertex 92.8322 -2.42421 35.99
    endloop
  endfacet
  facet normal 0.987922 0.154952 0
    outer loop
      vertex 92.8322 -2.42421 35.2
      vertex 92.8963 -2.83289 35.99
      vertex 92.8963 -2.83289 35.2
    endloop
  endfacet
  facet normal 0.961679 0.274178 0
    outer loop
      vertex 92.8322 -2.42421 35.99
      vertex 92.7255 -2.04996 35.2
      vertex 92.7255 -2.04996 35.99
    endloop
  endfacet
  facet normal 0.961679 0.274178 0
    outer loop
      vertex 92.7255 -2.04996 35.2
      vertex 92.8322 -2.42421 35.99
      vertex 92.8322 -2.42421 35.2
    endloop
  endfacet
  facet normal 0.915331 0.402702 0
    outer loop
      vertex 92.7255 -2.04996 35.99
      vertex 92.576 -1.71015 35.2
      vertex 92.576 -1.71015 35.99
    endloop
  endfacet
  facet normal 0.915331 0.402702 0
    outer loop
      vertex 92.576 -1.71015 35.2
      vertex 92.7255 -2.04996 35.99
      vertex 92.7255 -2.04996 35.2
    endloop
  endfacet
  facet normal 0.846453 0.532463 0
    outer loop
      vertex 92.576 -1.71015 35.99
      vertex 92.3839 -1.40477 35.2
      vertex 92.3839 -1.40477 35.99
    endloop
  endfacet
  facet normal 0.846453 0.532463 0
    outer loop
      vertex 92.3839 -1.40477 35.2
      vertex 92.576 -1.71015 35.99
      vertex 92.576 -1.71015 35.2
    endloop
  endfacet
  facet normal 0.755559 0.65508 0
    outer loop
      vertex 92.3839 -1.40477 35.99
      vertex 92.149 -1.13384 35.2
      vertex 92.149 -1.13384 35.99
    endloop
  endfacet
  facet normal 0.755559 0.65508 0
    outer loop
      vertex 92.149 -1.13384 35.2
      vertex 92.3839 -1.40477 35.99
      vertex 92.3839 -1.40477 35.2
    endloop
  endfacet
  facet normal 0.6485 0.761215 -0
    outer loop
      vertex 92.149 -1.13384 35.2
      vertex 91.8714 -0.897345 35.99
      vertex 92.149 -1.13384 35.99
    endloop
  endfacet
  facet normal 0.6485 0.761215 0
    outer loop
      vertex 91.8714 -0.897345 35.99
      vertex 92.149 -1.13384 35.2
      vertex 91.8714 -0.897345 35.2
    endloop
  endfacet
  facet normal 0.533677 0.845689 -0
    outer loop
      vertex 91.8714 -0.897345 35.2
      vertex 91.5512 -0.695281 35.99
      vertex 91.8714 -0.897345 35.99
    endloop
  endfacet
  facet normal 0.533677 0.845689 0
    outer loop
      vertex 91.5512 -0.695281 35.99
      vertex 91.8714 -0.897345 35.2
      vertex 91.5512 -0.695281 35.2
    endloop
  endfacet
  facet normal 0.419253 0.907869 -0
    outer loop
      vertex 91.5512 -0.695281 35.2
      vertex 91.1882 -0.527648 35.99
      vertex 91.5512 -0.695281 35.99
    endloop
  endfacet
  facet normal 0.419253 0.907869 0
    outer loop
      vertex 91.1882 -0.527648 35.99
      vertex 91.5512 -0.695281 35.2
      vertex 91.1882 -0.527648 35.2
    endloop
  endfacet
  facet normal -0.996264 0.0863649 0
    outer loop
      vertex 91.053 -2.08725 35.2
      vertex 91.1882 -0.527648 35.99
      vertex 91.1882 -0.527648 35.2
    endloop
  endfacet
  facet normal -0.996264 0.0863649 0
    outer loop
      vertex 91.1882 -0.527648 35.99
      vertex 91.053 -2.08725 35.2
      vertex 91.053 -2.08725 35.99
    endloop
  endfacet
  facet normal -0.347403 -0.937716 0
    outer loop
      vertex 91.053 -2.08725 35.2
      vertex 91.2122 -2.14623 35.99
      vertex 91.053 -2.08725 35.99
    endloop
  endfacet
  facet normal -0.347403 -0.937716 -0
    outer loop
      vertex 91.2122 -2.14623 35.99
      vertex 91.053 -2.08725 35.2
      vertex 91.2122 -2.14623 35.2
    endloop
  endfacet
  facet normal -0.470816 -0.882231 0
    outer loop
      vertex 91.2122 -2.14623 35.2
      vertex 91.3527 -2.22121 35.99
      vertex 91.2122 -2.14623 35.99
    endloop
  endfacet
  facet normal -0.470816 -0.882231 -0
    outer loop
      vertex 91.3527 -2.22121 35.99
      vertex 91.2122 -2.14623 35.2
      vertex 91.3527 -2.22121 35.2
    endloop
  endfacet
  facet normal -0.598315 -0.801261 0
    outer loop
      vertex 91.3527 -2.22121 35.2
      vertex 91.4745 -2.31216 35.99
      vertex 91.3527 -2.22121 35.99
    endloop
  endfacet
  facet normal -0.598315 -0.801261 -0
    outer loop
      vertex 91.4745 -2.31216 35.99
      vertex 91.3527 -2.22121 35.2
      vertex 91.4745 -2.31216 35.2
    endloop
  endfacet
  facet normal -0.72025 -0.693714 0
    outer loop
      vertex 91.5775 -2.4191 35.2
      vertex 91.4745 -2.31216 35.99
      vertex 91.4745 -2.31216 35.2
    endloop
  endfacet
  facet normal -0.72025 -0.693714 0
    outer loop
      vertex 91.4745 -2.31216 35.99
      vertex 91.5775 -2.4191 35.2
      vertex 91.5775 -2.4191 35.99
    endloop
  endfacet
  facet normal -0.824713 -0.565552 0
    outer loop
      vertex 91.6618 -2.54203 35.2
      vertex 91.5775 -2.4191 35.99
      vertex 91.5775 -2.4191 35.2
    endloop
  endfacet
  facet normal -0.824713 -0.565552 0
    outer loop
      vertex 91.5775 -2.4191 35.99
      vertex 91.6618 -2.54203 35.2
      vertex 91.6618 -2.54203 35.99
    endloop
  endfacet
  facet normal -0.90424 -0.427026 0
    outer loop
      vertex 91.7274 -2.68094 35.2
      vertex 91.6618 -2.54203 35.99
      vertex 91.6618 -2.54203 35.2
    endloop
  endfacet
  facet normal -0.90424 -0.427026 0
    outer loop
      vertex 91.6618 -2.54203 35.99
      vertex 91.7274 -2.68094 35.2
      vertex 91.7274 -2.68094 35.99
    endloop
  endfacet
  facet normal -0.957087 -0.289802 0
    outer loop
      vertex 91.7743 -2.83583 35.2
      vertex 91.7274 -2.68094 35.99
      vertex 91.7274 -2.68094 35.2
    endloop
  endfacet
  facet normal -0.957087 -0.289802 0
    outer loop
      vertex 91.7274 -2.68094 35.99
      vertex 91.7743 -2.83583 35.2
      vertex 91.7743 -2.83583 35.99
    endloop
  endfacet
  facet normal -0.986747 -0.162264 0
    outer loop
      vertex 91.8024 -3.00671 35.2
      vertex 91.7743 -2.83583 35.99
      vertex 91.7743 -2.83583 35.2
    endloop
  endfacet
  facet normal -0.986747 -0.162264 0
    outer loop
      vertex 91.7743 -2.83583 35.99
      vertex 91.8024 -3.00671 35.2
      vertex 91.8024 -3.00671 35.99
    endloop
  endfacet
  facet normal -0.998764 -0.0497084 0
    outer loop
      vertex 91.8117 -3.19357 35.2
      vertex 91.8024 -3.00671 35.99
      vertex 91.8024 -3.00671 35.2
    endloop
  endfacet
  facet normal -0.998764 -0.0497084 0
    outer loop
      vertex 91.8024 -3.00671 35.99
      vertex 91.8117 -3.19357 35.2
      vertex 91.8117 -3.19357 35.99
    endloop
  endfacet
  facet normal -0.999113 0.0420985 0
    outer loop
      vertex 91.8059 -3.33122 35.2
      vertex 91.8117 -3.19357 35.99
      vertex 91.8117 -3.19357 35.2
    endloop
  endfacet
  facet normal -0.999113 0.0420985 0
    outer loop
      vertex 91.8117 -3.19357 35.99
      vertex 91.8059 -3.33122 35.2
      vertex 91.8059 -3.33122 35.99
    endloop
  endfacet
  facet normal -0.991024 0.133686 0
    outer loop
      vertex 91.7883 -3.46169 35.2
      vertex 91.8059 -3.33122 35.99
      vertex 91.8059 -3.33122 35.2
    endloop
  endfacet
  facet normal -0.991024 0.133686 0
    outer loop
      vertex 91.8059 -3.33122 35.99
      vertex 91.7883 -3.46169 35.2
      vertex 91.7883 -3.46169 35.99
    endloop
  endfacet
  facet normal -0.973064 0.230535 0
    outer loop
      vertex 91.7591 -3.58494 35.2
      vertex 91.7883 -3.46169 35.99
      vertex 91.7883 -3.46169 35.2
    endloop
  endfacet
  facet normal -0.973064 0.230535 0
    outer loop
      vertex 91.7883 -3.46169 35.99
      vertex 91.7591 -3.58494 35.2
      vertex 91.7591 -3.58494 35.99
    endloop
  endfacet
  facet normal -0.943158 0.332344 0
    outer loop
      vertex 91.7182 -3.70101 35.2
      vertex 91.7591 -3.58494 35.99
      vertex 91.7591 -3.58494 35.2
    endloop
  endfacet
  facet normal -0.943158 0.332344 0
    outer loop
      vertex 91.7591 -3.58494 35.99
      vertex 91.7182 -3.70101 35.2
      vertex 91.7182 -3.70101 35.99
    endloop
  endfacet
  facet normal -0.900431 0.434999 0
    outer loop
      vertex 91.6656 -3.80989 35.2
      vertex 91.7182 -3.70101 35.99
      vertex 91.7182 -3.70101 35.2
    endloop
  endfacet
  facet normal -0.900431 0.434999 0
    outer loop
      vertex 91.7182 -3.70101 35.99
      vertex 91.6656 -3.80989 35.2
      vertex 91.6656 -3.80989 35.99
    endloop
  endfacet
  facet normal -0.845208 0.534437 0
    outer loop
      vertex 91.6013 -3.91158 35.2
      vertex 91.6656 -3.80989 35.99
      vertex 91.6656 -3.80989 35.2
    endloop
  endfacet
  facet normal -0.845208 0.534437 0
    outer loop
      vertex 91.6656 -3.80989 35.99
      vertex 91.6013 -3.91158 35.2
      vertex 91.6013 -3.91158 35.99
    endloop
  endfacet
  facet normal -0.779192 0.626785 0
    outer loop
      vertex 91.5253 -4.00606 35.2
      vertex 91.6013 -3.91158 35.99
      vertex 91.6013 -3.91158 35.2
    endloop
  endfacet
  facet normal -0.779192 0.626785 0
    outer loop
      vertex 91.6013 -3.91158 35.99
      vertex 91.5253 -4.00606 35.2
      vertex 91.5253 -4.00606 35.99
    endloop
  endfacet
  facet normal -0.705448 0.708762 0
    outer loop
      vertex 91.5253 -4.00606 35.2
      vertex 91.4376 -4.09335 35.99
      vertex 91.5253 -4.00606 35.99
    endloop
  endfacet
  facet normal -0.705448 0.708762 0
    outer loop
      vertex 91.4376 -4.09335 35.99
      vertex 91.5253 -4.00606 35.2
      vertex 91.4376 -4.09335 35.2
    endloop
  endfacet
  facet normal -0.627844 0.778339 0
    outer loop
      vertex 91.4376 -4.09335 35.2
      vertex 91.3383 -4.17345 35.99
      vertex 91.4376 -4.09335 35.99
    endloop
  endfacet
  facet normal -0.627844 0.778339 0
    outer loop
      vertex 91.3383 -4.17345 35.99
      vertex 91.4376 -4.09335 35.2
      vertex 91.3383 -4.17345 35.2
    endloop
  endfacet
  facet normal -0.54597 0.837804 0
    outer loop
      vertex 91.3383 -4.17345 35.2
      vertex 91.2274 -4.24572 35.99
      vertex 91.3383 -4.17345 35.99
    endloop
  endfacet
  facet normal -0.54597 0.837804 0
    outer loop
      vertex 91.2274 -4.24572 35.99
      vertex 91.3383 -4.17345 35.2
      vertex 91.2274 -4.24572 35.2
    endloop
  endfacet
  facet normal -0.462827 0.886449 0
    outer loop
      vertex 91.2274 -4.24572 35.2
      vertex 91.1053 -4.30947 35.99
      vertex 91.2274 -4.24572 35.99
    endloop
  endfacet
  facet normal -0.462827 0.886449 0
    outer loop
      vertex 91.1053 -4.30947 35.99
      vertex 91.2274 -4.24572 35.2
      vertex 91.1053 -4.30947 35.2
    endloop
  endfacet
  facet normal -0.382707 0.92387 0
    outer loop
      vertex 91.1053 -4.30947 35.2
      vertex 90.9719 -4.36473 35.99
      vertex 91.1053 -4.30947 35.99
    endloop
  endfacet
  facet normal -0.382707 0.92387 0
    outer loop
      vertex 90.9719 -4.36473 35.99
      vertex 91.1053 -4.30947 35.2
      vertex 90.9719 -4.36473 35.2
    endloop
  endfacet
  facet normal -0.307568 0.951526 0
    outer loop
      vertex 90.9719 -4.36473 35.2
      vertex 90.8273 -4.41147 35.99
      vertex 90.9719 -4.36473 35.99
    endloop
  endfacet
  facet normal -0.307568 0.951526 0
    outer loop
      vertex 90.8273 -4.41147 35.99
      vertex 90.9719 -4.36473 35.2
      vertex 90.8273 -4.41147 35.2
    endloop
  endfacet
  facet normal -0.238341 0.971181 0
    outer loop
      vertex 90.8273 -4.41147 35.2
      vertex 90.6714 -4.44973 35.99
      vertex 90.8273 -4.41147 35.99
    endloop
  endfacet
  facet normal -0.238341 0.971181 0
    outer loop
      vertex 90.6714 -4.44973 35.99
      vertex 90.8273 -4.41147 35.2
      vertex 90.6714 -4.44973 35.2
    endloop
  endfacet
  facet normal -0.175179 0.984537 0
    outer loop
      vertex 90.6714 -4.44973 35.2
      vertex 90.5042 -4.47948 35.99
      vertex 90.6714 -4.44973 35.99
    endloop
  endfacet
  facet normal -0.175179 0.984537 0
    outer loop
      vertex 90.5042 -4.47948 35.99
      vertex 90.6714 -4.44973 35.2
      vertex 90.5042 -4.47948 35.2
    endloop
  endfacet
  facet normal -0.118223 0.992987 0
    outer loop
      vertex 90.5042 -4.47948 35.2
      vertex 90.3258 -4.50072 35.99
      vertex 90.5042 -4.47948 35.99
    endloop
  endfacet
  facet normal -0.118223 0.992987 0
    outer loop
      vertex 90.3258 -4.50072 35.99
      vertex 90.5042 -4.47948 35.2
      vertex 90.3258 -4.50072 35.2
    endloop
  endfacet
  facet normal -0.0670953 0.997747 0
    outer loop
      vertex 90.3258 -4.50072 35.2
      vertex 90.1362 -4.51347 35.99
      vertex 90.3258 -4.50072 35.99
    endloop
  endfacet
  facet normal -0.0670953 0.997747 0
    outer loop
      vertex 90.1362 -4.51347 35.99
      vertex 90.3258 -4.50072 35.2
      vertex 90.1362 -4.51347 35.2
    endloop
  endfacet
  facet normal -0.0211396 0.999777 0
    outer loop
      vertex 90.1362 -4.51347 35.2
      vertex 89.9352 -4.51772 35.99
      vertex 90.1362 -4.51347 35.99
    endloop
  endfacet
  facet normal -0.0211396 0.999777 0
    outer loop
      vertex 89.9352 -4.51772 35.99
      vertex 90.1362 -4.51347 35.2
      vertex 89.9352 -4.51772 35.2
    endloop
  endfacet
  facet normal 1 -0 0
    outer loop
      vertex 89.9352 -4.51772 35.99
      vertex 89.9352 -0.433496 35.2
      vertex 89.9352 -0.433496 35.99
    endloop
  endfacet
  facet normal 1 0 0
    outer loop
      vertex 89.9352 -0.433496 35.2
      vertex 89.9352 -4.51772 35.99
      vertex 89.9352 -4.51772 35.2
    endloop
  endfacet
  facet normal 0 1 -0
    outer loop
      vertex 89.9352 -0.433496 35.2
      vertex 89.8882 -0.433496 35.99
      vertex 89.9352 -0.433496 35.99
    endloop
  endfacet
  facet normal 0 1 0
    outer loop
      vertex 89.8882 -0.433496 35.99
      vertex 89.9352 -0.433496 35.2
      vertex 89.8882 -0.433496 35.2
    endloop
  endfacet
  facet normal -0.0235703 0.999722 0
    outer loop
      vertex 89.8882 -0.433496 35.2
      vertex 89.5091 -0.442434 35.99
      vertex 89.8882 -0.433496 35.99
    endloop
  endfacet
  facet normal -0.0235703 0.999722 0
    outer loop
      vertex 89.5091 -0.442434 35.99
      vertex 89.8882 -0.433496 35.2
      vertex 89.5091 -0.442434 35.2
    endloop
  endfacet
  facet normal -0.0745976 0.997214 0
    outer loop
      vertex 89.5091 -0.442434 35.2
      vertex 89.1508 -0.469237 35.99
      vertex 89.5091 -0.442434 35.99
    endloop
  endfacet
  facet normal -0.0745976 0.997214 0
    outer loop
      vertex 89.1508 -0.469237 35.99
      vertex 89.5091 -0.442434 35.2
      vertex 89.1508 -0.469237 35.2
    endloop
  endfacet
  facet normal -0.131275 0.991346 0
    outer loop
      vertex 89.1508 -0.469237 35.2
      vertex 88.8134 -0.513916 35.99
      vertex 89.1508 -0.469237 35.99
    endloop
  endfacet
  facet normal -0.131275 0.991346 0
    outer loop
      vertex 88.8134 -0.513916 35.99
      vertex 89.1508 -0.469237 35.2
      vertex 88.8134 -0.513916 35.2
    endloop
  endfacet
  facet normal -0.193839 0.981033 0
    outer loop
      vertex 88.8134 -0.513916 35.2
      vertex 88.4968 -0.576472 35.99
      vertex 88.8134 -0.513916 35.99
    endloop
  endfacet
  facet normal -0.193839 0.981033 0
    outer loop
      vertex 88.4968 -0.576472 35.99
      vertex 88.8134 -0.513916 35.2
      vertex 88.4968 -0.576472 35.2
    endloop
  endfacet
  facet normal -0.262389 0.964962 0
    outer loop
      vertex 88.4968 -0.576472 35.2
      vertex 88.201 -0.656905 35.99
      vertex 88.4968 -0.576472 35.99
    endloop
  endfacet
  facet normal -0.262389 0.964962 0
    outer loop
      vertex 88.201 -0.656905 35.99
      vertex 88.4968 -0.576472 35.2
      vertex 88.201 -0.656905 35.2
    endloop
  endfacet
  facet normal -0.336739 0.941598 0
    outer loop
      vertex 88.201 -0.656905 35.2
      vertex 87.9261 -0.755216 35.99
      vertex 88.201 -0.656905 35.99
    endloop
  endfacet
  facet normal -0.336739 0.941598 0
    outer loop
      vertex 87.9261 -0.755216 35.99
      vertex 88.201 -0.656905 35.2
      vertex 87.9261 -0.755216 35.2
    endloop
  endfacet
  facet normal -0.415934 0.909395 0
    outer loop
      vertex 87.9261 -0.755216 35.2
      vertex 87.6721 -0.871389 35.99
      vertex 87.9261 -0.755216 35.99
    endloop
  endfacet
  facet normal -0.415934 0.909395 0
    outer loop
      vertex 87.6721 -0.871389 35.99
      vertex 87.9261 -0.755216 35.2
      vertex 87.6721 -0.871389 35.2
    endloop
  endfacet
  facet normal -0.498202 0.867061 0
    outer loop
      vertex 87.6721 -0.871389 35.2
      vertex 87.4388 -1.00544 35.99
      vertex 87.6721 -0.871389 35.99
    endloop
  endfacet
  facet normal -0.498202 0.867061 0
    outer loop
      vertex 87.4388 -1.00544 35.99
      vertex 87.6721 -0.871389 35.2
      vertex 87.4388 -1.00544 35.2
    endloop
  endfacet
  facet normal -0.58176 0.813361 0
    outer loop
      vertex 87.4388 -1.00544 35.2
      vertex 87.2264 -1.15736 35.99
      vertex 87.4388 -1.00544 35.99
    endloop
  endfacet
  facet normal -0.58176 0.813361 0
    outer loop
      vertex 87.2264 -1.15736 35.99
      vertex 87.4388 -1.00544 35.2
      vertex 87.2264 -1.15736 35.2
    endloop
  endfacet
  facet normal -0.662913 0.748697 0
    outer loop
      vertex 87.2264 -1.15736 35.2
      vertex 87.0357 -1.32621 35.99
      vertex 87.2264 -1.15736 35.99
    endloop
  endfacet
  facet normal -0.662913 0.748697 0
    outer loop
      vertex 87.0357 -1.32621 35.99
      vertex 87.2264 -1.15736 35.2
      vertex 87.0357 -1.32621 35.2
    endloop
  endfacet
  facet normal -0.739415 0.67325 0
    outer loop
      vertex 86.8674 -1.51105 35.2
      vertex 87.0357 -1.32621 35.99
      vertex 87.0357 -1.32621 35.2
    endloop
  endfacet
  facet normal -0.739415 0.67325 0
    outer loop
      vertex 87.0357 -1.32621 35.99
      vertex 86.8674 -1.51105 35.2
      vertex 86.8674 -1.51105 35.99
    endloop
  endfacet
  facet normal -0.809025 0.587774 0
    outer loop
      vertex 86.7215 -1.71187 35.2
      vertex 86.8674 -1.51105 35.99
      vertex 86.8674 -1.51105 35.2
    endloop
  endfacet
  facet normal -0.809025 0.587774 0
    outer loop
      vertex 86.8674 -1.51105 35.99
      vertex 86.7215 -1.71187 35.2
      vertex 86.7215 -1.71187 35.99
    endloop
  endfacet
  facet normal -0.869081 0.49467 0
    outer loop
      vertex 86.5981 -1.92867 35.2
      vertex 86.7215 -1.71187 35.99
      vertex 86.7215 -1.71187 35.2
    endloop
  endfacet
  facet normal -0.869081 0.49467 0
    outer loop
      vertex 86.7215 -1.71187 35.99
      vertex 86.5981 -1.92867 35.2
      vertex 86.5981 -1.92867 35.99
    endloop
  endfacet
  facet normal -0.917383 0.398006 0
    outer loop
      vertex 86.4971 -2.16147 35.2
      vertex 86.5981 -1.92867 35.99
      vertex 86.5981 -1.92867 35.2
    endloop
  endfacet
  facet normal -0.917383 0.398006 0
    outer loop
      vertex 86.5981 -1.92867 35.99
      vertex 86.4971 -2.16147 35.2
      vertex 86.4971 -2.16147 35.99
    endloop
  endfacet
  facet normal -0.953651 0.300915 0
    outer loop
      vertex 86.4186 -2.41025 35.2
      vertex 86.4971 -2.16147 35.99
      vertex 86.4971 -2.16147 35.2
    endloop
  endfacet
  facet normal -0.953651 0.300915 0
    outer loop
      vertex 86.4971 -2.16147 35.99
      vertex 86.4186 -2.41025 35.2
      vertex 86.4186 -2.41025 35.99
    endloop
  endfacet
  facet normal -0.978282 0.20728 0
    outer loop
      vertex 86.3625 -2.67502 35.2
      vertex 86.4186 -2.41025 35.99
      vertex 86.4186 -2.41025 35.2
    endloop
  endfacet
  facet normal -0.978282 0.20728 0
    outer loop
      vertex 86.4186 -2.41025 35.99
      vertex 86.3625 -2.67502 35.2
      vertex 86.3625 -2.67502 35.99
    endloop
  endfacet
  facet normal -0.992873 0.11918 0
    outer loop
      vertex 86.3288 -2.95577 35.2
      vertex 86.3625 -2.67502 35.99
      vertex 86.3625 -2.67502 35.2
    endloop
  endfacet
  facet normal -0.992873 0.11918 0
    outer loop
      vertex 86.3625 -2.67502 35.99
      vertex 86.3288 -2.95577 35.2
      vertex 86.3288 -2.95577 35.99
    endloop
  endfacet
  facet normal -0.999288 0.0377179 0
    outer loop
      vertex 86.3176 -3.2525 35.2
      vertex 86.3288 -2.95577 35.99
      vertex 86.3288 -2.95577 35.2
    endloop
  endfacet
  facet normal -0.999288 0.0377179 0
    outer loop
      vertex 86.3288 -2.95577 35.99
      vertex 86.3176 -3.2525 35.2
      vertex 86.3176 -3.2525 35.99
    endloop
  endfacet
  facet normal -0.999431 -0.0337396 0
    outer loop
      vertex 86.3281 -3.56353 35.2
      vertex 86.3176 -3.2525 35.99
      vertex 86.3176 -3.2525 35.2
    endloop
  endfacet
  facet normal -0.999431 -0.0337396 0
    outer loop
      vertex 86.3176 -3.2525 35.99
      vertex 86.3281 -3.56353 35.2
      vertex 86.3281 -3.56353 35.99
    endloop
  endfacet
  facet normal -0.994415 -0.105541 0
    outer loop
      vertex 86.3594 -3.85844 35.2
      vertex 86.3281 -3.56353 35.99
      vertex 86.3281 -3.56353 35.2
    endloop
  endfacet
  facet normal -0.994415 -0.105541 0
    outer loop
      vertex 86.3281 -3.56353 35.99
      vertex 86.3594 -3.85844 35.2
      vertex 86.3594 -3.85844 35.99
    endloop
  endfacet
  facet normal -0.982853 -0.184393 0
    outer loop
      vertex 86.4117 -4.13721 35.2
      vertex 86.3594 -3.85844 35.99
      vertex 86.3594 -3.85844 35.2
    endloop
  endfacet
  facet normal -0.982853 -0.184393 0
    outer loop
      vertex 86.3594 -3.85844 35.99
      vertex 86.4117 -4.13721 35.2
      vertex 86.4117 -4.13721 35.99
    endloop
  endfacet
  facet normal -0.963289 -0.268467 0
    outer loop
      vertex 86.4849 -4.39986 35.2
      vertex 86.4117 -4.13721 35.99
      vertex 86.4117 -4.13721 35.2
    endloop
  endfacet
  facet normal -0.963289 -0.268467 0
    outer loop
      vertex 86.4117 -4.13721 35.99
      vertex 86.4849 -4.39986 35.2
      vertex 86.4849 -4.39986 35.99
    endloop
  endfacet
  facet normal -0.934246 -0.356629 0
    outer loop
      vertex 86.579 -4.64637 35.2
      vertex 86.4849 -4.39986 35.99
      vertex 86.4849 -4.39986 35.2
    endloop
  endfacet
  facet normal -0.934246 -0.356629 0
    outer loop
      vertex 86.4849 -4.39986 35.99
      vertex 86.579 -4.64637 35.2
      vertex 86.579 -4.64637 35.99
    endloop
  endfacet
  facet normal -0.894567 -0.446934 0
    outer loop
      vertex 86.6941 -4.87675 35.2
      vertex 86.579 -4.64637 35.99
      vertex 86.579 -4.64637 35.2
    endloop
  endfacet
  facet normal -0.894567 -0.446934 0
    outer loop
      vertex 86.579 -4.64637 35.99
      vertex 86.6941 -4.87675 35.2
      vertex 86.6941 -4.87675 35.99
    endloop
  endfacet
  facet normal -0.844459 -0.53562 0
    outer loop
      vertex 86.83 -5.09101 35.2
      vertex 86.6941 -4.87675 35.99
      vertex 86.6941 -4.87675 35.2
    endloop
  endfacet
  facet normal -0.844459 -0.53562 0
    outer loop
      vertex 86.6941 -4.87675 35.99
      vertex 86.83 -5.09101 35.2
      vertex 86.83 -5.09101 35.99
    endloop
  endfacet
  facet normal -0.783955 -0.620817 0
    outer loop
      vertex 86.9869 -5.28914 35.2
      vertex 86.83 -5.09101 35.99
      vertex 86.83 -5.09101 35.2
    endloop
  endfacet
  facet normal -0.783955 -0.620817 0
    outer loop
      vertex 86.83 -5.09101 35.99
      vertex 86.9869 -5.28914 35.2
      vertex 86.9869 -5.28914 35.99
    endloop
  endfacet
  facet normal -0.715312 -0.698805 0
    outer loop
      vertex 87.1647 -5.47114 35.2
      vertex 86.9869 -5.28914 35.99
      vertex 86.9869 -5.28914 35.2
    endloop
  endfacet
  facet normal -0.715312 -0.698805 0
    outer loop
      vertex 86.9869 -5.28914 35.99
      vertex 87.1647 -5.47114 35.2
      vertex 87.1647 -5.47114 35.99
    endloop
  endfacet
  facet normal -0.640039 -0.768343 0
    outer loop
      vertex 87.1647 -5.47114 35.2
      vertex 87.3619 -5.63541 35.99
      vertex 87.1647 -5.47114 35.99
    endloop
  endfacet
  facet normal -0.640039 -0.768343 -0
    outer loop
      vertex 87.3619 -5.63541 35.99
      vertex 87.1647 -5.47114 35.2
      vertex 87.3619 -5.63541 35.2
    endloop
  endfacet
  facet normal -0.558473 -0.829523 0
    outer loop
      vertex 87.3619 -5.63541 35.2
      vertex 87.5772 -5.78036 35.99
      vertex 87.3619 -5.63541 35.99
    endloop
  endfacet
  facet normal -0.558473 -0.829523 -0
    outer loop
      vertex 87.5772 -5.78036 35.99
      vertex 87.3619 -5.63541 35.2
      vertex 87.5772 -5.78036 35.2
    endloop
  endfacet
  facet normal -0.474219 -0.880407 0
    outer loop
      vertex 87.5772 -5.78036 35.2
      vertex 87.8104 -5.90597 35.99
      vertex 87.5772 -5.78036 35.99
    endloop
  endfacet
  facet normal -0.474219 -0.880407 -0
    outer loop
      vertex 87.8104 -5.90597 35.99
      vertex 87.5772 -5.78036 35.2
      vertex 87.8104 -5.90597 35.2
    endloop
  endfacet
  facet normal -0.38958 -0.920993 0
    outer loop
      vertex 87.8104 -5.90597 35.2
      vertex 88.0617 -6.01227 35.99
      vertex 87.8104 -5.90597 35.99
    endloop
  endfacet
  facet normal -0.38958 -0.920993 -0
    outer loop
      vertex 88.0617 -6.01227 35.99
      vertex 87.8104 -5.90597 35.2
      vertex 88.0617 -6.01227 35.2
    endloop
  endfacet
  facet normal -0.30732 -0.951606 0
    outer loop
      vertex 88.0617 -6.01227 35.2
      vertex 88.331 -6.09924 35.99
      vertex 88.0617 -6.01227 35.99
    endloop
  endfacet
  facet normal -0.30732 -0.951606 -0
    outer loop
      vertex 88.331 -6.09924 35.99
      vertex 88.0617 -6.01227 35.2
      vertex 88.331 -6.09924 35.2
    endloop
  endfacet
  facet normal -0.229168 -0.973387 0
    outer loop
      vertex 88.331 -6.09924 35.2
      vertex 88.6183 -6.16688 35.99
      vertex 88.331 -6.09924 35.99
    endloop
  endfacet
  facet normal -0.229168 -0.973387 -0
    outer loop
      vertex 88.6183 -6.16688 35.99
      vertex 88.331 -6.09924 35.2
      vertex 88.6183 -6.16688 35.2
    endloop
  endfacet
  facet normal -0.156293 -0.987711 0
    outer loop
      vertex 88.6183 -6.16688 35.2
      vertex 88.9236 -6.21519 35.99
      vertex 88.6183 -6.16688 35.99
    endloop
  endfacet
  facet normal -0.156293 -0.987711 -0
    outer loop
      vertex 88.9236 -6.21519 35.99
      vertex 88.6183 -6.16688 35.2
      vertex 88.9236 -6.21519 35.2
    endloop
  endfacet
  facet normal -0.0893107 -0.996004 0
    outer loop
      vertex 88.9236 -6.21519 35.2
      vertex 89.2469 -6.24418 35.99
      vertex 88.9236 -6.21519 35.99
    endloop
  endfacet
  facet normal -0.0893107 -0.996004 -0
    outer loop
      vertex 89.2469 -6.24418 35.99
      vertex 88.9236 -6.21519 35.2
      vertex 89.2469 -6.24418 35.2
    endloop
  endfacet
  facet normal -0.0283215 -0.999599 0
    outer loop
      vertex 89.2469 -6.24418 35.2
      vertex 89.5882 -6.25385 35.99
      vertex 89.2469 -6.24418 35.99
    endloop
  endfacet
  facet normal -0.0283215 -0.999599 -0
    outer loop
      vertex 89.5882 -6.25385 35.99
      vertex 89.2469 -6.24418 35.2
      vertex 89.5882 -6.25385 35.2
    endloop
  endfacet
  facet normal 0.0270332 -0.999635 0
    outer loop
      vertex 89.5882 -6.25385 35.2
      vertex 89.9406 -6.24432 35.99
      vertex 89.5882 -6.25385 35.99
    endloop
  endfacet
  facet normal 0.0270332 -0.999635 0
    outer loop
      vertex 89.9406 -6.24432 35.99
      vertex 89.5882 -6.25385 35.2
      vertex 89.9406 -6.24432 35.2
    endloop
  endfacet
  facet normal 0.085346 -0.996351 0
    outer loop
      vertex 89.9406 -6.24432 35.2
      vertex 90.2739 -6.21577 35.99
      vertex 89.9406 -6.24432 35.99
    endloop
  endfacet
  facet normal 0.085346 -0.996351 0
    outer loop
      vertex 90.2739 -6.21577 35.99
      vertex 89.9406 -6.24432 35.2
      vertex 90.2739 -6.21577 35.2
    endloop
  endfacet
  facet normal 0.149818 -0.988714 0
    outer loop
      vertex 90.2739 -6.21577 35.2
      vertex 90.5879 -6.16819 35.99
      vertex 90.2739 -6.21577 35.99
    endloop
  endfacet
  facet normal 0.149818 -0.988714 0
    outer loop
      vertex 90.5879 -6.16819 35.99
      vertex 90.2739 -6.21577 35.2
      vertex 90.5879 -6.16819 35.2
    endloop
  endfacet
  facet normal 0.220497 -0.975388 0
    outer loop
      vertex 90.5879 -6.16819 35.2
      vertex 90.8826 -6.10157 35.99
      vertex 90.5879 -6.16819 35.99
    endloop
  endfacet
  facet normal 0.220497 -0.975388 0
    outer loop
      vertex 90.8826 -6.10157 35.99
      vertex 90.5879 -6.16819 35.2
      vertex 90.8826 -6.10157 35.2
    endloop
  endfacet
  facet normal 0.296905 -0.954907 0
    outer loop
      vertex 90.8826 -6.10157 35.2
      vertex 91.1581 -6.01591 35.99
      vertex 90.8826 -6.10157 35.99
    endloop
  endfacet
  facet normal 0.296905 -0.954907 0
    outer loop
      vertex 91.1581 -6.01591 35.99
      vertex 90.8826 -6.10157 35.2
      vertex 91.1581 -6.01591 35.2
    endloop
  endfacet
  facet normal 0.378264 -0.925698 0
    outer loop
      vertex 91.1581 -6.01591 35.2
      vertex 91.4143 -5.91122 35.99
      vertex 91.1581 -6.01591 35.99
    endloop
  endfacet
  facet normal 0.378264 -0.925698 0
    outer loop
      vertex 91.4143 -5.91122 35.99
      vertex 91.1581 -6.01591 35.2
      vertex 91.4143 -5.91122 35.2
    endloop
  endfacet
  facet normal 0.462795 -0.886465 0
    outer loop
      vertex 91.4143 -5.91122 35.2
      vertex 91.6513 -5.78749 35.99
      vertex 91.4143 -5.91122 35.99
    endloop
  endfacet
  facet normal 0.462795 -0.886465 0
    outer loop
      vertex 91.6513 -5.78749 35.99
      vertex 91.4143 -5.91122 35.2
      vertex 91.6513 -5.78749 35.2
    endloop
  endfacet
  facet normal 0.548197 -0.836349 0
    outer loop
      vertex 91.6513 -5.78749 35.2
      vertex 91.8691 -5.64473 35.99
      vertex 91.6513 -5.78749 35.99
    endloop
  endfacet
  facet normal 0.548197 -0.836349 0
    outer loop
      vertex 91.8691 -5.64473 35.99
      vertex 91.6513 -5.78749 35.2
      vertex 91.8691 -5.64473 35.2
    endloop
  endfacet
  facet normal 0.631789 -0.775141 0
    outer loop
      vertex 91.8691 -5.64473 35.2
      vertex 92.0676 -5.48294 35.99
      vertex 91.8691 -5.64473 35.99
    endloop
  endfacet
  facet normal 0.631789 -0.775141 0
    outer loop
      vertex 92.0676 -5.48294 35.99
      vertex 91.8691 -5.64473 35.2
      vertex 92.0676 -5.48294 35.2
    endloop
  endfacet
  facet normal 0.709355 -0.704851 0
    outer loop
      vertex 92.0676 -5.48294 35.99
      vertex 92.246 -5.3034 35.2
      vertex 92.246 -5.3034 35.99
    endloop
  endfacet
  facet normal 0.709355 -0.704851 0
    outer loop
      vertex 92.246 -5.3034 35.2
      vertex 92.0676 -5.48294 35.99
      vertex 92.0676 -5.48294 35.2
    endloop
  endfacet
  facet normal 0.779641 -0.626227 0
    outer loop
      vertex 92.246 -5.3034 35.99
      vertex 92.4034 -5.10744 35.2
      vertex 92.4034 -5.10744 35.99
    endloop
  endfacet
  facet normal 0.779641 -0.626227 0
    outer loop
      vertex 92.4034 -5.10744 35.2
      vertex 92.246 -5.3034 35.99
      vertex 92.246 -5.3034 35.2
    endloop
  endfacet
  facet normal 0.841233 -0.540674 0
    outer loop
      vertex 92.4034 -5.10744 35.99
      vertex 92.5399 -4.89506 35.2
      vertex 92.5399 -4.89506 35.99
    endloop
  endfacet
  facet normal 0.841233 -0.540674 0
    outer loop
      vertex 92.5399 -4.89506 35.2
      vertex 92.4034 -5.10744 35.99
      vertex 92.4034 -5.10744 35.2
    endloop
  endfacet
  facet normal 0.892845 -0.450364 0
    outer loop
      vertex 92.5399 -4.89506 35.99
      vertex 92.6553 -4.66628 35.2
      vertex 92.6553 -4.66628 35.99
    endloop
  endfacet
  facet normal 0.892845 -0.450364 0
    outer loop
      vertex 92.6553 -4.66628 35.2
      vertex 92.5399 -4.89506 35.99
      vertex 92.5399 -4.89506 35.2
    endloop
  endfacet
  facet normal 0.933238 -0.35926 0
    outer loop
      vertex 92.6553 -4.66628 35.99
      vertex 92.7497 -4.42106 35.2
      vertex 92.7497 -4.42106 35.99
    endloop
  endfacet
  facet normal 0.933238 -0.35926 0
    outer loop
      vertex 92.7497 -4.42106 35.2
      vertex 92.6553 -4.66628 35.99
      vertex 92.6553 -4.66628 35.2
    endloop
  endfacet
  facet normal 0.962731 -0.270461 0
    outer loop
      vertex 92.7497 -4.42106 35.99
      vertex 92.8232 -4.15943 35.2
      vertex 92.8232 -4.15943 35.99
    endloop
  endfacet
  facet normal 0.962731 -0.270461 0
    outer loop
      vertex 92.8232 -4.15943 35.2
      vertex 92.7497 -4.42106 35.99
      vertex 92.7497 -4.42106 35.2
    endloop
  endfacet
  facet normal 0.982703 -0.185189 0
    outer loop
      vertex 92.8232 -4.15943 35.99
      vertex 92.8756 -3.88137 35.2
      vertex 92.8756 -3.88137 35.99
    endloop
  endfacet
  facet normal 0.982703 -0.185189 0
    outer loop
      vertex 92.8756 -3.88137 35.2
      vertex 92.8232 -4.15943 35.99
      vertex 92.8232 -4.15943 35.2
    endloop
  endfacet
  facet normal 0.994327 -0.106365 0
    outer loop
      vertex 92.8756 -3.88137 35.99
      vertex 92.9071 -3.5869 35.2
      vertex 92.9071 -3.5869 35.99
    endloop
  endfacet
  facet normal 0.994327 -0.106365 0
    outer loop
      vertex 92.9071 -3.5869 35.2
      vertex 92.8756 -3.88137 35.99
      vertex 92.8756 -3.88137 35.2
    endloop
  endfacet
  facet normal 0.99943 -0.0337558 0
    outer loop
      vertex 92.9071 -3.5869 35.99
      vertex 92.9176 -3.27602 35.2
      vertex 92.9176 -3.27602 35.99
    endloop
  endfacet
  facet normal 0.99943 -0.0337558 0
    outer loop
      vertex 92.9176 -3.27602 35.2
      vertex 92.9071 -3.5869 35.99
      vertex 92.9071 -3.5869 35.2
    endloop
  endfacet
  facet normal 0.998847 0.0480117 0
    outer loop
      vertex 92.9176 -3.27602 35.99
      vertex 92.8963 -2.83289 35.2
      vertex 92.8963 -2.83289 35.99
    endloop
  endfacet
  facet normal 0.998847 0.0480117 0
    outer loop
      vertex 92.8963 -2.83289 35.2
      vertex 92.9176 -3.27602 35.99
      vertex 92.9176 -3.27602 35.2
    endloop
  endfacet
  facet normal 0.0481415 0.998841 -0
    outer loop
      vertex 88.8999 -4.50602 35.2
      vertex 88.7418 -4.4984 35.99
      vertex 88.8999 -4.50602 35.99
    endloop
  endfacet
  facet normal 0.0481415 0.998841 0
    outer loop
      vertex 88.7418 -4.4984 35.99
      vertex 88.8999 -4.50602 35.2
      vertex 88.7418 -4.4984 35.2
    endloop
  endfacet
  facet normal 0.0989786 0.99509 -0
    outer loop
      vertex 88.7418 -4.4984 35.2
      vertex 88.5917 -4.48347 35.99
      vertex 88.7418 -4.4984 35.99
    endloop
  endfacet
  facet normal 0.0989786 0.99509 0
    outer loop
      vertex 88.5917 -4.48347 35.99
      vertex 88.7418 -4.4984 35.2
      vertex 88.5917 -4.48347 35.2
    endloop
  endfacet
  facet normal 0.154899 0.98793 -0
    outer loop
      vertex 88.5917 -4.48347 35.2
      vertex 88.4496 -4.46119 35.99
      vertex 88.5917 -4.48347 35.99
    endloop
  endfacet
  facet normal 0.154899 0.98793 0
    outer loop
      vertex 88.4496 -4.46119 35.99
      vertex 88.5917 -4.48347 35.2
      vertex 88.4496 -4.46119 35.2
    endloop
  endfacet
  facet normal 0.215612 0.976479 -0
    outer loop
      vertex 88.4496 -4.46119 35.2
      vertex 88.3155 -4.43158 35.99
      vertex 88.4496 -4.46119 35.99
    endloop
  endfacet
  facet normal 0.215612 0.976479 0
    outer loop
      vertex 88.3155 -4.43158 35.99
      vertex 88.4496 -4.46119 35.2
      vertex 88.3155 -4.43158 35.2
    endloop
  endfacet
  facet normal 0.281198 0.95965 -0
    outer loop
      vertex 88.3155 -4.43158 35.2
      vertex 88.1894 -4.39463 35.99
      vertex 88.3155 -4.43158 35.99
    endloop
  endfacet
  facet normal 0.281198 0.95965 0
    outer loop
      vertex 88.1894 -4.39463 35.99
      vertex 88.3155 -4.43158 35.2
      vertex 88.1894 -4.39463 35.2
    endloop
  endfacet
  facet normal 0.35088 0.93642 -0
    outer loop
      vertex 88.1894 -4.39463 35.2
      vertex 88.0712 -4.35034 35.99
      vertex 88.1894 -4.39463 35.99
    endloop
  endfacet
  facet normal 0.35088 0.93642 0
    outer loop
      vertex 88.0712 -4.35034 35.99
      vertex 88.1894 -4.39463 35.2
      vertex 88.0712 -4.35034 35.2
    endloop
  endfacet
  facet normal 0.424573 0.905394 -0
    outer loop
      vertex 88.0712 -4.35034 35.2
      vertex 87.9611 -4.29871 35.99
      vertex 88.0712 -4.35034 35.99
    endloop
  endfacet
  facet normal 0.424573 0.905394 0
    outer loop
      vertex 87.9611 -4.29871 35.99
      vertex 88.0712 -4.35034 35.2
      vertex 87.9611 -4.29871 35.2
    endloop
  endfacet
  facet normal 0.499649 0.866228 -0
    outer loop
      vertex 87.9611 -4.29871 35.2
      vertex 87.8589 -4.23976 35.99
      vertex 87.9611 -4.29871 35.99
    endloop
  endfacet
  facet normal 0.499649 0.866228 0
    outer loop
      vertex 87.8589 -4.23976 35.99
      vertex 87.9611 -4.29871 35.2
      vertex 87.8589 -4.23976 35.2
    endloop
  endfacet
  facet normal 0.575616 0.81772 -0
    outer loop
      vertex 87.8589 -4.23976 35.2
      vertex 87.7647 -4.17345 35.99
      vertex 87.8589 -4.23976 35.99
    endloop
  endfacet
  facet normal 0.575616 0.81772 0
    outer loop
      vertex 87.7647 -4.17345 35.99
      vertex 87.8589 -4.23976 35.2
      vertex 87.7647 -4.17345 35.2
    endloop
  endfacet
  facet normal 0.651978 0.758238 -0
    outer loop
      vertex 87.7647 -4.17345 35.2
      vertex 87.6795 -4.10019 35.99
      vertex 87.7647 -4.17345 35.99
    endloop
  endfacet
  facet normal 0.651978 0.758238 0
    outer loop
      vertex 87.6795 -4.10019 35.99
      vertex 87.7647 -4.17345 35.2
      vertex 87.6795 -4.10019 35.2
    endloop
  endfacet
  facet normal 0.728157 0.68541 0
    outer loop
      vertex 87.6795 -4.10019 35.99
      vertex 87.6043 -4.0203 35.2
      vertex 87.6043 -4.0203 35.99
    endloop
  endfacet
  facet normal 0.728157 0.68541 0
    outer loop
      vertex 87.6043 -4.0203 35.2
      vertex 87.6795 -4.10019 35.99
      vertex 87.6795 -4.10019 35.2
    endloop
  endfacet
  facet normal 0.798968 0.601374 0
    outer loop
      vertex 87.6043 -4.0203 35.99
      vertex 87.5392 -3.93381 35.2
      vertex 87.5392 -3.93381 35.99
    endloop
  endfacet
  facet normal 0.798968 0.601374 0
    outer loop
      vertex 87.5392 -3.93381 35.2
      vertex 87.6043 -4.0203 35.99
      vertex 87.6043 -4.0203 35.2
    endloop
  endfacet
  facet normal 0.860195 0.509964 0
    outer loop
      vertex 87.5392 -3.93381 35.99
      vertex 87.484 -3.8407 35.2
      vertex 87.484 -3.8407 35.99
    endloop
  endfacet
  facet normal 0.860195 0.509964 0
    outer loop
      vertex 87.484 -3.8407 35.2
      vertex 87.5392 -3.93381 35.99
      vertex 87.5392 -3.93381 35.2
    endloop
  endfacet
  facet normal 0.911132 0.412115 0
    outer loop
      vertex 87.484 -3.8407 35.99
      vertex 87.4389 -3.74099 35.2
      vertex 87.4389 -3.74099 35.99
    endloop
  endfacet
  facet normal 0.911132 0.412115 0
    outer loop
      vertex 87.4389 -3.74099 35.2
      vertex 87.484 -3.8407 35.99
      vertex 87.484 -3.8407 35.2
    endloop
  endfacet
  facet normal 0.949608 0.31344 0
    outer loop
      vertex 87.4389 -3.74099 35.99
      vertex 87.4038 -3.63465 35.2
      vertex 87.4038 -3.63465 35.99
    endloop
  endfacet
  facet normal 0.949608 0.31344 0
    outer loop
      vertex 87.4038 -3.63465 35.2
      vertex 87.4389 -3.74099 35.99
      vertex 87.4389 -3.74099 35.2
    endloop
  endfacet
  facet normal 0.976358 0.216161 0
    outer loop
      vertex 87.4038 -3.63465 35.99
      vertex 87.3788 -3.52173 35.2
      vertex 87.3788 -3.52173 35.99
    endloop
  endfacet
  facet normal 0.976358 0.216161 0
    outer loop
      vertex 87.3788 -3.52173 35.2
      vertex 87.4038 -3.63465 35.99
      vertex 87.4038 -3.63465 35.2
    endloop
  endfacet
  facet normal 0.992119 0.125301 0
    outer loop
      vertex 87.3788 -3.52173 35.99
      vertex 87.3637 -3.40217 35.2
      vertex 87.3637 -3.40217 35.99
    endloop
  endfacet
  facet normal 0.992119 0.125301 0
    outer loop
      vertex 87.3637 -3.40217 35.2
      vertex 87.3788 -3.52173 35.99
      vertex 87.3788 -3.52173 35.2
    endloop
  endfacet
  facet normal 0.999215 0.0396043 0
    outer loop
      vertex 87.3637 -3.40217 35.99
      vertex 87.3587 -3.27602 35.2
      vertex 87.3587 -3.27602 35.99
    endloop
  endfacet
  facet normal 0.999215 0.0396043 0
    outer loop
      vertex 87.3587 -3.27602 35.2
      vertex 87.3637 -3.40217 35.99
      vertex 87.3637 -3.40217 35.2
    endloop
  endfacet
  facet normal 0.999186 -0.0403474 0
    outer loop
      vertex 87.3587 -3.27602 35.99
      vertex 87.3635 -3.15715 35.2
      vertex 87.3635 -3.15715 35.99
    endloop
  endfacet
  facet normal 0.999186 -0.0403474 0
    outer loop
      vertex 87.3635 -3.15715 35.2
      vertex 87.3587 -3.27602 35.99
      vertex 87.3587 -3.27602 35.2
    endloop
  endfacet
  facet normal 0.992136 -0.125166 0
    outer loop
      vertex 87.3635 -3.15715 35.99
      vertex 87.3778 -3.0438 35.2
      vertex 87.3778 -3.0438 35.99
    endloop
  endfacet
  facet normal 0.992136 -0.125166 0
    outer loop
      vertex 87.3778 -3.0438 35.2
      vertex 87.3635 -3.15715 35.99
      vertex 87.3635 -3.15715 35.2
    endloop
  endfacet
  facet normal 0.976683 -0.214686 0
    outer loop
      vertex 87.3778 -3.0438 35.99
      vertex 87.4015 -2.93598 35.2
      vertex 87.4015 -2.93598 35.99
    endloop
  endfacet
  facet normal 0.976683 -0.214686 0
    outer loop
      vertex 87.4015 -2.93598 35.2
      vertex 87.3778 -3.0438 35.99
      vertex 87.3778 -3.0438 35.2
    endloop
  endfacet
  facet normal 0.950882 -0.309555 0
    outer loop
      vertex 87.4015 -2.93598 35.99
      vertex 87.4348 -2.83369 35.2
      vertex 87.4348 -2.83369 35.99
    endloop
  endfacet
  facet normal 0.950882 -0.309555 0
    outer loop
      vertex 87.4348 -2.83369 35.2
      vertex 87.4015 -2.93598 35.99
      vertex 87.4015 -2.93598 35.2
    endloop
  endfacet
  facet normal 0.914208 -0.405244 0
    outer loop
      vertex 87.4348 -2.83369 35.99
      vertex 87.4777 -2.73691 35.2
      vertex 87.4777 -2.73691 35.99
    endloop
  endfacet
  facet normal 0.914208 -0.405244 0
    outer loop
      vertex 87.4777 -2.73691 35.2
      vertex 87.4348 -2.83369 35.99
      vertex 87.4348 -2.83369 35.2
    endloop
  endfacet
  facet normal 0.867599 -0.497265 0
    outer loop
      vertex 87.4777 -2.73691 35.99
      vertex 87.53 -2.64566 35.2
      vertex 87.53 -2.64566 35.99
    endloop
  endfacet
  facet normal 0.867599 -0.497265 0
    outer loop
      vertex 87.53 -2.64566 35.2
      vertex 87.4777 -2.73691 35.99
      vertex 87.4777 -2.73691 35.2
    endloop
  endfacet
  facet normal 0.8112 -0.584768 0
    outer loop
      vertex 87.53 -2.64566 35.99
      vertex 87.5918 -2.55993 35.2
      vertex 87.5918 -2.55993 35.99
    endloop
  endfacet
  facet normal 0.8112 -0.584768 0
    outer loop
      vertex 87.5918 -2.55993 35.2
      vertex 87.53 -2.64566 35.99
      vertex 87.53 -2.64566 35.2
    endloop
  endfacet
  facet normal 0.746854 -0.664988 0
    outer loop
      vertex 87.5918 -2.55993 35.99
      vertex 87.6632 -2.47974 35.2
      vertex 87.6632 -2.47974 35.99
    endloop
  endfacet
  facet normal 0.746854 -0.664988 0
    outer loop
      vertex 87.6632 -2.47974 35.2
      vertex 87.5918 -2.55993 35.99
      vertex 87.5918 -2.55993 35.2
    endloop
  endfacet
  facet normal 0.678797 -0.734326 0
    outer loop
      vertex 87.6632 -2.47974 35.2
      vertex 87.744 -2.40505 35.99
      vertex 87.6632 -2.47974 35.99
    endloop
  endfacet
  facet normal 0.678797 -0.734326 0
    outer loop
      vertex 87.744 -2.40505 35.99
      vertex 87.6632 -2.47974 35.2
      vertex 87.744 -2.40505 35.2
    endloop
  endfacet
  facet normal 0.604055 -0.796943 0
    outer loop
      vertex 87.744 -2.40505 35.2
      vertex 87.8344 -2.33653 35.99
      vertex 87.744 -2.40505 35.99
    endloop
  endfacet
  facet normal 0.604055 -0.796943 0
    outer loop
      vertex 87.8344 -2.33653 35.99
      vertex 87.744 -2.40505 35.2
      vertex 87.8344 -2.33653 35.2
    endloop
  endfacet
  facet normal 0.525413 -0.850847 0
    outer loop
      vertex 87.8344 -2.33653 35.2
      vertex 87.9343 -2.27484 35.99
      vertex 87.8344 -2.33653 35.99
    endloop
  endfacet
  facet normal 0.525413 -0.850847 0
    outer loop
      vertex 87.9343 -2.27484 35.99
      vertex 87.8344 -2.33653 35.2
      vertex 87.9343 -2.27484 35.2
    endloop
  endfacet
  facet normal 0.448259 -0.893904 0
    outer loop
      vertex 87.9343 -2.27484 35.2
      vertex 88.0437 -2.21998 35.99
      vertex 87.9343 -2.27484 35.99
    endloop
  endfacet
  facet normal 0.448259 -0.893904 0
    outer loop
      vertex 88.0437 -2.21998 35.99
      vertex 87.9343 -2.27484 35.2
      vertex 88.0437 -2.21998 35.2
    endloop
  endfacet
  facet normal 0.374278 -0.927317 0
    outer loop
      vertex 88.0437 -2.21998 35.2
      vertex 88.1627 -2.17195 35.99
      vertex 88.0437 -2.21998 35.99
    endloop
  endfacet
  facet normal 0.374278 -0.927317 0
    outer loop
      vertex 88.1627 -2.17195 35.99
      vertex 88.0437 -2.21998 35.2
      vertex 88.1627 -2.17195 35.2
    endloop
  endfacet
  facet normal 0.305529 -0.952183 0
    outer loop
      vertex 88.1627 -2.17195 35.2
      vertex 88.2911 -2.13075 35.99
      vertex 88.1627 -2.17195 35.99
    endloop
  endfacet
  facet normal 0.305529 -0.952183 0
    outer loop
      vertex 88.2911 -2.13075 35.99
      vertex 88.1627 -2.17195 35.2
      vertex 88.2911 -2.13075 35.2
    endloop
  endfacet
  facet normal 0.241906 -0.9703 0
    outer loop
      vertex 88.2911 -2.13075 35.2
      vertex 88.429 -2.09637 35.99
      vertex 88.2911 -2.13075 35.99
    endloop
  endfacet
  facet normal 0.241906 -0.9703 0
    outer loop
      vertex 88.429 -2.09637 35.99
      vertex 88.2911 -2.13075 35.2
      vertex 88.429 -2.09637 35.2
    endloop
  endfacet
  facet normal 0.18354 -0.983012 0
    outer loop
      vertex 88.429 -2.09637 35.2
      vertex 88.5765 -2.06883 35.99
      vertex 88.429 -2.09637 35.99
    endloop
  endfacet
  facet normal 0.18354 -0.983012 0
    outer loop
      vertex 88.5765 -2.06883 35.99
      vertex 88.429 -2.09637 35.2
      vertex 88.5765 -2.06883 35.2
    endloop
  endfacet
  facet normal 0.130778 -0.991412 0
    outer loop
      vertex 88.5765 -2.06883 35.2
      vertex 88.7335 -2.04812 35.99
      vertex 88.5765 -2.06883 35.99
    endloop
  endfacet
  facet normal 0.130778 -0.991412 0
    outer loop
      vertex 88.7335 -2.04812 35.99
      vertex 88.5765 -2.06883 35.2
      vertex 88.7335 -2.04812 35.2
    endloop
  endfacet
  facet normal 0.0831843 -0.996534 0
    outer loop
      vertex 88.7335 -2.04812 35.2
      vertex 88.8999 -2.03423 35.99
      vertex 88.7335 -2.04812 35.99
    endloop
  endfacet
  facet normal 0.0831843 -0.996534 0
    outer loop
      vertex 88.8999 -2.03423 35.99
      vertex 88.7335 -2.04812 35.2
      vertex 88.8999 -2.03423 35.2
    endloop
  endfacet
  facet normal -1 0 0
    outer loop
      vertex 88.8999 -4.50602 35.2
      vertex 88.8999 -2.03423 35.99
      vertex 88.8999 -2.03423 35.2
    endloop
  endfacet
  facet normal -1 -0 0
    outer loop
      vertex 88.8999 -2.03423 35.99
      vertex 88.8999 -4.50602 35.2
      vertex 88.8999 -4.50602 35.99
    endloop
  endfacet
  facet normal -1 0 0
    outer loop
      vertex 86.4352 4.74159 35.2
      vertex 86.4352 6.4718 35.99
      vertex 86.4352 6.4718 35.2
    endloop
  endfacet
  facet normal -1 -0 0
    outer loop
      vertex 86.4352 6.4718 35.99
      vertex 86.4352 4.74159 35.2
      vertex 86.4352 4.74159 35.99
    endloop
  endfacet
  facet normal -0.310954 -0.950425 0
    outer loop
      vertex 86.4352 4.74159 35.2
      vertex 87.1933 4.49356 35.99
      vertex 86.4352 4.74159 35.99
    endloop
  endfacet
  facet normal -0.310954 -0.950425 -0
    outer loop
      vertex 87.1933 4.49356 35.99
      vertex 86.4352 4.74159 35.2
      vertex 87.1933 4.49356 35.2
    endloop
  endfacet
  facet normal -0.310442 -0.950592 0
    outer loop
      vertex 87.1933 4.49356 35.2
      vertex 87.8781 4.26992 35.99
      vertex 87.1933 4.49356 35.99
    endloop
  endfacet
  facet normal -0.310442 -0.950592 -0
    outer loop
      vertex 87.8781 4.26992 35.99
      vertex 87.1933 4.49356 35.2
      vertex 87.8781 4.26992 35.2
    endloop
  endfacet
  facet normal -0.309782 -0.950808 0
    outer loop
      vertex 87.8781 4.26992 35.2
      vertex 88.4895 4.07072 35.99
      vertex 87.8781 4.26992 35.99
    endloop
  endfacet
  facet normal -0.309782 -0.950808 -0
    outer loop
      vertex 88.4895 4.07072 35.99
      vertex 87.8781 4.26992 35.2
      vertex 88.4895 4.07072 35.2
    endloop
  endfacet
  facet normal -0.30897 -0.951072 0
    outer loop
      vertex 88.4895 4.07072 35.2
      vertex 89.0276 3.89591 35.99
      vertex 88.4895 4.07072 35.99
    endloop
  endfacet
  facet normal -0.30897 -0.951072 -0
    outer loop
      vertex 89.0276 3.89591 35.99
      vertex 88.4895 4.07072 35.2
      vertex 89.0276 3.89591 35.2
    endloop
  endfacet
  facet normal -0.307924 -0.951411 0
    outer loop
      vertex 89.0276 3.89591 35.2
      vertex 89.4923 3.74551 35.99
      vertex 89.0276 3.89591 35.99
    endloop
  endfacet
  facet normal -0.307924 -0.951411 -0
    outer loop
      vertex 89.4923 3.74551 35.99
      vertex 89.0276 3.89591 35.2
      vertex 89.4923 3.74551 35.2
    endloop
  endfacet
  facet normal -0.306412 -0.951899 0
    outer loop
      vertex 89.4923 3.74551 35.2
      vertex 89.8837 3.61952 35.99
      vertex 89.4923 3.74551 35.99
    endloop
  endfacet
  facet normal -0.306412 -0.951899 -0
    outer loop
      vertex 89.8837 3.61952 35.99
      vertex 89.4923 3.74551 35.2
      vertex 89.8837 3.61952 35.2
    endloop
  endfacet
  facet normal -0.304287 -0.952581 0
    outer loop
      vertex 89.8837 3.61952 35.2
      vertex 90.2017 3.51794 35.99
      vertex 89.8837 3.61952 35.99
    endloop
  endfacet
  facet normal -0.304287 -0.952581 -0
    outer loop
      vertex 90.2017 3.51794 35.99
      vertex 89.8837 3.61952 35.2
      vertex 90.2017 3.51794 35.2
    endloop
  endfacet
  facet normal -0.300728 -0.95371 0
    outer loop
      vertex 90.2017 3.51794 35.2
      vertex 90.4464 3.44078 35.99
      vertex 90.2017 3.51794 35.99
    endloop
  endfacet
  facet normal -0.300728 -0.95371 -0
    outer loop
      vertex 90.4464 3.44078 35.99
      vertex 90.2017 3.51794 35.2
      vertex 90.4464 3.44078 35.2
    endloop
  endfacet
  facet normal -0.294352 -0.955697 0
    outer loop
      vertex 90.4464 3.44078 35.2
      vertex 90.6177 3.38802 35.99
      vertex 90.4464 3.44078 35.99
    endloop
  endfacet
  facet normal -0.294352 -0.955697 -0
    outer loop
      vertex 90.6177 3.38802 35.99
      vertex 90.4464 3.44078 35.2
      vertex 90.6177 3.38802 35.2
    endloop
  endfacet
  facet normal -0.28728 -0.957847 0
    outer loop
      vertex 90.6177 3.38802 35.2
      vertex 90.7478 3.349 35.99
      vertex 90.6177 3.38802 35.99
    endloop
  endfacet
  facet normal -0.28728 -0.957847 -0
    outer loop
      vertex 90.7478 3.349 35.99
      vertex 90.6177 3.38802 35.2
      vertex 90.7478 3.349 35.2
    endloop
  endfacet
  facet normal -0.28466 -0.958629 0
    outer loop
      vertex 90.7478 3.349 35.2
      vertex 90.8689 3.31304 35.99
      vertex 90.7478 3.349 35.99
    endloop
  endfacet
  facet normal -0.28466 -0.958629 -0
    outer loop
      vertex 90.8689 3.31304 35.99
      vertex 90.7478 3.349 35.2
      vertex 90.8689 3.31304 35.2
    endloop
  endfacet
  facet normal -0.28161 -0.959529 0
    outer loop
      vertex 90.8689 3.31304 35.2
      vertex 90.981 3.28014 35.99
      vertex 90.8689 3.31304 35.99
    endloop
  endfacet
  facet normal -0.28161 -0.959529 -0
    outer loop
      vertex 90.981 3.28014 35.99
      vertex 90.8689 3.31304 35.2
      vertex 90.981 3.28014 35.2
    endloop
  endfacet
  facet normal -0.278026 -0.960573 0
    outer loop
      vertex 90.981 3.28014 35.2
      vertex 91.0842 3.25027 35.99
      vertex 90.981 3.28014 35.99
    endloop
  endfacet
  facet normal -0.278026 -0.960573 -0
    outer loop
      vertex 91.0842 3.25027 35.99
      vertex 90.981 3.28014 35.2
      vertex 91.0842 3.25027 35.2
    endloop
  endfacet
  facet normal -0.273911 -0.961755 0
    outer loop
      vertex 91.0842 3.25027 35.2
      vertex 91.1783 3.22347 35.99
      vertex 91.0842 3.25027 35.99
    endloop
  endfacet
  facet normal -0.273911 -0.961755 -0
    outer loop
      vertex 91.1783 3.22347 35.99
      vertex 91.0842 3.25027 35.2
      vertex 91.1783 3.22347 35.2
    endloop
  endfacet
  facet normal -0.268811 -0.963193 0
    outer loop
      vertex 91.1783 3.22347 35.2
      vertex 91.2634 3.19972 35.99
      vertex 91.1783 3.22347 35.99
    endloop
  endfacet
  facet normal -0.268811 -0.963193 -0
    outer loop
      vertex 91.2634 3.19972 35.99
      vertex 91.1783 3.22347 35.2
      vertex 91.2634 3.19972 35.2
    endloop
  endfacet
  facet normal -0.26271 -0.964875 0
    outer loop
      vertex 91.2634 3.19972 35.2
      vertex 91.3395 3.179 35.99
      vertex 91.2634 3.19972 35.99
    endloop
  endfacet
  facet normal -0.26271 -0.964875 -0
    outer loop
      vertex 91.3395 3.179 35.99
      vertex 91.2634 3.19972 35.2
      vertex 91.3395 3.179 35.2
    endloop
  endfacet
  facet normal -0.254387 -0.967103 0
    outer loop
      vertex 91.3395 3.179 35.2
      vertex 91.4066 3.16135 35.99
      vertex 91.3395 3.179 35.99
    endloop
  endfacet
  facet normal -0.254387 -0.967103 -0
    outer loop
      vertex 91.4066 3.16135 35.99
      vertex 91.3395 3.179 35.2
      vertex 91.4066 3.16135 35.2
    endloop
  endfacet
  facet normal -0.243557 -0.969887 0
    outer loop
      vertex 91.4066 3.16135 35.2
      vertex 91.4647 3.14676 35.99
      vertex 91.4066 3.16135 35.99
    endloop
  endfacet
  facet normal -0.243557 -0.969887 -0
    outer loop
      vertex 91.4647 3.14676 35.99
      vertex 91.4066 3.16135 35.2
      vertex 91.4647 3.14676 35.2
    endloop
  endfacet
  facet normal -0.270022 0.962854 0
    outer loop
      vertex 91.4647 3.14676 35.2
      vertex 91.2142 3.07651 35.99
      vertex 91.4647 3.14676 35.99
    endloop
  endfacet
  facet normal -0.270022 0.962854 0
    outer loop
      vertex 91.2142 3.07651 35.99
      vertex 91.4647 3.14676 35.2
      vertex 91.2142 3.07651 35.2
    endloop
  endfacet
  facet normal -0.270551 0.962706 0
    outer loop
      vertex 91.2142 3.07651 35.2
      vertex 90.9854 3.01221 35.99
      vertex 91.2142 3.07651 35.99
    endloop
  endfacet
  facet normal -0.270551 0.962706 0
    outer loop
      vertex 90.9854 3.01221 35.99
      vertex 91.2142 3.07651 35.2
      vertex 90.9854 3.01221 35.2
    endloop
  endfacet
  facet normal -0.271268 0.962504 0
    outer loop
      vertex 90.9854 3.01221 35.2
      vertex 90.7784 2.95387 35.99
      vertex 90.9854 3.01221 35.99
    endloop
  endfacet
  facet normal -0.271268 0.962504 0
    outer loop
      vertex 90.7784 2.95387 35.99
      vertex 90.9854 3.01221 35.2
      vertex 90.7784 2.95387 35.2
    endloop
  endfacet
  facet normal -0.272154 0.962254 0
    outer loop
      vertex 90.7784 2.95387 35.2
      vertex 90.5932 2.90149 35.99
      vertex 90.7784 2.95387 35.99
    endloop
  endfacet
  facet normal -0.272154 0.962254 0
    outer loop
      vertex 90.5932 2.90149 35.99
      vertex 90.7784 2.95387 35.2
      vertex 90.5932 2.90149 35.2
    endloop
  endfacet
  facet normal -0.273329 0.961921 0
    outer loop
      vertex 90.5932 2.90149 35.2
      vertex 90.4298 2.85506 35.99
      vertex 90.5932 2.90149 35.99
    endloop
  endfacet
  facet normal -0.273329 0.961921 0
    outer loop
      vertex 90.4298 2.85506 35.99
      vertex 90.5932 2.90149 35.2
      vertex 90.4298 2.85506 35.2
    endloop
  endfacet
  facet normal -0.274865 0.961483 0
    outer loop
      vertex 90.4298 2.85506 35.2
      vertex 90.2882 2.81458 35.99
      vertex 90.4298 2.85506 35.99
    endloop
  endfacet
  facet normal -0.274865 0.961483 0
    outer loop
      vertex 90.2882 2.81458 35.99
      vertex 90.4298 2.85506 35.2
      vertex 90.2882 2.81458 35.2
    endloop
  endfacet
  facet normal -0.276882 0.960904 0
    outer loop
      vertex 90.2882 2.81458 35.2
      vertex 90.1684 2.78006 35.99
      vertex 90.2882 2.81458 35.99
    endloop
  endfacet
  facet normal -0.276882 0.960904 0
    outer loop
      vertex 90.1684 2.78006 35.99
      vertex 90.2882 2.81458 35.2
      vertex 90.1684 2.78006 35.2
    endloop
  endfacet
  facet normal -0.279617 0.960112 0
    outer loop
      vertex 90.1684 2.78006 35.2
      vertex 90.0703 2.75149 35.99
      vertex 90.1684 2.78006 35.99
    endloop
  endfacet
  facet normal -0.279617 0.960112 0
    outer loop
      vertex 90.0703 2.75149 35.99
      vertex 90.1684 2.78006 35.2
      vertex 90.0703 2.75149 35.2
    endloop
  endfacet
  facet normal -0.284003 0.958823 0
    outer loop
      vertex 90.0703 2.75149 35.2
      vertex 89.994 2.72889 35.99
      vertex 90.0703 2.75149 35.99
    endloop
  endfacet
  facet normal -0.284003 0.958823 0
    outer loop
      vertex 89.994 2.72889 35.99
      vertex 90.0703 2.75149 35.2
      vertex 89.994 2.72889 35.2
    endloop
  endfacet
  facet normal -0.298301 0.954472 0
    outer loop
      vertex 89.994 2.72889 35.2
      vertex 86.4352 1.61666 35.99
      vertex 89.994 2.72889 35.99
    endloop
  endfacet
  facet normal -0.298301 0.954472 0
    outer loop
      vertex 86.4352 1.61666 35.99
      vertex 89.994 2.72889 35.2
      vertex 86.4352 1.61666 35.2
    endloop
  endfacet
  facet normal -1 0 0
    outer loop
      vertex 86.4352 -0.131164 35.2
      vertex 86.4352 1.61666 35.99
      vertex 86.4352 1.61666 35.2
    endloop
  endfacet
  facet normal -1 -0 0
    outer loop
      vertex 86.4352 1.61666 35.99
      vertex 86.4352 -0.131164 35.2
      vertex 86.4352 -0.131164 35.99
    endloop
  endfacet
  facet normal 0.336905 -0.941539 0
    outer loop
      vertex 86.4352 -0.131164 35.2
      vertex 92.8 2.14631 35.99
      vertex 86.4352 -0.131164 35.99
    endloop
  endfacet
  facet normal 0.336905 -0.941539 0
    outer loop
      vertex 92.8 2.14631 35.99
      vertex 86.4352 -0.131164 35.2
      vertex 92.8 2.14631 35.2
    endloop
  endfacet
  facet normal 1 -0 0
    outer loop
      vertex 92.8 2.14631 35.99
      vertex 92.8 4.12368 35.2
      vertex 92.8 4.12368 35.99
    endloop
  endfacet
  facet normal 1 0 0
    outer loop
      vertex 92.8 4.12368 35.2
      vertex 92.8 2.14631 35.99
      vertex 92.8 2.14631 35.2
    endloop
  endfacet
  facet normal 0.34612 0.93819 -0
    outer loop
      vertex 92.8 4.12368 35.2
      vertex 86.4352 6.4718 35.99
      vertex 92.8 4.12368 35.99
    endloop
  endfacet
  facet normal 0.34612 0.93819 0
    outer loop
      vertex 86.4352 6.4718 35.99
      vertex 92.8 4.12368 35.2
      vertex 86.4352 6.4718 35.2
    endloop
  endfacet
  facet normal 1 0 0
    outer loop
      vertex 105.5 -8.6336 21.9765
      vertex 105.5 -7.01674 22.2745
      vertex 105.5 -7.07886 22.4795
    endloop
  endfacet
  facet normal 1 0 0
    outer loop
      vertex 105.5 -8.6519 22.0826
      vertex 105.5 -7.07886 22.4795
      vertex 105.5 -7.1545 22.6739
    endloop
  endfacet
  facet normal 1 0 0
    outer loop
      vertex 105.5 -8.67544 22.1838
      vertex 105.5 -7.1545 22.6739
      vertex 105.5 -7.24365 22.8577
    endloop
  endfacet
  facet normal 1 0 0
    outer loop
      vertex 105.5 -8.7042 22.2801
      vertex 105.5 -7.24365 22.8577
      vertex 105.5 -7.34631 23.0309
    endloop
  endfacet
  facet normal 1 0 0
    outer loop
      vertex 105.5 -8.73819 22.3716
      vertex 105.5 -7.34631 23.0309
      vertex 105.5 -7.46249 23.1935
    endloop
  endfacet
  facet normal 1 0 0
    outer loop
      vertex 105.5 -8.77741 22.4582
      vertex 105.5 -7.46249 23.1935
      vertex 105.5 -7.59218 23.3455
    endloop
  endfacet
  facet normal 1 0 0
    outer loop
      vertex 105.5 -8.82187 22.5399
      vertex 105.5 -7.59218 23.3455
      vertex 105.5 -7.7354 23.4869
    endloop
  endfacet
  facet normal 1 0 0
    outer loop
      vertex 105.5 -8.87157 22.6168
      vertex 105.5 -7.7354 23.4869
      vertex 105.5 -7.89212 23.6177
    endloop
  endfacet
  facet normal 1 0 0
    outer loop
      vertex 105.5 -8.92649 22.6888
      vertex 105.5 -7.89212 23.6177
      vertex 105.5 -8.06039 23.7362
    endloop
  endfacet
  facet normal 1 0 0
    outer loop
      vertex 105.5 -8.98664 22.7559
      vertex 105.5 -8.06039 23.7362
      vertex 105.5 -8.23823 23.8408
    endloop
  endfacet
  facet normal 1 0 0
    outer loop
      vertex 105.5 -9.05232 22.8171
      vertex 105.5 -8.23823 23.8408
      vertex 105.5 -8.42567 23.9314
    endloop
  endfacet
  facet normal 1 0 0
    outer loop
      vertex 105.5 -9.12382 22.871
      vertex 105.5 -8.42567 23.9314
      vertex 105.5 -8.62271 24.0081
    endloop
  endfacet
  facet normal 1 0 0
    outer loop
      vertex 105.5 -7.59218 23.3455
      vertex 105.5 -8.82187 22.5399
      vertex 105.5 -8.77741 22.4582
    endloop
  endfacet
  facet normal 1 0 0
    outer loop
      vertex 105.5 -7.01674 22.2745
      vertex 105.5 -8.6336 21.9765
      vertex 105.5 -6.96813 22.0589
    endloop
  endfacet
  facet normal 1 0 0
    outer loop
      vertex 105.5 -7.07886 22.4795
      vertex 105.5 -8.6519 22.0826
      vertex 105.5 -8.6336 21.9765
    endloop
  endfacet
  facet normal 1 0 0
    outer loop
      vertex 105.5 -7.1545 22.6739
      vertex 105.5 -8.67544 22.1838
      vertex 105.5 -8.6519 22.0826
    endloop
  endfacet
  facet normal 1 0 0
    outer loop
      vertex 105.5 -7.24365 22.8577
      vertex 105.5 -8.7042 22.2801
      vertex 105.5 -8.67544 22.1838
    endloop
  endfacet
  facet normal 1 0 0
    outer loop
      vertex 105.5 -7.34631 23.0309
      vertex 105.5 -8.73819 22.3716
      vertex 105.5 -8.7042 22.2801
    endloop
  endfacet
  facet normal 1 0 0
    outer loop
      vertex 105.5 -7.46249 23.1935
      vertex 105.5 -8.77741 22.4582
      vertex 105.5 -8.73819 22.3716
    endloop
  endfacet
  facet normal 1 0 0
    outer loop
      vertex 105.5 -9.20113 22.9177
      vertex 105.5 -8.62271 24.0081
      vertex 105.5 -8.82932 24.0708
    endloop
  endfacet
  facet normal 1 0 0
    outer loop
      vertex 105.5 -7.7354 23.4869
      vertex 105.5 -8.87157 22.6168
      vertex 105.5 -8.82187 22.5399
    endloop
  endfacet
  facet normal 1 0 0
    outer loop
      vertex 105.5 -7.89212 23.6177
      vertex 105.5 -8.92649 22.6888
      vertex 105.5 -8.87157 22.6168
    endloop
  endfacet
  facet normal 1 0 0
    outer loop
      vertex 105.5 -8.06039 23.7362
      vertex 105.5 -8.98664 22.7559
      vertex 105.5 -8.92649 22.6888
    endloop
  endfacet
  facet normal 1 0 0
    outer loop
      vertex 105.5 -9.28425 22.9573
      vertex 105.5 -8.82932 24.0708
      vertex 105.5 -9.04554 24.1196
    endloop
  endfacet
  facet normal 1 0 0
    outer loop
      vertex 105.5 -8.23823 23.8408
      vertex 105.5 -9.05232 22.8171
      vertex 105.5 -8.98664 22.7559
    endloop
  endfacet
  facet normal 1 0 0
    outer loop
      vertex 105.5 -8.42567 23.9314
      vertex 105.5 -9.12382 22.871
      vertex 105.5 -9.05232 22.8171
    endloop
  endfacet
  facet normal 1 0 0
    outer loop
      vertex 105.5 -8.62271 24.0081
      vertex 105.5 -9.20113 22.9177
      vertex 105.5 -9.12382 22.871
    endloop
  endfacet
  facet normal 1 0 0
    outer loop
      vertex 105.5 -9.37318 22.9896
      vertex 105.5 -9.04554 24.1196
      vertex 105.5 -9.27135 24.1545
    endloop
  endfacet
  facet normal 1 0 0
    outer loop
      vertex 105.5 -8.82932 24.0708
      vertex 105.5 -9.28425 22.9573
      vertex 105.5 -9.20113 22.9177
    endloop
  endfacet
  facet normal 1 0 0
    outer loop
      vertex 105.5 -9.04554 24.1196
      vertex 105.5 -9.37318 22.9896
      vertex 105.5 -9.28425 22.9573
    endloop
  endfacet
  facet normal 1 0 0
    outer loop
      vertex 105.5 -9.27135 24.1545
      vertex 105.5 -9.46793 23.0148
      vertex 105.5 -9.37318 22.9896
    endloop
  endfacet
  facet normal 1 0 0
    outer loop
      vertex 105.5 -9.56849 23.0328
      vertex 105.5 -9.27135 24.1545
      vertex 105.5 -9.50674 24.1754
    endloop
  endfacet
  facet normal 1 0 0
    outer loop
      vertex 105.5 -9.27135 24.1545
      vertex 105.5 -9.56849 23.0328
      vertex 105.5 -9.46793 23.0148
    endloop
  endfacet
  facet normal 1 0 0
    outer loop
      vertex 105.5 -9.50674 24.1754
      vertex 105.5 -9.67486 23.0436
      vertex 105.5 -9.56849 23.0328
    endloop
  endfacet
  facet normal 1 0 0
    outer loop
      vertex 105.5 -9.75174 24.1824
      vertex 105.5 -9.67486 23.0436
      vertex 105.5 -9.50674 24.1754
    endloop
  endfacet
  facet normal 1 0 0
    outer loop
      vertex 105.5 -9.75174 24.1824
      vertex 105.5 -9.78705 23.0472
      vertex 105.5 -9.67486 23.0436
    endloop
  endfacet
  facet normal 1 -0 0
    outer loop
      vertex 105.5 -10.0679 24.1715
      vertex 105.5 -9.78705 23.0472
      vertex 105.5 -9.75174 24.1824
    endloop
  endfacet
  facet normal 1 0 0
    outer loop
      vertex 105.5 -9.78705 23.0472
      vertex 105.5 -10.0679 24.1715
      vertex 105.5 -10.0551 23.0208
    endloop
  endfacet
  facet normal 1 -0 0
    outer loop
      vertex 105.5 -10.3676 24.139
      vertex 105.5 -10.0551 23.0208
      vertex 105.5 -10.0679 24.1715
    endloop
  endfacet
  facet normal 1 0 0
    outer loop
      vertex 105.5 -10.0551 23.0208
      vertex 105.5 -10.3676 24.139
      vertex 105.5 -10.2916 22.9417
    endloop
  endfacet
  facet normal 1 -0 0
    outer loop
      vertex 105.5 -10.6509 24.0847
      vertex 105.5 -10.2916 22.9417
      vertex 105.5 -10.3676 24.139
    endloop
  endfacet
  facet normal 1 -0 0
    outer loop
      vertex 105.5 -10.9177 24.0087
      vertex 105.5 -10.2916 22.9417
      vertex 105.5 -10.6509 24.0847
    endloop
  endfacet
  facet normal 1 0 0
    outer loop
      vertex 105.5 -10.2916 22.9417
      vertex 105.5 -10.9177 24.0087
      vertex 105.5 -10.4965 22.8099
    endloop
  endfacet
  facet normal 1 -0 0
    outer loop
      vertex 105.5 -11.1682 23.911
      vertex 105.5 -10.4965 22.8099
      vertex 105.5 -10.9177 24.0087
    endloop
  endfacet
  facet normal 1 -0 0
    outer loop
      vertex 105.5 -11.4022 23.7915
      vertex 105.5 -10.4965 22.8099
      vertex 105.5 -11.1682 23.911
    endloop
  endfacet
  facet normal 1 0 0
    outer loop
      vertex 105.5 -10.4965 22.8099
      vertex 105.5 -11.4022 23.7915
      vertex 105.5 -10.6699 22.6254
    endloop
  endfacet
  facet normal 1 -0 0
    outer loop
      vertex 105.5 -11.6198 23.6504
      vertex 105.5 -10.6699 22.6254
      vertex 105.5 -11.4022 23.7915
    endloop
  endfacet
  facet normal 1 -0 0
    outer loop
      vertex 105.5 -11.821 23.4875
      vertex 105.5 -10.6699 22.6254
      vertex 105.5 -11.6198 23.6504
    endloop
  endfacet
  facet normal 1 -0 0
    outer loop
      vertex 105.5 -12.0058 23.303
      vertex 105.5 -10.8118 22.3881
      vertex 105.5 -11.821 23.4875
    endloop
  endfacet
  facet normal 1 0 0
    outer loop
      vertex 105.5 -10.6699 22.6254
      vertex 105.5 -11.821 23.4875
      vertex 105.5 -10.8118 22.3881
    endloop
  endfacet
  facet normal 1 0 0
    outer loop
      vertex 105.5 -8.58058 19.8941
      vertex 105.5 -6.94421 19.6743
      vertex 105.5 -6.92101 19.8177
    endloop
  endfacet
  facet normal 1 0 0
    outer loop
      vertex 105.5 -6.94421 19.6743
      vertex 105.5 -8.58058 19.8941
      vertex 105.5 -6.97462 19.5345
    endloop
  endfacet
  facet normal 1 -0 0
    outer loop
      vertex 105.5 -8.60058 19.767
      vertex 105.5 -6.97462 19.5345
      vertex 105.5 -8.58058 19.8941
    endloop
  endfacet
  facet normal 1 0 0
    outer loop
      vertex 105.5 -6.97462 19.5345
      vertex 105.5 -8.60058 19.767
      vertex 105.5 -7.01221 19.3981
    endloop
  endfacet
  facet normal 1 -0 0
    outer loop
      vertex 105.5 -8.62652 19.6471
      vertex 105.5 -7.05701 19.2651
      vertex 105.5 -8.60058 19.767
    endloop
  endfacet
  facet normal 1 0 0
    outer loop
      vertex 105.5 -7.05701 19.2651
      vertex 105.5 -8.62652 19.6471
      vertex 105.5 -7.10899 19.1357
    endloop
  endfacet
  facet normal 1 0 0
    outer loop
      vertex 105.5 -7.10899 19.1357
      vertex 105.5 -8.62652 19.6471
      vertex 105.5 -7.16817 19.0098
    endloop
  endfacet
  facet normal 1 0 0
    outer loop
      vertex 105.5 -7.16817 19.0098
      vertex 105.5 -8.65842 19.5343
      vertex 105.5 -7.23454 18.8873
    endloop
  endfacet
  facet normal 1 0 0
    outer loop
      vertex 105.5 -7.23454 18.8873
      vertex 105.5 -8.65842 19.5343
      vertex 105.5 -7.30811 18.7684
    endloop
  endfacet
  facet normal 1 -0 0
    outer loop
      vertex 105.5 -8.69628 19.4288
      vertex 105.5 -7.30811 18.7684
      vertex 105.5 -8.65842 19.5343
    endloop
  endfacet
  facet normal 1 0 0
    outer loop
      vertex 105.5 -7.30811 18.7684
      vertex 105.5 -8.69628 19.4288
      vertex 105.5 -7.38886 18.6529
    endloop
  endfacet
  facet normal 1 -0 0
    outer loop
      vertex 105.5 -8.7401 19.3304
      vertex 105.5 -7.47615 18.542
      vertex 105.5 -8.69628 19.4288
    endloop
  endfacet
  facet normal 1 0 0
    outer loop
      vertex 105.5 -7.47615 18.542
      vertex 105.5 -8.7401 19.3304
      vertex 105.5 -7.56934 18.4369
    endloop
  endfacet
  facet normal 1 -0 0
    outer loop
      vertex 105.5 -8.78986 19.2392
      vertex 105.5 -7.56934 18.4369
      vertex 105.5 -8.7401 19.3304
    endloop
  endfacet
  facet normal 1 0 0
    outer loop
      vertex 105.5 -7.66842 18.3376
      vertex 105.5 -8.78986 19.2392
      vertex 105.5 -7.77338 18.2439
    endloop
  endfacet
  facet normal 1 -0 0
    outer loop
      vertex 105.5 -8.8456 19.1552
      vertex 105.5 -7.77338 18.2439
      vertex 105.5 -8.78986 19.2392
    endloop
  endfacet
  facet normal 1 0 0
    outer loop
      vertex 105.5 -7.77338 18.2439
      vertex 105.5 -8.8456 19.1552
      vertex 105.5 -7.88421 18.156
    endloop
  endfacet
  facet normal 1 -0 0
    outer loop
      vertex 105.5 -8.90728 19.0784
      vertex 105.5 -8.00094 18.0739
      vertex 105.5 -8.8456 19.1552
    endloop
  endfacet
  facet normal 1 0 0
    outer loop
      vertex 105.5 -7.01221 19.3981
      vertex 105.5 -8.60058 19.767
      vertex 105.5 -7.05701 19.2651
    endloop
  endfacet
  facet normal 1 -0 0
    outer loop
      vertex 105.5 -8.65842 19.5343
      vertex 105.5 -7.16817 19.0098
      vertex 105.5 -8.62652 19.6471
    endloop
  endfacet
  facet normal 1 0 0
    outer loop
      vertex 105.5 -7.38886 18.6529
      vertex 105.5 -8.69628 19.4288
      vertex 105.5 -7.47615 18.542
    endloop
  endfacet
  facet normal 1 0 0
    outer loop
      vertex 105.5 -7.56934 18.4369
      vertex 105.5 -8.78986 19.2392
      vertex 105.5 -7.66842 18.3376
    endloop
  endfacet
  facet normal 1 0 0
    outer loop
      vertex 105.5 -7.88421 18.156
      vertex 105.5 -8.8456 19.1552
      vertex 105.5 -8.00094 18.0739
    endloop
  endfacet
  facet normal 1 0 0
    outer loop
      vertex 105.5 -8.00094 18.0739
      vertex 105.5 -8.90728 19.0784
      vertex 105.5 -8.12355 17.9974
    endloop
  endfacet
  facet normal 1 -0 0
    outer loop
      vertex 105.5 -8.97493 19.0088
      vertex 105.5 -8.12355 17.9974
      vertex 105.5 -8.90728 19.0784
    endloop
  endfacet
  facet normal 1 0 0
    outer loop
      vertex 105.5 -8.12355 17.9974
      vertex 105.5 -8.97493 19.0088
      vertex 105.5 -8.25206 17.9267
    endloop
  endfacet
  facet normal 1 -0 0
    outer loop
      vertex 105.5 -9.04744 18.9465
      vertex 105.5 -8.25206 17.9267
      vertex 105.5 -8.97493 19.0088
    endloop
  endfacet
  facet normal 1 0 0
    outer loop
      vertex 105.5 -8.25206 17.9267
      vertex 105.5 -9.04744 18.9465
      vertex 105.5 -8.38645 17.8618
    endloop
  endfacet
  facet normal 1 0 0
    outer loop
      vertex 105.5 -8.38645 17.8618
      vertex 105.5 -9.04744 18.9465
      vertex 105.5 -8.52565 17.8031
    endloop
  endfacet
  facet normal 1 -0 0
    outer loop
      vertex 105.5 -9.12374 18.8915
      vertex 105.5 -8.52565 17.8031
      vertex 105.5 -9.04744 18.9465
    endloop
  endfacet
  facet normal 1 0 0
    outer loop
      vertex 105.5 -8.52565 17.8031
      vertex 105.5 -9.12374 18.8915
      vertex 105.5 -8.66863 17.7514
    endloop
  endfacet
  facet normal 1 -0 0
    outer loop
      vertex 105.5 -9.2038 18.8438
      vertex 105.5 -8.66863 17.7514
      vertex 105.5 -9.12374 18.8915
    endloop
  endfacet
  facet normal 1 0 0
    outer loop
      vertex 105.5 -8.66863 17.7514
      vertex 105.5 -9.2038 18.8438
      vertex 105.5 -8.81538 17.7066
    endloop
  endfacet
  facet normal 1 -0 0
    outer loop
      vertex 105.5 -9.28765 18.8035
      vertex 105.5 -8.81538 17.7066
      vertex 105.5 -9.2038 18.8438
    endloop
  endfacet
  facet normal 1 0 0
    outer loop
      vertex 105.5 -8.81538 17.7066
      vertex 105.5 -9.28765 18.8035
      vertex 105.5 -8.96592 17.6686
    endloop
  endfacet
  facet normal 1 -0 0
    outer loop
      vertex 105.5 -9.37527 18.7705
      vertex 105.5 -8.96592 17.6686
      vertex 105.5 -9.28765 18.8035
    endloop
  endfacet
  facet normal 1 0 0
    outer loop
      vertex 105.5 -8.96592 17.6686
      vertex 105.5 -9.37527 18.7705
      vertex 105.5 -9.12023 17.6376
    endloop
  endfacet
  facet normal 1 -0 0
    outer loop
      vertex 105.5 -9.46667 18.7448
      vertex 105.5 -9.12023 17.6376
      vertex 105.5 -9.37527 18.7705
    endloop
  endfacet
  facet normal 1 0 0
    outer loop
      vertex 105.5 -9.12023 17.6376
      vertex 105.5 -9.46667 18.7448
      vertex 105.5 -9.27831 17.6134
    endloop
  endfacet
  facet normal 1 -0 0
    outer loop
      vertex 105.5 -9.56184 18.7265
      vertex 105.5 -9.27831 17.6134
      vertex 105.5 -9.46667 18.7448
    endloop
  endfacet
  facet normal 1 0 0
    outer loop
      vertex 105.5 -9.27831 17.6134
      vertex 105.5 -9.56184 18.7265
      vertex 105.5 -9.44019 17.5962
    endloop
  endfacet
  facet normal 1 -0 0
    outer loop
      vertex 105.5 -9.6608 18.7155
      vertex 105.5 -9.44019 17.5962
      vertex 105.5 -9.56184 18.7265
    endloop
  endfacet
  facet normal 1 0 0
    outer loop
      vertex 105.5 -9.44019 17.5962
      vertex 105.5 -9.6608 18.7155
      vertex 105.5 -9.60583 17.5858
    endloop
  endfacet
  facet normal 1 -0 0
    outer loop
      vertex 105.5 -9.76353 18.7118
      vertex 105.5 -9.60583 17.5858
      vertex 105.5 -9.6608 18.7155
    endloop
  endfacet
  facet normal 1 0 0
    outer loop
      vertex 105.5 -9.76353 18.7118
      vertex 105.5 -9.77525 17.5824
      vertex 105.5 -9.60583 17.5858
    endloop
  endfacet
  facet normal 1 0 0
    outer loop
      vertex 105.5 -10.0888 17.593
      vertex 105.5 -9.76353 18.7118
      vertex 105.5 -10.0365 18.739
    endloop
  endfacet
  facet normal 1 0 0
    outer loop
      vertex 105.5 -9.76353 18.7118
      vertex 105.5 -10.0888 17.593
      vertex 105.5 -9.77525 17.5824
    endloop
  endfacet
  facet normal 1 0 0
    outer loop
      vertex 105.5 -10.3861 17.6249
      vertex 105.5 -10.0365 18.739
      vertex 105.5 -10.2773 18.8204
    endloop
  endfacet
  facet normal 1 0 0
    outer loop
      vertex 105.5 -10.0365 18.739
      vertex 105.5 -10.3861 17.6249
      vertex 105.5 -10.0888 17.593
    endloop
  endfacet
  facet normal 1 0 0
    outer loop
      vertex 105.5 -10.9319 17.7526
      vertex 105.5 -10.2773 18.8204
      vertex 105.5 -10.4861 18.9562
    endloop
  endfacet
  facet normal 1 0 0
    outer loop
      vertex 105.5 -11.4126 17.9654
      vertex 105.5 -10.4861 18.9562
      vertex 105.5 -10.6627 19.1464
    endloop
  endfacet
  facet normal 1 0 0
    outer loop
      vertex 105.5 -10.2773 18.8204
      vertex 105.5 -10.6672 17.6781
      vertex 105.5 -10.3861 17.6249
    endloop
  endfacet
  facet normal 1 0 0
    outer loop
      vertex 105.5 -11.8282 18.2632
      vertex 105.5 -10.6627 19.1464
      vertex 105.5 -10.8072 19.3908
    endloop
  endfacet
  facet normal 1 0 0
    outer loop
      vertex 105.5 -12.3231 18.8607
      vertex 105.5 -10.8072 19.3908
      vertex 105.5 -10.9196 19.6896
    endloop
  endfacet
  facet normal 1 0 0
    outer loop
      vertex 105.5 -10.2773 18.8204
      vertex 105.5 -10.9319 17.7526
      vertex 105.5 -10.6672 17.6781
    endloop
  endfacet
  facet normal 1 0 0
    outer loop
      vertex 105.5 -12.5568 19.3444
      vertex 105.5 -10.9196 19.6896
      vertex 105.5 -10.9999 20.0427
    endloop
  endfacet
  facet normal 1 0 0
    outer loop
      vertex 105.5 -12.7126 19.8951
      vertex 105.5 -10.9999 20.0427
      vertex 105.5 -11.048 20.4501
    endloop
  endfacet
  facet normal 1 0 0
    outer loop
      vertex 105.5 -10.4861 18.9562
      vertex 105.5 -11.1804 17.8483
      vertex 105.5 -10.9319 17.7526
    endloop
  endfacet
  facet normal 1 -0 0
    outer loop
      vertex 105.5 -12.7905 20.513
      vertex 105.5 -11.048 20.4501
      vertex 105.5 -11.0641 20.9118
    endloop
  endfacet
  facet normal 1 -0 0
    outer loop
      vertex 105.5 -12.1725 23.0989
      vertex 105.5 -10.8118 22.3881
      vertex 105.5 -12.0058 23.303
    endloop
  endfacet
  facet normal 1 -0 0
    outer loop
      vertex 105.5 -12.3196 22.8777
      vertex 105.5 -10.8118 22.3881
      vertex 105.5 -12.1725 23.0989
    endloop
  endfacet
  facet normal 1 0 -0
    outer loop
      vertex 105.5 -12.7905 20.513
      vertex 105.5 -11.0641 20.9118
      vertex 105.5 -12.8002 20.8471
    endloop
  endfacet
  facet normal 1 0 0
    outer loop
      vertex 105.5 -10.8118 22.3881
      vertex 105.5 -12.3196 22.8777
      vertex 105.5 -10.9222 22.0981
    endloop
  endfacet
  facet normal 1 0 0
    outer loop
      vertex 105.5 -11.048 20.4501
      vertex 105.5 -12.7905 20.513
      vertex 105.5 -12.7613 20.1957
    endloop
  endfacet
  facet normal 1 -0 0
    outer loop
      vertex 105.5 -12.4471 22.6392
      vertex 105.5 -10.9222 22.0981
      vertex 105.5 -12.3196 22.8777
    endloop
  endfacet
  facet normal 1 0 0
    outer loop
      vertex 105.5 -11.0641 20.9118
      vertex 105.5 -12.7904 21.1888
      vertex 105.5 -12.8002 20.8471
    endloop
  endfacet
  facet normal 1 -0 0
    outer loop
      vertex 105.5 -12.555 22.3836
      vertex 105.5 -10.9222 22.0981
      vertex 105.5 -12.4471 22.6392
    endloop
  endfacet
  facet normal 1 0 0
    outer loop
      vertex 105.5 -11.048 20.4501
      vertex 105.5 -12.7613 20.1957
      vertex 105.5 -12.7126 19.8951
    endloop
  endfacet
  facet normal 1 0 0
    outer loop
      vertex 105.5 -10.9222 22.0981
      vertex 105.5 -12.555 22.3836
      vertex 105.5 -11.001 21.7554
    endloop
  endfacet
  facet normal 1 0 0
    outer loop
      vertex 105.5 -10.9999 20.0427
      vertex 105.5 -12.7126 19.8951
      vertex 105.5 -12.6444 19.6114
    endloop
  endfacet
  facet normal 1 -0 0
    outer loop
      vertex 105.5 -12.6433 22.1107
      vertex 105.5 -11.001 21.7554
      vertex 105.5 -12.555 22.3836
    endloop
  endfacet
  facet normal 1 0 0
    outer loop
      vertex 105.5 -10.9999 20.0427
      vertex 105.5 -12.6444 19.6114
      vertex 105.5 -12.5568 19.3444
    endloop
  endfacet
  facet normal 1 -0 0
    outer loop
      vertex 105.5 -12.7119 21.8206
      vertex 105.5 -11.001 21.7554
      vertex 105.5 -12.6433 22.1107
    endloop
  endfacet
  facet normal 1 0 0
    outer loop
      vertex 105.5 -10.9196 19.6896
      vertex 105.5 -12.5568 19.3444
      vertex 105.5 -12.4497 19.0941
    endloop
  endfacet
  facet normal 1 0 0
    outer loop
      vertex 105.5 -11.001 21.7554
      vertex 105.5 -12.7119 21.8206
      vertex 105.5 -11.0483 21.36
    endloop
  endfacet
  facet normal 1 0 0
    outer loop
      vertex 105.5 -10.4861 18.9562
      vertex 105.5 -11.4126 17.9654
      vertex 105.5 -11.1804 17.8483
    endloop
  endfacet
  facet normal 1 -0 0
    outer loop
      vertex 105.5 -12.761 21.5133
      vertex 105.5 -11.0483 21.36
      vertex 105.5 -12.7119 21.8206
    endloop
  endfacet
  facet normal 1 0 0
    outer loop
      vertex 105.5 -10.6627 19.1464
      vertex 105.5 -11.6286 18.1037
      vertex 105.5 -11.4126 17.9654
    endloop
  endfacet
  facet normal 1 0 0
    outer loop
      vertex 105.5 -12.7904 21.1888
      vertex 105.5 -11.0483 21.36
      vertex 105.5 -12.761 21.5133
    endloop
  endfacet
  facet normal 1 0 0
    outer loop
      vertex 105.5 -11.0483 21.36
      vertex 105.5 -12.7904 21.1888
      vertex 105.5 -11.0641 20.9118
    endloop
  endfacet
  facet normal 1 0 0
    outer loop
      vertex 105.5 -10.6627 19.1464
      vertex 105.5 -11.8282 18.2632
      vertex 105.5 -11.6286 18.1037
    endloop
  endfacet
  facet normal 1 0 0
    outer loop
      vertex 105.5 -10.8072 19.3908
      vertex 105.5 -12.0116 18.4441
      vertex 105.5 -11.8282 18.2632
    endloop
  endfacet
  facet normal 1 0 0
    outer loop
      vertex 105.5 -10.8072 19.3908
      vertex 105.5 -12.1771 18.644
      vertex 105.5 -12.0116 18.4441
    endloop
  endfacet
  facet normal 1 0 0
    outer loop
      vertex 105.5 -10.8072 19.3908
      vertex 105.5 -12.3231 18.8607
      vertex 105.5 -12.1771 18.644
    endloop
  endfacet
  facet normal 1 0 0
    outer loop
      vertex 105.5 -10.9196 19.6896
      vertex 105.5 -12.4497 19.0941
      vertex 105.5 -12.3231 18.8607
    endloop
  endfacet
  facet normal 1 0 0
    outer loop
      vertex 105.5 -0.576472 22.0032
      vertex 105.5 -2.04812 21.7665
      vertex 105.5 -2.03423 21.6001
    endloop
  endfacet
  facet normal 1 0 0
    outer loop
      vertex 105.5 -1.71187 23.7785
      vertex 105.5 -2.06883 21.9235
      vertex 105.5 -2.04812 21.7665
    endloop
  endfacet
  facet normal 1 0 0
    outer loop
      vertex 105.5 -1.71187 23.7785
      vertex 105.5 -2.09637 22.071
      vertex 105.5 -2.06883 21.9235
    endloop
  endfacet
  facet normal 1 0 0
    outer loop
      vertex 105.5 -1.71187 23.7785
      vertex 105.5 -2.13075 22.2089
      vertex 105.5 -2.09637 22.071
    endloop
  endfacet
  facet normal 1 0 0
    outer loop
      vertex 105.5 -2.64566 22.97
      vertex 105.5 -1.92867 23.9019
      vertex 105.5 -2.16147 24.0029
    endloop
  endfacet
  facet normal 1 0 0
    outer loop
      vertex 105.5 -1.71187 23.7785
      vertex 105.5 -2.17195 22.3373
      vertex 105.5 -2.13075 22.2089
    endloop
  endfacet
  facet normal 1 0 0
    outer loop
      vertex 105.5 -1.71187 23.7785
      vertex 105.5 -2.21998 22.4563
      vertex 105.5 -2.17195 22.3373
    endloop
  endfacet
  facet normal 1 0 0
    outer loop
      vertex 105.5 -1.71187 23.7785
      vertex 105.5 -2.27484 22.5657
      vertex 105.5 -2.21998 22.4563
    endloop
  endfacet
  facet normal 1 0 0
    outer loop
      vertex 105.5 -1.71187 23.7785
      vertex 105.5 -2.33653 22.6656
      vertex 105.5 -2.27484 22.5657
    endloop
  endfacet
  facet normal 1 0 0
    outer loop
      vertex 105.5 -1.71187 23.7785
      vertex 105.5 -2.40505 22.7559
      vertex 105.5 -2.33653 22.6656
    endloop
  endfacet
  facet normal 1 0 0
    outer loop
      vertex 105.5 -2.73691 23.0223
      vertex 105.5 -2.16147 24.0029
      vertex 105.5 -2.41025 24.0814
    endloop
  endfacet
  facet normal 1 0 0
    outer loop
      vertex 105.5 -1.71187 23.7785
      vertex 105.5 -2.47974 22.8368
      vertex 105.5 -2.40505 22.7559
    endloop
  endfacet
  facet normal 1 0 0
    outer loop
      vertex 105.5 -1.92867 23.9019
      vertex 105.5 -2.55993 22.9082
      vertex 105.5 -2.47974 22.8368
    endloop
  endfacet
  facet normal 1 0 0
    outer loop
      vertex 105.5 -1.92867 23.9019
      vertex 105.5 -2.64566 22.97
      vertex 105.5 -2.55993 22.9082
    endloop
  endfacet
  facet normal 1 0 0
    outer loop
      vertex 105.5 -2.83369 23.0652
      vertex 105.5 -2.41025 24.0814
      vertex 105.5 -2.67502 24.1375
    endloop
  endfacet
  facet normal 1 0 0
    outer loop
      vertex 105.5 -2.16147 24.0029
      vertex 105.5 -2.73691 23.0223
      vertex 105.5 -2.64566 22.97
    endloop
  endfacet
  facet normal 1 0 0
    outer loop
      vertex 105.5 -2.41025 24.0814
      vertex 105.5 -2.83369 23.0652
      vertex 105.5 -2.73691 23.0223
    endloop
  endfacet
  facet normal 1 0 0
    outer loop
      vertex 105.5 -2.67502 24.1375
      vertex 105.5 -2.93598 23.0985
      vertex 105.5 -2.83369 23.0652
    endloop
  endfacet
  facet normal 1 0 0
    outer loop
      vertex 105.5 -2.95577 24.1712
      vertex 105.5 -2.93598 23.0985
      vertex 105.5 -2.67502 24.1375
    endloop
  endfacet
  facet normal 1 0 0
    outer loop
      vertex 105.5 -2.95577 24.1712
      vertex 105.5 -3.0438 23.1222
      vertex 105.5 -2.93598 23.0985
    endloop
  endfacet
  facet normal 1 0 0
    outer loop
      vertex 105.5 -2.95577 24.1712
      vertex 105.5 -3.15715 23.1365
      vertex 105.5 -3.0438 23.1222
    endloop
  endfacet
  facet normal 1 0 0
    outer loop
      vertex 105.5 -3.2525 24.1824
      vertex 105.5 -3.15715 23.1365
      vertex 105.5 -2.95577 24.1712
    endloop
  endfacet
  facet normal 1 0 0
    outer loop
      vertex 105.5 -3.2525 24.1824
      vertex 105.5 -3.27602 23.1413
      vertex 105.5 -3.15715 23.1365
    endloop
  endfacet
  facet normal 1 0 0
    outer loop
      vertex 105.5 -3.2525 24.1824
      vertex 105.5 -3.40217 23.1363
      vertex 105.5 -3.27602 23.1413
    endloop
  endfacet
  facet normal 1 -0 0
    outer loop
      vertex 105.5 -3.56353 24.1719
      vertex 105.5 -3.40217 23.1363
      vertex 105.5 -3.2525 24.1824
    endloop
  endfacet
  facet normal 1 0 0
    outer loop
      vertex 105.5 -3.40217 23.1363
      vertex 105.5 -3.56353 24.1719
      vertex 105.5 -3.52173 23.1212
    endloop
  endfacet
  facet normal 1 -0 0
    outer loop
      vertex 105.5 -3.85844 24.1406
      vertex 105.5 -3.52173 23.1212
      vertex 105.5 -3.56353 24.1719
    endloop
  endfacet
  facet normal 1 0 0
    outer loop
      vertex 105.5 -3.52173 23.1212
      vertex 105.5 -3.85844 24.1406
      vertex 105.5 -3.63465 23.0962
    endloop
  endfacet
  facet normal 1 0 0
    outer loop
      vertex 105.5 -3.63465 23.0962
      vertex 105.5 -3.85844 24.1406
      vertex 105.5 -3.74099 23.0611
    endloop
  endfacet
  facet normal 1 -0 0
    outer loop
      vertex 105.5 -4.13721 24.0883
      vertex 105.5 -3.74099 23.0611
      vertex 105.5 -3.85844 24.1406
    endloop
  endfacet
  facet normal 1 0 0
    outer loop
      vertex 105.5 -3.74099 23.0611
      vertex 105.5 -4.13721 24.0883
      vertex 105.5 -3.8407 23.016
    endloop
  endfacet
  facet normal 1 -0 0
    outer loop
      vertex 105.5 -4.39986 24.0151
      vertex 105.5 -3.8407 23.016
      vertex 105.5 -4.13721 24.0883
    endloop
  endfacet
  facet normal 1 0 0
    outer loop
      vertex 105.5 -3.8407 23.016
      vertex 105.5 -4.39986 24.0151
      vertex 105.5 -3.93381 22.9608
    endloop
  endfacet
  facet normal 1 -0 0
    outer loop
      vertex 105.5 -4.64637 23.921
      vertex 105.5 -3.93381 22.9608
      vertex 105.5 -4.39986 24.0151
    endloop
  endfacet
  facet normal 1 0 0
    outer loop
      vertex 105.5 -3.93381 22.9608
      vertex 105.5 -4.64637 23.921
      vertex 105.5 -4.0203 22.8957
    endloop
  endfacet
  facet normal 1 0 0
    outer loop
      vertex 105.5 -4.0203 22.8957
      vertex 105.5 -4.64637 23.921
      vertex 105.5 -4.10019 22.8205
    endloop
  endfacet
  facet normal 1 -0 0
    outer loop
      vertex 105.5 -4.87675 23.8059
      vertex 105.5 -4.10019 22.8205
      vertex 105.5 -4.64637 23.921
    endloop
  endfacet
  facet normal 1 0 0
    outer loop
      vertex 105.5 -4.10019 22.8205
      vertex 105.5 -4.87675 23.8059
      vertex 105.5 -4.17345 22.7353
    endloop
  endfacet
  facet normal 1 -0 0
    outer loop
      vertex 105.5 -5.09101 23.67
      vertex 105.5 -4.17345 22.7353
      vertex 105.5 -4.87675 23.8059
    endloop
  endfacet
  facet normal 1 0 0
    outer loop
      vertex 105.5 -4.17345 22.7353
      vertex 105.5 -5.09101 23.67
      vertex 105.5 -4.23976 22.6411
    endloop
  endfacet
  facet normal 1 -0 0
    outer loop
      vertex 105.5 -5.28914 23.5131
      vertex 105.5 -4.23976 22.6411
      vertex 105.5 -5.09101 23.67
    endloop
  endfacet
  facet normal 1 0 0
    outer loop
      vertex 105.5 -4.23976 22.6411
      vertex 105.5 -5.28914 23.5131
      vertex 105.5 -4.29871 22.5389
    endloop
  endfacet
  facet normal 1 -0 0
    outer loop
      vertex 105.5 -5.47114 23.3353
      vertex 105.5 -4.29871 22.5389
      vertex 105.5 -5.28914 23.5131
    endloop
  endfacet
  facet normal 1 0 0
    outer loop
      vertex 105.5 -4.29871 22.5389
      vertex 105.5 -5.47114 23.3353
      vertex 105.5 -4.35034 22.4288
    endloop
  endfacet
  facet normal 1 -0 0
    outer loop
      vertex 105.5 -5.63541 23.1381
      vertex 105.5 -4.35034 22.4288
      vertex 105.5 -5.47114 23.3353
    endloop
  endfacet
  facet normal 1 -0 0
    outer loop
      vertex 105.5 -5.78036 22.9228
      vertex 105.5 -4.39463 22.3106
      vertex 105.5 -5.63541 23.1381
    endloop
  endfacet
  facet normal 1 0 0
    outer loop
      vertex 105.5 -4.35034 22.4288
      vertex 105.5 -5.63541 23.1381
      vertex 105.5 -4.39463 22.3106
    endloop
  endfacet
  facet normal 1 0 0
    outer loop
      vertex 105.5 -2.03423 21.6001
      vertex 105.5 -0.433496 20.6118
      vertex 105.5 -0.442434 20.9909
    endloop
  endfacet
  facet normal 1 0 0
    outer loop
      vertex 105.5 -2.03423 21.6001
      vertex 105.5 -0.442434 20.9909
      vertex 105.5 -0.469237 21.3492
    endloop
  endfacet
  facet normal 1 -0 0
    outer loop
      vertex 105.5 -2.03423 21.6001
      vertex 105.5 -0.469237 21.3492
      vertex 105.5 -0.513916 21.6866
    endloop
  endfacet
  facet normal 1 0 0
    outer loop
      vertex 105.5 -2.03423 21.6001
      vertex 105.5 -0.513916 21.6866
      vertex 105.5 -0.576472 22.0032
    endloop
  endfacet
  facet normal 1 0 0
    outer loop
      vertex 105.5 -2.04812 21.7665
      vertex 105.5 -0.576472 22.0032
      vertex 105.5 -0.656905 22.299
    endloop
  endfacet
  facet normal 1 0 0
    outer loop
      vertex 105.5 -2.04812 21.7665
      vertex 105.5 -0.656905 22.299
      vertex 105.5 -0.755216 22.5739
    endloop
  endfacet
  facet normal 1 0 0
    outer loop
      vertex 105.5 -2.04812 21.7665
      vertex 105.5 -0.755216 22.5739
      vertex 105.5 -0.871389 22.828
    endloop
  endfacet
  facet normal 1 0 0
    outer loop
      vertex 105.5 -2.04812 21.7665
      vertex 105.5 -0.871389 22.828
      vertex 105.5 -1.00544 23.0612
    endloop
  endfacet
  facet normal 1 0 0
    outer loop
      vertex 105.5 -2.04812 21.7665
      vertex 105.5 -1.00544 23.0612
      vertex 105.5 -1.15736 23.2736
    endloop
  endfacet
  facet normal 1 0 0
    outer loop
      vertex 105.5 -2.04812 21.7665
      vertex 105.5 -1.15736 23.2736
      vertex 105.5 -1.32621 23.4643
    endloop
  endfacet
  facet normal 1 0 0
    outer loop
      vertex 105.5 -2.04812 21.7665
      vertex 105.5 -1.32621 23.4643
      vertex 105.5 -1.51105 23.6326
    endloop
  endfacet
  facet normal 1 0 0
    outer loop
      vertex 105.5 -2.04812 21.7665
      vertex 105.5 -1.51105 23.6326
      vertex 105.5 -1.71187 23.7785
    endloop
  endfacet
  facet normal 1 0 0
    outer loop
      vertex 105.5 -2.47974 22.8368
      vertex 105.5 -1.71187 23.7785
      vertex 105.5 -1.92867 23.9019
    endloop
  endfacet
  facet normal 1 0 0
    outer loop
      vertex 105.5 -0.433496 20.6118
      vertex 105.5 -2.03423 21.6001
      vertex 105.5 -0.433496 20.5648
    endloop
  endfacet
  facet normal 1 0 0
    outer loop
      vertex 105.5 -4.51772 20.5648
      vertex 105.5 -2.03423 21.6001
      vertex 105.5 -4.50602 21.6001
    endloop
  endfacet
  facet normal 1 0 0
    outer loop
      vertex 105.5 -2.03423 21.6001
      vertex 105.5 -4.51772 20.5648
      vertex 105.5 -0.433496 20.5648
    endloop
  endfacet
  facet normal 1 0 0
    outer loop
      vertex 105.5 -2.08725 19.447
      vertex 105.5 -0.695281 18.9488
      vertex 105.5 -0.527648 19.3118
    endloop
  endfacet
  facet normal 1 0 0
    outer loop
      vertex 105.5 -0.695281 18.9488
      vertex 105.5 -2.08725 19.447
      vertex 105.5 -0.897345 18.6286
    endloop
  endfacet
  facet normal 1 -0 0
    outer loop
      vertex 105.5 -2.14623 19.2878
      vertex 105.5 -0.897345 18.6286
      vertex 105.5 -2.08725 19.447
    endloop
  endfacet
  facet normal 1 -0 0
    outer loop
      vertex 105.5 -2.22121 19.1473
      vertex 105.5 -1.13384 18.351
      vertex 105.5 -2.14623 19.2878
    endloop
  endfacet
  facet normal 1 0 0
    outer loop
      vertex 105.5 -1.13384 18.351
      vertex 105.5 -2.22121 19.1473
      vertex 105.5 -1.40477 18.1161
    endloop
  endfacet
  facet normal 1 0 0
    outer loop
      vertex 105.5 -0.897345 18.6286
      vertex 105.5 -2.14623 19.2878
      vertex 105.5 -1.13384 18.351
    endloop
  endfacet
  facet normal 1 -0 0
    outer loop
      vertex 105.5 -2.31216 19.0255
      vertex 105.5 -1.40477 18.1161
      vertex 105.5 -2.22121 19.1473
    endloop
  endfacet
  facet normal 1 0 0
    outer loop
      vertex 105.5 -1.40477 18.1161
      vertex 105.5 -2.31216 19.0255
      vertex 105.5 -1.71015 17.924
    endloop
  endfacet
  facet normal 1 -0 0
    outer loop
      vertex 105.5 -2.4191 18.9225
      vertex 105.5 -1.71015 17.924
      vertex 105.5 -2.31216 19.0255
    endloop
  endfacet
  facet normal 1 0 0
    outer loop
      vertex 105.5 -1.71015 17.924
      vertex 105.5 -2.4191 18.9225
      vertex 105.5 -2.04996 17.7745
    endloop
  endfacet
  facet normal 1 -0 0
    outer loop
      vertex 105.5 -2.54203 18.8382
      vertex 105.5 -2.04996 17.7745
      vertex 105.5 -2.4191 18.9225
    endloop
  endfacet
  facet normal 1 -0 0
    outer loop
      vertex 105.5 -2.68094 18.7726
      vertex 105.5 -2.04996 17.7745
      vertex 105.5 -2.54203 18.8382
    endloop
  endfacet
  facet normal 1 0 0
    outer loop
      vertex 105.5 -2.04996 17.7745
      vertex 105.5 -2.68094 18.7726
      vertex 105.5 -2.42421 17.6678
    endloop
  endfacet
  facet normal 1 -0 0
    outer loop
      vertex 105.5 -2.83583 18.7257
      vertex 105.5 -2.42421 17.6678
      vertex 105.5 -2.68094 18.7726
    endloop
  endfacet
  facet normal 1 0 0
    outer loop
      vertex 105.5 -2.42421 17.6678
      vertex 105.5 -2.83583 18.7257
      vertex 105.5 -2.83289 17.6037
    endloop
  endfacet
  facet normal 1 -0 0
    outer loop
      vertex 105.5 -3.00671 18.6976
      vertex 105.5 -2.83289 17.6037
      vertex 105.5 -2.83583 18.7257
    endloop
  endfacet
  facet normal 1 -0 0
    outer loop
      vertex 105.5 -3.19357 18.6883
      vertex 105.5 -2.83289 17.6037
      vertex 105.5 -3.00671 18.6976
    endloop
  endfacet
  facet normal 1 0 0
    outer loop
      vertex 105.5 -3.19357 18.6883
      vertex 105.5 -3.27602 17.5824
      vertex 105.5 -2.83289 17.6037
    endloop
  endfacet
  facet normal 1 0 0
    outer loop
      vertex 105.5 -3.33122 18.6941
      vertex 105.5 -3.27602 17.5824
      vertex 105.5 -3.19357 18.6883
    endloop
  endfacet
  facet normal 1 0 0
    outer loop
      vertex 105.5 -3.5869 17.5929
      vertex 105.5 -3.33122 18.6941
      vertex 105.5 -3.46169 18.7117
    endloop
  endfacet
  facet normal 1 0 0
    outer loop
      vertex 105.5 -3.5869 17.5929
      vertex 105.5 -3.46169 18.7117
      vertex 105.5 -3.58494 18.7409
    endloop
  endfacet
  facet normal 1 0 0
    outer loop
      vertex 105.5 -3.33122 18.6941
      vertex 105.5 -3.5869 17.5929
      vertex 105.5 -3.27602 17.5824
    endloop
  endfacet
  facet normal 1 0 0
    outer loop
      vertex 105.5 -3.88137 17.6244
      vertex 105.5 -3.58494 18.7409
      vertex 105.5 -3.70101 18.7818
    endloop
  endfacet
  facet normal 1 0 0
    outer loop
      vertex 105.5 -4.15943 17.6768
      vertex 105.5 -3.70101 18.7818
      vertex 105.5 -3.80989 18.8344
    endloop
  endfacet
  facet normal 1 0 0
    outer loop
      vertex 105.5 -3.58494 18.7409
      vertex 105.5 -3.88137 17.6244
      vertex 105.5 -3.5869 17.5929
    endloop
  endfacet
  facet normal 1 0 0
    outer loop
      vertex 105.5 -4.42106 17.7503
      vertex 105.5 -3.80989 18.8344
      vertex 105.5 -3.91158 18.8987
    endloop
  endfacet
  facet normal 1 0 0
    outer loop
      vertex 105.5 -4.66628 17.8447
      vertex 105.5 -3.91158 18.8987
      vertex 105.5 -4.00606 18.9747
    endloop
  endfacet
  facet normal 1 0 0
    outer loop
      vertex 105.5 -4.89506 17.9601
      vertex 105.5 -4.00606 18.9747
      vertex 105.5 -4.09335 19.0624
    endloop
  endfacet
  facet normal 1 0 0
    outer loop
      vertex 105.5 -3.70101 18.7818
      vertex 105.5 -4.15943 17.6768
      vertex 105.5 -3.88137 17.6244
    endloop
  endfacet
  facet normal 1 0 0
    outer loop
      vertex 105.5 -5.10744 18.0966
      vertex 105.5 -4.09335 19.0624
      vertex 105.5 -4.17345 19.1617
    endloop
  endfacet
  facet normal 1 0 0
    outer loop
      vertex 105.5 -5.3034 18.254
      vertex 105.5 -4.17345 19.1617
      vertex 105.5 -4.24572 19.2726
    endloop
  endfacet
  facet normal 1 0 0
    outer loop
      vertex 105.5 -5.48294 18.4324
      vertex 105.5 -4.24572 19.2726
      vertex 105.5 -4.30947 19.3947
    endloop
  endfacet
  facet normal 1 0 0
    outer loop
      vertex 105.5 -5.64473 18.6309
      vertex 105.5 -4.30947 19.3947
      vertex 105.5 -4.36473 19.5281
    endloop
  endfacet
  facet normal 1 0 0
    outer loop
      vertex 105.5 -5.91122 19.0857
      vertex 105.5 -4.36473 19.5281
      vertex 105.5 -4.41147 19.6727
    endloop
  endfacet
  facet normal 1 0 0
    outer loop
      vertex 105.5 -3.80989 18.8344
      vertex 105.5 -4.42106 17.7503
      vertex 105.5 -4.15943 17.6768
    endloop
  endfacet
  facet normal 1 0 0
    outer loop
      vertex 105.5 -6.01591 19.3419
      vertex 105.5 -4.41147 19.6727
      vertex 105.5 -4.44973 19.8286
    endloop
  endfacet
  facet normal 1 0 0
    outer loop
      vertex 105.5 -6.10157 19.6174
      vertex 105.5 -4.44973 19.8286
      vertex 105.5 -4.47948 19.9958
    endloop
  endfacet
  facet normal 1 0 0
    outer loop
      vertex 105.5 -6.16819 19.9121
      vertex 105.5 -4.47948 19.9958
      vertex 105.5 -4.50072 20.1742
    endloop
  endfacet
  facet normal 1 -0 0
    outer loop
      vertex 105.5 -6.21577 20.2261
      vertex 105.5 -4.50072 20.1742
      vertex 105.5 -4.51347 20.3638
    endloop
  endfacet
  facet normal 1 0 0
    outer loop
      vertex 105.5 -4.39463 22.3106
      vertex 105.5 -5.78036 22.9228
      vertex 105.5 -4.43158 22.1845
    endloop
  endfacet
  facet normal 1 -0 0
    outer loop
      vertex 105.5 -5.90597 22.6896
      vertex 105.5 -4.43158 22.1845
      vertex 105.5 -5.78036 22.9228
    endloop
  endfacet
  facet normal 1 0 -0
    outer loop
      vertex 105.5 -6.21577 20.2261
      vertex 105.5 -4.51772 20.5648
      vertex 105.5 -6.24432 20.5594
    endloop
  endfacet
  facet normal 1 0 0
    outer loop
      vertex 105.5 -4.43158 22.1845
      vertex 105.5 -5.90597 22.6896
      vertex 105.5 -4.46119 22.0504
    endloop
  endfacet
  facet normal 1 0 0
    outer loop
      vertex 105.5 -4.51772 20.5648
      vertex 105.5 -6.21577 20.2261
      vertex 105.5 -4.51347 20.3638
    endloop
  endfacet
  facet normal 1 -0 0
    outer loop
      vertex 105.5 -6.01227 22.4383
      vertex 105.5 -4.46119 22.0504
      vertex 105.5 -5.90597 22.6896
    endloop
  endfacet
  facet normal 1 0 0
    outer loop
      vertex 105.5 -4.50072 20.1742
      vertex 105.5 -6.21577 20.2261
      vertex 105.5 -6.16819 19.9121
    endloop
  endfacet
  facet normal 1 0 0
    outer loop
      vertex 105.5 -4.46119 22.0504
      vertex 105.5 -6.01227 22.4383
      vertex 105.5 -4.48347 21.9083
    endloop
  endfacet
  facet normal 1 0 0
    outer loop
      vertex 105.5 -4.47948 19.9958
      vertex 105.5 -6.16819 19.9121
      vertex 105.5 -6.10157 19.6174
    endloop
  endfacet
  facet normal 1 -0 0
    outer loop
      vertex 105.5 -6.09924 22.169
      vertex 105.5 -4.48347 21.9083
      vertex 105.5 -6.01227 22.4383
    endloop
  endfacet
  facet normal 1 0 0
    outer loop
      vertex 105.5 -4.44973 19.8286
      vertex 105.5 -6.10157 19.6174
      vertex 105.5 -6.01591 19.3419
    endloop
  endfacet
  facet normal 1 0 0
    outer loop
      vertex 105.5 -4.48347 21.9083
      vertex 105.5 -6.09924 22.169
      vertex 105.5 -4.4984 21.7582
    endloop
  endfacet
  facet normal 1 0 0
    outer loop
      vertex 105.5 -4.41147 19.6727
      vertex 105.5 -6.01591 19.3419
      vertex 105.5 -5.91122 19.0857
    endloop
  endfacet
  facet normal 1 -0 0
    outer loop
      vertex 105.5 -6.16688 21.8817
      vertex 105.5 -4.4984 21.7582
      vertex 105.5 -6.09924 22.169
    endloop
  endfacet
  facet normal 1 0 0
    outer loop
      vertex 105.5 -3.91158 18.8987
      vertex 105.5 -4.66628 17.8447
      vertex 105.5 -4.42106 17.7503
    endloop
  endfacet
  facet normal 1 0 0
    outer loop
      vertex 105.5 -4.4984 21.7582
      vertex 105.5 -6.16688 21.8817
      vertex 105.5 -4.50602 21.6001
    endloop
  endfacet
  facet normal 1 0 0
    outer loop
      vertex 105.5 -4.00606 18.9747
      vertex 105.5 -4.89506 17.9601
      vertex 105.5 -4.66628 17.8447
    endloop
  endfacet
  facet normal 1 0 0
    outer loop
      vertex 105.5 -6.21519 21.5764
      vertex 105.5 -4.50602 21.6001
      vertex 105.5 -6.16688 21.8817
    endloop
  endfacet
  facet normal 1 0 0
    outer loop
      vertex 105.5 -4.09335 19.0624
      vertex 105.5 -5.10744 18.0966
      vertex 105.5 -4.89506 17.9601
    endloop
  endfacet
  facet normal 1 0 0
    outer loop
      vertex 105.5 -6.24418 21.2531
      vertex 105.5 -4.50602 21.6001
      vertex 105.5 -6.21519 21.5764
    endloop
  endfacet
  facet normal 1 0 0
    outer loop
      vertex 105.5 -4.50602 21.6001
      vertex 105.5 -6.24418 21.2531
      vertex 105.5 -4.51772 20.5648
    endloop
  endfacet
  facet normal 1 -0 0
    outer loop
      vertex 105.5 -6.25385 20.9118
      vertex 105.5 -4.51772 20.5648
      vertex 105.5 -6.24418 21.2531
    endloop
  endfacet
  facet normal 1 0 0
    outer loop
      vertex 105.5 -4.36473 19.5281
      vertex 105.5 -5.78749 18.8487
      vertex 105.5 -5.64473 18.6309
    endloop
  endfacet
  facet normal 1 0 -0
    outer loop
      vertex 105.5 -6.24432 20.5594
      vertex 105.5 -4.51772 20.5648
      vertex 105.5 -6.25385 20.9118
    endloop
  endfacet
  facet normal 1 0 0
    outer loop
      vertex 105.5 -4.36473 19.5281
      vertex 105.5 -5.91122 19.0857
      vertex 105.5 -5.78749 18.8487
    endloop
  endfacet
  facet normal 1 0 0
    outer loop
      vertex 105.5 -4.17345 19.1617
      vertex 105.5 -5.3034 18.254
      vertex 105.5 -5.10744 18.0966
    endloop
  endfacet
  facet normal 1 0 0
    outer loop
      vertex 105.5 -4.30947 19.3947
      vertex 105.5 -5.64473 18.6309
      vertex 105.5 -5.48294 18.4324
    endloop
  endfacet
  facet normal 1 0 0
    outer loop
      vertex 105.5 -4.24572 19.2726
      vertex 105.5 -5.48294 18.4324
      vertex 105.5 -5.3034 18.254
    endloop
  endfacet
  facet normal 1 0 0
    outer loop
      vertex 105.5 4.49356 23.3067
      vertex 105.5 6.4718 24.0648
      vertex 105.5 4.74159 24.0648
    endloop
  endfacet
  facet normal 1 0 0
    outer loop
      vertex 105.5 4.26992 22.6219
      vertex 105.5 6.4718 24.0648
      vertex 105.5 4.49356 23.3067
    endloop
  endfacet
  facet normal 1 0 0
    outer loop
      vertex 105.5 4.07072 22.0105
      vertex 105.5 6.4718 24.0648
      vertex 105.5 4.26992 22.6219
    endloop
  endfacet
  facet normal 1 0 0
    outer loop
      vertex 105.5 3.89591 21.4724
      vertex 105.5 6.4718 24.0648
      vertex 105.5 4.07072 22.0105
    endloop
  endfacet
  facet normal 1 0 0
    outer loop
      vertex 105.5 6.4718 24.0648
      vertex 105.5 3.89591 21.4724
      vertex 105.5 4.12368 17.7
    endloop
  endfacet
  facet normal 1 -0 0
    outer loop
      vertex 105.5 3.74551 21.0077
      vertex 105.5 4.12368 17.7
      vertex 105.5 3.89591 21.4724
    endloop
  endfacet
  facet normal 1 -0 0
    outer loop
      vertex 105.5 3.61952 20.6163
      vertex 105.5 4.12368 17.7
      vertex 105.5 3.74551 21.0077
    endloop
  endfacet
  facet normal 1 -0 0
    outer loop
      vertex 105.5 3.51794 20.2983
      vertex 105.5 4.12368 17.7
      vertex 105.5 3.61952 20.6163
    endloop
  endfacet
  facet normal 1 -0 0
    outer loop
      vertex 105.5 3.44078 20.0536
      vertex 105.5 4.12368 17.7
      vertex 105.5 3.51794 20.2983
    endloop
  endfacet
  facet normal 1 -0 0
    outer loop
      vertex 105.5 3.38802 19.8823
      vertex 105.5 4.12368 17.7
      vertex 105.5 3.44078 20.0536
    endloop
  endfacet
  facet normal 1 -0 0
    outer loop
      vertex 105.5 3.349 19.7522
      vertex 105.5 4.12368 17.7
      vertex 105.5 3.38802 19.8823
    endloop
  endfacet
  facet normal 1 -0 0
    outer loop
      vertex 105.5 3.31304 19.6311
      vertex 105.5 4.12368 17.7
      vertex 105.5 3.349 19.7522
    endloop
  endfacet
  facet normal 1 -0 0
    outer loop
      vertex 105.5 3.28014 19.519
      vertex 105.5 4.12368 17.7
      vertex 105.5 3.31304 19.6311
    endloop
  endfacet
  facet normal 1 -0 0
    outer loop
      vertex 105.5 3.25027 19.4158
      vertex 105.5 4.12368 17.7
      vertex 105.5 3.28014 19.519
    endloop
  endfacet
  facet normal 1 -0 0
    outer loop
      vertex 105.5 3.22347 19.3217
      vertex 105.5 4.12368 17.7
      vertex 105.5 3.25027 19.4158
    endloop
  endfacet
  facet normal 1 -0 0
    outer loop
      vertex 105.5 3.19972 19.2366
      vertex 105.5 4.12368 17.7
      vertex 105.5 3.22347 19.3217
    endloop
  endfacet
  facet normal 1 -0 0
    outer loop
      vertex 105.5 3.179 19.1605
      vertex 105.5 4.12368 17.7
      vertex 105.5 3.19972 19.2366
    endloop
  endfacet
  facet normal 1 -0 0
    outer loop
      vertex 105.5 3.16135 19.0934
      vertex 105.5 4.12368 17.7
      vertex 105.5 3.179 19.1605
    endloop
  endfacet
  facet normal 1 -0 0
    outer loop
      vertex 105.5 3.14676 19.0353
      vertex 105.5 4.12368 17.7
      vertex 105.5 3.16135 19.0934
    endloop
  endfacet
  facet normal 1 0 0
    outer loop
      vertex 105.5 2.14631 17.7
      vertex 105.5 3.07651 19.2858
      vertex 105.5 3.01221 19.5146
    endloop
  endfacet
  facet normal 1 0 0
    outer loop
      vertex 105.5 2.14631 17.7
      vertex 105.5 3.01221 19.5146
      vertex 105.5 2.95387 19.7216
    endloop
  endfacet
  facet normal 1 0 0
    outer loop
      vertex 105.5 2.14631 17.7
      vertex 105.5 2.95387 19.7216
      vertex 105.5 2.90149 19.9068
    endloop
  endfacet
  facet normal 1 0 0
    outer loop
      vertex 105.5 2.14631 17.7
      vertex 105.5 2.90149 19.9068
      vertex 105.5 2.85506 20.0702
    endloop
  endfacet
  facet normal 1 0 0
    outer loop
      vertex 105.5 2.14631 17.7
      vertex 105.5 2.85506 20.0702
      vertex 105.5 2.81458 20.2118
    endloop
  endfacet
  facet normal 1 0 0
    outer loop
      vertex 105.5 2.14631 17.7
      vertex 105.5 2.81458 20.2118
      vertex 105.5 2.78006 20.3316
    endloop
  endfacet
  facet normal 1 0 0
    outer loop
      vertex 105.5 2.14631 17.7
      vertex 105.5 2.78006 20.3316
      vertex 105.5 2.75149 20.4297
    endloop
  endfacet
  facet normal 1 0 0
    outer loop
      vertex 105.5 2.14631 17.7
      vertex 105.5 2.75149 20.4297
      vertex 105.5 2.72889 20.5059
    endloop
  endfacet
  facet normal 1 0 0
    outer loop
      vertex 105.5 3.14676 19.0353
      vertex 105.5 2.14631 17.7
      vertex 105.5 4.12368 17.7
    endloop
  endfacet
  facet normal 1 0 0
    outer loop
      vertex 105.5 3.07651 19.2858
      vertex 105.5 2.14631 17.7
      vertex 105.5 3.14676 19.0353
    endloop
  endfacet
  facet normal 1 -0 0
    outer loop
      vertex 105.5 -0.131164 24.0648
      vertex 105.5 2.72889 20.5059
      vertex 105.5 1.61666 24.0648
    endloop
  endfacet
  facet normal 1 0 0
    outer loop
      vertex 105.5 2.72889 20.5059
      vertex 105.5 -0.131164 24.0648
      vertex 105.5 2.14631 17.7
    endloop
  endfacet
  facet normal 0 -1 0
    outer loop
      vertex 79.4321 -16 24.1715
      vertex 79.4449 -16 23.0208
      vertex 79.7129 -16 23.0472
    endloop
  endfacet
  facet normal 0 -1 0
    outer loop
      vertex 77.4942 -16 23.303
      vertex 79.2084 -16 22.9417
      vertex 79.4449 -16 23.0208
    endloop
  endfacet
  facet normal 0 -1 0
    outer loop
      vertex 78.6882 -16 22.3881
      vertex 77.3275 -16 23.0989
      vertex 77.1804 -16 22.8777
    endloop
  endfacet
  facet normal 0 -1 0
    outer loop
      vertex 77.4942 -16 23.303
      vertex 79.0035 -16 22.8099
      vertex 79.2084 -16 22.9417
    endloop
  endfacet
  facet normal 0 -1 0
    outer loop
      vertex 78.5778 -16 22.0981
      vertex 77.1804 -16 22.8777
      vertex 77.0529 -16 22.6392
    endloop
  endfacet
  facet normal 0 -1 0
    outer loop
      vertex 77.4942 -16 23.303
      vertex 78.8301 -16 22.6254
      vertex 79.0035 -16 22.8099
    endloop
  endfacet
  facet normal 0 -1 0
    outer loop
      vertex 77.4942 -16 23.303
      vertex 78.6882 -16 22.3881
      vertex 78.8301 -16 22.6254
    endloop
  endfacet
  facet normal 0 -1 0
    outer loop
      vertex 78.5778 -16 22.0981
      vertex 77.0529 -16 22.6392
      vertex 76.945 -16 22.3836
    endloop
  endfacet
  facet normal 0 -1 0
    outer loop
      vertex 78.499 -16 21.7554
      vertex 76.945 -16 22.3836
      vertex 76.8567 -16 22.1107
    endloop
  endfacet
  facet normal 0 -1 0
    outer loop
      vertex 77.1804 -16 22.8777
      vertex 78.5778 -16 22.0981
      vertex 78.6882 -16 22.3881
    endloop
  endfacet
  facet normal 0 -1 0
    outer loop
      vertex 78.499 -16 21.7554
      vertex 76.8567 -16 22.1107
      vertex 76.7881 -16 21.8206
    endloop
  endfacet
  facet normal 0 -1 0
    outer loop
      vertex 76.945 -16 22.3836
      vertex 78.499 -16 21.7554
      vertex 78.5778 -16 22.0981
    endloop
  endfacet
  facet normal 0 -1 0
    outer loop
      vertex 78.4517 -16 21.36
      vertex 76.7881 -16 21.8206
      vertex 76.739 -16 21.5133
    endloop
  endfacet
  facet normal 0 -1 0
    outer loop
      vertex 76.7881 -16 21.8206
      vertex 78.4517 -16 21.36
      vertex 78.499 -16 21.7554
    endloop
  endfacet
  facet normal 0 -1 0
    outer loop
      vertex 76.7096 -16 21.1888
      vertex 78.4517 -16 21.36
      vertex 76.739 -16 21.5133
    endloop
  endfacet
  facet normal 0 -1 0
    outer loop
      vertex 76.7096 -16 21.1888
      vertex 78.4359 -16 20.9118
      vertex 78.4517 -16 21.36
    endloop
  endfacet
  facet normal 0 -1 0
    outer loop
      vertex 76.6998 -16 20.8471
      vertex 78.4359 -16 20.9118
      vertex 76.7096 -16 21.1888
    endloop
  endfacet
  facet normal 0 -1 0
    outer loop
      vertex 76.7095 -16 20.513
      vertex 78.4359 -16 20.9118
      vertex 76.6998 -16 20.8471
    endloop
  endfacet
  facet normal 0 -1 0
    outer loop
      vertex 76.7095 -16 20.513
      vertex 78.452 -16 20.4501
      vertex 78.4359 -16 20.9118
    endloop
  endfacet
  facet normal 0 -1 0
    outer loop
      vertex 76.7387 -16 20.1957
      vertex 78.452 -16 20.4501
      vertex 76.7095 -16 20.513
    endloop
  endfacet
  facet normal 0 -1 0
    outer loop
      vertex 76.7874 -16 19.8951
      vertex 78.452 -16 20.4501
      vertex 76.7387 -16 20.1957
    endloop
  endfacet
  facet normal 0 -1 -0
    outer loop
      vertex 78.452 -16 20.4501
      vertex 76.7874 -16 19.8951
      vertex 78.5001 -16 20.0427
    endloop
  endfacet
  facet normal 0 -1 0
    outer loop
      vertex 76.8556 -16 19.6114
      vertex 78.5001 -16 20.0427
      vertex 76.7874 -16 19.8951
    endloop
  endfacet
  facet normal 0 -1 0
    outer loop
      vertex 76.9432 -16 19.3444
      vertex 78.5001 -16 20.0427
      vertex 76.8556 -16 19.6114
    endloop
  endfacet
  facet normal 0 -1 -0
    outer loop
      vertex 78.5001 -16 20.0427
      vertex 76.9432 -16 19.3444
      vertex 78.5804 -16 19.6896
    endloop
  endfacet
  facet normal 0 -1 0
    outer loop
      vertex 77.0503 -16 19.0941
      vertex 78.5804 -16 19.6896
      vertex 76.9432 -16 19.3444
    endloop
  endfacet
  facet normal 0 -1 0
    outer loop
      vertex 77.1768 -16 18.8607
      vertex 78.5804 -16 19.6896
      vertex 77.0503 -16 19.0941
    endloop
  endfacet
  facet normal 0 -1 -0
    outer loop
      vertex 78.5804 -16 19.6896
      vertex 77.1768 -16 18.8607
      vertex 78.6928 -16 19.3908
    endloop
  endfacet
  facet normal 0 -1 0
    outer loop
      vertex 77.3229 -16 18.644
      vertex 78.6928 -16 19.3908
      vertex 77.1768 -16 18.8607
    endloop
  endfacet
  facet normal 0 -1 0
    outer loop
      vertex 77.4884 -16 18.4441
      vertex 78.6928 -16 19.3908
      vertex 77.3229 -16 18.644
    endloop
  endfacet
  facet normal 0 -1 0
    outer loop
      vertex 77.6718 -16 18.2632
      vertex 78.6928 -16 19.3908
      vertex 77.4884 -16 18.4441
    endloop
  endfacet
  facet normal 0 -1 -0
    outer loop
      vertex 78.6928 -16 19.3908
      vertex 77.6718 -16 18.2632
      vertex 78.8373 -16 19.1464
    endloop
  endfacet
  facet normal 0 -1 0
    outer loop
      vertex 77.8714 -16 18.1037
      vertex 78.8373 -16 19.1464
      vertex 77.6718 -16 18.2632
    endloop
  endfacet
  facet normal 0 -1 0
    outer loop
      vertex 78.0874 -16 17.9654
      vertex 78.8373 -16 19.1464
      vertex 77.8714 -16 18.1037
    endloop
  endfacet
  facet normal 0 -1 -0
    outer loop
      vertex 78.8373 -16 19.1464
      vertex 78.0874 -16 17.9654
      vertex 79.0139 -16 18.9562
    endloop
  endfacet
  facet normal -0 -1 0
    outer loop
      vertex 79.8942 -16 17.5858
      vertex 79.7365 -16 18.7118
      vertex 79.7247 -16 17.5824
    endloop
  endfacet
  facet normal 0 -1 0
    outer loop
      vertex 78.3196 -16 17.8483
      vertex 79.0139 -16 18.9562
      vertex 78.0874 -16 17.9654
    endloop
  endfacet
  facet normal -0 -1 0
    outer loop
      vertex 80.0598 -16 17.5962
      vertex 79.7365 -16 18.7118
      vertex 79.8942 -16 17.5858
    endloop
  endfacet
  facet normal -0 -1 0
    outer loop
      vertex 80.2217 -16 17.6134
      vertex 79.7365 -16 18.7118
      vertex 80.0598 -16 17.5962
    endloop
  endfacet
  facet normal 0 -1 0
    outer loop
      vertex 78.5681 -16 17.7526
      vertex 79.0139 -16 18.9562
      vertex 78.3196 -16 17.8483
    endloop
  endfacet
  facet normal -0 -1 0
    outer loop
      vertex 80.3798 -16 17.6376
      vertex 79.7365 -16 18.7118
      vertex 80.2217 -16 17.6134
    endloop
  endfacet
  facet normal -0 -1 0
    outer loop
      vertex 80.5341 -16 17.6686
      vertex 79.7365 -16 18.7118
      vertex 80.3798 -16 17.6376
    endloop
  endfacet
  facet normal 0 -1 -0
    outer loop
      vertex 79.0139 -16 18.9562
      vertex 78.5681 -16 17.7526
      vertex 79.2227 -16 18.8204
    endloop
  endfacet
  facet normal -0 -1 0
    outer loop
      vertex 80.6846 -16 17.7066
      vertex 79.7365 -16 18.7118
      vertex 80.5341 -16 17.6686
    endloop
  endfacet
  facet normal -0 -1 0
    outer loop
      vertex 80.9743 -16 17.8031
      vertex 79.7365 -16 18.7118
      vertex 80.8314 -16 17.7514
    endloop
  endfacet
  facet normal 0 -1 0
    outer loop
      vertex 78.8328 -16 17.6781
      vertex 79.2227 -16 18.8204
      vertex 78.5681 -16 17.7526
    endloop
  endfacet
  facet normal 0 -1 0
    outer loop
      vertex 79.7365 -16 18.7118
      vertex 81.3764 -16 17.9974
      vertex 81.4991 -16 18.0739
    endloop
  endfacet
  facet normal -0 -1 0
    outer loop
      vertex 81.3764 -16 17.9974
      vertex 79.7365 -16 18.7118
      vertex 81.2479 -16 17.9267
    endloop
  endfacet
  facet normal 0 -1 0
    outer loop
      vertex 79.1139 -16 17.6249
      vertex 79.2227 -16 18.8204
      vertex 78.8328 -16 17.6781
    endloop
  endfacet
  facet normal -0 -1 0
    outer loop
      vertex 81.2479 -16 17.9267
      vertex 79.7365 -16 18.7118
      vertex 81.1135 -16 17.8618
    endloop
  endfacet
  facet normal 0 -1 -0
    outer loop
      vertex 79.2227 -16 18.8204
      vertex 79.1139 -16 17.6249
      vertex 79.4635 -16 18.739
    endloop
  endfacet
  facet normal -0 -1 0
    outer loop
      vertex 81.1135 -16 17.8618
      vertex 79.7365 -16 18.7118
      vertex 80.9743 -16 17.8031
    endloop
  endfacet
  facet normal 0 -1 0
    outer loop
      vertex 79.7365 -16 18.7118
      vertex 81.4991 -16 18.0739
      vertex 81.6158 -16 18.156
    endloop
  endfacet
  facet normal 0 -1 0
    outer loop
      vertex 79.4112 -16 17.593
      vertex 79.4635 -16 18.739
      vertex 79.1139 -16 17.6249
    endloop
  endfacet
  facet normal 0 -1 0
    outer loop
      vertex 79.7365 -16 18.7118
      vertex 81.6158 -16 18.156
      vertex 81.7266 -16 18.2439
    endloop
  endfacet
  facet normal 0 -1 0
    outer loop
      vertex 79.7365 -16 18.7118
      vertex 81.7266 -16 18.2439
      vertex 81.8316 -16 18.3376
    endloop
  endfacet
  facet normal 0 -1 -0
    outer loop
      vertex 79.4635 -16 18.739
      vertex 79.4112 -16 17.593
      vertex 79.7365 -16 18.7118
    endloop
  endfacet
  facet normal 0 -1 0
    outer loop
      vertex 79.7365 -16 18.7118
      vertex 81.8316 -16 18.3376
      vertex 81.9307 -16 18.4369
    endloop
  endfacet
  facet normal 0 -1 0
    outer loop
      vertex 79.7365 -16 18.7118
      vertex 81.9307 -16 18.4369
      vertex 82.0238 -16 18.542
    endloop
  endfacet
  facet normal 0 -1 0
    outer loop
      vertex 79.7365 -16 18.7118
      vertex 79.4112 -16 17.593
      vertex 79.7247 -16 17.5824
    endloop
  endfacet
  facet normal 0 -1 0
    outer loop
      vertex 79.7365 -16 18.7118
      vertex 82.0238 -16 18.542
      vertex 82.1111 -16 18.6529
    endloop
  endfacet
  facet normal -0 -1 0
    outer loop
      vertex 80.8314 -16 17.7514
      vertex 79.7365 -16 18.7118
      vertex 80.6846 -16 17.7066
    endloop
  endfacet
  facet normal 0 -1 0
    outer loop
      vertex 79.7129 -16 23.0472
      vertex 79.7483 -16 24.1824
      vertex 79.4321 -16 24.1715
    endloop
  endfacet
  facet normal 0 -1 0
    outer loop
      vertex 79.8251 -16 23.0436
      vertex 79.7483 -16 24.1824
      vertex 79.7129 -16 23.0472
    endloop
  endfacet
  facet normal 0 -1 0
    outer loop
      vertex 79.4449 -16 23.0208
      vertex 79.4321 -16 24.1715
      vertex 79.1324 -16 24.139
    endloop
  endfacet
  facet normal 0 -1 0
    outer loop
      vertex 79.7483 -16 24.1824
      vertex 79.8251 -16 23.0436
      vertex 79.9933 -16 24.1754
    endloop
  endfacet
  facet normal 0 -1 0
    outer loop
      vertex 79.4449 -16 23.0208
      vertex 79.1324 -16 24.139
      vertex 78.8491 -16 24.0847
    endloop
  endfacet
  facet normal 0 -1 0
    outer loop
      vertex 79.9315 -16 23.0328
      vertex 79.9933 -16 24.1754
      vertex 79.8251 -16 23.0436
    endloop
  endfacet
  facet normal 0 -1 0
    outer loop
      vertex 79.4449 -16 23.0208
      vertex 78.8491 -16 24.0847
      vertex 78.5823 -16 24.0087
    endloop
  endfacet
  facet normal 0 -1 -0
    outer loop
      vertex 79.9933 -16 24.1754
      vertex 79.9315 -16 23.0328
      vertex 80.2287 -16 24.1545
    endloop
  endfacet
  facet normal 0 -1 0
    outer loop
      vertex 80.0321 -16 23.0148
      vertex 80.2287 -16 24.1545
      vertex 79.9315 -16 23.0328
    endloop
  endfacet
  facet normal 0 -1 0
    outer loop
      vertex 79.4449 -16 23.0208
      vertex 78.5823 -16 24.0087
      vertex 78.3318 -16 23.911
    endloop
  endfacet
  facet normal 0 -1 0
    outer loop
      vertex 80.1268 -16 22.9896
      vertex 80.2287 -16 24.1545
      vertex 80.0321 -16 23.0148
    endloop
  endfacet
  facet normal 0 -1 0
    outer loop
      vertex 79.4449 -16 23.0208
      vertex 78.3318 -16 23.911
      vertex 78.0978 -16 23.7915
    endloop
  endfacet
  facet normal 0 -1 -0
    outer loop
      vertex 80.2287 -16 24.1545
      vertex 80.1268 -16 22.9896
      vertex 80.4545 -16 24.1196
    endloop
  endfacet
  facet normal 0 -1 0
    outer loop
      vertex 79.4449 -16 23.0208
      vertex 78.0978 -16 23.7915
      vertex 77.8802 -16 23.6504
    endloop
  endfacet
  facet normal 0 -1 0
    outer loop
      vertex 80.2158 -16 22.9573
      vertex 80.4545 -16 24.1196
      vertex 80.1268 -16 22.9896
    endloop
  endfacet
  facet normal 0 -1 0
    outer loop
      vertex 79.4449 -16 23.0208
      vertex 77.8802 -16 23.6504
      vertex 77.679 -16 23.4875
    endloop
  endfacet
  facet normal 0 -1 -0
    outer loop
      vertex 80.4545 -16 24.1196
      vertex 80.2158 -16 22.9573
      vertex 80.6707 -16 24.0708
    endloop
  endfacet
  facet normal 0 -1 0
    outer loop
      vertex 80.2989 -16 22.9177
      vertex 80.6707 -16 24.0708
      vertex 80.2158 -16 22.9573
    endloop
  endfacet
  facet normal 0 -1 0
    outer loop
      vertex 79.4449 -16 23.0208
      vertex 77.679 -16 23.4875
      vertex 77.4942 -16 23.303
    endloop
  endfacet
  facet normal 0 -1 -0
    outer loop
      vertex 80.6707 -16 24.0708
      vertex 80.2989 -16 22.9177
      vertex 80.8773 -16 24.0081
    endloop
  endfacet
  facet normal 0 -1 0
    outer loop
      vertex 78.6882 -16 22.3881
      vertex 77.4942 -16 23.303
      vertex 77.3275 -16 23.0989
    endloop
  endfacet
  facet normal 0 -1 0
    outer loop
      vertex 80.3762 -16 22.871
      vertex 80.8773 -16 24.0081
      vertex 80.2989 -16 22.9177
    endloop
  endfacet
  facet normal 0 -1 -0
    outer loop
      vertex 80.8773 -16 24.0081
      vertex 80.3762 -16 22.871
      vertex 81.0743 -16 23.9314
    endloop
  endfacet
  facet normal 0 -1 0
    outer loop
      vertex 80.4477 -16 22.8171
      vertex 81.0743 -16 23.9314
      vertex 80.3762 -16 22.871
    endloop
  endfacet
  facet normal 0 -1 -0
    outer loop
      vertex 81.0743 -16 23.9314
      vertex 80.4477 -16 22.8171
      vertex 81.2618 -16 23.8408
    endloop
  endfacet
  facet normal 0 -1 0
    outer loop
      vertex 80.5134 -16 22.7559
      vertex 81.2618 -16 23.8408
      vertex 80.4477 -16 22.8171
    endloop
  endfacet
  facet normal 0 -1 -0
    outer loop
      vertex 81.2618 -16 23.8408
      vertex 80.5134 -16 22.7559
      vertex 81.4396 -16 23.7362
    endloop
  endfacet
  facet normal 0 -1 0
    outer loop
      vertex 80.5735 -16 22.6888
      vertex 81.4396 -16 23.7362
      vertex 80.5134 -16 22.7559
    endloop
  endfacet
  facet normal 0 -1 -0
    outer loop
      vertex 81.4396 -16 23.7362
      vertex 80.5735 -16 22.6888
      vertex 81.6079 -16 23.6177
    endloop
  endfacet
  facet normal 0 -1 0
    outer loop
      vertex 80.6284 -16 22.6168
      vertex 81.6079 -16 23.6177
      vertex 80.5735 -16 22.6888
    endloop
  endfacet
  facet normal 0 -1 -0
    outer loop
      vertex 81.6079 -16 23.6177
      vertex 80.6284 -16 22.6168
      vertex 81.7646 -16 23.4869
    endloop
  endfacet
  facet normal 0 -1 0
    outer loop
      vertex 80.6781 -16 22.5399
      vertex 81.7646 -16 23.4869
      vertex 80.6284 -16 22.6168
    endloop
  endfacet
  facet normal 0 -1 -0
    outer loop
      vertex 81.7646 -16 23.4869
      vertex 80.6781 -16 22.5399
      vertex 81.9078 -16 23.3455
    endloop
  endfacet
  facet normal 0 -1 0
    outer loop
      vertex 80.7226 -16 22.4582
      vertex 81.9078 -16 23.3455
      vertex 80.6781 -16 22.5399
    endloop
  endfacet
  facet normal 0 -1 -0
    outer loop
      vertex 81.9078 -16 23.3455
      vertex 80.7226 -16 22.4582
      vertex 82.0375 -16 23.1935
    endloop
  endfacet
  facet normal 0 -1 0
    outer loop
      vertex 80.7618 -16 22.3716
      vertex 82.0375 -16 23.1935
      vertex 80.7226 -16 22.4582
    endloop
  endfacet
  facet normal 0 -1 -0
    outer loop
      vertex 82.0375 -16 23.1935
      vertex 80.7618 -16 22.3716
      vertex 82.1537 -16 23.0309
    endloop
  endfacet
  facet normal 0 -1 0
    outer loop
      vertex 80.7958 -16 22.2801
      vertex 82.1537 -16 23.0309
      vertex 80.7618 -16 22.3716
    endloop
  endfacet
  facet normal 0 -1 -0
    outer loop
      vertex 82.1537 -16 23.0309
      vertex 80.7958 -16 22.2801
      vertex 82.2563 -16 22.8577
    endloop
  endfacet
  facet normal 0 -1 0
    outer loop
      vertex 80.8246 -16 22.1838
      vertex 82.2563 -16 22.8577
      vertex 80.7958 -16 22.2801
    endloop
  endfacet
  facet normal 0 -1 -0
    outer loop
      vertex 82.2563 -16 22.8577
      vertex 80.8246 -16 22.1838
      vertex 82.3455 -16 22.6739
    endloop
  endfacet
  facet normal 0 -1 0
    outer loop
      vertex 80.8481 -16 22.0826
      vertex 82.3455 -16 22.6739
      vertex 80.8246 -16 22.1838
    endloop
  endfacet
  facet normal 0 -1 -0
    outer loop
      vertex 82.3455 -16 22.6739
      vertex 80.8481 -16 22.0826
      vertex 82.4211 -16 22.4795
    endloop
  endfacet
  facet normal 0 -1 0
    outer loop
      vertex 80.8664 -16 21.9765
      vertex 82.4211 -16 22.4795
      vertex 80.8481 -16 22.0826
    endloop
  endfacet
  facet normal 0 -1 -0
    outer loop
      vertex 82.4211 -16 22.4795
      vertex 80.8664 -16 21.9765
      vertex 82.4833 -16 22.2745
    endloop
  endfacet
  facet normal 0 -1 -0
    outer loop
      vertex 82.4833 -16 22.2745
      vertex 80.8664 -16 21.9765
      vertex 82.5319 -16 22.0589
    endloop
  endfacet
  facet normal 0 -1 0
    outer loop
      vertex 82.5254 -16 19.5345
      vertex 80.9194 -16 19.8941
      vertex 80.8994 -16 19.767
    endloop
  endfacet
  facet normal 0 -1 0
    outer loop
      vertex 80.9194 -16 19.8941
      vertex 82.5558 -16 19.6743
      vertex 82.579 -16 19.8177
    endloop
  endfacet
  facet normal 0 -1 0
    outer loop
      vertex 82.443 -16 19.2651
      vertex 80.8994 -16 19.767
      vertex 80.8735 -16 19.6471
    endloop
  endfacet
  facet normal 0 -1 0
    outer loop
      vertex 80.9194 -16 19.8941
      vertex 82.5254 -16 19.5345
      vertex 82.5558 -16 19.6743
    endloop
  endfacet
  facet normal 0 -1 0
    outer loop
      vertex 82.3318 -16 19.0098
      vertex 80.8735 -16 19.6471
      vertex 80.8416 -16 19.5343
    endloop
  endfacet
  facet normal 0 -1 0
    outer loop
      vertex 82.1919 -16 18.7684
      vertex 80.8416 -16 19.5343
      vertex 80.8037 -16 19.4288
    endloop
  endfacet
  facet normal 0 -1 0
    outer loop
      vertex 80.8994 -16 19.767
      vertex 82.4878 -16 19.3981
      vertex 82.5254 -16 19.5345
    endloop
  endfacet
  facet normal 0 -1 0
    outer loop
      vertex 82.1111 -16 18.6529
      vertex 80.8037 -16 19.4288
      vertex 80.7599 -16 19.3304
    endloop
  endfacet
  facet normal 0 -1 0
    outer loop
      vertex 80.8994 -16 19.767
      vertex 82.443 -16 19.2651
      vertex 82.4878 -16 19.3981
    endloop
  endfacet
  facet normal 0 -1 0
    outer loop
      vertex 82.1111 -16 18.6529
      vertex 80.7599 -16 19.3304
      vertex 80.7101 -16 19.2392
    endloop
  endfacet
  facet normal 0 -1 0
    outer loop
      vertex 82.1111 -16 18.6529
      vertex 80.7101 -16 19.2392
      vertex 80.6544 -16 19.1552
    endloop
  endfacet
  facet normal 0 -1 0
    outer loop
      vertex 80.8735 -16 19.6471
      vertex 82.391 -16 19.1357
      vertex 82.443 -16 19.2651
    endloop
  endfacet
  facet normal 0 -1 0
    outer loop
      vertex 82.1111 -16 18.6529
      vertex 80.6544 -16 19.1552
      vertex 80.5927 -16 19.0784
    endloop
  endfacet
  facet normal 0 -1 0
    outer loop
      vertex 80.8735 -16 19.6471
      vertex 82.3318 -16 19.0098
      vertex 82.391 -16 19.1357
    endloop
  endfacet
  facet normal 0 -1 0
    outer loop
      vertex 82.1111 -16 18.6529
      vertex 80.5927 -16 19.0784
      vertex 80.5251 -16 19.0088
    endloop
  endfacet
  facet normal 0 -1 0
    outer loop
      vertex 82.1111 -16 18.6529
      vertex 80.5251 -16 19.0088
      vertex 80.4526 -16 18.9465
    endloop
  endfacet
  facet normal 0 -1 0
    outer loop
      vertex 82.1111 -16 18.6529
      vertex 80.4526 -16 18.9465
      vertex 80.3763 -16 18.8915
    endloop
  endfacet
  facet normal 0 -1 0
    outer loop
      vertex 80.8416 -16 19.5343
      vertex 82.2655 -16 18.8873
      vertex 82.3318 -16 19.0098
    endloop
  endfacet
  facet normal 0 -1 0
    outer loop
      vertex 82.1111 -16 18.6529
      vertex 80.3763 -16 18.8915
      vertex 80.2962 -16 18.8438
    endloop
  endfacet
  facet normal 0 -1 0
    outer loop
      vertex 82.1111 -16 18.6529
      vertex 80.2962 -16 18.8438
      vertex 80.2123 -16 18.8035
    endloop
  endfacet
  facet normal 0 -1 0
    outer loop
      vertex 82.1111 -16 18.6529
      vertex 80.2123 -16 18.8035
      vertex 80.1247 -16 18.7705
    endloop
  endfacet
  facet normal 0 -1 0
    outer loop
      vertex 80.8416 -16 19.5343
      vertex 82.1919 -16 18.7684
      vertex 82.2655 -16 18.8873
    endloop
  endfacet
  facet normal 0 -1 0
    outer loop
      vertex 82.1111 -16 18.6529
      vertex 80.1247 -16 18.7705
      vertex 80.0333 -16 18.7448
    endloop
  endfacet
  facet normal 0 -1 0
    outer loop
      vertex 82.1111 -16 18.6529
      vertex 80.0333 -16 18.7448
      vertex 79.9382 -16 18.7265
    endloop
  endfacet
  facet normal 0 -1 0
    outer loop
      vertex 82.1111 -16 18.6529
      vertex 79.9382 -16 18.7265
      vertex 79.8392 -16 18.7155
    endloop
  endfacet
  facet normal 0 -1 0
    outer loop
      vertex 82.1111 -16 18.6529
      vertex 79.8392 -16 18.7155
      vertex 79.7365 -16 18.7118
    endloop
  endfacet
  facet normal 0 -1 0
    outer loop
      vertex 80.8037 -16 19.4288
      vertex 82.1111 -16 18.6529
      vertex 82.1919 -16 18.7684
    endloop
  endfacet
  facet normal 0 -1 0
    outer loop
      vertex 87.4658 -16 21.6001
      vertex 89.0665 -16 20.5648
      vertex 89.0665 -16 20.6118
    endloop
  endfacet
  facet normal 0 -1 0
    outer loop
      vertex 88.6027 -16 18.6286
      vertex 87.4128 -16 19.447
      vertex 87.3538 -16 19.2878
    endloop
  endfacet
  facet normal 0 -1 0
    outer loop
      vertex 88.3662 -16 18.351
      vertex 87.3538 -16 19.2878
      vertex 87.2788 -16 19.1473
    endloop
  endfacet
  facet normal 0 -1 0
    outer loop
      vertex 88.0952 -16 18.1161
      vertex 87.2788 -16 19.1473
      vertex 87.1878 -16 19.0255
    endloop
  endfacet
  facet normal 0 -1 0
    outer loop
      vertex 87.4128 -16 19.447
      vertex 88.8047 -16 18.9488
      vertex 88.9724 -16 19.3118
    endloop
  endfacet
  facet normal 0 -1 0
    outer loop
      vertex 87.7898 -16 17.924
      vertex 87.1878 -16 19.0255
      vertex 87.0809 -16 18.9225
    endloop
  endfacet
  facet normal 0 -1 0
    outer loop
      vertex 87.45 -16 17.7745
      vertex 87.0809 -16 18.9225
      vertex 86.958 -16 18.8382
    endloop
  endfacet
  facet normal 0 -1 0
    outer loop
      vertex 87.45 -16 17.7745
      vertex 86.958 -16 18.8382
      vertex 86.8191 -16 18.7726
    endloop
  endfacet
  facet normal 0 -1 0
    outer loop
      vertex 87.0758 -16 17.6678
      vertex 86.8191 -16 18.7726
      vertex 86.6642 -16 18.7257
    endloop
  endfacet
  facet normal 0 -1 0
    outer loop
      vertex 86.6671 -16 17.6037
      vertex 86.6642 -16 18.7257
      vertex 86.4933 -16 18.6976
    endloop
  endfacet
  facet normal 0 -1 0
    outer loop
      vertex 87.4128 -16 19.447
      vertex 88.6027 -16 18.6286
      vertex 88.8047 -16 18.9488
    endloop
  endfacet
  facet normal 0 -1 0
    outer loop
      vertex 86.6671 -16 17.6037
      vertex 86.4933 -16 18.6976
      vertex 86.3064 -16 18.6883
    endloop
  endfacet
  facet normal 0 -1 -0
    outer loop
      vertex 85.5884 -16 18.8987
      vertex 85.0789 -16 17.7503
      vertex 85.6901 -16 18.8344
    endloop
  endfacet
  facet normal 0 -1 0
    outer loop
      vertex 85.3406 -16 17.6768
      vertex 85.6901 -16 18.8344
      vertex 85.0789 -16 17.7503
    endloop
  endfacet
  facet normal -0 -1 0
    outer loop
      vertex 86.6671 -16 17.6037
      vertex 86.3064 -16 18.6883
      vertex 86.224 -16 17.5824
    endloop
  endfacet
  facet normal 0 -1 -0
    outer loop
      vertex 85.6901 -16 18.8344
      vertex 85.3406 -16 17.6768
      vertex 85.799 -16 18.7818
    endloop
  endfacet
  facet normal 0 -1 0
    outer loop
      vertex 86.6642 -16 18.7257
      vertex 86.6671 -16 17.6037
      vertex 87.0758 -16 17.6678
    endloop
  endfacet
  facet normal 0 -1 0
    outer loop
      vertex 85.6186 -16 17.6244
      vertex 85.799 -16 18.7818
      vertex 85.3406 -16 17.6768
    endloop
  endfacet
  facet normal 0 -1 -0
    outer loop
      vertex 85.799 -16 18.7818
      vertex 85.6186 -16 17.6244
      vertex 85.9151 -16 18.7409
    endloop
  endfacet
  facet normal 0 -1 0
    outer loop
      vertex 86.8191 -16 18.7726
      vertex 87.0758 -16 17.6678
      vertex 87.45 -16 17.7745
    endloop
  endfacet
  facet normal 0 -1 0
    outer loop
      vertex 85.9131 -16 17.5929
      vertex 85.9151 -16 18.7409
      vertex 85.6186 -16 17.6244
    endloop
  endfacet
  facet normal 0 -1 0
    outer loop
      vertex 87.0809 -16 18.9225
      vertex 87.45 -16 17.7745
      vertex 87.7898 -16 17.924
    endloop
  endfacet
  facet normal 0 -1 -0
    outer loop
      vertex 85.9151 -16 18.7409
      vertex 85.9131 -16 17.5929
      vertex 86.0383 -16 18.7117
    endloop
  endfacet
  facet normal 0 -1 -0
    outer loop
      vertex 86.0383 -16 18.7117
      vertex 85.9131 -16 17.5929
      vertex 86.1688 -16 18.6941
    endloop
  endfacet
  facet normal 0 -1 0
    outer loop
      vertex 86.224 -16 17.5824
      vertex 86.1688 -16 18.6941
      vertex 85.9131 -16 17.5929
    endloop
  endfacet
  facet normal 0 -1 0
    outer loop
      vertex 86.1688 -16 18.6941
      vertex 86.224 -16 17.5824
      vertex 86.3064 -16 18.6883
    endloop
  endfacet
  facet normal 0 -1 0
    outer loop
      vertex 87.1878 -16 19.0255
      vertex 87.7898 -16 17.924
      vertex 88.0952 -16 18.1161
    endloop
  endfacet
  facet normal 0 -1 0
    outer loop
      vertex 87.3538 -16 19.2878
      vertex 88.3662 -16 18.351
      vertex 88.6027 -16 18.6286
    endloop
  endfacet
  facet normal 0 -1 0
    outer loop
      vertex 87.2788 -16 19.1473
      vertex 88.0952 -16 18.1161
      vertex 88.3662 -16 18.351
    endloop
  endfacet
  facet normal 0 -1 0
    outer loop
      vertex 86.0978 -16 23.1363
      vertex 86.2475 -16 24.1824
      vertex 85.9365 -16 24.1719
    endloop
  endfacet
  facet normal 0 -1 0
    outer loop
      vertex 85.9783 -16 23.1212
      vertex 85.9365 -16 24.1719
      vertex 85.6416 -16 24.1406
    endloop
  endfacet
  facet normal 0 -1 0
    outer loop
      vertex 86.2475 -16 24.1824
      vertex 86.0978 -16 23.1363
      vertex 86.224 -16 23.1413
    endloop
  endfacet
  facet normal 0 -1 0
    outer loop
      vertex 85.759 -16 23.0611
      vertex 85.6416 -16 24.1406
      vertex 85.3628 -16 24.0883
    endloop
  endfacet
  facet normal 0 -1 0
    outer loop
      vertex 86.3428 -16 23.1365
      vertex 86.2475 -16 24.1824
      vertex 86.224 -16 23.1413
    endloop
  endfacet
  facet normal 0 -1 0
    outer loop
      vertex 85.6593 -16 23.016
      vertex 85.3628 -16 24.0883
      vertex 85.1001 -16 24.0151
    endloop
  endfacet
  facet normal 0 -1 0
    outer loop
      vertex 86.2475 -16 24.1824
      vertex 86.3428 -16 23.1365
      vertex 86.5442 -16 24.1712
    endloop
  endfacet
  facet normal 0 -1 0
    outer loop
      vertex 85.5662 -16 22.9608
      vertex 85.1001 -16 24.0151
      vertex 84.8536 -16 23.921
    endloop
  endfacet
  facet normal 0 -1 0
    outer loop
      vertex 86.4562 -16 23.1222
      vertex 86.5442 -16 24.1712
      vertex 86.3428 -16 23.1365
    endloop
  endfacet
  facet normal 0 -1 0
    outer loop
      vertex 85.4797 -16 22.8957
      vertex 84.8536 -16 23.921
      vertex 84.6233 -16 23.8059
    endloop
  endfacet
  facet normal 0 -1 -0
    outer loop
      vertex 86.5442 -16 24.1712
      vertex 86.4562 -16 23.1222
      vertex 86.825 -16 24.1375
    endloop
  endfacet
  facet normal 0 -1 0
    outer loop
      vertex 85.3265 -16 22.7353
      vertex 84.6233 -16 23.8059
      vertex 84.409 -16 23.67
    endloop
  endfacet
  facet normal 0 -1 0
    outer loop
      vertex 86.6663 -16 23.0652
      vertex 86.825 -16 24.1375
      vertex 86.564 -16 23.0985
    endloop
  endfacet
  facet normal 0 -1 0
    outer loop
      vertex 85.2602 -16 22.6411
      vertex 84.409 -16 23.67
      vertex 84.2109 -16 23.5131
    endloop
  endfacet
  facet normal 0 -1 -0
    outer loop
      vertex 86.825 -16 24.1375
      vertex 86.6663 -16 23.0652
      vertex 87.0897 -16 24.0814
    endloop
  endfacet
  facet normal 0 -1 0
    outer loop
      vertex 85.2013 -16 22.5389
      vertex 84.2109 -16 23.5131
      vertex 84.0289 -16 23.3353
    endloop
  endfacet
  facet normal 0 -1 0
    outer loop
      vertex 86.7631 -16 23.0223
      vertex 87.0897 -16 24.0814
      vertex 86.6663 -16 23.0652
    endloop
  endfacet
  facet normal 0 -1 -0
    outer loop
      vertex 87.0897 -16 24.0814
      vertex 86.7631 -16 23.0223
      vertex 87.3385 -16 24.0029
    endloop
  endfacet
  facet normal 0 -1 0
    outer loop
      vertex 85.1497 -16 22.4288
      vertex 84.0289 -16 23.3353
      vertex 83.8646 -16 23.1381
    endloop
  endfacet
  facet normal 0 -1 0
    outer loop
      vertex 86.564 -16 23.0985
      vertex 86.825 -16 24.1375
      vertex 86.4562 -16 23.1222
    endloop
  endfacet
  facet normal 0 -1 0
    outer loop
      vertex 85.9365 -16 24.1719
      vertex 85.9783 -16 23.1212
      vertex 86.0978 -16 23.1363
    endloop
  endfacet
  facet normal 0 -1 0
    outer loop
      vertex 85.6416 -16 24.1406
      vertex 85.8653 -16 23.0962
      vertex 85.9783 -16 23.1212
    endloop
  endfacet
  facet normal 0 -1 0
    outer loop
      vertex 85.6416 -16 24.1406
      vertex 85.759 -16 23.0611
      vertex 85.8653 -16 23.0962
    endloop
  endfacet
  facet normal 0 -1 0
    outer loop
      vertex 85.3628 -16 24.0883
      vertex 85.6593 -16 23.016
      vertex 85.759 -16 23.0611
    endloop
  endfacet
  facet normal 0 -1 0
    outer loop
      vertex 85.1001 -16 24.0151
      vertex 85.5662 -16 22.9608
      vertex 85.6593 -16 23.016
    endloop
  endfacet
  facet normal 0 -1 0
    outer loop
      vertex 85.1054 -16 22.3106
      vertex 83.8646 -16 23.1381
      vertex 83.7196 -16 22.9228
    endloop
  endfacet
  facet normal 0 -1 0
    outer loop
      vertex 84.8536 -16 23.921
      vertex 85.4797 -16 22.8957
      vertex 85.5662 -16 22.9608
    endloop
  endfacet
  facet normal 0 -1 0
    outer loop
      vertex 84.6233 -16 23.8059
      vertex 85.3998 -16 22.8205
      vertex 85.4797 -16 22.8957
    endloop
  endfacet
  facet normal 0 -1 0
    outer loop
      vertex 84.6233 -16 23.8059
      vertex 85.3265 -16 22.7353
      vertex 85.3998 -16 22.8205
    endloop
  endfacet
  facet normal 0 -1 0
    outer loop
      vertex 85.0684 -16 22.1845
      vertex 83.7196 -16 22.9228
      vertex 83.594 -16 22.6896
    endloop
  endfacet
  facet normal 0 -1 0
    outer loop
      vertex 84.409 -16 23.67
      vertex 85.2602 -16 22.6411
      vertex 85.3265 -16 22.7353
    endloop
  endfacet
  facet normal 0 -1 0
    outer loop
      vertex 84.2109 -16 23.5131
      vertex 85.2013 -16 22.5389
      vertex 85.2602 -16 22.6411
    endloop
  endfacet
  facet normal 0 -1 0
    outer loop
      vertex 85.0388 -16 22.0504
      vertex 83.594 -16 22.6896
      vertex 83.4877 -16 22.4383
    endloop
  endfacet
  facet normal 0 -1 0
    outer loop
      vertex 84.0289 -16 23.3353
      vertex 85.1497 -16 22.4288
      vertex 85.2013 -16 22.5389
    endloop
  endfacet
  facet normal 0 -1 0
    outer loop
      vertex 83.8646 -16 23.1381
      vertex 85.1054 -16 22.3106
      vertex 85.1497 -16 22.4288
    endloop
  endfacet
  facet normal 0 -1 0
    outer loop
      vertex 83.7196 -16 22.9228
      vertex 85.0684 -16 22.1845
      vertex 85.1054 -16 22.3106
    endloop
  endfacet
  facet normal 0 -1 0
    outer loop
      vertex 85.0165 -16 21.9083
      vertex 83.4877 -16 22.4383
      vertex 83.4008 -16 22.169
    endloop
  endfacet
  facet normal 0 -1 0
    outer loop
      vertex 83.594 -16 22.6896
      vertex 85.0388 -16 22.0504
      vertex 85.0684 -16 22.1845
    endloop
  endfacet
  facet normal 0 -1 0
    outer loop
      vertex 83.4877 -16 22.4383
      vertex 85.0165 -16 21.9083
      vertex 85.0388 -16 22.0504
    endloop
  endfacet
  facet normal 0 -1 0
    outer loop
      vertex 85.0016 -16 21.7582
      vertex 83.4008 -16 22.169
      vertex 83.3331 -16 21.8817
    endloop
  endfacet
  facet normal 0 -1 0
    outer loop
      vertex 83.4008 -16 22.169
      vertex 85.0016 -16 21.7582
      vertex 85.0165 -16 21.9083
    endloop
  endfacet
  facet normal 0 -1 0
    outer loop
      vertex 83.3331 -16 21.8817
      vertex 84.994 -16 21.6001
      vertex 85.0016 -16 21.7582
    endloop
  endfacet
  facet normal 0 -1 0
    outer loop
      vertex 83.2558 -16 21.2531
      vertex 84.994 -16 21.6001
      vertex 83.2848 -16 21.5764
    endloop
  endfacet
  facet normal 0 -1 0
    outer loop
      vertex 83.2848 -16 21.5764
      vertex 84.994 -16 21.6001
      vertex 83.3331 -16 21.8817
    endloop
  endfacet
  facet normal 0 -1 0
    outer loop
      vertex 86.8543 -16 22.97
      vertex 87.3385 -16 24.0029
      vertex 86.7631 -16 23.0223
    endloop
  endfacet
  facet normal 0 -1 -0
    outer loop
      vertex 87.3385 -16 24.0029
      vertex 86.8543 -16 22.97
      vertex 87.5713 -16 23.9019
    endloop
  endfacet
  facet normal 0 -1 0
    outer loop
      vertex 86.9401 -16 22.9082
      vertex 87.5713 -16 23.9019
      vertex 86.8543 -16 22.97
    endloop
  endfacet
  facet normal 0 -1 -0
    outer loop
      vertex 87.5713 -16 23.9019
      vertex 86.9401 -16 22.9082
      vertex 87.7881 -16 23.7785
    endloop
  endfacet
  facet normal 0 -1 0
    outer loop
      vertex 87.0203 -16 22.8368
      vertex 87.7881 -16 23.7785
      vertex 86.9401 -16 22.9082
    endloop
  endfacet
  facet normal 0 -1 0
    outer loop
      vertex 87.0949 -16 22.7559
      vertex 87.7881 -16 23.7785
      vertex 87.0203 -16 22.8368
    endloop
  endfacet
  facet normal 0 -1 -0
    outer loop
      vertex 87.7881 -16 23.7785
      vertex 87.0949 -16 22.7559
      vertex 87.9889 -16 23.6326
    endloop
  endfacet
  facet normal 0 -1 0
    outer loop
      vertex 87.1635 -16 22.6656
      vertex 87.9889 -16 23.6326
      vertex 87.0949 -16 22.7559
    endloop
  endfacet
  facet normal 0 -1 -0
    outer loop
      vertex 87.9889 -16 23.6326
      vertex 87.1635 -16 22.6656
      vertex 88.1738 -16 23.4643
    endloop
  endfacet
  facet normal 0 -1 0
    outer loop
      vertex 87.2252 -16 22.5657
      vertex 88.1738 -16 23.4643
      vertex 87.1635 -16 22.6656
    endloop
  endfacet
  facet normal 0 -1 -0
    outer loop
      vertex 88.1738 -16 23.4643
      vertex 87.2252 -16 22.5657
      vertex 88.3426 -16 23.2736
    endloop
  endfacet
  facet normal 0 -1 0
    outer loop
      vertex 87.28 -16 22.4563
      vertex 88.3426 -16 23.2736
      vertex 87.2252 -16 22.5657
    endloop
  endfacet
  facet normal 0 -1 -0
    outer loop
      vertex 88.3426 -16 23.2736
      vertex 87.28 -16 22.4563
      vertex 88.4946 -16 23.0612
    endloop
  endfacet
  facet normal 0 -1 0
    outer loop
      vertex 87.328 -16 22.3373
      vertex 88.4946 -16 23.0612
      vertex 87.28 -16 22.4563
    endloop
  endfacet
  facet normal 0 -1 -0
    outer loop
      vertex 88.4946 -16 23.0612
      vertex 87.328 -16 22.3373
      vertex 88.6286 -16 22.828
    endloop
  endfacet
  facet normal 0 -1 0
    outer loop
      vertex 87.3692 -16 22.2089
      vertex 88.6286 -16 22.828
      vertex 87.328 -16 22.3373
    endloop
  endfacet
  facet normal 0 -1 -0
    outer loop
      vertex 88.6286 -16 22.828
      vertex 87.3692 -16 22.2089
      vertex 88.7448 -16 22.5739
    endloop
  endfacet
  facet normal 0 -1 0
    outer loop
      vertex 87.4036 -16 22.071
      vertex 88.7448 -16 22.5739
      vertex 87.3692 -16 22.2089
    endloop
  endfacet
  facet normal 0 -1 -0
    outer loop
      vertex 88.7448 -16 22.5739
      vertex 87.4036 -16 22.071
      vertex 88.8431 -16 22.299
    endloop
  endfacet
  facet normal 0 -1 0
    outer loop
      vertex 87.4312 -16 21.9235
      vertex 88.8431 -16 22.299
      vertex 87.4036 -16 22.071
    endloop
  endfacet
  facet normal 0 -1 -0
    outer loop
      vertex 88.8431 -16 22.299
      vertex 87.4312 -16 21.9235
      vertex 88.9235 -16 22.0032
    endloop
  endfacet
  facet normal 0 -1 0
    outer loop
      vertex 87.4519 -16 21.7665
      vertex 88.9235 -16 22.0032
      vertex 87.4312 -16 21.9235
    endloop
  endfacet
  facet normal 0 -1 0
    outer loop
      vertex 87.4658 -16 21.6001
      vertex 88.9235 -16 22.0032
      vertex 87.4519 -16 21.7665
    endloop
  endfacet
  facet normal 0 -1 -0
    outer loop
      vertex 88.9235 -16 22.0032
      vertex 87.4658 -16 21.6001
      vertex 88.9861 -16 21.6866
    endloop
  endfacet
  facet normal 0 -1 0
    outer loop
      vertex 87.4658 -16 21.6001
      vertex 89.0308 -16 21.3492
      vertex 88.9861 -16 21.6866
    endloop
  endfacet
  facet normal 0 -1 -0
    outer loop
      vertex 84.994 -16 21.6001
      vertex 84.9823 -16 20.5648
      vertex 87.4658 -16 21.6001
    endloop
  endfacet
  facet normal 0 -1 0
    outer loop
      vertex 84.994 -16 21.6001
      vertex 83.2558 -16 21.2531
      vertex 84.9823 -16 20.5648
    endloop
  endfacet
  facet normal 0 -1 0
    outer loop
      vertex 89.0665 -16 20.5648
      vertex 87.4658 -16 21.6001
      vertex 84.9823 -16 20.5648
    endloop
  endfacet
  facet normal 0 -1 0
    outer loop
      vertex 84.9823 -16 20.5648
      vertex 83.2558 -16 21.2531
      vertex 83.2462 -16 20.9118
    endloop
  endfacet
  facet normal 0 -1 0
    outer loop
      vertex 87.4658 -16 21.6001
      vertex 89.0576 -16 20.9909
      vertex 89.0308 -16 21.3492
    endloop
  endfacet
  facet normal 0 -1 0
    outer loop
      vertex 87.4658 -16 21.6001
      vertex 89.0665 -16 20.6118
      vertex 89.0576 -16 20.9909
    endloop
  endfacet
  facet normal 0 -1 0
    outer loop
      vertex 83.2557 -16 20.5594
      vertex 84.9823 -16 20.5648
      vertex 83.2462 -16 20.9118
    endloop
  endfacet
  facet normal 0 -1 0
    outer loop
      vertex 83.2842 -16 20.2261
      vertex 84.9823 -16 20.5648
      vertex 83.2557 -16 20.5594
    endloop
  endfacet
  facet normal 0 -1 -0
    outer loop
      vertex 84.9823 -16 20.5648
      vertex 83.2842 -16 20.2261
      vertex 84.9865 -16 20.3638
    endloop
  endfacet
  facet normal 0 -1 0
    outer loop
      vertex 83.2842 -16 20.2261
      vertex 84.9993 -16 20.1742
      vertex 84.9865 -16 20.3638
    endloop
  endfacet
  facet normal 0 -1 0
    outer loop
      vertex 83.3318 -16 19.9121
      vertex 84.9993 -16 20.1742
      vertex 83.2842 -16 20.2261
    endloop
  endfacet
  facet normal 0 -1 -0
    outer loop
      vertex 84.9993 -16 20.1742
      vertex 83.3318 -16 19.9121
      vertex 85.0205 -16 19.9958
    endloop
  endfacet
  facet normal 0 -1 0
    outer loop
      vertex 83.3984 -16 19.6174
      vertex 85.0205 -16 19.9958
      vertex 83.3318 -16 19.9121
    endloop
  endfacet
  facet normal 0 -1 -0
    outer loop
      vertex 85.0205 -16 19.9958
      vertex 83.3984 -16 19.6174
      vertex 85.0503 -16 19.8286
    endloop
  endfacet
  facet normal 0 -1 0
    outer loop
      vertex 83.4841 -16 19.3419
      vertex 85.0503 -16 19.8286
      vertex 83.3984 -16 19.6174
    endloop
  endfacet
  facet normal 0 -1 -0
    outer loop
      vertex 85.0503 -16 19.8286
      vertex 83.4841 -16 19.3419
      vertex 85.0885 -16 19.6727
    endloop
  endfacet
  facet normal 0 -1 0
    outer loop
      vertex 83.5888 -16 19.0857
      vertex 85.0885 -16 19.6727
      vertex 83.4841 -16 19.3419
    endloop
  endfacet
  facet normal 0 -1 -0
    outer loop
      vertex 85.0885 -16 19.6727
      vertex 83.5888 -16 19.0857
      vertex 85.1353 -16 19.5281
    endloop
  endfacet
  facet normal 0 -1 0
    outer loop
      vertex 83.7125 -16 18.8487
      vertex 85.1353 -16 19.5281
      vertex 83.5888 -16 19.0857
    endloop
  endfacet
  facet normal 0 -1 -0
    outer loop
      vertex 85.1353 -16 19.5281
      vertex 83.7125 -16 18.8487
      vertex 85.1905 -16 19.3947
    endloop
  endfacet
  facet normal 0 -1 0
    outer loop
      vertex 83.8553 -16 18.6309
      vertex 85.1905 -16 19.3947
      vertex 83.7125 -16 18.8487
    endloop
  endfacet
  facet normal 0 -1 0
    outer loop
      vertex 84.0171 -16 18.4324
      vertex 85.1905 -16 19.3947
      vertex 83.8553 -16 18.6309
    endloop
  endfacet
  facet normal 0 -1 -0
    outer loop
      vertex 85.1905 -16 19.3947
      vertex 84.0171 -16 18.4324
      vertex 85.2543 -16 19.2726
    endloop
  endfacet
  facet normal 0 -1 0
    outer loop
      vertex 84.1966 -16 18.254
      vertex 85.2543 -16 19.2726
      vertex 84.0171 -16 18.4324
    endloop
  endfacet
  facet normal 0 -1 -0
    outer loop
      vertex 85.2543 -16 19.2726
      vertex 84.1966 -16 18.254
      vertex 85.3265 -16 19.1617
    endloop
  endfacet
  facet normal 0 -1 0
    outer loop
      vertex 84.3926 -16 18.0966
      vertex 85.3265 -16 19.1617
      vertex 84.1966 -16 18.254
    endloop
  endfacet
  facet normal 0 -1 -0
    outer loop
      vertex 85.3265 -16 19.1617
      vertex 84.3926 -16 18.0966
      vertex 85.4066 -16 19.0624
    endloop
  endfacet
  facet normal 0 -1 0
    outer loop
      vertex 84.6049 -16 17.9601
      vertex 85.4066 -16 19.0624
      vertex 84.3926 -16 18.0966
    endloop
  endfacet
  facet normal 0 -1 -0
    outer loop
      vertex 85.4066 -16 19.0624
      vertex 84.6049 -16 17.9601
      vertex 85.4939 -16 18.9747
    endloop
  endfacet
  facet normal 0 -1 0
    outer loop
      vertex 84.8337 -16 17.8447
      vertex 85.4939 -16 18.9747
      vertex 84.6049 -16 17.9601
    endloop
  endfacet
  facet normal 0 -1 0
    outer loop
      vertex 85.0789 -16 17.7503
      vertex 85.5884 -16 18.8987
      vertex 84.8337 -16 17.8447
    endloop
  endfacet
  facet normal 0 -1 -0
    outer loop
      vertex 85.4939 -16 18.9747
      vertex 84.8337 -16 17.8447
      vertex 85.5884 -16 18.8987
    endloop
  endfacet
  facet normal 0 -1 0
    outer loop
      vertex 89.3688 -16 24.0648
      vertex 92.2289 -16 20.5059
      vertex 91.1167 -16 24.0648
    endloop
  endfacet
  facet normal 0 -1 0
    outer loop
      vertex 91.6463 -16 17.7
      vertex 92.2289 -16 20.5059
      vertex 89.3688 -16 24.0648
    endloop
  endfacet
  facet normal 0 -1 -0
    outer loop
      vertex 92.2289 -16 20.5059
      vertex 91.6463 -16 17.7
      vertex 92.2515 -16 20.4297
    endloop
  endfacet
  facet normal 0 -1 -0
    outer loop
      vertex 92.2515 -16 20.4297
      vertex 91.6463 -16 17.7
      vertex 92.2801 -16 20.3316
    endloop
  endfacet
  facet normal 0 -1 -0
    outer loop
      vertex 92.2801 -16 20.3316
      vertex 91.6463 -16 17.7
      vertex 92.3146 -16 20.2118
    endloop
  endfacet
  facet normal 0 -1 -0
    outer loop
      vertex 92.3146 -16 20.2118
      vertex 91.6463 -16 17.7
      vertex 92.3551 -16 20.0702
    endloop
  endfacet
  facet normal 0 -1 -0
    outer loop
      vertex 92.3551 -16 20.0702
      vertex 91.6463 -16 17.7
      vertex 92.4015 -16 19.9068
    endloop
  endfacet
  facet normal 0 -1 -0
    outer loop
      vertex 92.4015 -16 19.9068
      vertex 91.6463 -16 17.7
      vertex 92.4539 -16 19.7216
    endloop
  endfacet
  facet normal 0 -1 -0
    outer loop
      vertex 92.4539 -16 19.7216
      vertex 91.6463 -16 17.7
      vertex 92.5122 -16 19.5146
    endloop
  endfacet
  facet normal 0 -1 -0
    outer loop
      vertex 92.5122 -16 19.5146
      vertex 91.6463 -16 17.7
      vertex 92.5765 -16 19.2858
    endloop
  endfacet
  facet normal 0 -1 -0
    outer loop
      vertex 92.5765 -16 19.2858
      vertex 91.6463 -16 17.7
      vertex 92.6468 -16 19.0353
    endloop
  endfacet
  facet normal 0 -1 0
    outer loop
      vertex 93.9936 -16 23.3067
      vertex 95.9718 -16 24.0648
      vertex 94.2416 -16 24.0648
    endloop
  endfacet
  facet normal 0 -1 0
    outer loop
      vertex 93.7699 -16 22.6219
      vertex 95.9718 -16 24.0648
      vertex 93.9936 -16 23.3067
    endloop
  endfacet
  facet normal 0 -1 0
    outer loop
      vertex 93.5707 -16 22.0105
      vertex 95.9718 -16 24.0648
      vertex 93.7699 -16 22.6219
    endloop
  endfacet
  facet normal 0 -1 0
    outer loop
      vertex 93.3959 -16 21.4724
      vertex 95.9718 -16 24.0648
      vertex 93.5707 -16 22.0105
    endloop
  endfacet
  facet normal 0 -1 0
    outer loop
      vertex 93.2455 -16 21.0077
      vertex 95.9718 -16 24.0648
      vertex 93.3959 -16 21.4724
    endloop
  endfacet
  facet normal 0 -1 0
    outer loop
      vertex 93.6237 -16 17.7
      vertex 93.2455 -16 21.0077
      vertex 93.1195 -16 20.6163
    endloop
  endfacet
  facet normal 0 -1 0
    outer loop
      vertex 93.6237 -16 17.7
      vertex 93.1195 -16 20.6163
      vertex 93.0179 -16 20.2983
    endloop
  endfacet
  facet normal 0 -1 0
    outer loop
      vertex 93.6237 -16 17.7
      vertex 93.0179 -16 20.2983
      vertex 92.9408 -16 20.0536
    endloop
  endfacet
  facet normal 0 -1 0
    outer loop
      vertex 93.6237 -16 17.7
      vertex 92.9408 -16 20.0536
      vertex 92.888 -16 19.8823
    endloop
  endfacet
  facet normal 0 -1 0
    outer loop
      vertex 93.6237 -16 17.7
      vertex 92.888 -16 19.8823
      vertex 92.849 -16 19.7522
    endloop
  endfacet
  facet normal 0 -1 0
    outer loop
      vertex 93.6237 -16 17.7
      vertex 92.849 -16 19.7522
      vertex 92.813 -16 19.6311
    endloop
  endfacet
  facet normal 0 -1 0
    outer loop
      vertex 93.6237 -16 17.7
      vertex 92.813 -16 19.6311
      vertex 92.7801 -16 19.519
    endloop
  endfacet
  facet normal 0 -1 0
    outer loop
      vertex 93.6237 -16 17.7
      vertex 92.7801 -16 19.519
      vertex 92.7503 -16 19.4158
    endloop
  endfacet
  facet normal 0 -1 0
    outer loop
      vertex 93.6237 -16 17.7
      vertex 92.7503 -16 19.4158
      vertex 92.7235 -16 19.3217
    endloop
  endfacet
  facet normal 0 -1 0
    outer loop
      vertex 93.6237 -16 17.7
      vertex 92.7235 -16 19.3217
      vertex 92.6997 -16 19.2366
    endloop
  endfacet
  facet normal 0 -1 0
    outer loop
      vertex 93.6237 -16 17.7
      vertex 92.6997 -16 19.2366
      vertex 92.679 -16 19.1605
    endloop
  endfacet
  facet normal 0 -1 0
    outer loop
      vertex 93.6237 -16 17.7
      vertex 92.679 -16 19.1605
      vertex 92.6614 -16 19.0934
    endloop
  endfacet
  facet normal 0 -1 0
    outer loop
      vertex 93.6237 -16 17.7
      vertex 92.6614 -16 19.0934
      vertex 92.6468 -16 19.0353
    endloop
  endfacet
  facet normal 0 -1 0
    outer loop
      vertex 93.2455 -16 21.0077
      vertex 93.6237 -16 17.7
      vertex 95.9718 -16 24.0648
    endloop
  endfacet
  facet normal 0 -1 0
    outer loop
      vertex 93.6237 -16 17.7
      vertex 92.6468 -16 19.0353
      vertex 91.6463 -16 17.7
    endloop
  endfacet
  facet normal 0 1 0
    outer loop
      vertex 91.5342 16 21.6001
      vertex 89.9335 16 20.5648
      vertex 89.9335 16 20.6118
    endloop
  endfacet
  facet normal 0 1 0
    outer loop
      vertex 90.3973 16 18.6286
      vertex 91.5872 16 19.447
      vertex 91.6462 16 19.2878
    endloop
  endfacet
  facet normal 0 1 0
    outer loop
      vertex 90.6338 16 18.351
      vertex 91.6462 16 19.2878
      vertex 91.7212 16 19.1473
    endloop
  endfacet
  facet normal 0 1 0
    outer loop
      vertex 90.9048 16 18.1161
      vertex 91.7212 16 19.1473
      vertex 91.8122 16 19.0255
    endloop
  endfacet
  facet normal 0 1 0
    outer loop
      vertex 91.5872 16 19.447
      vertex 90.1953 16 18.9488
      vertex 90.0276 16 19.3118
    endloop
  endfacet
  facet normal 0 1 0
    outer loop
      vertex 91.2102 16 17.924
      vertex 91.8122 16 19.0255
      vertex 91.9191 16 18.9225
    endloop
  endfacet
  facet normal 0 1 0
    outer loop
      vertex 91.55 16 17.7745
      vertex 91.9191 16 18.9225
      vertex 92.042 16 18.8382
    endloop
  endfacet
  facet normal 0 1 0
    outer loop
      vertex 91.55 16 17.7745
      vertex 92.042 16 18.8382
      vertex 92.1809 16 18.7726
    endloop
  endfacet
  facet normal 0 1 0
    outer loop
      vertex 91.9242 16 17.6678
      vertex 92.1809 16 18.7726
      vertex 92.3358 16 18.7257
    endloop
  endfacet
  facet normal 0 1 0
    outer loop
      vertex 92.3329 16 17.6037
      vertex 92.3358 16 18.7257
      vertex 92.5067 16 18.6976
    endloop
  endfacet
  facet normal 0 1 0
    outer loop
      vertex 91.5872 16 19.447
      vertex 90.3973 16 18.6286
      vertex 90.1953 16 18.9488
    endloop
  endfacet
  facet normal 0 1 0
    outer loop
      vertex 92.3329 16 17.6037
      vertex 92.5067 16 18.6976
      vertex 92.6936 16 18.6883
    endloop
  endfacet
  facet normal 0 1 0
    outer loop
      vertex 93.4116 16 18.8987
      vertex 93.9211 16 17.7503
      vertex 93.3099 16 18.8344
    endloop
  endfacet
  facet normal 0 1 -0
    outer loop
      vertex 93.6594 16 17.6768
      vertex 93.3099 16 18.8344
      vertex 93.9211 16 17.7503
    endloop
  endfacet
  facet normal -0 1 0
    outer loop
      vertex 92.3329 16 17.6037
      vertex 92.6936 16 18.6883
      vertex 92.776 16 17.5824
    endloop
  endfacet
  facet normal 0 1 0
    outer loop
      vertex 93.3099 16 18.8344
      vertex 93.6594 16 17.6768
      vertex 93.201 16 18.7818
    endloop
  endfacet
  facet normal 0 1 0
    outer loop
      vertex 92.3358 16 18.7257
      vertex 92.3329 16 17.6037
      vertex 91.9242 16 17.6678
    endloop
  endfacet
  facet normal 0 1 -0
    outer loop
      vertex 93.3814 16 17.6244
      vertex 93.201 16 18.7818
      vertex 93.6594 16 17.6768
    endloop
  endfacet
  facet normal 0 1 0
    outer loop
      vertex 93.201 16 18.7818
      vertex 93.3814 16 17.6244
      vertex 93.0849 16 18.7409
    endloop
  endfacet
  facet normal 0 1 0
    outer loop
      vertex 92.1809 16 18.7726
      vertex 91.9242 16 17.6678
      vertex 91.55 16 17.7745
    endloop
  endfacet
  facet normal 0 1 -0
    outer loop
      vertex 93.0869 16 17.5929
      vertex 93.0849 16 18.7409
      vertex 93.3814 16 17.6244
    endloop
  endfacet
  facet normal 0 1 0
    outer loop
      vertex 91.9191 16 18.9225
      vertex 91.55 16 17.7745
      vertex 91.2102 16 17.924
    endloop
  endfacet
  facet normal 0 1 0
    outer loop
      vertex 93.0849 16 18.7409
      vertex 93.0869 16 17.5929
      vertex 92.9617 16 18.7117
    endloop
  endfacet
  facet normal 0 1 0
    outer loop
      vertex 92.9617 16 18.7117
      vertex 93.0869 16 17.5929
      vertex 92.8312 16 18.6941
    endloop
  endfacet
  facet normal 0 1 0
    outer loop
      vertex 92.776 16 17.5824
      vertex 92.8312 16 18.6941
      vertex 93.0869 16 17.5929
    endloop
  endfacet
  facet normal 0 1 0
    outer loop
      vertex 92.8312 16 18.6941
      vertex 92.776 16 17.5824
      vertex 92.6936 16 18.6883
    endloop
  endfacet
  facet normal 0 1 0
    outer loop
      vertex 91.8122 16 19.0255
      vertex 91.2102 16 17.924
      vertex 90.9048 16 18.1161
    endloop
  endfacet
  facet normal 0 1 0
    outer loop
      vertex 91.6462 16 19.2878
      vertex 90.6338 16 18.351
      vertex 90.3973 16 18.6286
    endloop
  endfacet
  facet normal 0 1 0
    outer loop
      vertex 91.7212 16 19.1473
      vertex 90.9048 16 18.1161
      vertex 90.6338 16 18.351
    endloop
  endfacet
  facet normal 0 1 -0
    outer loop
      vertex 92.9022 16 23.1363
      vertex 92.7525 16 24.1824
      vertex 93.0635 16 24.1719
    endloop
  endfacet
  facet normal 0 1 0
    outer loop
      vertex 93.0217 16 23.1212
      vertex 93.0635 16 24.1719
      vertex 93.3584 16 24.1406
    endloop
  endfacet
  facet normal 0 1 0
    outer loop
      vertex 92.7525 16 24.1824
      vertex 92.9022 16 23.1363
      vertex 92.776 16 23.1413
    endloop
  endfacet
  facet normal 0 1 0
    outer loop
      vertex 93.241 16 23.0611
      vertex 93.3584 16 24.1406
      vertex 93.6372 16 24.0883
    endloop
  endfacet
  facet normal 0 1 0
    outer loop
      vertex 92.6572 16 23.1365
      vertex 92.7525 16 24.1824
      vertex 92.776 16 23.1413
    endloop
  endfacet
  facet normal 0 1 0
    outer loop
      vertex 93.3407 16 23.016
      vertex 93.6372 16 24.0883
      vertex 93.8999 16 24.0151
    endloop
  endfacet
  facet normal 0 1 0
    outer loop
      vertex 92.7525 16 24.1824
      vertex 92.6572 16 23.1365
      vertex 92.4558 16 24.1712
    endloop
  endfacet
  facet normal 0 1 0
    outer loop
      vertex 93.4338 16 22.9608
      vertex 93.8999 16 24.0151
      vertex 94.1464 16 23.921
    endloop
  endfacet
  facet normal 0 1 -0
    outer loop
      vertex 92.5438 16 23.1222
      vertex 92.4558 16 24.1712
      vertex 92.6572 16 23.1365
    endloop
  endfacet
  facet normal 0 1 0
    outer loop
      vertex 93.5203 16 22.8957
      vertex 94.1464 16 23.921
      vertex 94.3767 16 23.8059
    endloop
  endfacet
  facet normal 0 1 0
    outer loop
      vertex 92.4558 16 24.1712
      vertex 92.5438 16 23.1222
      vertex 92.175 16 24.1375
    endloop
  endfacet
  facet normal 0 1 0
    outer loop
      vertex 93.6735 16 22.7353
      vertex 94.3767 16 23.8059
      vertex 94.591 16 23.67
    endloop
  endfacet
  facet normal 0 1 -0
    outer loop
      vertex 92.3337 16 23.0652
      vertex 92.175 16 24.1375
      vertex 92.436 16 23.0985
    endloop
  endfacet
  facet normal 0 1 0
    outer loop
      vertex 93.7398 16 22.6411
      vertex 94.591 16 23.67
      vertex 94.7891 16 23.5131
    endloop
  endfacet
  facet normal 0 1 0
    outer loop
      vertex 92.175 16 24.1375
      vertex 92.3337 16 23.0652
      vertex 91.9103 16 24.0814
    endloop
  endfacet
  facet normal 0 1 0
    outer loop
      vertex 93.7987 16 22.5389
      vertex 94.7891 16 23.5131
      vertex 94.9711 16 23.3353
    endloop
  endfacet
  facet normal 0 1 -0
    outer loop
      vertex 92.2369 16 23.0223
      vertex 91.9103 16 24.0814
      vertex 92.3337 16 23.0652
    endloop
  endfacet
  facet normal 0 1 0
    outer loop
      vertex 91.9103 16 24.0814
      vertex 92.2369 16 23.0223
      vertex 91.6615 16 24.0029
    endloop
  endfacet
  facet normal 0 1 0
    outer loop
      vertex 93.8503 16 22.4288
      vertex 94.9711 16 23.3353
      vertex 95.1354 16 23.1381
    endloop
  endfacet
  facet normal 0 1 -0
    outer loop
      vertex 92.436 16 23.0985
      vertex 92.175 16 24.1375
      vertex 92.5438 16 23.1222
    endloop
  endfacet
  facet normal 0 1 0
    outer loop
      vertex 93.0635 16 24.1719
      vertex 93.0217 16 23.1212
      vertex 92.9022 16 23.1363
    endloop
  endfacet
  facet normal 0 1 0
    outer loop
      vertex 93.3584 16 24.1406
      vertex 93.1347 16 23.0962
      vertex 93.0217 16 23.1212
    endloop
  endfacet
  facet normal 0 1 0
    outer loop
      vertex 93.3584 16 24.1406
      vertex 93.241 16 23.0611
      vertex 93.1347 16 23.0962
    endloop
  endfacet
  facet normal 0 1 0
    outer loop
      vertex 93.6372 16 24.0883
      vertex 93.3407 16 23.016
      vertex 93.241 16 23.0611
    endloop
  endfacet
  facet normal 0 1 0
    outer loop
      vertex 93.8999 16 24.0151
      vertex 93.4338 16 22.9608
      vertex 93.3407 16 23.016
    endloop
  endfacet
  facet normal 0 1 0
    outer loop
      vertex 93.8946 16 22.3106
      vertex 95.1354 16 23.1381
      vertex 95.2804 16 22.9228
    endloop
  endfacet
  facet normal 0 1 0
    outer loop
      vertex 94.1464 16 23.921
      vertex 93.5203 16 22.8957
      vertex 93.4338 16 22.9608
    endloop
  endfacet
  facet normal 0 1 0
    outer loop
      vertex 94.3767 16 23.8059
      vertex 93.6002 16 22.8205
      vertex 93.5203 16 22.8957
    endloop
  endfacet
  facet normal 0 1 0
    outer loop
      vertex 94.3767 16 23.8059
      vertex 93.6735 16 22.7353
      vertex 93.6002 16 22.8205
    endloop
  endfacet
  facet normal 0 1 0
    outer loop
      vertex 93.9316 16 22.1845
      vertex 95.2804 16 22.9228
      vertex 95.406 16 22.6896
    endloop
  endfacet
  facet normal 0 1 0
    outer loop
      vertex 94.591 16 23.67
      vertex 93.7398 16 22.6411
      vertex 93.6735 16 22.7353
    endloop
  endfacet
  facet normal 0 1 0
    outer loop
      vertex 94.7891 16 23.5131
      vertex 93.7987 16 22.5389
      vertex 93.7398 16 22.6411
    endloop
  endfacet
  facet normal 0 1 0
    outer loop
      vertex 93.9612 16 22.0504
      vertex 95.406 16 22.6896
      vertex 95.5123 16 22.4383
    endloop
  endfacet
  facet normal 0 1 0
    outer loop
      vertex 94.9711 16 23.3353
      vertex 93.8503 16 22.4288
      vertex 93.7987 16 22.5389
    endloop
  endfacet
  facet normal 0 1 0
    outer loop
      vertex 95.1354 16 23.1381
      vertex 93.8946 16 22.3106
      vertex 93.8503 16 22.4288
    endloop
  endfacet
  facet normal 0 1 0
    outer loop
      vertex 95.2804 16 22.9228
      vertex 93.9316 16 22.1845
      vertex 93.8946 16 22.3106
    endloop
  endfacet
  facet normal 0 1 0
    outer loop
      vertex 93.9835 16 21.9083
      vertex 95.5123 16 22.4383
      vertex 95.5992 16 22.169
    endloop
  endfacet
  facet normal 0 1 0
    outer loop
      vertex 95.406 16 22.6896
      vertex 93.9612 16 22.0504
      vertex 93.9316 16 22.1845
    endloop
  endfacet
  facet normal 0 1 0
    outer loop
      vertex 95.5123 16 22.4383
      vertex 93.9835 16 21.9083
      vertex 93.9612 16 22.0504
    endloop
  endfacet
  facet normal 0 1 0
    outer loop
      vertex 93.9984 16 21.7582
      vertex 95.5992 16 22.169
      vertex 95.6669 16 21.8817
    endloop
  endfacet
  facet normal 0 1 0
    outer loop
      vertex 95.5992 16 22.169
      vertex 93.9984 16 21.7582
      vertex 93.9835 16 21.9083
    endloop
  endfacet
  facet normal 0 1 0
    outer loop
      vertex 95.6669 16 21.8817
      vertex 94.006 16 21.6001
      vertex 93.9984 16 21.7582
    endloop
  endfacet
  facet normal 0 1 0
    outer loop
      vertex 95.7442 16 21.2531
      vertex 94.006 16 21.6001
      vertex 95.7152 16 21.5764
    endloop
  endfacet
  facet normal 0 1 0
    outer loop
      vertex 95.7152 16 21.5764
      vertex 94.006 16 21.6001
      vertex 95.6669 16 21.8817
    endloop
  endfacet
  facet normal 0 1 -0
    outer loop
      vertex 92.1457 16 22.97
      vertex 91.6615 16 24.0029
      vertex 92.2369 16 23.0223
    endloop
  endfacet
  facet normal 0 1 0
    outer loop
      vertex 91.6615 16 24.0029
      vertex 92.1457 16 22.97
      vertex 91.4287 16 23.9019
    endloop
  endfacet
  facet normal 0 1 -0
    outer loop
      vertex 92.0599 16 22.9082
      vertex 91.4287 16 23.9019
      vertex 92.1457 16 22.97
    endloop
  endfacet
  facet normal 0 1 0
    outer loop
      vertex 91.4287 16 23.9019
      vertex 92.0599 16 22.9082
      vertex 91.2119 16 23.7785
    endloop
  endfacet
  facet normal 0 1 -0
    outer loop
      vertex 91.9797 16 22.8368
      vertex 91.2119 16 23.7785
      vertex 92.0599 16 22.9082
    endloop
  endfacet
  facet normal 0 1 -0
    outer loop
      vertex 91.9051 16 22.7559
      vertex 91.2119 16 23.7785
      vertex 91.9797 16 22.8368
    endloop
  endfacet
  facet normal 0 1 0
    outer loop
      vertex 91.2119 16 23.7785
      vertex 91.9051 16 22.7559
      vertex 91.0111 16 23.6326
    endloop
  endfacet
  facet normal 0 1 -0
    outer loop
      vertex 91.8365 16 22.6656
      vertex 91.0111 16 23.6326
      vertex 91.9051 16 22.7559
    endloop
  endfacet
  facet normal 0 1 0
    outer loop
      vertex 91.0111 16 23.6326
      vertex 91.8365 16 22.6656
      vertex 90.8262 16 23.4643
    endloop
  endfacet
  facet normal 0 1 -0
    outer loop
      vertex 91.7748 16 22.5657
      vertex 90.8262 16 23.4643
      vertex 91.8365 16 22.6656
    endloop
  endfacet
  facet normal 0 1 0
    outer loop
      vertex 90.8262 16 23.4643
      vertex 91.7748 16 22.5657
      vertex 90.6574 16 23.2736
    endloop
  endfacet
  facet normal 0 1 -0
    outer loop
      vertex 91.72 16 22.4563
      vertex 90.6574 16 23.2736
      vertex 91.7748 16 22.5657
    endloop
  endfacet
  facet normal 0 1 0
    outer loop
      vertex 90.6574 16 23.2736
      vertex 91.72 16 22.4563
      vertex 90.5054 16 23.0612
    endloop
  endfacet
  facet normal 0 1 -0
    outer loop
      vertex 91.6719 16 22.3373
      vertex 90.5054 16 23.0612
      vertex 91.72 16 22.4563
    endloop
  endfacet
  facet normal 0 1 0
    outer loop
      vertex 90.5054 16 23.0612
      vertex 91.6719 16 22.3373
      vertex 90.3714 16 22.828
    endloop
  endfacet
  facet normal 0 1 -0
    outer loop
      vertex 91.6308 16 22.2089
      vertex 90.3714 16 22.828
      vertex 91.6719 16 22.3373
    endloop
  endfacet
  facet normal 0 1 0
    outer loop
      vertex 90.3714 16 22.828
      vertex 91.6308 16 22.2089
      vertex 90.2552 16 22.5739
    endloop
  endfacet
  facet normal 0 1 -0
    outer loop
      vertex 91.5964 16 22.071
      vertex 90.2552 16 22.5739
      vertex 91.6308 16 22.2089
    endloop
  endfacet
  facet normal 0 1 0
    outer loop
      vertex 90.2552 16 22.5739
      vertex 91.5964 16 22.071
      vertex 90.1569 16 22.299
    endloop
  endfacet
  facet normal 0 1 -0
    outer loop
      vertex 91.5688 16 21.9235
      vertex 90.1569 16 22.299
      vertex 91.5964 16 22.071
    endloop
  endfacet
  facet normal 0 1 0
    outer loop
      vertex 90.1569 16 22.299
      vertex 91.5688 16 21.9235
      vertex 90.0765 16 22.0032
    endloop
  endfacet
  facet normal 0 1 -0
    outer loop
      vertex 91.5481 16 21.7665
      vertex 90.0765 16 22.0032
      vertex 91.5688 16 21.9235
    endloop
  endfacet
  facet normal 0 1 -0
    outer loop
      vertex 91.5342 16 21.6001
      vertex 90.0765 16 22.0032
      vertex 91.5481 16 21.7665
    endloop
  endfacet
  facet normal 0 1 0
    outer loop
      vertex 90.0765 16 22.0032
      vertex 91.5342 16 21.6001
      vertex 90.0139 16 21.6866
    endloop
  endfacet
  facet normal 0 1 0
    outer loop
      vertex 91.5342 16 21.6001
      vertex 89.9692 16 21.3492
      vertex 90.0139 16 21.6866
    endloop
  endfacet
  facet normal 0 1 0
    outer loop
      vertex 94.006 16 21.6001
      vertex 94.0177 16 20.5648
      vertex 91.5342 16 21.6001
    endloop
  endfacet
  facet normal 0 1 0
    outer loop
      vertex 94.006 16 21.6001
      vertex 95.7442 16 21.2531
      vertex 94.0177 16 20.5648
    endloop
  endfacet
  facet normal 0 1 0
    outer loop
      vertex 89.9335 16 20.5648
      vertex 91.5342 16 21.6001
      vertex 94.0177 16 20.5648
    endloop
  endfacet
  facet normal 0 1 0
    outer loop
      vertex 94.0177 16 20.5648
      vertex 95.7442 16 21.2531
      vertex 95.7538 16 20.9118
    endloop
  endfacet
  facet normal 0 1 0
    outer loop
      vertex 91.5342 16 21.6001
      vertex 89.9424 16 20.9909
      vertex 89.9692 16 21.3492
    endloop
  endfacet
  facet normal 0 1 0
    outer loop
      vertex 91.5342 16 21.6001
      vertex 89.9335 16 20.6118
      vertex 89.9424 16 20.9909
    endloop
  endfacet
  facet normal 0 1 -0
    outer loop
      vertex 95.7443 16 20.5594
      vertex 94.0177 16 20.5648
      vertex 95.7538 16 20.9118
    endloop
  endfacet
  facet normal 0 1 -0
    outer loop
      vertex 95.7158 16 20.2261
      vertex 94.0177 16 20.5648
      vertex 95.7443 16 20.5594
    endloop
  endfacet
  facet normal 0 1 0
    outer loop
      vertex 94.0177 16 20.5648
      vertex 95.7158 16 20.2261
      vertex 94.0135 16 20.3638
    endloop
  endfacet
  facet normal 0 1 0
    outer loop
      vertex 95.7158 16 20.2261
      vertex 94.0007 16 20.1742
      vertex 94.0135 16 20.3638
    endloop
  endfacet
  facet normal 0 1 -0
    outer loop
      vertex 95.6682 16 19.9121
      vertex 94.0007 16 20.1742
      vertex 95.7158 16 20.2261
    endloop
  endfacet
  facet normal 0 1 0
    outer loop
      vertex 94.0007 16 20.1742
      vertex 95.6682 16 19.9121
      vertex 93.9795 16 19.9958
    endloop
  endfacet
  facet normal 0 1 -0
    outer loop
      vertex 95.6016 16 19.6174
      vertex 93.9795 16 19.9958
      vertex 95.6682 16 19.9121
    endloop
  endfacet
  facet normal 0 1 0
    outer loop
      vertex 93.9795 16 19.9958
      vertex 95.6016 16 19.6174
      vertex 93.9497 16 19.8286
    endloop
  endfacet
  facet normal 0 1 -0
    outer loop
      vertex 95.5159 16 19.3419
      vertex 93.9497 16 19.8286
      vertex 95.6016 16 19.6174
    endloop
  endfacet
  facet normal 0 1 0
    outer loop
      vertex 93.9497 16 19.8286
      vertex 95.5159 16 19.3419
      vertex 93.9115 16 19.6727
    endloop
  endfacet
  facet normal 0 1 -0
    outer loop
      vertex 95.4112 16 19.0857
      vertex 93.9115 16 19.6727
      vertex 95.5159 16 19.3419
    endloop
  endfacet
  facet normal 0 1 0
    outer loop
      vertex 93.9115 16 19.6727
      vertex 95.4112 16 19.0857
      vertex 93.8647 16 19.5281
    endloop
  endfacet
  facet normal 0 1 -0
    outer loop
      vertex 95.2875 16 18.8487
      vertex 93.8647 16 19.5281
      vertex 95.4112 16 19.0857
    endloop
  endfacet
  facet normal 0 1 0
    outer loop
      vertex 93.8647 16 19.5281
      vertex 95.2875 16 18.8487
      vertex 93.8095 16 19.3947
    endloop
  endfacet
  facet normal 0 1 -0
    outer loop
      vertex 95.1447 16 18.6309
      vertex 93.8095 16 19.3947
      vertex 95.2875 16 18.8487
    endloop
  endfacet
  facet normal 0 1 -0
    outer loop
      vertex 94.9829 16 18.4324
      vertex 93.8095 16 19.3947
      vertex 95.1447 16 18.6309
    endloop
  endfacet
  facet normal 0 1 0
    outer loop
      vertex 93.8095 16 19.3947
      vertex 94.9829 16 18.4324
      vertex 93.7457 16 19.2726
    endloop
  endfacet
  facet normal 0 1 -0
    outer loop
      vertex 94.8034 16 18.254
      vertex 93.7457 16 19.2726
      vertex 94.9829 16 18.4324
    endloop
  endfacet
  facet normal 0 1 0
    outer loop
      vertex 93.7457 16 19.2726
      vertex 94.8034 16 18.254
      vertex 93.6735 16 19.1617
    endloop
  endfacet
  facet normal 0 1 -0
    outer loop
      vertex 94.6074 16 18.0966
      vertex 93.6735 16 19.1617
      vertex 94.8034 16 18.254
    endloop
  endfacet
  facet normal 0 1 0
    outer loop
      vertex 93.6735 16 19.1617
      vertex 94.6074 16 18.0966
      vertex 93.5934 16 19.0624
    endloop
  endfacet
  facet normal 0 1 -0
    outer loop
      vertex 94.3951 16 17.9601
      vertex 93.5934 16 19.0624
      vertex 94.6074 16 18.0966
    endloop
  endfacet
  facet normal 0 1 0
    outer loop
      vertex 93.5934 16 19.0624
      vertex 94.3951 16 17.9601
      vertex 93.5061 16 18.9747
    endloop
  endfacet
  facet normal 0 1 -0
    outer loop
      vertex 94.1663 16 17.8447
      vertex 93.5061 16 18.9747
      vertex 94.3951 16 17.9601
    endloop
  endfacet
  facet normal 0 1 -0
    outer loop
      vertex 93.9211 16 17.7503
      vertex 93.4116 16 18.8987
      vertex 94.1663 16 17.8447
    endloop
  endfacet
  facet normal 0 1 0
    outer loop
      vertex 93.5061 16 18.9747
      vertex 94.1663 16 17.8447
      vertex 93.4116 16 18.8987
    endloop
  endfacet
  facet normal 0 1 0
    outer loop
      vertex 99.5679 16 24.1715
      vertex 99.5551 16 23.0208
      vertex 99.2871 16 23.0472
    endloop
  endfacet
  facet normal 0 1 0
    outer loop
      vertex 101.506 16 23.303
      vertex 99.7916 16 22.9417
      vertex 99.5551 16 23.0208
    endloop
  endfacet
  facet normal 0 1 0
    outer loop
      vertex 100.312 16 22.3881
      vertex 101.673 16 23.0989
      vertex 101.82 16 22.8777
    endloop
  endfacet
  facet normal 0 1 0
    outer loop
      vertex 101.506 16 23.303
      vertex 99.9965 16 22.8099
      vertex 99.7916 16 22.9417
    endloop
  endfacet
  facet normal 0 1 0
    outer loop
      vertex 100.422 16 22.0981
      vertex 101.82 16 22.8777
      vertex 101.947 16 22.6392
    endloop
  endfacet
  facet normal 0 1 0
    outer loop
      vertex 101.506 16 23.303
      vertex 100.17 16 22.6254
      vertex 99.9965 16 22.8099
    endloop
  endfacet
  facet normal 0 1 0
    outer loop
      vertex 101.506 16 23.303
      vertex 100.312 16 22.3881
      vertex 100.17 16 22.6254
    endloop
  endfacet
  facet normal 0 1 0
    outer loop
      vertex 100.422 16 22.0981
      vertex 101.947 16 22.6392
      vertex 102.055 16 22.3836
    endloop
  endfacet
  facet normal 0 1 0
    outer loop
      vertex 100.501 16 21.7554
      vertex 102.055 16 22.3836
      vertex 102.143 16 22.1107
    endloop
  endfacet
  facet normal 0 1 0
    outer loop
      vertex 101.82 16 22.8777
      vertex 100.422 16 22.0981
      vertex 100.312 16 22.3881
    endloop
  endfacet
  facet normal 0 1 0
    outer loop
      vertex 100.501 16 21.7554
      vertex 102.143 16 22.1107
      vertex 102.212 16 21.8206
    endloop
  endfacet
  facet normal 0 1 0
    outer loop
      vertex 102.055 16 22.3836
      vertex 100.501 16 21.7554
      vertex 100.422 16 22.0981
    endloop
  endfacet
  facet normal 0 1 0
    outer loop
      vertex 100.548 16 21.36
      vertex 102.212 16 21.8206
      vertex 102.261 16 21.5133
    endloop
  endfacet
  facet normal 0 1 0
    outer loop
      vertex 102.212 16 21.8206
      vertex 100.548 16 21.36
      vertex 100.501 16 21.7554
    endloop
  endfacet
  facet normal 0 1 0
    outer loop
      vertex 102.29 16 21.1888
      vertex 100.548 16 21.36
      vertex 102.261 16 21.5133
    endloop
  endfacet
  facet normal 0 1 0
    outer loop
      vertex 102.29 16 21.1888
      vertex 100.564 16 20.9118
      vertex 100.548 16 21.36
    endloop
  endfacet
  facet normal 0 1 0
    outer loop
      vertex 102.3 16 20.8471
      vertex 100.564 16 20.9118
      vertex 102.29 16 21.1888
    endloop
  endfacet
  facet normal 0 1 -0
    outer loop
      vertex 102.29 16 20.513
      vertex 100.564 16 20.9118
      vertex 102.3 16 20.8471
    endloop
  endfacet
  facet normal 0 1 0
    outer loop
      vertex 102.29 16 20.513
      vertex 100.548 16 20.4501
      vertex 100.564 16 20.9118
    endloop
  endfacet
  facet normal 0 1 -0
    outer loop
      vertex 102.261 16 20.1957
      vertex 100.548 16 20.4501
      vertex 102.29 16 20.513
    endloop
  endfacet
  facet normal 0 1 -0
    outer loop
      vertex 102.213 16 19.8951
      vertex 100.548 16 20.4501
      vertex 102.261 16 20.1957
    endloop
  endfacet
  facet normal 0 1 0
    outer loop
      vertex 100.548 16 20.4501
      vertex 102.213 16 19.8951
      vertex 100.5 16 20.0427
    endloop
  endfacet
  facet normal 0 1 -0
    outer loop
      vertex 102.144 16 19.6114
      vertex 100.5 16 20.0427
      vertex 102.213 16 19.8951
    endloop
  endfacet
  facet normal 0 1 -0
    outer loop
      vertex 102.057 16 19.3444
      vertex 100.5 16 20.0427
      vertex 102.144 16 19.6114
    endloop
  endfacet
  facet normal 0 1 0
    outer loop
      vertex 100.5 16 20.0427
      vertex 102.057 16 19.3444
      vertex 100.42 16 19.6896
    endloop
  endfacet
  facet normal 0 1 -0
    outer loop
      vertex 101.95 16 19.0941
      vertex 100.42 16 19.6896
      vertex 102.057 16 19.3444
    endloop
  endfacet
  facet normal 0 1 -0
    outer loop
      vertex 101.823 16 18.8607
      vertex 100.42 16 19.6896
      vertex 101.95 16 19.0941
    endloop
  endfacet
  facet normal 0 1 0
    outer loop
      vertex 100.42 16 19.6896
      vertex 101.823 16 18.8607
      vertex 100.307 16 19.3908
    endloop
  endfacet
  facet normal 0 1 -0
    outer loop
      vertex 101.677 16 18.644
      vertex 100.307 16 19.3908
      vertex 101.823 16 18.8607
    endloop
  endfacet
  facet normal 0 1 -0
    outer loop
      vertex 101.512 16 18.4441
      vertex 100.307 16 19.3908
      vertex 101.677 16 18.644
    endloop
  endfacet
  facet normal 0 1 -0
    outer loop
      vertex 101.328 16 18.2632
      vertex 100.307 16 19.3908
      vertex 101.512 16 18.4441
    endloop
  endfacet
  facet normal 0 1 0
    outer loop
      vertex 100.307 16 19.3908
      vertex 101.328 16 18.2632
      vertex 100.163 16 19.1464
    endloop
  endfacet
  facet normal 0 1 -0
    outer loop
      vertex 101.129 16 18.1037
      vertex 100.163 16 19.1464
      vertex 101.328 16 18.2632
    endloop
  endfacet
  facet normal 0 1 -0
    outer loop
      vertex 100.913 16 17.9654
      vertex 100.163 16 19.1464
      vertex 101.129 16 18.1037
    endloop
  endfacet
  facet normal 0 1 0
    outer loop
      vertex 100.163 16 19.1464
      vertex 100.913 16 17.9654
      vertex 99.9861 16 18.9562
    endloop
  endfacet
  facet normal -0 1 0
    outer loop
      vertex 99.1058 16 17.5858
      vertex 99.2635 16 18.7118
      vertex 99.2753 16 17.5824
    endloop
  endfacet
  facet normal 0 1 -0
    outer loop
      vertex 100.68 16 17.8483
      vertex 99.9861 16 18.9562
      vertex 100.913 16 17.9654
    endloop
  endfacet
  facet normal -0 1 0
    outer loop
      vertex 98.9402 16 17.5962
      vertex 99.2635 16 18.7118
      vertex 99.1058 16 17.5858
    endloop
  endfacet
  facet normal -0 1 0
    outer loop
      vertex 98.7783 16 17.6134
      vertex 99.2635 16 18.7118
      vertex 98.9402 16 17.5962
    endloop
  endfacet
  facet normal 0 1 -0
    outer loop
      vertex 100.432 16 17.7526
      vertex 99.9861 16 18.9562
      vertex 100.68 16 17.8483
    endloop
  endfacet
  facet normal -0 1 0
    outer loop
      vertex 98.6202 16 17.6376
      vertex 99.2635 16 18.7118
      vertex 98.7783 16 17.6134
    endloop
  endfacet
  facet normal -0 1 0
    outer loop
      vertex 98.4659 16 17.6686
      vertex 99.2635 16 18.7118
      vertex 98.6202 16 17.6376
    endloop
  endfacet
  facet normal 0 1 0
    outer loop
      vertex 99.9861 16 18.9562
      vertex 100.432 16 17.7526
      vertex 99.7773 16 18.8204
    endloop
  endfacet
  facet normal -0 1 0
    outer loop
      vertex 98.3154 16 17.7066
      vertex 99.2635 16 18.7118
      vertex 98.4659 16 17.6686
    endloop
  endfacet
  facet normal -0 1 0
    outer loop
      vertex 98.0257 16 17.8031
      vertex 99.2635 16 18.7118
      vertex 98.1686 16 17.7514
    endloop
  endfacet
  facet normal 0 1 -0
    outer loop
      vertex 100.167 16 17.6781
      vertex 99.7773 16 18.8204
      vertex 100.432 16 17.7526
    endloop
  endfacet
  facet normal 0 1 0
    outer loop
      vertex 99.2635 16 18.7118
      vertex 97.6236 16 17.9974
      vertex 97.5009 16 18.0739
    endloop
  endfacet
  facet normal -0 1 0
    outer loop
      vertex 97.6236 16 17.9974
      vertex 99.2635 16 18.7118
      vertex 97.7521 16 17.9267
    endloop
  endfacet
  facet normal 0 1 -0
    outer loop
      vertex 99.8861 16 17.6249
      vertex 99.7773 16 18.8204
      vertex 100.167 16 17.6781
    endloop
  endfacet
  facet normal -0 1 0
    outer loop
      vertex 97.7521 16 17.9267
      vertex 99.2635 16 18.7118
      vertex 97.8865 16 17.8618
    endloop
  endfacet
  facet normal 0 1 0
    outer loop
      vertex 99.7773 16 18.8204
      vertex 99.8861 16 17.6249
      vertex 99.5365 16 18.739
    endloop
  endfacet
  facet normal -0 1 0
    outer loop
      vertex 97.8865 16 17.8618
      vertex 99.2635 16 18.7118
      vertex 98.0257 16 17.8031
    endloop
  endfacet
  facet normal 0 1 0
    outer loop
      vertex 99.2635 16 18.7118
      vertex 97.5009 16 18.0739
      vertex 97.3842 16 18.156
    endloop
  endfacet
  facet normal 0 1 -0
    outer loop
      vertex 99.5888 16 17.593
      vertex 99.5365 16 18.739
      vertex 99.8861 16 17.6249
    endloop
  endfacet
  facet normal 0 1 0
    outer loop
      vertex 99.2635 16 18.7118
      vertex 97.3842 16 18.156
      vertex 97.2734 16 18.2439
    endloop
  endfacet
  facet normal 0 1 0
    outer loop
      vertex 99.2635 16 18.7118
      vertex 97.2734 16 18.2439
      vertex 97.1684 16 18.3376
    endloop
  endfacet
  facet normal 0 1 0
    outer loop
      vertex 99.5365 16 18.739
      vertex 99.5888 16 17.593
      vertex 99.2635 16 18.7118
    endloop
  endfacet
  facet normal 0 1 0
    outer loop
      vertex 99.2635 16 18.7118
      vertex 97.1684 16 18.3376
      vertex 97.0693 16 18.4369
    endloop
  endfacet
  facet normal 0 1 0
    outer loop
      vertex 99.2635 16 18.7118
      vertex 97.0693 16 18.4369
      vertex 96.9762 16 18.542
    endloop
  endfacet
  facet normal 0 1 0
    outer loop
      vertex 99.2635 16 18.7118
      vertex 99.5888 16 17.593
      vertex 99.2753 16 17.5824
    endloop
  endfacet
  facet normal 0 1 0
    outer loop
      vertex 99.2635 16 18.7118
      vertex 96.9762 16 18.542
      vertex 96.8889 16 18.6529
    endloop
  endfacet
  facet normal -0 1 0
    outer loop
      vertex 98.1686 16 17.7514
      vertex 99.2635 16 18.7118
      vertex 98.3154 16 17.7066
    endloop
  endfacet
  facet normal 0 1 -0
    outer loop
      vertex 99.2871 16 23.0472
      vertex 99.2517 16 24.1824
      vertex 99.5679 16 24.1715
    endloop
  endfacet
  facet normal 0 1 0
    outer loop
      vertex 99.1749 16 23.0436
      vertex 99.2517 16 24.1824
      vertex 99.2871 16 23.0472
    endloop
  endfacet
  facet normal 0 1 0
    outer loop
      vertex 99.5551 16 23.0208
      vertex 99.5679 16 24.1715
      vertex 99.8676 16 24.139
    endloop
  endfacet
  facet normal 0 1 0
    outer loop
      vertex 99.2517 16 24.1824
      vertex 99.1749 16 23.0436
      vertex 99.0067 16 24.1754
    endloop
  endfacet
  facet normal 0 1 0
    outer loop
      vertex 99.5551 16 23.0208
      vertex 99.8676 16 24.139
      vertex 100.151 16 24.0847
    endloop
  endfacet
  facet normal 0 1 -0
    outer loop
      vertex 99.0685 16 23.0328
      vertex 99.0067 16 24.1754
      vertex 99.1749 16 23.0436
    endloop
  endfacet
  facet normal 0 1 0
    outer loop
      vertex 99.5551 16 23.0208
      vertex 100.151 16 24.0847
      vertex 100.418 16 24.0087
    endloop
  endfacet
  facet normal 0 1 0
    outer loop
      vertex 99.0067 16 24.1754
      vertex 99.0685 16 23.0328
      vertex 98.7713 16 24.1545
    endloop
  endfacet
  facet normal 0 1 -0
    outer loop
      vertex 98.9679 16 23.0148
      vertex 98.7713 16 24.1545
      vertex 99.0685 16 23.0328
    endloop
  endfacet
  facet normal 0 1 0
    outer loop
      vertex 99.5551 16 23.0208
      vertex 100.418 16 24.0087
      vertex 100.668 16 23.911
    endloop
  endfacet
  facet normal 0 1 -0
    outer loop
      vertex 98.8732 16 22.9896
      vertex 98.7713 16 24.1545
      vertex 98.9679 16 23.0148
    endloop
  endfacet
  facet normal 0 1 0
    outer loop
      vertex 99.5551 16 23.0208
      vertex 100.668 16 23.911
      vertex 100.902 16 23.7915
    endloop
  endfacet
  facet normal 0 1 0
    outer loop
      vertex 98.7713 16 24.1545
      vertex 98.8732 16 22.9896
      vertex 98.5455 16 24.1196
    endloop
  endfacet
  facet normal 0 1 0
    outer loop
      vertex 99.5551 16 23.0208
      vertex 100.902 16 23.7915
      vertex 101.12 16 23.6504
    endloop
  endfacet
  facet normal 0 1 -0
    outer loop
      vertex 98.7842 16 22.9573
      vertex 98.5455 16 24.1196
      vertex 98.8732 16 22.9896
    endloop
  endfacet
  facet normal 0 1 0
    outer loop
      vertex 99.5551 16 23.0208
      vertex 101.12 16 23.6504
      vertex 101.321 16 23.4875
    endloop
  endfacet
  facet normal 0 1 0
    outer loop
      vertex 98.5455 16 24.1196
      vertex 98.7842 16 22.9573
      vertex 98.3293 16 24.0708
    endloop
  endfacet
  facet normal 0 1 -0
    outer loop
      vertex 98.7011 16 22.9177
      vertex 98.3293 16 24.0708
      vertex 98.7842 16 22.9573
    endloop
  endfacet
  facet normal 0 1 0
    outer loop
      vertex 99.5551 16 23.0208
      vertex 101.321 16 23.4875
      vertex 101.506 16 23.303
    endloop
  endfacet
  facet normal 0 1 0
    outer loop
      vertex 98.3293 16 24.0708
      vertex 98.7011 16 22.9177
      vertex 98.1227 16 24.0081
    endloop
  endfacet
  facet normal 0 1 0
    outer loop
      vertex 100.312 16 22.3881
      vertex 101.506 16 23.303
      vertex 101.673 16 23.0989
    endloop
  endfacet
  facet normal 0 1 -0
    outer loop
      vertex 98.6238 16 22.871
      vertex 98.1227 16 24.0081
      vertex 98.7011 16 22.9177
    endloop
  endfacet
  facet normal 0 1 0
    outer loop
      vertex 98.1227 16 24.0081
      vertex 98.6238 16 22.871
      vertex 97.9257 16 23.9314
    endloop
  endfacet
  facet normal 0 1 -0
    outer loop
      vertex 98.5523 16 22.8171
      vertex 97.9257 16 23.9314
      vertex 98.6238 16 22.871
    endloop
  endfacet
  facet normal 0 1 0
    outer loop
      vertex 97.9257 16 23.9314
      vertex 98.5523 16 22.8171
      vertex 97.7382 16 23.8408
    endloop
  endfacet
  facet normal 0 1 -0
    outer loop
      vertex 98.4866 16 22.7559
      vertex 97.7382 16 23.8408
      vertex 98.5523 16 22.8171
    endloop
  endfacet
  facet normal 0 1 0
    outer loop
      vertex 97.7382 16 23.8408
      vertex 98.4866 16 22.7559
      vertex 97.5604 16 23.7362
    endloop
  endfacet
  facet normal 0 1 -0
    outer loop
      vertex 98.4265 16 22.6888
      vertex 97.5604 16 23.7362
      vertex 98.4866 16 22.7559
    endloop
  endfacet
  facet normal 0 1 0
    outer loop
      vertex 97.5604 16 23.7362
      vertex 98.4265 16 22.6888
      vertex 97.3921 16 23.6177
    endloop
  endfacet
  facet normal 0 1 -0
    outer loop
      vertex 98.3716 16 22.6168
      vertex 97.3921 16 23.6177
      vertex 98.4265 16 22.6888
    endloop
  endfacet
  facet normal 0 1 0
    outer loop
      vertex 97.3921 16 23.6177
      vertex 98.3716 16 22.6168
      vertex 97.2354 16 23.4869
    endloop
  endfacet
  facet normal 0 1 -0
    outer loop
      vertex 98.3219 16 22.5399
      vertex 97.2354 16 23.4869
      vertex 98.3716 16 22.6168
    endloop
  endfacet
  facet normal 0 1 0
    outer loop
      vertex 97.2354 16 23.4869
      vertex 98.3219 16 22.5399
      vertex 97.0922 16 23.3455
    endloop
  endfacet
  facet normal 0 1 -0
    outer loop
      vertex 98.2774 16 22.4582
      vertex 97.0922 16 23.3455
      vertex 98.3219 16 22.5399
    endloop
  endfacet
  facet normal 0 1 0
    outer loop
      vertex 97.0922 16 23.3455
      vertex 98.2774 16 22.4582
      vertex 96.9625 16 23.1935
    endloop
  endfacet
  facet normal 0 1 -0
    outer loop
      vertex 98.2382 16 22.3716
      vertex 96.9625 16 23.1935
      vertex 98.2774 16 22.4582
    endloop
  endfacet
  facet normal 0 1 0
    outer loop
      vertex 96.9625 16 23.1935
      vertex 98.2382 16 22.3716
      vertex 96.8463 16 23.0309
    endloop
  endfacet
  facet normal 0 1 -0
    outer loop
      vertex 98.2042 16 22.2801
      vertex 96.8463 16 23.0309
      vertex 98.2382 16 22.3716
    endloop
  endfacet
  facet normal 0 1 0
    outer loop
      vertex 96.8463 16 23.0309
      vertex 98.2042 16 22.2801
      vertex 96.7436 16 22.8577
    endloop
  endfacet
  facet normal 0 1 -0
    outer loop
      vertex 98.1754 16 22.1838
      vertex 96.7436 16 22.8577
      vertex 98.2042 16 22.2801
    endloop
  endfacet
  facet normal 0 1 0
    outer loop
      vertex 96.7436 16 22.8577
      vertex 98.1754 16 22.1838
      vertex 96.6545 16 22.6739
    endloop
  endfacet
  facet normal 0 1 -0
    outer loop
      vertex 98.1519 16 22.0826
      vertex 96.6545 16 22.6739
      vertex 98.1754 16 22.1838
    endloop
  endfacet
  facet normal 0 1 0
    outer loop
      vertex 96.6545 16 22.6739
      vertex 98.1519 16 22.0826
      vertex 96.5789 16 22.4795
    endloop
  endfacet
  facet normal 0 1 -0
    outer loop
      vertex 98.1336 16 21.9765
      vertex 96.5789 16 22.4795
      vertex 98.1519 16 22.0826
    endloop
  endfacet
  facet normal 0 1 0
    outer loop
      vertex 96.5789 16 22.4795
      vertex 98.1336 16 21.9765
      vertex 96.5167 16 22.2745
    endloop
  endfacet
  facet normal 0 1 0
    outer loop
      vertex 96.5167 16 22.2745
      vertex 98.1336 16 21.9765
      vertex 96.4681 16 22.0589
    endloop
  endfacet
  facet normal 0 1 0
    outer loop
      vertex 96.4746 16 19.5345
      vertex 98.0806 16 19.8941
      vertex 98.1006 16 19.767
    endloop
  endfacet
  facet normal 0 1 0
    outer loop
      vertex 98.0806 16 19.8941
      vertex 96.4442 16 19.6743
      vertex 96.421 16 19.8177
    endloop
  endfacet
  facet normal 0 1 0
    outer loop
      vertex 96.557 16 19.2651
      vertex 98.1006 16 19.767
      vertex 98.1265 16 19.6471
    endloop
  endfacet
  facet normal 0 1 0
    outer loop
      vertex 98.0806 16 19.8941
      vertex 96.4746 16 19.5345
      vertex 96.4442 16 19.6743
    endloop
  endfacet
  facet normal 0 1 0
    outer loop
      vertex 96.6682 16 19.0098
      vertex 98.1265 16 19.6471
      vertex 98.1584 16 19.5343
    endloop
  endfacet
  facet normal 0 1 0
    outer loop
      vertex 96.8081 16 18.7684
      vertex 98.1584 16 19.5343
      vertex 98.1963 16 19.4288
    endloop
  endfacet
  facet normal 0 1 0
    outer loop
      vertex 98.1006 16 19.767
      vertex 96.5122 16 19.3981
      vertex 96.4746 16 19.5345
    endloop
  endfacet
  facet normal 0 1 0
    outer loop
      vertex 96.8889 16 18.6529
      vertex 98.1963 16 19.4288
      vertex 98.2401 16 19.3304
    endloop
  endfacet
  facet normal 0 1 0
    outer loop
      vertex 98.1006 16 19.767
      vertex 96.557 16 19.2651
      vertex 96.5122 16 19.3981
    endloop
  endfacet
  facet normal 0 1 0
    outer loop
      vertex 96.8889 16 18.6529
      vertex 98.2401 16 19.3304
      vertex 98.2899 16 19.2392
    endloop
  endfacet
  facet normal 0 1 0
    outer loop
      vertex 96.8889 16 18.6529
      vertex 98.2899 16 19.2392
      vertex 98.3456 16 19.1552
    endloop
  endfacet
  facet normal 0 1 0
    outer loop
      vertex 98.1265 16 19.6471
      vertex 96.609 16 19.1357
      vertex 96.557 16 19.2651
    endloop
  endfacet
  facet normal 0 1 0
    outer loop
      vertex 96.8889 16 18.6529
      vertex 98.3456 16 19.1552
      vertex 98.4073 16 19.0784
    endloop
  endfacet
  facet normal 0 1 0
    outer loop
      vertex 98.1265 16 19.6471
      vertex 96.6682 16 19.0098
      vertex 96.609 16 19.1357
    endloop
  endfacet
  facet normal 0 1 0
    outer loop
      vertex 96.8889 16 18.6529
      vertex 98.4073 16 19.0784
      vertex 98.4749 16 19.0088
    endloop
  endfacet
  facet normal 0 1 0
    outer loop
      vertex 96.8889 16 18.6529
      vertex 98.4749 16 19.0088
      vertex 98.5474 16 18.9465
    endloop
  endfacet
  facet normal 0 1 0
    outer loop
      vertex 96.8889 16 18.6529
      vertex 98.5474 16 18.9465
      vertex 98.6237 16 18.8915
    endloop
  endfacet
  facet normal 0 1 0
    outer loop
      vertex 98.1584 16 19.5343
      vertex 96.7345 16 18.8873
      vertex 96.6682 16 19.0098
    endloop
  endfacet
  facet normal 0 1 0
    outer loop
      vertex 96.8889 16 18.6529
      vertex 98.6237 16 18.8915
      vertex 98.7038 16 18.8438
    endloop
  endfacet
  facet normal 0 1 0
    outer loop
      vertex 96.8889 16 18.6529
      vertex 98.7038 16 18.8438
      vertex 98.7877 16 18.8035
    endloop
  endfacet
  facet normal 0 1 0
    outer loop
      vertex 96.8889 16 18.6529
      vertex 98.7877 16 18.8035
      vertex 98.8753 16 18.7705
    endloop
  endfacet
  facet normal 0 1 0
    outer loop
      vertex 98.1584 16 19.5343
      vertex 96.8081 16 18.7684
      vertex 96.7345 16 18.8873
    endloop
  endfacet
  facet normal 0 1 0
    outer loop
      vertex 96.8889 16 18.6529
      vertex 98.8753 16 18.7705
      vertex 98.9667 16 18.7448
    endloop
  endfacet
  facet normal 0 1 0
    outer loop
      vertex 96.8889 16 18.6529
      vertex 98.9667 16 18.7448
      vertex 99.0618 16 18.7265
    endloop
  endfacet
  facet normal 0 1 0
    outer loop
      vertex 96.8889 16 18.6529
      vertex 99.0618 16 18.7265
      vertex 99.1608 16 18.7155
    endloop
  endfacet
  facet normal 0 1 0
    outer loop
      vertex 96.8889 16 18.6529
      vertex 99.1608 16 18.7155
      vertex 99.2635 16 18.7118
    endloop
  endfacet
  facet normal 0 1 0
    outer loop
      vertex 98.1963 16 19.4288
      vertex 96.8889 16 18.6529
      vertex 96.8081 16 18.7684
    endloop
  endfacet
  facet normal 0 1 0
    outer loop
      vertex 89.6312 16 24.0648
      vertex 86.7711 16 20.5059
      vertex 87.8833 16 24.0648
    endloop
  endfacet
  facet normal 0 1 -0
    outer loop
      vertex 87.3537 16 17.7
      vertex 86.7711 16 20.5059
      vertex 89.6312 16 24.0648
    endloop
  endfacet
  facet normal 0 1 0
    outer loop
      vertex 86.7711 16 20.5059
      vertex 87.3537 16 17.7
      vertex 86.7485 16 20.4297
    endloop
  endfacet
  facet normal 0 1 0
    outer loop
      vertex 86.7485 16 20.4297
      vertex 87.3537 16 17.7
      vertex 86.7199 16 20.3316
    endloop
  endfacet
  facet normal 0 1 0
    outer loop
      vertex 86.7199 16 20.3316
      vertex 87.3537 16 17.7
      vertex 86.6854 16 20.2118
    endloop
  endfacet
  facet normal 0 1 0
    outer loop
      vertex 86.6854 16 20.2118
      vertex 87.3537 16 17.7
      vertex 86.6449 16 20.0702
    endloop
  endfacet
  facet normal 0 1 0
    outer loop
      vertex 86.6449 16 20.0702
      vertex 87.3537 16 17.7
      vertex 86.5985 16 19.9068
    endloop
  endfacet
  facet normal 0 1 0
    outer loop
      vertex 86.5985 16 19.9068
      vertex 87.3537 16 17.7
      vertex 86.5461 16 19.7216
    endloop
  endfacet
  facet normal 0 1 0
    outer loop
      vertex 86.5461 16 19.7216
      vertex 87.3537 16 17.7
      vertex 86.4878 16 19.5146
    endloop
  endfacet
  facet normal 0 1 0
    outer loop
      vertex 86.4878 16 19.5146
      vertex 87.3537 16 17.7
      vertex 86.4235 16 19.2858
    endloop
  endfacet
  facet normal 0 1 0
    outer loop
      vertex 86.4235 16 19.2858
      vertex 87.3537 16 17.7
      vertex 86.3532 16 19.0353
    endloop
  endfacet
  facet normal 0 1 0
    outer loop
      vertex 85.0064 16 23.3067
      vertex 83.0282 16 24.0648
      vertex 84.7584 16 24.0648
    endloop
  endfacet
  facet normal 0 1 0
    outer loop
      vertex 85.2301 16 22.6219
      vertex 83.0282 16 24.0648
      vertex 85.0064 16 23.3067
    endloop
  endfacet
  facet normal 0 1 0
    outer loop
      vertex 85.4293 16 22.0105
      vertex 83.0282 16 24.0648
      vertex 85.2301 16 22.6219
    endloop
  endfacet
  facet normal 0 1 0
    outer loop
      vertex 85.6041 16 21.4724
      vertex 83.0282 16 24.0648
      vertex 85.4293 16 22.0105
    endloop
  endfacet
  facet normal 0 1 0
    outer loop
      vertex 85.7545 16 21.0077
      vertex 83.0282 16 24.0648
      vertex 85.6041 16 21.4724
    endloop
  endfacet
  facet normal 0 1 0
    outer loop
      vertex 85.3763 16 17.7
      vertex 85.7545 16 21.0077
      vertex 85.8805 16 20.6163
    endloop
  endfacet
  facet normal 0 1 0
    outer loop
      vertex 85.3763 16 17.7
      vertex 85.8805 16 20.6163
      vertex 85.9821 16 20.2983
    endloop
  endfacet
  facet normal 0 1 0
    outer loop
      vertex 85.3763 16 17.7
      vertex 85.9821 16 20.2983
      vertex 86.0592 16 20.0536
    endloop
  endfacet
  facet normal 0 1 0
    outer loop
      vertex 85.3763 16 17.7
      vertex 86.0592 16 20.0536
      vertex 86.112 16 19.8823
    endloop
  endfacet
  facet normal 0 1 0
    outer loop
      vertex 85.3763 16 17.7
      vertex 86.112 16 19.8823
      vertex 86.151 16 19.7522
    endloop
  endfacet
  facet normal 0 1 0
    outer loop
      vertex 85.3763 16 17.7
      vertex 86.151 16 19.7522
      vertex 86.187 16 19.6311
    endloop
  endfacet
  facet normal 0 1 0
    outer loop
      vertex 85.3763 16 17.7
      vertex 86.187 16 19.6311
      vertex 86.2199 16 19.519
    endloop
  endfacet
  facet normal 0 1 0
    outer loop
      vertex 85.3763 16 17.7
      vertex 86.2199 16 19.519
      vertex 86.2497 16 19.4158
    endloop
  endfacet
  facet normal 0 1 0
    outer loop
      vertex 85.3763 16 17.7
      vertex 86.2497 16 19.4158
      vertex 86.2765 16 19.3217
    endloop
  endfacet
  facet normal 0 1 0
    outer loop
      vertex 85.3763 16 17.7
      vertex 86.2765 16 19.3217
      vertex 86.3003 16 19.2366
    endloop
  endfacet
  facet normal 0 1 0
    outer loop
      vertex 85.3763 16 17.7
      vertex 86.3003 16 19.2366
      vertex 86.321 16 19.1605
    endloop
  endfacet
  facet normal 0 1 0
    outer loop
      vertex 85.3763 16 17.7
      vertex 86.321 16 19.1605
      vertex 86.3386 16 19.0934
    endloop
  endfacet
  facet normal 0 1 0
    outer loop
      vertex 85.3763 16 17.7
      vertex 86.3386 16 19.0934
      vertex 86.3532 16 19.0353
    endloop
  endfacet
  facet normal 0 1 0
    outer loop
      vertex 85.7545 16 21.0077
      vertex 85.3763 16 17.7
      vertex 83.0282 16 24.0648
    endloop
  endfacet
  facet normal 0 1 0
    outer loop
      vertex 85.3763 16 17.7
      vertex 86.3532 16 19.0353
      vertex 87.3537 16 17.7
    endloop
  endfacet
  facet normal 0 0 1
    outer loop
      vertex 88.8999 -2.03423 35.99
      vertex 89.9352 -0.433496 35.99
      vertex 89.8882 -0.433496 35.99
    endloop
  endfacet
  facet normal -0 0 1
    outer loop
      vertex 91.8117 -3.19357 35.99
      vertex 92.9176 -3.27602 35.99
      vertex 92.8963 -2.83289 35.99
    endloop
  endfacet
  facet normal 0 0 1
    outer loop
      vertex 91.8059 -3.33122 35.99
      vertex 92.9176 -3.27602 35.99
      vertex 91.8117 -3.19357 35.99
    endloop
  endfacet
  facet normal 0 0 1
    outer loop
      vertex 91.7743 -2.83583 35.99
      vertex 92.8963 -2.83289 35.99
      vertex 92.8322 -2.42421 35.99
    endloop
  endfacet
  facet normal 0 0 1
    outer loop
      vertex 92.9176 -3.27602 35.99
      vertex 91.8059 -3.33122 35.99
      vertex 92.9071 -3.5869 35.99
    endloop
  endfacet
  facet normal -0 0 1
    outer loop
      vertex 91.7883 -3.46169 35.99
      vertex 92.9071 -3.5869 35.99
      vertex 91.8059 -3.33122 35.99
    endloop
  endfacet
  facet normal 0 0 1
    outer loop
      vertex 91.7274 -2.68094 35.99
      vertex 92.8322 -2.42421 35.99
      vertex 92.7255 -2.04996 35.99
    endloop
  endfacet
  facet normal -0 0 1
    outer loop
      vertex 91.7591 -3.58494 35.99
      vertex 92.9071 -3.5869 35.99
      vertex 91.7883 -3.46169 35.99
    endloop
  endfacet
  facet normal 0 0 1
    outer loop
      vertex 91.5775 -2.4191 35.99
      vertex 92.7255 -2.04996 35.99
      vertex 92.576 -1.71015 35.99
    endloop
  endfacet
  facet normal 0 0 1
    outer loop
      vertex 92.9071 -3.5869 35.99
      vertex 91.7591 -3.58494 35.99
      vertex 92.8756 -3.88137 35.99
    endloop
  endfacet
  facet normal -0 0 1
    outer loop
      vertex 91.7182 -3.70101 35.99
      vertex 92.8756 -3.88137 35.99
      vertex 91.7591 -3.58494 35.99
    endloop
  endfacet
  facet normal 0 0 1
    outer loop
      vertex 91.4745 -2.31216 35.99
      vertex 92.576 -1.71015 35.99
      vertex 92.3839 -1.40477 35.99
    endloop
  endfacet
  facet normal 0 0 1
    outer loop
      vertex 92.8756 -3.88137 35.99
      vertex 91.7182 -3.70101 35.99
      vertex 92.8232 -4.15943 35.99
    endloop
  endfacet
  facet normal 0 0 1
    outer loop
      vertex 91.3527 -2.22121 35.99
      vertex 92.3839 -1.40477 35.99
      vertex 92.149 -1.13384 35.99
    endloop
  endfacet
  facet normal -0 0 1
    outer loop
      vertex 91.6656 -3.80989 35.99
      vertex 92.8232 -4.15943 35.99
      vertex 91.7182 -3.70101 35.99
    endloop
  endfacet
  facet normal 0 0 1
    outer loop
      vertex 91.2122 -2.14623 35.99
      vertex 92.149 -1.13384 35.99
      vertex 91.8714 -0.897345 35.99
    endloop
  endfacet
  facet normal 0 0 1
    outer loop
      vertex 92.8232 -4.15943 35.99
      vertex 91.6656 -3.80989 35.99
      vertex 92.7497 -4.42106 35.99
    endloop
  endfacet
  facet normal -0 0 1
    outer loop
      vertex 91.6013 -3.91158 35.99
      vertex 92.7497 -4.42106 35.99
      vertex 91.6656 -3.80989 35.99
    endloop
  endfacet
  facet normal 0 0 1
    outer loop
      vertex 92.8963 -2.83289 35.99
      vertex 91.8024 -3.00671 35.99
      vertex 91.8117 -3.19357 35.99
    endloop
  endfacet
  facet normal 0 0 1
    outer loop
      vertex 92.8963 -2.83289 35.99
      vertex 91.7743 -2.83583 35.99
      vertex 91.8024 -3.00671 35.99
    endloop
  endfacet
  facet normal 0 0 1
    outer loop
      vertex 92.8322 -2.42421 35.99
      vertex 91.7274 -2.68094 35.99
      vertex 91.7743 -2.83583 35.99
    endloop
  endfacet
  facet normal 0 0 1
    outer loop
      vertex 92.7255 -2.04996 35.99
      vertex 91.6618 -2.54203 35.99
      vertex 91.7274 -2.68094 35.99
    endloop
  endfacet
  facet normal 0 0 1
    outer loop
      vertex 92.7255 -2.04996 35.99
      vertex 91.5775 -2.4191 35.99
      vertex 91.6618 -2.54203 35.99
    endloop
  endfacet
  facet normal 0 0 1
    outer loop
      vertex 91.053 -2.08725 35.99
      vertex 91.8714 -0.897345 35.99
      vertex 91.5512 -0.695281 35.99
    endloop
  endfacet
  facet normal 0 0 1
    outer loop
      vertex 92.576 -1.71015 35.99
      vertex 91.4745 -2.31216 35.99
      vertex 91.5775 -2.4191 35.99
    endloop
  endfacet
  facet normal 0 0 1
    outer loop
      vertex 92.3839 -1.40477 35.99
      vertex 91.3527 -2.22121 35.99
      vertex 91.4745 -2.31216 35.99
    endloop
  endfacet
  facet normal 0 0 1
    outer loop
      vertex 92.149 -1.13384 35.99
      vertex 91.2122 -2.14623 35.99
      vertex 91.3527 -2.22121 35.99
    endloop
  endfacet
  facet normal 0 0 1
    outer loop
      vertex 91.053 -2.08725 35.99
      vertex 91.5512 -0.695281 35.99
      vertex 91.1882 -0.527648 35.99
    endloop
  endfacet
  facet normal 0 0 1
    outer loop
      vertex 91.8714 -0.897345 35.99
      vertex 91.053 -2.08725 35.99
      vertex 91.2122 -2.14623 35.99
    endloop
  endfacet
  facet normal 0 0 1
    outer loop
      vertex 92.7497 -4.42106 35.99
      vertex 91.6013 -3.91158 35.99
      vertex 92.6553 -4.66628 35.99
    endloop
  endfacet
  facet normal -0 0 1
    outer loop
      vertex 91.5253 -4.00606 35.99
      vertex 92.6553 -4.66628 35.99
      vertex 91.6013 -3.91158 35.99
    endloop
  endfacet
  facet normal 0 0 1
    outer loop
      vertex 92.6553 -4.66628 35.99
      vertex 91.5253 -4.00606 35.99
      vertex 92.5399 -4.89506 35.99
    endloop
  endfacet
  facet normal -0 0 1
    outer loop
      vertex 91.4376 -4.09335 35.99
      vertex 92.5399 -4.89506 35.99
      vertex 91.5253 -4.00606 35.99
    endloop
  endfacet
  facet normal 0 0 1
    outer loop
      vertex 92.5399 -4.89506 35.99
      vertex 91.4376 -4.09335 35.99
      vertex 92.4034 -5.10744 35.99
    endloop
  endfacet
  facet normal -0 0 1
    outer loop
      vertex 91.3383 -4.17345 35.99
      vertex 92.4034 -5.10744 35.99
      vertex 91.4376 -4.09335 35.99
    endloop
  endfacet
  facet normal 0 0 1
    outer loop
      vertex 92.4034 -5.10744 35.99
      vertex 91.3383 -4.17345 35.99
      vertex 92.246 -5.3034 35.99
    endloop
  endfacet
  facet normal -0 0 1
    outer loop
      vertex 91.2274 -4.24572 35.99
      vertex 92.246 -5.3034 35.99
      vertex 91.3383 -4.17345 35.99
    endloop
  endfacet
  facet normal 0 0 1
    outer loop
      vertex 92.246 -5.3034 35.99
      vertex 91.2274 -4.24572 35.99
      vertex 92.0676 -5.48294 35.99
    endloop
  endfacet
  facet normal -0 0 1
    outer loop
      vertex 91.1053 -4.30947 35.99
      vertex 92.0676 -5.48294 35.99
      vertex 91.2274 -4.24572 35.99
    endloop
  endfacet
  facet normal 0 0 1
    outer loop
      vertex 92.0676 -5.48294 35.99
      vertex 91.1053 -4.30947 35.99
      vertex 91.8691 -5.64473 35.99
    endloop
  endfacet
  facet normal 0 0 1
    outer loop
      vertex 91.8691 -5.64473 35.99
      vertex 91.1053 -4.30947 35.99
      vertex 91.6513 -5.78749 35.99
    endloop
  endfacet
  facet normal -0 0 1
    outer loop
      vertex 90.9719 -4.36473 35.99
      vertex 91.6513 -5.78749 35.99
      vertex 91.1053 -4.30947 35.99
    endloop
  endfacet
  facet normal 0 0 1
    outer loop
      vertex 91.6513 -5.78749 35.99
      vertex 90.9719 -4.36473 35.99
      vertex 91.4143 -5.91122 35.99
    endloop
  endfacet
  facet normal -0 0 1
    outer loop
      vertex 90.8273 -4.41147 35.99
      vertex 91.4143 -5.91122 35.99
      vertex 90.9719 -4.36473 35.99
    endloop
  endfacet
  facet normal 0 0 1
    outer loop
      vertex 91.4143 -5.91122 35.99
      vertex 90.8273 -4.41147 35.99
      vertex 91.1581 -6.01591 35.99
    endloop
  endfacet
  facet normal -0 0 1
    outer loop
      vertex 90.6714 -4.44973 35.99
      vertex 91.1581 -6.01591 35.99
      vertex 90.8273 -4.41147 35.99
    endloop
  endfacet
  facet normal 0 0 1
    outer loop
      vertex 91.1581 -6.01591 35.99
      vertex 90.6714 -4.44973 35.99
      vertex 90.8826 -6.10157 35.99
    endloop
  endfacet
  facet normal -0 0 1
    outer loop
      vertex 90.5042 -4.47948 35.99
      vertex 90.8826 -6.10157 35.99
      vertex 90.6714 -4.44973 35.99
    endloop
  endfacet
  facet normal 0 0 1
    outer loop
      vertex 90.8826 -6.10157 35.99
      vertex 90.5042 -4.47948 35.99
      vertex 90.5879 -6.16819 35.99
    endloop
  endfacet
  facet normal -0 0 1
    outer loop
      vertex 90.3258 -4.50072 35.99
      vertex 90.5879 -6.16819 35.99
      vertex 90.5042 -4.47948 35.99
    endloop
  endfacet
  facet normal 0 0 1
    outer loop
      vertex 90.3258 -4.50072 35.99
      vertex 90.2739 -6.21577 35.99
      vertex 90.5879 -6.16819 35.99
    endloop
  endfacet
  facet normal -0 0 1
    outer loop
      vertex 90.1362 -4.51347 35.99
      vertex 90.2739 -6.21577 35.99
      vertex 90.3258 -4.50072 35.99
    endloop
  endfacet
  facet normal -0 0 1
    outer loop
      vertex 89.9352 -4.51772 35.99
      vertex 90.2739 -6.21577 35.99
      vertex 90.1362 -4.51347 35.99
    endloop
  endfacet
  facet normal 0 0 1
    outer loop
      vertex 90.2739 -6.21577 35.99
      vertex 89.9352 -4.51772 35.99
      vertex 89.9406 -6.24432 35.99
    endloop
  endfacet
  facet normal 0 0 1
    outer loop
      vertex 89.9352 -0.433496 35.99
      vertex 88.8999 -2.03423 35.99
      vertex 89.9352 -4.51772 35.99
    endloop
  endfacet
  facet normal 0 -0 1
    outer loop
      vertex 89.2469 -6.24418 35.99
      vertex 89.9352 -4.51772 35.99
      vertex 88.8999 -4.50602 35.99
    endloop
  endfacet
  facet normal 0 0 1
    outer loop
      vertex 88.8999 -2.03423 35.99
      vertex 89.8882 -0.433496 35.99
      vertex 89.5091 -0.442434 35.99
    endloop
  endfacet
  facet normal 0 0 1
    outer loop
      vertex 89.9352 -4.51772 35.99
      vertex 89.5882 -6.25385 35.99
      vertex 89.9406 -6.24432 35.99
    endloop
  endfacet
  facet normal 0 0 1
    outer loop
      vertex 88.8999 -2.03423 35.99
      vertex 89.5091 -0.442434 35.99
      vertex 89.1508 -0.469237 35.99
    endloop
  endfacet
  facet normal 0 0 1
    outer loop
      vertex 89.9352 -4.51772 35.99
      vertex 88.8999 -2.03423 35.99
      vertex 88.8999 -4.50602 35.99
    endloop
  endfacet
  facet normal 0 0 1
    outer loop
      vertex 89.9352 -4.51772 35.99
      vertex 89.2469 -6.24418 35.99
      vertex 89.5882 -6.25385 35.99
    endloop
  endfacet
  facet normal -0 0 1
    outer loop
      vertex 88.8134 -0.513916 35.99
      vertex 88.8999 -2.03423 35.99
      vertex 89.1508 -0.469237 35.99
    endloop
  endfacet
  facet normal -0 0 1
    outer loop
      vertex 88.4968 -0.576472 35.99
      vertex 88.8999 -2.03423 35.99
      vertex 88.8134 -0.513916 35.99
    endloop
  endfacet
  facet normal 0 0 1
    outer loop
      vertex 88.8999 -2.03423 35.99
      vertex 88.4968 -0.576472 35.99
      vertex 88.7335 -2.04812 35.99
    endloop
  endfacet
  facet normal 0 0 1
    outer loop
      vertex 88.7335 -2.04812 35.99
      vertex 88.4968 -0.576472 35.99
      vertex 88.5765 -2.06883 35.99
    endloop
  endfacet
  facet normal -0 0 1
    outer loop
      vertex 88.201 -0.656905 35.99
      vertex 88.5765 -2.06883 35.99
      vertex 88.4968 -0.576472 35.99
    endloop
  endfacet
  facet normal 0 0 1
    outer loop
      vertex 88.5765 -2.06883 35.99
      vertex 88.201 -0.656905 35.99
      vertex 88.429 -2.09637 35.99
    endloop
  endfacet
  facet normal -0 0 1
    outer loop
      vertex 87.9261 -0.755216 35.99
      vertex 88.429 -2.09637 35.99
      vertex 88.201 -0.656905 35.99
    endloop
  endfacet
  facet normal 0 0 1
    outer loop
      vertex 88.429 -2.09637 35.99
      vertex 87.9261 -0.755216 35.99
      vertex 88.2911 -2.13075 35.99
    endloop
  endfacet
  facet normal -0 0 1
    outer loop
      vertex 87.6721 -0.871389 35.99
      vertex 88.2911 -2.13075 35.99
      vertex 87.9261 -0.755216 35.99
    endloop
  endfacet
  facet normal 0 0 1
    outer loop
      vertex 88.2911 -2.13075 35.99
      vertex 87.6721 -0.871389 35.99
      vertex 88.1627 -2.17195 35.99
    endloop
  endfacet
  facet normal -0 0 1
    outer loop
      vertex 87.4388 -1.00544 35.99
      vertex 88.1627 -2.17195 35.99
      vertex 87.6721 -0.871389 35.99
    endloop
  endfacet
  facet normal 0 0 1
    outer loop
      vertex 88.1627 -2.17195 35.99
      vertex 87.4388 -1.00544 35.99
      vertex 88.0437 -2.21998 35.99
    endloop
  endfacet
  facet normal -0 0 1
    outer loop
      vertex 87.2264 -1.15736 35.99
      vertex 88.0437 -2.21998 35.99
      vertex 87.4388 -1.00544 35.99
    endloop
  endfacet
  facet normal 0 0 1
    outer loop
      vertex 88.0437 -2.21998 35.99
      vertex 87.2264 -1.15736 35.99
      vertex 87.9343 -2.27484 35.99
    endloop
  endfacet
  facet normal -0 0 1
    outer loop
      vertex 87.0357 -1.32621 35.99
      vertex 87.9343 -2.27484 35.99
      vertex 87.2264 -1.15736 35.99
    endloop
  endfacet
  facet normal 0 0 1
    outer loop
      vertex 87.9343 -2.27484 35.99
      vertex 87.0357 -1.32621 35.99
      vertex 87.8344 -2.33653 35.99
    endloop
  endfacet
  facet normal -0 0 1
    outer loop
      vertex 86.8674 -1.51105 35.99
      vertex 87.8344 -2.33653 35.99
      vertex 87.0357 -1.32621 35.99
    endloop
  endfacet
  facet normal 0 0 1
    outer loop
      vertex 87.8344 -2.33653 35.99
      vertex 86.8674 -1.51105 35.99
      vertex 87.744 -2.40505 35.99
    endloop
  endfacet
  facet normal -0 0 1
    outer loop
      vertex 86.7215 -1.71187 35.99
      vertex 87.744 -2.40505 35.99
      vertex 86.8674 -1.51105 35.99
    endloop
  endfacet
  facet normal 0 0 1
    outer loop
      vertex 87.744 -2.40505 35.99
      vertex 86.7215 -1.71187 35.99
      vertex 87.6632 -2.47974 35.99
    endloop
  endfacet
  facet normal 0 0 1
    outer loop
      vertex 87.6632 -2.47974 35.99
      vertex 86.7215 -1.71187 35.99
      vertex 87.5918 -2.55993 35.99
    endloop
  endfacet
  facet normal -0 0 1
    outer loop
      vertex 86.5981 -1.92867 35.99
      vertex 87.5918 -2.55993 35.99
      vertex 86.7215 -1.71187 35.99
    endloop
  endfacet
  facet normal 0 0 1
    outer loop
      vertex 87.5918 -2.55993 35.99
      vertex 86.5981 -1.92867 35.99
      vertex 87.53 -2.64566 35.99
    endloop
  endfacet
  facet normal -0 0 1
    outer loop
      vertex 86.4971 -2.16147 35.99
      vertex 87.53 -2.64566 35.99
      vertex 86.5981 -1.92867 35.99
    endloop
  endfacet
  facet normal 0 0 1
    outer loop
      vertex 87.53 -2.64566 35.99
      vertex 86.4971 -2.16147 35.99
      vertex 87.4777 -2.73691 35.99
    endloop
  endfacet
  facet normal 0 0 1
    outer loop
      vertex 89.2469 -6.24418 35.99
      vertex 88.8999 -4.50602 35.99
      vertex 88.9236 -6.21519 35.99
    endloop
  endfacet
  facet normal 0 0 1
    outer loop
      vertex 88.6183 -6.16688 35.99
      vertex 88.8999 -4.50602 35.99
      vertex 88.7418 -4.4984 35.99
    endloop
  endfacet
  facet normal 0 0 1
    outer loop
      vertex 88.8999 -4.50602 35.99
      vertex 88.6183 -6.16688 35.99
      vertex 88.9236 -6.21519 35.99
    endloop
  endfacet
  facet normal 0 0 1
    outer loop
      vertex 88.331 -6.09924 35.99
      vertex 88.7418 -4.4984 35.99
      vertex 88.5917 -4.48347 35.99
    endloop
  endfacet
  facet normal 0 0 1
    outer loop
      vertex 88.0617 -6.01227 35.99
      vertex 88.5917 -4.48347 35.99
      vertex 88.4496 -4.46119 35.99
    endloop
  endfacet
  facet normal 0 0 1
    outer loop
      vertex 88.7418 -4.4984 35.99
      vertex 88.331 -6.09924 35.99
      vertex 88.6183 -6.16688 35.99
    endloop
  endfacet
  facet normal 0 0 1
    outer loop
      vertex 87.8104 -5.90597 35.99
      vertex 88.4496 -4.46119 35.99
      vertex 88.3155 -4.43158 35.99
    endloop
  endfacet
  facet normal 0 0 1
    outer loop
      vertex 87.5772 -5.78036 35.99
      vertex 88.3155 -4.43158 35.99
      vertex 88.1894 -4.39463 35.99
    endloop
  endfacet
  facet normal 0 0 1
    outer loop
      vertex 87.3619 -5.63541 35.99
      vertex 88.1894 -4.39463 35.99
      vertex 88.0712 -4.35034 35.99
    endloop
  endfacet
  facet normal 0 0 1
    outer loop
      vertex 88.5917 -4.48347 35.99
      vertex 88.0617 -6.01227 35.99
      vertex 88.331 -6.09924 35.99
    endloop
  endfacet
  facet normal 0 0 1
    outer loop
      vertex 87.1647 -5.47114 35.99
      vertex 88.0712 -4.35034 35.99
      vertex 87.9611 -4.29871 35.99
    endloop
  endfacet
  facet normal 0 0 1
    outer loop
      vertex 86.9869 -5.28914 35.99
      vertex 87.9611 -4.29871 35.99
      vertex 87.8589 -4.23976 35.99
    endloop
  endfacet
  facet normal 0 0 1
    outer loop
      vertex 88.4496 -4.46119 35.99
      vertex 87.8104 -5.90597 35.99
      vertex 88.0617 -6.01227 35.99
    endloop
  endfacet
  facet normal 0 0 1
    outer loop
      vertex 86.83 -5.09101 35.99
      vertex 87.8589 -4.23976 35.99
      vertex 87.7647 -4.17345 35.99
    endloop
  endfacet
  facet normal 0 0 1
    outer loop
      vertex 86.6941 -4.87675 35.99
      vertex 87.7647 -4.17345 35.99
      vertex 87.6795 -4.10019 35.99
    endloop
  endfacet
  facet normal 0 0 1
    outer loop
      vertex 86.6941 -4.87675 35.99
      vertex 87.6795 -4.10019 35.99
      vertex 87.6043 -4.0203 35.99
    endloop
  endfacet
  facet normal 0 0 1
    outer loop
      vertex 88.3155 -4.43158 35.99
      vertex 87.5772 -5.78036 35.99
      vertex 87.8104 -5.90597 35.99
    endloop
  endfacet
  facet normal 0 0 1
    outer loop
      vertex 86.579 -4.64637 35.99
      vertex 87.6043 -4.0203 35.99
      vertex 87.5392 -3.93381 35.99
    endloop
  endfacet
  facet normal 0 0 1
    outer loop
      vertex 86.4849 -4.39986 35.99
      vertex 87.5392 -3.93381 35.99
      vertex 87.484 -3.8407 35.99
    endloop
  endfacet
  facet normal 0 0 1
    outer loop
      vertex 86.4117 -4.13721 35.99
      vertex 87.484 -3.8407 35.99
      vertex 87.4389 -3.74099 35.99
    endloop
  endfacet
  facet normal 0 0 1
    outer loop
      vertex 86.3594 -3.85844 35.99
      vertex 87.4389 -3.74099 35.99
      vertex 87.4038 -3.63465 35.99
    endloop
  endfacet
  facet normal 0 0 1
    outer loop
      vertex 86.3594 -3.85844 35.99
      vertex 87.4038 -3.63465 35.99
      vertex 87.3788 -3.52173 35.99
    endloop
  endfacet
  facet normal 0 0 1
    outer loop
      vertex 86.3281 -3.56353 35.99
      vertex 87.3788 -3.52173 35.99
      vertex 87.3637 -3.40217 35.99
    endloop
  endfacet
  facet normal 0 0 1
    outer loop
      vertex 88.1894 -4.39463 35.99
      vertex 87.3619 -5.63541 35.99
      vertex 87.5772 -5.78036 35.99
    endloop
  endfacet
  facet normal 0 0 1
    outer loop
      vertex 86.3176 -3.2525 35.99
      vertex 87.3637 -3.40217 35.99
      vertex 87.3587 -3.27602 35.99
    endloop
  endfacet
  facet normal -0 0 1
    outer loop
      vertex 86.4186 -2.41025 35.99
      vertex 87.4777 -2.73691 35.99
      vertex 86.4971 -2.16147 35.99
    endloop
  endfacet
  facet normal 0 0 1
    outer loop
      vertex 87.3788 -3.52173 35.99
      vertex 86.3281 -3.56353 35.99
      vertex 86.3594 -3.85844 35.99
    endloop
  endfacet
  facet normal 0 0 1
    outer loop
      vertex 87.4777 -2.73691 35.99
      vertex 86.4186 -2.41025 35.99
      vertex 87.4348 -2.83369 35.99
    endloop
  endfacet
  facet normal 0 0 1
    outer loop
      vertex 87.4389 -3.74099 35.99
      vertex 86.3594 -3.85844 35.99
      vertex 86.4117 -4.13721 35.99
    endloop
  endfacet
  facet normal -0 0 1
    outer loop
      vertex 86.3625 -2.67502 35.99
      vertex 87.4348 -2.83369 35.99
      vertex 86.4186 -2.41025 35.99
    endloop
  endfacet
  facet normal 0 0 1
    outer loop
      vertex 88.0712 -4.35034 35.99
      vertex 87.1647 -5.47114 35.99
      vertex 87.3619 -5.63541 35.99
    endloop
  endfacet
  facet normal 0 0 1
    outer loop
      vertex 87.4348 -2.83369 35.99
      vertex 86.3625 -2.67502 35.99
      vertex 87.4015 -2.93598 35.99
    endloop
  endfacet
  facet normal 0 0 1
    outer loop
      vertex 87.9611 -4.29871 35.99
      vertex 86.9869 -5.28914 35.99
      vertex 87.1647 -5.47114 35.99
    endloop
  endfacet
  facet normal 0 0 1
    outer loop
      vertex 87.4015 -2.93598 35.99
      vertex 86.3625 -2.67502 35.99
      vertex 87.3778 -3.0438 35.99
    endloop
  endfacet
  facet normal 0 0 1
    outer loop
      vertex 87.8589 -4.23976 35.99
      vertex 86.83 -5.09101 35.99
      vertex 86.9869 -5.28914 35.99
    endloop
  endfacet
  facet normal -0 0 1
    outer loop
      vertex 86.3288 -2.95577 35.99
      vertex 87.3778 -3.0438 35.99
      vertex 86.3625 -2.67502 35.99
    endloop
  endfacet
  facet normal 0 0 1
    outer loop
      vertex 87.7647 -4.17345 35.99
      vertex 86.6941 -4.87675 35.99
      vertex 86.83 -5.09101 35.99
    endloop
  endfacet
  facet normal 0 0 1
    outer loop
      vertex 87.3778 -3.0438 35.99
      vertex 86.3288 -2.95577 35.99
      vertex 87.3635 -3.15715 35.99
    endloop
  endfacet
  facet normal 0 0 1
    outer loop
      vertex 87.6043 -4.0203 35.99
      vertex 86.579 -4.64637 35.99
      vertex 86.6941 -4.87675 35.99
    endloop
  endfacet
  facet normal 0 0 1
    outer loop
      vertex 86.3176 -3.2525 35.99
      vertex 87.3635 -3.15715 35.99
      vertex 86.3288 -2.95577 35.99
    endloop
  endfacet
  facet normal 0 0 1
    outer loop
      vertex 87.484 -3.8407 35.99
      vertex 86.4117 -4.13721 35.99
      vertex 86.4849 -4.39986 35.99
    endloop
  endfacet
  facet normal 0 0 1
    outer loop
      vertex 87.3635 -3.15715 35.99
      vertex 86.3176 -3.2525 35.99
      vertex 87.3587 -3.27602 35.99
    endloop
  endfacet
  facet normal 0 0 1
    outer loop
      vertex 87.5392 -3.93381 35.99
      vertex 86.4849 -4.39986 35.99
      vertex 86.579 -4.64637 35.99
    endloop
  endfacet
  facet normal 0 0 1
    outer loop
      vertex 87.3637 -3.40217 35.99
      vertex 86.3176 -3.2525 35.99
      vertex 86.3281 -3.56353 35.99
    endloop
  endfacet
  facet normal -0 0 1
    outer loop
      vertex 88.2255 -7.01674 35.99
      vertex 88.5235 -8.6336 35.99
      vertex 88.4411 -6.96813 35.99
    endloop
  endfacet
  facet normal -0 0 1
    outer loop
      vertex 88.0205 -7.07886 35.99
      vertex 88.5235 -8.6336 35.99
      vertex 88.2255 -7.01674 35.99
    endloop
  endfacet
  facet normal 0 0 1
    outer loop
      vertex 88.5235 -8.6336 35.99
      vertex 88.0205 -7.07886 35.99
      vertex 88.4174 -8.6519 35.99
    endloop
  endfacet
  facet normal -0 0 1
    outer loop
      vertex 87.8261 -7.1545 35.99
      vertex 88.4174 -8.6519 35.99
      vertex 88.0205 -7.07886 35.99
    endloop
  endfacet
  facet normal 0 0 1
    outer loop
      vertex 88.4174 -8.6519 35.99
      vertex 87.8261 -7.1545 35.99
      vertex 88.3162 -8.67544 35.99
    endloop
  endfacet
  facet normal -0 0 1
    outer loop
      vertex 87.6423 -7.24365 35.99
      vertex 88.3162 -8.67544 35.99
      vertex 87.8261 -7.1545 35.99
    endloop
  endfacet
  facet normal 0 0 1
    outer loop
      vertex 88.3162 -8.67544 35.99
      vertex 87.6423 -7.24365 35.99
      vertex 88.2199 -8.7042 35.99
    endloop
  endfacet
  facet normal -0 0 1
    outer loop
      vertex 87.4691 -7.34631 35.99
      vertex 88.2199 -8.7042 35.99
      vertex 87.6423 -7.24365 35.99
    endloop
  endfacet
  facet normal 0 0 1
    outer loop
      vertex 88.2199 -8.7042 35.99
      vertex 87.4691 -7.34631 35.99
      vertex 88.1284 -8.73819 35.99
    endloop
  endfacet
  facet normal -0 0 1
    outer loop
      vertex 87.3065 -7.46249 35.99
      vertex 88.1284 -8.73819 35.99
      vertex 87.4691 -7.34631 35.99
    endloop
  endfacet
  facet normal 0 0 1
    outer loop
      vertex 88.1284 -8.73819 35.99
      vertex 87.3065 -7.46249 35.99
      vertex 88.0418 -8.77741 35.99
    endloop
  endfacet
  facet normal -0 0 1
    outer loop
      vertex 87.1545 -7.59218 35.99
      vertex 88.0418 -8.77741 35.99
      vertex 87.3065 -7.46249 35.99
    endloop
  endfacet
  facet normal 0 0 1
    outer loop
      vertex 88.0418 -8.77741 35.99
      vertex 87.1545 -7.59218 35.99
      vertex 87.9601 -8.82187 35.99
    endloop
  endfacet
  facet normal -0 0 1
    outer loop
      vertex 87.0131 -7.7354 35.99
      vertex 87.9601 -8.82187 35.99
      vertex 87.1545 -7.59218 35.99
    endloop
  endfacet
  facet normal 0 0 1
    outer loop
      vertex 87.9601 -8.82187 35.99
      vertex 87.0131 -7.7354 35.99
      vertex 87.8832 -8.87157 35.99
    endloop
  endfacet
  facet normal -0 0 1
    outer loop
      vertex 86.8823 -7.89212 35.99
      vertex 87.8832 -8.87157 35.99
      vertex 87.0131 -7.7354 35.99
    endloop
  endfacet
  facet normal 0 0 1
    outer loop
      vertex 87.8832 -8.87157 35.99
      vertex 86.8823 -7.89212 35.99
      vertex 87.8112 -8.92649 35.99
    endloop
  endfacet
  facet normal -0 0 1
    outer loop
      vertex 86.7638 -8.06039 35.99
      vertex 87.8112 -8.92649 35.99
      vertex 86.8823 -7.89212 35.99
    endloop
  endfacet
  facet normal 0 0 1
    outer loop
      vertex 87.8112 -8.92649 35.99
      vertex 86.7638 -8.06039 35.99
      vertex 87.744 -8.98664 35.99
    endloop
  endfacet
  facet normal -0 0 1
    outer loop
      vertex 86.6592 -8.23823 35.99
      vertex 87.744 -8.98664 35.99
      vertex 86.7638 -8.06039 35.99
    endloop
  endfacet
  facet normal 0 0 1
    outer loop
      vertex 87.744 -8.98664 35.99
      vertex 86.6592 -8.23823 35.99
      vertex 87.6829 -9.05232 35.99
    endloop
  endfacet
  facet normal -0 0 1
    outer loop
      vertex 86.5686 -8.42567 35.99
      vertex 87.6829 -9.05232 35.99
      vertex 86.6592 -8.23823 35.99
    endloop
  endfacet
  facet normal 0 0 1
    outer loop
      vertex 87.6829 -9.05232 35.99
      vertex 86.5686 -8.42567 35.99
      vertex 87.629 -9.12382 35.99
    endloop
  endfacet
  facet normal -0 0 1
    outer loop
      vertex 86.4919 -8.62271 35.99
      vertex 87.629 -9.12382 35.99
      vertex 86.5686 -8.42567 35.99
    endloop
  endfacet
  facet normal 0 0 1
    outer loop
      vertex 87.629 -9.12382 35.99
      vertex 86.4919 -8.62271 35.99
      vertex 87.5823 -9.20113 35.99
    endloop
  endfacet
  facet normal 0 -0 1
    outer loop
      vertex 86.3285 -10.0679 35.99
      vertex 87.4528 -9.78705 35.99
      vertex 86.3176 -9.75174 35.99
    endloop
  endfacet
  facet normal -0 0 1
    outer loop
      vertex 86.4292 -8.82932 35.99
      vertex 87.5823 -9.20113 35.99
      vertex 86.4919 -8.62271 35.99
    endloop
  endfacet
  facet normal 0 0 1
    outer loop
      vertex 87.5823 -9.20113 35.99
      vertex 86.4292 -8.82932 35.99
      vertex 87.5427 -9.28425 35.99
    endloop
  endfacet
  facet normal 0 -0 1
    outer loop
      vertex 86.361 -10.3676 35.99
      vertex 87.4528 -9.78705 35.99
      vertex 86.3285 -10.0679 35.99
    endloop
  endfacet
  facet normal -0 0 1
    outer loop
      vertex 86.3804 -9.04554 35.99
      vertex 87.5427 -9.28425 35.99
      vertex 86.4292 -8.82932 35.99
    endloop
  endfacet
  facet normal 0 0 1
    outer loop
      vertex 87.4528 -9.78705 35.99
      vertex 87.197 -12.0058 35.99
      vertex 87.4011 -12.1725 35.99
    endloop
  endfacet
  facet normal 0 0 1
    outer loop
      vertex 87.5427 -9.28425 35.99
      vertex 86.3804 -9.04554 35.99
      vertex 87.5104 -9.37318 35.99
    endloop
  endfacet
  facet normal 0 0 1
    outer loop
      vertex 87.4528 -9.78705 35.99
      vertex 87.0125 -11.821 35.99
      vertex 87.197 -12.0058 35.99
    endloop
  endfacet
  facet normal -0 0 1
    outer loop
      vertex 86.3455 -9.27135 35.99
      vertex 87.5104 -9.37318 35.99
      vertex 86.3804 -9.04554 35.99
    endloop
  endfacet
  facet normal 0 0 1
    outer loop
      vertex 87.4528 -9.78705 35.99
      vertex 86.8496 -11.6198 35.99
      vertex 87.0125 -11.821 35.99
    endloop
  endfacet
  facet normal 0 0 1
    outer loop
      vertex 87.5104 -9.37318 35.99
      vertex 86.3455 -9.27135 35.99
      vertex 87.4852 -9.46793 35.99
    endloop
  endfacet
  facet normal 0 0 1
    outer loop
      vertex 87.4852 -9.46793 35.99
      vertex 86.3455 -9.27135 35.99
      vertex 87.4672 -9.56849 35.99
    endloop
  endfacet
  facet normal 0 0 1
    outer loop
      vertex 87.4528 -9.78705 35.99
      vertex 86.7085 -11.4022 35.99
      vertex 86.8496 -11.6198 35.99
    endloop
  endfacet
  facet normal -0 0 1
    outer loop
      vertex 86.3246 -9.50674 35.99
      vertex 87.4672 -9.56849 35.99
      vertex 86.3455 -9.27135 35.99
    endloop
  endfacet
  facet normal 0 0 1
    outer loop
      vertex 87.4528 -9.78705 35.99
      vertex 86.589 -11.1682 35.99
      vertex 86.7085 -11.4022 35.99
    endloop
  endfacet
  facet normal 0 0 1
    outer loop
      vertex 87.4672 -9.56849 35.99
      vertex 86.3246 -9.50674 35.99
      vertex 87.4564 -9.67486 35.99
    endloop
  endfacet
  facet normal 0 0 1
    outer loop
      vertex 87.4528 -9.78705 35.99
      vertex 86.4153 -10.6509 35.99
      vertex 86.4913 -10.9177 35.99
    endloop
  endfacet
  facet normal 0 0 1
    outer loop
      vertex 86.3176 -9.75174 35.99
      vertex 87.4564 -9.67486 35.99
      vertex 86.3246 -9.50674 35.99
    endloop
  endfacet
  facet normal 0 0 1
    outer loop
      vertex 87.4528 -9.78705 35.99
      vertex 86.4913 -10.9177 35.99
      vertex 86.589 -11.1682 35.99
    endloop
  endfacet
  facet normal 0 0 1
    outer loop
      vertex 87.4564 -9.67486 35.99
      vertex 86.3176 -9.75174 35.99
      vertex 87.4528 -9.78705 35.99
    endloop
  endfacet
  facet normal 0 -0 1
    outer loop
      vertex 86.4153 -10.6509 35.99
      vertex 87.4528 -9.78705 35.99
      vertex 86.361 -10.3676 35.99
    endloop
  endfacet
  facet normal 0 0 1
    outer loop
      vertex 92.9142 -9.60583 35.99
      vertex 91.7845 -9.6608 35.99
      vertex 91.7882 -9.76353 35.99
    endloop
  endfacet
  facet normal 0 0 1
    outer loop
      vertex 91.958 -7.47615 35.99
      vertex 91.7735 -9.56184 35.99
      vertex 91.7845 -9.6608 35.99
    endloop
  endfacet
  facet normal 0 0 1
    outer loop
      vertex 91.958 -7.47615 35.99
      vertex 91.7552 -9.46667 35.99
      vertex 91.7735 -9.56184 35.99
    endloop
  endfacet
  facet normal 0 0 1
    outer loop
      vertex 91.0712 -8.69628 35.99
      vertex 91.8471 -7.38886 35.99
      vertex 91.7316 -7.30811 35.99
    endloop
  endfacet
  facet normal 0 0 1
    outer loop
      vertex 91.958 -7.47615 35.99
      vertex 91.7295 -9.37527 35.99
      vertex 91.7552 -9.46667 35.99
    endloop
  endfacet
  facet normal 0 0 1
    outer loop
      vertex 91.958 -7.47615 35.99
      vertex 91.6965 -9.28765 35.99
      vertex 91.7295 -9.37527 35.99
    endloop
  endfacet
  facet normal 0 0 1
    outer loop
      vertex 91.958 -7.47615 35.99
      vertex 91.6562 -9.2038 35.99
      vertex 91.6965 -9.28765 35.99
    endloop
  endfacet
  facet normal 0 0 1
    outer loop
      vertex 90.9657 -8.65842 35.99
      vertex 91.7316 -7.30811 35.99
      vertex 91.6127 -7.23454 35.99
    endloop
  endfacet
  facet normal 0 0 1
    outer loop
      vertex 91.958 -7.47615 35.99
      vertex 91.6085 -9.12374 35.99
      vertex 91.6562 -9.2038 35.99
    endloop
  endfacet
  facet normal 0 0 1
    outer loop
      vertex 91.958 -7.47615 35.99
      vertex 91.5535 -9.04744 35.99
      vertex 91.6085 -9.12374 35.99
    endloop
  endfacet
  facet normal 0 0 1
    outer loop
      vertex 91.958 -7.47615 35.99
      vertex 91.4912 -8.97493 35.99
      vertex 91.5535 -9.04744 35.99
    endloop
  endfacet
  facet normal 0 0 1
    outer loop
      vertex 90.9657 -8.65842 35.99
      vertex 91.6127 -7.23454 35.99
      vertex 91.4902 -7.16817 35.99
    endloop
  endfacet
  facet normal 0 0 1
    outer loop
      vertex 91.958 -7.47615 35.99
      vertex 91.4216 -8.90728 35.99
      vertex 91.4912 -8.97493 35.99
    endloop
  endfacet
  facet normal 0 0 1
    outer loop
      vertex 90.8529 -8.62652 35.99
      vertex 91.4902 -7.16817 35.99
      vertex 91.3643 -7.10899 35.99
    endloop
  endfacet
  facet normal 0 0 1
    outer loop
      vertex 91.958 -7.47615 35.99
      vertex 91.3448 -8.8456 35.99
      vertex 91.4216 -8.90728 35.99
    endloop
  endfacet
  facet normal 0 0 1
    outer loop
      vertex 91.958 -7.47615 35.99
      vertex 91.2608 -8.78986 35.99
      vertex 91.3448 -8.8456 35.99
    endloop
  endfacet
  facet normal 0 0 1
    outer loop
      vertex 90.8529 -8.62652 35.99
      vertex 91.3643 -7.10899 35.99
      vertex 91.2349 -7.05701 35.99
    endloop
  endfacet
  facet normal 0 0 1
    outer loop
      vertex 91.958 -7.47615 35.99
      vertex 91.1696 -8.7401 35.99
      vertex 91.2608 -8.78986 35.99
    endloop
  endfacet
  facet normal 0 0 1
    outer loop
      vertex 90.733 -8.60058 35.99
      vertex 91.2349 -7.05701 35.99
      vertex 91.1019 -7.01221 35.99
    endloop
  endfacet
  facet normal 0 0 1
    outer loop
      vertex 91.8471 -7.38886 35.99
      vertex 91.0712 -8.69628 35.99
      vertex 91.1696 -8.7401 35.99
    endloop
  endfacet
  facet normal 0 0 1
    outer loop
      vertex 91.7316 -7.30811 35.99
      vertex 90.9657 -8.65842 35.99
      vertex 91.0712 -8.69628 35.99
    endloop
  endfacet
  facet normal 0 0 1
    outer loop
      vertex 90.733 -8.60058 35.99
      vertex 91.1019 -7.01221 35.99
      vertex 90.9655 -6.97462 35.99
    endloop
  endfacet
  facet normal 0 0 1
    outer loop
      vertex 91.4902 -7.16817 35.99
      vertex 90.8529 -8.62652 35.99
      vertex 90.9657 -8.65842 35.99
    endloop
  endfacet
  facet normal 0 0 1
    outer loop
      vertex 90.6059 -8.58058 35.99
      vertex 90.9655 -6.97462 35.99
      vertex 90.8257 -6.94421 35.99
    endloop
  endfacet
  facet normal 0 0 1
    outer loop
      vertex 91.2349 -7.05701 35.99
      vertex 90.733 -8.60058 35.99
      vertex 90.8529 -8.62652 35.99
    endloop
  endfacet
  facet normal 0 0 1
    outer loop
      vertex 90.6059 -8.58058 35.99
      vertex 90.8257 -6.94421 35.99
      vertex 90.6823 -6.92101 35.99
    endloop
  endfacet
  facet normal 0 0 1
    outer loop
      vertex 90.9655 -6.97462 35.99
      vertex 90.6059 -8.58058 35.99
      vertex 90.733 -8.60058 35.99
    endloop
  endfacet
  facet normal -0 0 1
    outer loop
      vertex 91.7882 -9.76353 35.99
      vertex 92.9176 -9.77525 35.99
      vertex 92.9142 -9.60583 35.99
    endloop
  endfacet
  facet normal 0 0 1
    outer loop
      vertex 91.7845 -9.6608 35.99
      vertex 92.9142 -9.60583 35.99
      vertex 92.9038 -9.44019 35.99
    endloop
  endfacet
  facet normal 0 0 1
    outer loop
      vertex 91.7845 -9.6608 35.99
      vertex 92.9038 -9.44019 35.99
      vertex 92.8866 -9.27831 35.99
    endloop
  endfacet
  facet normal 0 0 1
    outer loop
      vertex 92.9176 -9.77525 35.99
      vertex 91.7882 -9.76353 35.99
      vertex 92.907 -10.0888 35.99
    endloop
  endfacet
  facet normal 0 0 1
    outer loop
      vertex 91.7845 -9.6608 35.99
      vertex 92.8866 -9.27831 35.99
      vertex 92.8624 -9.12023 35.99
    endloop
  endfacet
  facet normal 0 0 1
    outer loop
      vertex 91.7845 -9.6608 35.99
      vertex 92.8624 -9.12023 35.99
      vertex 92.8314 -8.96592 35.99
    endloop
  endfacet
  facet normal -0 0 1
    outer loop
      vertex 91.761 -10.0365 35.99
      vertex 92.907 -10.0888 35.99
      vertex 91.7882 -9.76353 35.99
    endloop
  endfacet
  facet normal 0 0 1
    outer loop
      vertex 91.7845 -9.6608 35.99
      vertex 92.8314 -8.96592 35.99
      vertex 92.7934 -8.81538 35.99
    endloop
  endfacet
  facet normal 0 0 1
    outer loop
      vertex 91.7845 -9.6608 35.99
      vertex 92.7934 -8.81538 35.99
      vertex 92.7486 -8.66863 35.99
    endloop
  endfacet
  facet normal 0 0 1
    outer loop
      vertex 92.907 -10.0888 35.99
      vertex 91.761 -10.0365 35.99
      vertex 92.8751 -10.3861 35.99
    endloop
  endfacet
  facet normal 0 0 1
    outer loop
      vertex 91.7845 -9.6608 35.99
      vertex 92.7486 -8.66863 35.99
      vertex 92.6969 -8.52565 35.99
    endloop
  endfacet
  facet normal -0 0 1
    outer loop
      vertex 91.6796 -10.2773 35.99
      vertex 92.8751 -10.3861 35.99
      vertex 91.761 -10.0365 35.99
    endloop
  endfacet
  facet normal 0 0 1
    outer loop
      vertex 91.7845 -9.6608 35.99
      vertex 92.6969 -8.52565 35.99
      vertex 92.6382 -8.38645 35.99
    endloop
  endfacet
  facet normal 0 0 1
    outer loop
      vertex 91.7845 -9.6608 35.99
      vertex 92.6382 -8.38645 35.99
      vertex 92.5733 -8.25206 35.99
    endloop
  endfacet
  facet normal 0 0 1
    outer loop
      vertex 92.8751 -10.3861 35.99
      vertex 91.6796 -10.2773 35.99
      vertex 92.8219 -10.6672 35.99
    endloop
  endfacet
  facet normal 0 0 1
    outer loop
      vertex 91.7845 -9.6608 35.99
      vertex 92.5733 -8.25206 35.99
      vertex 92.5026 -8.12355 35.99
    endloop
  endfacet
  facet normal 0 0 1
    outer loop
      vertex 91.7845 -9.6608 35.99
      vertex 92.5026 -8.12355 35.99
      vertex 92.4261 -8.00094 35.99
    endloop
  endfacet
  facet normal 0 0 1
    outer loop
      vertex 92.8219 -10.6672 35.99
      vertex 91.6796 -10.2773 35.99
      vertex 92.7474 -10.9319 35.99
    endloop
  endfacet
  facet normal 0 0 1
    outer loop
      vertex 91.7845 -9.6608 35.99
      vertex 92.4261 -8.00094 35.99
      vertex 92.344 -7.88421 35.99
    endloop
  endfacet
  facet normal 0 0 1
    outer loop
      vertex 91.7845 -9.6608 35.99
      vertex 92.344 -7.88421 35.99
      vertex 92.2561 -7.77338 35.99
    endloop
  endfacet
  facet normal -0 0 1
    outer loop
      vertex 91.5438 -10.4861 35.99
      vertex 92.7474 -10.9319 35.99
      vertex 91.6796 -10.2773 35.99
    endloop
  endfacet
  facet normal 0 0 1
    outer loop
      vertex 91.7845 -9.6608 35.99
      vertex 92.2561 -7.77338 35.99
      vertex 92.1624 -7.66842 35.99
    endloop
  endfacet
  facet normal 0 0 1
    outer loop
      vertex 91.7845 -9.6608 35.99
      vertex 92.1624 -7.66842 35.99
      vertex 92.0631 -7.56934 35.99
    endloop
  endfacet
  facet normal 0 0 1
    outer loop
      vertex 92.7474 -10.9319 35.99
      vertex 91.5438 -10.4861 35.99
      vertex 92.6517 -11.1804 35.99
    endloop
  endfacet
  facet normal 0 0 1
    outer loop
      vertex 91.7845 -9.6608 35.99
      vertex 92.0631 -7.56934 35.99
      vertex 91.958 -7.47615 35.99
    endloop
  endfacet
  facet normal 0 0 1
    outer loop
      vertex 92.6517 -11.1804 35.99
      vertex 91.5438 -10.4861 35.99
      vertex 92.5346 -11.4126 35.99
    endloop
  endfacet
  facet normal 0 0 1
    outer loop
      vertex 91.1696 -8.7401 35.99
      vertex 91.958 -7.47615 35.99
      vertex 91.8471 -7.38886 35.99
    endloop
  endfacet
  facet normal -0 0 1
    outer loop
      vertex 91.3536 -10.6627 35.99
      vertex 92.5346 -11.4126 35.99
      vertex 91.5438 -10.4861 35.99
    endloop
  endfacet
  facet normal 0 0 1
    outer loop
      vertex 92.5346 -11.4126 35.99
      vertex 91.3536 -10.6627 35.99
      vertex 92.3963 -11.6286 35.99
    endloop
  endfacet
  facet normal 0 0 1
    outer loop
      vertex 92.3963 -11.6286 35.99
      vertex 91.3536 -10.6627 35.99
      vertex 92.2368 -11.8282 35.99
    endloop
  endfacet
  facet normal -0 0 1
    outer loop
      vertex 91.1092 -10.8072 35.99
      vertex 92.2368 -11.8282 35.99
      vertex 91.3536 -10.6627 35.99
    endloop
  endfacet
  facet normal 0 0 1
    outer loop
      vertex 92.2368 -11.8282 35.99
      vertex 91.1092 -10.8072 35.99
      vertex 92.0559 -12.0116 35.99
    endloop
  endfacet
  facet normal 0 0 1
    outer loop
      vertex 92.0559 -12.0116 35.99
      vertex 91.1092 -10.8072 35.99
      vertex 91.856 -12.1771 35.99
    endloop
  endfacet
  facet normal 0 0 1
    outer loop
      vertex 91.856 -12.1771 35.99
      vertex 91.1092 -10.8072 35.99
      vertex 91.6393 -12.3231 35.99
    endloop
  endfacet
  facet normal -0 0 1
    outer loop
      vertex 90.8104 -10.9196 35.99
      vertex 91.6393 -12.3231 35.99
      vertex 91.1092 -10.8072 35.99
    endloop
  endfacet
  facet normal 0 0 1
    outer loop
      vertex 91.6393 -12.3231 35.99
      vertex 90.8104 -10.9196 35.99
      vertex 91.4059 -12.4497 35.99
    endloop
  endfacet
  facet normal 0 0 1
    outer loop
      vertex 91.4059 -12.4497 35.99
      vertex 90.8104 -10.9196 35.99
      vertex 91.1556 -12.5568 35.99
    endloop
  endfacet
  facet normal -0 0 1
    outer loop
      vertex 90.4573 -10.9999 35.99
      vertex 91.1556 -12.5568 35.99
      vertex 90.8104 -10.9196 35.99
    endloop
  endfacet
  facet normal 0 0 1
    outer loop
      vertex 91.1556 -12.5568 35.99
      vertex 90.4573 -10.9999 35.99
      vertex 90.8886 -12.6444 35.99
    endloop
  endfacet
  facet normal 0 0 1
    outer loop
      vertex 90.8886 -12.6444 35.99
      vertex 90.4573 -10.9999 35.99
      vertex 90.6049 -12.7126 35.99
    endloop
  endfacet
  facet normal -0 0 1
    outer loop
      vertex 90.0499 -11.048 35.99
      vertex 90.6049 -12.7126 35.99
      vertex 90.4573 -10.9999 35.99
    endloop
  endfacet
  facet normal 0 0 1
    outer loop
      vertex 90.6049 -12.7126 35.99
      vertex 90.0499 -11.048 35.99
      vertex 90.3043 -12.7613 35.99
    endloop
  endfacet
  facet normal 0 0 1
    outer loop
      vertex 90.0499 -11.048 35.99
      vertex 89.987 -12.7905 35.99
      vertex 90.3043 -12.7613 35.99
    endloop
  endfacet
  facet normal -0 0 1
    outer loop
      vertex 89.5882 -11.0641 35.99
      vertex 89.987 -12.7905 35.99
      vertex 90.0499 -11.048 35.99
    endloop
  endfacet
  facet normal 0 0 1
    outer loop
      vertex 89.987 -12.7905 35.99
      vertex 89.5882 -11.0641 35.99
      vertex 89.6529 -12.8002 35.99
    endloop
  endfacet
  facet normal 0 0 1
    outer loop
      vertex 89.5882 -11.0641 35.99
      vertex 89.3112 -12.7904 35.99
      vertex 89.6529 -12.8002 35.99
    endloop
  endfacet
  facet normal 0 0 1
    outer loop
      vertex 89.14 -11.0483 35.99
      vertex 89.3112 -12.7904 35.99
      vertex 89.5882 -11.0641 35.99
    endloop
  endfacet
  facet normal 0 0 1
    outer loop
      vertex 89.14 -11.0483 35.99
      vertex 88.9867 -12.761 35.99
      vertex 89.3112 -12.7904 35.99
    endloop
  endfacet
  facet normal 0 0 1
    outer loop
      vertex 88.6794 -12.7119 35.99
      vertex 89.14 -11.0483 35.99
      vertex 88.7446 -11.001 35.99
    endloop
  endfacet
  facet normal 0 0 1
    outer loop
      vertex 89.14 -11.0483 35.99
      vertex 88.6794 -12.7119 35.99
      vertex 88.9867 -12.761 35.99
    endloop
  endfacet
  facet normal 0 0 1
    outer loop
      vertex 88.1164 -12.555 35.99
      vertex 88.7446 -11.001 35.99
      vertex 88.4019 -10.9222 35.99
    endloop
  endfacet
  facet normal 0 0 1
    outer loop
      vertex 88.7446 -11.001 35.99
      vertex 88.3893 -12.6433 35.99
      vertex 88.6794 -12.7119 35.99
    endloop
  endfacet
  facet normal 0 0 1
    outer loop
      vertex 88.7446 -11.001 35.99
      vertex 88.1164 -12.555 35.99
      vertex 88.3893 -12.6433 35.99
    endloop
  endfacet
  facet normal 0 0 1
    outer loop
      vertex 87.6223 -12.3196 35.99
      vertex 88.4019 -10.9222 35.99
      vertex 88.1119 -10.8118 35.99
    endloop
  endfacet
  facet normal 0 0 1
    outer loop
      vertex 87.4011 -12.1725 35.99
      vertex 88.1119 -10.8118 35.99
      vertex 87.8746 -10.6699 35.99
    endloop
  endfacet
  facet normal 0 0 1
    outer loop
      vertex 88.4019 -10.9222 35.99
      vertex 87.8608 -12.4471 35.99
      vertex 88.1164 -12.555 35.99
    endloop
  endfacet
  facet normal 0 0 1
    outer loop
      vertex 87.4011 -12.1725 35.99
      vertex 87.8746 -10.6699 35.99
      vertex 87.6901 -10.4965 35.99
    endloop
  endfacet
  facet normal 0 0 1
    outer loop
      vertex 88.4019 -10.9222 35.99
      vertex 87.6223 -12.3196 35.99
      vertex 87.8608 -12.4471 35.99
    endloop
  endfacet
  facet normal 0 0 1
    outer loop
      vertex 87.4011 -12.1725 35.99
      vertex 87.6901 -10.4965 35.99
      vertex 87.5583 -10.2916 35.99
    endloop
  endfacet
  facet normal 0 0 1
    outer loop
      vertex 87.4011 -12.1725 35.99
      vertex 87.5583 -10.2916 35.99
      vertex 87.4792 -10.0551 35.99
    endloop
  endfacet
  facet normal 0 0 1
    outer loop
      vertex 87.4011 -12.1725 35.99
      vertex 87.4792 -10.0551 35.99
      vertex 87.4528 -9.78705 35.99
    endloop
  endfacet
  facet normal 0 0 1
    outer loop
      vertex 88.1119 -10.8118 35.99
      vertex 87.4011 -12.1725 35.99
      vertex 87.6223 -12.3196 35.99
    endloop
  endfacet
  facet normal 0 0 1
    outer loop
      vertex 92.8 4.12368 35.99
      vertex 91.4647 3.14676 35.99
      vertex 92.8 2.14631 35.99
    endloop
  endfacet
  facet normal 0 0 1
    outer loop
      vertex 92.8 4.12368 35.99
      vertex 91.4066 3.16135 35.99
      vertex 91.4647 3.14676 35.99
    endloop
  endfacet
  facet normal 0 0 1
    outer loop
      vertex 92.8 4.12368 35.99
      vertex 91.3395 3.179 35.99
      vertex 91.4066 3.16135 35.99
    endloop
  endfacet
  facet normal 0 0 1
    outer loop
      vertex 92.8 4.12368 35.99
      vertex 91.2634 3.19972 35.99
      vertex 91.3395 3.179 35.99
    endloop
  endfacet
  facet normal 0 0 1
    outer loop
      vertex 92.8 4.12368 35.99
      vertex 91.1783 3.22347 35.99
      vertex 91.2634 3.19972 35.99
    endloop
  endfacet
  facet normal 0 0 1
    outer loop
      vertex 92.8 4.12368 35.99
      vertex 91.0842 3.25027 35.99
      vertex 91.1783 3.22347 35.99
    endloop
  endfacet
  facet normal 0 0 1
    outer loop
      vertex 92.8 4.12368 35.99
      vertex 90.981 3.28014 35.99
      vertex 91.0842 3.25027 35.99
    endloop
  endfacet
  facet normal 0 0 1
    outer loop
      vertex 92.8 4.12368 35.99
      vertex 90.8689 3.31304 35.99
      vertex 90.981 3.28014 35.99
    endloop
  endfacet
  facet normal 0 0 1
    outer loop
      vertex 92.8 4.12368 35.99
      vertex 90.7478 3.349 35.99
      vertex 90.8689 3.31304 35.99
    endloop
  endfacet
  facet normal 0 0 1
    outer loop
      vertex 92.8 4.12368 35.99
      vertex 90.6177 3.38802 35.99
      vertex 90.7478 3.349 35.99
    endloop
  endfacet
  facet normal 0 0 1
    outer loop
      vertex 92.8 4.12368 35.99
      vertex 90.4464 3.44078 35.99
      vertex 90.6177 3.38802 35.99
    endloop
  endfacet
  facet normal 0 0 1
    outer loop
      vertex 92.8 4.12368 35.99
      vertex 90.2017 3.51794 35.99
      vertex 90.4464 3.44078 35.99
    endloop
  endfacet
  facet normal 0 0 1
    outer loop
      vertex 92.8 4.12368 35.99
      vertex 89.8837 3.61952 35.99
      vertex 90.2017 3.51794 35.99
    endloop
  endfacet
  facet normal 0 0 1
    outer loop
      vertex 92.8 4.12368 35.99
      vertex 89.4923 3.74551 35.99
      vertex 89.8837 3.61952 35.99
    endloop
  endfacet
  facet normal 0 0 1
    outer loop
      vertex 92.8 4.12368 35.99
      vertex 89.0276 3.89591 35.99
      vertex 89.4923 3.74551 35.99
    endloop
  endfacet
  facet normal 0 0 1
    outer loop
      vertex 86.4352 6.4718 35.99
      vertex 89.0276 3.89591 35.99
      vertex 92.8 4.12368 35.99
    endloop
  endfacet
  facet normal 0 0 1
    outer loop
      vertex 89.0276 3.89591 35.99
      vertex 86.4352 6.4718 35.99
      vertex 88.4895 4.07072 35.99
    endloop
  endfacet
  facet normal 0 0 1
    outer loop
      vertex 88.4895 4.07072 35.99
      vertex 86.4352 6.4718 35.99
      vertex 87.8781 4.26992 35.99
    endloop
  endfacet
  facet normal 0 0 1
    outer loop
      vertex 87.8781 4.26992 35.99
      vertex 86.4352 6.4718 35.99
      vertex 87.1933 4.49356 35.99
    endloop
  endfacet
  facet normal 0 0 1
    outer loop
      vertex 87.1933 4.49356 35.99
      vertex 86.4352 6.4718 35.99
      vertex 86.4352 4.74159 35.99
    endloop
  endfacet
  facet normal -0 0 1
    outer loop
      vertex 91.2142 3.07651 35.99
      vertex 92.8 2.14631 35.99
      vertex 91.4647 3.14676 35.99
    endloop
  endfacet
  facet normal -0 0 1
    outer loop
      vertex 90.9854 3.01221 35.99
      vertex 92.8 2.14631 35.99
      vertex 91.2142 3.07651 35.99
    endloop
  endfacet
  facet normal -0 0 1
    outer loop
      vertex 90.7784 2.95387 35.99
      vertex 92.8 2.14631 35.99
      vertex 90.9854 3.01221 35.99
    endloop
  endfacet
  facet normal -0 0 1
    outer loop
      vertex 90.5932 2.90149 35.99
      vertex 92.8 2.14631 35.99
      vertex 90.7784 2.95387 35.99
    endloop
  endfacet
  facet normal -0 0 1
    outer loop
      vertex 90.4298 2.85506 35.99
      vertex 92.8 2.14631 35.99
      vertex 90.5932 2.90149 35.99
    endloop
  endfacet
  facet normal -0 0 1
    outer loop
      vertex 90.2882 2.81458 35.99
      vertex 92.8 2.14631 35.99
      vertex 90.4298 2.85506 35.99
    endloop
  endfacet
  facet normal -0 0 1
    outer loop
      vertex 90.1684 2.78006 35.99
      vertex 92.8 2.14631 35.99
      vertex 90.2882 2.81458 35.99
    endloop
  endfacet
  facet normal -0 0 1
    outer loop
      vertex 90.0703 2.75149 35.99
      vertex 92.8 2.14631 35.99
      vertex 90.1684 2.78006 35.99
    endloop
  endfacet
  facet normal -0 0 1
    outer loop
      vertex 89.994 2.72889 35.99
      vertex 92.8 2.14631 35.99
      vertex 90.0703 2.75149 35.99
    endloop
  endfacet
  facet normal 0 0 1
    outer loop
      vertex 86.4352 -0.131164 35.99
      vertex 89.994 2.72889 35.99
      vertex 86.4352 1.61666 35.99
    endloop
  endfacet
  facet normal 0 0 1
    outer loop
      vertex 89.994 2.72889 35.99
      vertex 86.4352 -0.131164 35.99
      vertex 92.8 2.14631 35.99
    endloop
  endfacet
endsolid OpenSCAD_Model
