solid OpenSCAD_Model
  facet normal 1 -0 0
    outer loop
      vertex 10.3 -0.599999 9
      vertex 10.3 0.599999 0
      vertex 10.3 0.599999 9
    endloop
  endfacet
  facet normal 1 0 0
    outer loop
      vertex 10.3 0.599999 0
      vertex 10.3 -0.599999 9
      vertex 10.3 -0.599999 0
    endloop
  endfacet
  facet normal 0 -1 0
    outer loop
      vertex 10.3 0.599999 9
      vertex 10.7044 0.599999 8.66611
      vertex 10.3705 0.599999 9
    endloop
  endfacet
  facet normal 0 -1 0
    outer loop
      vertex 10.3 0.599999 9
      vertex 10.9705 0.599999 8.4
      vertex 10.7044 0.599999 8.66611
    endloop
  endfacet
  facet normal 0 -1 0
    outer loop
      vertex 10.3 0.599999 9
      vertex 10.9705 0.599999 0.599999
      vertex 10.9705 0.599999 8.4
    endloop
  endfacet
  facet normal 0 -1 0
    outer loop
      vertex 10.3 0.599999 0
      vertex 10.9705 0.599999 0.599999
      vertex 10.3 0.599999 9
    endloop
  endfacet
  facet normal 0 -1 0
    outer loop
      vertex 10.9705 0.599999 0.599999
      vertex 10.3 0.599999 0
      vertex 10.7044 0.599999 0.333893
    endloop
  endfacet
  facet normal 0 -1 0
    outer loop
      vertex 10.7044 0.599999 0.333893
      vertex 10.3 0.599999 0
      vertex 10.3705 0.599999 0
    endloop
  endfacet
  facet normal 0 1 0
    outer loop
      vertex 10.7044 -0.599999 8.66611
      vertex 10.3 -0.599999 9
      vertex 10.3705 -0.599999 9
    endloop
  endfacet
  facet normal 0 1 0
    outer loop
      vertex 10.9705 -0.599999 8.4
      vertex 10.3 -0.599999 9
      vertex 10.7044 -0.599999 8.66611
    endloop
  endfacet
  facet normal 0 1 -0
    outer loop
      vertex 10.9705 -0.599999 0.599999
      vertex 10.3 -0.599999 9
      vertex 10.9705 -0.599999 8.4
    endloop
  endfacet
  facet normal 0 1 0
    outer loop
      vertex 10.3 -0.599999 0
      vertex 10.9705 -0.599999 0.599999
      vertex 10.7044 -0.599999 0.333893
    endloop
  endfacet
  facet normal 0 1 0
    outer loop
      vertex 10.3 -0.599999 0
      vertex 10.7044 -0.599999 0.333893
      vertex 10.3705 -0.599999 0
    endloop
  endfacet
  facet normal 0 1 0
    outer loop
      vertex 10.9705 -0.599999 0.599999
      vertex 10.3 -0.599999 0
      vertex 10.3 -0.599999 9
    endloop
  endfacet
  facet normal 0.959497 0.281718 0
    outer loop
      vertex 10.0518 2.32615 9
      vertex 9.71374 3.47754 0
      vertex 9.71374 3.47754 9
    endloop
  endfacet
  facet normal 0.959497 0.281718 0
    outer loop
      vertex 9.71374 3.47754 0
      vertex 10.0518 2.32615 9
      vertex 10.0518 2.32615 0
    endloop
  endfacet
  facet normal 0.281757 -0.959486 1.85927e-05
    outer loop
      vertex 9.71374 3.47754 9
      vertex 10.0718 3.58268 8.69707
      vertex 9.78103 3.4973 9
    endloop
  endfacet
  facet normal 0.281817 -0.959468 9.52875e-05
    outer loop
      vertex 9.71374 3.47754 9
      vertex 10.357 3.66642 8.4
      vertex 10.0718 3.58268 8.69707
    endloop
  endfacet
  facet normal 0.281735 -0.959492 0
    outer loop
      vertex 9.71374 3.47754 9
      vertex 10.357 3.66642 0.599999
      vertex 10.357 3.66642 8.4
    endloop
  endfacet
  facet normal 0.281735 -0.959492 0
    outer loop
      vertex 9.71374 3.47754 0
      vertex 10.357 3.66642 0.599999
      vertex 9.71374 3.47754 9
    endloop
  endfacet
  facet normal 0.281817 -0.959468 -9.52739e-05
    outer loop
      vertex 10.357 3.66642 0.599999
      vertex 9.71374 3.47754 0
      vertex 10.0718 3.58268 0.302925
    endloop
  endfacet
  facet normal 0.281757 -0.959486 -1.8593e-05
    outer loop
      vertex 10.0718 3.58268 0.302925
      vertex 9.71374 3.47754 0
      vertex 9.78103 3.4973 0
    endloop
  endfacet
  facet normal -0.281465 0.959571 0.000376612
    outer loop
      vertex 10.3042 2.40026 8.80863
      vertex 10.0518 2.32615 9
      vertex 10.1207 2.34636 9
    endloop
  endfacet
  facet normal -0.281729 0.959494 -1.39797e-06
    outer loop
      vertex 10.6961 2.51533 8.4
      vertex 10.0518 2.32615 9
      vertex 10.3042 2.40026 8.80863
    endloop
  endfacet
  facet normal -0.281728 0.959494 0
    outer loop
      vertex 10.6961 2.51533 0.599999
      vertex 10.0518 2.32615 9
      vertex 10.6961 2.51533 8.4
    endloop
  endfacet
  facet normal -0.281729 0.959494 1.39792e-06
    outer loop
      vertex 10.0518 2.32615 0
      vertex 10.6961 2.51533 0.599999
      vertex 10.3042 2.40026 0.191368
    endloop
  endfacet
  facet normal -0.281465 0.959571 -0.000376616
    outer loop
      vertex 10.0518 2.32615 0
      vertex 10.3042 2.40026 0.191368
      vertex 10.1207 2.34636 0
    endloop
  endfacet
  facet normal -0.281728 0.959494 0
    outer loop
      vertex 10.6961 2.51533 0.599999
      vertex 10.0518 2.32615 0
      vertex 10.0518 2.32615 9
    endloop
  endfacet
  facet normal 0.841252 0.540643 0
    outer loop
      vertex 8.9893 5.06385 9
      vertex 8.34053 6.07335 0
      vertex 8.34053 6.07335 9
    endloop
  endfacet
  facet normal 0.841252 0.540643 0
    outer loop
      vertex 8.34053 6.07335 0
      vertex 8.9893 5.06385 9
      vertex 8.9893 5.06385 0
    endloop
  endfacet
  facet normal 0.540657 -0.841243 1.73614e-05
    outer loop
      vertex 8.34053 6.07335 9
      vertex 8.59237 6.2352 8.77144
      vertex 8.39989 6.1115 9
    endloop
  endfacet
  facet normal 0.540651 -0.841247 7.04594e-06
    outer loop
      vertex 8.34053 6.07335 9
      vertex 8.90516 6.43622 8.4
      vertex 8.59237 6.2352 8.77144
    endloop
  endfacet
  facet normal 0.540645 -0.841251 0
    outer loop
      vertex 8.34053 6.07335 9
      vertex 8.90516 6.43622 0.599999
      vertex 8.90516 6.43622 8.4
    endloop
  endfacet
  facet normal 0.540645 -0.841251 0
    outer loop
      vertex 8.34053 6.07335 0
      vertex 8.90516 6.43622 0.599999
      vertex 8.34053 6.07335 9
    endloop
  endfacet
  facet normal 0.540651 -0.841247 -7.04585e-06
    outer loop
      vertex 8.90516 6.43622 0.599999
      vertex 8.34053 6.07335 0
      vertex 8.59237 6.2352 0.228559
    endloop
  endfacet
  facet normal 0.540657 -0.841243 -1.73615e-05
    outer loop
      vertex 8.59237 6.2352 0.228559
      vertex 8.34053 6.07335 0
      vertex 8.39989 6.1115 0
    endloop
  endfacet
  facet normal -0.540579 0.841293 9.44501e-05
    outer loop
      vertex 9.42232 5.34214 8.55874
      vertex 8.9893 5.06385 9
      vertex 9.05138 5.10374 9
    endloop
  endfacet
  facet normal -0.540771 0.84117 -0.000171223
    outer loop
      vertex 9.55577 5.4279 8.4
      vertex 8.9893 5.06385 9
      vertex 9.42232 5.34214 8.55874
    endloop
  endfacet
  facet normal -0.540643 0.841252 0
    outer loop
      vertex 9.55577 5.4279 0.599999
      vertex 8.9893 5.06385 9
      vertex 9.55577 5.4279 8.4
    endloop
  endfacet
  facet normal -0.540628 0.841262 1.39316e-06
    outer loop
      vertex 9.42232 5.34214 0.44126
      vertex 8.9893 5.06385 9
      vertex 9.55577 5.4279 0.599999
    endloop
  endfacet
  facet normal -0.540579 0.841293 -9.44501e-05
    outer loop
      vertex 8.9893 5.06385 0
      vertex 9.42232 5.34214 0.44126
      vertex 9.05138 5.10374 0
    endloop
  endfacet
  facet normal -0.540648 0.841249 0
    outer loop
      vertex 9.42232 5.34214 0.44126
      vertex 8.9893 5.06385 0
      vertex 8.9893 5.06385 9
    endloop
  endfacet
  facet normal 0.654868 0.755743 -0
    outer loop
      vertex 7.19851 7.3913 0
      vertex 6.29162 8.17714 9
      vertex 7.19851 7.3913 9
    endloop
  endfacet
  facet normal 0.654868 0.755743 0
    outer loop
      vertex 6.29162 8.17714 9
      vertex 7.19851 7.3913 0
      vertex 6.29162 8.17714 0
    endloop
  endfacet
  facet normal 0.755843 -0.654753 0.000160918
    outer loop
      vertex 6.29162 8.17714 9
      vertex 6.73223 8.68563 8.4
      vertex 6.61218 8.54709 8.58301
    endloop
  endfacet
  facet normal 0.755749 -0.654862 0
    outer loop
      vertex 6.73223 8.68563 8.4
      vertex 6.29162 8.17714 9
      vertex 6.73223 8.68563 0.599999
    endloop
  endfacet
  facet normal 0.755776 -0.65483 4.16818e-05
    outer loop
      vertex 6.29162 8.17714 9
      vertex 6.61218 8.54709 8.58301
      vertex 6.33865 8.23142 9
    endloop
  endfacet
  facet normal 0.755749 -0.654862 0
    outer loop
      vertex 6.29162 8.17714 0
      vertex 6.73223 8.68563 0.599999
      vertex 6.29162 8.17714 9
    endloop
  endfacet
  facet normal 0.755843 -0.654753 -0.000160908
    outer loop
      vertex 6.73223 8.68563 0.599999
      vertex 6.29162 8.17714 0
      vertex 6.61218 8.54709 0.416988
    endloop
  endfacet
  facet normal 0.755776 -0.65483 -4.1682e-05
    outer loop
      vertex 6.61218 8.54709 0.416988
      vertex 6.29162 8.17714 0
      vertex 6.33865 8.23142 0
    endloop
  endfacet
  facet normal -0.7557 0.654918 -8.478e-05
    outer loop
      vertex 7.19851 7.3913 0
      vertex 7.64126 7.90226 0.599999
      vertex 7.30248 7.51128 0.0821644
    endloop
  endfacet
  facet normal -0.755749 0.654861 0
    outer loop
      vertex 7.64126 7.90226 0.599999
      vertex 7.19851 7.3913 0
      vertex 7.64126 7.90226 8.4
    endloop
  endfacet
  facet normal -0.755775 0.654831 0.000137411
    outer loop
      vertex 7.19851 7.3913 0
      vertex 7.30248 7.51128 0.0821644
      vertex 7.24872 7.44925 0
    endloop
  endfacet
  facet normal -0.755749 0.654861 0
    outer loop
      vertex 7.19851 7.3913 9
      vertex 7.64126 7.90226 8.4
      vertex 7.19851 7.3913 0
    endloop
  endfacet
  facet normal -0.7557 0.654918 8.47733e-05
    outer loop
      vertex 7.64126 7.90226 8.4
      vertex 7.19851 7.3913 9
      vertex 7.30248 7.51128 8.91784
    endloop
  endfacet
  facet normal -0.755775 0.654831 -0.000137419
    outer loop
      vertex 7.30248 7.51128 8.91784
      vertex 7.19851 7.3913 9
      vertex 7.24872 7.44925 9
    endloop
  endfacet
  facet normal 0.415419 0.90963 -0
    outer loop
      vertex 4.82455 9.11996 0
      vertex 3.733 9.61846 9
      vertex 4.82455 9.11996 9
    endloop
  endfacet
  facet normal 0.415419 0.90963 0
    outer loop
      vertex 3.733 9.61846 9
      vertex 4.82455 9.11996 0
      vertex 3.733 9.61846 0
    endloop
  endfacet
  facet normal 0.909682 -0.415305 0.000120994
    outer loop
      vertex 3.733 9.61846 9
      vertex 4.01355 10.2328 8.4
      vertex 3.81581 9.79981 8.87486
    endloop
  endfacet
  facet normal 0.909637 -0.415403 0
    outer loop
      vertex 4.01355 10.2328 8.4
      vertex 3.733 9.61846 9
      vertex 4.01355 10.2328 0.599999
    endloop
  endfacet
  facet normal 0.909642 -0.415392 -3.09135e-05
    outer loop
      vertex 3.733 9.61846 9
      vertex 3.81581 9.79981 8.87486
      vertex 3.76371 9.68571 9
    endloop
  endfacet
  facet normal 0.909637 -0.415403 0
    outer loop
      vertex 3.733 9.61846 0
      vertex 4.01355 10.2328 0.599999
      vertex 3.733 9.61846 9
    endloop
  endfacet
  facet normal 0.909682 -0.415305 -0.00012099
    outer loop
      vertex 4.01355 10.2328 0.599999
      vertex 3.733 9.61846 0
      vertex 3.81581 9.79981 0.125138
    endloop
  endfacet
  facet normal 0.909642 -0.415392 3.0914e-05
    outer loop
      vertex 3.81581 9.79981 0.125138
      vertex 3.733 9.61846 0
      vertex 3.76371 9.68571 0
    endloop
  endfacet
  facet normal -0.909655 0.415366 0
    outer loop
      vertex 5.08649 9.69352 0.550787
      vertex 5.10691 9.73824 8.4
      vertex 5.10691 9.73824 0.599999
    endloop
  endfacet
  facet normal -0.909655 0.415366 0
    outer loop
      vertex 5.08649 9.69352 0.550787
      vertex 5.08649 9.69352 8.44921
      vertex 5.10691 9.73824 8.4
    endloop
  endfacet
  facet normal -0.909624 0.415433 -1.66031e-05
    outer loop
      vertex 4.82455 9.11996 0
      vertex 5.08649 9.69352 0.550787
      vertex 4.85794 9.19307 0
    endloop
  endfacet
  facet normal -0.90963 0.41542 0
    outer loop
      vertex 5.08649 9.69352 0.550787
      vertex 4.82455 9.11996 0
      vertex 5.08649 9.69352 8.44921
    endloop
  endfacet
  facet normal -0.90963 0.41542 0
    outer loop
      vertex 4.82455 9.11996 9
      vertex 5.08649 9.69352 8.44921
      vertex 4.82455 9.11996 0
    endloop
  endfacet
  facet normal -0.909624 0.415433 1.6603e-05
    outer loop
      vertex 5.08649 9.69352 8.44921
      vertex 4.82455 9.11996 9
      vertex 4.85794 9.19307 9
    endloop
  endfacet
  facet normal 0.142251 0.989831 -0
    outer loop
      vertex 2.05974 10.1098 0
      vertex 0.871949 10.2805 9
      vertex 2.05974 10.1098 9
    endloop
  endfacet
  facet normal 0.142251 0.989831 0
    outer loop
      vertex 0.871949 10.2805 9
      vertex 2.05974 10.1098 0
      vertex 0.871949 10.2805 0
    endloop
  endfacet
  facet normal 0.989818 -0.142335 0
    outer loop
      vertex 0.959087 10.8866 8.46628
      vertex 0.968549 10.9524 0.599999
      vertex 0.968549 10.9524 8.4
    endloop
  endfacet
  facet normal 0.989818 -0.142335 0
    outer loop
      vertex 0.959087 10.8866 8.46628
      vertex 0.959087 10.8866 0.533721
      vertex 0.968549 10.9524 0.599999
    endloop
  endfacet
  facet normal 0.989828 -0.14227 4.09422e-05
    outer loop
      vertex 0.871949 10.2805 9
      vertex 0.959087 10.8866 8.46628
      vertex 0.882887 10.3566 9
    endloop
  endfacet
  facet normal 0.989823 -0.142305 0
    outer loop
      vertex 0.959087 10.8866 8.46628
      vertex 0.871949 10.2805 9
      vertex 0.959087 10.8866 0.533721
    endloop
  endfacet
  facet normal 0.989823 -0.142305 0
    outer loop
      vertex 0.871949 10.2805 0
      vertex 0.959087 10.8866 0.533721
      vertex 0.871949 10.2805 9
    endloop
  endfacet
  facet normal 0.989828 -0.14227 -4.09421e-05
    outer loop
      vertex 0.959087 10.8866 0.533721
      vertex 0.871949 10.2805 0
      vertex 0.882887 10.3566 0
    endloop
  endfacet
  facet normal -0.989836 0.142214 0.000118492
    outer loop
      vertex 2.05974 10.1098 0
      vertex 2.15695 10.7859 0.599999
      vertex 2.07457 10.213 0.0235173
    endloop
  endfacet
  facet normal -0.989821 0.142317 0
    outer loop
      vertex 2.15695 10.7859 0.599999
      vertex 2.05974 10.1098 0
      vertex 2.15695 10.7859 8.4
    endloop
  endfacet
  facet normal -0.989828 0.142272 -0.000142408
    outer loop
      vertex 2.05974 10.1098 0
      vertex 2.07457 10.213 0.0235173
      vertex 2.07121 10.1896 0
    endloop
  endfacet
  facet normal -0.989821 0.142317 0
    outer loop
      vertex 2.05974 10.1098 9
      vertex 2.15695 10.7859 8.4
      vertex 2.05974 10.1098 0
    endloop
  endfacet
  facet normal -0.989836 0.142214 -0.000118497
    outer loop
      vertex 2.15695 10.7859 8.4
      vertex 2.05974 10.1098 9
      vertex 2.07457 10.213 8.97648
    endloop
  endfacet
  facet normal -0.989828 0.142272 0.000142391
    outer loop
      vertex 2.07457 10.213 8.97648
      vertex 2.05974 10.1098 9
      vertex 2.07121 10.1896 9
    endloop
  endfacet
  facet normal -0.142251 0.989831 0
    outer loop
      vertex -0.871949 10.2805 0
      vertex -2.05974 10.1098 9
      vertex -0.871949 10.2805 9
    endloop
  endfacet
  facet normal -0.142251 0.989831 0
    outer loop
      vertex -2.05974 10.1098 9
      vertex -0.871949 10.2805 0
      vertex -2.05974 10.1098 0
    endloop
  endfacet
  facet normal 0.989836 0.142214 -0.000118497
    outer loop
      vertex -2.05974 10.1098 9
      vertex -2.15695 10.7859 8.4
      vertex -2.07457 10.213 8.97648
    endloop
  endfacet
  facet normal 0.989821 0.142317 0
    outer loop
      vertex -2.15695 10.7859 8.4
      vertex -2.05974 10.1098 9
      vertex -2.15695 10.7859 0.599999
    endloop
  endfacet
  facet normal 0.989828 0.142272 0.000142391
    outer loop
      vertex -2.05974 10.1098 9
      vertex -2.07457 10.213 8.97648
      vertex -2.07121 10.1896 9
    endloop
  endfacet
  facet normal 0.989821 0.142317 -0
    outer loop
      vertex -2.05974 10.1098 0
      vertex -2.15695 10.7859 0.599999
      vertex -2.05974 10.1098 9
    endloop
  endfacet
  facet normal 0.989836 0.142214 0.000118492
    outer loop
      vertex -2.15695 10.7859 0.599999
      vertex -2.05974 10.1098 0
      vertex -2.07457 10.213 0.0235173
    endloop
  endfacet
  facet normal 0.989828 0.142272 -0.000142408
    outer loop
      vertex -2.07457 10.213 0.0235173
      vertex -2.05974 10.1098 0
      vertex -2.07121 10.1896 0
    endloop
  endfacet
  facet normal -0.989818 -0.142335 0
    outer loop
      vertex -0.959087 10.8866 0.533721
      vertex -0.968549 10.9524 8.4
      vertex -0.968549 10.9524 0.599999
    endloop
  endfacet
  facet normal -0.989818 -0.142335 0
    outer loop
      vertex -0.959087 10.8866 0.533721
      vertex -0.959087 10.8866 8.46628
      vertex -0.968549 10.9524 8.4
    endloop
  endfacet
  facet normal -0.989828 -0.14227 -4.09421e-05
    outer loop
      vertex -0.871949 10.2805 0
      vertex -0.959087 10.8866 0.533721
      vertex -0.882887 10.3566 0
    endloop
  endfacet
  facet normal -0.989823 -0.142305 0
    outer loop
      vertex -0.959087 10.8866 0.533721
      vertex -0.871949 10.2805 0
      vertex -0.959087 10.8866 8.46628
    endloop
  endfacet
  facet normal -0.989823 -0.142305 -0
    outer loop
      vertex -0.871949 10.2805 9
      vertex -0.959087 10.8866 8.46628
      vertex -0.871949 10.2805 0
    endloop
  endfacet
  facet normal -0.989828 -0.14227 4.09422e-05
    outer loop
      vertex -0.959087 10.8866 8.46628
      vertex -0.871949 10.2805 9
      vertex -0.882887 10.3566 9
    endloop
  endfacet
  facet normal -0.415419 0.90963 0
    outer loop
      vertex -3.733 9.61846 0
      vertex -4.82455 9.11996 9
      vertex -3.733 9.61846 9
    endloop
  endfacet
  facet normal -0.415419 0.90963 0
    outer loop
      vertex -4.82455 9.11996 9
      vertex -3.733 9.61846 0
      vertex -4.82455 9.11996 0
    endloop
  endfacet
  facet normal 0.909655 0.415366 0
    outer loop
      vertex -5.08649 9.69352 8.44921
      vertex -5.10691 9.73824 0.599999
      vertex -5.10691 9.73824 8.4
    endloop
  endfacet
  facet normal 0.909655 0.415366 0
    outer loop
      vertex -5.08649 9.69352 8.44921
      vertex -5.08649 9.69352 0.550787
      vertex -5.10691 9.73824 0.599999
    endloop
  endfacet
  facet normal 0.909624 0.415433 1.6603e-05
    outer loop
      vertex -4.82455 9.11996 9
      vertex -5.08649 9.69352 8.44921
      vertex -4.85794 9.19307 9
    endloop
  endfacet
  facet normal 0.90963 0.41542 0
    outer loop
      vertex -5.08649 9.69352 8.44921
      vertex -4.82455 9.11996 9
      vertex -5.08649 9.69352 0.550787
    endloop
  endfacet
  facet normal 0.90963 0.41542 -0
    outer loop
      vertex -4.82455 9.11996 0
      vertex -5.08649 9.69352 0.550787
      vertex -4.82455 9.11996 9
    endloop
  endfacet
  facet normal 0.909624 0.415433 -1.66031e-05
    outer loop
      vertex -5.08649 9.69352 0.550787
      vertex -4.82455 9.11996 0
      vertex -4.85794 9.19307 0
    endloop
  endfacet
  facet normal -0.909682 -0.415305 -0.00012099
    outer loop
      vertex -3.733 9.61846 0
      vertex -4.01355 10.2328 0.599999
      vertex -3.81581 9.79981 0.125138
    endloop
  endfacet
  facet normal -0.909637 -0.415403 0
    outer loop
      vertex -4.01355 10.2328 0.599999
      vertex -3.733 9.61846 0
      vertex -4.01355 10.2328 8.4
    endloop
  endfacet
  facet normal -0.909642 -0.415392 3.0914e-05
    outer loop
      vertex -3.733 9.61846 0
      vertex -3.81581 9.79981 0.125138
      vertex -3.76371 9.68571 0
    endloop
  endfacet
  facet normal -0.909637 -0.415403 -0
    outer loop
      vertex -3.733 9.61846 9
      vertex -4.01355 10.2328 8.4
      vertex -3.733 9.61846 0
    endloop
  endfacet
  facet normal -0.909682 -0.415305 0.000120994
    outer loop
      vertex -4.01355 10.2328 8.4
      vertex -3.733 9.61846 9
      vertex -3.81581 9.79981 8.87486
    endloop
  endfacet
  facet normal -0.909642 -0.415392 -3.09135e-05
    outer loop
      vertex -3.81581 9.79981 8.87486
      vertex -3.733 9.61846 9
      vertex -3.76371 9.68571 9
    endloop
  endfacet
  facet normal -0.654868 0.755743 0
    outer loop
      vertex -6.29162 8.17714 0
      vertex -7.19851 7.3913 9
      vertex -6.29162 8.17714 9
    endloop
  endfacet
  facet normal -0.654868 0.755743 0
    outer loop
      vertex -7.19851 7.3913 9
      vertex -6.29162 8.17714 0
      vertex -7.19851 7.3913 0
    endloop
  endfacet
  facet normal 0.7557 0.654918 8.47733e-05
    outer loop
      vertex -7.19851 7.3913 9
      vertex -7.64126 7.90226 8.4
      vertex -7.30248 7.51128 8.91784
    endloop
  endfacet
  facet normal 0.755749 0.654861 0
    outer loop
      vertex -7.64126 7.90226 8.4
      vertex -7.19851 7.3913 9
      vertex -7.64126 7.90226 0.599999
    endloop
  endfacet
  facet normal 0.755775 0.654831 -0.000137419
    outer loop
      vertex -7.19851 7.3913 9
      vertex -7.30248 7.51128 8.91784
      vertex -7.24872 7.44925 9
    endloop
  endfacet
  facet normal 0.755749 0.654861 -0
    outer loop
      vertex -7.19851 7.3913 0
      vertex -7.64126 7.90226 0.599999
      vertex -7.19851 7.3913 9
    endloop
  endfacet
  facet normal 0.7557 0.654918 -8.478e-05
    outer loop
      vertex -7.64126 7.90226 0.599999
      vertex -7.19851 7.3913 0
      vertex -7.30248 7.51128 0.0821644
    endloop
  endfacet
  facet normal 0.755775 0.654831 0.000137411
    outer loop
      vertex -7.30248 7.51128 0.0821644
      vertex -7.19851 7.3913 0
      vertex -7.24872 7.44925 0
    endloop
  endfacet
  facet normal -0.755843 -0.654753 -0.000160908
    outer loop
      vertex -6.29162 8.17714 0
      vertex -6.73223 8.68563 0.599999
      vertex -6.61218 8.54709 0.416988
    endloop
  endfacet
  facet normal -0.755749 -0.654862 0
    outer loop
      vertex -6.73223 8.68563 0.599999
      vertex -6.29162 8.17714 0
      vertex -6.73223 8.68563 8.4
    endloop
  endfacet
  facet normal -0.755776 -0.65483 -4.1682e-05
    outer loop
      vertex -6.29162 8.17714 0
      vertex -6.61218 8.54709 0.416988
      vertex -6.33865 8.23142 0
    endloop
  endfacet
  facet normal -0.755749 -0.654862 -0
    outer loop
      vertex -6.29162 8.17714 9
      vertex -6.73223 8.68563 8.4
      vertex -6.29162 8.17714 0
    endloop
  endfacet
  facet normal -0.755843 -0.654753 0.000160918
    outer loop
      vertex -6.73223 8.68563 8.4
      vertex -6.29162 8.17714 9
      vertex -6.61218 8.54709 8.58301
    endloop
  endfacet
  facet normal -0.755776 -0.65483 4.16818e-05
    outer loop
      vertex -6.61218 8.54709 8.58301
      vertex -6.29162 8.17714 9
      vertex -6.33865 8.23142 9
    endloop
  endfacet
  facet normal -0.841252 0.540643 0
    outer loop
      vertex -8.9893 5.06385 0
      vertex -8.34053 6.07335 9
      vertex -8.34053 6.07335 0
    endloop
  endfacet
  facet normal -0.841252 0.540643 0
    outer loop
      vertex -8.34053 6.07335 9
      vertex -8.9893 5.06385 0
      vertex -8.9893 5.06385 9
    endloop
  endfacet
  facet normal 0.540579 0.841293 9.44501e-05
    outer loop
      vertex -8.9893 5.06385 9
      vertex -9.42232 5.34214 8.55874
      vertex -9.05138 5.10374 9
    endloop
  endfacet
  facet normal 0.540771 0.84117 -0.000171223
    outer loop
      vertex -8.9893 5.06385 9
      vertex -9.55577 5.4279 8.4
      vertex -9.42232 5.34214 8.55874
    endloop
  endfacet
  facet normal 0.540643 0.841252 0
    outer loop
      vertex -8.9893 5.06385 9
      vertex -9.55577 5.4279 0.599999
      vertex -9.55577 5.4279 8.4
    endloop
  endfacet
  facet normal 0.540628 0.841262 1.39316e-06
    outer loop
      vertex -8.9893 5.06385 9
      vertex -9.42232 5.34214 0.44126
      vertex -9.55577 5.4279 0.599999
    endloop
  endfacet
  facet normal 0.540648 0.841249 -0
    outer loop
      vertex -8.9893 5.06385 0
      vertex -9.42232 5.34214 0.44126
      vertex -8.9893 5.06385 9
    endloop
  endfacet
  facet normal 0.540579 0.841293 -9.44501e-05
    outer loop
      vertex -9.42232 5.34214 0.44126
      vertex -8.9893 5.06385 0
      vertex -9.05138 5.10374 0
    endloop
  endfacet
  facet normal -0.540657 -0.841243 1.73614e-05
    outer loop
      vertex -8.59237 6.2352 8.77144
      vertex -8.34053 6.07335 9
      vertex -8.39989 6.1115 9
    endloop
  endfacet
  facet normal -0.540651 -0.841247 7.04594e-06
    outer loop
      vertex -8.90516 6.43622 8.4
      vertex -8.34053 6.07335 9
      vertex -8.59237 6.2352 8.77144
    endloop
  endfacet
  facet normal -0.540645 -0.841251 0
    outer loop
      vertex -8.90516 6.43622 0.599999
      vertex -8.34053 6.07335 9
      vertex -8.90516 6.43622 8.4
    endloop
  endfacet
  facet normal -0.540651 -0.841247 -7.04585e-06
    outer loop
      vertex -8.34053 6.07335 0
      vertex -8.90516 6.43622 0.599999
      vertex -8.59237 6.2352 0.228559
    endloop
  endfacet
  facet normal -0.540657 -0.841243 -1.73615e-05
    outer loop
      vertex -8.34053 6.07335 0
      vertex -8.59237 6.2352 0.228559
      vertex -8.39989 6.1115 0
    endloop
  endfacet
  facet normal -0.540645 -0.841251 0
    outer loop
      vertex -8.90516 6.43622 0.599999
      vertex -8.34053 6.07335 0
      vertex -8.34053 6.07335 9
    endloop
  endfacet
  facet normal -0.959497 0.281718 0
    outer loop
      vertex -10.0518 2.32615 0
      vertex -9.71374 3.47754 9
      vertex -9.71374 3.47754 0
    endloop
  endfacet
  facet normal -0.959497 0.281718 0
    outer loop
      vertex -9.71374 3.47754 9
      vertex -10.0518 2.32615 0
      vertex -10.0518 2.32615 9
    endloop
  endfacet
  facet normal 0.281465 0.959571 0.000376612
    outer loop
      vertex -10.0518 2.32615 9
      vertex -10.3042 2.40026 8.80863
      vertex -10.1207 2.34636 9
    endloop
  endfacet
  facet normal 0.281729 0.959494 -1.39797e-06
    outer loop
      vertex -10.0518 2.32615 9
      vertex -10.6961 2.51533 8.4
      vertex -10.3042 2.40026 8.80863
    endloop
  endfacet
  facet normal 0.281728 0.959494 0
    outer loop
      vertex -10.0518 2.32615 9
      vertex -10.6961 2.51533 0.599999
      vertex -10.6961 2.51533 8.4
    endloop
  endfacet
  facet normal 0.281728 0.959494 -0
    outer loop
      vertex -10.0518 2.32615 0
      vertex -10.6961 2.51533 0.599999
      vertex -10.0518 2.32615 9
    endloop
  endfacet
  facet normal 0.281729 0.959494 1.39792e-06
    outer loop
      vertex -10.6961 2.51533 0.599999
      vertex -10.0518 2.32615 0
      vertex -10.3042 2.40026 0.191368
    endloop
  endfacet
  facet normal 0.281465 0.959571 -0.000376616
    outer loop
      vertex -10.3042 2.40026 0.191368
      vertex -10.0518 2.32615 0
      vertex -10.1207 2.34636 0
    endloop
  endfacet
  facet normal -0.281757 -0.959486 1.85927e-05
    outer loop
      vertex -10.0718 3.58268 8.69707
      vertex -9.71374 3.47754 9
      vertex -9.78103 3.4973 9
    endloop
  endfacet
  facet normal -0.281817 -0.959468 9.52875e-05
    outer loop
      vertex -10.357 3.66642 8.4
      vertex -9.71374 3.47754 9
      vertex -10.0718 3.58268 8.69707
    endloop
  endfacet
  facet normal -0.281735 -0.959492 0
    outer loop
      vertex -10.357 3.66642 0.599999
      vertex -9.71374 3.47754 9
      vertex -10.357 3.66642 8.4
    endloop
  endfacet
  facet normal -0.281817 -0.959468 -9.52739e-05
    outer loop
      vertex -9.71374 3.47754 0
      vertex -10.357 3.66642 0.599999
      vertex -10.0718 3.58268 0.302925
    endloop
  endfacet
  facet normal -0.281757 -0.959486 -1.8593e-05
    outer loop
      vertex -9.71374 3.47754 0
      vertex -10.0718 3.58268 0.302925
      vertex -9.78103 3.4973 0
    endloop
  endfacet
  facet normal -0.281735 -0.959492 0
    outer loop
      vertex -10.357 3.66642 0.599999
      vertex -9.71374 3.47754 0
      vertex -9.71374 3.47754 9
    endloop
  endfacet
  facet normal -1 0 0
    outer loop
      vertex -10.3 -0.599999 0
      vertex -10.3 0.599999 9
      vertex -10.3 0.599999 0
    endloop
  endfacet
  facet normal -1 -0 0
    outer loop
      vertex -10.3 0.599999 9
      vertex -10.3 -0.599999 0
      vertex -10.3 -0.599999 9
    endloop
  endfacet
  facet normal 0 1 0
    outer loop
      vertex -10.3 -0.599999 9
      vertex -10.7044 -0.599999 8.66611
      vertex -10.3705 -0.599999 9
    endloop
  endfacet
  facet normal 0 1 0
    outer loop
      vertex -10.3 -0.599999 9
      vertex -10.9705 -0.599999 8.4
      vertex -10.7044 -0.599999 8.66611
    endloop
  endfacet
  facet normal 0 1 0
    outer loop
      vertex -10.3 -0.599999 9
      vertex -10.9705 -0.599999 0.599999
      vertex -10.9705 -0.599999 8.4
    endloop
  endfacet
  facet normal 0 1 -0
    outer loop
      vertex -10.3 -0.599999 0
      vertex -10.9705 -0.599999 0.599999
      vertex -10.3 -0.599999 9
    endloop
  endfacet
  facet normal 0 1 0
    outer loop
      vertex -10.9705 -0.599999 0.599999
      vertex -10.3 -0.599999 0
      vertex -10.7044 -0.599999 0.333893
    endloop
  endfacet
  facet normal 0 1 0
    outer loop
      vertex -10.7044 -0.599999 0.333893
      vertex -10.3 -0.599999 0
      vertex -10.3705 -0.599999 0
    endloop
  endfacet
  facet normal 0 -1 0
    outer loop
      vertex -10.7044 0.599999 8.66611
      vertex -10.3 0.599999 9
      vertex -10.3705 0.599999 9
    endloop
  endfacet
  facet normal 0 -1 0
    outer loop
      vertex -10.9705 0.599999 8.4
      vertex -10.3 0.599999 9
      vertex -10.7044 0.599999 8.66611
    endloop
  endfacet
  facet normal 0 -1 0
    outer loop
      vertex -10.9705 0.599999 0.599999
      vertex -10.3 0.599999 9
      vertex -10.9705 0.599999 8.4
    endloop
  endfacet
  facet normal 0 -1 0
    outer loop
      vertex -10.3 0.599999 0
      vertex -10.9705 0.599999 0.599999
      vertex -10.7044 0.599999 0.333893
    endloop
  endfacet
  facet normal 0 -1 0
    outer loop
      vertex -10.3 0.599999 0
      vertex -10.7044 0.599999 0.333893
      vertex -10.3705 0.599999 0
    endloop
  endfacet
  facet normal 0 -1 0
    outer loop
      vertex -10.9705 0.599999 0.599999
      vertex -10.3 0.599999 0
      vertex -10.3 0.599999 9
    endloop
  endfacet
  facet normal -0.959497 -0.281718 0
    outer loop
      vertex -9.71374 -3.47754 0
      vertex -10.0518 -2.32615 9
      vertex -10.0518 -2.32615 0
    endloop
  endfacet
  facet normal -0.959497 -0.281718 0
    outer loop
      vertex -10.0518 -2.32615 9
      vertex -9.71374 -3.47754 0
      vertex -9.71374 -3.47754 9
    endloop
  endfacet
  facet normal -0.281757 0.959486 1.85927e-05
    outer loop
      vertex -9.71374 -3.47754 9
      vertex -10.0718 -3.58268 8.69707
      vertex -9.78103 -3.4973 9
    endloop
  endfacet
  facet normal -0.281817 0.959468 9.52875e-05
    outer loop
      vertex -9.71374 -3.47754 9
      vertex -10.357 -3.66642 8.4
      vertex -10.0718 -3.58268 8.69707
    endloop
  endfacet
  facet normal -0.281735 0.959492 0
    outer loop
      vertex -9.71374 -3.47754 9
      vertex -10.357 -3.66642 0.599999
      vertex -10.357 -3.66642 8.4
    endloop
  endfacet
  facet normal -0.281735 0.959492 0
    outer loop
      vertex -9.71374 -3.47754 0
      vertex -10.357 -3.66642 0.599999
      vertex -9.71374 -3.47754 9
    endloop
  endfacet
  facet normal -0.281817 0.959468 -9.52739e-05
    outer loop
      vertex -10.357 -3.66642 0.599999
      vertex -9.71374 -3.47754 0
      vertex -10.0718 -3.58268 0.302925
    endloop
  endfacet
  facet normal -0.281757 0.959486 -1.8593e-05
    outer loop
      vertex -10.0718 -3.58268 0.302925
      vertex -9.71374 -3.47754 0
      vertex -9.78103 -3.4973 0
    endloop
  endfacet
  facet normal 0.281465 -0.959571 0.000376612
    outer loop
      vertex -10.3042 -2.40026 8.80863
      vertex -10.0518 -2.32615 9
      vertex -10.1207 -2.34636 9
    endloop
  endfacet
  facet normal 0.281729 -0.959494 -1.39797e-06
    outer loop
      vertex -10.6961 -2.51533 8.4
      vertex -10.0518 -2.32615 9
      vertex -10.3042 -2.40026 8.80863
    endloop
  endfacet
  facet normal 0.281728 -0.959494 0
    outer loop
      vertex -10.6961 -2.51533 0.599999
      vertex -10.0518 -2.32615 9
      vertex -10.6961 -2.51533 8.4
    endloop
  endfacet
  facet normal 0.281729 -0.959494 1.39792e-06
    outer loop
      vertex -10.0518 -2.32615 0
      vertex -10.6961 -2.51533 0.599999
      vertex -10.3042 -2.40026 0.191368
    endloop
  endfacet
  facet normal 0.281465 -0.959571 -0.000376616
    outer loop
      vertex -10.0518 -2.32615 0
      vertex -10.3042 -2.40026 0.191368
      vertex -10.1207 -2.34636 0
    endloop
  endfacet
  facet normal 0.281728 -0.959494 0
    outer loop
      vertex -10.6961 -2.51533 0.599999
      vertex -10.0518 -2.32615 0
      vertex -10.0518 -2.32615 9
    endloop
  endfacet
  facet normal -0.841252 -0.540643 0
    outer loop
      vertex -8.34053 -6.07335 0
      vertex -8.9893 -5.06385 9
      vertex -8.9893 -5.06385 0
    endloop
  endfacet
  facet normal -0.841252 -0.540643 0
    outer loop
      vertex -8.9893 -5.06385 9
      vertex -8.34053 -6.07335 0
      vertex -8.34053 -6.07335 9
    endloop
  endfacet
  facet normal -0.540657 0.841243 1.73614e-05
    outer loop
      vertex -8.34053 -6.07335 9
      vertex -8.59237 -6.2352 8.77144
      vertex -8.39989 -6.1115 9
    endloop
  endfacet
  facet normal -0.540651 0.841247 7.04594e-06
    outer loop
      vertex -8.34053 -6.07335 9
      vertex -8.90516 -6.43622 8.4
      vertex -8.59237 -6.2352 8.77144
    endloop
  endfacet
  facet normal -0.540645 0.841251 0
    outer loop
      vertex -8.34053 -6.07335 9
      vertex -8.90516 -6.43622 0.599999
      vertex -8.90516 -6.43622 8.4
    endloop
  endfacet
  facet normal -0.540645 0.841251 0
    outer loop
      vertex -8.34053 -6.07335 0
      vertex -8.90516 -6.43622 0.599999
      vertex -8.34053 -6.07335 9
    endloop
  endfacet
  facet normal -0.540651 0.841247 -7.04585e-06
    outer loop
      vertex -8.90516 -6.43622 0.599999
      vertex -8.34053 -6.07335 0
      vertex -8.59237 -6.2352 0.228559
    endloop
  endfacet
  facet normal -0.540657 0.841243 -1.73615e-05
    outer loop
      vertex -8.59237 -6.2352 0.228559
      vertex -8.34053 -6.07335 0
      vertex -8.39989 -6.1115 0
    endloop
  endfacet
  facet normal 0.540579 -0.841293 9.44501e-05
    outer loop
      vertex -9.42232 -5.34214 8.55874
      vertex -8.9893 -5.06385 9
      vertex -9.05138 -5.10374 9
    endloop
  endfacet
  facet normal 0.540771 -0.84117 -0.000171223
    outer loop
      vertex -9.55577 -5.4279 8.4
      vertex -8.9893 -5.06385 9
      vertex -9.42232 -5.34214 8.55874
    endloop
  endfacet
  facet normal 0.540643 -0.841252 0
    outer loop
      vertex -9.55577 -5.4279 0.599999
      vertex -8.9893 -5.06385 9
      vertex -9.55577 -5.4279 8.4
    endloop
  endfacet
  facet normal 0.540628 -0.841262 1.39316e-06
    outer loop
      vertex -9.42232 -5.34214 0.44126
      vertex -8.9893 -5.06385 9
      vertex -9.55577 -5.4279 0.599999
    endloop
  endfacet
  facet normal 0.540579 -0.841293 -9.44501e-05
    outer loop
      vertex -8.9893 -5.06385 0
      vertex -9.42232 -5.34214 0.44126
      vertex -9.05138 -5.10374 0
    endloop
  endfacet
  facet normal 0.540648 -0.841249 0
    outer loop
      vertex -9.42232 -5.34214 0.44126
      vertex -8.9893 -5.06385 0
      vertex -8.9893 -5.06385 9
    endloop
  endfacet
  facet normal -0.654868 -0.755743 0
    outer loop
      vertex -7.19851 -7.3913 0
      vertex -6.29162 -8.17714 9
      vertex -7.19851 -7.3913 9
    endloop
  endfacet
  facet normal -0.654868 -0.755743 -0
    outer loop
      vertex -6.29162 -8.17714 9
      vertex -7.19851 -7.3913 0
      vertex -6.29162 -8.17714 0
    endloop
  endfacet
  facet normal -0.755776 0.65483 -4.1682e-05
    outer loop
      vertex -6.61218 -8.54709 0.416988
      vertex -6.29162 -8.17714 0
      vertex -6.33865 -8.23142 0
    endloop
  endfacet
  facet normal -0.755843 0.654753 -0.000160908
    outer loop
      vertex -6.73223 -8.68563 0.599999
      vertex -6.29162 -8.17714 0
      vertex -6.61218 -8.54709 0.416988
    endloop
  endfacet
  facet normal -0.755749 0.654862 0
    outer loop
      vertex -6.29162 -8.17714 0
      vertex -6.73223 -8.68563 0.599999
      vertex -6.29162 -8.17714 9
    endloop
  endfacet
  facet normal -0.755776 0.65483 4.16818e-05
    outer loop
      vertex -6.29162 -8.17714 9
      vertex -6.61218 -8.54709 8.58301
      vertex -6.33865 -8.23142 9
    endloop
  endfacet
  facet normal -0.755749 0.654862 0
    outer loop
      vertex -6.73223 -8.68563 8.4
      vertex -6.29162 -8.17714 9
      vertex -6.73223 -8.68563 0.599999
    endloop
  endfacet
  facet normal -0.755843 0.654753 0.000160918
    outer loop
      vertex -6.29162 -8.17714 9
      vertex -6.73223 -8.68563 8.4
      vertex -6.61218 -8.54709 8.58301
    endloop
  endfacet
  facet normal 0.755775 -0.654831 -0.000137419
    outer loop
      vertex -7.30248 -7.51128 8.91784
      vertex -7.19851 -7.3913 9
      vertex -7.24872 -7.44925 9
    endloop
  endfacet
  facet normal 0.7557 -0.654918 8.47733e-05
    outer loop
      vertex -7.64126 -7.90226 8.4
      vertex -7.19851 -7.3913 9
      vertex -7.30248 -7.51128 8.91784
    endloop
  endfacet
  facet normal 0.755749 -0.654861 0
    outer loop
      vertex -7.19851 -7.3913 9
      vertex -7.64126 -7.90226 8.4
      vertex -7.19851 -7.3913 0
    endloop
  endfacet
  facet normal 0.755775 -0.654831 0.000137411
    outer loop
      vertex -7.19851 -7.3913 0
      vertex -7.30248 -7.51128 0.0821644
      vertex -7.24872 -7.44925 0
    endloop
  endfacet
  facet normal 0.755749 -0.654861 0
    outer loop
      vertex -7.64126 -7.90226 0.599999
      vertex -7.19851 -7.3913 0
      vertex -7.64126 -7.90226 8.4
    endloop
  endfacet
  facet normal 0.7557 -0.654918 -8.478e-05
    outer loop
      vertex -7.19851 -7.3913 0
      vertex -7.64126 -7.90226 0.599999
      vertex -7.30248 -7.51128 0.0821644
    endloop
  endfacet
  facet normal -0.415419 -0.90963 0
    outer loop
      vertex -4.82455 -9.11996 0
      vertex -3.733 -9.61846 9
      vertex -4.82455 -9.11996 9
    endloop
  endfacet
  facet normal -0.415419 -0.90963 -0
    outer loop
      vertex -3.733 -9.61846 9
      vertex -4.82455 -9.11996 0
      vertex -3.733 -9.61846 0
    endloop
  endfacet
  facet normal -0.909642 0.415392 3.0914e-05
    outer loop
      vertex -3.81581 -9.79981 0.125138
      vertex -3.733 -9.61846 0
      vertex -3.76371 -9.68571 0
    endloop
  endfacet
  facet normal -0.909682 0.415305 -0.00012099
    outer loop
      vertex -4.01355 -10.2328 0.599999
      vertex -3.733 -9.61846 0
      vertex -3.81581 -9.79981 0.125138
    endloop
  endfacet
  facet normal -0.909637 0.415403 0
    outer loop
      vertex -3.733 -9.61846 0
      vertex -4.01355 -10.2328 0.599999
      vertex -3.733 -9.61846 9
    endloop
  endfacet
  facet normal -0.909642 0.415392 -3.09135e-05
    outer loop
      vertex -3.733 -9.61846 9
      vertex -3.81581 -9.79981 8.87486
      vertex -3.76371 -9.68571 9
    endloop
  endfacet
  facet normal -0.909637 0.415403 0
    outer loop
      vertex -4.01355 -10.2328 8.4
      vertex -3.733 -9.61846 9
      vertex -4.01355 -10.2328 0.599999
    endloop
  endfacet
  facet normal -0.909682 0.415305 0.000120994
    outer loop
      vertex -3.733 -9.61846 9
      vertex -4.01355 -10.2328 8.4
      vertex -3.81581 -9.79981 8.87486
    endloop
  endfacet
  facet normal 0.909624 -0.415433 1.6603e-05
    outer loop
      vertex -5.08649 -9.69352 8.44921
      vertex -4.82455 -9.11996 9
      vertex -4.85794 -9.19307 9
    endloop
  endfacet
  facet normal 0.90963 -0.41542 0
    outer loop
      vertex -4.82455 -9.11996 9
      vertex -5.08649 -9.69352 8.44921
      vertex -4.82455 -9.11996 0
    endloop
  endfacet
  facet normal 0.90963 -0.41542 0
    outer loop
      vertex -5.08649 -9.69352 0.550787
      vertex -4.82455 -9.11996 0
      vertex -5.08649 -9.69352 8.44921
    endloop
  endfacet
  facet normal 0.909624 -0.415433 -1.66031e-05
    outer loop
      vertex -4.82455 -9.11996 0
      vertex -5.08649 -9.69352 0.550787
      vertex -4.85794 -9.19307 0
    endloop
  endfacet
  facet normal 0.909655 -0.415366 0
    outer loop
      vertex -5.10691 -9.73824 8.4
      vertex -5.08649 -9.69352 0.550787
      vertex -5.08649 -9.69352 8.44921
    endloop
  endfacet
  facet normal 0.909655 -0.415366 0
    outer loop
      vertex -5.08649 -9.69352 0.550787
      vertex -5.10691 -9.73824 8.4
      vertex -5.10691 -9.73824 0.599999
    endloop
  endfacet
  facet normal -0.142251 -0.989831 0
    outer loop
      vertex -2.05974 -10.1098 0
      vertex -0.871949 -10.2805 9
      vertex -2.05974 -10.1098 9
    endloop
  endfacet
  facet normal -0.142251 -0.989831 -0
    outer loop
      vertex -0.871949 -10.2805 9
      vertex -2.05974 -10.1098 0
      vertex -0.871949 -10.2805 0
    endloop
  endfacet
  facet normal -0.989828 0.14227 -4.09421e-05
    outer loop
      vertex -0.959087 -10.8866 0.533721
      vertex -0.871949 -10.2805 0
      vertex -0.882887 -10.3566 0
    endloop
  endfacet
  facet normal -0.989823 0.142305 0
    outer loop
      vertex -0.871949 -10.2805 0
      vertex -0.959087 -10.8866 0.533721
      vertex -0.871949 -10.2805 9
    endloop
  endfacet
  facet normal -0.989823 0.142305 0
    outer loop
      vertex -0.959087 -10.8866 8.46628
      vertex -0.871949 -10.2805 9
      vertex -0.959087 -10.8866 0.533721
    endloop
  endfacet
  facet normal -0.989828 0.14227 4.09422e-05
    outer loop
      vertex -0.871949 -10.2805 9
      vertex -0.959087 -10.8866 8.46628
      vertex -0.882887 -10.3566 9
    endloop
  endfacet
  facet normal -0.989818 0.142335 0
    outer loop
      vertex -0.968549 -10.9524 0.599999
      vertex -0.959087 -10.8866 8.46628
      vertex -0.959087 -10.8866 0.533721
    endloop
  endfacet
  facet normal -0.989818 0.142335 0
    outer loop
      vertex -0.959087 -10.8866 8.46628
      vertex -0.968549 -10.9524 0.599999
      vertex -0.968549 -10.9524 8.4
    endloop
  endfacet
  facet normal 0.989828 -0.142272 0.000142391
    outer loop
      vertex -2.07457 -10.213 8.97648
      vertex -2.05974 -10.1098 9
      vertex -2.07121 -10.1896 9
    endloop
  endfacet
  facet normal 0.989836 -0.142214 -0.000118497
    outer loop
      vertex -2.15695 -10.7859 8.4
      vertex -2.05974 -10.1098 9
      vertex -2.07457 -10.213 8.97648
    endloop
  endfacet
  facet normal 0.989821 -0.142317 0
    outer loop
      vertex -2.05974 -10.1098 9
      vertex -2.15695 -10.7859 8.4
      vertex -2.05974 -10.1098 0
    endloop
  endfacet
  facet normal 0.989828 -0.142272 -0.000142408
    outer loop
      vertex -2.05974 -10.1098 0
      vertex -2.07457 -10.213 0.0235173
      vertex -2.07121 -10.1896 0
    endloop
  endfacet
  facet normal 0.989821 -0.142317 0
    outer loop
      vertex -2.15695 -10.7859 0.599999
      vertex -2.05974 -10.1098 0
      vertex -2.15695 -10.7859 8.4
    endloop
  endfacet
  facet normal 0.989836 -0.142214 0.000118492
    outer loop
      vertex -2.05974 -10.1098 0
      vertex -2.15695 -10.7859 0.599999
      vertex -2.07457 -10.213 0.0235173
    endloop
  endfacet
  facet normal 0.142251 -0.989831 0
    outer loop
      vertex 0.871949 -10.2805 0
      vertex 2.05974 -10.1098 9
      vertex 0.871949 -10.2805 9
    endloop
  endfacet
  facet normal 0.142251 -0.989831 0
    outer loop
      vertex 2.05974 -10.1098 9
      vertex 0.871949 -10.2805 0
      vertex 2.05974 -10.1098 0
    endloop
  endfacet
  facet normal -0.989828 -0.142272 -0.000142408
    outer loop
      vertex 2.07457 -10.213 0.0235173
      vertex 2.05974 -10.1098 0
      vertex 2.07121 -10.1896 0
    endloop
  endfacet
  facet normal -0.989836 -0.142214 0.000118492
    outer loop
      vertex 2.15695 -10.7859 0.599999
      vertex 2.05974 -10.1098 0
      vertex 2.07457 -10.213 0.0235173
    endloop
  endfacet
  facet normal -0.989821 -0.142317 0
    outer loop
      vertex 2.05974 -10.1098 0
      vertex 2.15695 -10.7859 0.599999
      vertex 2.05974 -10.1098 9
    endloop
  endfacet
  facet normal -0.989828 -0.142272 0.000142391
    outer loop
      vertex 2.05974 -10.1098 9
      vertex 2.07457 -10.213 8.97648
      vertex 2.07121 -10.1896 9
    endloop
  endfacet
  facet normal -0.989821 -0.142317 -0
    outer loop
      vertex 2.15695 -10.7859 8.4
      vertex 2.05974 -10.1098 9
      vertex 2.15695 -10.7859 0.599999
    endloop
  endfacet
  facet normal -0.989836 -0.142214 -0.000118497
    outer loop
      vertex 2.05974 -10.1098 9
      vertex 2.15695 -10.7859 8.4
      vertex 2.07457 -10.213 8.97648
    endloop
  endfacet
  facet normal 0.989828 0.14227 4.09422e-05
    outer loop
      vertex 0.959087 -10.8866 8.46628
      vertex 0.871949 -10.2805 9
      vertex 0.882887 -10.3566 9
    endloop
  endfacet
  facet normal 0.989823 0.142305 0
    outer loop
      vertex 0.871949 -10.2805 9
      vertex 0.959087 -10.8866 8.46628
      vertex 0.871949 -10.2805 0
    endloop
  endfacet
  facet normal 0.989823 0.142305 -0
    outer loop
      vertex 0.959087 -10.8866 0.533721
      vertex 0.871949 -10.2805 0
      vertex 0.959087 -10.8866 8.46628
    endloop
  endfacet
  facet normal 0.989828 0.14227 -4.09421e-05
    outer loop
      vertex 0.871949 -10.2805 0
      vertex 0.959087 -10.8866 0.533721
      vertex 0.882887 -10.3566 0
    endloop
  endfacet
  facet normal 0.989818 0.142335 0
    outer loop
      vertex 0.968549 -10.9524 8.4
      vertex 0.959087 -10.8866 0.533721
      vertex 0.959087 -10.8866 8.46628
    endloop
  endfacet
  facet normal 0.989818 0.142335 0
    outer loop
      vertex 0.959087 -10.8866 0.533721
      vertex 0.968549 -10.9524 8.4
      vertex 0.968549 -10.9524 0.599999
    endloop
  endfacet
  facet normal 0.415419 -0.90963 0
    outer loop
      vertex 3.733 -9.61846 0
      vertex 4.82455 -9.11996 9
      vertex 3.733 -9.61846 9
    endloop
  endfacet
  facet normal 0.415419 -0.90963 0
    outer loop
      vertex 4.82455 -9.11996 9
      vertex 3.733 -9.61846 0
      vertex 4.82455 -9.11996 0
    endloop
  endfacet
  facet normal -0.909624 -0.415433 -1.66031e-05
    outer loop
      vertex 5.08649 -9.69352 0.550787
      vertex 4.82455 -9.11996 0
      vertex 4.85794 -9.19307 0
    endloop
  endfacet
  facet normal -0.90963 -0.41542 0
    outer loop
      vertex 4.82455 -9.11996 0
      vertex 5.08649 -9.69352 0.550787
      vertex 4.82455 -9.11996 9
    endloop
  endfacet
  facet normal -0.90963 -0.41542 -0
    outer loop
      vertex 5.08649 -9.69352 8.44921
      vertex 4.82455 -9.11996 9
      vertex 5.08649 -9.69352 0.550787
    endloop
  endfacet
  facet normal -0.909624 -0.415433 1.6603e-05
    outer loop
      vertex 4.82455 -9.11996 9
      vertex 5.08649 -9.69352 8.44921
      vertex 4.85794 -9.19307 9
    endloop
  endfacet
  facet normal -0.909655 -0.415366 0
    outer loop
      vertex 5.10691 -9.73824 0.599999
      vertex 5.08649 -9.69352 8.44921
      vertex 5.08649 -9.69352 0.550787
    endloop
  endfacet
  facet normal -0.909655 -0.415366 0
    outer loop
      vertex 5.08649 -9.69352 8.44921
      vertex 5.10691 -9.73824 0.599999
      vertex 5.10691 -9.73824 8.4
    endloop
  endfacet
  facet normal 0.909642 0.415392 -3.09135e-05
    outer loop
      vertex 3.81581 -9.79981 8.87486
      vertex 3.733 -9.61846 9
      vertex 3.76371 -9.68571 9
    endloop
  endfacet
  facet normal 0.909682 0.415305 0.000120994
    outer loop
      vertex 4.01355 -10.2328 8.4
      vertex 3.733 -9.61846 9
      vertex 3.81581 -9.79981 8.87486
    endloop
  endfacet
  facet normal 0.909637 0.415403 0
    outer loop
      vertex 3.733 -9.61846 9
      vertex 4.01355 -10.2328 8.4
      vertex 3.733 -9.61846 0
    endloop
  endfacet
  facet normal 0.909642 0.415392 3.0914e-05
    outer loop
      vertex 3.733 -9.61846 0
      vertex 3.81581 -9.79981 0.125138
      vertex 3.76371 -9.68571 0
    endloop
  endfacet
  facet normal 0.909637 0.415403 -0
    outer loop
      vertex 4.01355 -10.2328 0.599999
      vertex 3.733 -9.61846 0
      vertex 4.01355 -10.2328 8.4
    endloop
  endfacet
  facet normal 0.909682 0.415305 -0.00012099
    outer loop
      vertex 3.733 -9.61846 0
      vertex 4.01355 -10.2328 0.599999
      vertex 3.81581 -9.79981 0.125138
    endloop
  endfacet
  facet normal 0.654868 -0.755743 0
    outer loop
      vertex 6.29162 -8.17714 0
      vertex 7.19851 -7.3913 9
      vertex 6.29162 -8.17714 9
    endloop
  endfacet
  facet normal 0.654868 -0.755743 0
    outer loop
      vertex 7.19851 -7.3913 9
      vertex 6.29162 -8.17714 0
      vertex 7.19851 -7.3913 0
    endloop
  endfacet
  facet normal -0.755775 -0.654831 0.000137411
    outer loop
      vertex 7.30248 -7.51128 0.0821644
      vertex 7.19851 -7.3913 0
      vertex 7.24872 -7.44925 0
    endloop
  endfacet
  facet normal -0.7557 -0.654918 -8.478e-05
    outer loop
      vertex 7.64126 -7.90226 0.599999
      vertex 7.19851 -7.3913 0
      vertex 7.30248 -7.51128 0.0821644
    endloop
  endfacet
  facet normal -0.755749 -0.654861 0
    outer loop
      vertex 7.19851 -7.3913 0
      vertex 7.64126 -7.90226 0.599999
      vertex 7.19851 -7.3913 9
    endloop
  endfacet
  facet normal -0.755775 -0.654831 -0.000137419
    outer loop
      vertex 7.19851 -7.3913 9
      vertex 7.30248 -7.51128 8.91784
      vertex 7.24872 -7.44925 9
    endloop
  endfacet
  facet normal -0.755749 -0.654861 -0
    outer loop
      vertex 7.64126 -7.90226 8.4
      vertex 7.19851 -7.3913 9
      vertex 7.64126 -7.90226 0.599999
    endloop
  endfacet
  facet normal -0.7557 -0.654918 8.47733e-05
    outer loop
      vertex 7.19851 -7.3913 9
      vertex 7.64126 -7.90226 8.4
      vertex 7.30248 -7.51128 8.91784
    endloop
  endfacet
  facet normal 0.755776 0.65483 4.16818e-05
    outer loop
      vertex 6.61218 -8.54709 8.58301
      vertex 6.29162 -8.17714 9
      vertex 6.33865 -8.23142 9
    endloop
  endfacet
  facet normal 0.755843 0.654753 0.000160918
    outer loop
      vertex 6.73223 -8.68563 8.4
      vertex 6.29162 -8.17714 9
      vertex 6.61218 -8.54709 8.58301
    endloop
  endfacet
  facet normal 0.755749 0.654862 0
    outer loop
      vertex 6.29162 -8.17714 9
      vertex 6.73223 -8.68563 8.4
      vertex 6.29162 -8.17714 0
    endloop
  endfacet
  facet normal 0.755776 0.65483 -4.1682e-05
    outer loop
      vertex 6.29162 -8.17714 0
      vertex 6.61218 -8.54709 0.416988
      vertex 6.33865 -8.23142 0
    endloop
  endfacet
  facet normal 0.755749 0.654862 -0
    outer loop
      vertex 6.73223 -8.68563 0.599999
      vertex 6.29162 -8.17714 0
      vertex 6.73223 -8.68563 8.4
    endloop
  endfacet
  facet normal 0.755843 0.654753 -0.000160908
    outer loop
      vertex 6.29162 -8.17714 0
      vertex 6.73223 -8.68563 0.599999
      vertex 6.61218 -8.54709 0.416988
    endloop
  endfacet
  facet normal 0.841252 -0.540643 0
    outer loop
      vertex 8.34053 -6.07335 9
      vertex 8.9893 -5.06385 0
      vertex 8.9893 -5.06385 9
    endloop
  endfacet
  facet normal 0.841252 -0.540643 0
    outer loop
      vertex 8.9893 -5.06385 0
      vertex 8.34053 -6.07335 9
      vertex 8.34053 -6.07335 0
    endloop
  endfacet
  facet normal -0.540579 -0.841293 9.44501e-05
    outer loop
      vertex 8.9893 -5.06385 9
      vertex 9.42232 -5.34214 8.55874
      vertex 9.05138 -5.10374 9
    endloop
  endfacet
  facet normal -0.540771 -0.84117 -0.000171223
    outer loop
      vertex 8.9893 -5.06385 9
      vertex 9.55577 -5.4279 8.4
      vertex 9.42232 -5.34214 8.55874
    endloop
  endfacet
  facet normal -0.540643 -0.841252 0
    outer loop
      vertex 8.9893 -5.06385 9
      vertex 9.55577 -5.4279 0.599999
      vertex 9.55577 -5.4279 8.4
    endloop
  endfacet
  facet normal -0.540628 -0.841262 1.39316e-06
    outer loop
      vertex 8.9893 -5.06385 9
      vertex 9.42232 -5.34214 0.44126
      vertex 9.55577 -5.4279 0.599999
    endloop
  endfacet
  facet normal -0.540648 -0.841249 0
    outer loop
      vertex 8.9893 -5.06385 0
      vertex 9.42232 -5.34214 0.44126
      vertex 8.9893 -5.06385 9
    endloop
  endfacet
  facet normal -0.540579 -0.841293 -9.44501e-05
    outer loop
      vertex 9.42232 -5.34214 0.44126
      vertex 8.9893 -5.06385 0
      vertex 9.05138 -5.10374 0
    endloop
  endfacet
  facet normal 0.540657 0.841243 1.73614e-05
    outer loop
      vertex 8.59237 -6.2352 8.77144
      vertex 8.34053 -6.07335 9
      vertex 8.39989 -6.1115 9
    endloop
  endfacet
  facet normal 0.540651 0.841247 7.04594e-06
    outer loop
      vertex 8.90516 -6.43622 8.4
      vertex 8.34053 -6.07335 9
      vertex 8.59237 -6.2352 8.77144
    endloop
  endfacet
  facet normal 0.540645 0.841251 -0
    outer loop
      vertex 8.90516 -6.43622 0.599999
      vertex 8.34053 -6.07335 9
      vertex 8.90516 -6.43622 8.4
    endloop
  endfacet
  facet normal 0.540651 0.841247 -7.04585e-06
    outer loop
      vertex 8.34053 -6.07335 0
      vertex 8.90516 -6.43622 0.599999
      vertex 8.59237 -6.2352 0.228559
    endloop
  endfacet
  facet normal 0.540657 0.841243 -1.73615e-05
    outer loop
      vertex 8.34053 -6.07335 0
      vertex 8.59237 -6.2352 0.228559
      vertex 8.39989 -6.1115 0
    endloop
  endfacet
  facet normal 0.540645 0.841251 0
    outer loop
      vertex 8.90516 -6.43622 0.599999
      vertex 8.34053 -6.07335 0
      vertex 8.34053 -6.07335 9
    endloop
  endfacet
  facet normal 0.959497 -0.281718 0
    outer loop
      vertex 9.71374 -3.47754 9
      vertex 10.0518 -2.32615 0
      vertex 10.0518 -2.32615 9
    endloop
  endfacet
  facet normal 0.959497 -0.281718 0
    outer loop
      vertex 10.0518 -2.32615 0
      vertex 9.71374 -3.47754 9
      vertex 9.71374 -3.47754 0
    endloop
  endfacet
  facet normal -0.281465 -0.959571 0.000376612
    outer loop
      vertex 10.0518 -2.32615 9
      vertex 10.3042 -2.40026 8.80863
      vertex 10.1207 -2.34636 9
    endloop
  endfacet
  facet normal -0.281729 -0.959494 -1.39797e-06
    outer loop
      vertex 10.0518 -2.32615 9
      vertex 10.6961 -2.51533 8.4
      vertex 10.3042 -2.40026 8.80863
    endloop
  endfacet
  facet normal -0.281728 -0.959494 0
    outer loop
      vertex 10.0518 -2.32615 9
      vertex 10.6961 -2.51533 0.599999
      vertex 10.6961 -2.51533 8.4
    endloop
  endfacet
  facet normal -0.281728 -0.959494 0
    outer loop
      vertex 10.0518 -2.32615 0
      vertex 10.6961 -2.51533 0.599999
      vertex 10.0518 -2.32615 9
    endloop
  endfacet
  facet normal -0.281729 -0.959494 1.39792e-06
    outer loop
      vertex 10.6961 -2.51533 0.599999
      vertex 10.0518 -2.32615 0
      vertex 10.3042 -2.40026 0.191368
    endloop
  endfacet
  facet normal -0.281465 -0.959571 -0.000376616
    outer loop
      vertex 10.3042 -2.40026 0.191368
      vertex 10.0518 -2.32615 0
      vertex 10.1207 -2.34636 0
    endloop
  endfacet
  facet normal 0.281757 0.959486 1.85927e-05
    outer loop
      vertex 10.0718 -3.58268 8.69707
      vertex 9.71374 -3.47754 9
      vertex 9.78103 -3.4973 9
    endloop
  endfacet
  facet normal 0.281817 0.959468 9.52875e-05
    outer loop
      vertex 10.357 -3.66642 8.4
      vertex 9.71374 -3.47754 9
      vertex 10.0718 -3.58268 8.69707
    endloop
  endfacet
  facet normal 0.281735 0.959492 -0
    outer loop
      vertex 10.357 -3.66642 0.599999
      vertex 9.71374 -3.47754 9
      vertex 10.357 -3.66642 8.4
    endloop
  endfacet
  facet normal 0.281817 0.959468 -9.52739e-05
    outer loop
      vertex 9.71374 -3.47754 0
      vertex 10.357 -3.66642 0.599999
      vertex 10.0718 -3.58268 0.302925
    endloop
  endfacet
  facet normal 0.281757 0.959486 -1.8593e-05
    outer loop
      vertex 9.71374 -3.47754 0
      vertex 10.0718 -3.58268 0.302925
      vertex 9.78103 -3.4973 0
    endloop
  endfacet
  facet normal 0.281735 0.959492 0
    outer loop
      vertex 10.357 -3.66642 0.599999
      vertex 9.71374 -3.47754 0
      vertex 9.71374 -3.47754 9
    endloop
  endfacet
  facet normal -0.568306 0.421478 0.706671
    outer loop
      vertex -8.50311 6.97833 8.4
      vertex -8.90516 6.43622 8.4
      vertex -8.59237 6.2352 8.77144
    endloop
  endfacet
  facet normal -0.421475 -0.568299 0.706679
    outer loop
      vertex -6.61218 -8.54709 8.58301
      vertex -6.11127 -9.14616 8.4
      vertex -5.77793 -8.64728 9
    endloop
  endfacet
  facet normal -0.421473 -0.568297 0.706681
    outer loop
      vertex -6.11127 -9.14616 8.4
      vertex -6.61218 -8.54709 8.58301
      vertex -6.73223 -8.68563 8.4
    endloop
  endfacet
  facet normal 0.671565 0.740946 -0
    outer loop
      vertex 7.77817 7.77817 0.599999
      vertex 7.64126 7.90226 8.4
      vertex 7.77817 7.77817 8.4
    endloop
  endfacet
  facet normal 0.671565 0.740946 0
    outer loop
      vertex 7.64126 7.90226 8.4
      vertex 7.77817 7.77817 0.599999
      vertex 7.64126 7.90226 0.599999
    endloop
  endfacet
  facet normal -0.706688 -0.0347292 -0.706672
    outer loop
      vertex -10.947 -1.07819 0.599999
      vertex -10.9705 -0.599999 0.599999
      vertex -10.7044 -0.599999 0.333893
    endloop
  endfacet
  facet normal 0.568294 -0.421481 -0.70668
    outer loop
      vertex 8.03931 -6.59769 0
      vertex 8.59237 -6.2352 0.228559
      vertex 8.50311 -6.97833 0.599999
    endloop
  endfacet
  facet normal 0.56829 -0.421469 -0.706689
    outer loop
      vertex 8.59237 -6.2352 0.228559
      vertex 8.03931 -6.59769 0
      vertex 8.39989 -6.1115 0
    endloop
  endfacet
  facet normal -0.6662 -0.238369 -0.706653
    outer loop
      vertex -9.60835 -3.97991 0
      vertex -10.0718 -3.58268 0.302925
      vertex -9.78103 -3.4973 0
    endloop
  endfacet
  facet normal -0.243025 -0.97002 0
    outer loop
      vertex -3.19313 -10.5263 0.599999
      vertex -2.15695 -10.7859 8.4
      vertex -3.19313 -10.5263 8.4
    endloop
  endfacet
  facet normal -0.243025 -0.97002 -0
    outer loop
      vertex -2.15695 -10.7859 8.4
      vertex -3.19313 -10.5263 0.599999
      vertex -2.15695 -10.7859 0.599999
    endloop
  endfacet
  facet normal 0.639584 0.302522 0.706692
    outer loop
      vertex 9.70113 5.18536 8.4
      vertex 9.60835 3.97991 9
      vertex 10.1627 4.20952 8.4
    endloop
  endfacet
  facet normal 0.0347374 0.706664 -0.706696
    outer loop
      vertex 0.882887 10.3566 0
      vertex 0 10.4 0
      vertex 0.959087 10.8866 0.533721
    endloop
  endfacet
  facet normal 0.70667 -0.0347116 0.706691
    outer loop
      vertex 10.3499 -1.01938 9
      vertex 10.7044 -0.599999 8.66611
      vertex 10.3705 -0.599999 9
    endloop
  endfacet
  facet normal 0.706685 -0.0347378 0.706675
    outer loop
      vertex 10.7044 -0.599999 8.66611
      vertex 10.3499 -1.01938 9
      vertex 10.947 -1.07819 8.4
    endloop
  endfacet
  facet normal -0.524247 0.475155 0.706677
    outer loop
      vertex -7.77817 7.77817 8.4
      vertex -8.50311 6.97833 8.4
      vertex -7.35391 7.35391 9
    endloop
  endfacet
  facet normal 0.606877 0.363716 0.70669
    outer loop
      vertex 9.55577 5.4279 8.4
      vertex 9.42232 5.34214 8.55874
      vertex 9.70113 5.18536 8.4
    endloop
  endfacet
  facet normal -0.699885 0.103781 -0.706676
    outer loop
      vertex -10.3499 1.01938 0
      vertex -10.947 1.07819 0.599999
      vertex -10.2002 2.02894 0
    endloop
  endfacet
  facet normal 0.568306 0.421478 -0.706671
    outer loop
      vertex 8.59237 6.2352 0.228559
      vertex 8.50311 6.97833 0.599999
      vertex 8.90516 6.43622 0.599999
    endloop
  endfacet
  facet normal -0.6662 0.238369 -0.706653
    outer loop
      vertex -9.78103 3.4973 0
      vertex -10.0718 3.58268 0.302925
      vertex -9.60835 3.97991 0
    endloop
  endfacet
  facet normal 0.0347374 0.706663 0.706697
    outer loop
      vertex 0.959087 10.8866 8.46628
      vertex 0 10.4 9
      vertex 0.882887 10.3566 9
    endloop
  endfacet
  facet normal 0.639584 -0.302522 0.706692
    outer loop
      vertex 10.1627 -4.20952 8.4
      vertex 9.60835 -3.97991 9
      vertex 9.70113 -5.18536 8.4
    endloop
  endfacet
  facet normal -0.639604 0.302513 0.706677
    outer loop
      vertex -9.17198 4.90253 9
      vertex -9.70113 5.18536 8.4
      vertex -9.60835 3.97991 9
    endloop
  endfacet
  facet normal 0.606877 -0.363716 0.70669
    outer loop
      vertex 9.70113 -5.18536 8.4
      vertex 9.42232 -5.34214 8.55874
      vertex 9.55577 -5.4279 8.4
    endloop
  endfacet
  facet normal -0.639584 0.302522 0.706692
    outer loop
      vertex -9.70113 5.18536 8.4
      vertex -10.1627 4.20952 8.4
      vertex -9.60835 3.97991 9
    endloop
  endfacet
  facet normal 0.666151 -0.238323 0.706714
    outer loop
      vertex 10.0718 -3.58268 8.69707
      vertex 10.1627 -4.20952 8.4
      vertex 10.357 -3.66642 8.4
    endloop
  endfacet
  facet normal 0.66618 -0.238308 0.706692
    outer loop
      vertex 10.1627 -4.20952 8.4
      vertex 10.0718 -3.58268 8.69707
      vertex 9.60835 -3.97991 9
    endloop
  endfacet
  facet normal -0.524247 0.475152 0.706679
    outer loop
      vertex -7.35391 7.35391 9
      vertex -8.50311 6.97833 8.4
      vertex -8.03931 6.59769 9
    endloop
  endfacet
  facet normal -0.568295 0.421481 0.706679
    outer loop
      vertex -8.59237 6.2352 8.77144
      vertex -8.03931 6.59769 9
      vertex -8.50311 6.97833 8.4
    endloop
  endfacet
  facet normal -0.568291 0.42147 0.706688
    outer loop
      vertex -8.03931 6.59769 9
      vertex -8.59237 6.2352 8.77144
      vertex -8.39989 6.1115 9
    endloop
  endfacet
  facet normal -0.606872 0.363743 0.70668
    outer loop
      vertex -9.42232 5.34214 8.55874
      vertex -9.17198 4.90253 9
      vertex -9.05138 5.10374 9
    endloop
  endfacet
  facet normal -0.606881 0.363736 0.706677
    outer loop
      vertex -9.17198 4.90253 9
      vertex -9.42232 5.34214 8.55874
      vertex -9.70113 5.18536 8.4
    endloop
  endfacet
  facet normal -0.606877 0.363716 0.70669
    outer loop
      vertex -9.55577 5.4279 8.4
      vertex -9.70113 5.18536 8.4
      vertex -9.42232 5.34214 8.55874
    endloop
  endfacet
  facet normal -0.302516 -0.639602 -0.706678
    outer loop
      vertex -5.08649 -9.69352 0.550787
      vertex -4.90253 -9.17198 0
      vertex -4.85794 -9.19307 0
    endloop
  endfacet
  facet normal -0.302515 -0.639602 -0.706678
    outer loop
      vertex -4.90253 -9.17198 0
      vertex -5.08649 -9.69352 0.550787
      vertex -5.18536 -9.70113 0.599999
    endloop
  endfacet
  facet normal 0.524247 -0.475152 0.706679
    outer loop
      vertex 8.03931 -6.59769 9
      vertex 7.35391 -7.35391 9
      vertex 8.50311 -6.97833 8.4
    endloop
  endfacet
  facet normal -0.56829 0.421469 -0.706689
    outer loop
      vertex -8.59237 6.2352 0.228559
      vertex -8.03931 6.59769 0
      vertex -8.39989 6.1115 0
    endloop
  endfacet
  facet normal -0.568294 0.421481 -0.70668
    outer loop
      vertex -8.03931 6.59769 0
      vertex -8.59237 6.2352 0.228559
      vertex -8.50311 6.97833 0.599999
    endloop
  endfacet
  facet normal -0.363749 0.606873 0.706677
    outer loop
      vertex -5.18536 9.70113 8.4
      vertex -5.77793 8.64728 9
      vertex -4.90253 9.17198 9
    endloop
  endfacet
  facet normal 0.686406 0.171915 -0.706606
    outer loop
      vertex 10.2002 2.02894 0
      vertex 10.1207 2.34636 0
      vertex 10.3042 2.40026 0.191368
    endloop
  endfacet
  facet normal 0.699915 -0.103827 0.706639
    outer loop
      vertex 10.947 -1.07819 8.4
      vertex 10.2002 -2.02894 9
      vertex 10.7886 -2.14599 8.4
    endloop
  endfacet
  facet normal 0.97004 -0.242943 0
    outer loop
      vertex 10.6961 -2.51533 8.4
      vertex 10.7886 -2.14599 0.599999
      vertex 10.7886 -2.14599 8.4
    endloop
  endfacet
  facet normal 0.97004 -0.242943 0
    outer loop
      vertex 10.7886 -2.14599 0.599999
      vertex 10.6961 -2.51533 8.4
      vertex 10.6961 -2.51533 0.599999
    endloop
  endfacet
  facet normal -0.302517 0.639604 0.706676
    outer loop
      vertex -5.08649 9.69352 8.44921
      vertex -4.90253 9.17198 9
      vertex -4.85794 9.19307 9
    endloop
  endfacet
  facet normal -0.302499 0.639611 0.706677
    outer loop
      vertex -4.90253 9.17198 9
      vertex -5.08649 9.69352 8.44921
      vertex -5.18536 9.70113 8.4
    endloop
  endfacet
  facet normal -0.336838 0.941563 0
    outer loop
      vertex -3.19313 10.5263 0.599999
      vertex -4.01355 10.2328 8.4
      vertex -3.19313 10.5263 8.4
    endloop
  endfacet
  facet normal -0.336838 0.941563 0
    outer loop
      vertex -4.01355 10.2328 8.4
      vertex -3.19313 10.5263 0.599999
      vertex -4.01355 10.2328 0.599999
    endloop
  endfacet
  facet normal -0.941557 -0.336853 0
    outer loop
      vertex -10.1627 -4.20952 0.599999
      vertex -10.357 -3.66642 8.4
      vertex -10.357 -3.66642 0.599999
    endloop
  endfacet
  facet normal -0.941557 -0.336853 0
    outer loop
      vertex -10.357 -3.66642 8.4
      vertex -10.1627 -4.20952 0.599999
      vertex -10.1627 -4.20952 8.4
    endloop
  endfacet
  facet normal -0.989176 -0.146737 0
    outer loop
      vertex -10.7886 -2.14599 0.599999
      vertex -10.947 -1.07819 8.4
      vertex -10.947 -1.07819 0.599999
    endloop
  endfacet
  facet normal -0.989176 -0.146737 0
    outer loop
      vertex -10.947 -1.07819 8.4
      vertex -10.7886 -2.14599 0.599999
      vertex -10.7886 -2.14599 8.4
    endloop
  endfacet
  facet normal -0.475157 0.524248 -0.706675
    outer loop
      vertex -7.24872 7.44925 0
      vertex -7.35391 7.35391 0
      vertex -7.30248 7.51128 0.0821644
    endloop
  endfacet
  facet normal 0.998795 -0.0490843 0
    outer loop
      vertex 10.947 -1.07819 8.4
      vertex 10.9705 -0.599999 0.599999
      vertex 10.9705 -0.599999 8.4
    endloop
  endfacet
  facet normal 0.998795 -0.0490843 0
    outer loop
      vertex 10.9705 -0.599999 0.599999
      vertex 10.947 -1.07819 8.4
      vertex 10.947 -1.07819 0.599999
    endloop
  endfacet
  facet normal -0.671565 0.740946 0
    outer loop
      vertex -7.64126 7.90226 0.599999
      vertex -7.77817 7.77817 8.4
      vertex -7.64126 7.90226 8.4
    endloop
  endfacet
  facet normal -0.671565 0.740946 0
    outer loop
      vertex -7.77817 7.77817 8.4
      vertex -7.64126 7.90226 0.599999
      vertex -7.77817 7.77817 0.599999
    endloop
  endfacet
  facet normal -0.857749 0.514069 0
    outer loop
      vertex -9.70113 5.18536 0.599999
      vertex -9.55577 5.4279 8.4
      vertex -9.55577 5.4279 0.599999
    endloop
  endfacet
  facet normal -0.857749 0.514069 0
    outer loop
      vertex -9.55577 5.4279 8.4
      vertex -9.70113 5.18536 0.599999
      vertex -9.70113 5.18536 8.4
    endloop
  endfacet
  facet normal -0.606875 0.363715 -0.706692
    outer loop
      vertex -9.42232 5.34214 0.44126
      vertex -9.70113 5.18536 0.599999
      vertex -9.55577 5.4279 0.599999
    endloop
  endfacet
  facet normal 0.740948 -0.671563 0
    outer loop
      vertex 7.77817 -7.77817 8.4
      vertex 8.50311 -6.97833 0.599999
      vertex 8.50311 -6.97833 8.4
    endloop
  endfacet
  facet normal 0.740948 -0.671563 0
    outer loop
      vertex 8.50311 -6.97833 0.599999
      vertex 7.77817 -7.77817 8.4
      vertex 7.77817 -7.77817 0.599999
    endloop
  endfacet
  facet normal -0.97004 -0.242943 0
    outer loop
      vertex -10.6961 -2.51533 0.599999
      vertex -10.7886 -2.14599 8.4
      vertex -10.7886 -2.14599 0.599999
    endloop
  endfacet
  facet normal -0.97004 -0.242943 0
    outer loop
      vertex -10.7886 -2.14599 8.4
      vertex -10.6961 -2.51533 0.599999
      vertex -10.6961 -2.51533 8.4
    endloop
  endfacet
  facet normal 0.421474 0.568299 -0.706679
    outer loop
      vertex 6.61218 8.54709 0.416988
      vertex 6.11127 9.14616 0.599999
      vertex 6.73223 8.68563 0.599999
    endloop
  endfacet
  facet normal 0.421474 0.568299 -0.70668
    outer loop
      vertex 6.11127 9.14616 0.599999
      vertex 6.61218 8.54709 0.416988
      vertex 5.77793 8.64728 0
    endloop
  endfacet
  facet normal -0.524247 -0.475154 -0.706678
    outer loop
      vertex -7.77817 -7.77817 0.599999
      vertex -8.50311 -6.97833 0.599999
      vertex -7.35391 -7.35391 0
    endloop
  endfacet
  facet normal 0.941557 -0.336853 0
    outer loop
      vertex 10.1627 -4.20952 8.4
      vertex 10.357 -3.66642 0.599999
      vertex 10.357 -3.66642 8.4
    endloop
  endfacet
  facet normal 0.941557 -0.336853 0
    outer loop
      vertex 10.357 -3.66642 0.599999
      vertex 10.1627 -4.20952 8.4
      vertex 10.1627 -4.20952 0.599999
    endloop
  endfacet
  facet normal 0.0347206 0.70668 -0.706681
    outer loop
      vertex 0 11 0.599999
      vertex 0.959087 10.8866 0.533721
      vertex 0 10.4 0
    endloop
  endfacet
  facet normal 0.0347337 0.706749 -0.706611
    outer loop
      vertex 0.959087 10.8866 0.533721
      vertex 0 11 0.599999
      vertex 0.968549 10.9524 0.599999
    endloop
  endfacet
  facet normal -0.706673 0.0347118 -0.706688
    outer loop
      vertex -10.7044 0.599999 0.333893
      vertex -10.3499 1.01938 0
      vertex -10.3705 0.599999 0
    endloop
  endfacet
  facet normal -0.706685 0.0347322 -0.706675
    outer loop
      vertex -10.3499 1.01938 0
      vertex -10.7044 0.599999 0.333893
      vertex -10.947 1.07819 0.599999
    endloop
  endfacet
  facet normal -0.524247 -0.475151 -0.70668
    outer loop
      vertex -7.35391 -7.35391 0
      vertex -8.50311 -6.97833 0.599999
      vertex -8.03931 -6.59769 0
    endloop
  endfacet
  facet normal -0.363749 0.606872 -0.706677
    outer loop
      vertex -4.90253 9.17198 0
      vertex -5.77793 8.64728 0
      vertex -5.18536 9.70113 0.599999
    endloop
  endfacet
  facet normal -0.421476 0.568292 -0.706684
    outer loop
      vertex -6.33865 8.23142 0
      vertex -6.61218 8.54709 0.416988
      vertex -5.77793 8.64728 0
    endloop
  endfacet
  facet normal -0.666178 0.238313 -0.706692
    outer loop
      vertex -10.0718 3.58268 0.302925
      vertex -10.1627 4.20952 0.599999
      vertex -9.60835 3.97991 0
    endloop
  endfacet
  facet normal -0.666156 0.238325 -0.706709
    outer loop
      vertex -10.1627 4.20952 0.599999
      vertex -10.0718 3.58268 0.302925
      vertex -10.357 3.66642 0.599999
    endloop
  endfacet
  facet normal -0.363745 -0.606872 -0.70668
    outer loop
      vertex -5.18536 -9.70113 0.599999
      vertex -6.11127 -9.14616 0.599999
      vertex -5.77793 -8.64728 0
    endloop
  endfacet
  facet normal -0.421477 -0.568293 0.706683
    outer loop
      vertex -6.33865 -8.23142 9
      vertex -6.61218 -8.54709 8.58301
      vertex -5.77793 -8.64728 9
    endloop
  endfacet
  facet normal -0.68641 -0.171916 0.706602
    outer loop
      vertex -10.2002 -2.02894 9
      vertex -10.3042 -2.40026 8.80863
      vertex -10.1207 -2.34636 9
    endloop
  endfacet
  facet normal 0.68641 0.171916 0.706602
    outer loop
      vertex 10.3042 2.40026 8.80863
      vertex 10.1207 2.34636 9
      vertex 10.2002 2.02894 9
    endloop
  endfacet
  facet normal 0.706688 0.0347292 -0.706672
    outer loop
      vertex 10.9705 0.599999 0.599999
      vertex 10.7044 0.599999 0.333893
      vertex 10.947 1.07819 0.599999
    endloop
  endfacet
  facet normal 0.699885 -0.103781 -0.706676
    outer loop
      vertex 10.947 -1.07819 0.599999
      vertex 10.2002 -2.02894 0
      vertex 10.3499 -1.01938 0
    endloop
  endfacet
  facet normal -0.524247 -0.475152 0.706679
    outer loop
      vertex -8.03931 -6.59769 9
      vertex -8.50311 -6.97833 8.4
      vertex -7.35391 -7.35391 9
    endloop
  endfacet
  facet normal -0.421474 0.568299 -0.70668
    outer loop
      vertex -6.61218 8.54709 0.416988
      vertex -6.11127 9.14616 0.599999
      vertex -5.77793 8.64728 0
    endloop
  endfacet
  facet normal -0.421474 0.568299 -0.706679
    outer loop
      vertex -6.11127 9.14616 0.599999
      vertex -6.61218 8.54709 0.416988
      vertex -6.73223 8.68563 0.599999
    endloop
  endfacet
  facet normal -0.475158 0.524248 0.706675
    outer loop
      vertex -7.77817 7.77817 8.4
      vertex -7.30248 7.51128 8.91784
      vertex -7.64126 7.90226 8.4
    endloop
  endfacet
  facet normal -0.475169 0.524233 0.706678
    outer loop
      vertex -7.30248 7.51128 8.91784
      vertex -7.77817 7.77817 8.4
      vertex -7.35391 7.35391 9
    endloop
  endfacet
  facet normal -0.66618 -0.238308 0.706692
    outer loop
      vertex -10.0718 -3.58268 8.69707
      vertex -10.1627 -4.20952 8.4
      vertex -9.60835 -3.97991 9
    endloop
  endfacet
  facet normal -0.666151 -0.238323 0.706714
    outer loop
      vertex -10.1627 -4.20952 8.4
      vertex -10.0718 -3.58268 8.69707
      vertex -10.357 -3.66642 8.4
    endloop
  endfacet
  facet normal 0.666151 0.238323 0.706714
    outer loop
      vertex 10.1627 4.20952 8.4
      vertex 10.0718 3.58268 8.69707
      vertex 10.357 3.66642 8.4
    endloop
  endfacet
  facet normal 0.66618 0.238308 0.706692
    outer loop
      vertex 10.0718 3.58268 8.69707
      vertex 10.1627 4.20952 8.4
      vertex 9.60835 3.97991 9
    endloop
  endfacet
  facet normal -0.514103 0.857728 0
    outer loop
      vertex -5.18536 9.70113 0.599999
      vertex -6.11127 9.14616 8.4
      vertex -5.18536 9.70113 8.4
    endloop
  endfacet
  facet normal -0.514103 0.857728 0
    outer loop
      vertex -6.11127 9.14616 8.4
      vertex -5.18536 9.70113 0.599999
      vertex -6.11127 9.14616 0.599999
    endloop
  endfacet
  facet normal 0.699915 -0.103827 -0.706639
    outer loop
      vertex 10.7886 -2.14599 0.599999
      vertex 10.2002 -2.02894 0
      vertex 10.947 -1.07819 0.599999
    endloop
  endfacet
  facet normal -0.427611 0.903963 0
    outer loop
      vertex -5.10691 9.73824 0.599999
      vertex -5.18536 9.70113 8.4
      vertex -5.10691 9.73824 8.4
    endloop
  endfacet
  facet normal -0.427611 0.903963 0
    outer loop
      vertex -5.18536 9.70113 8.4
      vertex -5.10691 9.73824 0.599999
      vertex -5.18536 9.70113 0.599999
    endloop
  endfacet
  facet normal -0.524247 0.475151 -0.70668
    outer loop
      vertex -8.03931 6.59769 0
      vertex -8.50311 6.97833 0.599999
      vertex -7.35391 7.35391 0
    endloop
  endfacet
  facet normal 0.686356 -0.171896 -0.706659
    outer loop
      vertex 10.3042 -2.40026 0.191368
      vertex 10.7886 -2.14599 0.599999
      vertex 10.6961 -2.51533 0.599999
    endloop
  endfacet
  facet normal 0.686364 -0.171944 -0.706639
    outer loop
      vertex 10.7886 -2.14599 0.599999
      vertex 10.3042 -2.40026 0.191368
      vertex 10.2002 -2.02894 0
    endloop
  endfacet
  facet normal 0.421473 0.568297 0.706681
    outer loop
      vertex 6.11127 9.14616 8.4
      vertex 6.61218 8.54709 8.58301
      vertex 6.73223 8.68563 8.4
    endloop
  endfacet
  facet normal 0.421475 0.568299 0.706679
    outer loop
      vertex 6.61218 8.54709 8.58301
      vertex 6.11127 9.14616 8.4
      vertex 5.77793 8.64728 9
    endloop
  endfacet
  facet normal 0.706688 -0.0347292 -0.706672
    outer loop
      vertex 10.947 -1.07819 0.599999
      vertex 10.7044 -0.599999 0.333893
      vertex 10.9705 -0.599999 0.599999
    endloop
  endfacet
  facet normal -0.171845 -0.685984 0.707033
    outer loop
      vertex -3.01896 -9.95218 9
      vertex -2.07457 -10.213 8.97648
      vertex -2.07121 -10.1896 9
    endloop
  endfacet
  facet normal -0.171954 -0.686345 0.706656
    outer loop
      vertex -2.07457 -10.213 8.97648
      vertex -3.01896 -9.95218 9
      vertex -3.19313 -10.5263 8.4
    endloop
  endfacet
  facet normal 0.363746 0.606872 0.706679
    outer loop
      vertex 6.11127 9.14616 8.4
      vertex 5.18536 9.70113 8.4
      vertex 5.77793 8.64728 9
    endloop
  endfacet
  facet normal -0.941557 0.336853 0
    outer loop
      vertex -10.357 3.66642 0.599999
      vertex -10.1627 4.20952 8.4
      vertex -10.1627 4.20952 0.599999
    endloop
  endfacet
  facet normal -0.941557 0.336853 0
    outer loop
      vertex -10.1627 4.20952 8.4
      vertex -10.357 3.66642 0.599999
      vertex -10.357 3.66642 8.4
    endloop
  endfacet
  facet normal -0.97004 0.242943 0
    outer loop
      vertex -10.7886 2.14599 0.599999
      vertex -10.6961 2.51533 8.4
      vertex -10.6961 2.51533 0.599999
    endloop
  endfacet
  facet normal -0.97004 0.242943 0
    outer loop
      vertex -10.6961 2.51533 8.4
      vertex -10.7886 2.14599 0.599999
      vertex -10.7886 2.14599 8.4
    endloop
  endfacet
  facet normal -0.171954 0.686346 -0.706654
    outer loop
      vertex -2.07457 10.213 0.0235173
      vertex -3.19313 10.5263 0.599999
      vertex -2.15695 10.7859 0.599999
    endloop
  endfacet
  facet normal -0.475157 -0.524248 -0.706675
    outer loop
      vertex -7.30248 -7.51128 0.0821644
      vertex -7.35391 -7.35391 0
      vertex -7.24872 -7.44925 0
    endloop
  endfacet
  facet normal 0.475145 -0.524234 0.706694
    outer loop
      vertex 7.35391 -7.35391 9
      vertex 7.24872 -7.44925 9
      vertex 7.30248 -7.51128 8.91784
    endloop
  endfacet
  facet normal 0.421477 -0.568293 0.706683
    outer loop
      vertex 6.33865 -8.23142 9
      vertex 5.77793 -8.64728 9
      vertex 6.61218 -8.54709 8.58301
    endloop
  endfacet
  facet normal 0.857749 -0.514069 0
    outer loop
      vertex 9.55577 -5.4279 8.4
      vertex 9.70113 -5.18536 0.599999
      vertex 9.70113 -5.18536 8.4
    endloop
  endfacet
  facet normal 0.857749 -0.514069 0
    outer loop
      vertex 9.70113 -5.18536 0.599999
      vertex 9.55577 -5.4279 8.4
      vertex 9.55577 -5.4279 0.599999
    endloop
  endfacet
  facet normal 0.475157 0.524248 -0.706675
    outer loop
      vertex 7.35391 7.35391 0
      vertex 7.24872 7.44925 0
      vertex 7.30248 7.51128 0.0821644
    endloop
  endfacet
  facet normal -0.363749 -0.606872 -0.706677
    outer loop
      vertex -5.18536 -9.70113 0.599999
      vertex -5.77793 -8.64728 0
      vertex -4.90253 -9.17198 0
    endloop
  endfacet
  facet normal 0.606879 0.363737 -0.706678
    outer loop
      vertex 9.17198 4.90253 0
      vertex 9.42232 5.34214 0.44126
      vertex 9.70113 5.18536 0.599999
    endloop
  endfacet
  facet normal 0.606872 0.363743 -0.70668
    outer loop
      vertex 9.42232 5.34214 0.44126
      vertex 9.17198 4.90253 0
      vertex 9.05138 5.10374 0
    endloop
  endfacet
  facet normal 0.803212 0.595693 0
    outer loop
      vertex 8.90516 6.43622 8.4
      vertex 8.50311 6.97833 0.599999
      vertex 8.50311 6.97833 8.4
    endloop
  endfacet
  facet normal 0.803212 0.595693 0
    outer loop
      vertex 8.50311 6.97833 0.599999
      vertex 8.90516 6.43622 8.4
      vertex 8.90516 6.43622 0.599999
    endloop
  endfacet
  facet normal -0.421476 -0.568292 -0.706684
    outer loop
      vertex -5.77793 -8.64728 0
      vertex -6.61218 -8.54709 0.416988
      vertex -6.33865 -8.23142 0
    endloop
  endfacet
  facet normal 0.706693 0.0347294 0.706667
    outer loop
      vertex 10.947 1.07819 8.4
      vertex 10.7044 0.599999 8.66611
      vertex 10.9705 0.599999 8.4
    endloop
  endfacet
  facet normal 0.475158 0.524248 0.706675
    outer loop
      vertex 7.30248 7.51128 8.91784
      vertex 7.77817 7.77817 8.4
      vertex 7.64126 7.90226 8.4
    endloop
  endfacet
  facet normal 0.475169 0.524233 0.706678
    outer loop
      vertex 7.77817 7.77817 8.4
      vertex 7.30248 7.51128 8.91784
      vertex 7.35391 7.35391 9
    endloop
  endfacet
  facet normal 0.639604 0.302513 0.706677
    outer loop
      vertex 9.70113 5.18536 8.4
      vertex 9.17198 4.90253 9
      vertex 9.60835 3.97991 9
    endloop
  endfacet
  facet normal 0.699915 0.103827 -0.706639
    outer loop
      vertex 10.947 1.07819 0.599999
      vertex 10.2002 2.02894 0
      vertex 10.7886 2.14599 0.599999
    endloop
  endfacet
  facet normal 0.514103 0.857728 -0
    outer loop
      vertex 6.11127 9.14616 0.599999
      vertex 5.18536 9.70113 8.4
      vertex 6.11127 9.14616 8.4
    endloop
  endfacet
  facet normal 0.514103 0.857728 0
    outer loop
      vertex 5.18536 9.70113 8.4
      vertex 6.11127 9.14616 0.599999
      vertex 5.18536 9.70113 0.599999
    endloop
  endfacet
  facet normal -0.568306 -0.421478 0.706671
    outer loop
      vertex -8.59237 -6.2352 8.77144
      vertex -8.90516 -6.43622 8.4
      vertex -8.50311 -6.97833 8.4
    endloop
  endfacet
  facet normal 0.686355 -0.171895 0.70666
    outer loop
      vertex 10.7886 -2.14599 8.4
      vertex 10.3042 -2.40026 8.80863
      vertex 10.6961 -2.51533 8.4
    endloop
  endfacet
  facet normal 0.686364 -0.171948 0.706639
    outer loop
      vertex 10.3042 -2.40026 8.80863
      vertex 10.7886 -2.14599 8.4
      vertex 10.2002 -2.02894 9
    endloop
  endfacet
  facet normal 0.686355 0.171895 0.70666
    outer loop
      vertex 10.3042 2.40026 8.80863
      vertex 10.7886 2.14599 8.4
      vertex 10.6961 2.51533 8.4
    endloop
  endfacet
  facet normal 0.686364 0.171948 0.706639
    outer loop
      vertex 10.7886 2.14599 8.4
      vertex 10.3042 2.40026 8.80863
      vertex 10.2002 2.02894 9
    endloop
  endfacet
  facet normal 0.666205 0.238371 0.706647
    outer loop
      vertex 10.0718 3.58268 8.69707
      vertex 9.60835 3.97991 9
      vertex 9.78103 3.4973 9
    endloop
  endfacet
  facet normal -0.639604 -0.302513 0.706677
    outer loop
      vertex -9.60835 -3.97991 9
      vertex -9.70113 -5.18536 8.4
      vertex -9.17198 -4.90253 9
    endloop
  endfacet
  facet normal -0.363746 -0.606872 0.706679
    outer loop
      vertex -5.77793 -8.64728 9
      vertex -6.11127 -9.14616 8.4
      vertex -5.18536 -9.70113 8.4
    endloop
  endfacet
  facet normal -0.686356 -0.171896 -0.706659
    outer loop
      vertex -10.7886 -2.14599 0.599999
      vertex -10.3042 -2.40026 0.191368
      vertex -10.6961 -2.51533 0.599999
    endloop
  endfacet
  facet normal -0.686364 -0.171944 -0.706639
    outer loop
      vertex -10.3042 -2.40026 0.191368
      vertex -10.7886 -2.14599 0.599999
      vertex -10.2002 -2.02894 0
    endloop
  endfacet
  facet normal 0.363746 -0.606872 0.706679
    outer loop
      vertex 5.77793 -8.64728 9
      vertex 5.18536 -9.70113 8.4
      vertex 6.11127 -9.14616 8.4
    endloop
  endfacet
  facet normal -0.639604 -0.302512 -0.706678
    outer loop
      vertex -9.17198 -4.90253 0
      vertex -9.70113 -5.18536 0.599999
      vertex -9.60835 -3.97991 0
    endloop
  endfacet
  facet normal -0.595695 -0.803211 0
    outer loop
      vertex -6.73223 -8.68563 0.599999
      vertex -6.11127 -9.14616 8.4
      vertex -6.73223 -8.68563 8.4
    endloop
  endfacet
  facet normal -0.595695 -0.803211 -0
    outer loop
      vertex -6.11127 -9.14616 8.4
      vertex -6.73223 -8.68563 0.599999
      vertex -6.11127 -9.14616 0.599999
    endloop
  endfacet
  facet normal -0.171835 -0.685944 -0.707074
    outer loop
      vertex -2.07457 -10.213 0.0235173
      vertex -3.01896 -9.95218 0
      vertex -2.07121 -10.1896 0
    endloop
  endfacet
  facet normal -0.171956 -0.686344 -0.706657
    outer loop
      vertex -3.01896 -9.95218 0
      vertex -2.07457 -10.213 0.0235173
      vertex -3.19313 -10.5263 0.599999
    endloop
  endfacet
  facet normal -0.475153 0.524248 -0.706678
    outer loop
      vertex -7.77817 7.77817 0.599999
      vertex -7.30248 7.51128 0.0821644
      vertex -7.35391 7.35391 0
    endloop
  endfacet
  facet normal -0.475156 0.524245 -0.706678
    outer loop
      vertex -7.30248 7.51128 0.0821644
      vertex -7.77817 7.77817 0.599999
      vertex -7.64126 7.90226 0.599999
    endloop
  endfacet
  facet normal -0.363745 0.606872 -0.70668
    outer loop
      vertex -5.77793 8.64728 0
      vertex -6.11127 9.14616 0.599999
      vertex -5.18536 9.70113 0.599999
    endloop
  endfacet
  facet normal -0.302529 -0.639542 0.706726
    outer loop
      vertex -5.08649 -9.69352 8.44921
      vertex -5.18536 -9.70113 8.4
      vertex -5.10691 -9.73824 8.4
    endloop
  endfacet
  facet normal -0.568306 0.421478 -0.706671
    outer loop
      vertex -8.59237 6.2352 0.228559
      vertex -8.90516 6.43622 0.599999
      vertex -8.50311 6.97833 0.599999
    endloop
  endfacet
  facet normal -0.803212 0.595693 0
    outer loop
      vertex -8.90516 6.43622 0.599999
      vertex -8.50311 6.97833 8.4
      vertex -8.50311 6.97833 0.599999
    endloop
  endfacet
  facet normal -0.803212 0.595693 0
    outer loop
      vertex -8.50311 6.97833 8.4
      vertex -8.90516 6.43622 0.599999
      vertex -8.90516 6.43622 8.4
    endloop
  endfacet
  facet normal -0.671565 -0.740946 0
    outer loop
      vertex -7.77817 -7.77817 0.599999
      vertex -7.64126 -7.90226 8.4
      vertex -7.77817 -7.77817 8.4
    endloop
  endfacet
  facet normal -0.671565 -0.740946 -0
    outer loop
      vertex -7.64126 -7.90226 8.4
      vertex -7.77817 -7.77817 0.599999
      vertex -7.64126 -7.90226 0.599999
    endloop
  endfacet
  facet normal -0.475156 -0.524245 -0.706678
    outer loop
      vertex -7.77817 -7.77817 0.599999
      vertex -7.30248 -7.51128 0.0821644
      vertex -7.64126 -7.90226 0.599999
    endloop
  endfacet
  facet normal -0.475153 -0.524248 -0.706678
    outer loop
      vertex -7.30248 -7.51128 0.0821644
      vertex -7.77817 -7.77817 0.599999
      vertex -7.35391 -7.35391 0
    endloop
  endfacet
  facet normal -0.421474 -0.568299 -0.70668
    outer loop
      vertex -6.11127 -9.14616 0.599999
      vertex -6.61218 -8.54709 0.416988
      vertex -5.77793 -8.64728 0
    endloop
  endfacet
  facet normal -0.421474 -0.568299 -0.706679
    outer loop
      vertex -6.61218 -8.54709 0.416988
      vertex -6.11127 -9.14616 0.599999
      vertex -6.73223 -8.68563 0.599999
    endloop
  endfacet
  facet normal -0.803212 -0.595693 0
    outer loop
      vertex -8.50311 -6.97833 0.599999
      vertex -8.90516 -6.43622 8.4
      vertex -8.90516 -6.43622 0.599999
    endloop
  endfacet
  facet normal -0.803212 -0.595693 0
    outer loop
      vertex -8.90516 -6.43622 8.4
      vertex -8.50311 -6.97833 0.599999
      vertex -8.50311 -6.97833 8.4
    endloop
  endfacet
  facet normal 0.475145 0.524234 0.706694
    outer loop
      vertex 7.30248 7.51128 8.91784
      vertex 7.24872 7.44925 9
      vertex 7.35391 7.35391 9
    endloop
  endfacet
  facet normal -0.666178 -0.238313 -0.706692
    outer loop
      vertex -10.1627 -4.20952 0.599999
      vertex -10.0718 -3.58268 0.302925
      vertex -9.60835 -3.97991 0
    endloop
  endfacet
  facet normal -0.666156 -0.238325 -0.706709
    outer loop
      vertex -10.0718 -3.58268 0.302925
      vertex -10.1627 -4.20952 0.599999
      vertex -10.357 -3.66642 0.599999
    endloop
  endfacet
  facet normal 0.238363 0.666198 0.706656
    outer loop
      vertex 3.01896 9.95218 9
      vertex 3.81581 9.79981 8.87486
      vertex 3.19313 10.5263 8.4
    endloop
  endfacet
  facet normal 0.238363 0.666194 0.70666
    outer loop
      vertex 3.81581 9.79981 8.87486
      vertex 3.01896 9.95218 9
      vertex 3.76371 9.68571 9
    endloop
  endfacet
  facet normal -0.699915 0.103827 -0.706639
    outer loop
      vertex -10.2002 2.02894 0
      vertex -10.947 1.07819 0.599999
      vertex -10.7886 2.14599 0.599999
    endloop
  endfacet
  facet normal 0.989176 -0.146737 0
    outer loop
      vertex 10.7886 -2.14599 8.4
      vertex 10.947 -1.07819 0.599999
      vertex 10.947 -1.07819 8.4
    endloop
  endfacet
  facet normal 0.989176 -0.146737 0
    outer loop
      vertex 10.947 -1.07819 0.599999
      vertex 10.7886 -2.14599 8.4
      vertex 10.7886 -2.14599 0.599999
    endloop
  endfacet
  facet normal 0.989176 0.146737 0
    outer loop
      vertex 10.947 1.07819 8.4
      vertex 10.7886 2.14599 0.599999
      vertex 10.7886 2.14599 8.4
    endloop
  endfacet
  facet normal 0.989176 0.146737 0
    outer loop
      vertex 10.7886 2.14599 0.599999
      vertex 10.947 1.07819 8.4
      vertex 10.947 1.07819 0.599999
    endloop
  endfacet
  facet normal -0.903978 0.427579 0
    outer loop
      vertex -10.1627 4.20952 0.599999
      vertex -9.70113 5.18536 8.4
      vertex -9.70113 5.18536 0.599999
    endloop
  endfacet
  facet normal -0.903978 0.427579 0
    outer loop
      vertex -9.70113 5.18536 8.4
      vertex -10.1627 4.20952 0.599999
      vertex -10.1627 4.20952 8.4
    endloop
  endfacet
  facet normal 0.0490864 -0.998795 0
    outer loop
      vertex 0 -11 0.599999
      vertex 0.968549 -10.9524 8.4
      vertex 0 -11 8.4
    endloop
  endfacet
  facet normal 0.0490864 -0.998795 0
    outer loop
      vertex 0.968549 -10.9524 8.4
      vertex 0 -11 0.599999
      vertex 0.968549 -10.9524 0.599999
    endloop
  endfacet
  facet normal -0.706688 0.0347292 -0.706672
    outer loop
      vertex -10.7044 0.599999 0.333893
      vertex -10.9705 0.599999 0.599999
      vertex -10.947 1.07819 0.599999
    endloop
  endfacet
  facet normal -0.302516 0.639602 -0.706678
    outer loop
      vertex -4.90253 9.17198 0
      vertex -5.08649 9.69352 0.550787
      vertex -4.85794 9.19307 0
    endloop
  endfacet
  facet normal -0.302515 0.639602 -0.706678
    outer loop
      vertex -5.08649 9.69352 0.550787
      vertex -4.90253 9.17198 0
      vertex -5.18536 9.70113 0.599999
    endloop
  endfacet
  facet normal -0.998795 -0.0490843 0
    outer loop
      vertex -10.947 -1.07819 0.599999
      vertex -10.9705 -0.599999 8.4
      vertex -10.9705 -0.599999 0.599999
    endloop
  endfacet
  facet normal -0.998795 -0.0490843 0
    outer loop
      vertex -10.9705 -0.599999 8.4
      vertex -10.947 -1.07819 0.599999
      vertex -10.947 -1.07819 8.4
    endloop
  endfacet
  facet normal -0.606872 -0.363743 -0.70668
    outer loop
      vertex -9.42232 -5.34214 0.44126
      vertex -9.17198 -4.90253 0
      vertex -9.05138 -5.10374 0
    endloop
  endfacet
  facet normal -0.606879 -0.363737 -0.706678
    outer loop
      vertex -9.17198 -4.90253 0
      vertex -9.42232 -5.34214 0.44126
      vertex -9.70113 -5.18536 0.599999
    endloop
  endfacet
  facet normal -0.606875 -0.363715 -0.706692
    outer loop
      vertex -9.55577 -5.4279 0.599999
      vertex -9.70113 -5.18536 0.599999
      vertex -9.42232 -5.34214 0.44126
    endloop
  endfacet
  facet normal -0.606872 0.363743 -0.70668
    outer loop
      vertex -9.17198 4.90253 0
      vertex -9.42232 5.34214 0.44126
      vertex -9.05138 5.10374 0
    endloop
  endfacet
  facet normal -0.606879 0.363737 -0.706678
    outer loop
      vertex -9.42232 5.34214 0.44126
      vertex -9.17198 4.90253 0
      vertex -9.70113 5.18536 0.599999
    endloop
  endfacet
  facet normal -0.238361 0.666189 -0.706666
    outer loop
      vertex -3.81581 9.79981 0.125138
      vertex -3.01896 9.95218 0
      vertex -3.76371 9.68571 0
    endloop
  endfacet
  facet normal -0.238361 0.666198 -0.706657
    outer loop
      vertex -3.01896 9.95218 0
      vertex -3.81581 9.79981 0.125138
      vertex -3.19313 10.5263 0.599999
    endloop
  endfacet
  facet normal 0.606875 -0.363715 -0.706692
    outer loop
      vertex 9.55577 -5.4279 0.599999
      vertex 9.42232 -5.34214 0.44126
      vertex 9.70113 -5.18536 0.599999
    endloop
  endfacet
  facet normal 0.568306 -0.421478 -0.706671
    outer loop
      vertex 8.90516 -6.43622 0.599999
      vertex 8.50311 -6.97833 0.599999
      vertex 8.59237 -6.2352 0.228559
    endloop
  endfacet
  facet normal 0.568306 -0.421478 0.706671
    outer loop
      vertex 8.59237 -6.2352 8.77144
      vertex 8.50311 -6.97833 8.4
      vertex 8.90516 -6.43622 8.4
    endloop
  endfacet
  facet normal -0.666205 -0.238371 0.706647
    outer loop
      vertex -9.78103 -3.4973 9
      vertex -10.0718 -3.58268 8.69707
      vertex -9.60835 -3.97991 9
    endloop
  endfacet
  facet normal -0.302535 -0.639555 -0.706712
    outer loop
      vertex -5.10691 -9.73824 0.599999
      vertex -5.18536 -9.70113 0.599999
      vertex -5.08649 -9.69352 0.550787
    endloop
  endfacet
  facet normal 0.363749 0.606872 -0.706677
    outer loop
      vertex 5.77793 8.64728 0
      vertex 4.90253 9.17198 0
      vertex 5.18536 9.70113 0.599999
    endloop
  endfacet
  facet normal 0.639583 -0.302521 -0.706693
    outer loop
      vertex 9.70113 -5.18536 0.599999
      vertex 9.60835 -3.97991 0
      vertex 10.1627 -4.20952 0.599999
    endloop
  endfacet
  facet normal 0.524247 -0.475151 -0.70668
    outer loop
      vertex 8.50311 -6.97833 0.599999
      vertex 7.35391 -7.35391 0
      vertex 8.03931 -6.59769 0
    endloop
  endfacet
  facet normal -0.686406 0.171915 -0.706606
    outer loop
      vertex -10.2002 2.02894 0
      vertex -10.3042 2.40026 0.191368
      vertex -10.1207 2.34636 0
    endloop
  endfacet
  facet normal 0.706685 -0.0347322 -0.706675
    outer loop
      vertex 10.3499 -1.01938 0
      vertex 10.7044 -0.599999 0.333893
      vertex 10.947 -1.07819 0.599999
    endloop
  endfacet
  facet normal 0.706673 -0.0347118 -0.706688
    outer loop
      vertex 10.7044 -0.599999 0.333893
      vertex 10.3499 -1.01938 0
      vertex 10.3705 -0.599999 0
    endloop
  endfacet
  facet normal -0.302535 0.639555 -0.706712
    outer loop
      vertex -5.08649 9.69352 0.550787
      vertex -5.18536 9.70113 0.599999
      vertex -5.10691 9.73824 0.599999
    endloop
  endfacet
  facet normal -0.302529 0.639542 0.706726
    outer loop
      vertex -5.10691 9.73824 8.4
      vertex -5.18536 9.70113 8.4
      vertex -5.08649 9.69352 8.44921
    endloop
  endfacet
  facet normal 0.699886 0.103781 0.706675
    outer loop
      vertex 10.947 1.07819 8.4
      vertex 10.2002 2.02894 9
      vertex 10.3499 1.01938 9
    endloop
  endfacet
  facet normal 0.706685 0.0347378 0.706675
    outer loop
      vertex 10.3499 1.01938 9
      vertex 10.7044 0.599999 8.66611
      vertex 10.947 1.07819 8.4
    endloop
  endfacet
  facet normal 0.70667 0.0347116 0.706691
    outer loop
      vertex 10.7044 0.599999 8.66611
      vertex 10.3499 1.01938 9
      vertex 10.3705 0.599999 9
    endloop
  endfacet
  facet normal 0.302535 -0.639555 -0.706712
    outer loop
      vertex 5.10691 -9.73824 0.599999
      vertex 5.08649 -9.69352 0.550787
      vertex 5.18536 -9.70113 0.599999
    endloop
  endfacet
  facet normal -0.427611 -0.903963 0
    outer loop
      vertex -5.18536 -9.70113 0.599999
      vertex -5.10691 -9.73824 8.4
      vertex -5.18536 -9.70113 8.4
    endloop
  endfacet
  facet normal -0.427611 -0.903963 -0
    outer loop
      vertex -5.10691 -9.73824 8.4
      vertex -5.18536 -9.70113 0.599999
      vertex -5.10691 -9.73824 0.599999
    endloop
  endfacet
  facet normal 0.740948 0.671563 0
    outer loop
      vertex 8.50311 6.97833 8.4
      vertex 7.77817 7.77817 0.599999
      vertex 7.77817 7.77817 8.4
    endloop
  endfacet
  facet normal 0.740948 0.671563 0
    outer loop
      vertex 7.77817 7.77817 0.599999
      vertex 8.50311 6.97833 8.4
      vertex 8.50311 6.97833 0.599999
    endloop
  endfacet
  facet normal 0.363749 -0.606873 0.706677
    outer loop
      vertex 5.77793 -8.64728 9
      vertex 4.90253 -9.17198 9
      vertex 5.18536 -9.70113 8.4
    endloop
  endfacet
  facet normal -0.363749 -0.606873 0.706677
    outer loop
      vertex -4.90253 -9.17198 9
      vertex -5.77793 -8.64728 9
      vertex -5.18536 -9.70113 8.4
    endloop
  endfacet
  facet normal -0.238323 0.666183 0.706685
    outer loop
      vertex -3.19313 10.5263 8.4
      vertex -4.01355 10.2328 8.4
      vertex -3.81581 9.79981 8.87486
    endloop
  endfacet
  facet normal 0.706693 -0.0347294 0.706667
    outer loop
      vertex 10.9705 -0.599999 8.4
      vertex 10.7044 -0.599999 8.66611
      vertex 10.947 -1.07819 8.4
    endloop
  endfacet
  facet normal 0.699886 -0.103781 0.706675
    outer loop
      vertex 10.3499 -1.01938 9
      vertex 10.2002 -2.02894 9
      vertex 10.947 -1.07819 8.4
    endloop
  endfacet
  facet normal 0.243025 -0.97002 0
    outer loop
      vertex 2.15695 -10.7859 0.599999
      vertex 3.19313 -10.5263 8.4
      vertex 2.15695 -10.7859 8.4
    endloop
  endfacet
  facet normal 0.243025 -0.97002 0
    outer loop
      vertex 3.19313 -10.5263 8.4
      vertex 2.15695 -10.7859 0.599999
      vertex 3.19313 -10.5263 0.599999
    endloop
  endfacet
  facet normal -0.686355 0.171895 0.70666
    outer loop
      vertex -10.7886 2.14599 8.4
      vertex -10.3042 2.40026 8.80863
      vertex -10.6961 2.51533 8.4
    endloop
  endfacet
  facet normal -0.686364 0.171948 0.706639
    outer loop
      vertex -10.3042 2.40026 8.80863
      vertex -10.7886 2.14599 8.4
      vertex -10.2002 2.02894 9
    endloop
  endfacet
  facet normal -0.421477 0.568293 0.706683
    outer loop
      vertex -5.77793 8.64728 9
      vertex -6.61218 8.54709 8.58301
      vertex -6.33865 8.23142 9
    endloop
  endfacet
  facet normal 0.6662 0.238369 -0.706653
    outer loop
      vertex 9.78103 3.4973 0
      vertex 9.60835 3.97991 0
      vertex 10.0718 3.58268 0.302925
    endloop
  endfacet
  facet normal 0.336838 -0.941563 0
    outer loop
      vertex 3.19313 -10.5263 0.599999
      vertex 4.01355 -10.2328 8.4
      vertex 3.19313 -10.5263 8.4
    endloop
  endfacet
  facet normal 0.336838 -0.941563 0
    outer loop
      vertex 4.01355 -10.2328 8.4
      vertex 3.19313 -10.5263 0.599999
      vertex 4.01355 -10.2328 0.599999
    endloop
  endfacet
  facet normal 0.421473 -0.568297 0.706681
    outer loop
      vertex 6.61218 -8.54709 8.58301
      vertex 6.11127 -9.14616 8.4
      vertex 6.73223 -8.68563 8.4
    endloop
  endfacet
  facet normal 0.421475 -0.568299 0.706679
    outer loop
      vertex 6.11127 -9.14616 8.4
      vertex 6.61218 -8.54709 8.58301
      vertex 5.77793 -8.64728 9
    endloop
  endfacet
  facet normal -0.699915 0.103827 0.706639
    outer loop
      vertex -10.7886 2.14599 8.4
      vertex -10.947 1.07819 8.4
      vertex -10.2002 2.02894 9
    endloop
  endfacet
  facet normal -0.171954 -0.686345 0.706656
    outer loop
      vertex -2.07457 -10.213 8.97648
      vertex -3.19313 -10.5263 8.4
      vertex -2.15695 -10.7859 8.4
    endloop
  endfacet
  facet normal 0.171954 -0.686345 0.706656
    outer loop
      vertex 3.19313 -10.5263 8.4
      vertex 2.07457 -10.213 8.97648
      vertex 2.15695 -10.7859 8.4
    endloop
  endfacet
  facet normal -0.238361 -0.666198 -0.706657
    outer loop
      vertex -3.81581 -9.79981 0.125138
      vertex -3.01896 -9.95218 0
      vertex -3.19313 -10.5263 0.599999
    endloop
  endfacet
  facet normal -0.238361 -0.666189 -0.706666
    outer loop
      vertex -3.01896 -9.95218 0
      vertex -3.81581 -9.79981 0.125138
      vertex -3.76371 -9.68571 0
    endloop
  endfacet
  facet normal -0.514103 -0.857728 0
    outer loop
      vertex -6.11127 -9.14616 0.599999
      vertex -5.18536 -9.70113 8.4
      vertex -6.11127 -9.14616 8.4
    endloop
  endfacet
  facet normal -0.514103 -0.857728 -0
    outer loop
      vertex -5.18536 -9.70113 8.4
      vertex -6.11127 -9.14616 0.599999
      vertex -5.18536 -9.70113 0.599999
    endloop
  endfacet
  facet normal -0.238323 0.666183 -0.706684
    outer loop
      vertex -3.81581 9.79981 0.125138
      vertex -4.01355 10.2328 0.599999
      vertex -3.19313 10.5263 0.599999
    endloop
  endfacet
  facet normal 0.171956 0.686344 -0.706657
    outer loop
      vertex 3.01896 9.95218 0
      vertex 2.07457 10.213 0.0235173
      vertex 3.19313 10.5263 0.599999
    endloop
  endfacet
  facet normal 0.171835 0.685944 -0.707074
    outer loop
      vertex 2.07457 10.213 0.0235173
      vertex 3.01896 9.95218 0
      vertex 2.07121 10.1896 0
    endloop
  endfacet
  facet normal 0.171954 0.686346 -0.706654
    outer loop
      vertex 3.19313 10.5263 0.599999
      vertex 2.07457 10.213 0.0235173
      vertex 2.15695 10.7859 0.599999
    endloop
  endfacet
  facet normal -0.699886 0.103781 0.706675
    outer loop
      vertex -10.2002 2.02894 9
      vertex -10.947 1.07819 8.4
      vertex -10.3499 1.01938 9
    endloop
  endfacet
  facet normal -0.524247 -0.475155 0.706677
    outer loop
      vertex -7.35391 -7.35391 9
      vertex -8.50311 -6.97833 8.4
      vertex -7.77817 -7.77817 8.4
    endloop
  endfacet
  facet normal -0.475145 -0.524234 0.706694
    outer loop
      vertex -7.24872 -7.44925 9
      vertex -7.35391 -7.35391 9
      vertex -7.30248 -7.51128 8.91784
    endloop
  endfacet
  facet normal -0.475145 0.524234 0.706694
    outer loop
      vertex -7.30248 7.51128 8.91784
      vertex -7.35391 7.35391 9
      vertex -7.24872 7.44925 9
    endloop
  endfacet
  facet normal -0.0490864 0.998795 0
    outer loop
      vertex 0 11 0.599999
      vertex -0.968549 10.9524 8.4
      vertex 0 11 8.4
    endloop
  endfacet
  facet normal -0.0490864 0.998795 0
    outer loop
      vertex -0.968549 10.9524 8.4
      vertex 0 11 0.599999
      vertex -0.968549 10.9524 0.599999
    endloop
  endfacet
  facet normal 0.595695 0.803211 -0
    outer loop
      vertex 6.73223 8.68563 0.599999
      vertex 6.11127 9.14616 8.4
      vertex 6.73223 8.68563 8.4
    endloop
  endfacet
  facet normal 0.595695 0.803211 0
    outer loop
      vertex 6.11127 9.14616 8.4
      vertex 6.73223 8.68563 0.599999
      vertex 6.11127 9.14616 0.599999
    endloop
  endfacet
  facet normal 0.0490864 0.998795 -0
    outer loop
      vertex 0.968549 10.9524 0.599999
      vertex 0 11 8.4
      vertex 0.968549 10.9524 8.4
    endloop
  endfacet
  facet normal 0.0490864 0.998795 0
    outer loop
      vertex 0 11 8.4
      vertex 0.968549 10.9524 0.599999
      vertex 0 11 0.599999
    endloop
  endfacet
  facet normal 0.171954 0.686345 0.706656
    outer loop
      vertex 2.15695 10.7859 8.4
      vertex 2.07457 10.213 8.97648
      vertex 3.19313 10.5263 8.4
    endloop
  endfacet
  facet normal -0.639583 0.302521 -0.706693
    outer loop
      vertex -9.60835 3.97991 0
      vertex -10.1627 4.20952 0.599999
      vertex -9.70113 5.18536 0.599999
    endloop
  endfacet
  facet normal 0.666156 0.238325 -0.706709
    outer loop
      vertex 10.0718 3.58268 0.302925
      vertex 10.1627 4.20952 0.599999
      vertex 10.357 3.66642 0.599999
    endloop
  endfacet
  facet normal 0.666178 0.238313 -0.706692
    outer loop
      vertex 10.1627 4.20952 0.599999
      vertex 10.0718 3.58268 0.302925
      vertex 9.60835 3.97991 0
    endloop
  endfacet
  facet normal -0.524247 0.475154 -0.706678
    outer loop
      vertex -7.35391 7.35391 0
      vertex -8.50311 6.97833 0.599999
      vertex -7.77817 7.77817 0.599999
    endloop
  endfacet
  facet normal -0.740948 0.671563 0
    outer loop
      vertex -8.50311 6.97833 0.599999
      vertex -7.77817 7.77817 8.4
      vertex -7.77817 7.77817 0.599999
    endloop
  endfacet
  facet normal -0.740948 0.671563 0
    outer loop
      vertex -7.77817 7.77817 8.4
      vertex -8.50311 6.97833 0.599999
      vertex -8.50311 6.97833 8.4
    endloop
  endfacet
  facet normal 0.302535 0.639555 -0.706712
    outer loop
      vertex 5.18536 9.70113 0.599999
      vertex 5.08649 9.69352 0.550787
      vertex 5.10691 9.73824 0.599999
    endloop
  endfacet
  facet normal -0.171835 0.685944 -0.707074
    outer loop
      vertex -3.01896 9.95218 0
      vertex -2.07457 10.213 0.0235173
      vertex -2.07121 10.1896 0
    endloop
  endfacet
  facet normal -0.171956 0.686344 -0.706657
    outer loop
      vertex -2.07457 10.213 0.0235173
      vertex -3.01896 9.95218 0
      vertex -3.19313 10.5263 0.599999
    endloop
  endfacet
  facet normal -0.568306 -0.421478 -0.706671
    outer loop
      vertex -8.50311 -6.97833 0.599999
      vertex -8.90516 -6.43622 0.599999
      vertex -8.59237 -6.2352 0.228559
    endloop
  endfacet
  facet normal 0.6662 -0.238369 -0.706653
    outer loop
      vertex 10.0718 -3.58268 0.302925
      vertex 9.60835 -3.97991 0
      vertex 9.78103 -3.4973 0
    endloop
  endfacet
  facet normal -0.595695 0.803211 0
    outer loop
      vertex -6.11127 9.14616 0.599999
      vertex -6.73223 8.68563 8.4
      vertex -6.11127 9.14616 8.4
    endloop
  endfacet
  facet normal -0.595695 0.803211 0
    outer loop
      vertex -6.73223 8.68563 8.4
      vertex -6.11127 9.14616 0.599999
      vertex -6.73223 8.68563 0.599999
    endloop
  endfacet
  facet normal -0.740948 -0.671563 0
    outer loop
      vertex -7.77817 -7.77817 0.599999
      vertex -8.50311 -6.97833 8.4
      vertex -8.50311 -6.97833 0.599999
    endloop
  endfacet
  facet normal -0.740948 -0.671563 0
    outer loop
      vertex -8.50311 -6.97833 8.4
      vertex -7.77817 -7.77817 0.599999
      vertex -7.77817 -7.77817 8.4
    endloop
  endfacet
  facet normal 0.606879 -0.363737 -0.706678
    outer loop
      vertex 9.42232 -5.34214 0.44126
      vertex 9.17198 -4.90253 0
      vertex 9.70113 -5.18536 0.599999
    endloop
  endfacet
  facet normal 0.606872 -0.363743 -0.70668
    outer loop
      vertex 9.17198 -4.90253 0
      vertex 9.42232 -5.34214 0.44126
      vertex 9.05138 -5.10374 0
    endloop
  endfacet
  facet normal -0.639583 -0.302521 -0.706693
    outer loop
      vertex -9.70113 -5.18536 0.599999
      vertex -10.1627 -4.20952 0.599999
      vertex -9.60835 -3.97991 0
    endloop
  endfacet
  facet normal -0.66618 0.238308 0.706692
    outer loop
      vertex -10.1627 4.20952 8.4
      vertex -10.0718 3.58268 8.69707
      vertex -9.60835 3.97991 9
    endloop
  endfacet
  facet normal -0.666151 0.238323 0.706714
    outer loop
      vertex -10.0718 3.58268 8.69707
      vertex -10.1627 4.20952 8.4
      vertex -10.357 3.66642 8.4
    endloop
  endfacet
  facet normal 0.639604 -0.302512 -0.706678
    outer loop
      vertex 9.70113 -5.18536 0.599999
      vertex 9.17198 -4.90253 0
      vertex 9.60835 -3.97991 0
    endloop
  endfacet
  facet normal -0.699915 -0.103827 0.706639
    outer loop
      vertex -10.2002 -2.02894 9
      vertex -10.947 -1.07819 8.4
      vertex -10.7886 -2.14599 8.4
    endloop
  endfacet
  facet normal 0.606881 0.363736 0.706677
    outer loop
      vertex 9.42232 5.34214 8.55874
      vertex 9.17198 4.90253 9
      vertex 9.70113 5.18536 8.4
    endloop
  endfacet
  facet normal 0.606872 0.363743 0.70668
    outer loop
      vertex 9.17198 4.90253 9
      vertex 9.42232 5.34214 8.55874
      vertex 9.05138 5.10374 9
    endloop
  endfacet
  facet normal -0.686364 0.171944 -0.706639
    outer loop
      vertex -10.7886 2.14599 0.599999
      vertex -10.3042 2.40026 0.191368
      vertex -10.2002 2.02894 0
    endloop
  endfacet
  facet normal -0.686356 0.171896 -0.706659
    outer loop
      vertex -10.3042 2.40026 0.191368
      vertex -10.7886 2.14599 0.599999
      vertex -10.6961 2.51533 0.599999
    endloop
  endfacet
  facet normal 0.238361 0.666189 -0.706666
    outer loop
      vertex 3.01896 9.95218 0
      vertex 3.81581 9.79981 0.125138
      vertex 3.76371 9.68571 0
    endloop
  endfacet
  facet normal 0.238361 0.666198 -0.706657
    outer loop
      vertex 3.81581 9.79981 0.125138
      vertex 3.01896 9.95218 0
      vertex 3.19313 10.5263 0.599999
    endloop
  endfacet
  facet normal -0.0347374 -0.706664 -0.706696
    outer loop
      vertex 0 -10.4 0
      vertex -0.959087 -10.8866 0.533721
      vertex -0.882887 -10.3566 0
    endloop
  endfacet
  facet normal -0.699886 -0.103781 0.706675
    outer loop
      vertex -10.3499 -1.01938 9
      vertex -10.947 -1.07819 8.4
      vertex -10.2002 -2.02894 9
    endloop
  endfacet
  facet normal -0.998795 0.0490843 0
    outer loop
      vertex -10.9705 0.599999 0.599999
      vertex -10.947 1.07819 8.4
      vertex -10.947 1.07819 0.599999
    endloop
  endfacet
  facet normal -0.998795 0.0490843 0
    outer loop
      vertex -10.947 1.07819 8.4
      vertex -10.9705 0.599999 0.599999
      vertex -10.9705 0.599999 8.4
    endloop
  endfacet
  facet normal 0.363745 -0.606872 -0.70668
    outer loop
      vertex 6.11127 -9.14616 0.599999
      vertex 5.18536 -9.70113 0.599999
      vertex 5.77793 -8.64728 0
    endloop
  endfacet
  facet normal 0.639583 0.302521 -0.706693
    outer loop
      vertex 10.1627 4.20952 0.599999
      vertex 9.60835 3.97991 0
      vertex 9.70113 5.18536 0.599999
    endloop
  endfacet
  facet normal 0.302515 -0.639602 -0.706678
    outer loop
      vertex 5.08649 -9.69352 0.550787
      vertex 4.90253 -9.17198 0
      vertex 5.18536 -9.70113 0.599999
    endloop
  endfacet
  facet normal 0.302516 -0.639602 -0.706678
    outer loop
      vertex 4.90253 -9.17198 0
      vertex 5.08649 -9.69352 0.550787
      vertex 4.85794 -9.19307 0
    endloop
  endfacet
  facet normal -0.903978 -0.427579 0
    outer loop
      vertex -9.70113 -5.18536 0.599999
      vertex -10.1627 -4.20952 8.4
      vertex -10.1627 -4.20952 0.599999
    endloop
  endfacet
  facet normal -0.903978 -0.427579 0
    outer loop
      vertex -10.1627 -4.20952 8.4
      vertex -9.70113 -5.18536 0.599999
      vertex -9.70113 -5.18536 8.4
    endloop
  endfacet
  facet normal -0.0347206 0.70668 -0.706681
    outer loop
      vertex -0.959087 10.8866 0.533721
      vertex 0 11 0.599999
      vertex 0 10.4 0
    endloop
  endfacet
  facet normal -0.0347337 0.706749 -0.706611
    outer loop
      vertex 0 11 0.599999
      vertex -0.959087 10.8866 0.533721
      vertex -0.968549 10.9524 0.599999
    endloop
  endfacet
  facet normal 0.998795 0.0490843 0
    outer loop
      vertex 10.9705 0.599999 8.4
      vertex 10.947 1.07819 0.599999
      vertex 10.947 1.07819 8.4
    endloop
  endfacet
  facet normal 0.998795 0.0490843 0
    outer loop
      vertex 10.947 1.07819 0.599999
      vertex 10.9705 0.599999 8.4
      vertex 10.9705 0.599999 0.599999
    endloop
  endfacet
  facet normal 0.606881 -0.363736 0.706677
    outer loop
      vertex 9.17198 -4.90253 9
      vertex 9.42232 -5.34214 8.55874
      vertex 9.70113 -5.18536 8.4
    endloop
  endfacet
  facet normal 0.606872 -0.363743 0.70668
    outer loop
      vertex 9.42232 -5.34214 8.55874
      vertex 9.17198 -4.90253 9
      vertex 9.05138 -5.10374 9
    endloop
  endfacet
  facet normal 0.639604 -0.302513 0.706677
    outer loop
      vertex 9.60835 -3.97991 9
      vertex 9.17198 -4.90253 9
      vertex 9.70113 -5.18536 8.4
    endloop
  endfacet
  facet normal 0.475169 -0.524233 0.706678
    outer loop
      vertex 7.30248 -7.51128 8.91784
      vertex 7.77817 -7.77817 8.4
      vertex 7.35391 -7.35391 9
    endloop
  endfacet
  facet normal 0.475158 -0.524248 0.706675
    outer loop
      vertex 7.77817 -7.77817 8.4
      vertex 7.30248 -7.51128 8.91784
      vertex 7.64126 -7.90226 8.4
    endloop
  endfacet
  facet normal 0.524247 -0.475155 0.706677
    outer loop
      vertex 8.50311 -6.97833 8.4
      vertex 7.35391 -7.35391 9
      vertex 7.77817 -7.77817 8.4
    endloop
  endfacet
  facet normal 0.666156 -0.238325 -0.706709
    outer loop
      vertex 10.1627 -4.20952 0.599999
      vertex 10.0718 -3.58268 0.302925
      vertex 10.357 -3.66642 0.599999
    endloop
  endfacet
  facet normal 0.666178 -0.238313 -0.706692
    outer loop
      vertex 10.0718 -3.58268 0.302925
      vertex 10.1627 -4.20952 0.599999
      vertex 9.60835 -3.97991 0
    endloop
  endfacet
  facet normal 0.686406 -0.171915 -0.706606
    outer loop
      vertex 10.3042 -2.40026 0.191368
      vertex 10.1207 -2.34636 0
      vertex 10.2002 -2.02894 0
    endloop
  endfacet
  facet normal 0.171954 -0.686345 0.706656
    outer loop
      vertex 3.01896 -9.95218 9
      vertex 2.07457 -10.213 8.97648
      vertex 3.19313 -10.5263 8.4
    endloop
  endfacet
  facet normal 0.171845 -0.685984 0.707033
    outer loop
      vertex 2.07457 -10.213 8.97648
      vertex 3.01896 -9.95218 9
      vertex 2.07121 -10.1896 9
    endloop
  endfacet
  facet normal 0 0 1
    outer loop
      vertex 3.733 9.61846 9
      vertex 0.574024 1.38582 9
      vertex 0.833355 1.2472 9
    endloop
  endfacet
  facet normal 0 0 1
    outer loop
      vertex 2.05974 10.1098 9
      vertex 0.292635 1.47118 9
      vertex 0.574024 1.38582 9
    endloop
  endfacet
  facet normal 0 0 1
    outer loop
      vertex 0 10.4 9
      vertex 0.871949 10.2805 9
      vertex 0.882887 10.3566 9
    endloop
  endfacet
  facet normal 0 0 1
    outer loop
      vertex -0.871949 10.2805 9
      vertex 0.871949 10.2805 9
      vertex 0 10.4 9
    endloop
  endfacet
  facet normal 0 0 1
    outer loop
      vertex 0.871949 10.2805 9
      vertex 0 1.5 9
      vertex 0.292635 1.47118 9
    endloop
  endfacet
  facet normal 0 0 1
    outer loop
      vertex 0.871949 10.2805 9
      vertex -0.871949 10.2805 9
      vertex 0 1.5 9
    endloop
  endfacet
  facet normal 0 0 1
    outer loop
      vertex 0 1.5 9
      vertex -0.871949 10.2805 9
      vertex -0.292635 1.47118 9
    endloop
  endfacet
  facet normal -0 0 1
    outer loop
      vertex -2.05974 10.1098 9
      vertex -0.292635 1.47118 9
      vertex -0.871949 10.2805 9
    endloop
  endfacet
  facet normal -0 0 1
    outer loop
      vertex -3.733 9.61846 9
      vertex -0.292635 1.47118 9
      vertex -2.05974 10.1098 9
    endloop
  endfacet
  facet normal 0 -0 1
    outer loop
      vertex -0.871949 10.2805 9
      vertex 0 10.4 9
      vertex -0.882887 10.3566 9
    endloop
  endfacet
  facet normal -0 0 1
    outer loop
      vertex 1.38582 -0.574024 9
      vertex 3.733 -9.61846 9
      vertex 1.47118 -0.292635 9
    endloop
  endfacet
  facet normal -0 0 1
    outer loop
      vertex 1.2472 -0.833355 9
      vertex 3.733 -9.61846 9
      vertex 1.38582 -0.574024 9
    endloop
  endfacet
  facet normal -0 0 1
    outer loop
      vertex 1.06066 -1.06066 9
      vertex 3.733 -9.61846 9
      vertex 1.2472 -0.833355 9
    endloop
  endfacet
  facet normal -0 0 1
    outer loop
      vertex 0.833355 -1.2472 9
      vertex 3.733 -9.61846 9
      vertex 1.06066 -1.06066 9
    endloop
  endfacet
  facet normal -0 0 1
    outer loop
      vertex 0.574024 -1.38582 9
      vertex 3.733 -9.61846 9
      vertex 0.833355 -1.2472 9
    endloop
  endfacet
  facet normal -0 0 1
    outer loop
      vertex 0.292635 -1.47118 9
      vertex 3.733 -9.61846 9
      vertex 0.574024 -1.38582 9
    endloop
  endfacet
  facet normal 0 0 1
    outer loop
      vertex 2.05974 10.1098 9
      vertex 3.733 9.61846 9
      vertex 3.01896 9.95218 9
    endloop
  endfacet
  facet normal 0 0 1
    outer loop
      vertex 3.01896 9.95218 9
      vertex 3.733 9.61846 9
      vertex 3.76371 9.68571 9
    endloop
  endfacet
  facet normal 0 0 1
    outer loop
      vertex 4.82455 9.11996 9
      vertex 6.29162 8.17714 9
      vertex 5.77793 8.64728 9
    endloop
  endfacet
  facet normal 0 0 1
    outer loop
      vertex 5.77793 8.64728 9
      vertex 6.29162 8.17714 9
      vertex 6.33865 8.23142 9
    endloop
  endfacet
  facet normal 0 0 1
    outer loop
      vertex 7.19851 7.3913 9
      vertex 8.34053 6.07335 9
      vertex 8.03931 6.59769 9
    endloop
  endfacet
  facet normal 0 0 1
    outer loop
      vertex 8.03931 6.59769 9
      vertex 8.34053 6.07335 9
      vertex 8.39989 6.1115 9
    endloop
  endfacet
  facet normal 0 0 1
    outer loop
      vertex 8.9893 5.06385 9
      vertex 9.71374 3.47754 9
      vertex 9.60835 3.97991 9
    endloop
  endfacet
  facet normal 0 0 1
    outer loop
      vertex 9.60835 3.97991 9
      vertex 9.71374 3.47754 9
      vertex 9.78103 3.4973 9
    endloop
  endfacet
  facet normal 0 0 1
    outer loop
      vertex 10.3499 1.01938 9
      vertex 10.3 0.599999 9
      vertex 10.3705 0.599999 9
    endloop
  endfacet
  facet normal 0 0 1
    outer loop
      vertex 10.3499 1.01938 9
      vertex 10.0518 2.32615 9
      vertex 10.3 0.599999 9
    endloop
  endfacet
  facet normal 0 0 1
    outer loop
      vertex 10.0518 2.32615 9
      vertex 10.3499 1.01938 9
      vertex 10.2002 2.02894 9
    endloop
  endfacet
  facet normal -0 0 1
    outer loop
      vertex 10.3 -0.599999 9
      vertex 10.3499 -1.01938 9
      vertex 10.3705 -0.599999 9
    endloop
  endfacet
  facet normal 0 0 1
    outer loop
      vertex 10.0518 -2.32615 9
      vertex 10.3499 -1.01938 9
      vertex 10.3 -0.599999 9
    endloop
  endfacet
  facet normal 0 0 1
    outer loop
      vertex 10.3 0.599999 9
      vertex 10.0518 2.32615 9
      vertex 10.3 -0.599999 9
    endloop
  endfacet
  facet normal -0 0 1
    outer loop
      vertex 10.0518 2.32615 9
      vertex 10.2002 2.02894 9
      vertex 10.1207 2.34636 9
    endloop
  endfacet
  facet normal 0 0 1
    outer loop
      vertex 10.0518 -2.32615 9
      vertex 10.3 -0.599999 9
      vertex 10.0518 2.32615 9
    endloop
  endfacet
  facet normal 0 0 1
    outer loop
      vertex 10.3499 -1.01938 9
      vertex 10.0518 -2.32615 9
      vertex 10.2002 -2.02894 9
    endloop
  endfacet
  facet normal 0 0 1
    outer loop
      vertex 10.2002 -2.02894 9
      vertex 10.0518 -2.32615 9
      vertex 10.1207 -2.34636 9
    endloop
  endfacet
  facet normal 0 0 1
    outer loop
      vertex 9.71374 3.47754 9
      vertex 10.0518 -2.32615 9
      vertex 10.0518 2.32615 9
    endloop
  endfacet
  facet normal 0 0 1
    outer loop
      vertex 10.0518 -2.32615 9
      vertex 9.71374 3.47754 9
      vertex 9.71374 -3.47754 9
    endloop
  endfacet
  facet normal 0 0 1
    outer loop
      vertex 9.71374 -3.47754 9
      vertex 9.60835 -3.97991 9
      vertex 9.78103 -3.4973 9
    endloop
  endfacet
  facet normal 0 0 1
    outer loop
      vertex 9.71374 3.47754 9
      vertex 8.9893 5.06385 9
      vertex 9.71374 -3.47754 9
    endloop
  endfacet
  facet normal 0 0 1
    outer loop
      vertex 8.9893 5.06385 9
      vertex 9.60835 3.97991 9
      vertex 9.17198 4.90253 9
    endloop
  endfacet
  facet normal 0 0 1
    outer loop
      vertex 8.9893 -5.06385 9
      vertex 9.71374 -3.47754 9
      vertex 8.9893 5.06385 9
    endloop
  endfacet
  facet normal -0 0 1
    outer loop
      vertex 8.9893 5.06385 9
      vertex 9.17198 4.90253 9
      vertex 9.05138 5.10374 9
    endloop
  endfacet
  facet normal 0 0 1
    outer loop
      vertex 9.71374 -3.47754 9
      vertex 8.9893 -5.06385 9
      vertex 9.60835 -3.97991 9
    endloop
  endfacet
  facet normal 0 0 1
    outer loop
      vertex 9.60835 -3.97991 9
      vertex 8.9893 -5.06385 9
      vertex 9.17198 -4.90253 9
    endloop
  endfacet
  facet normal 0 0 1
    outer loop
      vertex 9.17198 -4.90253 9
      vertex 8.9893 -5.06385 9
      vertex 9.05138 -5.10374 9
    endloop
  endfacet
  facet normal 0 0 1
    outer loop
      vertex 8.34053 6.07335 9
      vertex 8.9893 -5.06385 9
      vertex 8.9893 5.06385 9
    endloop
  endfacet
  facet normal 0 0 1
    outer loop
      vertex 8.9893 -5.06385 9
      vertex 8.34053 6.07335 9
      vertex 8.34053 -6.07335 9
    endloop
  endfacet
  facet normal 0 0 1
    outer loop
      vertex 8.34053 -6.07335 9
      vertex 8.03931 -6.59769 9
      vertex 8.39989 -6.1115 9
    endloop
  endfacet
  facet normal 0 0 1
    outer loop
      vertex 8.34053 6.07335 9
      vertex 7.19851 7.3913 9
      vertex 8.34053 -6.07335 9
    endloop
  endfacet
  facet normal 0 0 1
    outer loop
      vertex 7.19851 7.3913 9
      vertex 8.03931 6.59769 9
      vertex 7.35391 7.35391 9
    endloop
  endfacet
  facet normal 0 0 1
    outer loop
      vertex 7.19851 -7.3913 9
      vertex 8.34053 -6.07335 9
      vertex 7.19851 7.3913 9
    endloop
  endfacet
  facet normal -0 0 1
    outer loop
      vertex 7.19851 7.3913 9
      vertex 7.35391 7.35391 9
      vertex 7.24872 7.44925 9
    endloop
  endfacet
  facet normal 0 0 1
    outer loop
      vertex 8.34053 -6.07335 9
      vertex 7.19851 -7.3913 9
      vertex 8.03931 -6.59769 9
    endloop
  endfacet
  facet normal 0 0 1
    outer loop
      vertex 8.03931 -6.59769 9
      vertex 7.19851 -7.3913 9
      vertex 7.35391 -7.35391 9
    endloop
  endfacet
  facet normal 0 0 1
    outer loop
      vertex 7.35391 -7.35391 9
      vertex 7.19851 -7.3913 9
      vertex 7.24872 -7.44925 9
    endloop
  endfacet
  facet normal 0 0 1
    outer loop
      vertex 6.29162 8.17714 9
      vertex 7.19851 -7.3913 9
      vertex 7.19851 7.3913 9
    endloop
  endfacet
  facet normal 0 0 1
    outer loop
      vertex 7.19851 -7.3913 9
      vertex 6.29162 8.17714 9
      vertex 6.29162 -8.17714 9
    endloop
  endfacet
  facet normal 0 0 1
    outer loop
      vertex 6.29162 -8.17714 9
      vertex 5.77793 -8.64728 9
      vertex 6.33865 -8.23142 9
    endloop
  endfacet
  facet normal 0 0 1
    outer loop
      vertex 6.29162 8.17714 9
      vertex 4.82455 9.11996 9
      vertex 6.29162 -8.17714 9
    endloop
  endfacet
  facet normal -0 0 1
    outer loop
      vertex 4.82455 9.11996 9
      vertex 5.77793 8.64728 9
      vertex 4.90253 9.17198 9
    endloop
  endfacet
  facet normal 0 0 1
    outer loop
      vertex 4.82455 -9.11996 9
      vertex 6.29162 -8.17714 9
      vertex 4.82455 9.11996 9
    endloop
  endfacet
  facet normal 0 0 1
    outer loop
      vertex 4.82455 9.11996 9
      vertex 4.90253 9.17198 9
      vertex 4.85794 9.19307 9
    endloop
  endfacet
  facet normal 0 0 1
    outer loop
      vertex 6.29162 -8.17714 9
      vertex 4.82455 -9.11996 9
      vertex 5.77793 -8.64728 9
    endloop
  endfacet
  facet normal 0 0 1
    outer loop
      vertex 5.77793 -8.64728 9
      vertex 4.82455 -9.11996 9
      vertex 4.90253 -9.17198 9
    endloop
  endfacet
  facet normal 0 0 1
    outer loop
      vertex 4.90253 -9.17198 9
      vertex 4.82455 -9.11996 9
      vertex 4.85794 -9.19307 9
    endloop
  endfacet
  facet normal 0 0 1
    outer loop
      vertex 3.733 9.61846 9
      vertex 4.82455 -9.11996 9
      vertex 4.82455 9.11996 9
    endloop
  endfacet
  facet normal 0 0 1
    outer loop
      vertex 4.82455 -9.11996 9
      vertex 3.733 9.61846 9
      vertex 3.733 -9.61846 9
    endloop
  endfacet
  facet normal 0 0 1
    outer loop
      vertex 3.733 -9.61846 9
      vertex 3.01896 -9.95218 9
      vertex 3.76371 -9.68571 9
    endloop
  endfacet
  facet normal 0 0 1
    outer loop
      vertex 3.733 9.61846 9
      vertex 1.5 0 9
      vertex 3.733 -9.61846 9
    endloop
  endfacet
  facet normal -0 0 1
    outer loop
      vertex 2.05974 10.1098 9
      vertex 3.01896 9.95218 9
      vertex 2.07121 10.1896 9
    endloop
  endfacet
  facet normal 0 0 1
    outer loop
      vertex 0.574024 1.38582 9
      vertex 3.733 9.61846 9
      vertex 2.05974 10.1098 9
    endloop
  endfacet
  facet normal -0 0 1
    outer loop
      vertex 1.47118 -0.292635 9
      vertex 3.733 -9.61846 9
      vertex 1.5 0 9
    endloop
  endfacet
  facet normal 0 0 1
    outer loop
      vertex 3.733 -9.61846 9
      vertex 2.05974 -10.1098 9
      vertex 3.01896 -9.95218 9
    endloop
  endfacet
  facet normal 0 0 1
    outer loop
      vertex 3.01896 -9.95218 9
      vertex 2.05974 -10.1098 9
      vertex 2.07121 -10.1896 9
    endloop
  endfacet
  facet normal 0 0 1
    outer loop
      vertex 3.733 9.61846 9
      vertex 1.47118 0.292635 9
      vertex 1.5 0 9
    endloop
  endfacet
  facet normal 0 0 1
    outer loop
      vertex 3.733 9.61846 9
      vertex 1.38582 0.574024 9
      vertex 1.47118 0.292635 9
    endloop
  endfacet
  facet normal 0 0 1
    outer loop
      vertex 3.733 9.61846 9
      vertex 1.2472 0.833355 9
      vertex 1.38582 0.574024 9
    endloop
  endfacet
  facet normal 0 0 1
    outer loop
      vertex 3.733 9.61846 9
      vertex 1.06066 1.06066 9
      vertex 1.2472 0.833355 9
    endloop
  endfacet
  facet normal 0 0 1
    outer loop
      vertex 0.292635 1.47118 9
      vertex 2.05974 10.1098 9
      vertex 0.871949 10.2805 9
    endloop
  endfacet
  facet normal 0 0 1
    outer loop
      vertex 3.733 9.61846 9
      vertex 0.833355 1.2472 9
      vertex 1.06066 1.06066 9
    endloop
  endfacet
  facet normal 0 0 1
    outer loop
      vertex 3.733 -9.61846 9
      vertex 0.292635 -1.47118 9
      vertex 2.05974 -10.1098 9
    endloop
  endfacet
  facet normal 0 0 1
    outer loop
      vertex 2.05974 -10.1098 9
      vertex 0.292635 -1.47118 9
      vertex 0.871949 -10.2805 9
    endloop
  endfacet
  facet normal -0 0 1
    outer loop
      vertex 0 -1.5 9
      vertex 0.871949 -10.2805 9
      vertex 0.292635 -1.47118 9
    endloop
  endfacet
  facet normal 0 0 1
    outer loop
      vertex 0.871949 -10.2805 9
      vertex 0 -10.4 9
      vertex 0.882887 -10.3566 9
    endloop
  endfacet
  facet normal 0 0 1
    outer loop
      vertex -0.871949 -10.2805 9
      vertex 0.871949 -10.2805 9
      vertex 0 -1.5 9
    endloop
  endfacet
  facet normal 0 0 1
    outer loop
      vertex -0.871949 -10.2805 9
      vertex 0 -1.5 9
      vertex -0.292635 -1.47118 9
    endloop
  endfacet
  facet normal 0 0 1
    outer loop
      vertex -3.733 -9.61846 9
      vertex -0.292635 -1.47118 9
      vertex -0.574024 -1.38582 9
    endloop
  endfacet
  facet normal 0 0 1
    outer loop
      vertex -3.733 -9.61846 9
      vertex -0.574024 -1.38582 9
      vertex -0.833355 -1.2472 9
    endloop
  endfacet
  facet normal 0 0 1
    outer loop
      vertex 0.871949 -10.2805 9
      vertex -0.871949 -10.2805 9
      vertex 0 -10.4 9
    endloop
  endfacet
  facet normal 0 0 1
    outer loop
      vertex 0 -10.4 9
      vertex -0.871949 -10.2805 9
      vertex -0.882887 -10.3566 9
    endloop
  endfacet
  facet normal 0 0 1
    outer loop
      vertex -1.47118 0.292635 9
      vertex -10.3 0.599999 9
      vertex -1.5 0 9
    endloop
  endfacet
  facet normal 0 0 1
    outer loop
      vertex -1.5 0 9
      vertex -10.0518 -2.32615 9
      vertex -9.71374 -3.47754 9
    endloop
  endfacet
  facet normal 0 0 1
    outer loop
      vertex -10.2002 2.02894 9
      vertex -10.0518 2.32615 9
      vertex -10.1207 2.34636 9
    endloop
  endfacet
  facet normal 0 0 1
    outer loop
      vertex -10.3 -0.599999 9
      vertex -1.5 0 9
      vertex -10.3 0.599999 9
    endloop
  endfacet
  facet normal 0 0 1
    outer loop
      vertex -10.3499 1.01938 9
      vertex -10.0518 2.32615 9
      vertex -10.2002 2.02894 9
    endloop
  endfacet
  facet normal 0 0 1
    outer loop
      vertex -1.5 0 9
      vertex -10.3 -0.599999 9
      vertex -10.0518 -2.32615 9
    endloop
  endfacet
  facet normal -0 0 1
    outer loop
      vertex -10.3499 -1.01938 9
      vertex -10.0518 -2.32615 9
      vertex -10.3 -0.599999 9
    endloop
  endfacet
  facet normal 0 0 1
    outer loop
      vertex -10.0518 2.32615 9
      vertex -10.3499 1.01938 9
      vertex -10.3 0.599999 9
    endloop
  endfacet
  facet normal 0 0 1
    outer loop
      vertex -10.3 0.599999 9
      vertex -10.3499 1.01938 9
      vertex -10.3705 0.599999 9
    endloop
  endfacet
  facet normal -0 0 1
    outer loop
      vertex -10.0518 2.32615 9
      vertex -1.47118 0.292635 9
      vertex -9.71374 3.47754 9
    endloop
  endfacet
  facet normal 0 0 1
    outer loop
      vertex -1.5 0 9
      vertex -8.9893 -5.06385 9
      vertex -8.34053 -6.07335 9
    endloop
  endfacet
  facet normal 0 0 1
    outer loop
      vertex -9.17198 4.90253 9
      vertex -8.9893 5.06385 9
      vertex -9.05138 5.10374 9
    endloop
  endfacet
  facet normal -0 0 1
    outer loop
      vertex -10.3 0.599999 9
      vertex -1.47118 0.292635 9
      vertex -10.0518 2.32615 9
    endloop
  endfacet
  facet normal 0 0 1
    outer loop
      vertex -9.60835 3.97991 9
      vertex -8.9893 5.06385 9
      vertex -9.17198 4.90253 9
    endloop
  endfacet
  facet normal 0 0 1
    outer loop
      vertex -1.5 0 9
      vertex -9.71374 -3.47754 9
      vertex -8.9893 -5.06385 9
    endloop
  endfacet
  facet normal 0 0 1
    outer loop
      vertex -8.9893 5.06385 9
      vertex -9.60835 3.97991 9
      vertex -9.71374 3.47754 9
    endloop
  endfacet
  facet normal -0 -0 1
    outer loop
      vertex -9.60835 -3.97991 9
      vertex -8.9893 -5.06385 9
      vertex -9.71374 -3.47754 9
    endloop
  endfacet
  facet normal 0 0 1
    outer loop
      vertex -8.9893 -5.06385 9
      vertex -9.17198 -4.90253 9
      vertex -9.05138 -5.10374 9
    endloop
  endfacet
  facet normal 0 -0 1
    outer loop
      vertex -9.71374 3.47754 9
      vertex -9.60835 3.97991 9
      vertex -9.78103 3.4973 9
    endloop
  endfacet
  facet normal -0 0 1
    outer loop
      vertex -9.71374 3.47754 9
      vertex -1.38582 0.574024 9
      vertex -8.9893 5.06385 9
    endloop
  endfacet
  facet normal 0 0 1
    outer loop
      vertex -1.5 0 9
      vertex -7.19851 -7.3913 9
      vertex -6.29162 -8.17714 9
    endloop
  endfacet
  facet normal 0 0 1
    outer loop
      vertex -7.35391 7.35391 9
      vertex -7.19851 7.3913 9
      vertex -7.24872 7.44925 9
    endloop
  endfacet
  facet normal 0 0 1
    outer loop
      vertex -1.38582 0.574024 9
      vertex -9.71374 3.47754 9
      vertex -1.47118 0.292635 9
    endloop
  endfacet
  facet normal 0 0 1
    outer loop
      vertex -8.03931 6.59769 9
      vertex -7.19851 7.3913 9
      vertex -7.35391 7.35391 9
    endloop
  endfacet
  facet normal 0 0 1
    outer loop
      vertex -1.5 0 9
      vertex -8.34053 -6.07335 9
      vertex -7.19851 -7.3913 9
    endloop
  endfacet
  facet normal 0 0 1
    outer loop
      vertex -7.19851 7.3913 9
      vertex -8.03931 6.59769 9
      vertex -8.34053 6.07335 9
    endloop
  endfacet
  facet normal -0 -0 1
    outer loop
      vertex -8.03931 -6.59769 9
      vertex -7.19851 -7.3913 9
      vertex -8.34053 -6.07335 9
    endloop
  endfacet
  facet normal 0 0 1
    outer loop
      vertex -7.19851 -7.3913 9
      vertex -7.35391 -7.35391 9
      vertex -7.24872 -7.44925 9
    endloop
  endfacet
  facet normal 0 -0 1
    outer loop
      vertex -8.34053 6.07335 9
      vertex -8.03931 6.59769 9
      vertex -8.39989 6.1115 9
    endloop
  endfacet
  facet normal -0 0 1
    outer loop
      vertex -8.9893 5.06385 9
      vertex -1.2472 0.833355 9
      vertex -8.34053 6.07335 9
    endloop
  endfacet
  facet normal 0 0 1
    outer loop
      vertex -1.5 0 9
      vertex -4.82455 -9.11996 9
      vertex -3.733 -9.61846 9
    endloop
  endfacet
  facet normal -0 0 1
    outer loop
      vertex -4.90253 9.17198 9
      vertex -4.82455 9.11996 9
      vertex -4.85794 9.19307 9
    endloop
  endfacet
  facet normal 0 0 1
    outer loop
      vertex -1.2472 0.833355 9
      vertex -8.9893 5.06385 9
      vertex -1.38582 0.574024 9
    endloop
  endfacet
  facet normal 0 0 1
    outer loop
      vertex -5.77793 8.64728 9
      vertex -4.82455 9.11996 9
      vertex -4.90253 9.17198 9
    endloop
  endfacet
  facet normal 0 0 1
    outer loop
      vertex -1.5 0 9
      vertex -6.29162 -8.17714 9
      vertex -4.82455 -9.11996 9
    endloop
  endfacet
  facet normal 0 0 1
    outer loop
      vertex -4.82455 9.11996 9
      vertex -5.77793 8.64728 9
      vertex -6.29162 8.17714 9
    endloop
  endfacet
  facet normal -0 -0 1
    outer loop
      vertex -5.77793 -8.64728 9
      vertex -4.82455 -9.11996 9
      vertex -6.29162 -8.17714 9
    endloop
  endfacet
  facet normal 0 0 1
    outer loop
      vertex -4.82455 -9.11996 9
      vertex -4.90253 -9.17198 9
      vertex -4.85794 -9.19307 9
    endloop
  endfacet
  facet normal 0 -0 1
    outer loop
      vertex -6.29162 8.17714 9
      vertex -5.77793 8.64728 9
      vertex -6.33865 8.23142 9
    endloop
  endfacet
  facet normal 0 0 1
    outer loop
      vertex -2.05974 -10.1098 9
      vertex -3.733 -9.61846 9
      vertex -3.01896 -9.95218 9
    endloop
  endfacet
  facet normal 0 0 1
    outer loop
      vertex -3.01896 -9.95218 9
      vertex -3.733 -9.61846 9
      vertex -3.76371 -9.68571 9
    endloop
  endfacet
  facet normal 0 0 1
    outer loop
      vertex -4.82455 -9.11996 9
      vertex -5.77793 -8.64728 9
      vertex -4.90253 -9.17198 9
    endloop
  endfacet
  facet normal 0 0 1
    outer loop
      vertex -5.77793 -8.64728 9
      vertex -6.29162 -8.17714 9
      vertex -6.33865 -8.23142 9
    endloop
  endfacet
  facet normal 0 0 1
    outer loop
      vertex -7.19851 -7.3913 9
      vertex -8.03931 -6.59769 9
      vertex -7.35391 -7.35391 9
    endloop
  endfacet
  facet normal 0 0 1
    outer loop
      vertex -8.03931 -6.59769 9
      vertex -8.34053 -6.07335 9
      vertex -8.39989 -6.1115 9
    endloop
  endfacet
  facet normal 0 0 1
    outer loop
      vertex -8.9893 -5.06385 9
      vertex -9.60835 -3.97991 9
      vertex -9.17198 -4.90253 9
    endloop
  endfacet
  facet normal 0 0 1
    outer loop
      vertex -9.60835 -3.97991 9
      vertex -9.71374 -3.47754 9
      vertex -9.78103 -3.4973 9
    endloop
  endfacet
  facet normal 0 0 1
    outer loop
      vertex -10.0518 -2.32615 9
      vertex -10.2002 -2.02894 9
      vertex -10.1207 -2.34636 9
    endloop
  endfacet
  facet normal 0 0 1
    outer loop
      vertex -10.0518 -2.32615 9
      vertex -10.3499 -1.01938 9
      vertex -10.2002 -2.02894 9
    endloop
  endfacet
  facet normal 0 -0 1
    outer loop
      vertex -10.3499 -1.01938 9
      vertex -10.3 -0.599999 9
      vertex -10.3705 -0.599999 9
    endloop
  endfacet
  facet normal 0 0 1
    outer loop
      vertex -3.733 -9.61846 9
      vertex -0.833355 -1.2472 9
      vertex -1.06066 -1.06066 9
    endloop
  endfacet
  facet normal 0 0 1
    outer loop
      vertex -3.733 -9.61846 9
      vertex -1.06066 -1.06066 9
      vertex -1.2472 -0.833355 9
    endloop
  endfacet
  facet normal 0 0 1
    outer loop
      vertex -3.733 -9.61846 9
      vertex -1.2472 -0.833355 9
      vertex -1.38582 -0.574024 9
    endloop
  endfacet
  facet normal 0 0 1
    outer loop
      vertex -3.733 -9.61846 9
      vertex -1.38582 -0.574024 9
      vertex -1.47118 -0.292635 9
    endloop
  endfacet
  facet normal 0 0 1
    outer loop
      vertex -3.733 -9.61846 9
      vertex -1.47118 -0.292635 9
      vertex -1.5 0 9
    endloop
  endfacet
  facet normal 0 0 1
    outer loop
      vertex -0.292635 -1.47118 9
      vertex -2.05974 -10.1098 9
      vertex -0.871949 -10.2805 9
    endloop
  endfacet
  facet normal -0 0 1
    outer loop
      vertex -8.34053 6.07335 9
      vertex -1.06066 1.06066 9
      vertex -7.19851 7.3913 9
    endloop
  endfacet
  facet normal 0 0 1
    outer loop
      vertex -3.01896 9.95218 9
      vertex -2.05974 10.1098 9
      vertex -2.07121 10.1896 9
    endloop
  endfacet
  facet normal 0 0 1
    outer loop
      vertex -1.06066 1.06066 9
      vertex -8.34053 6.07335 9
      vertex -1.2472 0.833355 9
    endloop
  endfacet
  facet normal 0 0 1
    outer loop
      vertex -2.05974 10.1098 9
      vertex -3.01896 9.95218 9
      vertex -3.733 9.61846 9
    endloop
  endfacet
  facet normal 0 0 1
    outer loop
      vertex -0.292635 -1.47118 9
      vertex -3.733 -9.61846 9
      vertex -2.05974 -10.1098 9
    endloop
  endfacet
  facet normal 0 0 1
    outer loop
      vertex -2.05974 -10.1098 9
      vertex -3.01896 -9.95218 9
      vertex -2.07121 -10.1896 9
    endloop
  endfacet
  facet normal 0 -0 1
    outer loop
      vertex -3.733 9.61846 9
      vertex -3.01896 9.95218 9
      vertex -3.76371 9.68571 9
    endloop
  endfacet
  facet normal 0 0 1
    outer loop
      vertex -0.292635 1.47118 9
      vertex -3.733 9.61846 9
      vertex -0.574024 1.38582 9
    endloop
  endfacet
  facet normal -0 0 1
    outer loop
      vertex -4.82455 9.11996 9
      vertex -0.574024 1.38582 9
      vertex -3.733 9.61846 9
    endloop
  endfacet
  facet normal 0 0 1
    outer loop
      vertex -0.574024 1.38582 9
      vertex -4.82455 9.11996 9
      vertex -0.833355 1.2472 9
    endloop
  endfacet
  facet normal -0 0 1
    outer loop
      vertex -6.29162 8.17714 9
      vertex -0.833355 1.2472 9
      vertex -4.82455 9.11996 9
    endloop
  endfacet
  facet normal 0 0 1
    outer loop
      vertex -0.833355 1.2472 9
      vertex -6.29162 8.17714 9
      vertex -1.06066 1.06066 9
    endloop
  endfacet
  facet normal -0 0 1
    outer loop
      vertex -7.19851 7.3913 9
      vertex -1.06066 1.06066 9
      vertex -6.29162 8.17714 9
    endloop
  endfacet
  facet normal 0.97004 0.242943 0
    outer loop
      vertex 10.7886 2.14599 8.4
      vertex 10.6961 2.51533 0.599999
      vertex 10.6961 2.51533 8.4
    endloop
  endfacet
  facet normal 0.97004 0.242943 0
    outer loop
      vertex 10.6961 2.51533 0.599999
      vertex 10.7886 2.14599 8.4
      vertex 10.7886 2.14599 0.599999
    endloop
  endfacet
  facet normal 0.686356 0.171896 -0.706659
    outer loop
      vertex 10.7886 2.14599 0.599999
      vertex 10.3042 2.40026 0.191368
      vertex 10.6961 2.51533 0.599999
    endloop
  endfacet
  facet normal 0.686364 0.171944 -0.706639
    outer loop
      vertex 10.3042 2.40026 0.191368
      vertex 10.7886 2.14599 0.599999
      vertex 10.2002 2.02894 0
    endloop
  endfacet
  facet normal 0.706673 0.0347118 -0.706688
    outer loop
      vertex 10.3499 1.01938 0
      vertex 10.7044 0.599999 0.333893
      vertex 10.3705 0.599999 0
    endloop
  endfacet
  facet normal 0.706685 0.0347322 -0.706675
    outer loop
      vertex 10.7044 0.599999 0.333893
      vertex 10.3499 1.01938 0
      vertex 10.947 1.07819 0.599999
    endloop
  endfacet
  facet normal 0.699885 0.103781 -0.706676
    outer loop
      vertex 10.3499 1.01938 0
      vertex 10.2002 2.02894 0
      vertex 10.947 1.07819 0.599999
    endloop
  endfacet
  facet normal 0.171954 -0.686346 -0.706654
    outer loop
      vertex 2.15695 -10.7859 0.599999
      vertex 2.07457 -10.213 0.0235173
      vertex 3.19313 -10.5263 0.599999
    endloop
  endfacet
  facet normal 0.524247 0.475154 -0.706678
    outer loop
      vertex 8.50311 6.97833 0.599999
      vertex 7.35391 7.35391 0
      vertex 7.77817 7.77817 0.599999
    endloop
  endfacet
  facet normal 0.475153 0.524248 -0.706678
    outer loop
      vertex 7.30248 7.51128 0.0821644
      vertex 7.77817 7.77817 0.599999
      vertex 7.35391 7.35391 0
    endloop
  endfacet
  facet normal 0.475156 0.524245 -0.706678
    outer loop
      vertex 7.77817 7.77817 0.599999
      vertex 7.30248 7.51128 0.0821644
      vertex 7.64126 7.90226 0.599999
    endloop
  endfacet
  facet normal 0.903978 0.427579 0
    outer loop
      vertex 10.1627 4.20952 8.4
      vertex 9.70113 5.18536 0.599999
      vertex 9.70113 5.18536 8.4
    endloop
  endfacet
  facet normal 0.903978 0.427579 0
    outer loop
      vertex 9.70113 5.18536 0.599999
      vertex 10.1627 4.20952 8.4
      vertex 10.1627 4.20952 0.599999
    endloop
  endfacet
  facet normal 0.302499 -0.639611 0.706677
    outer loop
      vertex 4.90253 -9.17198 9
      vertex 5.08649 -9.69352 8.44921
      vertex 5.18536 -9.70113 8.4
    endloop
  endfacet
  facet normal 0.302517 -0.639604 0.706676
    outer loop
      vertex 5.08649 -9.69352 8.44921
      vertex 4.90253 -9.17198 9
      vertex 4.85794 -9.19307 9
    endloop
  endfacet
  facet normal -0.238363 -0.666194 0.70666
    outer loop
      vertex -3.81581 -9.79981 8.87486
      vertex -3.01896 -9.95218 9
      vertex -3.76371 -9.68571 9
    endloop
  endfacet
  facet normal -0.238363 -0.666198 0.706656
    outer loop
      vertex -3.01896 -9.95218 9
      vertex -3.81581 -9.79981 8.87486
      vertex -3.19313 -10.5263 8.4
    endloop
  endfacet
  facet normal -0.238323 -0.666183 -0.706684
    outer loop
      vertex -3.19313 -10.5263 0.599999
      vertex -4.01355 -10.2328 0.599999
      vertex -3.81581 -9.79981 0.125138
    endloop
  endfacet
  facet normal 0.475156 -0.524245 -0.706678
    outer loop
      vertex 7.30248 -7.51128 0.0821644
      vertex 7.77817 -7.77817 0.599999
      vertex 7.64126 -7.90226 0.599999
    endloop
  endfacet
  facet normal 0.475153 -0.524248 -0.706678
    outer loop
      vertex 7.77817 -7.77817 0.599999
      vertex 7.30248 -7.51128 0.0821644
      vertex 7.35391 -7.35391 0
    endloop
  endfacet
  facet normal 0.595695 -0.803211 0
    outer loop
      vertex 6.11127 -9.14616 0.599999
      vertex 6.73223 -8.68563 8.4
      vertex 6.11127 -9.14616 8.4
    endloop
  endfacet
  facet normal 0.595695 -0.803211 0
    outer loop
      vertex 6.73223 -8.68563 8.4
      vertex 6.11127 -9.14616 0.599999
      vertex 6.73223 -8.68563 0.599999
    endloop
  endfacet
  facet normal 0.427611 -0.903963 0
    outer loop
      vertex 5.10691 -9.73824 0.599999
      vertex 5.18536 -9.70113 8.4
      vertex 5.10691 -9.73824 8.4
    endloop
  endfacet
  facet normal 0.427611 -0.903963 0
    outer loop
      vertex 5.18536 -9.70113 8.4
      vertex 5.10691 -9.73824 0.599999
      vertex 5.18536 -9.70113 0.599999
    endloop
  endfacet
  facet normal 0.238323 -0.666183 0.706685
    outer loop
      vertex 3.81581 -9.79981 8.87486
      vertex 3.19313 -10.5263 8.4
      vertex 4.01355 -10.2328 8.4
    endloop
  endfacet
  facet normal 0.524247 0.475155 0.706677
    outer loop
      vertex 7.77817 7.77817 8.4
      vertex 7.35391 7.35391 9
      vertex 8.50311 6.97833 8.4
    endloop
  endfacet
  facet normal 0.475157 -0.524248 -0.706675
    outer loop
      vertex 7.30248 -7.51128 0.0821644
      vertex 7.24872 -7.44925 0
      vertex 7.35391 -7.35391 0
    endloop
  endfacet
  facet normal 0.421474 -0.568299 -0.706679
    outer loop
      vertex 6.11127 -9.14616 0.599999
      vertex 6.61218 -8.54709 0.416988
      vertex 6.73223 -8.68563 0.599999
    endloop
  endfacet
  facet normal 0.421474 -0.568299 -0.70668
    outer loop
      vertex 6.61218 -8.54709 0.416988
      vertex 6.11127 -9.14616 0.599999
      vertex 5.77793 -8.64728 0
    endloop
  endfacet
  facet normal -0.699915 -0.103827 -0.706639
    outer loop
      vertex -10.7886 -2.14599 0.599999
      vertex -10.947 -1.07819 0.599999
      vertex -10.2002 -2.02894 0
    endloop
  endfacet
  facet normal 0.302515 0.639602 -0.706678
    outer loop
      vertex 4.90253 9.17198 0
      vertex 5.08649 9.69352 0.550787
      vertex 5.18536 9.70113 0.599999
    endloop
  endfacet
  facet normal 0.302516 0.639602 -0.706678
    outer loop
      vertex 5.08649 9.69352 0.550787
      vertex 4.90253 9.17198 0
      vertex 4.85794 9.19307 0
    endloop
  endfacet
  facet normal 0.363745 0.606872 -0.70668
    outer loop
      vertex 5.77793 8.64728 0
      vertex 5.18536 9.70113 0.599999
      vertex 6.11127 9.14616 0.599999
    endloop
  endfacet
  facet normal 0.421476 0.568292 -0.706684
    outer loop
      vertex 6.33865 8.23142 0
      vertex 5.77793 8.64728 0
      vertex 6.61218 8.54709 0.416988
    endloop
  endfacet
  facet normal -0.171954 -0.686346 -0.706654
    outer loop
      vertex -2.15695 -10.7859 0.599999
      vertex -3.19313 -10.5263 0.599999
      vertex -2.07457 -10.213 0.0235173
    endloop
  endfacet
  facet normal -0.0347206 -0.70668 -0.706681
    outer loop
      vertex 0 -11 0.599999
      vertex -0.959087 -10.8866 0.533721
      vertex 0 -10.4 0
    endloop
  endfacet
  facet normal -0.0347337 -0.706749 -0.706611
    outer loop
      vertex -0.959087 -10.8866 0.533721
      vertex 0 -11 0.599999
      vertex -0.968549 -10.9524 0.599999
    endloop
  endfacet
  facet normal -0.238363 0.666198 0.706656
    outer loop
      vertex -3.81581 9.79981 8.87486
      vertex -3.01896 9.95218 9
      vertex -3.19313 10.5263 8.4
    endloop
  endfacet
  facet normal -0.238363 0.666194 0.70666
    outer loop
      vertex -3.01896 9.95218 9
      vertex -3.81581 9.79981 8.87486
      vertex -3.76371 9.68571 9
    endloop
  endfacet
  facet normal 0.0347374 -0.706663 0.706697
    outer loop
      vertex 0.882887 -10.3566 9
      vertex 0 -10.4 9
      vertex 0.959087 -10.8866 8.46628
    endloop
  endfacet
  facet normal -0.171954 0.686345 0.706656
    outer loop
      vertex -2.15695 10.7859 8.4
      vertex -3.19313 10.5263 8.4
      vertex -2.07457 10.213 8.97648
    endloop
  endfacet
  facet normal 0.56829 0.421469 -0.706689
    outer loop
      vertex 8.03931 6.59769 0
      vertex 8.59237 6.2352 0.228559
      vertex 8.39989 6.1115 0
    endloop
  endfacet
  facet normal 0.568294 0.421481 -0.70668
    outer loop
      vertex 8.59237 6.2352 0.228559
      vertex 8.03931 6.59769 0
      vertex 8.50311 6.97833 0.599999
    endloop
  endfacet
  facet normal -0.639604 0.302512 -0.706678
    outer loop
      vertex -9.60835 3.97991 0
      vertex -9.70113 5.18536 0.599999
      vertex -9.17198 4.90253 0
    endloop
  endfacet
  facet normal 0.524247 0.475151 -0.70668
    outer loop
      vertex 8.03931 6.59769 0
      vertex 7.35391 7.35391 0
      vertex 8.50311 6.97833 0.599999
    endloop
  endfacet
  facet normal 0.238323 0.666183 0.706685
    outer loop
      vertex 4.01355 10.2328 8.4
      vertex 3.19313 10.5263 8.4
      vertex 3.81581 9.79981 8.87486
    endloop
  endfacet
  facet normal 0.0347342 0.70676 0.7066
    outer loop
      vertex 0 11 8.4
      vertex 0.959087 10.8866 8.46628
      vertex 0.968549 10.9524 8.4
    endloop
  endfacet
  facet normal 0.0347193 0.70668 0.70668
    outer loop
      vertex 0.959087 10.8866 8.46628
      vertex 0 11 8.4
      vertex 0 10.4 9
    endloop
  endfacet
  facet normal 0.524247 -0.475154 -0.706678
    outer loop
      vertex 7.77817 -7.77817 0.599999
      vertex 7.35391 -7.35391 0
      vertex 8.50311 -6.97833 0.599999
    endloop
  endfacet
  facet normal -0.686406 -0.171915 -0.706606
    outer loop
      vertex -10.1207 -2.34636 0
      vertex -10.3042 -2.40026 0.191368
      vertex -10.2002 -2.02894 0
    endloop
  endfacet
  facet normal -0.421475 0.568299 0.706679
    outer loop
      vertex -6.11127 9.14616 8.4
      vertex -6.61218 8.54709 8.58301
      vertex -5.77793 8.64728 9
    endloop
  endfacet
  facet normal -0.421473 0.568297 0.706681
    outer loop
      vertex -6.61218 8.54709 8.58301
      vertex -6.11127 9.14616 8.4
      vertex -6.73223 8.68563 8.4
    endloop
  endfacet
  facet normal -0.363746 0.606872 0.706679
    outer loop
      vertex -5.18536 9.70113 8.4
      vertex -6.11127 9.14616 8.4
      vertex -5.77793 8.64728 9
    endloop
  endfacet
  facet normal -0.0347342 -0.70676 0.7066
    outer loop
      vertex 0 -11 8.4
      vertex -0.959087 -10.8866 8.46628
      vertex -0.968549 -10.9524 8.4
    endloop
  endfacet
  facet normal -0.0347193 -0.70668 0.70668
    outer loop
      vertex -0.959087 -10.8866 8.46628
      vertex 0 -11 8.4
      vertex 0 -10.4 9
    endloop
  endfacet
  facet normal -0.706693 0.0347294 0.706667
    outer loop
      vertex -10.947 1.07819 8.4
      vertex -10.9705 0.599999 8.4
      vertex -10.7044 0.599999 8.66611
    endloop
  endfacet
  facet normal -0.475169 -0.524233 0.706678
    outer loop
      vertex -7.77817 -7.77817 8.4
      vertex -7.30248 -7.51128 8.91784
      vertex -7.35391 -7.35391 9
    endloop
  endfacet
  facet normal -0.475158 -0.524248 0.706675
    outer loop
      vertex -7.30248 -7.51128 8.91784
      vertex -7.77817 -7.77817 8.4
      vertex -7.64126 -7.90226 8.4
    endloop
  endfacet
  facet normal -0.639584 -0.302522 0.706692
    outer loop
      vertex -9.60835 -3.97991 9
      vertex -10.1627 -4.20952 8.4
      vertex -9.70113 -5.18536 8.4
    endloop
  endfacet
  facet normal -0.857749 -0.514069 0
    outer loop
      vertex -9.55577 -5.4279 0.599999
      vertex -9.70113 -5.18536 8.4
      vertex -9.70113 -5.18536 0.599999
    endloop
  endfacet
  facet normal -0.857749 -0.514069 0
    outer loop
      vertex -9.70113 -5.18536 8.4
      vertex -9.55577 -5.4279 0.599999
      vertex -9.55577 -5.4279 8.4
    endloop
  endfacet
  facet normal 0.568291 -0.42147 0.706688
    outer loop
      vertex 8.03931 -6.59769 9
      vertex 8.59237 -6.2352 8.77144
      vertex 8.39989 -6.1115 9
    endloop
  endfacet
  facet normal 0.568295 -0.421481 0.706679
    outer loop
      vertex 8.59237 -6.2352 8.77144
      vertex 8.03931 -6.59769 9
      vertex 8.50311 -6.97833 8.4
    endloop
  endfacet
  facet normal 0.171954 0.686345 0.706656
    outer loop
      vertex 2.07457 10.213 8.97648
      vertex 3.01896 9.95218 9
      vertex 3.19313 10.5263 8.4
    endloop
  endfacet
  facet normal 0.171845 0.685984 0.707033
    outer loop
      vertex 3.01896 9.95218 9
      vertex 2.07457 10.213 8.97648
      vertex 2.07121 10.1896 9
    endloop
  endfacet
  facet normal -0.989176 0.146737 0
    outer loop
      vertex -10.947 1.07819 0.599999
      vertex -10.7886 2.14599 8.4
      vertex -10.7886 2.14599 0.599999
    endloop
  endfacet
  facet normal -0.989176 0.146737 0
    outer loop
      vertex -10.7886 2.14599 8.4
      vertex -10.947 1.07819 0.599999
      vertex -10.947 1.07819 8.4
    endloop
  endfacet
  facet normal -0.0347374 0.706664 -0.706696
    outer loop
      vertex -0.882887 10.3566 0
      vertex -0.959087 10.8866 0.533721
      vertex 0 10.4 0
    endloop
  endfacet
  facet normal -0.568294 -0.421481 -0.70668
    outer loop
      vertex -8.59237 -6.2352 0.228559
      vertex -8.03931 -6.59769 0
      vertex -8.50311 -6.97833 0.599999
    endloop
  endfacet
  facet normal -0.56829 -0.421469 -0.706689
    outer loop
      vertex -8.03931 -6.59769 0
      vertex -8.59237 -6.2352 0.228559
      vertex -8.39989 -6.1115 0
    endloop
  endfacet
  facet normal 0.421476 -0.568292 -0.706684
    outer loop
      vertex 6.61218 -8.54709 0.416988
      vertex 5.77793 -8.64728 0
      vertex 6.33865 -8.23142 0
    endloop
  endfacet
  facet normal -0.606872 -0.363743 0.70668
    outer loop
      vertex -9.17198 -4.90253 9
      vertex -9.42232 -5.34214 8.55874
      vertex -9.05138 -5.10374 9
    endloop
  endfacet
  facet normal -0.606881 -0.363736 0.706677
    outer loop
      vertex -9.42232 -5.34214 8.55874
      vertex -9.17198 -4.90253 9
      vertex -9.70113 -5.18536 8.4
    endloop
  endfacet
  facet normal -0.686364 -0.171948 0.706639
    outer loop
      vertex -10.7886 -2.14599 8.4
      vertex -10.3042 -2.40026 8.80863
      vertex -10.2002 -2.02894 9
    endloop
  endfacet
  facet normal -0.686355 -0.171895 0.70666
    outer loop
      vertex -10.3042 -2.40026 8.80863
      vertex -10.7886 -2.14599 8.4
      vertex -10.6961 -2.51533 8.4
    endloop
  endfacet
  facet normal 0.363749 -0.606872 -0.706677
    outer loop
      vertex 5.18536 -9.70113 0.599999
      vertex 4.90253 -9.17198 0
      vertex 5.77793 -8.64728 0
    endloop
  endfacet
  facet normal 0.903978 -0.427579 0
    outer loop
      vertex 9.70113 -5.18536 8.4
      vertex 10.1627 -4.20952 0.599999
      vertex 10.1627 -4.20952 8.4
    endloop
  endfacet
  facet normal 0.903978 -0.427579 0
    outer loop
      vertex 10.1627 -4.20952 0.599999
      vertex 9.70113 -5.18536 8.4
      vertex 9.70113 -5.18536 0.599999
    endloop
  endfacet
  facet normal 0.803212 -0.595693 0
    outer loop
      vertex 8.50311 -6.97833 8.4
      vertex 8.90516 -6.43622 0.599999
      vertex 8.90516 -6.43622 8.4
    endloop
  endfacet
  facet normal 0.803212 -0.595693 0
    outer loop
      vertex 8.90516 -6.43622 0.599999
      vertex 8.50311 -6.97833 8.4
      vertex 8.50311 -6.97833 0.599999
    endloop
  endfacet
  facet normal 0.671565 -0.740946 0
    outer loop
      vertex 7.64126 -7.90226 0.599999
      vertex 7.77817 -7.77817 8.4
      vertex 7.64126 -7.90226 8.4
    endloop
  endfacet
  facet normal 0.671565 -0.740946 0
    outer loop
      vertex 7.77817 -7.77817 8.4
      vertex 7.64126 -7.90226 0.599999
      vertex 7.77817 -7.77817 0.599999
    endloop
  endfacet
  facet normal 0.666205 -0.238371 0.706647
    outer loop
      vertex 9.78103 -3.4973 9
      vertex 9.60835 -3.97991 9
      vertex 10.0718 -3.58268 8.69707
    endloop
  endfacet
  facet normal 0.68641 -0.171916 0.706602
    outer loop
      vertex 10.2002 -2.02894 9
      vertex 10.1207 -2.34636 9
      vertex 10.3042 -2.40026 8.80863
    endloop
  endfacet
  facet normal 0.421477 0.568293 0.706683
    outer loop
      vertex 6.61218 8.54709 8.58301
      vertex 5.77793 8.64728 9
      vertex 6.33865 8.23142 9
    endloop
  endfacet
  facet normal -0.666205 0.238371 0.706647
    outer loop
      vertex -9.60835 3.97991 9
      vertex -10.0718 3.58268 8.69707
      vertex -9.78103 3.4973 9
    endloop
  endfacet
  facet normal 0.699915 0.103827 0.706639
    outer loop
      vertex 10.7886 2.14599 8.4
      vertex 10.2002 2.02894 9
      vertex 10.947 1.07819 8.4
    endloop
  endfacet
  facet normal 0.238323 -0.666183 -0.706684
    outer loop
      vertex 4.01355 -10.2328 0.599999
      vertex 3.19313 -10.5263 0.599999
      vertex 3.81581 -9.79981 0.125138
    endloop
  endfacet
  facet normal 0.336838 0.941563 -0
    outer loop
      vertex 4.01355 10.2328 0.599999
      vertex 3.19313 10.5263 8.4
      vertex 4.01355 10.2328 8.4
    endloop
  endfacet
  facet normal 0.336838 0.941563 0
    outer loop
      vertex 3.19313 10.5263 8.4
      vertex 4.01355 10.2328 0.599999
      vertex 3.19313 10.5263 0.599999
    endloop
  endfacet
  facet normal 0.363749 0.606873 0.706677
    outer loop
      vertex 5.18536 9.70113 8.4
      vertex 4.90253 9.17198 9
      vertex 5.77793 8.64728 9
    endloop
  endfacet
  facet normal 0.302529 -0.639542 0.706726
    outer loop
      vertex 5.18536 -9.70113 8.4
      vertex 5.08649 -9.69352 8.44921
      vertex 5.10691 -9.73824 8.4
    endloop
  endfacet
  facet normal 0.238363 -0.666194 0.70666
    outer loop
      vertex 3.01896 -9.95218 9
      vertex 3.81581 -9.79981 8.87486
      vertex 3.76371 -9.68571 9
    endloop
  endfacet
  facet normal 0.238363 -0.666198 0.706656
    outer loop
      vertex 3.81581 -9.79981 8.87486
      vertex 3.01896 -9.95218 9
      vertex 3.19313 -10.5263 8.4
    endloop
  endfacet
  facet normal -0.238323 -0.666183 0.706685
    outer loop
      vertex -3.81581 -9.79981 8.87486
      vertex -4.01355 -10.2328 8.4
      vertex -3.19313 -10.5263 8.4
    endloop
  endfacet
  facet normal -0.302517 -0.639604 0.706676
    outer loop
      vertex -4.90253 -9.17198 9
      vertex -5.08649 -9.69352 8.44921
      vertex -4.85794 -9.19307 9
    endloop
  endfacet
  facet normal -0.302499 -0.639611 0.706677
    outer loop
      vertex -5.08649 -9.69352 8.44921
      vertex -4.90253 -9.17198 9
      vertex -5.18536 -9.70113 8.4
    endloop
  endfacet
  facet normal 0.171956 -0.686344 -0.706657
    outer loop
      vertex 2.07457 -10.213 0.0235173
      vertex 3.01896 -9.95218 0
      vertex 3.19313 -10.5263 0.599999
    endloop
  endfacet
  facet normal 0.171835 -0.685944 -0.707074
    outer loop
      vertex 3.01896 -9.95218 0
      vertex 2.07457 -10.213 0.0235173
      vertex 2.07121 -10.1896 0
    endloop
  endfacet
  facet normal 0.238361 -0.666198 -0.706657
    outer loop
      vertex 3.01896 -9.95218 0
      vertex 3.81581 -9.79981 0.125138
      vertex 3.19313 -10.5263 0.599999
    endloop
  endfacet
  facet normal 0.238361 -0.666189 -0.706666
    outer loop
      vertex 3.81581 -9.79981 0.125138
      vertex 3.01896 -9.95218 0
      vertex 3.76371 -9.68571 0
    endloop
  endfacet
  facet normal -0.68641 0.171916 0.706602
    outer loop
      vertex -10.1207 2.34636 9
      vertex -10.3042 2.40026 8.80863
      vertex -10.2002 2.02894 9
    endloop
  endfacet
  facet normal -0.70667 0.0347116 0.706691
    outer loop
      vertex -10.3499 1.01938 9
      vertex -10.7044 0.599999 8.66611
      vertex -10.3705 0.599999 9
    endloop
  endfacet
  facet normal -0.706685 0.0347378 0.706675
    outer loop
      vertex -10.7044 0.599999 8.66611
      vertex -10.3499 1.01938 9
      vertex -10.947 1.07819 8.4
    endloop
  endfacet
  facet normal 0.514103 -0.857728 0
    outer loop
      vertex 5.18536 -9.70113 0.599999
      vertex 6.11127 -9.14616 8.4
      vertex 5.18536 -9.70113 8.4
    endloop
  endfacet
  facet normal 0.514103 -0.857728 0
    outer loop
      vertex 6.11127 -9.14616 8.4
      vertex 5.18536 -9.70113 0.599999
      vertex 6.11127 -9.14616 0.599999
    endloop
  endfacet
  facet normal -0.0347374 -0.706663 0.706697
    outer loop
      vertex -0.882887 -10.3566 9
      vertex -0.959087 -10.8866 8.46628
      vertex 0 -10.4 9
    endloop
  endfacet
  facet normal -0.706693 -0.0347294 0.706667
    outer loop
      vertex -10.7044 -0.599999 8.66611
      vertex -10.9705 -0.599999 8.4
      vertex -10.947 -1.07819 8.4
    endloop
  endfacet
  facet normal 0.0347337 -0.706749 -0.706611
    outer loop
      vertex 0 -11 0.599999
      vertex 0.959087 -10.8866 0.533721
      vertex 0.968549 -10.9524 0.599999
    endloop
  endfacet
  facet normal 0.0347206 -0.70668 -0.706681
    outer loop
      vertex 0.959087 -10.8866 0.533721
      vertex 0 -11 0.599999
      vertex 0 -10.4 0
    endloop
  endfacet
  facet normal 0.0347374 -0.706664 -0.706696
    outer loop
      vertex 0.959087 -10.8866 0.533721
      vertex 0 -10.4 0
      vertex 0.882887 -10.3566 0
    endloop
  endfacet
  facet normal 0.238323 0.666183 -0.706684
    outer loop
      vertex 3.81581 9.79981 0.125138
      vertex 3.19313 10.5263 0.599999
      vertex 4.01355 10.2328 0.599999
    endloop
  endfacet
  facet normal -0.336838 -0.941563 0
    outer loop
      vertex -4.01355 -10.2328 0.599999
      vertex -3.19313 -10.5263 8.4
      vertex -4.01355 -10.2328 8.4
    endloop
  endfacet
  facet normal -0.336838 -0.941563 -0
    outer loop
      vertex -3.19313 -10.5263 8.4
      vertex -4.01355 -10.2328 0.599999
      vertex -3.19313 -10.5263 0.599999
    endloop
  endfacet
  facet normal -0.699885 -0.103781 -0.706676
    outer loop
      vertex -10.2002 -2.02894 0
      vertex -10.947 -1.07819 0.599999
      vertex -10.3499 -1.01938 0
    endloop
  endfacet
  facet normal -0.0347374 0.706663 0.706697
    outer loop
      vertex 0 10.4 9
      vertex -0.959087 10.8866 8.46628
      vertex -0.882887 10.3566 9
    endloop
  endfacet
  facet normal -0.706673 -0.0347118 -0.706688
    outer loop
      vertex -10.3499 -1.01938 0
      vertex -10.7044 -0.599999 0.333893
      vertex -10.3705 -0.599999 0
    endloop
  endfacet
  facet normal -0.706685 -0.0347322 -0.706675
    outer loop
      vertex -10.7044 -0.599999 0.333893
      vertex -10.3499 -1.01938 0
      vertex -10.947 -1.07819 0.599999
    endloop
  endfacet
  facet normal 0 0 -1
    outer loop
      vertex 0 -10.4 0
      vertex 0.871949 -10.2805 0
      vertex 0.882887 -10.3566 0
    endloop
  endfacet
  facet normal 0 0 -1
    outer loop
      vertex 0 -6.38 0
      vertex 0.871949 -10.2805 0
      vertex 0 -10.4 0
    endloop
  endfacet
  facet normal 0 0 -1
    outer loop
      vertex 0.871949 -10.2805 0
      vertex 0 -6.38 0
      vertex 0.625349 -6.34928 0
    endloop
  endfacet
  facet normal 0 0 -1
    outer loop
      vertex -0.871949 -10.2805 0
      vertex 0 -6.38 0
      vertex 0 -10.4 0
    endloop
  endfacet
  facet normal -0 0 -1
    outer loop
      vertex 0 -6.38 0
      vertex -0.871949 -10.2805 0
      vertex -0.625349 -6.34928 0
    endloop
  endfacet
  facet normal 0 -0 -1
    outer loop
      vertex -0.871949 -10.2805 0
      vertex 0 -10.4 0
      vertex -0.882887 -10.3566 0
    endloop
  endfacet
  facet normal 0 0 -1
    outer loop
      vertex 3.01896 -9.95218 0
      vertex 3.733 -9.61846 0
      vertex 3.76371 -9.68571 0
    endloop
  endfacet
  facet normal 0 0 -1
    outer loop
      vertex 1.85202 -6.10528 0
      vertex 3.733 -9.61846 0
      vertex 3.01896 -9.95218 0
    endloop
  endfacet
  facet normal 0 0 -1
    outer loop
      vertex 3.733 -9.61846 0
      vertex 3.00751 -5.62666 0
      vertex 3.54454 -5.30478 0
    endloop
  endfacet
  facet normal 0 0 -1
    outer loop
      vertex 3.733 -9.61846 0
      vertex 2.44152 -5.89435 0
      vertex 3.00751 -5.62666 0
    endloop
  endfacet
  facet normal 0 0 -1
    outer loop
      vertex 2.05974 -10.1098 0
      vertex 3.01896 -9.95218 0
      vertex 2.07121 -10.1896 0
    endloop
  endfacet
  facet normal 0 0 -1
    outer loop
      vertex 1.85202 -6.10528 0
      vertex 3.01896 -9.95218 0
      vertex 2.05974 -10.1098 0
    endloop
  endfacet
  facet normal 0 0 -1
    outer loop
      vertex 3.733 -9.61846 0
      vertex 1.85202 -6.10528 0
      vertex 2.44152 -5.89435 0
    endloop
  endfacet
  facet normal 0 0 -1
    outer loop
      vertex 2.05974 -10.1098 0
      vertex 1.24468 -6.25741 0
      vertex 1.85202 -6.10528 0
    endloop
  endfacet
  facet normal 0 0 -1
    outer loop
      vertex 0.625349 -6.34928 0
      vertex 2.05974 -10.1098 0
      vertex 0.871949 -10.2805 0
    endloop
  endfacet
  facet normal 0 0 -1
    outer loop
      vertex 2.05974 -10.1098 0
      vertex 0.625349 -6.34928 0
      vertex 1.24468 -6.25741 0
    endloop
  endfacet
  facet normal 0 0 -1
    outer loop
      vertex 8.34053 -6.07335 0
      vertex 6.10528 -1.85202 0
      vertex 6.25741 -1.24468 0
    endloop
  endfacet
  facet normal 0 0 -1
    outer loop
      vertex 7.19851 -7.3913 0
      vertex 5.89435 -2.44152 0
      vertex 6.10528 -1.85202 0
    endloop
  endfacet
  facet normal 0 0 -1
    outer loop
      vertex 5.77793 -8.64728 0
      vertex 6.29162 -8.17714 0
      vertex 6.33865 -8.23142 0
    endloop
  endfacet
  facet normal 0 0 -1
    outer loop
      vertex 3.54454 -5.30478 0
      vertex 6.29162 -8.17714 0
      vertex 5.77793 -8.64728 0
    endloop
  endfacet
  facet normal 0 0 -1
    outer loop
      vertex 7.19851 -7.3913 0
      vertex 5.62666 -3.00751 0
      vertex 5.89435 -2.44152 0
    endloop
  endfacet
  facet normal 0 0 -1
    outer loop
      vertex 7.19851 -7.3913 0
      vertex 5.30478 -3.54454 0
      vertex 5.62666 -3.00751 0
    endloop
  endfacet
  facet normal 0 0 -1
    outer loop
      vertex 7.19851 -7.3913 0
      vertex 4.93181 -4.04743 0
      vertex 5.30478 -3.54454 0
    endloop
  endfacet
  facet normal 0 0 -1
    outer loop
      vertex 4.82455 -9.11996 0
      vertex 5.77793 -8.64728 0
      vertex 4.90253 -9.17198 0
    endloop
  endfacet
  facet normal 0 0 -1
    outer loop
      vertex 4.82455 -9.11996 0
      vertex 4.90253 -9.17198 0
      vertex 4.85794 -9.19307 0
    endloop
  endfacet
  facet normal 0 0 -1
    outer loop
      vertex 3.54454 -5.30478 0
      vertex 5.77793 -8.64728 0
      vertex 4.82455 -9.11996 0
    endloop
  endfacet
  facet normal 0 0 -1
    outer loop
      vertex 7.19851 -7.3913 0
      vertex 4.51134 -4.51134 0
      vertex 4.93181 -4.04743 0
    endloop
  endfacet
  facet normal 0 0 -1
    outer loop
      vertex 7.19851 -7.3913 0
      vertex 4.04743 -4.93181 0
      vertex 4.51134 -4.51134 0
    endloop
  endfacet
  facet normal 0 0 -1
    outer loop
      vertex 3.54454 -5.30478 0
      vertex 4.82455 -9.11996 0
      vertex 3.733 -9.61846 0
    endloop
  endfacet
  facet normal 0 0 -1
    outer loop
      vertex 6.29162 -8.17714 0
      vertex 3.54454 -5.30478 0
      vertex 4.04743 -4.93181 0
    endloop
  endfacet
  facet normal 0 0 -1
    outer loop
      vertex 6.25741 1.24468 0
      vertex 8.34053 6.07335 0
      vertex 6.34928 0.625349 0
    endloop
  endfacet
  facet normal 0 0 -1
    outer loop
      vertex 6.10528 1.85202 0
      vertex 8.34053 6.07335 0
      vertex 6.25741 1.24468 0
    endloop
  endfacet
  facet normal 0 0 -1
    outer loop
      vertex 5.89435 2.44152 0
      vertex 8.34053 6.07335 0
      vertex 6.10528 1.85202 0
    endloop
  endfacet
  facet normal 0 0 -1
    outer loop
      vertex 7.19851 -7.3913 0
      vertex 8.34053 -6.07335 0
      vertex 8.03931 -6.59769 0
    endloop
  endfacet
  facet normal 0 0 -1
    outer loop
      vertex 8.03931 -6.59769 0
      vertex 8.34053 -6.07335 0
      vertex 8.39989 -6.1115 0
    endloop
  endfacet
  facet normal 0 0 -1
    outer loop
      vertex 8.9893 -5.06385 0
      vertex 9.71374 -3.47754 0
      vertex 9.60835 -3.97991 0
    endloop
  endfacet
  facet normal 0 0 -1
    outer loop
      vertex 9.60835 -3.97991 0
      vertex 9.71374 -3.47754 0
      vertex 9.78103 -3.4973 0
    endloop
  endfacet
  facet normal 0 0 -1
    outer loop
      vertex 10.3499 -1.01938 0
      vertex 10.3 -0.599999 0
      vertex 10.3705 -0.599999 0
    endloop
  endfacet
  facet normal -0 0 -1
    outer loop
      vertex 10.3499 -1.01938 0
      vertex 10.0518 -2.32615 0
      vertex 10.3 -0.599999 0
    endloop
  endfacet
  facet normal 0 0 -1
    outer loop
      vertex 10.0518 -2.32615 0
      vertex 10.3499 -1.01938 0
      vertex 10.2002 -2.02894 0
    endloop
  endfacet
  facet normal 0 0 -1
    outer loop
      vertex 10.3 0.599999 0
      vertex 10.3499 1.01938 0
      vertex 10.3705 0.599999 0
    endloop
  endfacet
  facet normal 0 0 -1
    outer loop
      vertex 10.0518 2.32615 0
      vertex 10.3499 1.01938 0
      vertex 10.3 0.599999 0
    endloop
  endfacet
  facet normal -0 0 -1
    outer loop
      vertex 10.3 -0.599999 0
      vertex 10.0518 -2.32615 0
      vertex 10.3 0.599999 0
    endloop
  endfacet
  facet normal 0 0 -1
    outer loop
      vertex 10.0518 -2.32615 0
      vertex 10.2002 -2.02894 0
      vertex 10.1207 -2.34636 0
    endloop
  endfacet
  facet normal 0 0 -1
    outer loop
      vertex 10.0518 2.32615 0
      vertex 10.3 0.599999 0
      vertex 10.0518 -2.32615 0
    endloop
  endfacet
  facet normal 0 0 -1
    outer loop
      vertex 10.3499 1.01938 0
      vertex 10.0518 2.32615 0
      vertex 10.2002 2.02894 0
    endloop
  endfacet
  facet normal 0 0 -1
    outer loop
      vertex 10.2002 2.02894 0
      vertex 10.0518 2.32615 0
      vertex 10.1207 2.34636 0
    endloop
  endfacet
  facet normal 0 0 -1
    outer loop
      vertex 9.71374 -3.47754 0
      vertex 10.0518 2.32615 0
      vertex 10.0518 -2.32615 0
    endloop
  endfacet
  facet normal -0 0 -1
    outer loop
      vertex 10.0518 2.32615 0
      vertex 9.71374 -3.47754 0
      vertex 9.71374 3.47754 0
    endloop
  endfacet
  facet normal 0 0 -1
    outer loop
      vertex 9.71374 3.47754 0
      vertex 9.60835 3.97991 0
      vertex 9.78103 3.4973 0
    endloop
  endfacet
  facet normal -0 0 -1
    outer loop
      vertex 9.71374 -3.47754 0
      vertex 8.9893 -5.06385 0
      vertex 9.71374 3.47754 0
    endloop
  endfacet
  facet normal 0 0 -1
    outer loop
      vertex 8.9893 -5.06385 0
      vertex 9.60835 -3.97991 0
      vertex 9.17198 -4.90253 0
    endloop
  endfacet
  facet normal 0 0 -1
    outer loop
      vertex 8.9893 5.06385 0
      vertex 9.71374 3.47754 0
      vertex 8.9893 -5.06385 0
    endloop
  endfacet
  facet normal 0 0 -1
    outer loop
      vertex 8.9893 -5.06385 0
      vertex 9.17198 -4.90253 0
      vertex 9.05138 -5.10374 0
    endloop
  endfacet
  facet normal 0 0 -1
    outer loop
      vertex 9.71374 3.47754 0
      vertex 8.9893 5.06385 0
      vertex 9.60835 3.97991 0
    endloop
  endfacet
  facet normal 0 0 -1
    outer loop
      vertex 9.60835 3.97991 0
      vertex 8.9893 5.06385 0
      vertex 9.17198 4.90253 0
    endloop
  endfacet
  facet normal 0 0 -1
    outer loop
      vertex 9.17198 4.90253 0
      vertex 8.9893 5.06385 0
      vertex 9.05138 5.10374 0
    endloop
  endfacet
  facet normal 0 0 -1
    outer loop
      vertex 8.34053 -6.07335 0
      vertex 8.9893 5.06385 0
      vertex 8.9893 -5.06385 0
    endloop
  endfacet
  facet normal -0 0 -1
    outer loop
      vertex 8.9893 5.06385 0
      vertex 8.34053 -6.07335 0
      vertex 8.34053 6.07335 0
    endloop
  endfacet
  facet normal 0 0 -1
    outer loop
      vertex 8.34053 6.07335 0
      vertex 8.03931 6.59769 0
      vertex 8.39989 6.1115 0
    endloop
  endfacet
  facet normal 0 0 -1
    outer loop
      vertex 8.34053 -6.07335 0
      vertex 6.38 0 0
      vertex 8.34053 6.07335 0
    endloop
  endfacet
  facet normal 0 0 -1
    outer loop
      vertex 7.19851 -7.3913 0
      vertex 8.03931 -6.59769 0
      vertex 7.35391 -7.35391 0
    endloop
  endfacet
  facet normal 0 0 -1
    outer loop
      vertex 6.34928 0.625349 0
      vertex 8.34053 6.07335 0
      vertex 6.38 0 0
    endloop
  endfacet
  facet normal 0 0 -1
    outer loop
      vertex 7.19851 -7.3913 0
      vertex 7.35391 -7.35391 0
      vertex 7.24872 -7.44925 0
    endloop
  endfacet
  facet normal 0 0 -1
    outer loop
      vertex 8.34053 6.07335 0
      vertex 7.19851 7.3913 0
      vertex 8.03931 6.59769 0
    endloop
  endfacet
  facet normal 0 0 -1
    outer loop
      vertex 6.10528 -1.85202 0
      vertex 8.34053 -6.07335 0
      vertex 7.19851 -7.3913 0
    endloop
  endfacet
  facet normal 0 0 -1
    outer loop
      vertex 8.03931 6.59769 0
      vertex 7.19851 7.3913 0
      vertex 7.35391 7.35391 0
    endloop
  endfacet
  facet normal 0 0 -1
    outer loop
      vertex 7.35391 7.35391 0
      vertex 7.19851 7.3913 0
      vertex 7.24872 7.44925 0
    endloop
  endfacet
  facet normal 0 0 -1
    outer loop
      vertex 8.34053 -6.07335 0
      vertex 6.34928 -0.625349 0
      vertex 6.38 0 0
    endloop
  endfacet
  facet normal 0 0 -1
    outer loop
      vertex 4.04743 -4.93181 0
      vertex 7.19851 -7.3913 0
      vertex 6.29162 -8.17714 0
    endloop
  endfacet
  facet normal 0 0 -1
    outer loop
      vertex 8.34053 -6.07335 0
      vertex 6.25741 -1.24468 0
      vertex 6.34928 -0.625349 0
    endloop
  endfacet
  facet normal 0 0 -1
    outer loop
      vertex 5.62666 3.00751 0
      vertex 8.34053 6.07335 0
      vertex 5.89435 2.44152 0
    endloop
  endfacet
  facet normal 0 0 -1
    outer loop
      vertex 5.30478 3.54454 0
      vertex 8.34053 6.07335 0
      vertex 5.62666 3.00751 0
    endloop
  endfacet
  facet normal 0 0 -1
    outer loop
      vertex 6.29162 8.17714 0
      vertex 5.77793 8.64728 0
      vertex 6.33865 8.23142 0
    endloop
  endfacet
  facet normal 0 0 -1
    outer loop
      vertex 4.93181 4.04743 0
      vertex 8.34053 6.07335 0
      vertex 5.30478 3.54454 0
    endloop
  endfacet
  facet normal -0 0 -1
    outer loop
      vertex 8.34053 6.07335 0
      vertex 4.93181 4.04743 0
      vertex 7.19851 7.3913 0
    endloop
  endfacet
  facet normal 0 0 -1
    outer loop
      vertex 4.51134 4.51134 0
      vertex 7.19851 7.3913 0
      vertex 4.93181 4.04743 0
    endloop
  endfacet
  facet normal 0 0 -1
    outer loop
      vertex 4.04743 4.93181 0
      vertex 7.19851 7.3913 0
      vertex 4.51134 4.51134 0
    endloop
  endfacet
  facet normal -0 0 -1
    outer loop
      vertex 7.19851 7.3913 0
      vertex 4.04743 4.93181 0
      vertex 6.29162 8.17714 0
    endloop
  endfacet
  facet normal 0 0 -1
    outer loop
      vertex 3.54454 5.30478 0
      vertex 6.29162 8.17714 0
      vertex 4.04743 4.93181 0
    endloop
  endfacet
  facet normal -0 0 -1
    outer loop
      vertex 4.90253 9.17198 0
      vertex 4.82455 9.11996 0
      vertex 4.85794 9.19307 0
    endloop
  endfacet
  facet normal 0 0 -1
    outer loop
      vertex 5.77793 8.64728 0
      vertex 4.82455 9.11996 0
      vertex 4.90253 9.17198 0
    endloop
  endfacet
  facet normal -0 0 -1
    outer loop
      vertex 6.29162 8.17714 0
      vertex 3.54454 5.30478 0
      vertex 5.77793 8.64728 0
    endloop
  endfacet
  facet normal -0 0 -1
    outer loop
      vertex 5.77793 8.64728 0
      vertex 3.54454 5.30478 0
      vertex 4.82455 9.11996 0
    endloop
  endfacet
  facet normal 0 0 -1
    outer loop
      vertex 3.00751 5.62666 0
      vertex 4.82455 9.11996 0
      vertex 3.54454 5.30478 0
    endloop
  endfacet
  facet normal 0 0 -1
    outer loop
      vertex 3.733 9.61846 0
      vertex 3.01896 9.95218 0
      vertex 3.76371 9.68571 0
    endloop
  endfacet
  facet normal 0 0 -1
    outer loop
      vertex 2.44152 5.89435 0
      vertex 4.82455 9.11996 0
      vertex 3.00751 5.62666 0
    endloop
  endfacet
  facet normal -0 0 -1
    outer loop
      vertex 4.82455 9.11996 0
      vertex 2.44152 5.89435 0
      vertex 3.733 9.61846 0
    endloop
  endfacet
  facet normal 0 0 -1
    outer loop
      vertex 1.85202 6.10528 0
      vertex 3.733 9.61846 0
      vertex 2.44152 5.89435 0
    endloop
  endfacet
  facet normal -0 0 -1
    outer loop
      vertex 3.733 9.61846 0
      vertex 1.85202 6.10528 0
      vertex 3.01896 9.95218 0
    endloop
  endfacet
  facet normal 0 0 -1
    outer loop
      vertex 3.01896 9.95218 0
      vertex 2.05974 10.1098 0
      vertex 2.07121 10.1896 0
    endloop
  endfacet
  facet normal -0 0 -1
    outer loop
      vertex 3.01896 9.95218 0
      vertex 1.85202 6.10528 0
      vertex 2.05974 10.1098 0
    endloop
  endfacet
  facet normal 0 0 -1
    outer loop
      vertex 1.24468 6.25741 0
      vertex 2.05974 10.1098 0
      vertex 1.85202 6.10528 0
    endloop
  endfacet
  facet normal 0 0 -1
    outer loop
      vertex 0.625349 6.34928 0
      vertex 2.05974 10.1098 0
      vertex 1.24468 6.25741 0
    endloop
  endfacet
  facet normal -0 0 -1
    outer loop
      vertex 2.05974 10.1098 0
      vertex 0.625349 6.34928 0
      vertex 0.871949 10.2805 0
    endloop
  endfacet
  facet normal 0 0 -1
    outer loop
      vertex 0 6.38 0
      vertex 0.871949 10.2805 0
      vertex 0.625349 6.34928 0
    endloop
  endfacet
  facet normal 0 0 -1
    outer loop
      vertex 0 10.4 0
      vertex 0.871949 10.2805 0
      vertex 0 6.38 0
    endloop
  endfacet
  facet normal 0 0 -1
    outer loop
      vertex 0.871949 10.2805 0
      vertex 0 10.4 0
      vertex 0.882887 10.3566 0
    endloop
  endfacet
  facet normal 0 0 -1
    outer loop
      vertex -0.871949 10.2805 0
      vertex 0 6.38 0
      vertex -0.625349 6.34928 0
    endloop
  endfacet
  facet normal 0 0 -1
    outer loop
      vertex 0 6.38 0
      vertex -0.871949 10.2805 0
      vertex 0 10.4 0
    endloop
  endfacet
  facet normal 0 0 -1
    outer loop
      vertex 0 10.4 0
      vertex -0.871949 10.2805 0
      vertex -0.882887 10.3566 0
    endloop
  endfacet
  facet normal 0 0 -1
    outer loop
      vertex -6.34928 -0.625349 0
      vertex -10.3 -0.599999 0
      vertex -6.38 0 0
    endloop
  endfacet
  facet normal 0 0 -1
    outer loop
      vertex -6.34928 0.625349 0
      vertex -10.0518 2.32615 0
      vertex -9.71374 3.47754 0
    endloop
  endfacet
  facet normal 0 0 -1
    outer loop
      vertex -10.2002 -2.02894 0
      vertex -10.0518 -2.32615 0
      vertex -10.1207 -2.34636 0
    endloop
  endfacet
  facet normal 0 0 -1
    outer loop
      vertex -6.38 0 0
      vertex -10.3 0.599999 0
      vertex -6.34928 0.625349 0
    endloop
  endfacet
  facet normal 0 0 -1
    outer loop
      vertex -10.3499 -1.01938 0
      vertex -10.0518 -2.32615 0
      vertex -10.2002 -2.02894 0
    endloop
  endfacet
  facet normal 0 0 -1
    outer loop
      vertex -10.3499 1.01938 0
      vertex -6.34928 0.625349 0
      vertex -10.3 0.599999 0
    endloop
  endfacet
  facet normal 0 -0 -1
    outer loop
      vertex -10.2002 2.02894 0
      vertex -6.34928 0.625349 0
      vertex -10.3499 1.01938 0
    endloop
  endfacet
  facet normal 0 0 -1
    outer loop
      vertex -10.3 0.599999 0
      vertex -6.38 0 0
      vertex -10.3 -0.599999 0
    endloop
  endfacet
  facet normal -0 0 -1
    outer loop
      vertex -10.3 -0.599999 0
      vertex -10.3499 -1.01938 0
      vertex -10.3705 -0.599999 0
    endloop
  endfacet
  facet normal 0 0 -1
    outer loop
      vertex -10.3499 -1.01938 0
      vertex -6.34928 -0.625349 0
      vertex -10.0518 -2.32615 0
    endloop
  endfacet
  facet normal 0 0 -1
    outer loop
      vertex -6.34928 0.625349 0
      vertex -8.9893 5.06385 0
      vertex -8.34053 6.07335 0
    endloop
  endfacet
  facet normal 0 0 -1
    outer loop
      vertex -9.17198 -4.90253 0
      vertex -8.9893 -5.06385 0
      vertex -9.05138 -5.10374 0
    endloop
  endfacet
  facet normal 0 -0 -1
    outer loop
      vertex -10.3 -0.599999 0
      vertex -6.34928 -0.625349 0
      vertex -10.3499 -1.01938 0
    endloop
  endfacet
  facet normal 0 0 -1
    outer loop
      vertex -9.60835 -3.97991 0
      vertex -8.9893 -5.06385 0
      vertex -9.17198 -4.90253 0
    endloop
  endfacet
  facet normal 0 -0 -1
    outer loop
      vertex -9.60835 3.97991 0
      vertex -6.34928 0.625349 0
      vertex -9.71374 3.47754 0
    endloop
  endfacet
  facet normal 0 0 -1
    outer loop
      vertex -8.9893 -5.06385 0
      vertex -9.60835 -3.97991 0
      vertex -9.71374 -3.47754 0
    endloop
  endfacet
  facet normal 0 0 -1
    outer loop
      vertex -6.34928 0.625349 0
      vertex -9.60835 3.97991 0
      vertex -8.9893 5.06385 0
    endloop
  endfacet
  facet normal -0 0 -1
    outer loop
      vertex -8.9893 5.06385 0
      vertex -9.17198 4.90253 0
      vertex -9.05138 5.10374 0
    endloop
  endfacet
  facet normal 0 -0 -1
    outer loop
      vertex -9.71374 -3.47754 0
      vertex -9.60835 -3.97991 0
      vertex -9.78103 -3.4973 0
    endloop
  endfacet
  facet normal 0 0 -1
    outer loop
      vertex -7.19851 7.3913 0
      vertex -8.34053 6.07335 0
      vertex -8.03931 6.59769 0
    endloop
  endfacet
  facet normal 0 0 -1
    outer loop
      vertex -8.03931 6.59769 0
      vertex -8.34053 6.07335 0
      vertex -8.39989 6.1115 0
    endloop
  endfacet
  facet normal 0 0 -1
    outer loop
      vertex -8.9893 5.06385 0
      vertex -9.60835 3.97991 0
      vertex -9.17198 4.90253 0
    endloop
  endfacet
  facet normal 0 0 -1
    outer loop
      vertex -9.60835 3.97991 0
      vertex -9.71374 3.47754 0
      vertex -9.78103 3.4973 0
    endloop
  endfacet
  facet normal -0 0 -1
    outer loop
      vertex -10.0518 2.32615 0
      vertex -10.2002 2.02894 0
      vertex -10.1207 2.34636 0
    endloop
  endfacet
  facet normal 0 0 -1
    outer loop
      vertex -6.34928 0.625349 0
      vertex -10.2002 2.02894 0
      vertex -10.0518 2.32615 0
    endloop
  endfacet
  facet normal 0 -0 -1
    outer loop
      vertex -10.3499 1.01938 0
      vertex -10.3 0.599999 0
      vertex -10.3705 0.599999 0
    endloop
  endfacet
  facet normal 0 0 -1
    outer loop
      vertex -8.34053 6.07335 0
      vertex -6.25741 1.24468 0
      vertex -6.34928 0.625349 0
    endloop
  endfacet
  facet normal -0 0 -1
    outer loop
      vertex -6.25741 -1.24468 0
      vertex -10.0518 -2.32615 0
      vertex -6.34928 -0.625349 0
    endloop
  endfacet
  facet normal 0 0 -1
    outer loop
      vertex -10.0518 -2.32615 0
      vertex -6.10528 -1.85202 0
      vertex -9.71374 -3.47754 0
    endloop
  endfacet
  facet normal 0 0 -1
    outer loop
      vertex -6.25741 1.24468 0
      vertex -7.19851 7.3913 0
      vertex -6.29162 8.17714 0
    endloop
  endfacet
  facet normal 0 0 -1
    outer loop
      vertex -7.35391 -7.35391 0
      vertex -7.19851 -7.3913 0
      vertex -7.24872 -7.44925 0
    endloop
  endfacet
  facet normal -0 0 -1
    outer loop
      vertex -6.10528 -1.85202 0
      vertex -10.0518 -2.32615 0
      vertex -6.25741 -1.24468 0
    endloop
  endfacet
  facet normal 0 0 -1
    outer loop
      vertex -8.03931 -6.59769 0
      vertex -7.19851 -7.3913 0
      vertex -7.35391 -7.35391 0
    endloop
  endfacet
  facet normal 0 0 -1
    outer loop
      vertex -8.34053 6.07335 0
      vertex -7.19851 7.3913 0
      vertex -6.25741 1.24468 0
    endloop
  endfacet
  facet normal 0 0 -1
    outer loop
      vertex -7.19851 -7.3913 0
      vertex -8.03931 -6.59769 0
      vertex -8.34053 -6.07335 0
    endloop
  endfacet
  facet normal 0 -0 -1
    outer loop
      vertex -7.35391 7.35391 0
      vertex -7.19851 7.3913 0
      vertex -8.03931 6.59769 0
    endloop
  endfacet
  facet normal -0 0 -1
    outer loop
      vertex -7.19851 7.3913 0
      vertex -7.35391 7.35391 0
      vertex -7.24872 7.44925 0
    endloop
  endfacet
  facet normal 0 -0 -1
    outer loop
      vertex -8.34053 -6.07335 0
      vertex -8.03931 -6.59769 0
      vertex -8.39989 -6.1115 0
    endloop
  endfacet
  facet normal 0 0 -1
    outer loop
      vertex -6.29162 8.17714 0
      vertex -3.54454 5.30478 0
      vertex -4.04743 4.93181 0
    endloop
  endfacet
  facet normal 0 0 -1
    outer loop
      vertex -6.29162 8.17714 0
      vertex -4.04743 4.93181 0
      vertex -4.51134 4.51134 0
    endloop
  endfacet
  facet normal 0 0 -1
    outer loop
      vertex -3.54454 5.30478 0
      vertex -4.82455 9.11996 0
      vertex -3.733 9.61846 0
    endloop
  endfacet
  facet normal 0 0 -1
    outer loop
      vertex -3.54454 5.30478 0
      vertex -5.77793 8.64728 0
      vertex -4.82455 9.11996 0
    endloop
  endfacet
  facet normal 0 0 -1
    outer loop
      vertex -4.82455 9.11996 0
      vertex -4.90253 9.17198 0
      vertex -4.85794 9.19307 0
    endloop
  endfacet
  facet normal 0 0 -1
    outer loop
      vertex -6.29162 8.17714 0
      vertex -4.51134 4.51134 0
      vertex -4.93181 4.04743 0
    endloop
  endfacet
  facet normal 0 0 -1
    outer loop
      vertex -6.29162 8.17714 0
      vertex -4.93181 4.04743 0
      vertex -5.30478 3.54454 0
    endloop
  endfacet
  facet normal 0 0 -1
    outer loop
      vertex -6.29162 8.17714 0
      vertex -5.30478 3.54454 0
      vertex -5.62666 3.00751 0
    endloop
  endfacet
  facet normal -0 0 -1
    outer loop
      vertex -4.82455 9.11996 0
      vertex -5.77793 8.64728 0
      vertex -4.90253 9.17198 0
    endloop
  endfacet
  facet normal 0 0 -1
    outer loop
      vertex -6.29162 8.17714 0
      vertex -5.62666 3.00751 0
      vertex -5.89435 2.44152 0
    endloop
  endfacet
  facet normal 0 0 -1
    outer loop
      vertex -6.29162 8.17714 0
      vertex -5.89435 2.44152 0
      vertex -6.10528 1.85202 0
    endloop
  endfacet
  facet normal 0 0 -1
    outer loop
      vertex -6.29162 8.17714 0
      vertex -6.10528 1.85202 0
      vertex -6.25741 1.24468 0
    endloop
  endfacet
  facet normal 0 0 -1
    outer loop
      vertex -3.54454 5.30478 0
      vertex -6.29162 8.17714 0
      vertex -5.77793 8.64728 0
    endloop
  endfacet
  facet normal 0 0 -1
    outer loop
      vertex -5.77793 8.64728 0
      vertex -6.29162 8.17714 0
      vertex -6.33865 8.23142 0
    endloop
  endfacet
  facet normal 0 0 -1
    outer loop
      vertex -2.05974 10.1098 0
      vertex -0.625349 6.34928 0
      vertex -1.24468 6.25741 0
    endloop
  endfacet
  facet normal 0 0 -1
    outer loop
      vertex -2.05974 10.1098 0
      vertex -1.24468 6.25741 0
      vertex -1.85202 6.10528 0
    endloop
  endfacet
  facet normal 0 0 -1
    outer loop
      vertex -0.625349 6.34928 0
      vertex -2.05974 10.1098 0
      vertex -0.871949 10.2805 0
    endloop
  endfacet
  facet normal 0 0 -1
    outer loop
      vertex -3.01896 9.95218 0
      vertex -2.05974 10.1098 0
      vertex -1.85202 6.10528 0
    endloop
  endfacet
  facet normal 0 0 -1
    outer loop
      vertex -3.733 9.61846 0
      vertex -1.85202 6.10528 0
      vertex -2.44152 5.89435 0
    endloop
  endfacet
  facet normal 0 0 -1
    outer loop
      vertex -3.733 9.61846 0
      vertex -2.44152 5.89435 0
      vertex -3.00751 5.62666 0
    endloop
  endfacet
  facet normal -0 0 -1
    outer loop
      vertex -2.05974 10.1098 0
      vertex -3.01896 9.95218 0
      vertex -2.07121 10.1896 0
    endloop
  endfacet
  facet normal 0 0 -1
    outer loop
      vertex -3.733 9.61846 0
      vertex -3.00751 5.62666 0
      vertex -3.54454 5.30478 0
    endloop
  endfacet
  facet normal 0 0 -1
    outer loop
      vertex -1.85202 6.10528 0
      vertex -3.733 9.61846 0
      vertex -3.01896 9.95218 0
    endloop
  endfacet
  facet normal 0 0 -1
    outer loop
      vertex -3.01896 9.95218 0
      vertex -3.733 9.61846 0
      vertex -3.76371 9.68571 0
    endloop
  endfacet
  facet normal 0 0 -1
    outer loop
      vertex -2.05974 -10.1098 0
      vertex -0.625349 -6.34928 0
      vertex -0.871949 -10.2805 0
    endloop
  endfacet
  facet normal -0 0 -1
    outer loop
      vertex -0.625349 -6.34928 0
      vertex -2.05974 -10.1098 0
      vertex -1.24468 -6.25741 0
    endloop
  endfacet
  facet normal -0 0 -1
    outer loop
      vertex -1.24468 -6.25741 0
      vertex -2.05974 -10.1098 0
      vertex -1.85202 -6.10528 0
    endloop
  endfacet
  facet normal 0 0 -1
    outer loop
      vertex -3.01896 -9.95218 0
      vertex -2.05974 -10.1098 0
      vertex -2.07121 -10.1896 0
    endloop
  endfacet
  facet normal 0 0 -1
    outer loop
      vertex -2.05974 -10.1098 0
      vertex -3.01896 -9.95218 0
      vertex -1.85202 -6.10528 0
    endloop
  endfacet
  facet normal 0 0 -1
    outer loop
      vertex -3.733 -9.61846 0
      vertex -1.85202 -6.10528 0
      vertex -3.01896 -9.95218 0
    endloop
  endfacet
  facet normal -0 0 -1
    outer loop
      vertex -1.85202 -6.10528 0
      vertex -3.733 -9.61846 0
      vertex -2.44152 -5.89435 0
    endloop
  endfacet
  facet normal 0 0 -1
    outer loop
      vertex -4.82455 -9.11996 0
      vertex -2.44152 -5.89435 0
      vertex -3.733 -9.61846 0
    endloop
  endfacet
  facet normal -0 0 -1
    outer loop
      vertex -2.44152 -5.89435 0
      vertex -4.82455 -9.11996 0
      vertex -3.00751 -5.62666 0
    endloop
  endfacet
  facet normal 0 -0 -1
    outer loop
      vertex -3.733 -9.61846 0
      vertex -3.01896 -9.95218 0
      vertex -3.76371 -9.68571 0
    endloop
  endfacet
  facet normal -0 0 -1
    outer loop
      vertex -3.00751 -5.62666 0
      vertex -4.82455 -9.11996 0
      vertex -3.54454 -5.30478 0
    endloop
  endfacet
  facet normal 0 0 -1
    outer loop
      vertex -5.77793 -8.64728 0
      vertex -3.54454 -5.30478 0
      vertex -4.82455 -9.11996 0
    endloop
  endfacet
  facet normal 0 0 -1
    outer loop
      vertex -6.29162 -8.17714 0
      vertex -3.54454 -5.30478 0
      vertex -5.77793 -8.64728 0
    endloop
  endfacet
  facet normal 0 0 -1
    outer loop
      vertex -4.90253 -9.17198 0
      vertex -4.82455 -9.11996 0
      vertex -4.85794 -9.19307 0
    endloop
  endfacet
  facet normal 0 0 -1
    outer loop
      vertex -5.77793 -8.64728 0
      vertex -4.82455 -9.11996 0
      vertex -4.90253 -9.17198 0
    endloop
  endfacet
  facet normal -0 0 -1
    outer loop
      vertex -3.54454 -5.30478 0
      vertex -6.29162 -8.17714 0
      vertex -4.04743 -4.93181 0
    endloop
  endfacet
  facet normal 0 0 -1
    outer loop
      vertex -7.19851 -7.3913 0
      vertex -4.04743 -4.93181 0
      vertex -6.29162 -8.17714 0
    endloop
  endfacet
  facet normal -0 0 -1
    outer loop
      vertex -4.04743 -4.93181 0
      vertex -7.19851 -7.3913 0
      vertex -4.51134 -4.51134 0
    endloop
  endfacet
  facet normal -0 0 -1
    outer loop
      vertex -4.51134 -4.51134 0
      vertex -7.19851 -7.3913 0
      vertex -4.93181 -4.04743 0
    endloop
  endfacet
  facet normal 0 0 -1
    outer loop
      vertex -8.34053 -6.07335 0
      vertex -4.93181 -4.04743 0
      vertex -7.19851 -7.3913 0
    endloop
  endfacet
  facet normal -0 0 -1
    outer loop
      vertex -4.93181 -4.04743 0
      vertex -8.34053 -6.07335 0
      vertex -5.30478 -3.54454 0
    endloop
  endfacet
  facet normal 0 0 -1
    outer loop
      vertex -8.9893 -5.06385 0
      vertex -5.30478 -3.54454 0
      vertex -8.34053 -6.07335 0
    endloop
  endfacet
  facet normal -0 0 -1
    outer loop
      vertex -5.30478 -3.54454 0
      vertex -8.9893 -5.06385 0
      vertex -5.62666 -3.00751 0
    endloop
  endfacet
  facet normal 0 -0 -1
    outer loop
      vertex -6.29162 -8.17714 0
      vertex -5.77793 -8.64728 0
      vertex -6.33865 -8.23142 0
    endloop
  endfacet
  facet normal -0 0 -1
    outer loop
      vertex -5.62666 -3.00751 0
      vertex -8.9893 -5.06385 0
      vertex -5.89435 -2.44152 0
    endloop
  endfacet
  facet normal 0 0 -1
    outer loop
      vertex -9.71374 -3.47754 0
      vertex -5.89435 -2.44152 0
      vertex -8.9893 -5.06385 0
    endloop
  endfacet
  facet normal -0 0 -1
    outer loop
      vertex -5.89435 -2.44152 0
      vertex -9.71374 -3.47754 0
      vertex -6.10528 -1.85202 0
    endloop
  endfacet
  facet normal 0 0 -1
    outer loop
      vertex 2.18941 -0.215637 0
      vertex 2.18941 0.215637 0
      vertex 2.2 0 0
    endloop
  endfacet
  facet normal 0 0 -1
    outer loop
      vertex 2.15773 -0.429198 0
      vertex 2.18941 0.215637 0
      vertex 2.18941 -0.215637 0
    endloop
  endfacet
  facet normal 0 0 -1
    outer loop
      vertex 2.15773 -0.429198 0
      vertex 2.15773 0.429198 0
      vertex 2.18941 0.215637 0
    endloop
  endfacet
  facet normal 0 0 -1
    outer loop
      vertex 2.10527 -0.638626 0
      vertex 2.15773 0.429198 0
      vertex 2.15773 -0.429198 0
    endloop
  endfacet
  facet normal 0 0 -1
    outer loop
      vertex 2.10527 -0.638626 0
      vertex 2.10527 0.638626 0
      vertex 2.15773 0.429198 0
    endloop
  endfacet
  facet normal 0 0 -1
    outer loop
      vertex 2.03253 -0.841903 0
      vertex 2.10527 0.638626 0
      vertex 2.10527 -0.638626 0
    endloop
  endfacet
  facet normal 0 0 -1
    outer loop
      vertex 2.03253 -0.841903 0
      vertex 2.03253 0.841903 0
      vertex 2.10527 0.638626 0
    endloop
  endfacet
  facet normal 0 0 -1
    outer loop
      vertex 1.94023 -1.03707 0
      vertex 2.03253 0.841903 0
      vertex 2.03253 -0.841903 0
    endloop
  endfacet
  facet normal 0 0 -1
    outer loop
      vertex 1.94023 -1.03707 0
      vertex 1.94023 1.03707 0
      vertex 2.03253 0.841903 0
    endloop
  endfacet
  facet normal 0 0 -1
    outer loop
      vertex 1.82923 -1.22225 0
      vertex 1.94023 1.03707 0
      vertex 1.94023 -1.03707 0
    endloop
  endfacet
  facet normal 0 0 -1
    outer loop
      vertex 1.82923 -1.22225 0
      vertex 1.82923 1.22225 0
      vertex 1.94023 1.03707 0
    endloop
  endfacet
  facet normal 0 0 -1
    outer loop
      vertex 1.70062 -1.39567 0
      vertex 1.82923 1.22225 0
      vertex 1.82923 -1.22225 0
    endloop
  endfacet
  facet normal 0 0 -1
    outer loop
      vertex 1.70062 -1.39567 0
      vertex 1.70062 1.39567 0
      vertex 1.82923 1.22225 0
    endloop
  endfacet
  facet normal 0 0 -1
    outer loop
      vertex 1.55563 -1.55563 0
      vertex 1.70062 1.39567 0
      vertex 1.70062 -1.39567 0
    endloop
  endfacet
  facet normal 0 0 -1
    outer loop
      vertex 1.55563 -1.55563 0
      vertex 1.55563 1.55563 0
      vertex 1.70062 1.39567 0
    endloop
  endfacet
  facet normal 0 0 -1
    outer loop
      vertex 1.39567 -1.70062 0
      vertex 1.55563 1.55563 0
      vertex 1.55563 -1.55563 0
    endloop
  endfacet
  facet normal 0 0 -1
    outer loop
      vertex 1.39567 -1.70062 0
      vertex 1.39567 1.70062 0
      vertex 1.55563 1.55563 0
    endloop
  endfacet
  facet normal 0 0 -1
    outer loop
      vertex 1.22225 -1.82923 0
      vertex 1.39567 1.70062 0
      vertex 1.39567 -1.70062 0
    endloop
  endfacet
  facet normal 0 0 -1
    outer loop
      vertex 1.22225 -1.82923 0
      vertex 1.22225 1.82923 0
      vertex 1.39567 1.70062 0
    endloop
  endfacet
  facet normal 0 0 -1
    outer loop
      vertex 1.03707 -1.94023 0
      vertex 1.22225 1.82923 0
      vertex 1.22225 -1.82923 0
    endloop
  endfacet
  facet normal 0 0 -1
    outer loop
      vertex 1.03707 -1.94023 0
      vertex 1.03707 1.94023 0
      vertex 1.22225 1.82923 0
    endloop
  endfacet
  facet normal 0 0 -1
    outer loop
      vertex 0.841903 -2.03253 0
      vertex 1.03707 1.94023 0
      vertex 1.03707 -1.94023 0
    endloop
  endfacet
  facet normal 0 0 -1
    outer loop
      vertex 0.841903 -2.03253 0
      vertex 0.841903 2.03253 0
      vertex 1.03707 1.94023 0
    endloop
  endfacet
  facet normal 0 0 -1
    outer loop
      vertex 0.638626 -2.10527 0
      vertex 0.841903 2.03253 0
      vertex 0.841903 -2.03253 0
    endloop
  endfacet
  facet normal 0 0 -1
    outer loop
      vertex 0.638626 -2.10527 0
      vertex 0.638626 2.10527 0
      vertex 0.841903 2.03253 0
    endloop
  endfacet
  facet normal 0 0 -1
    outer loop
      vertex 0.429198 -2.15773 0
      vertex 0.638626 2.10527 0
      vertex 0.638626 -2.10527 0
    endloop
  endfacet
  facet normal 0 0 -1
    outer loop
      vertex 0.429198 -2.15773 0
      vertex 0.429198 2.15773 0
      vertex 0.638626 2.10527 0
    endloop
  endfacet
  facet normal 0 0 -1
    outer loop
      vertex 0.215637 -2.18941 0
      vertex 0.429198 2.15773 0
      vertex 0.429198 -2.15773 0
    endloop
  endfacet
  facet normal 0 0 -1
    outer loop
      vertex 0.215637 -2.18941 0
      vertex 0.215637 2.18941 0
      vertex 0.429198 2.15773 0
    endloop
  endfacet
  facet normal 0 0 -1
    outer loop
      vertex 0 -2.2 0
      vertex 0.215637 2.18941 0
      vertex 0.215637 -2.18941 0
    endloop
  endfacet
  facet normal 0 0 -1
    outer loop
      vertex 0 -2.2 0
      vertex 0 2.2 0
      vertex 0.215637 2.18941 0
    endloop
  endfacet
  facet normal 0 0 -1
    outer loop
      vertex -0.215637 -2.18941 0
      vertex 0 2.2 0
      vertex 0 -2.2 0
    endloop
  endfacet
  facet normal 0 0 -1
    outer loop
      vertex -0.215637 -2.18941 0
      vertex -0.215637 2.18941 0
      vertex 0 2.2 0
    endloop
  endfacet
  facet normal 0 0 -1
    outer loop
      vertex -0.429198 -2.15773 0
      vertex -0.215637 2.18941 0
      vertex -0.215637 -2.18941 0
    endloop
  endfacet
  facet normal 0 0 -1
    outer loop
      vertex -0.429198 -2.15773 0
      vertex -0.429198 2.15773 0
      vertex -0.215637 2.18941 0
    endloop
  endfacet
  facet normal 0 0 -1
    outer loop
      vertex -0.638626 -2.10527 0
      vertex -0.429198 2.15773 0
      vertex -0.429198 -2.15773 0
    endloop
  endfacet
  facet normal 0 0 -1
    outer loop
      vertex -0.638626 -2.10527 0
      vertex -0.638626 2.10527 0
      vertex -0.429198 2.15773 0
    endloop
  endfacet
  facet normal 0 0 -1
    outer loop
      vertex -0.841903 -2.03253 0
      vertex -0.638626 2.10527 0
      vertex -0.638626 -2.10527 0
    endloop
  endfacet
  facet normal 0 0 -1
    outer loop
      vertex -0.841903 -2.03253 0
      vertex -0.841903 2.03253 0
      vertex -0.638626 2.10527 0
    endloop
  endfacet
  facet normal 0 0 -1
    outer loop
      vertex -1.03707 -1.94023 0
      vertex -0.841903 2.03253 0
      vertex -0.841903 -2.03253 0
    endloop
  endfacet
  facet normal 0 0 -1
    outer loop
      vertex -1.03707 -1.94023 0
      vertex -1.03707 1.94023 0
      vertex -0.841903 2.03253 0
    endloop
  endfacet
  facet normal 0 0 -1
    outer loop
      vertex -1.22225 -1.82923 0
      vertex -1.03707 1.94023 0
      vertex -1.03707 -1.94023 0
    endloop
  endfacet
  facet normal 0 0 -1
    outer loop
      vertex -1.22225 -1.82923 0
      vertex -1.22225 1.82923 0
      vertex -1.03707 1.94023 0
    endloop
  endfacet
  facet normal 0 0 -1
    outer loop
      vertex -1.39567 -1.70062 0
      vertex -1.22225 1.82923 0
      vertex -1.22225 -1.82923 0
    endloop
  endfacet
  facet normal 0 0 -1
    outer loop
      vertex -1.39567 -1.70062 0
      vertex -1.39567 1.70062 0
      vertex -1.22225 1.82923 0
    endloop
  endfacet
  facet normal 0 0 -1
    outer loop
      vertex -1.55563 -1.55563 0
      vertex -1.39567 1.70062 0
      vertex -1.39567 -1.70062 0
    endloop
  endfacet
  facet normal 0 0 -1
    outer loop
      vertex -1.55563 -1.55563 0
      vertex -1.55563 1.55563 0
      vertex -1.39567 1.70062 0
    endloop
  endfacet
  facet normal 0 0 -1
    outer loop
      vertex -1.70062 -1.39567 0
      vertex -1.55563 1.55563 0
      vertex -1.55563 -1.55563 0
    endloop
  endfacet
  facet normal 0 0 -1
    outer loop
      vertex -1.70062 -1.39567 0
      vertex -1.70062 1.39567 0
      vertex -1.55563 1.55563 0
    endloop
  endfacet
  facet normal 0 0 -1
    outer loop
      vertex -1.82923 -1.22225 0
      vertex -1.70062 1.39567 0
      vertex -1.70062 -1.39567 0
    endloop
  endfacet
  facet normal 0 0 -1
    outer loop
      vertex -1.82923 -1.22225 0
      vertex -1.82923 1.22225 0
      vertex -1.70062 1.39567 0
    endloop
  endfacet
  facet normal 0 0 -1
    outer loop
      vertex -1.94023 -1.03707 0
      vertex -1.82923 1.22225 0
      vertex -1.82923 -1.22225 0
    endloop
  endfacet
  facet normal 0 0 -1
    outer loop
      vertex -1.94023 -1.03707 0
      vertex -1.94023 1.03707 0
      vertex -1.82923 1.22225 0
    endloop
  endfacet
  facet normal 0 0 -1
    outer loop
      vertex -2.03253 -0.841903 0
      vertex -1.94023 1.03707 0
      vertex -1.94023 -1.03707 0
    endloop
  endfacet
  facet normal 0 0 -1
    outer loop
      vertex -2.03253 -0.841903 0
      vertex -2.03253 0.841903 0
      vertex -1.94023 1.03707 0
    endloop
  endfacet
  facet normal 0 0 -1
    outer loop
      vertex -2.10527 -0.638626 0
      vertex -2.03253 0.841903 0
      vertex -2.03253 -0.841903 0
    endloop
  endfacet
  facet normal 0 0 -1
    outer loop
      vertex -2.10527 -0.638626 0
      vertex -2.10527 0.638626 0
      vertex -2.03253 0.841903 0
    endloop
  endfacet
  facet normal 0 0 -1
    outer loop
      vertex -2.15773 -0.429198 0
      vertex -2.10527 0.638626 0
      vertex -2.10527 -0.638626 0
    endloop
  endfacet
  facet normal 0 0 -1
    outer loop
      vertex -2.15773 -0.429198 0
      vertex -2.15773 0.429198 0
      vertex -2.10527 0.638626 0
    endloop
  endfacet
  facet normal 0 0 -1
    outer loop
      vertex -2.18941 -0.215637 0
      vertex -2.15773 0.429198 0
      vertex -2.15773 -0.429198 0
    endloop
  endfacet
  facet normal 0 0 -1
    outer loop
      vertex -2.18941 -0.215637 0
      vertex -2.18941 0.215637 0
      vertex -2.15773 0.429198 0
    endloop
  endfacet
  facet normal 0 -0 -1
    outer loop
      vertex -2.18941 0.215637 0
      vertex -2.18941 -0.215637 0
      vertex -2.2 0 0
    endloop
  endfacet
  facet normal 0.568306 0.421478 0.706671
    outer loop
      vertex 8.90516 6.43622 8.4
      vertex 8.50311 6.97833 8.4
      vertex 8.59237 6.2352 8.77144
    endloop
  endfacet
  facet normal -0.0347193 0.70668 0.70668
    outer loop
      vertex 0 11 8.4
      vertex -0.959087 10.8866 8.46628
      vertex 0 10.4 9
    endloop
  endfacet
  facet normal -0.0347342 0.70676 0.7066
    outer loop
      vertex -0.959087 10.8866 8.46628
      vertex 0 11 8.4
      vertex -0.968549 10.9524 8.4
    endloop
  endfacet
  facet normal -0.606877 -0.363716 0.70669
    outer loop
      vertex -9.42232 -5.34214 8.55874
      vertex -9.70113 -5.18536 8.4
      vertex -9.55577 -5.4279 8.4
    endloop
  endfacet
  facet normal -0.70667 -0.0347116 0.706691
    outer loop
      vertex -10.7044 -0.599999 8.66611
      vertex -10.3499 -1.01938 9
      vertex -10.3705 -0.599999 9
    endloop
  endfacet
  facet normal -0.706685 -0.0347378 0.706675
    outer loop
      vertex -10.3499 -1.01938 9
      vertex -10.7044 -0.599999 8.66611
      vertex -10.947 -1.07819 8.4
    endloop
  endfacet
  facet normal 0.427611 0.903963 -0
    outer loop
      vertex 5.18536 9.70113 0.599999
      vertex 5.10691 9.73824 8.4
      vertex 5.18536 9.70113 8.4
    endloop
  endfacet
  facet normal 0.427611 0.903963 0
    outer loop
      vertex 5.10691 9.73824 8.4
      vertex 5.18536 9.70113 0.599999
      vertex 5.10691 9.73824 0.599999
    endloop
  endfacet
  facet normal 0.857749 0.514069 0
    outer loop
      vertex 9.70113 5.18536 8.4
      vertex 9.55577 5.4279 0.599999
      vertex 9.55577 5.4279 8.4
    endloop
  endfacet
  facet normal 0.857749 0.514069 0
    outer loop
      vertex 9.55577 5.4279 0.599999
      vertex 9.70113 5.18536 8.4
      vertex 9.70113 5.18536 0.599999
    endloop
  endfacet
  facet normal 0.606875 0.363715 -0.706692
    outer loop
      vertex 9.70113 5.18536 0.599999
      vertex 9.42232 5.34214 0.44126
      vertex 9.55577 5.4279 0.599999
    endloop
  endfacet
  facet normal 0.941557 0.336853 0
    outer loop
      vertex 10.357 3.66642 8.4
      vertex 10.1627 4.20952 0.599999
      vertex 10.1627 4.20952 8.4
    endloop
  endfacet
  facet normal 0.941557 0.336853 0
    outer loop
      vertex 10.1627 4.20952 0.599999
      vertex 10.357 3.66642 8.4
      vertex 10.357 3.66642 0.599999
    endloop
  endfacet
  facet normal 0.302499 0.639611 0.706677
    outer loop
      vertex 5.08649 9.69352 8.44921
      vertex 4.90253 9.17198 9
      vertex 5.18536 9.70113 8.4
    endloop
  endfacet
  facet normal 0.302517 0.639604 0.706676
    outer loop
      vertex 4.90253 9.17198 9
      vertex 5.08649 9.69352 8.44921
      vertex 4.85794 9.19307 9
    endloop
  endfacet
  facet normal 0.243025 0.97002 -0
    outer loop
      vertex 3.19313 10.5263 0.599999
      vertex 2.15695 10.7859 8.4
      vertex 3.19313 10.5263 8.4
    endloop
  endfacet
  facet normal 0.243025 0.97002 0
    outer loop
      vertex 2.15695 10.7859 8.4
      vertex 3.19313 10.5263 0.599999
      vertex 2.15695 10.7859 0.599999
    endloop
  endfacet
  facet normal 0.568295 0.421481 0.706679
    outer loop
      vertex 8.03931 6.59769 9
      vertex 8.59237 6.2352 8.77144
      vertex 8.50311 6.97833 8.4
    endloop
  endfacet
  facet normal 0.568291 0.42147 0.706688
    outer loop
      vertex 8.59237 6.2352 8.77144
      vertex 8.03931 6.59769 9
      vertex 8.39989 6.1115 9
    endloop
  endfacet
  facet normal -0.0490864 -0.998795 0
    outer loop
      vertex -0.968549 -10.9524 0.599999
      vertex 0 -11 8.4
      vertex -0.968549 -10.9524 8.4
    endloop
  endfacet
  facet normal -0.0490864 -0.998795 -0
    outer loop
      vertex 0 -11 8.4
      vertex -0.968549 -10.9524 0.599999
      vertex 0 -11 0.599999
    endloop
  endfacet
  facet normal -0.568291 -0.42147 0.706688
    outer loop
      vertex -8.59237 -6.2352 8.77144
      vertex -8.03931 -6.59769 9
      vertex -8.39989 -6.1115 9
    endloop
  endfacet
  facet normal -0.568295 -0.421481 0.706679
    outer loop
      vertex -8.03931 -6.59769 9
      vertex -8.59237 -6.2352 8.77144
      vertex -8.50311 -6.97833 8.4
    endloop
  endfacet
  facet normal -0.171845 0.685984 0.707033
    outer loop
      vertex -2.07457 10.213 8.97648
      vertex -3.01896 9.95218 9
      vertex -2.07121 10.1896 9
    endloop
  endfacet
  facet normal -0.171954 0.686345 0.706656
    outer loop
      vertex -3.01896 9.95218 9
      vertex -2.07457 10.213 8.97648
      vertex -3.19313 10.5263 8.4
    endloop
  endfacet
  facet normal 0.524247 0.475152 0.706679
    outer loop
      vertex 8.50311 6.97833 8.4
      vertex 7.35391 7.35391 9
      vertex 8.03931 6.59769 9
    endloop
  endfacet
  facet normal -0.243025 0.97002 0
    outer loop
      vertex -2.15695 10.7859 0.599999
      vertex -3.19313 10.5263 8.4
      vertex -2.15695 10.7859 8.4
    endloop
  endfacet
  facet normal -0.243025 0.97002 0
    outer loop
      vertex -3.19313 10.5263 8.4
      vertex -2.15695 10.7859 0.599999
      vertex -3.19313 10.5263 0.599999
    endloop
  endfacet
  facet normal 0.639604 0.302512 -0.706678
    outer loop
      vertex 9.60835 3.97991 0
      vertex 9.17198 4.90253 0
      vertex 9.70113 5.18536 0.599999
    endloop
  endfacet
  facet normal 0.0347193 -0.70668 0.70668
    outer loop
      vertex 0 -11 8.4
      vertex 0.959087 -10.8866 8.46628
      vertex 0 -10.4 9
    endloop
  endfacet
  facet normal 0.0347342 -0.70676 0.7066
    outer loop
      vertex 0.959087 -10.8866 8.46628
      vertex 0 -11 8.4
      vertex 0.968549 -10.9524 8.4
    endloop
  endfacet
  facet normal 0.302529 0.639542 0.706726
    outer loop
      vertex 5.10691 9.73824 8.4
      vertex 5.08649 9.69352 8.44921
      vertex 5.18536 9.70113 8.4
    endloop
  endfacet
  facet normal -0.471409 0.881915 0
    outer loop
      vertex -0.574024 1.38582 9
      vertex -0.833355 1.2472 14.6
      vertex -0.574024 1.38582 14.6
    endloop
  endfacet
  facet normal -0.471409 0.881915 0
    outer loop
      vertex -0.833355 1.2472 14.6
      vertex -0.574024 1.38582 9
      vertex -0.833355 1.2472 9
    endloop
  endfacet
  facet normal 0.956939 0.29029 0
    outer loop
      vertex 1.47118 0.292635 14.6
      vertex 1.38582 0.574024 9
      vertex 1.38582 0.574024 14.6
    endloop
  endfacet
  facet normal 0.956939 0.29029 0
    outer loop
      vertex 1.38582 0.574024 9
      vertex 1.47118 0.292635 14.6
      vertex 1.47118 0.292635 9
    endloop
  endfacet
  facet normal 0.995185 0.0980103 0
    outer loop
      vertex 1.5 0 14.6
      vertex 1.47118 0.292635 9
      vertex 1.47118 0.292635 14.6
    endloop
  endfacet
  facet normal 0.995185 0.0980103 0
    outer loop
      vertex 1.47118 0.292635 9
      vertex 1.5 0 14.6
      vertex 1.5 0 9
    endloop
  endfacet
  facet normal 0.881915 0.471409 0
    outer loop
      vertex 1.38582 0.574024 14.6
      vertex 1.2472 0.833355 9
      vertex 1.2472 0.833355 14.6
    endloop
  endfacet
  facet normal 0.881915 0.471409 0
    outer loop
      vertex 1.2472 0.833355 9
      vertex 1.38582 0.574024 14.6
      vertex 1.38582 0.574024 9
    endloop
  endfacet
  facet normal -0.956939 -0.29029 0
    outer loop
      vertex -1.38582 -0.574024 9
      vertex -1.47118 -0.292635 14.6
      vertex -1.47118 -0.292635 9
    endloop
  endfacet
  facet normal -0.956939 -0.29029 0
    outer loop
      vertex -1.47118 -0.292635 14.6
      vertex -1.38582 -0.574024 9
      vertex -1.38582 -0.574024 14.6
    endloop
  endfacet
  facet normal 0.471409 -0.881915 0
    outer loop
      vertex 0.574024 -1.38582 9
      vertex 0.833355 -1.2472 14.6
      vertex 0.574024 -1.38582 14.6
    endloop
  endfacet
  facet normal 0.471409 -0.881915 0
    outer loop
      vertex 0.833355 -1.2472 14.6
      vertex 0.574024 -1.38582 9
      vertex 0.833355 -1.2472 9
    endloop
  endfacet
  facet normal -0.881915 0.471409 0
    outer loop
      vertex -1.38582 0.574024 9
      vertex -1.2472 0.833355 14.6
      vertex -1.2472 0.833355 9
    endloop
  endfacet
  facet normal -0.881915 0.471409 0
    outer loop
      vertex -1.2472 0.833355 14.6
      vertex -1.38582 0.574024 9
      vertex -1.38582 0.574024 14.6
    endloop
  endfacet
  facet normal 0.773018 0.634384 0
    outer loop
      vertex 1.2472 0.833355 14.6
      vertex 1.06066 1.06066 9
      vertex 1.06066 1.06066 14.6
    endloop
  endfacet
  facet normal 0.773018 0.634384 0
    outer loop
      vertex 1.06066 1.06066 9
      vertex 1.2472 0.833355 14.6
      vertex 1.2472 0.833355 9
    endloop
  endfacet
  facet normal 0.956939 -0.29029 0
    outer loop
      vertex 1.38582 -0.574024 14.6
      vertex 1.47118 -0.292635 9
      vertex 1.47118 -0.292635 14.6
    endloop
  endfacet
  facet normal 0.956939 -0.29029 0
    outer loop
      vertex 1.47118 -0.292635 9
      vertex 1.38582 -0.574024 14.6
      vertex 1.38582 -0.574024 9
    endloop
  endfacet
  facet normal -0.881915 -0.471409 0
    outer loop
      vertex -1.2472 -0.833355 9
      vertex -1.38582 -0.574024 14.6
      vertex -1.38582 -0.574024 9
    endloop
  endfacet
  facet normal -0.881915 -0.471409 0
    outer loop
      vertex -1.38582 -0.574024 14.6
      vertex -1.2472 -0.833355 9
      vertex -1.2472 -0.833355 14.6
    endloop
  endfacet
  facet normal 0.995185 -0.0980103 0
    outer loop
      vertex 1.47118 -0.292635 14.6
      vertex 1.5 0 9
      vertex 1.5 0 14.6
    endloop
  endfacet
  facet normal 0.995185 -0.0980103 0
    outer loop
      vertex 1.5 0 9
      vertex 1.47118 -0.292635 14.6
      vertex 1.47118 -0.292635 9
    endloop
  endfacet
  facet normal 0.471409 0.881915 -0
    outer loop
      vertex 0.833355 1.2472 9
      vertex 0.574024 1.38582 14.6
      vertex 0.833355 1.2472 14.6
    endloop
  endfacet
  facet normal 0.471409 0.881915 0
    outer loop
      vertex 0.574024 1.38582 14.6
      vertex 0.833355 1.2472 9
      vertex 0.574024 1.38582 9
    endloop
  endfacet
  facet normal 0.0980103 0.995185 -0
    outer loop
      vertex 0.292635 1.47118 9
      vertex 0 1.5 14.6
      vertex 0.292635 1.47118 14.6
    endloop
  endfacet
  facet normal 0.0980103 0.995185 0
    outer loop
      vertex 0 1.5 14.6
      vertex 0.292635 1.47118 9
      vertex 0 1.5 9
    endloop
  endfacet
  facet normal 0.634384 0.773018 -0
    outer loop
      vertex 1.06066 1.06066 9
      vertex 0.833355 1.2472 14.6
      vertex 1.06066 1.06066 14.6
    endloop
  endfacet
  facet normal 0.634384 0.773018 0
    outer loop
      vertex 0.833355 1.2472 14.6
      vertex 1.06066 1.06066 9
      vertex 0.833355 1.2472 9
    endloop
  endfacet
  facet normal -0.471409 -0.881915 0
    outer loop
      vertex -0.833355 -1.2472 9
      vertex -0.574024 -1.38582 14.6
      vertex -0.833355 -1.2472 14.6
    endloop
  endfacet
  facet normal -0.471409 -0.881915 -0
    outer loop
      vertex -0.574024 -1.38582 14.6
      vertex -0.833355 -1.2472 9
      vertex -0.574024 -1.38582 9
    endloop
  endfacet
  facet normal 0.773018 -0.634384 0
    outer loop
      vertex 1.06066 -1.06066 14.6
      vertex 1.2472 -0.833355 9
      vertex 1.2472 -0.833355 14.6
    endloop
  endfacet
  facet normal 0.773018 -0.634384 0
    outer loop
      vertex 1.2472 -0.833355 9
      vertex 1.06066 -1.06066 14.6
      vertex 1.06066 -1.06066 9
    endloop
  endfacet
  facet normal -0.995185 0.0980103 0
    outer loop
      vertex -1.5 0 9
      vertex -1.47118 0.292635 14.6
      vertex -1.47118 0.292635 9
    endloop
  endfacet
  facet normal -0.995185 0.0980103 0
    outer loop
      vertex -1.47118 0.292635 14.6
      vertex -1.5 0 9
      vertex -1.5 0 14.6
    endloop
  endfacet
  facet normal 0.634384 -0.773018 0
    outer loop
      vertex 0.833355 -1.2472 9
      vertex 1.06066 -1.06066 14.6
      vertex 0.833355 -1.2472 14.6
    endloop
  endfacet
  facet normal 0.634384 -0.773018 0
    outer loop
      vertex 1.06066 -1.06066 14.6
      vertex 0.833355 -1.2472 9
      vertex 1.06066 -1.06066 9
    endloop
  endfacet
  facet normal -0.773018 0.634384 0
    outer loop
      vertex -1.2472 0.833355 9
      vertex -1.06066 1.06066 14.6
      vertex -1.06066 1.06066 9
    endloop
  endfacet
  facet normal -0.773018 0.634384 0
    outer loop
      vertex -1.06066 1.06066 14.6
      vertex -1.2472 0.833355 9
      vertex -1.2472 0.833355 14.6
    endloop
  endfacet
  facet normal 0.29029 0.956939 -0
    outer loop
      vertex 0.574024 1.38582 9
      vertex 0.292635 1.47118 14.6
      vertex 0.574024 1.38582 14.6
    endloop
  endfacet
  facet normal 0.29029 0.956939 0
    outer loop
      vertex 0.292635 1.47118 14.6
      vertex 0.574024 1.38582 9
      vertex 0.292635 1.47118 9
    endloop
  endfacet
  facet normal -0.634384 0.773018 0
    outer loop
      vertex -0.833355 1.2472 9
      vertex -1.06066 1.06066 14.6
      vertex -0.833355 1.2472 14.6
    endloop
  endfacet
  facet normal -0.634384 0.773018 0
    outer loop
      vertex -1.06066 1.06066 14.6
      vertex -0.833355 1.2472 9
      vertex -1.06066 1.06066 9
    endloop
  endfacet
  facet normal -0.0980103 0.995185 0
    outer loop
      vertex 0 1.5 9
      vertex -0.292635 1.47118 14.6
      vertex 0 1.5 14.6
    endloop
  endfacet
  facet normal -0.0980103 0.995185 0
    outer loop
      vertex -0.292635 1.47118 14.6
      vertex 0 1.5 9
      vertex -0.292635 1.47118 9
    endloop
  endfacet
  facet normal -0.29029 0.956939 0
    outer loop
      vertex -0.292635 1.47118 9
      vertex -0.574024 1.38582 14.6
      vertex -0.292635 1.47118 14.6
    endloop
  endfacet
  facet normal -0.29029 0.956939 0
    outer loop
      vertex -0.574024 1.38582 14.6
      vertex -0.292635 1.47118 9
      vertex -0.574024 1.38582 9
    endloop
  endfacet
  facet normal 0.881915 -0.471409 0
    outer loop
      vertex 1.2472 -0.833355 14.6
      vertex 1.38582 -0.574024 9
      vertex 1.38582 -0.574024 14.6
    endloop
  endfacet
  facet normal 0.881915 -0.471409 0
    outer loop
      vertex 1.38582 -0.574024 9
      vertex 1.2472 -0.833355 14.6
      vertex 1.2472 -0.833355 9
    endloop
  endfacet
  facet normal -0.773018 -0.634384 0
    outer loop
      vertex -1.06066 -1.06066 9
      vertex -1.2472 -0.833355 14.6
      vertex -1.2472 -0.833355 9
    endloop
  endfacet
  facet normal -0.773018 -0.634384 0
    outer loop
      vertex -1.2472 -0.833355 14.6
      vertex -1.06066 -1.06066 9
      vertex -1.06066 -1.06066 14.6
    endloop
  endfacet
  facet normal -0.0980103 -0.995185 0
    outer loop
      vertex -0.292635 -1.47118 9
      vertex 0 -1.5 14.6
      vertex -0.292635 -1.47118 14.6
    endloop
  endfacet
  facet normal -0.0980103 -0.995185 -0
    outer loop
      vertex 0 -1.5 14.6
      vertex -0.292635 -1.47118 9
      vertex 0 -1.5 9
    endloop
  endfacet
  facet normal -0.29029 -0.956939 0
    outer loop
      vertex -0.574024 -1.38582 9
      vertex -0.292635 -1.47118 14.6
      vertex -0.574024 -1.38582 14.6
    endloop
  endfacet
  facet normal -0.29029 -0.956939 -0
    outer loop
      vertex -0.292635 -1.47118 14.6
      vertex -0.574024 -1.38582 9
      vertex -0.292635 -1.47118 9
    endloop
  endfacet
  facet normal -0.995185 -0.0980103 0
    outer loop
      vertex -1.47118 -0.292635 9
      vertex -1.5 0 14.6
      vertex -1.5 0 9
    endloop
  endfacet
  facet normal -0.995185 -0.0980103 0
    outer loop
      vertex -1.5 0 14.6
      vertex -1.47118 -0.292635 9
      vertex -1.47118 -0.292635 14.6
    endloop
  endfacet
  facet normal -0.634384 -0.773018 0
    outer loop
      vertex -1.06066 -1.06066 9
      vertex -0.833355 -1.2472 14.6
      vertex -1.06066 -1.06066 14.6
    endloop
  endfacet
  facet normal -0.634384 -0.773018 -0
    outer loop
      vertex -0.833355 -1.2472 14.6
      vertex -1.06066 -1.06066 9
      vertex -0.833355 -1.2472 9
    endloop
  endfacet
  facet normal 0.0980103 -0.995185 0
    outer loop
      vertex 0 -1.5 9
      vertex 0.292635 -1.47118 14.6
      vertex 0 -1.5 14.6
    endloop
  endfacet
  facet normal 0.0980103 -0.995185 0
    outer loop
      vertex 0.292635 -1.47118 14.6
      vertex 0 -1.5 9
      vertex 0.292635 -1.47118 9
    endloop
  endfacet
  facet normal 0.29029 -0.956939 0
    outer loop
      vertex 0.292635 -1.47118 9
      vertex 0.574024 -1.38582 14.6
      vertex 0.292635 -1.47118 14.6
    endloop
  endfacet
  facet normal 0.29029 -0.956939 0
    outer loop
      vertex 0.574024 -1.38582 14.6
      vertex 0.292635 -1.47118 9
      vertex 0.574024 -1.38582 9
    endloop
  endfacet
  facet normal -0.956939 0.29029 0
    outer loop
      vertex -1.47118 0.292635 9
      vertex -1.38582 0.574024 14.6
      vertex -1.38582 0.574024 9
    endloop
  endfacet
  facet normal -0.956939 0.29029 0
    outer loop
      vertex -1.38582 0.574024 14.6
      vertex -1.47118 0.292635 9
      vertex -1.47118 0.292635 14.6
    endloop
  endfacet
  facet normal 0.625113 -0.334141 0.705396
    outer loop
      vertex 1.38582 -0.574024 14.6
      vertex 1.01627 -0.420951 15
      vertex 1.2472 -0.833355 14.6
    endloop
  endfacet
  facet normal 0.625114 -0.33414 0.705396
    outer loop
      vertex 1.01627 -0.420951 15
      vertex 0.914616 -0.611127 15
      vertex 1.2472 -0.833355 14.6
    endloop
  endfacet
  facet normal 0.0694703 0.705394 0.705403
    outer loop
      vertex 0.292635 1.47118 14.6
      vertex 0 1.5 14.6
      vertex 0.214599 1.07886 15
    endloop
  endfacet
  facet normal 0.449659 -0.547924 0.705398
    outer loop
      vertex 1.06066 -1.06066 14.6
      vertex 0.777817 -0.777817 15
      vertex 0.833355 -1.2472 14.6
    endloop
  endfacet
  facet normal 0.705398 0.0694882 0.705398
    outer loop
      vertex 1.5 0 14.6
      vertex 1.07886 0.214599 15
      vertex 1.1 0 15
    endloop
  endfacet
  facet normal 0.705394 0.0694703 0.705403
    outer loop
      vertex 1.47118 0.292635 14.6
      vertex 1.07886 0.214599 15
      vertex 1.5 0 14.6
    endloop
  endfacet
  facet normal -0.0694703 -0.705394 0.705403
    outer loop
      vertex -0.214599 -1.07886 15
      vertex -0.292635 -1.47118 14.6
      vertex 0 -1.5 14.6
    endloop
  endfacet
  facet normal -0.0694882 0.705398 0.705398
    outer loop
      vertex 0 1.5 14.6
      vertex -0.214599 1.07886 15
      vertex 0 1.1 15
    endloop
  endfacet
  facet normal 0.205737 -0.67829 0.705404
    outer loop
      vertex 0.420951 -1.01627 15
      vertex 0.214599 -1.07886 15
      vertex 0.292635 -1.47118 14.6
    endloop
  endfacet
  facet normal 0.67829 -0.205761 0.705397
    outer loop
      vertex 1.47118 -0.292635 14.6
      vertex 1.01627 -0.420951 15
      vertex 1.38582 -0.574024 14.6
    endloop
  endfacet
  facet normal -0.0694703 0.705394 0.705403
    outer loop
      vertex 0 1.5 14.6
      vertex -0.292635 1.47118 14.6
      vertex -0.214599 1.07886 15
    endloop
  endfacet
  facet normal 0.625114 0.33414 0.705396
    outer loop
      vertex 1.2472 0.833355 14.6
      vertex 0.914616 0.611127 15
      vertex 1.01627 0.420951 15
    endloop
  endfacet
  facet normal 0.67829 0.205761 0.705397
    outer loop
      vertex 1.38582 0.574024 14.6
      vertex 1.01627 0.420951 15
      vertex 1.47118 0.292635 14.6
    endloop
  endfacet
  facet normal -0.67829 -0.205761 0.705397
    outer loop
      vertex -1.01627 -0.420951 15
      vertex -1.47118 -0.292635 14.6
      vertex -1.38582 -0.574024 14.6
    endloop
  endfacet
  facet normal 0.547924 -0.449659 0.705398
    outer loop
      vertex 1.2472 -0.833355 14.6
      vertex 0.777817 -0.777817 15
      vertex 1.06066 -1.06066 14.6
    endloop
  endfacet
  facet normal 0.625113 0.334141 0.705396
    outer loop
      vertex 1.2472 0.833355 14.6
      vertex 1.01627 0.420951 15
      vertex 1.38582 0.574024 14.6
    endloop
  endfacet
  facet normal -0.449659 -0.547924 0.705398
    outer loop
      vertex -0.777817 -0.777817 15
      vertex -1.06066 -1.06066 14.6
      vertex -0.833355 -1.2472 14.6
    endloop
  endfacet
  facet normal 0.33414 0.625114 0.705396
    outer loop
      vertex 0.833355 1.2472 14.6
      vertex 0.420951 1.01627 15
      vertex 0.611127 0.914616 15
    endloop
  endfacet
  facet normal -0.334141 -0.625113 0.705396
    outer loop
      vertex -0.420951 -1.01627 15
      vertex -0.833355 -1.2472 14.6
      vertex -0.574024 -1.38582 14.6
    endloop
  endfacet
  facet normal 0.547921 0.449667 0.705395
    outer loop
      vertex 1.2472 0.833355 14.6
      vertex 0.777817 0.777817 15
      vertex 0.914616 0.611127 15
    endloop
  endfacet
  facet normal -0.625113 0.334141 0.705396
    outer loop
      vertex -1.2472 0.833355 14.6
      vertex -1.38582 0.574024 14.6
      vertex -1.01627 0.420951 15
    endloop
  endfacet
  facet normal -0.547924 -0.449659 0.705398
    outer loop
      vertex -0.777817 -0.777817 15
      vertex -1.2472 -0.833355 14.6
      vertex -1.06066 -1.06066 14.6
    endloop
  endfacet
  facet normal -0.547924 0.449659 0.705398
    outer loop
      vertex -1.06066 1.06066 14.6
      vertex -1.2472 0.833355 14.6
      vertex -0.777817 0.777817 15
    endloop
  endfacet
  facet normal -0.449667 -0.547921 0.705395
    outer loop
      vertex -0.777817 -0.777817 15
      vertex -0.833355 -1.2472 14.6
      vertex -0.611127 -0.914616 15
    endloop
  endfacet
  facet normal 0.449667 -0.547921 0.705395
    outer loop
      vertex 0.777817 -0.777817 15
      vertex 0.611127 -0.914616 15
      vertex 0.833355 -1.2472 14.6
    endloop
  endfacet
  facet normal -0.33414 -0.625114 0.705396
    outer loop
      vertex -0.611127 -0.914616 15
      vertex -0.833355 -1.2472 14.6
      vertex -0.420951 -1.01627 15
    endloop
  endfacet
  facet normal -0.705394 -0.0694703 0.705403
    outer loop
      vertex -1.07886 -0.214599 15
      vertex -1.5 0 14.6
      vertex -1.47118 -0.292635 14.6
    endloop
  endfacet
  facet normal -0.705394 0.0694703 0.705403
    outer loop
      vertex -1.47118 0.292635 14.6
      vertex -1.5 0 14.6
      vertex -1.07886 0.214599 15
    endloop
  endfacet
  facet normal -0.67829 0.205737 0.705404
    outer loop
      vertex -1.01627 0.420951 15
      vertex -1.47118 0.292635 14.6
      vertex -1.07886 0.214599 15
    endloop
  endfacet
  facet normal 0.334141 0.625113 0.705396
    outer loop
      vertex 0.574024 1.38582 14.6
      vertex 0.420951 1.01627 15
      vertex 0.833355 1.2472 14.6
    endloop
  endfacet
  facet normal 0.449659 0.547924 0.705398
    outer loop
      vertex 0.833355 1.2472 14.6
      vertex 0.777817 0.777817 15
      vertex 1.06066 1.06066 14.6
    endloop
  endfacet
  facet normal 0.205737 0.67829 0.705404
    outer loop
      vertex 0.292635 1.47118 14.6
      vertex 0.214599 1.07886 15
      vertex 0.420951 1.01627 15
    endloop
  endfacet
  facet normal -0.67829 0.205761 0.705397
    outer loop
      vertex -1.38582 0.574024 14.6
      vertex -1.47118 0.292635 14.6
      vertex -1.01627 0.420951 15
    endloop
  endfacet
  facet normal -0.625114 -0.33414 0.705396
    outer loop
      vertex -1.01627 -0.420951 15
      vertex -1.2472 -0.833355 14.6
      vertex -0.914616 -0.611127 15
    endloop
  endfacet
  facet normal -0.449659 0.547924 0.705398
    outer loop
      vertex -0.833355 1.2472 14.6
      vertex -1.06066 1.06066 14.6
      vertex -0.777817 0.777817 15
    endloop
  endfacet
  facet normal -0.205761 0.67829 0.705397
    outer loop
      vertex -0.292635 1.47118 14.6
      vertex -0.574024 1.38582 14.6
      vertex -0.420951 1.01627 15
    endloop
  endfacet
  facet normal -0.205761 -0.67829 0.705397
    outer loop
      vertex -0.420951 -1.01627 15
      vertex -0.574024 -1.38582 14.6
      vertex -0.292635 -1.47118 14.6
    endloop
  endfacet
  facet normal 0.705394 -0.0694703 0.705403
    outer loop
      vertex 1.5 0 14.6
      vertex 1.07886 -0.214599 15
      vertex 1.47118 -0.292635 14.6
    endloop
  endfacet
  facet normal 0.705398 -0.0694882 0.705398
    outer loop
      vertex 1.1 0 15
      vertex 1.07886 -0.214599 15
      vertex 1.5 0 14.6
    endloop
  endfacet
  facet normal -0.705398 -0.0694882 0.705398
    outer loop
      vertex -1.1 0 15
      vertex -1.5 0 14.6
      vertex -1.07886 -0.214599 15
    endloop
  endfacet
  facet normal -0.205737 -0.67829 0.705404
    outer loop
      vertex -0.214599 -1.07886 15
      vertex -0.420951 -1.01627 15
      vertex -0.292635 -1.47118 14.6
    endloop
  endfacet
  facet normal 0.67829 0.205737 0.705404
    outer loop
      vertex 1.47118 0.292635 14.6
      vertex 1.01627 0.420951 15
      vertex 1.07886 0.214599 15
    endloop
  endfacet
  facet normal -0.547921 -0.449667 0.705395
    outer loop
      vertex -0.914616 -0.611127 15
      vertex -1.2472 -0.833355 14.6
      vertex -0.777817 -0.777817 15
    endloop
  endfacet
  facet normal -0.625113 -0.334141 0.705396
    outer loop
      vertex -1.01627 -0.420951 15
      vertex -1.38582 -0.574024 14.6
      vertex -1.2472 -0.833355 14.6
    endloop
  endfacet
  facet normal 0.547921 -0.449667 0.705395
    outer loop
      vertex 0.914616 -0.611127 15
      vertex 0.777817 -0.777817 15
      vertex 1.2472 -0.833355 14.6
    endloop
  endfacet
  facet normal -0.67829 -0.205737 0.705404
    outer loop
      vertex -1.07886 -0.214599 15
      vertex -1.47118 -0.292635 14.6
      vertex -1.01627 -0.420951 15
    endloop
  endfacet
  facet normal 0.0694882 0.705398 0.705398
    outer loop
      vertex 0 1.5 14.6
      vertex 0 1.1 15
      vertex 0.214599 1.07886 15
    endloop
  endfacet
  facet normal 0.334141 -0.625113 0.705396
    outer loop
      vertex 0.833355 -1.2472 14.6
      vertex 0.420951 -1.01627 15
      vertex 0.574024 -1.38582 14.6
    endloop
  endfacet
  facet normal 0.33414 -0.625114 0.705396
    outer loop
      vertex 0.611127 -0.914616 15
      vertex 0.420951 -1.01627 15
      vertex 0.833355 -1.2472 14.6
    endloop
  endfacet
  facet normal -0.449667 0.547921 0.705395
    outer loop
      vertex -0.611127 0.914616 15
      vertex -0.833355 1.2472 14.6
      vertex -0.777817 0.777817 15
    endloop
  endfacet
  facet normal -0.334141 0.625113 0.705396
    outer loop
      vertex -0.574024 1.38582 14.6
      vertex -0.833355 1.2472 14.6
      vertex -0.420951 1.01627 15
    endloop
  endfacet
  facet normal -0.0694882 -0.705398 0.705398
    outer loop
      vertex 0 -1.1 15
      vertex -0.214599 -1.07886 15
      vertex 0 -1.5 14.6
    endloop
  endfacet
  facet normal 0.205761 0.67829 0.705397
    outer loop
      vertex 0.574024 1.38582 14.6
      vertex 0.292635 1.47118 14.6
      vertex 0.420951 1.01627 15
    endloop
  endfacet
  facet normal 0.205761 -0.67829 0.705397
    outer loop
      vertex 0.420951 -1.01627 15
      vertex 0.292635 -1.47118 14.6
      vertex 0.574024 -1.38582 14.6
    endloop
  endfacet
  facet normal -0.547921 0.449667 0.705395
    outer loop
      vertex -0.777817 0.777817 15
      vertex -1.2472 0.833355 14.6
      vertex -0.914616 0.611127 15
    endloop
  endfacet
  facet normal 0.67829 -0.205737 0.705404
    outer loop
      vertex 1.07886 -0.214599 15
      vertex 1.01627 -0.420951 15
      vertex 1.47118 -0.292635 14.6
    endloop
  endfacet
  facet normal 0.547924 0.449659 0.705398
    outer loop
      vertex 1.06066 1.06066 14.6
      vertex 0.777817 0.777817 15
      vertex 1.2472 0.833355 14.6
    endloop
  endfacet
  facet normal 0.449667 0.547921 0.705395
    outer loop
      vertex 0.833355 1.2472 14.6
      vertex 0.611127 0.914616 15
      vertex 0.777817 0.777817 15
    endloop
  endfacet
  facet normal -0.33414 0.625114 0.705396
    outer loop
      vertex -0.420951 1.01627 15
      vertex -0.833355 1.2472 14.6
      vertex -0.611127 0.914616 15
    endloop
  endfacet
  facet normal 0.0694703 -0.705394 0.705403
    outer loop
      vertex 0.214599 -1.07886 15
      vertex 0 -1.5 14.6
      vertex 0.292635 -1.47118 14.6
    endloop
  endfacet
  facet normal 0.0694882 -0.705398 0.705398
    outer loop
      vertex 0 -1.1 15
      vertex 0 -1.5 14.6
      vertex 0.214599 -1.07886 15
    endloop
  endfacet
  facet normal -0.705398 0.0694882 0.705398
    outer loop
      vertex -1.07886 0.214599 15
      vertex -1.5 0 14.6
      vertex -1.1 0 15
    endloop
  endfacet
  facet normal -0.625114 0.33414 0.705396
    outer loop
      vertex -0.914616 0.611127 15
      vertex -1.2472 0.833355 14.6
      vertex -1.01627 0.420951 15
    endloop
  endfacet
  facet normal -0.205737 0.67829 0.705404
    outer loop
      vertex -0.292635 1.47118 14.6
      vertex -0.420951 1.01627 15
      vertex -0.214599 1.07886 15
    endloop
  endfacet
  facet normal 0 0 1
    outer loop
      vertex 1.07886 0.214599 15
      vertex 1.07886 -0.214599 15
      vertex 1.1 0 15
    endloop
  endfacet
  facet normal 0 0 1
    outer loop
      vertex 1.01627 0.420951 15
      vertex 1.07886 -0.214599 15
      vertex 1.07886 0.214599 15
    endloop
  endfacet
  facet normal 0 0 1
    outer loop
      vertex 1.01627 0.420951 15
      vertex 1.01627 -0.420951 15
      vertex 1.07886 -0.214599 15
    endloop
  endfacet
  facet normal 0 0 1
    outer loop
      vertex 0.914616 0.611127 15
      vertex 1.01627 -0.420951 15
      vertex 1.01627 0.420951 15
    endloop
  endfacet
  facet normal 0 0 1
    outer loop
      vertex 0.914616 0.611127 15
      vertex 0.914616 -0.611127 15
      vertex 1.01627 -0.420951 15
    endloop
  endfacet
  facet normal 0 0 1
    outer loop
      vertex 0.777817 0.777817 15
      vertex 0.914616 -0.611127 15
      vertex 0.914616 0.611127 15
    endloop
  endfacet
  facet normal 0 0 1
    outer loop
      vertex 0.777817 0.777817 15
      vertex 0.777817 -0.777817 15
      vertex 0.914616 -0.611127 15
    endloop
  endfacet
  facet normal 0 0 1
    outer loop
      vertex 0.611127 0.914616 15
      vertex 0.777817 -0.777817 15
      vertex 0.777817 0.777817 15
    endloop
  endfacet
  facet normal 0 0 1
    outer loop
      vertex 0.611127 0.914616 15
      vertex 0.611127 -0.914616 15
      vertex 0.777817 -0.777817 15
    endloop
  endfacet
  facet normal 0 0 1
    outer loop
      vertex 0.420951 1.01627 15
      vertex 0.611127 -0.914616 15
      vertex 0.611127 0.914616 15
    endloop
  endfacet
  facet normal 0 0 1
    outer loop
      vertex 0.420951 1.01627 15
      vertex 0.420951 -1.01627 15
      vertex 0.611127 -0.914616 15
    endloop
  endfacet
  facet normal 0 0 1
    outer loop
      vertex 0.214599 1.07886 15
      vertex 0.420951 -1.01627 15
      vertex 0.420951 1.01627 15
    endloop
  endfacet
  facet normal 0 0 1
    outer loop
      vertex 0.214599 1.07886 15
      vertex 0.214599 -1.07886 15
      vertex 0.420951 -1.01627 15
    endloop
  endfacet
  facet normal 0 0 1
    outer loop
      vertex 0 1.1 15
      vertex 0.214599 -1.07886 15
      vertex 0.214599 1.07886 15
    endloop
  endfacet
  facet normal 0 0 1
    outer loop
      vertex 0 1.1 15
      vertex 0 -1.1 15
      vertex 0.214599 -1.07886 15
    endloop
  endfacet
  facet normal -0 0 1
    outer loop
      vertex -0.214599 1.07886 15
      vertex 0 -1.1 15
      vertex 0 1.1 15
    endloop
  endfacet
  facet normal 0 0 1
    outer loop
      vertex -0.214599 1.07886 15
      vertex -0.214599 -1.07886 15
      vertex 0 -1.1 15
    endloop
  endfacet
  facet normal -0 0 1
    outer loop
      vertex -0.420951 1.01627 15
      vertex -0.214599 -1.07886 15
      vertex -0.214599 1.07886 15
    endloop
  endfacet
  facet normal 0 0 1
    outer loop
      vertex -0.420951 1.01627 15
      vertex -0.420951 -1.01627 15
      vertex -0.214599 -1.07886 15
    endloop
  endfacet
  facet normal -0 0 1
    outer loop
      vertex -0.611127 0.914616 15
      vertex -0.420951 -1.01627 15
      vertex -0.420951 1.01627 15
    endloop
  endfacet
  facet normal 0 0 1
    outer loop
      vertex -0.611127 0.914616 15
      vertex -0.611127 -0.914616 15
      vertex -0.420951 -1.01627 15
    endloop
  endfacet
  facet normal -0 0 1
    outer loop
      vertex -0.777817 0.777817 15
      vertex -0.611127 -0.914616 15
      vertex -0.611127 0.914616 15
    endloop
  endfacet
  facet normal 0 0 1
    outer loop
      vertex -0.777817 0.777817 15
      vertex -0.777817 -0.777817 15
      vertex -0.611127 -0.914616 15
    endloop
  endfacet
  facet normal -0 0 1
    outer loop
      vertex -0.914616 0.611127 15
      vertex -0.777817 -0.777817 15
      vertex -0.777817 0.777817 15
    endloop
  endfacet
  facet normal 0 0 1
    outer loop
      vertex -0.914616 0.611127 15
      vertex -0.914616 -0.611127 15
      vertex -0.777817 -0.777817 15
    endloop
  endfacet
  facet normal -0 0 1
    outer loop
      vertex -1.01627 0.420951 15
      vertex -0.914616 -0.611127 15
      vertex -0.914616 0.611127 15
    endloop
  endfacet
  facet normal 0 0 1
    outer loop
      vertex -1.01627 0.420951 15
      vertex -1.01627 -0.420951 15
      vertex -0.914616 -0.611127 15
    endloop
  endfacet
  facet normal -0 0 1
    outer loop
      vertex -1.07886 0.214599 15
      vertex -1.01627 -0.420951 15
      vertex -1.01627 0.420951 15
    endloop
  endfacet
  facet normal 0 0 1
    outer loop
      vertex -1.07886 0.214599 15
      vertex -1.07886 -0.214599 15
      vertex -1.01627 -0.420951 15
    endloop
  endfacet
  facet normal 0 -0 1
    outer loop
      vertex -1.07886 -0.214599 15
      vertex -1.07886 0.214599 15
      vertex -1.1 0 15
    endloop
  endfacet
  facet normal -0.989176 -0.146732 0
    outer loop
      vertex 6.34928 0.625349 0
      vertex 6.25741 1.24468 0.599999
      vertex 6.25741 1.24468 0
    endloop
  endfacet
  facet normal -0.989176 -0.146732 0
    outer loop
      vertex 6.25741 1.24468 0.599999
      vertex 6.34928 0.625349 0
      vertex 6.34928 0.625349 0.599999
    endloop
  endfacet
  facet normal -0.998796 -0.0490654 0
    outer loop
      vertex 6.38 0 0
      vertex 6.34928 0.625349 0.599999
      vertex 6.34928 0.625349 0
    endloop
  endfacet
  facet normal -0.998796 -0.0490654 0
    outer loop
      vertex 6.34928 0.625349 0.599999
      vertex 6.38 0 0
      vertex 6.38 0 0.599999
    endloop
  endfacet
  facet normal -0.970032 -0.242979 0
    outer loop
      vertex 6.25741 1.24468 0
      vertex 6.10528 1.85202 0.599999
      vertex 6.10528 1.85202 0
    endloop
  endfacet
  facet normal -0.970032 -0.242979 0
    outer loop
      vertex 6.10528 1.85202 0.599999
      vertex 6.25741 1.24468 0
      vertex 6.25741 1.24468 0.599999
    endloop
  endfacet
  facet normal -0.998796 0.0490654 0
    outer loop
      vertex 6.34928 -0.625349 0
      vertex 6.38 0 0.599999
      vertex 6.38 0 0
    endloop
  endfacet
  facet normal -0.998796 0.0490654 0
    outer loop
      vertex 6.38 0 0.599999
      vertex 6.34928 -0.625349 0
      vertex 6.34928 -0.625349 0.599999
    endloop
  endfacet
  facet normal 0.803206 -0.595701 0
    outer loop
      vertex -5.30478 3.54454 0.599999
      vertex -4.93181 4.04743 0
      vertex -4.93181 4.04743 0.599999
    endloop
  endfacet
  facet normal 0.803206 -0.595701 0
    outer loop
      vertex -4.93181 4.04743 0
      vertex -5.30478 3.54454 0.599999
      vertex -5.30478 3.54454 0
    endloop
  endfacet
  facet normal -0.941542 0.336895 0
    outer loop
      vertex 5.89435 -2.44152 0
      vertex 6.10528 -1.85202 0.599999
      vertex 6.10528 -1.85202 0
    endloop
  endfacet
  facet normal -0.941542 0.336895 0
    outer loop
      vertex 6.10528 -1.85202 0.599999
      vertex 5.89435 -2.44152 0
      vertex 5.89435 -2.44152 0.599999
    endloop
  endfacet
  facet normal 0.242979 -0.970032 0
    outer loop
      vertex -1.85202 6.10528 0
      vertex -1.24468 6.25741 0.599999
      vertex -1.85202 6.10528 0.599999
    endloop
  endfacet
  facet normal 0.242979 -0.970032 0
    outer loop
      vertex -1.24468 6.25741 0.599999
      vertex -1.85202 6.10528 0
      vertex -1.24468 6.25741 0
    endloop
  endfacet
  facet normal -0.740946 -0.671565 0
    outer loop
      vertex 4.93181 4.04743 0
      vertex 4.51134 4.51134 0.599999
      vertex 4.51134 4.51134 0
    endloop
  endfacet
  facet normal -0.740946 -0.671565 0
    outer loop
      vertex 4.51134 4.51134 0.599999
      vertex 4.93181 4.04743 0
      vertex 4.93181 4.04743 0.599999
    endloop
  endfacet
  facet normal 0.903991 -0.427551 0
    outer loop
      vertex -5.89435 2.44152 0.599999
      vertex -5.62666 3.00751 0
      vertex -5.62666 3.00751 0.599999
    endloop
  endfacet
  facet normal 0.903991 -0.427551 0
    outer loop
      vertex -5.62666 3.00751 0
      vertex -5.89435 2.44152 0.599999
      vertex -5.89435 2.44152 0
    endloop
  endfacet
  facet normal 0.146732 0.989176 -0
    outer loop
      vertex -0.625349 -6.34928 0
      vertex -1.24468 -6.25741 0.599999
      vertex -0.625349 -6.34928 0.599999
    endloop
  endfacet
  facet normal 0.146732 0.989176 0
    outer loop
      vertex -1.24468 -6.25741 0.599999
      vertex -0.625349 -6.34928 0
      vertex -1.24468 -6.25741 0
    endloop
  endfacet
  facet normal 0.970032 -0.242979 0
    outer loop
      vertex -6.25741 1.24468 0.599999
      vertex -6.10528 1.85202 0
      vertex -6.10528 1.85202 0.599999
    endloop
  endfacet
  facet normal 0.970032 -0.242979 0
    outer loop
      vertex -6.10528 1.85202 0
      vertex -6.25741 1.24468 0.599999
      vertex -6.25741 1.24468 0
    endloop
  endfacet
  facet normal -0.803206 0.595701 0
    outer loop
      vertex 4.93181 -4.04743 0
      vertex 5.30478 -3.54454 0.599999
      vertex 5.30478 -3.54454 0
    endloop
  endfacet
  facet normal -0.803206 0.595701 0
    outer loop
      vertex 5.30478 -3.54454 0.599999
      vertex 4.93181 -4.04743 0
      vertex 4.93181 -4.04743 0.599999
    endloop
  endfacet
  facet normal -0.671565 -0.740946 0
    outer loop
      vertex 4.04743 4.93181 0
      vertex 4.51134 4.51134 0.599999
      vertex 4.04743 4.93181 0.599999
    endloop
  endfacet
  facet normal -0.671565 -0.740946 -0
    outer loop
      vertex 4.51134 4.51134 0.599999
      vertex 4.04743 4.93181 0
      vertex 4.51134 4.51134 0
    endloop
  endfacet
  facet normal -0.514099 0.857731 0
    outer loop
      vertex 3.54454 -5.30478 0
      vertex 3.00751 -5.62666 0.599999
      vertex 3.54454 -5.30478 0.599999
    endloop
  endfacet
  facet normal -0.514099 0.857731 0
    outer loop
      vertex 3.00751 -5.62666 0.599999
      vertex 3.54454 -5.30478 0
      vertex 3.00751 -5.62666 0
    endloop
  endfacet
  facet normal -0.514099 -0.857731 0
    outer loop
      vertex 3.00751 5.62666 0
      vertex 3.54454 5.30478 0.599999
      vertex 3.00751 5.62666 0.599999
    endloop
  endfacet
  facet normal -0.514099 -0.857731 -0
    outer loop
      vertex 3.54454 5.30478 0.599999
      vertex 3.00751 5.62666 0
      vertex 3.54454 5.30478 0
    endloop
  endfacet
  facet normal 0.671565 -0.740946 0
    outer loop
      vertex -4.51134 4.51134 0
      vertex -4.04743 4.93181 0.599999
      vertex -4.51134 4.51134 0.599999
    endloop
  endfacet
  facet normal 0.671565 -0.740946 0
    outer loop
      vertex -4.04743 4.93181 0.599999
      vertex -4.51134 4.51134 0
      vertex -4.04743 4.93181 0
    endloop
  endfacet
  facet normal -0.903991 0.427551 0
    outer loop
      vertex 5.62666 -3.00751 0
      vertex 5.89435 -2.44152 0.599999
      vertex 5.89435 -2.44152 0
    endloop
  endfacet
  facet normal -0.903991 0.427551 0
    outer loop
      vertex 5.89435 -2.44152 0.599999
      vertex 5.62666 -3.00751 0
      vertex 5.62666 -3.00751 0.599999
    endloop
  endfacet
  facet normal 0.941542 -0.336895 0
    outer loop
      vertex -6.10528 1.85202 0.599999
      vertex -5.89435 2.44152 0
      vertex -5.89435 2.44152 0.599999
    endloop
  endfacet
  facet normal 0.941542 -0.336895 0
    outer loop
      vertex -5.89435 2.44152 0
      vertex -6.10528 1.85202 0.599999
      vertex -6.10528 1.85202 0
    endloop
  endfacet
  facet normal -0.989176 0.146732 0
    outer loop
      vertex 6.25741 -1.24468 0
      vertex 6.34928 -0.625349 0.599999
      vertex 6.34928 -0.625349 0
    endloop
  endfacet
  facet normal -0.989176 0.146732 0
    outer loop
      vertex 6.34928 -0.625349 0.599999
      vertex 6.25741 -1.24468 0
      vertex 6.25741 -1.24468 0.599999
    endloop
  endfacet
  facet normal -0.595701 0.803206 0
    outer loop
      vertex 4.04743 -4.93181 0
      vertex 3.54454 -5.30478 0.599999
      vertex 4.04743 -4.93181 0.599999
    endloop
  endfacet
  facet normal -0.595701 0.803206 0
    outer loop
      vertex 3.54454 -5.30478 0.599999
      vertex 4.04743 -4.93181 0
      vertex 3.54454 -5.30478 0
    endloop
  endfacet
  facet normal 0.427551 0.903991 -0
    outer loop
      vertex -2.44152 -5.89435 0
      vertex -3.00751 -5.62666 0.599999
      vertex -2.44152 -5.89435 0.599999
    endloop
  endfacet
  facet normal 0.427551 0.903991 0
    outer loop
      vertex -3.00751 -5.62666 0.599999
      vertex -2.44152 -5.89435 0
      vertex -3.00751 -5.62666 0
    endloop
  endfacet
  facet normal 0.857731 -0.514099 0
    outer loop
      vertex -5.62666 3.00751 0.599999
      vertex -5.30478 3.54454 0
      vertex -5.30478 3.54454 0.599999
    endloop
  endfacet
  facet normal 0.857731 -0.514099 0
    outer loop
      vertex -5.30478 3.54454 0
      vertex -5.62666 3.00751 0.599999
      vertex -5.62666 3.00751 0
    endloop
  endfacet
  facet normal 0.427551 -0.903991 0
    outer loop
      vertex -3.00751 5.62666 0
      vertex -2.44152 5.89435 0.599999
      vertex -3.00751 5.62666 0.599999
    endloop
  endfacet
  facet normal 0.427551 -0.903991 0
    outer loop
      vertex -2.44152 5.89435 0.599999
      vertex -3.00751 5.62666 0
      vertex -2.44152 5.89435 0
    endloop
  endfacet
  facet normal -0.903991 -0.427551 0
    outer loop
      vertex 5.89435 2.44152 0
      vertex 5.62666 3.00751 0.599999
      vertex 5.62666 3.00751 0
    endloop
  endfacet
  facet normal -0.903991 -0.427551 0
    outer loop
      vertex 5.62666 3.00751 0.599999
      vertex 5.89435 2.44152 0
      vertex 5.89435 2.44152 0.599999
    endloop
  endfacet
  facet normal 0.671565 0.740946 -0
    outer loop
      vertex -4.04743 -4.93181 0
      vertex -4.51134 -4.51134 0.599999
      vertex -4.04743 -4.93181 0.599999
    endloop
  endfacet
  facet normal 0.671565 0.740946 0
    outer loop
      vertex -4.51134 -4.51134 0.599999
      vertex -4.04743 -4.93181 0
      vertex -4.51134 -4.51134 0
    endloop
  endfacet
  facet normal 0.989176 -0.146732 0
    outer loop
      vertex -6.34928 0.625349 0.599999
      vertex -6.25741 1.24468 0
      vertex -6.25741 1.24468 0.599999
    endloop
  endfacet
  facet normal 0.989176 -0.146732 0
    outer loop
      vertex -6.25741 1.24468 0
      vertex -6.34928 0.625349 0.599999
      vertex -6.34928 0.625349 0
    endloop
  endfacet
  facet normal -0.803206 -0.595701 0
    outer loop
      vertex 5.30478 3.54454 0
      vertex 4.93181 4.04743 0.599999
      vertex 4.93181 4.04743 0
    endloop
  endfacet
  facet normal -0.803206 -0.595701 0
    outer loop
      vertex 4.93181 4.04743 0.599999
      vertex 5.30478 3.54454 0
      vertex 5.30478 3.54454 0.599999
    endloop
  endfacet
  facet normal 0.242979 0.970032 -0
    outer loop
      vertex -1.24468 -6.25741 0
      vertex -1.85202 -6.10528 0.599999
      vertex -1.24468 -6.25741 0.599999
    endloop
  endfacet
  facet normal 0.242979 0.970032 0
    outer loop
      vertex -1.85202 -6.10528 0.599999
      vertex -1.24468 -6.25741 0
      vertex -1.85202 -6.10528 0
    endloop
  endfacet
  facet normal -0.336895 -0.941542 0
    outer loop
      vertex 1.85202 6.10528 0
      vertex 2.44152 5.89435 0.599999
      vertex 1.85202 6.10528 0.599999
    endloop
  endfacet
  facet normal -0.336895 -0.941542 -0
    outer loop
      vertex 2.44152 5.89435 0.599999
      vertex 1.85202 6.10528 0
      vertex 2.44152 5.89435 0
    endloop
  endfacet
  facet normal 0.970032 0.242979 0
    outer loop
      vertex -6.10528 -1.85202 0.599999
      vertex -6.25741 -1.24468 0
      vertex -6.25741 -1.24468 0.599999
    endloop
  endfacet
  facet normal 0.970032 0.242979 0
    outer loop
      vertex -6.25741 -1.24468 0
      vertex -6.10528 -1.85202 0.599999
      vertex -6.10528 -1.85202 0
    endloop
  endfacet
  facet normal 0.514099 -0.857731 0
    outer loop
      vertex -3.54454 5.30478 0
      vertex -3.00751 5.62666 0.599999
      vertex -3.54454 5.30478 0.599999
    endloop
  endfacet
  facet normal 0.514099 -0.857731 0
    outer loop
      vertex -3.00751 5.62666 0.599999
      vertex -3.54454 5.30478 0
      vertex -3.00751 5.62666 0
    endloop
  endfacet
  facet normal 0.595701 0.803206 -0
    outer loop
      vertex -3.54454 -5.30478 0
      vertex -4.04743 -4.93181 0.599999
      vertex -3.54454 -5.30478 0.599999
    endloop
  endfacet
  facet normal 0.595701 0.803206 0
    outer loop
      vertex -4.04743 -4.93181 0.599999
      vertex -3.54454 -5.30478 0
      vertex -4.04743 -4.93181 0
    endloop
  endfacet
  facet normal 0.740946 0.671565 0
    outer loop
      vertex -4.51134 -4.51134 0.599999
      vertex -4.93181 -4.04743 0
      vertex -4.93181 -4.04743 0.599999
    endloop
  endfacet
  facet normal 0.740946 0.671565 0
    outer loop
      vertex -4.93181 -4.04743 0
      vertex -4.51134 -4.51134 0.599999
      vertex -4.51134 -4.51134 0
    endloop
  endfacet
  facet normal -0.427551 -0.903991 0
    outer loop
      vertex 2.44152 5.89435 0
      vertex 3.00751 5.62666 0.599999
      vertex 2.44152 5.89435 0.599999
    endloop
  endfacet
  facet normal -0.427551 -0.903991 -0
    outer loop
      vertex 3.00751 5.62666 0.599999
      vertex 2.44152 5.89435 0
      vertex 3.00751 5.62666 0
    endloop
  endfacet
  facet normal 0.998796 -0.0490654 0
    outer loop
      vertex -6.38 0 0.599999
      vertex -6.34928 0.625349 0
      vertex -6.34928 0.625349 0.599999
    endloop
  endfacet
  facet normal 0.998796 -0.0490654 0
    outer loop
      vertex -6.34928 0.625349 0
      vertex -6.38 0 0.599999
      vertex -6.38 0 0
    endloop
  endfacet
  facet normal -0.941542 -0.336895 0
    outer loop
      vertex 6.10528 1.85202 0
      vertex 5.89435 2.44152 0.599999
      vertex 5.89435 2.44152 0
    endloop
  endfacet
  facet normal -0.941542 -0.336895 0
    outer loop
      vertex 5.89435 2.44152 0.599999
      vertex 6.10528 1.85202 0
      vertex 6.10528 1.85202 0.599999
    endloop
  endfacet
  facet normal -0.595701 -0.803206 0
    outer loop
      vertex 3.54454 5.30478 0
      vertex 4.04743 4.93181 0.599999
      vertex 3.54454 5.30478 0.599999
    endloop
  endfacet
  facet normal -0.595701 -0.803206 -0
    outer loop
      vertex 4.04743 4.93181 0.599999
      vertex 3.54454 5.30478 0
      vertex 4.04743 4.93181 0
    endloop
  endfacet
  facet normal -0.740946 0.671565 0
    outer loop
      vertex 4.51134 -4.51134 0
      vertex 4.93181 -4.04743 0.599999
      vertex 4.93181 -4.04743 0
    endloop
  endfacet
  facet normal -0.740946 0.671565 0
    outer loop
      vertex 4.93181 -4.04743 0.599999
      vertex 4.51134 -4.51134 0
      vertex 4.51134 -4.51134 0.599999
    endloop
  endfacet
  facet normal -0.146732 0.989176 0
    outer loop
      vertex 1.24468 -6.25741 0
      vertex 0.625349 -6.34928 0.599999
      vertex 1.24468 -6.25741 0.599999
    endloop
  endfacet
  facet normal -0.146732 0.989176 0
    outer loop
      vertex 0.625349 -6.34928 0.599999
      vertex 1.24468 -6.25741 0
      vertex 0.625349 -6.34928 0
    endloop
  endfacet
  facet normal -0.427551 0.903991 0
    outer loop
      vertex 3.00751 -5.62666 0
      vertex 2.44152 -5.89435 0.599999
      vertex 3.00751 -5.62666 0.599999
    endloop
  endfacet
  facet normal -0.427551 0.903991 0
    outer loop
      vertex 2.44152 -5.89435 0.599999
      vertex 3.00751 -5.62666 0
      vertex 2.44152 -5.89435 0
    endloop
  endfacet
  facet normal -0.242979 -0.970032 0
    outer loop
      vertex 1.24468 6.25741 0
      vertex 1.85202 6.10528 0.599999
      vertex 1.24468 6.25741 0.599999
    endloop
  endfacet
  facet normal -0.242979 -0.970032 -0
    outer loop
      vertex 1.85202 6.10528 0.599999
      vertex 1.24468 6.25741 0
      vertex 1.85202 6.10528 0
    endloop
  endfacet
  facet normal -0.970032 0.242979 0
    outer loop
      vertex 6.10528 -1.85202 0
      vertex 6.25741 -1.24468 0.599999
      vertex 6.25741 -1.24468 0
    endloop
  endfacet
  facet normal -0.970032 0.242979 0
    outer loop
      vertex 6.25741 -1.24468 0.599999
      vertex 6.10528 -1.85202 0
      vertex 6.10528 -1.85202 0.599999
    endloop
  endfacet
  facet normal 0.0490654 0.998796 -0
    outer loop
      vertex 0 -6.38 0
      vertex -0.625349 -6.34928 0.599999
      vertex 0 -6.38 0.599999
    endloop
  endfacet
  facet normal 0.0490654 0.998796 0
    outer loop
      vertex -0.625349 -6.34928 0.599999
      vertex 0 -6.38 0
      vertex -0.625349 -6.34928 0
    endloop
  endfacet
  facet normal -0.0490654 -0.998796 0
    outer loop
      vertex 0 6.38 0
      vertex 0.625349 6.34928 0.599999
      vertex 0 6.38 0.599999
    endloop
  endfacet
  facet normal -0.0490654 -0.998796 -0
    outer loop
      vertex 0.625349 6.34928 0.599999
      vertex 0 6.38 0
      vertex 0.625349 6.34928 0
    endloop
  endfacet
  facet normal 0.803206 0.595701 0
    outer loop
      vertex -4.93181 -4.04743 0.599999
      vertex -5.30478 -3.54454 0
      vertex -5.30478 -3.54454 0.599999
    endloop
  endfacet
  facet normal 0.803206 0.595701 0
    outer loop
      vertex -5.30478 -3.54454 0
      vertex -4.93181 -4.04743 0.599999
      vertex -4.93181 -4.04743 0
    endloop
  endfacet
  facet normal 0.336895 -0.941542 0
    outer loop
      vertex -2.44152 5.89435 0
      vertex -1.85202 6.10528 0.599999
      vertex -2.44152 5.89435 0.599999
    endloop
  endfacet
  facet normal 0.336895 -0.941542 0
    outer loop
      vertex -1.85202 6.10528 0.599999
      vertex -2.44152 5.89435 0
      vertex -1.85202 6.10528 0
    endloop
  endfacet
  facet normal -0.857731 -0.514099 0
    outer loop
      vertex 5.62666 3.00751 0
      vertex 5.30478 3.54454 0.599999
      vertex 5.30478 3.54454 0
    endloop
  endfacet
  facet normal -0.857731 -0.514099 0
    outer loop
      vertex 5.30478 3.54454 0.599999
      vertex 5.62666 3.00751 0
      vertex 5.62666 3.00751 0.599999
    endloop
  endfacet
  facet normal 0.903991 0.427551 0
    outer loop
      vertex -5.62666 -3.00751 0.599999
      vertex -5.89435 -2.44152 0
      vertex -5.89435 -2.44152 0.599999
    endloop
  endfacet
  facet normal 0.903991 0.427551 0
    outer loop
      vertex -5.89435 -2.44152 0
      vertex -5.62666 -3.00751 0.599999
      vertex -5.62666 -3.00751 0
    endloop
  endfacet
  facet normal 0.146732 -0.989176 0
    outer loop
      vertex -1.24468 6.25741 0
      vertex -0.625349 6.34928 0.599999
      vertex -1.24468 6.25741 0.599999
    endloop
  endfacet
  facet normal 0.146732 -0.989176 0
    outer loop
      vertex -0.625349 6.34928 0.599999
      vertex -1.24468 6.25741 0
      vertex -0.625349 6.34928 0
    endloop
  endfacet
  facet normal 0.740946 -0.671565 0
    outer loop
      vertex -4.93181 4.04743 0.599999
      vertex -4.51134 4.51134 0
      vertex -4.51134 4.51134 0.599999
    endloop
  endfacet
  facet normal 0.740946 -0.671565 0
    outer loop
      vertex -4.51134 4.51134 0
      vertex -4.93181 4.04743 0.599999
      vertex -4.93181 4.04743 0
    endloop
  endfacet
  facet normal -0.0490654 0.998796 0
    outer loop
      vertex 0.625349 -6.34928 0
      vertex 0 -6.38 0.599999
      vertex 0.625349 -6.34928 0.599999
    endloop
  endfacet
  facet normal -0.0490654 0.998796 0
    outer loop
      vertex 0 -6.38 0.599999
      vertex 0.625349 -6.34928 0
      vertex 0 -6.38 0
    endloop
  endfacet
  facet normal 0.941542 0.336895 0
    outer loop
      vertex -5.89435 -2.44152 0.599999
      vertex -6.10528 -1.85202 0
      vertex -6.10528 -1.85202 0.599999
    endloop
  endfacet
  facet normal 0.941542 0.336895 0
    outer loop
      vertex -6.10528 -1.85202 0
      vertex -5.89435 -2.44152 0.599999
      vertex -5.89435 -2.44152 0
    endloop
  endfacet
  facet normal 0.514099 0.857731 -0
    outer loop
      vertex -3.00751 -5.62666 0
      vertex -3.54454 -5.30478 0.599999
      vertex -3.00751 -5.62666 0.599999
    endloop
  endfacet
  facet normal 0.514099 0.857731 0
    outer loop
      vertex -3.54454 -5.30478 0.599999
      vertex -3.00751 -5.62666 0
      vertex -3.54454 -5.30478 0
    endloop
  endfacet
  facet normal -0.857731 0.514099 0
    outer loop
      vertex 5.30478 -3.54454 0
      vertex 5.62666 -3.00751 0.599999
      vertex 5.62666 -3.00751 0
    endloop
  endfacet
  facet normal -0.857731 0.514099 0
    outer loop
      vertex 5.62666 -3.00751 0.599999
      vertex 5.30478 -3.54454 0
      vertex 5.30478 -3.54454 0.599999
    endloop
  endfacet
  facet normal -0.146732 -0.989176 0
    outer loop
      vertex 0.625349 6.34928 0
      vertex 1.24468 6.25741 0.599999
      vertex 0.625349 6.34928 0.599999
    endloop
  endfacet
  facet normal -0.146732 -0.989176 -0
    outer loop
      vertex 1.24468 6.25741 0.599999
      vertex 0.625349 6.34928 0
      vertex 1.24468 6.25741 0
    endloop
  endfacet
  facet normal 0.0490654 -0.998796 0
    outer loop
      vertex -0.625349 6.34928 0
      vertex 0 6.38 0.599999
      vertex -0.625349 6.34928 0.599999
    endloop
  endfacet
  facet normal 0.0490654 -0.998796 0
    outer loop
      vertex 0 6.38 0.599999
      vertex -0.625349 6.34928 0
      vertex 0 6.38 0
    endloop
  endfacet
  facet normal 0.336895 0.941542 -0
    outer loop
      vertex -1.85202 -6.10528 0
      vertex -2.44152 -5.89435 0.599999
      vertex -1.85202 -6.10528 0.599999
    endloop
  endfacet
  facet normal 0.336895 0.941542 0
    outer loop
      vertex -2.44152 -5.89435 0.599999
      vertex -1.85202 -6.10528 0
      vertex -2.44152 -5.89435 0
    endloop
  endfacet
  facet normal -0.671565 0.740946 0
    outer loop
      vertex 4.51134 -4.51134 0
      vertex 4.04743 -4.93181 0.599999
      vertex 4.51134 -4.51134 0.599999
    endloop
  endfacet
  facet normal -0.671565 0.740946 0
    outer loop
      vertex 4.04743 -4.93181 0.599999
      vertex 4.51134 -4.51134 0
      vertex 4.04743 -4.93181 0
    endloop
  endfacet
  facet normal 0.857731 0.514099 0
    outer loop
      vertex -5.30478 -3.54454 0.599999
      vertex -5.62666 -3.00751 0
      vertex -5.62666 -3.00751 0.599999
    endloop
  endfacet
  facet normal 0.857731 0.514099 0
    outer loop
      vertex -5.62666 -3.00751 0
      vertex -5.30478 -3.54454 0.599999
      vertex -5.30478 -3.54454 0
    endloop
  endfacet
  facet normal 0.595701 -0.803206 0
    outer loop
      vertex -4.04743 4.93181 0
      vertex -3.54454 5.30478 0.599999
      vertex -4.04743 4.93181 0.599999
    endloop
  endfacet
  facet normal 0.595701 -0.803206 0
    outer loop
      vertex -3.54454 5.30478 0.599999
      vertex -4.04743 4.93181 0
      vertex -3.54454 5.30478 0
    endloop
  endfacet
  facet normal -0.336895 0.941542 0
    outer loop
      vertex 2.44152 -5.89435 0
      vertex 1.85202 -6.10528 0.599999
      vertex 2.44152 -5.89435 0.599999
    endloop
  endfacet
  facet normal -0.336895 0.941542 0
    outer loop
      vertex 1.85202 -6.10528 0.599999
      vertex 2.44152 -5.89435 0
      vertex 1.85202 -6.10528 0
    endloop
  endfacet
  facet normal -0.242979 0.970032 0
    outer loop
      vertex 1.85202 -6.10528 0
      vertex 1.24468 -6.25741 0.599999
      vertex 1.85202 -6.10528 0.599999
    endloop
  endfacet
  facet normal -0.242979 0.970032 0
    outer loop
      vertex 1.24468 -6.25741 0.599999
      vertex 1.85202 -6.10528 0
      vertex 1.24468 -6.25741 0
    endloop
  endfacet
  facet normal 0 0 -1
    outer loop
      vertex 2.2 0 0.599999
      vertex 6.38 0 0.599999
      vertex 6.34928 -0.625349 0.599999
    endloop
  endfacet
  facet normal 0 0 -1
    outer loop
      vertex 2.18941 -0.215637 0.599999
      vertex 6.34928 -0.625349 0.599999
      vertex 6.25741 -1.24468 0.599999
    endloop
  endfacet
  facet normal 0 0 -1
    outer loop
      vertex 6.38 0 0.599999
      vertex 2.2 0 0.599999
      vertex 6.34928 0.625349 0.599999
    endloop
  endfacet
  facet normal 0 0 -1
    outer loop
      vertex 2.15773 -0.429198 0.599999
      vertex 6.25741 -1.24468 0.599999
      vertex 6.10528 -1.85202 0.599999
    endloop
  endfacet
  facet normal 0 0 -1
    outer loop
      vertex 2.18941 0.215637 0.599999
      vertex 6.34928 0.625349 0.599999
      vertex 2.2 0 0.599999
    endloop
  endfacet
  facet normal 0 0 -1
    outer loop
      vertex 2.10527 -0.638626 0.599999
      vertex 6.10528 -1.85202 0.599999
      vertex 5.89435 -2.44152 0.599999
    endloop
  endfacet
  facet normal -0 0 -1
    outer loop
      vertex 6.34928 0.625349 0.599999
      vertex 2.18941 0.215637 0.599999
      vertex 6.25741 1.24468 0.599999
    endloop
  endfacet
  facet normal 0 0 -1
    outer loop
      vertex 2.03253 -0.841903 0.599999
      vertex 5.89435 -2.44152 0.599999
      vertex 5.62666 -3.00751 0.599999
    endloop
  endfacet
  facet normal 0 0 -1
    outer loop
      vertex 2.15773 0.429198 0.599999
      vertex 6.25741 1.24468 0.599999
      vertex 2.18941 0.215637 0.599999
    endloop
  endfacet
  facet normal 0 0 -1
    outer loop
      vertex 1.94023 -1.03707 0.599999
      vertex 5.62666 -3.00751 0.599999
      vertex 5.30478 -3.54454 0.599999
    endloop
  endfacet
  facet normal -0 0 -1
    outer loop
      vertex 6.25741 1.24468 0.599999
      vertex 2.15773 0.429198 0.599999
      vertex 6.10528 1.85202 0.599999
    endloop
  endfacet
  facet normal 0 0 -1
    outer loop
      vertex 1.82923 -1.22225 0.599999
      vertex 5.30478 -3.54454 0.599999
      vertex 4.93181 -4.04743 0.599999
    endloop
  endfacet
  facet normal 0 0 -1
    outer loop
      vertex 2.10527 0.638626 0.599999
      vertex 6.10528 1.85202 0.599999
      vertex 2.15773 0.429198 0.599999
    endloop
  endfacet
  facet normal 0 0 -1
    outer loop
      vertex 1.70062 -1.39567 0.599999
      vertex 4.93181 -4.04743 0.599999
      vertex 4.51134 -4.51134 0.599999
    endloop
  endfacet
  facet normal -0 0 -1
    outer loop
      vertex 6.10528 1.85202 0.599999
      vertex 2.10527 0.638626 0.599999
      vertex 5.89435 2.44152 0.599999
    endloop
  endfacet
  facet normal 0 0 -1
    outer loop
      vertex 1.55563 -1.55563 0.599999
      vertex 4.51134 -4.51134 0.599999
      vertex 4.04743 -4.93181 0.599999
    endloop
  endfacet
  facet normal 0 0 -1
    outer loop
      vertex 2.03253 0.841903 0.599999
      vertex 5.89435 2.44152 0.599999
      vertex 2.10527 0.638626 0.599999
    endloop
  endfacet
  facet normal 0 0 -1
    outer loop
      vertex 1.39567 -1.70062 0.599999
      vertex 4.04743 -4.93181 0.599999
      vertex 3.54454 -5.30478 0.599999
    endloop
  endfacet
  facet normal -0 0 -1
    outer loop
      vertex 5.89435 2.44152 0.599999
      vertex 2.03253 0.841903 0.599999
      vertex 5.62666 3.00751 0.599999
    endloop
  endfacet
  facet normal 0 0 -1
    outer loop
      vertex 1.22225 -1.82923 0.599999
      vertex 3.54454 -5.30478 0.599999
      vertex 3.00751 -5.62666 0.599999
    endloop
  endfacet
  facet normal 0 0 -1
    outer loop
      vertex 1.94023 1.03707 0.599999
      vertex 5.62666 3.00751 0.599999
      vertex 2.03253 0.841903 0.599999
    endloop
  endfacet
  facet normal 0 0 -1
    outer loop
      vertex 1.03707 -1.94023 0.599999
      vertex 3.00751 -5.62666 0.599999
      vertex 2.44152 -5.89435 0.599999
    endloop
  endfacet
  facet normal -0 0 -1
    outer loop
      vertex 5.62666 3.00751 0.599999
      vertex 1.94023 1.03707 0.599999
      vertex 5.30478 3.54454 0.599999
    endloop
  endfacet
  facet normal 0 0 -1
    outer loop
      vertex 1.82923 1.22225 0.599999
      vertex 5.30478 3.54454 0.599999
      vertex 1.94023 1.03707 0.599999
    endloop
  endfacet
  facet normal 0 0 -1
    outer loop
      vertex 6.34928 -0.625349 0.599999
      vertex 2.18941 -0.215637 0.599999
      vertex 2.2 0 0.599999
    endloop
  endfacet
  facet normal 0 0 -1
    outer loop
      vertex 6.25741 -1.24468 0.599999
      vertex 2.15773 -0.429198 0.599999
      vertex 2.18941 -0.215637 0.599999
    endloop
  endfacet
  facet normal 0 0 -1
    outer loop
      vertex 6.10528 -1.85202 0.599999
      vertex 2.10527 -0.638626 0.599999
      vertex 2.15773 -0.429198 0.599999
    endloop
  endfacet
  facet normal 0 0 -1
    outer loop
      vertex 5.89435 -2.44152 0.599999
      vertex 2.03253 -0.841903 0.599999
      vertex 2.10527 -0.638626 0.599999
    endloop
  endfacet
  facet normal 0 0 -1
    outer loop
      vertex 5.62666 -3.00751 0.599999
      vertex 1.94023 -1.03707 0.599999
      vertex 2.03253 -0.841903 0.599999
    endloop
  endfacet
  facet normal 0 0 -1
    outer loop
      vertex 0.841903 -2.03253 0.599999
      vertex 2.44152 -5.89435 0.599999
      vertex 1.85202 -6.10528 0.599999
    endloop
  endfacet
  facet normal 0 0 -1
    outer loop
      vertex 5.30478 -3.54454 0.599999
      vertex 1.82923 -1.22225 0.599999
      vertex 1.94023 -1.03707 0.599999
    endloop
  endfacet
  facet normal 0 0 -1
    outer loop
      vertex 4.93181 -4.04743 0.599999
      vertex 1.70062 -1.39567 0.599999
      vertex 1.82923 -1.22225 0.599999
    endloop
  endfacet
  facet normal 0 0 -1
    outer loop
      vertex 4.51134 -4.51134 0.599999
      vertex 1.55563 -1.55563 0.599999
      vertex 1.70062 -1.39567 0.599999
    endloop
  endfacet
  facet normal 0 0 -1
    outer loop
      vertex 4.04743 -4.93181 0.599999
      vertex 1.39567 -1.70062 0.599999
      vertex 1.55563 -1.55563 0.599999
    endloop
  endfacet
  facet normal 0 0 -1
    outer loop
      vertex 0.638626 -2.10527 0.599999
      vertex 1.85202 -6.10528 0.599999
      vertex 1.24468 -6.25741 0.599999
    endloop
  endfacet
  facet normal 0 0 -1
    outer loop
      vertex 3.54454 -5.30478 0.599999
      vertex 1.22225 -1.82923 0.599999
      vertex 1.39567 -1.70062 0.599999
    endloop
  endfacet
  facet normal 0 0 -1
    outer loop
      vertex 3.00751 -5.62666 0.599999
      vertex 1.03707 -1.94023 0.599999
      vertex 1.22225 -1.82923 0.599999
    endloop
  endfacet
  facet normal 0 0 -1
    outer loop
      vertex 2.44152 -5.89435 0.599999
      vertex 0.841903 -2.03253 0.599999
      vertex 1.03707 -1.94023 0.599999
    endloop
  endfacet
  facet normal 0 0 -1
    outer loop
      vertex 1.85202 -6.10528 0.599999
      vertex 0.638626 -2.10527 0.599999
      vertex 0.841903 -2.03253 0.599999
    endloop
  endfacet
  facet normal 0 0 -1
    outer loop
      vertex 0.429198 -2.15773 0.599999
      vertex 1.24468 -6.25741 0.599999
      vertex 0.625349 -6.34928 0.599999
    endloop
  endfacet
  facet normal 0 0 -1
    outer loop
      vertex 1.24468 -6.25741 0.599999
      vertex 0.429198 -2.15773 0.599999
      vertex 0.638626 -2.10527 0.599999
    endloop
  endfacet
  facet normal 0 0 -1
    outer loop
      vertex 0.625349 -6.34928 0.599999
      vertex 0.215637 -2.18941 0.599999
      vertex 0.429198 -2.15773 0.599999
    endloop
  endfacet
  facet normal 0 0 -1
    outer loop
      vertex 0 -6.38 0.599999
      vertex 0.215637 -2.18941 0.599999
      vertex 0.625349 -6.34928 0.599999
    endloop
  endfacet
  facet normal 0 0 -1
    outer loop
      vertex 0 -6.38 0.599999
      vertex 0 -2.2 0.599999
      vertex 0.215637 -2.18941 0.599999
    endloop
  endfacet
  facet normal 0 0 -1
    outer loop
      vertex 0 -6.38 0.599999
      vertex -0.215637 -2.18941 0.599999
      vertex 0 -2.2 0.599999
    endloop
  endfacet
  facet normal 0 0 -1
    outer loop
      vertex -0.625349 -6.34928 0.599999
      vertex -0.215637 -2.18941 0.599999
      vertex 0 -6.38 0.599999
    endloop
  endfacet
  facet normal -0 0 -1
    outer loop
      vertex -0.215637 -2.18941 0.599999
      vertex -0.625349 -6.34928 0.599999
      vertex -0.429198 -2.15773 0.599999
    endloop
  endfacet
  facet normal 0 0 -1
    outer loop
      vertex -1.24468 -6.25741 0.599999
      vertex -0.429198 -2.15773 0.599999
      vertex -0.625349 -6.34928 0.599999
    endloop
  endfacet
  facet normal -0 0 -1
    outer loop
      vertex -0.429198 -2.15773 0.599999
      vertex -1.24468 -6.25741 0.599999
      vertex -0.638626 -2.10527 0.599999
    endloop
  endfacet
  facet normal 0 0 -1
    outer loop
      vertex -1.85202 -6.10528 0.599999
      vertex -0.638626 -2.10527 0.599999
      vertex -1.24468 -6.25741 0.599999
    endloop
  endfacet
  facet normal -0 0 -1
    outer loop
      vertex -0.638626 -2.10527 0.599999
      vertex -1.85202 -6.10528 0.599999
      vertex -0.841903 -2.03253 0.599999
    endloop
  endfacet
  facet normal 0 0 -1
    outer loop
      vertex -2.44152 -5.89435 0.599999
      vertex -0.841903 -2.03253 0.599999
      vertex -1.85202 -6.10528 0.599999
    endloop
  endfacet
  facet normal -0 0 -1
    outer loop
      vertex -0.841903 -2.03253 0.599999
      vertex -2.44152 -5.89435 0.599999
      vertex -1.03707 -1.94023 0.599999
    endloop
  endfacet
  facet normal 0 0 -1
    outer loop
      vertex -3.00751 -5.62666 0.599999
      vertex -1.03707 -1.94023 0.599999
      vertex -2.44152 -5.89435 0.599999
    endloop
  endfacet
  facet normal -0 0 -1
    outer loop
      vertex -1.03707 -1.94023 0.599999
      vertex -3.00751 -5.62666 0.599999
      vertex -1.22225 -1.82923 0.599999
    endloop
  endfacet
  facet normal 0 0 -1
    outer loop
      vertex -3.54454 -5.30478 0.599999
      vertex -1.22225 -1.82923 0.599999
      vertex -3.00751 -5.62666 0.599999
    endloop
  endfacet
  facet normal -0 0 -1
    outer loop
      vertex -1.22225 -1.82923 0.599999
      vertex -3.54454 -5.30478 0.599999
      vertex -1.39567 -1.70062 0.599999
    endloop
  endfacet
  facet normal 0 0 -1
    outer loop
      vertex -4.04743 -4.93181 0.599999
      vertex -1.39567 -1.70062 0.599999
      vertex -3.54454 -5.30478 0.599999
    endloop
  endfacet
  facet normal -0 0 -1
    outer loop
      vertex -1.39567 -1.70062 0.599999
      vertex -4.04743 -4.93181 0.599999
      vertex -1.55563 -1.55563 0.599999
    endloop
  endfacet
  facet normal 0 0 -1
    outer loop
      vertex -4.51134 -4.51134 0.599999
      vertex -1.55563 -1.55563 0.599999
      vertex -4.04743 -4.93181 0.599999
    endloop
  endfacet
  facet normal -0 0 -1
    outer loop
      vertex -1.55563 -1.55563 0.599999
      vertex -4.51134 -4.51134 0.599999
      vertex -1.70062 -1.39567 0.599999
    endloop
  endfacet
  facet normal 0 0 -1
    outer loop
      vertex -4.93181 -4.04743 0.599999
      vertex -1.70062 -1.39567 0.599999
      vertex -4.51134 -4.51134 0.599999
    endloop
  endfacet
  facet normal 0 0 -1
    outer loop
      vertex -5.30478 -3.54454 0.599999
      vertex -1.82923 -1.22225 0.599999
      vertex -4.93181 -4.04743 0.599999
    endloop
  endfacet
  facet normal -0 0 -1
    outer loop
      vertex -1.70062 -1.39567 0.599999
      vertex -4.93181 -4.04743 0.599999
      vertex -1.82923 -1.22225 0.599999
    endloop
  endfacet
  facet normal -0 0 -1
    outer loop
      vertex 5.30478 3.54454 0.599999
      vertex 1.82923 1.22225 0.599999
      vertex 4.93181 4.04743 0.599999
    endloop
  endfacet
  facet normal 0 0 -1
    outer loop
      vertex 1.70062 1.39567 0.599999
      vertex 4.93181 4.04743 0.599999
      vertex 1.82923 1.22225 0.599999
    endloop
  endfacet
  facet normal -0 0 -1
    outer loop
      vertex 4.93181 4.04743 0.599999
      vertex 1.70062 1.39567 0.599999
      vertex 4.51134 4.51134 0.599999
    endloop
  endfacet
  facet normal 0 0 -1
    outer loop
      vertex 1.55563 1.55563 0.599999
      vertex 4.51134 4.51134 0.599999
      vertex 1.70062 1.39567 0.599999
    endloop
  endfacet
  facet normal -0 0 -1
    outer loop
      vertex 4.51134 4.51134 0.599999
      vertex 1.55563 1.55563 0.599999
      vertex 4.04743 4.93181 0.599999
    endloop
  endfacet
  facet normal 0 0 -1
    outer loop
      vertex 1.39567 1.70062 0.599999
      vertex 4.04743 4.93181 0.599999
      vertex 1.55563 1.55563 0.599999
    endloop
  endfacet
  facet normal -0 0 -1
    outer loop
      vertex 4.04743 4.93181 0.599999
      vertex 1.39567 1.70062 0.599999
      vertex 3.54454 5.30478 0.599999
    endloop
  endfacet
  facet normal 0 0 -1
    outer loop
      vertex 1.22225 1.82923 0.599999
      vertex 3.54454 5.30478 0.599999
      vertex 1.39567 1.70062 0.599999
    endloop
  endfacet
  facet normal -0 0 -1
    outer loop
      vertex 3.54454 5.30478 0.599999
      vertex 1.22225 1.82923 0.599999
      vertex 3.00751 5.62666 0.599999
    endloop
  endfacet
  facet normal 0 0 -1
    outer loop
      vertex 1.03707 1.94023 0.599999
      vertex 3.00751 5.62666 0.599999
      vertex 1.22225 1.82923 0.599999
    endloop
  endfacet
  facet normal -0 0 -1
    outer loop
      vertex 3.00751 5.62666 0.599999
      vertex 1.03707 1.94023 0.599999
      vertex 2.44152 5.89435 0.599999
    endloop
  endfacet
  facet normal 0 0 -1
    outer loop
      vertex 0.841903 2.03253 0.599999
      vertex 2.44152 5.89435 0.599999
      vertex 1.03707 1.94023 0.599999
    endloop
  endfacet
  facet normal -0 0 -1
    outer loop
      vertex 2.44152 5.89435 0.599999
      vertex 0.841903 2.03253 0.599999
      vertex 1.85202 6.10528 0.599999
    endloop
  endfacet
  facet normal 0 0 -1
    outer loop
      vertex 0.638626 2.10527 0.599999
      vertex 1.85202 6.10528 0.599999
      vertex 0.841903 2.03253 0.599999
    endloop
  endfacet
  facet normal -0 0 -1
    outer loop
      vertex 1.85202 6.10528 0.599999
      vertex 0.638626 2.10527 0.599999
      vertex 1.24468 6.25741 0.599999
    endloop
  endfacet
  facet normal 0 0 -1
    outer loop
      vertex 0.429198 2.15773 0.599999
      vertex 1.24468 6.25741 0.599999
      vertex 0.638626 2.10527 0.599999
    endloop
  endfacet
  facet normal -0 0 -1
    outer loop
      vertex 1.24468 6.25741 0.599999
      vertex 0.429198 2.15773 0.599999
      vertex 0.625349 6.34928 0.599999
    endloop
  endfacet
  facet normal 0 0 -1
    outer loop
      vertex 0.215637 2.18941 0.599999
      vertex 0.625349 6.34928 0.599999
      vertex 0.429198 2.15773 0.599999
    endloop
  endfacet
  facet normal 0 0 -1
    outer loop
      vertex 0 2.2 0.599999
      vertex 0.625349 6.34928 0.599999
      vertex 0.215637 2.18941 0.599999
    endloop
  endfacet
  facet normal 0 0 -1
    outer loop
      vertex 0 2.2 0.599999
      vertex 0 6.38 0.599999
      vertex 0.625349 6.34928 0.599999
    endloop
  endfacet
  facet normal 0 0 -1
    outer loop
      vertex -0.215637 2.18941 0.599999
      vertex 0 6.38 0.599999
      vertex 0 2.2 0.599999
    endloop
  endfacet
  facet normal 0 0 -1
    outer loop
      vertex -0.625349 6.34928 0.599999
      vertex -0.215637 2.18941 0.599999
      vertex -0.429198 2.15773 0.599999
    endloop
  endfacet
  facet normal 0 0 -1
    outer loop
      vertex -0.215637 2.18941 0.599999
      vertex -0.625349 6.34928 0.599999
      vertex 0 6.38 0.599999
    endloop
  endfacet
  facet normal 0 0 -1
    outer loop
      vertex -1.24468 6.25741 0.599999
      vertex -0.429198 2.15773 0.599999
      vertex -0.638626 2.10527 0.599999
    endloop
  endfacet
  facet normal 0 0 -1
    outer loop
      vertex -1.85202 6.10528 0.599999
      vertex -0.638626 2.10527 0.599999
      vertex -0.841903 2.03253 0.599999
    endloop
  endfacet
  facet normal 0 0 -1
    outer loop
      vertex -2.44152 5.89435 0.599999
      vertex -0.841903 2.03253 0.599999
      vertex -1.03707 1.94023 0.599999
    endloop
  endfacet
  facet normal 0 0 -1
    outer loop
      vertex -3.00751 5.62666 0.599999
      vertex -1.03707 1.94023 0.599999
      vertex -1.22225 1.82923 0.599999
    endloop
  endfacet
  facet normal 0 0 -1
    outer loop
      vertex -0.429198 2.15773 0.599999
      vertex -1.24468 6.25741 0.599999
      vertex -0.625349 6.34928 0.599999
    endloop
  endfacet
  facet normal 0 0 -1
    outer loop
      vertex -3.54454 5.30478 0.599999
      vertex -1.22225 1.82923 0.599999
      vertex -1.39567 1.70062 0.599999
    endloop
  endfacet
  facet normal 0 0 -1
    outer loop
      vertex -4.04743 4.93181 0.599999
      vertex -1.39567 1.70062 0.599999
      vertex -1.55563 1.55563 0.599999
    endloop
  endfacet
  facet normal 0 0 -1
    outer loop
      vertex -4.51134 4.51134 0.599999
      vertex -1.55563 1.55563 0.599999
      vertex -1.70062 1.39567 0.599999
    endloop
  endfacet
  facet normal 0 0 -1
    outer loop
      vertex -4.93181 4.04743 0.599999
      vertex -1.70062 1.39567 0.599999
      vertex -1.82923 1.22225 0.599999
    endloop
  endfacet
  facet normal 0 0 -1
    outer loop
      vertex -0.638626 2.10527 0.599999
      vertex -1.85202 6.10528 0.599999
      vertex -1.24468 6.25741 0.599999
    endloop
  endfacet
  facet normal 0 0 -1
    outer loop
      vertex -5.30478 3.54454 0.599999
      vertex -1.82923 1.22225 0.599999
      vertex -1.94023 1.03707 0.599999
    endloop
  endfacet
  facet normal 0 0 -1
    outer loop
      vertex -5.62666 3.00751 0.599999
      vertex -1.94023 1.03707 0.599999
      vertex -2.03253 0.841903 0.599999
    endloop
  endfacet
  facet normal 0 0 -1
    outer loop
      vertex -5.89435 2.44152 0.599999
      vertex -2.03253 0.841903 0.599999
      vertex -2.10527 0.638626 0.599999
    endloop
  endfacet
  facet normal 0 0 -1
    outer loop
      vertex -6.10528 1.85202 0.599999
      vertex -2.10527 0.638626 0.599999
      vertex -2.15773 0.429198 0.599999
    endloop
  endfacet
  facet normal 0 0 -1
    outer loop
      vertex -6.25741 1.24468 0.599999
      vertex -2.15773 0.429198 0.599999
      vertex -2.18941 0.215637 0.599999
    endloop
  endfacet
  facet normal 0 0 -1
    outer loop
      vertex -0.841903 2.03253 0.599999
      vertex -2.44152 5.89435 0.599999
      vertex -1.85202 6.10528 0.599999
    endloop
  endfacet
  facet normal 0 0 -1
    outer loop
      vertex -6.34928 0.625349 0.599999
      vertex -2.18941 0.215637 0.599999
      vertex -2.2 0 0.599999
    endloop
  endfacet
  facet normal -0 0 -1
    outer loop
      vertex -1.82923 -1.22225 0.599999
      vertex -5.30478 -3.54454 0.599999
      vertex -1.94023 -1.03707 0.599999
    endloop
  endfacet
  facet normal 0 0 -1
    outer loop
      vertex -5.62666 -3.00751 0.599999
      vertex -1.94023 -1.03707 0.599999
      vertex -5.30478 -3.54454 0.599999
    endloop
  endfacet
  facet normal 0 0 -1
    outer loop
      vertex -1.03707 1.94023 0.599999
      vertex -3.00751 5.62666 0.599999
      vertex -2.44152 5.89435 0.599999
    endloop
  endfacet
  facet normal -0 0 -1
    outer loop
      vertex -1.94023 -1.03707 0.599999
      vertex -5.62666 -3.00751 0.599999
      vertex -2.03253 -0.841903 0.599999
    endloop
  endfacet
  facet normal 0 0 -1
    outer loop
      vertex -1.22225 1.82923 0.599999
      vertex -3.54454 5.30478 0.599999
      vertex -3.00751 5.62666 0.599999
    endloop
  endfacet
  facet normal 0 0 -1
    outer loop
      vertex -5.89435 -2.44152 0.599999
      vertex -2.03253 -0.841903 0.599999
      vertex -5.62666 -3.00751 0.599999
    endloop
  endfacet
  facet normal 0 0 -1
    outer loop
      vertex -1.39567 1.70062 0.599999
      vertex -4.04743 4.93181 0.599999
      vertex -3.54454 5.30478 0.599999
    endloop
  endfacet
  facet normal -0 0 -1
    outer loop
      vertex -2.03253 -0.841903 0.599999
      vertex -5.89435 -2.44152 0.599999
      vertex -2.10527 -0.638626 0.599999
    endloop
  endfacet
  facet normal 0 0 -1
    outer loop
      vertex -1.55563 1.55563 0.599999
      vertex -4.51134 4.51134 0.599999
      vertex -4.04743 4.93181 0.599999
    endloop
  endfacet
  facet normal 0 0 -1
    outer loop
      vertex -6.10528 -1.85202 0.599999
      vertex -2.10527 -0.638626 0.599999
      vertex -5.89435 -2.44152 0.599999
    endloop
  endfacet
  facet normal 0 0 -1
    outer loop
      vertex -1.70062 1.39567 0.599999
      vertex -4.93181 4.04743 0.599999
      vertex -4.51134 4.51134 0.599999
    endloop
  endfacet
  facet normal -0 0 -1
    outer loop
      vertex -2.10527 -0.638626 0.599999
      vertex -6.10528 -1.85202 0.599999
      vertex -2.15773 -0.429198 0.599999
    endloop
  endfacet
  facet normal 0 0 -1
    outer loop
      vertex -1.82923 1.22225 0.599999
      vertex -5.30478 3.54454 0.599999
      vertex -4.93181 4.04743 0.599999
    endloop
  endfacet
  facet normal 0 0 -1
    outer loop
      vertex -6.25741 -1.24468 0.599999
      vertex -2.15773 -0.429198 0.599999
      vertex -6.10528 -1.85202 0.599999
    endloop
  endfacet
  facet normal 0 0 -1
    outer loop
      vertex -1.94023 1.03707 0.599999
      vertex -5.62666 3.00751 0.599999
      vertex -5.30478 3.54454 0.599999
    endloop
  endfacet
  facet normal -0 0 -1
    outer loop
      vertex -2.15773 -0.429198 0.599999
      vertex -6.25741 -1.24468 0.599999
      vertex -2.18941 -0.215637 0.599999
    endloop
  endfacet
  facet normal 0 0 -1
    outer loop
      vertex -2.03253 0.841903 0.599999
      vertex -5.89435 2.44152 0.599999
      vertex -5.62666 3.00751 0.599999
    endloop
  endfacet
  facet normal 0 0 -1
    outer loop
      vertex -6.34928 -0.625349 0.599999
      vertex -2.18941 -0.215637 0.599999
      vertex -6.25741 -1.24468 0.599999
    endloop
  endfacet
  facet normal 0 0 -1
    outer loop
      vertex -2.10527 0.638626 0.599999
      vertex -6.10528 1.85202 0.599999
      vertex -5.89435 2.44152 0.599999
    endloop
  endfacet
  facet normal -0 0 -1
    outer loop
      vertex -2.18941 -0.215637 0.599999
      vertex -6.34928 -0.625349 0.599999
      vertex -2.2 0 0.599999
    endloop
  endfacet
  facet normal 0 0 -1
    outer loop
      vertex -2.15773 0.429198 0.599999
      vertex -6.25741 1.24468 0.599999
      vertex -6.10528 1.85202 0.599999
    endloop
  endfacet
  facet normal 0 0 -1
    outer loop
      vertex -6.38 0 0.599999
      vertex -2.2 0 0.599999
      vertex -6.34928 -0.625349 0.599999
    endloop
  endfacet
  facet normal 0 0 -1
    outer loop
      vertex -2.18941 0.215637 0.599999
      vertex -6.34928 0.625349 0.599999
      vertex -6.25741 1.24468 0.599999
    endloop
  endfacet
  facet normal 0 0 -1
    outer loop
      vertex -2.2 0 0.599999
      vertex -6.38 0 0.599999
      vertex -6.34928 0.625349 0.599999
    endloop
  endfacet
  facet normal 0.989176 0.146732 0
    outer loop
      vertex -6.25741 -1.24468 0.599999
      vertex -6.34928 -0.625349 0
      vertex -6.34928 -0.625349 0.599999
    endloop
  endfacet
  facet normal 0.989176 0.146732 0
    outer loop
      vertex -6.34928 -0.625349 0
      vertex -6.25741 -1.24468 0.599999
      vertex -6.25741 -1.24468 0
    endloop
  endfacet
  facet normal 0.998796 0.0490654 0
    outer loop
      vertex -6.34928 -0.625349 0.599999
      vertex -6.38 0 0
      vertex -6.38 0 0.599999
    endloop
  endfacet
  facet normal 0.998796 0.0490654 0
    outer loop
      vertex -6.38 0 0
      vertex -6.34928 -0.625349 0.599999
      vertex -6.34928 -0.625349 0
    endloop
  endfacet
  facet normal 0.989176 0.146736 0
    outer loop
      vertex 2.18941 0.215637 0.599999
      vertex 2.15773 0.429198 0
      vertex 2.15773 0.429198 0.599999
    endloop
  endfacet
  facet normal 0.989176 0.146736 0
    outer loop
      vertex 2.15773 0.429198 0
      vertex 2.18941 0.215637 0.599999
      vertex 2.18941 0.215637 0
    endloop
  endfacet
  facet normal 0.998796 0.0490512 0
    outer loop
      vertex 2.2 0 0.599999
      vertex 2.18941 0.215637 0
      vertex 2.18941 0.215637 0.599999
    endloop
  endfacet
  facet normal 0.998796 0.0490512 0
    outer loop
      vertex 2.18941 0.215637 0
      vertex 2.2 0 0.599999
      vertex 2.2 0 0
    endloop
  endfacet
  facet normal 0.97003 0.242985 0
    outer loop
      vertex 2.15773 0.429198 0.599999
      vertex 2.10527 0.638626 0
      vertex 2.10527 0.638626 0.599999
    endloop
  endfacet
  facet normal 0.97003 0.242985 0
    outer loop
      vertex 2.10527 0.638626 0
      vertex 2.15773 0.429198 0.599999
      vertex 2.15773 0.429198 0
    endloop
  endfacet
  facet normal 0.740926 0.671586 0
    outer loop
      vertex 1.70062 1.39567 0.599999
      vertex 1.55563 1.55563 0
      vertex 1.55563 1.55563 0.599999
    endloop
  endfacet
  facet normal 0.740926 0.671586 0
    outer loop
      vertex 1.55563 1.55563 0
      vertex 1.70062 1.39567 0.599999
      vertex 1.70062 1.39567 0
    endloop
  endfacet
  facet normal -0.857714 0.514128 0
    outer loop
      vertex -1.94023 1.03707 0
      vertex -1.82923 1.22225 0.599999
      vertex -1.82923 1.22225 0
    endloop
  endfacet
  facet normal -0.857714 0.514128 0
    outer loop
      vertex -1.82923 1.22225 0.599999
      vertex -1.94023 1.03707 0
      vertex -1.94023 1.03707 0.599999
    endloop
  endfacet
  facet normal -0.427528 0.904002 0
    outer loop
      vertex -0.841903 2.03253 0
      vertex -1.03707 1.94023 0.599999
      vertex -0.841903 2.03253 0.599999
    endloop
  endfacet
  facet normal -0.427528 0.904002 0
    outer loop
      vertex -1.03707 1.94023 0.599999
      vertex -0.841903 2.03253 0
      vertex -1.03707 1.94023 0
    endloop
  endfacet
  facet normal 0.146736 -0.989176 0
    outer loop
      vertex 0.215637 -2.18941 0
      vertex 0.429198 -2.15773 0.599999
      vertex 0.215637 -2.18941 0.599999
    endloop
  endfacet
  facet normal 0.146736 -0.989176 0
    outer loop
      vertex 0.429198 -2.15773 0.599999
      vertex 0.215637 -2.18941 0
      vertex 0.429198 -2.15773 0
    endloop
  endfacet
  facet normal 0.336916 0.941535 -0
    outer loop
      vertex 0.841903 2.03253 0
      vertex 0.638626 2.10527 0.599999
      vertex 0.841903 2.03253 0.599999
    endloop
  endfacet
  facet normal 0.336916 0.941535 0
    outer loop
      vertex 0.638626 2.10527 0.599999
      vertex 0.841903 2.03253 0
      vertex 0.638626 2.10527 0
    endloop
  endfacet
  facet normal 0.514128 0.857714 -0
    outer loop
      vertex 1.22225 1.82923 0
      vertex 1.03707 1.94023 0.599999
      vertex 1.22225 1.82923 0.599999
    endloop
  endfacet
  facet normal 0.514128 0.857714 0
    outer loop
      vertex 1.03707 1.94023 0.599999
      vertex 1.22225 1.82923 0
      vertex 1.03707 1.94023 0
    endloop
  endfacet
  facet normal 0.998796 -0.0490512 0
    outer loop
      vertex 2.18941 -0.215637 0.599999
      vertex 2.2 0 0
      vertex 2.2 0 0.599999
    endloop
  endfacet
  facet normal 0.998796 -0.0490512 0
    outer loop
      vertex 2.2 0 0
      vertex 2.18941 -0.215637 0.599999
      vertex 2.18941 -0.215637 0
    endloop
  endfacet
  facet normal 0.803223 -0.595678 0
    outer loop
      vertex 1.70062 -1.39567 0.599999
      vertex 1.82923 -1.22225 0
      vertex 1.82923 -1.22225 0.599999
    endloop
  endfacet
  facet normal 0.803223 -0.595678 0
    outer loop
      vertex 1.82923 -1.22225 0
      vertex 1.70062 -1.39567 0.599999
      vertex 1.70062 -1.39567 0
    endloop
  endfacet
  facet normal 0.0490512 0.998796 -0
    outer loop
      vertex 0.215637 2.18941 0
      vertex 0 2.2 0.599999
      vertex 0.215637 2.18941 0.599999
    endloop
  endfacet
  facet normal 0.0490512 0.998796 0
    outer loop
      vertex 0 2.2 0.599999
      vertex 0.215637 2.18941 0
      vertex 0 2.2 0
    endloop
  endfacet
  facet normal -0.740926 -0.671586 0
    outer loop
      vertex -1.55563 -1.55563 0
      vertex -1.70062 -1.39567 0.599999
      vertex -1.70062 -1.39567 0
    endloop
  endfacet
  facet normal -0.740926 -0.671586 0
    outer loop
      vertex -1.70062 -1.39567 0.599999
      vertex -1.55563 -1.55563 0
      vertex -1.55563 -1.55563 0.599999
    endloop
  endfacet
  facet normal -0.514128 0.857714 0
    outer loop
      vertex -1.03707 1.94023 0
      vertex -1.22225 1.82923 0.599999
      vertex -1.03707 1.94023 0.599999
    endloop
  endfacet
  facet normal -0.514128 0.857714 0
    outer loop
      vertex -1.22225 1.82923 0.599999
      vertex -1.03707 1.94023 0
      vertex -1.22225 1.82923 0
    endloop
  endfacet
  facet normal -0.427528 -0.904002 0
    outer loop
      vertex -1.03707 -1.94023 0
      vertex -0.841903 -2.03253 0.599999
      vertex -1.03707 -1.94023 0.599999
    endloop
  endfacet
  facet normal -0.427528 -0.904002 -0
    outer loop
      vertex -0.841903 -2.03253 0.599999
      vertex -1.03707 -1.94023 0
      vertex -0.841903 -2.03253 0
    endloop
  endfacet
  facet normal 0.242985 -0.97003 0
    outer loop
      vertex 0.429198 -2.15773 0
      vertex 0.638626 -2.10527 0.599999
      vertex 0.429198 -2.15773 0.599999
    endloop
  endfacet
  facet normal 0.242985 -0.97003 0
    outer loop
      vertex 0.638626 -2.10527 0.599999
      vertex 0.429198 -2.15773 0
      vertex 0.638626 -2.10527 0
    endloop
  endfacet
  facet normal 0.514128 -0.857714 0
    outer loop
      vertex 1.03707 -1.94023 0
      vertex 1.22225 -1.82923 0.599999
      vertex 1.03707 -1.94023 0.599999
    endloop
  endfacet
  facet normal 0.514128 -0.857714 0
    outer loop
      vertex 1.22225 -1.82923 0.599999
      vertex 1.03707 -1.94023 0
      vertex 1.22225 -1.82923 0
    endloop
  endfacet
  facet normal 0.941535 -0.336916 0
    outer loop
      vertex 2.03253 -0.841903 0.599999
      vertex 2.10527 -0.638626 0
      vertex 2.10527 -0.638626 0.599999
    endloop
  endfacet
  facet normal 0.941535 -0.336916 0
    outer loop
      vertex 2.10527 -0.638626 0
      vertex 2.03253 -0.841903 0.599999
      vertex 2.03253 -0.841903 0
    endloop
  endfacet
  facet normal -0.740926 0.671586 0
    outer loop
      vertex -1.70062 1.39567 0
      vertex -1.55563 1.55563 0.599999
      vertex -1.55563 1.55563 0
    endloop
  endfacet
  facet normal -0.740926 0.671586 0
    outer loop
      vertex -1.55563 1.55563 0.599999
      vertex -1.70062 1.39567 0
      vertex -1.70062 1.39567 0.599999
    endloop
  endfacet
  facet normal -0.0490512 0.998796 0
    outer loop
      vertex 0 2.2 0
      vertex -0.215637 2.18941 0.599999
      vertex 0 2.2 0.599999
    endloop
  endfacet
  facet normal -0.0490512 0.998796 0
    outer loop
      vertex -0.215637 2.18941 0.599999
      vertex 0 2.2 0
      vertex -0.215637 2.18941 0
    endloop
  endfacet
  facet normal -0.146736 0.989176 0
    outer loop
      vertex -0.215637 2.18941 0
      vertex -0.429198 2.15773 0.599999
      vertex -0.215637 2.18941 0.599999
    endloop
  endfacet
  facet normal -0.146736 0.989176 0
    outer loop
      vertex -0.429198 2.15773 0.599999
      vertex -0.215637 2.18941 0
      vertex -0.429198 2.15773 0
    endloop
  endfacet
  facet normal 0.857714 -0.514128 0
    outer loop
      vertex 1.82923 -1.22225 0.599999
      vertex 1.94023 -1.03707 0
      vertex 1.94023 -1.03707 0.599999
    endloop
  endfacet
  facet normal 0.857714 -0.514128 0
    outer loop
      vertex 1.94023 -1.03707 0
      vertex 1.82923 -1.22225 0.599999
      vertex 1.82923 -1.22225 0
    endloop
  endfacet
  facet normal 0.427528 -0.904002 0
    outer loop
      vertex 0.841903 -2.03253 0
      vertex 1.03707 -1.94023 0.599999
      vertex 0.841903 -2.03253 0.599999
    endloop
  endfacet
  facet normal 0.427528 -0.904002 0
    outer loop
      vertex 1.03707 -1.94023 0.599999
      vertex 0.841903 -2.03253 0
      vertex 1.03707 -1.94023 0
    endloop
  endfacet
  facet normal -0.336916 -0.941535 0
    outer loop
      vertex -0.841903 -2.03253 0
      vertex -0.638626 -2.10527 0.599999
      vertex -0.841903 -2.03253 0.599999
    endloop
  endfacet
  facet normal -0.336916 -0.941535 -0
    outer loop
      vertex -0.638626 -2.10527 0.599999
      vertex -0.841903 -2.03253 0
      vertex -0.638626 -2.10527 0
    endloop
  endfacet
  facet normal 0.671586 0.740926 -0
    outer loop
      vertex 1.55563 1.55563 0
      vertex 1.39567 1.70062 0.599999
      vertex 1.55563 1.55563 0.599999
    endloop
  endfacet
  facet normal 0.671586 0.740926 0
    outer loop
      vertex 1.39567 1.70062 0.599999
      vertex 1.55563 1.55563 0
      vertex 1.39567 1.70062 0
    endloop
  endfacet
  facet normal -0.242985 0.97003 0
    outer loop
      vertex -0.429198 2.15773 0
      vertex -0.638626 2.10527 0.599999
      vertex -0.429198 2.15773 0.599999
    endloop
  endfacet
  facet normal -0.242985 0.97003 0
    outer loop
      vertex -0.638626 2.10527 0.599999
      vertex -0.429198 2.15773 0
      vertex -0.638626 2.10527 0
    endloop
  endfacet
  facet normal 0.427528 0.904002 -0
    outer loop
      vertex 1.03707 1.94023 0
      vertex 0.841903 2.03253 0.599999
      vertex 1.03707 1.94023 0.599999
    endloop
  endfacet
  facet normal 0.427528 0.904002 0
    outer loop
      vertex 0.841903 2.03253 0.599999
      vertex 1.03707 1.94023 0
      vertex 0.841903 2.03253 0
    endloop
  endfacet
  facet normal -0.803223 0.595678 0
    outer loop
      vertex -1.82923 1.22225 0
      vertex -1.70062 1.39567 0.599999
      vertex -1.70062 1.39567 0
    endloop
  endfacet
  facet normal -0.803223 0.595678 0
    outer loop
      vertex -1.70062 1.39567 0.599999
      vertex -1.82923 1.22225 0
      vertex -1.82923 1.22225 0.599999
    endloop
  endfacet
  facet normal 0.0490512 -0.998796 0
    outer loop
      vertex 0 -2.2 0
      vertex 0.215637 -2.18941 0.599999
      vertex 0 -2.2 0.599999
    endloop
  endfacet
  facet normal 0.0490512 -0.998796 0
    outer loop
      vertex 0.215637 -2.18941 0.599999
      vertex 0 -2.2 0
      vertex 0.215637 -2.18941 0
    endloop
  endfacet
  facet normal 0.803223 0.595678 0
    outer loop
      vertex 1.82923 1.22225 0.599999
      vertex 1.70062 1.39567 0
      vertex 1.70062 1.39567 0.599999
    endloop
  endfacet
  facet normal 0.803223 0.595678 0
    outer loop
      vertex 1.70062 1.39567 0
      vertex 1.82923 1.22225 0.599999
      vertex 1.82923 1.22225 0
    endloop
  endfacet
  facet normal 0.904002 -0.427528 0
    outer loop
      vertex 1.94023 -1.03707 0.599999
      vertex 2.03253 -0.841903 0
      vertex 2.03253 -0.841903 0.599999
    endloop
  endfacet
  facet normal 0.904002 -0.427528 0
    outer loop
      vertex 2.03253 -0.841903 0
      vertex 1.94023 -1.03707 0.599999
      vertex 1.94023 -1.03707 0
    endloop
  endfacet
  facet normal -0.242985 -0.97003 0
    outer loop
      vertex -0.638626 -2.10527 0
      vertex -0.429198 -2.15773 0.599999
      vertex -0.638626 -2.10527 0.599999
    endloop
  endfacet
  facet normal -0.242985 -0.97003 -0
    outer loop
      vertex -0.429198 -2.15773 0.599999
      vertex -0.638626 -2.10527 0
      vertex -0.429198 -2.15773 0
    endloop
  endfacet
  facet normal -0.671586 -0.740926 0
    outer loop
      vertex -1.55563 -1.55563 0
      vertex -1.39567 -1.70062 0.599999
      vertex -1.55563 -1.55563 0.599999
    endloop
  endfacet
  facet normal -0.671586 -0.740926 -0
    outer loop
      vertex -1.39567 -1.70062 0.599999
      vertex -1.55563 -1.55563 0
      vertex -1.39567 -1.70062 0
    endloop
  endfacet
  facet normal -0.998796 0.0490512 0
    outer loop
      vertex -2.2 0 0
      vertex -2.18941 0.215637 0.599999
      vertex -2.18941 0.215637 0
    endloop
  endfacet
  facet normal -0.998796 0.0490512 0
    outer loop
      vertex -2.18941 0.215637 0.599999
      vertex -2.2 0 0
      vertex -2.2 0 0.599999
    endloop
  endfacet
  facet normal 0.336916 -0.941535 0
    outer loop
      vertex 0.638626 -2.10527 0
      vertex 0.841903 -2.03253 0.599999
      vertex 0.638626 -2.10527 0.599999
    endloop
  endfacet
  facet normal 0.336916 -0.941535 0
    outer loop
      vertex 0.841903 -2.03253 0.599999
      vertex 0.638626 -2.10527 0
      vertex 0.841903 -2.03253 0
    endloop
  endfacet
  facet normal 0.671586 -0.740926 0
    outer loop
      vertex 1.39567 -1.70062 0
      vertex 1.55563 -1.55563 0.599999
      vertex 1.39567 -1.70062 0.599999
    endloop
  endfacet
  facet normal 0.671586 -0.740926 0
    outer loop
      vertex 1.55563 -1.55563 0.599999
      vertex 1.39567 -1.70062 0
      vertex 1.55563 -1.55563 0
    endloop
  endfacet
  facet normal 0.97003 -0.242985 0
    outer loop
      vertex 2.10527 -0.638626 0.599999
      vertex 2.15773 -0.429198 0
      vertex 2.15773 -0.429198 0.599999
    endloop
  endfacet
  facet normal 0.97003 -0.242985 0
    outer loop
      vertex 2.15773 -0.429198 0
      vertex 2.10527 -0.638626 0.599999
      vertex 2.10527 -0.638626 0
    endloop
  endfacet
  facet normal 0.740926 -0.671586 0
    outer loop
      vertex 1.55563 -1.55563 0.599999
      vertex 1.70062 -1.39567 0
      vertex 1.70062 -1.39567 0.599999
    endloop
  endfacet
  facet normal 0.740926 -0.671586 0
    outer loop
      vertex 1.70062 -1.39567 0
      vertex 1.55563 -1.55563 0.599999
      vertex 1.55563 -1.55563 0
    endloop
  endfacet
  facet normal 0.941535 0.336916 0
    outer loop
      vertex 2.10527 0.638626 0.599999
      vertex 2.03253 0.841903 0
      vertex 2.03253 0.841903 0.599999
    endloop
  endfacet
  facet normal 0.941535 0.336916 0
    outer loop
      vertex 2.03253 0.841903 0
      vertex 2.10527 0.638626 0.599999
      vertex 2.10527 0.638626 0
    endloop
  endfacet
  facet normal 0.595678 0.803223 -0
    outer loop
      vertex 1.39567 1.70062 0
      vertex 1.22225 1.82923 0.599999
      vertex 1.39567 1.70062 0.599999
    endloop
  endfacet
  facet normal 0.595678 0.803223 0
    outer loop
      vertex 1.22225 1.82923 0.599999
      vertex 1.39567 1.70062 0
      vertex 1.22225 1.82923 0
    endloop
  endfacet
  facet normal -0.904002 0.427528 0
    outer loop
      vertex -2.03253 0.841903 0
      vertex -1.94023 1.03707 0.599999
      vertex -1.94023 1.03707 0
    endloop
  endfacet
  facet normal -0.904002 0.427528 0
    outer loop
      vertex -1.94023 1.03707 0.599999
      vertex -2.03253 0.841903 0
      vertex -2.03253 0.841903 0.599999
    endloop
  endfacet
  facet normal -0.97003 -0.242985 0
    outer loop
      vertex -2.10527 -0.638626 0
      vertex -2.15773 -0.429198 0.599999
      vertex -2.15773 -0.429198 0
    endloop
  endfacet
  facet normal -0.97003 -0.242985 0
    outer loop
      vertex -2.15773 -0.429198 0.599999
      vertex -2.10527 -0.638626 0
      vertex -2.10527 -0.638626 0.599999
    endloop
  endfacet
  facet normal 0.904002 0.427528 0
    outer loop
      vertex 2.03253 0.841903 0.599999
      vertex 1.94023 1.03707 0
      vertex 1.94023 1.03707 0.599999
    endloop
  endfacet
  facet normal 0.904002 0.427528 0
    outer loop
      vertex 1.94023 1.03707 0
      vertex 2.03253 0.841903 0.599999
      vertex 2.03253 0.841903 0
    endloop
  endfacet
  facet normal 0.989176 -0.146736 0
    outer loop
      vertex 2.15773 -0.429198 0.599999
      vertex 2.18941 -0.215637 0
      vertex 2.18941 -0.215637 0.599999
    endloop
  endfacet
  facet normal 0.989176 -0.146736 0
    outer loop
      vertex 2.18941 -0.215637 0
      vertex 2.15773 -0.429198 0.599999
      vertex 2.15773 -0.429198 0
    endloop
  endfacet
  facet normal 0.857714 0.514128 0
    outer loop
      vertex 1.94023 1.03707 0.599999
      vertex 1.82923 1.22225 0
      vertex 1.82923 1.22225 0.599999
    endloop
  endfacet
  facet normal 0.857714 0.514128 0
    outer loop
      vertex 1.82923 1.22225 0
      vertex 1.94023 1.03707 0.599999
      vertex 1.94023 1.03707 0
    endloop
  endfacet
  facet normal -0.336916 0.941535 0
    outer loop
      vertex -0.638626 2.10527 0
      vertex -0.841903 2.03253 0.599999
      vertex -0.638626 2.10527 0.599999
    endloop
  endfacet
  facet normal -0.336916 0.941535 0
    outer loop
      vertex -0.841903 2.03253 0.599999
      vertex -0.638626 2.10527 0
      vertex -0.841903 2.03253 0
    endloop
  endfacet
  facet normal -0.803223 -0.595678 0
    outer loop
      vertex -1.70062 -1.39567 0
      vertex -1.82923 -1.22225 0.599999
      vertex -1.82923 -1.22225 0
    endloop
  endfacet
  facet normal -0.803223 -0.595678 0
    outer loop
      vertex -1.82923 -1.22225 0.599999
      vertex -1.70062 -1.39567 0
      vertex -1.70062 -1.39567 0.599999
    endloop
  endfacet
  facet normal -0.857714 -0.514128 0
    outer loop
      vertex -1.82923 -1.22225 0
      vertex -1.94023 -1.03707 0.599999
      vertex -1.94023 -1.03707 0
    endloop
  endfacet
  facet normal -0.857714 -0.514128 0
    outer loop
      vertex -1.94023 -1.03707 0.599999
      vertex -1.82923 -1.22225 0
      vertex -1.82923 -1.22225 0.599999
    endloop
  endfacet
  facet normal -0.989176 -0.146736 0
    outer loop
      vertex -2.15773 -0.429198 0
      vertex -2.18941 -0.215637 0.599999
      vertex -2.18941 -0.215637 0
    endloop
  endfacet
  facet normal -0.989176 -0.146736 0
    outer loop
      vertex -2.18941 -0.215637 0.599999
      vertex -2.15773 -0.429198 0
      vertex -2.15773 -0.429198 0.599999
    endloop
  endfacet
  facet normal -0.0490512 -0.998796 0
    outer loop
      vertex -0.215637 -2.18941 0
      vertex 0 -2.2 0.599999
      vertex -0.215637 -2.18941 0.599999
    endloop
  endfacet
  facet normal -0.0490512 -0.998796 -0
    outer loop
      vertex 0 -2.2 0.599999
      vertex -0.215637 -2.18941 0
      vertex 0 -2.2 0
    endloop
  endfacet
  facet normal -0.671586 0.740926 0
    outer loop
      vertex -1.39567 1.70062 0
      vertex -1.55563 1.55563 0.599999
      vertex -1.39567 1.70062 0.599999
    endloop
  endfacet
  facet normal -0.671586 0.740926 0
    outer loop
      vertex -1.55563 1.55563 0.599999
      vertex -1.39567 1.70062 0
      vertex -1.55563 1.55563 0
    endloop
  endfacet
  facet normal -0.97003 0.242985 0
    outer loop
      vertex -2.15773 0.429198 0
      vertex -2.10527 0.638626 0.599999
      vertex -2.10527 0.638626 0
    endloop
  endfacet
  facet normal -0.97003 0.242985 0
    outer loop
      vertex -2.10527 0.638626 0.599999
      vertex -2.15773 0.429198 0
      vertex -2.15773 0.429198 0.599999
    endloop
  endfacet
  facet normal -0.904002 -0.427528 0
    outer loop
      vertex -1.94023 -1.03707 0
      vertex -2.03253 -0.841903 0.599999
      vertex -2.03253 -0.841903 0
    endloop
  endfacet
  facet normal -0.904002 -0.427528 0
    outer loop
      vertex -2.03253 -0.841903 0.599999
      vertex -1.94023 -1.03707 0
      vertex -1.94023 -1.03707 0.599999
    endloop
  endfacet
  facet normal -0.989176 0.146736 0
    outer loop
      vertex -2.18941 0.215637 0
      vertex -2.15773 0.429198 0.599999
      vertex -2.15773 0.429198 0
    endloop
  endfacet
  facet normal -0.989176 0.146736 0
    outer loop
      vertex -2.15773 0.429198 0.599999
      vertex -2.18941 0.215637 0
      vertex -2.18941 0.215637 0.599999
    endloop
  endfacet
  facet normal 0.242985 0.97003 -0
    outer loop
      vertex 0.638626 2.10527 0
      vertex 0.429198 2.15773 0.599999
      vertex 0.638626 2.10527 0.599999
    endloop
  endfacet
  facet normal 0.242985 0.97003 0
    outer loop
      vertex 0.429198 2.15773 0.599999
      vertex 0.638626 2.10527 0
      vertex 0.429198 2.15773 0
    endloop
  endfacet
  facet normal -0.941535 -0.336916 0
    outer loop
      vertex -2.03253 -0.841903 0
      vertex -2.10527 -0.638626 0.599999
      vertex -2.10527 -0.638626 0
    endloop
  endfacet
  facet normal -0.941535 -0.336916 0
    outer loop
      vertex -2.10527 -0.638626 0.599999
      vertex -2.03253 -0.841903 0
      vertex -2.03253 -0.841903 0.599999
    endloop
  endfacet
  facet normal 0.595678 -0.803223 0
    outer loop
      vertex 1.22225 -1.82923 0
      vertex 1.39567 -1.70062 0.599999
      vertex 1.22225 -1.82923 0.599999
    endloop
  endfacet
  facet normal 0.595678 -0.803223 0
    outer loop
      vertex 1.39567 -1.70062 0.599999
      vertex 1.22225 -1.82923 0
      vertex 1.39567 -1.70062 0
    endloop
  endfacet
  facet normal -0.595678 0.803223 0
    outer loop
      vertex -1.22225 1.82923 0
      vertex -1.39567 1.70062 0.599999
      vertex -1.22225 1.82923 0.599999
    endloop
  endfacet
  facet normal -0.595678 0.803223 0
    outer loop
      vertex -1.39567 1.70062 0.599999
      vertex -1.22225 1.82923 0
      vertex -1.39567 1.70062 0
    endloop
  endfacet
  facet normal -0.941535 0.336916 0
    outer loop
      vertex -2.10527 0.638626 0
      vertex -2.03253 0.841903 0.599999
      vertex -2.03253 0.841903 0
    endloop
  endfacet
  facet normal -0.941535 0.336916 0
    outer loop
      vertex -2.03253 0.841903 0.599999
      vertex -2.10527 0.638626 0
      vertex -2.10527 0.638626 0.599999
    endloop
  endfacet
  facet normal -0.146736 -0.989176 0
    outer loop
      vertex -0.429198 -2.15773 0
      vertex -0.215637 -2.18941 0.599999
      vertex -0.429198 -2.15773 0.599999
    endloop
  endfacet
  facet normal -0.146736 -0.989176 -0
    outer loop
      vertex -0.215637 -2.18941 0.599999
      vertex -0.429198 -2.15773 0
      vertex -0.215637 -2.18941 0
    endloop
  endfacet
  facet normal -0.595678 -0.803223 0
    outer loop
      vertex -1.39567 -1.70062 0
      vertex -1.22225 -1.82923 0.599999
      vertex -1.39567 -1.70062 0.599999
    endloop
  endfacet
  facet normal -0.595678 -0.803223 -0
    outer loop
      vertex -1.22225 -1.82923 0.599999
      vertex -1.39567 -1.70062 0
      vertex -1.22225 -1.82923 0
    endloop
  endfacet
  facet normal -0.514128 -0.857714 0
    outer loop
      vertex -1.22225 -1.82923 0
      vertex -1.03707 -1.94023 0.599999
      vertex -1.22225 -1.82923 0.599999
    endloop
  endfacet
  facet normal -0.514128 -0.857714 -0
    outer loop
      vertex -1.03707 -1.94023 0.599999
      vertex -1.22225 -1.82923 0
      vertex -1.03707 -1.94023 0
    endloop
  endfacet
  facet normal -0.998796 -0.0490512 0
    outer loop
      vertex -2.18941 -0.215637 0
      vertex -2.2 0 0.599999
      vertex -2.2 0 0
    endloop
  endfacet
  facet normal -0.998796 -0.0490512 0
    outer loop
      vertex -2.2 0 0.599999
      vertex -2.18941 -0.215637 0
      vertex -2.18941 -0.215637 0.599999
    endloop
  endfacet
  facet normal 0.146736 0.989176 -0
    outer loop
      vertex 0.429198 2.15773 0
      vertex 0.215637 2.18941 0.599999
      vertex 0.429198 2.15773 0.599999
    endloop
  endfacet
  facet normal 0.146736 0.989176 0
    outer loop
      vertex 0.215637 2.18941 0.599999
      vertex 0.429198 2.15773 0
      vertex 0.215637 2.18941 0
    endloop
  endfacet
endsolid OpenSCAD_Model
