solid OpenSCAD_Model
  facet normal 1 -0 0
    outer loop
      vertex 8.3 -0.599999 8
      vertex 8.3 0.599999 0
      vertex 8.3 0.599999 8
    endloop
  endfacet
  facet normal 1 0 0
    outer loop
      vertex 8.3 0.599999 0
      vertex 8.3 -0.599999 8
      vertex 8.3 -0.599999 0
    endloop
  endfacet
  facet normal 0 -1 0
    outer loop
      vertex 8.3 0.599999 8
      vertex 8.53328 0.599999 7.83724
      vertex 8.37052 0.599999 8
    endloop
  endfacet
  facet normal 0 -1 0
    outer loop
      vertex 8.3 0.599999 8
      vertex 8.97052 0.599999 7.4
      vertex 8.53328 0.599999 7.83724
    endloop
  endfacet
  facet normal 0 -1 0
    outer loop
      vertex 8.3 0.599999 8
      vertex 8.97052 0.599999 0.599999
      vertex 8.97052 0.599999 7.4
    endloop
  endfacet
  facet normal 0 -1 0
    outer loop
      vertex 8.3 0.599999 0
      vertex 8.97052 0.599999 0.599999
      vertex 8.3 0.599999 8
    endloop
  endfacet
  facet normal 0 -1 0
    outer loop
      vertex 8.97052 0.599999 0.599999
      vertex 8.3 0.599999 0
      vertex 8.53328 0.599999 0.162759
    endloop
  endfacet
  facet normal 0 -1 0
    outer loop
      vertex 8.53328 0.599999 0.162759
      vertex 8.3 0.599999 0
      vertex 8.37052 0.599999 0
    endloop
  endfacet
  facet normal 0 1 0
    outer loop
      vertex 8.53328 -0.599999 7.83724
      vertex 8.3 -0.599999 8
      vertex 8.37052 -0.599999 8
    endloop
  endfacet
  facet normal 0 1 0
    outer loop
      vertex 8.97052 -0.599999 7.4
      vertex 8.3 -0.599999 8
      vertex 8.53328 -0.599999 7.83724
    endloop
  endfacet
  facet normal 0 1 -0
    outer loop
      vertex 8.97052 -0.599999 0.599999
      vertex 8.3 -0.599999 8
      vertex 8.97052 -0.599999 7.4
    endloop
  endfacet
  facet normal 0 1 0
    outer loop
      vertex 8.3 -0.599999 0
      vertex 8.97052 -0.599999 0.599999
      vertex 8.53328 -0.599999 0.162759
    endloop
  endfacet
  facet normal 0 1 0
    outer loop
      vertex 8.3 -0.599999 0
      vertex 8.53328 -0.599999 0.162759
      vertex 8.37052 -0.599999 0
    endloop
  endfacet
  facet normal 0 1 0
    outer loop
      vertex 8.97052 -0.599999 0.599999
      vertex 8.3 -0.599999 0
      vertex 8.3 -0.599999 8
    endloop
  endfacet
  facet normal 0.939694 0.342017 0
    outer loop
      vertex 8.00466 2.27495 8
      vertex 7.59424 3.40258 0
      vertex 7.59424 3.40258 8
    endloop
  endfacet
  facet normal 0.939694 0.342017 0
    outer loop
      vertex 7.59424 3.40258 0
      vertex 8.00466 2.27495 8
      vertex 8.00466 2.27495 0
    endloop
  endfacet
  facet normal 0.342063 -0.939677 4.33569e-05
    outer loop
      vertex 7.59424 3.40258 8
      vertex 7.80617 3.47972 7.84523
      vertex 7.66028 3.42662 8
    endloop
  endfacet
  facet normal 0.342072 -0.939674 5.77698e-05
    outer loop
      vertex 7.59424 3.40258 8
      vertex 8.22585 3.63247 7.4
      vertex 7.80617 3.47972 7.84523
    endloop
  endfacet
  facet normal 0.342024 -0.939691 0
    outer loop
      vertex 7.59424 3.40258 8
      vertex 8.22585 3.63247 0.599999
      vertex 8.22585 3.63247 7.4
    endloop
  endfacet
  facet normal 0.342024 -0.939691 0
    outer loop
      vertex 7.59424 3.40258 0
      vertex 8.22585 3.63247 0.599999
      vertex 7.59424 3.40258 8
    endloop
  endfacet
  facet normal 0.342072 -0.939674 -5.7769e-05
    outer loop
      vertex 8.22585 3.63247 0.599999
      vertex 7.59424 3.40258 0
      vertex 7.80617 3.47972 0.154769
    endloop
  endfacet
  facet normal 0.342063 -0.939677 -4.33572e-05
    outer loop
      vertex 7.80617 3.47972 0.154769
      vertex 7.59424 3.40258 0
      vertex 7.66028 3.42662 0
    endloop
  endfacet
  facet normal -0.342052 0.939681 -4.71543e-05
    outer loop
      vertex 8.16129 2.33196 7.90644
      vertex 8.00466 2.27495 8
      vertex 8.07301 2.29983 8
    endloop
  endfacet
  facet normal -0.342031 0.939689 -7.78361e-06
    outer loop
      vertex 8.63918 2.5059 7.4
      vertex 8.00466 2.27495 8
      vertex 8.16129 2.33196 7.90644
    endloop
  endfacet
  facet normal -0.342025 0.939691 0
    outer loop
      vertex 8.63918 2.5059 0.599999
      vertex 8.00466 2.27495 8
      vertex 8.63918 2.5059 7.4
    endloop
  endfacet
  facet normal -0.342031 0.939689 7.78303e-06
    outer loop
      vertex 8.00466 2.27495 0
      vertex 8.63918 2.5059 0.599999
      vertex 8.16129 2.33196 0.0935557
    endloop
  endfacet
  facet normal -0.342052 0.939681 4.71565e-05
    outer loop
      vertex 8.00466 2.27495 0
      vertex 8.16129 2.33196 0.0935557
      vertex 8.07301 2.29983 0
    endloop
  endfacet
  facet normal -0.342025 0.939691 0
    outer loop
      vertex 8.63918 2.5059 0.599999
      vertex 8.00466 2.27495 0
      vertex 8.00466 2.27495 8
    endloop
  endfacet
  facet normal 0.766045 0.642786 0
    outer loop
      vertex 6.74384 4.87551 8
      vertex 5.9725 5.79476 0
      vertex 5.9725 5.79476 8
    endloop
  endfacet
  facet normal 0.766045 0.642786 0
    outer loop
      vertex 5.9725 5.79476 0
      vertex 6.74384 4.87551 8
      vertex 6.74384 4.87551 0
    endloop
  endfacet
  facet normal 0.642845 -0.765996 6.08851e-05
    outer loop
      vertex 5.9725 5.79476 8
      vertex 6.10158 5.90308 7.90453
      vertex 6.02848 5.84174 8
    endloop
  endfacet
  facet normal 0.642864 -0.76598 0.000103524
    outer loop
      vertex 5.9725 5.79476 8
      vertex 6.48789 6.22723 7.4
      vertex 6.10158 5.90308 7.90453
    endloop
  endfacet
  facet normal 0.642793 -0.76604 0
    outer loop
      vertex 5.9725 5.79476 8
      vertex 6.48789 6.22723 0.599999
      vertex 6.48789 6.22723 7.4
    endloop
  endfacet
  facet normal 0.642793 -0.76604 0
    outer loop
      vertex 5.9725 5.79476 0
      vertex 6.48789 6.22723 0.599999
      vertex 5.9725 5.79476 8
    endloop
  endfacet
  facet normal 0.642864 -0.76598 -0.00010352
    outer loop
      vertex 6.48789 6.22723 0.599999
      vertex 5.9725 5.79476 0
      vertex 6.10158 5.90308 0.0954675
    endloop
  endfacet
  facet normal 0.642845 -0.765996 -6.08867e-05
    outer loop
      vertex 6.10158 5.90308 0.0954675
      vertex 5.9725 5.79476 0
      vertex 6.02848 5.84174 0
    endloop
  endfacet
  facet normal -0.642791 0.766042 -9.61657e-06
    outer loop
      vertex 6.97385 5.06851 7.76885
      vertex 6.74384 4.87551 8
      vertex 6.79667 4.91984 8
    endloop
  endfacet
  facet normal -0.642778 0.766053 1.22759e-05
    outer loop
      vertex 7.25657 5.30574 7.4
      vertex 6.74384 4.87551 8
      vertex 6.97385 5.06851 7.76885
    endloop
  endfacet
  facet normal -0.642786 0.766046 0
    outer loop
      vertex 7.25657 5.30574 0.599999
      vertex 6.74384 4.87551 8
      vertex 7.25657 5.30574 7.4
    endloop
  endfacet
  facet normal -0.642778 0.766053 -1.22757e-05
    outer loop
      vertex 6.74384 4.87551 0
      vertex 7.25657 5.30574 0.599999
      vertex 6.97385 5.06851 0.231149
    endloop
  endfacet
  facet normal -0.642791 0.766042 9.61661e-06
    outer loop
      vertex 6.74384 4.87551 0
      vertex 6.97385 5.06851 0.231149
      vertex 6.79667 4.91984 0
    endloop
  endfacet
  facet normal -0.642786 0.766046 0
    outer loop
      vertex 7.25657 5.30574 0.599999
      vertex 6.74384 4.87551 0
      vertex 6.74384 4.87551 8
    endloop
  endfacet
  facet normal 0.5 0.866025 -0
    outer loop
      vertex 4.66961 6.88801 0
      vertex 3.63038 7.48801 8
      vertex 4.66961 6.88801 8
    endloop
  endfacet
  facet normal 0.5 0.866025 0
    outer loop
      vertex 3.63038 7.48801 8
      vertex 4.66961 6.88801 0
      vertex 3.63038 7.48801 0
    endloop
  endfacet
  facet normal 0.866026 -0.499998 0
    outer loop
      vertex 3.85091 7.86997 7.62859
      vertex 3.96545 8.06836 0.599999
      vertex 3.96545 8.06836 7.4
    endloop
  endfacet
  facet normal 0.866026 -0.499998 0
    outer loop
      vertex 3.85091 7.86997 7.62859
      vertex 3.85091 7.86997 0.37141
      vertex 3.96545 8.06836 0.599999
    endloop
  endfacet
  facet normal 0.866036 -0.499982 3.65837e-05
    outer loop
      vertex 3.63038 7.48801 8
      vertex 3.85091 7.86997 7.62859
      vertex 3.6648 7.54763 8
    endloop
  endfacet
  facet normal 0.86602 -0.500009 0
    outer loop
      vertex 3.85091 7.86997 7.62859
      vertex 3.63038 7.48801 8
      vertex 3.85091 7.86997 0.37141
    endloop
  endfacet
  facet normal 0.86602 -0.500009 0
    outer loop
      vertex 3.63038 7.48801 0
      vertex 3.85091 7.86997 0.37141
      vertex 3.63038 7.48801 8
    endloop
  endfacet
  facet normal 0.866036 -0.499982 -3.65837e-05
    outer loop
      vertex 3.85091 7.86997 0.37141
      vertex 3.63038 7.48801 0
      vertex 3.6648 7.54763 0
    endloop
  endfacet
  facet normal -0.866029 0.499995 1.73091e-05
    outer loop
      vertex 4.66961 6.88801 0
      vertex 5.00933 7.47641 0.599999
      vertex 4.72436 6.98284 0.0331291
    endloop
  endfacet
  facet normal -0.866021 0.500008 0
    outer loop
      vertex 5.00933 7.47641 0.599999
      vertex 4.66961 6.88801 0
      vertex 5.00933 7.47641 7.4
    endloop
  endfacet
  facet normal -0.865989 0.500063 -0.000244838
    outer loop
      vertex 4.66961 6.88801 0
      vertex 4.72436 6.98284 0.0331291
      vertex 4.70771 6.95399 0
    endloop
  endfacet
  facet normal -0.866021 0.500008 0
    outer loop
      vertex 4.66961 6.88801 8
      vertex 5.00933 7.47641 7.4
      vertex 4.66961 6.88801 0
    endloop
  endfacet
  facet normal -0.866029 0.499995 -1.73093e-05
    outer loop
      vertex 5.00933 7.47641 7.4
      vertex 4.66961 6.88801 8
      vertex 4.72436 6.98284 7.96687
    endloop
  endfacet
  facet normal -0.865989 0.500063 0.000244831
    outer loop
      vertex 4.72436 6.98284 7.96687
      vertex 4.66961 6.88801 8
      vertex 4.70771 6.95399 8
    endloop
  endfacet
  facet normal 0.173651 0.984807 -0
    outer loop
      vertex 2.03216 8.06971 0
      vertex 0.850395 8.27809 8
      vertex 2.03216 8.06971 8
    endloop
  endfacet
  facet normal 0.173651 0.984807 0
    outer loop
      vertex 0.850395 8.27809 8
      vertex 2.03216 8.06971 0
      vertex 0.850395 8.27809 0
    endloop
  endfacet
  facet normal 0.984808 -0.173644 2.92146e-06
    outer loop
      vertex 0.850395 8.27809 8
      vertex 0.967805 8.94396 7.4
      vertex 0.868775 8.38233 7.97077
    endloop
  endfacet
  facet normal 0.984808 -0.173647 0
    outer loop
      vertex 0.967805 8.94396 7.4
      vertex 0.850395 8.27809 8
      vertex 0.967805 8.94396 0.599999
    endloop
  endfacet
  facet normal 0.984806 -0.173656 -3.89818e-05
    outer loop
      vertex 0.850395 8.27809 8
      vertex 0.868775 8.38233 7.97077
      vertex 0.863703 8.35356 8
    endloop
  endfacet
  facet normal 0.984808 -0.173647 0
    outer loop
      vertex 0.850395 8.27809 0
      vertex 0.967805 8.94396 0.599999
      vertex 0.850395 8.27809 8
    endloop
  endfacet
  facet normal 0.984808 -0.173644 -2.92162e-06
    outer loop
      vertex 0.967805 8.94396 0.599999
      vertex 0.850395 8.27809 0
      vertex 0.868775 8.38233 0.0292332
    endloop
  endfacet
  facet normal 0.984806 -0.173656 3.89775e-05
    outer loop
      vertex 0.868775 8.38233 0.0292332
      vertex 0.850395 8.27809 0
      vertex 0.863703 8.35356 0
    endloop
  endfacet
  facet normal -0.984821 0.173571 9.61236e-05
    outer loop
      vertex 2.03216 8.06971 0
      vertex 2.14837 8.72874 0.599999
      vertex 2.09632 8.43358 0.300684
    endloop
  endfacet
  facet normal -0.984806 0.173656 0
    outer loop
      vertex 2.14837 8.72874 0.599999
      vertex 2.03216 8.06971 0
      vertex 2.14837 8.72874 7.4
    endloop
  endfacet
  facet normal -0.984806 0.17366 -1.53819e-05
    outer loop
      vertex 2.03216 8.06971 0
      vertex 2.09632 8.43358 0.300684
      vertex 2.04404 8.13708 0
    endloop
  endfacet
  facet normal -0.984806 0.173656 0
    outer loop
      vertex 2.03216 8.06971 8
      vertex 2.14837 8.72874 7.4
      vertex 2.03216 8.06971 0
    endloop
  endfacet
  facet normal -0.984821 0.173571 -9.61093e-05
    outer loop
      vertex 2.14837 8.72874 7.4
      vertex 2.03216 8.06971 8
      vertex 2.09632 8.43358 7.69932
    endloop
  endfacet
  facet normal -0.984806 0.17366 1.53821e-05
    outer loop
      vertex 2.09632 8.43358 7.69932
      vertex 2.03216 8.06971 8
      vertex 2.04404 8.13708 8
    endloop
  endfacet
  facet normal -0.173651 0.984807 0
    outer loop
      vertex -0.850395 8.27809 0
      vertex -2.03216 8.06971 8
      vertex -0.850395 8.27809 8
    endloop
  endfacet
  facet normal -0.173651 0.984807 0
    outer loop
      vertex -2.03216 8.06971 8
      vertex -0.850395 8.27809 0
      vertex -2.03216 8.06971 0
    endloop
  endfacet
  facet normal 0.984821 0.173571 -9.61093e-05
    outer loop
      vertex -2.03216 8.06971 8
      vertex -2.14837 8.72874 7.4
      vertex -2.09632 8.43358 7.69932
    endloop
  endfacet
  facet normal 0.984806 0.173656 0
    outer loop
      vertex -2.14837 8.72874 7.4
      vertex -2.03216 8.06971 8
      vertex -2.14837 8.72874 0.599999
    endloop
  endfacet
  facet normal 0.984806 0.17366 1.53821e-05
    outer loop
      vertex -2.03216 8.06971 8
      vertex -2.09632 8.43358 7.69932
      vertex -2.04404 8.13708 8
    endloop
  endfacet
  facet normal 0.984806 0.173656 -0
    outer loop
      vertex -2.03216 8.06971 0
      vertex -2.14837 8.72874 0.599999
      vertex -2.03216 8.06971 8
    endloop
  endfacet
  facet normal 0.984821 0.173571 9.61236e-05
    outer loop
      vertex -2.14837 8.72874 0.599999
      vertex -2.03216 8.06971 0
      vertex -2.09632 8.43358 0.300684
    endloop
  endfacet
  facet normal 0.984806 0.17366 -1.53819e-05
    outer loop
      vertex -2.09632 8.43358 0.300684
      vertex -2.03216 8.06971 0
      vertex -2.04404 8.13708 0
    endloop
  endfacet
  facet normal -0.984808 -0.173644 -2.92162e-06
    outer loop
      vertex -0.850395 8.27809 0
      vertex -0.967805 8.94396 0.599999
      vertex -0.868775 8.38233 0.0292332
    endloop
  endfacet
  facet normal -0.984808 -0.173647 0
    outer loop
      vertex -0.967805 8.94396 0.599999
      vertex -0.850395 8.27809 0
      vertex -0.967805 8.94396 7.4
    endloop
  endfacet
  facet normal -0.984806 -0.173656 3.89775e-05
    outer loop
      vertex -0.850395 8.27809 0
      vertex -0.868775 8.38233 0.0292332
      vertex -0.863703 8.35356 0
    endloop
  endfacet
  facet normal -0.984808 -0.173647 -0
    outer loop
      vertex -0.850395 8.27809 8
      vertex -0.967805 8.94396 7.4
      vertex -0.850395 8.27809 0
    endloop
  endfacet
  facet normal -0.984808 -0.173644 2.92146e-06
    outer loop
      vertex -0.967805 8.94396 7.4
      vertex -0.850395 8.27809 8
      vertex -0.868775 8.38233 7.97077
    endloop
  endfacet
  facet normal -0.984806 -0.173656 -3.89818e-05
    outer loop
      vertex -0.868775 8.38233 7.97077
      vertex -0.850395 8.27809 8
      vertex -0.863703 8.35356 8
    endloop
  endfacet
  facet normal -0.5 0.866025 0
    outer loop
      vertex -3.63038 7.48801 0
      vertex -4.66961 6.88801 8
      vertex -3.63038 7.48801 8
    endloop
  endfacet
  facet normal -0.5 0.866025 0
    outer loop
      vertex -4.66961 6.88801 8
      vertex -3.63038 7.48801 0
      vertex -4.66961 6.88801 0
    endloop
  endfacet
  facet normal 0.866029 0.499995 -1.73093e-05
    outer loop
      vertex -4.66961 6.88801 8
      vertex -5.00933 7.47641 7.4
      vertex -4.72436 6.98284 7.96687
    endloop
  endfacet
  facet normal 0.866021 0.500008 0
    outer loop
      vertex -5.00933 7.47641 7.4
      vertex -4.66961 6.88801 8
      vertex -5.00933 7.47641 0.599999
    endloop
  endfacet
  facet normal 0.865989 0.500063 0.000244831
    outer loop
      vertex -4.66961 6.88801 8
      vertex -4.72436 6.98284 7.96687
      vertex -4.70771 6.95399 8
    endloop
  endfacet
  facet normal 0.866021 0.500008 -0
    outer loop
      vertex -4.66961 6.88801 0
      vertex -5.00933 7.47641 0.599999
      vertex -4.66961 6.88801 8
    endloop
  endfacet
  facet normal 0.866029 0.499995 1.73091e-05
    outer loop
      vertex -5.00933 7.47641 0.599999
      vertex -4.66961 6.88801 0
      vertex -4.72436 6.98284 0.0331291
    endloop
  endfacet
  facet normal 0.865989 0.500063 -0.000244838
    outer loop
      vertex -4.72436 6.98284 0.0331291
      vertex -4.66961 6.88801 0
      vertex -4.70771 6.95399 0
    endloop
  endfacet
  facet normal -0.866026 -0.499998 0
    outer loop
      vertex -3.85091 7.86997 0.37141
      vertex -3.96545 8.06836 7.4
      vertex -3.96545 8.06836 0.599999
    endloop
  endfacet
  facet normal -0.866026 -0.499998 0
    outer loop
      vertex -3.85091 7.86997 0.37141
      vertex -3.85091 7.86997 7.62859
      vertex -3.96545 8.06836 7.4
    endloop
  endfacet
  facet normal -0.866036 -0.499982 -3.65837e-05
    outer loop
      vertex -3.63038 7.48801 0
      vertex -3.85091 7.86997 0.37141
      vertex -3.6648 7.54763 0
    endloop
  endfacet
  facet normal -0.86602 -0.500009 0
    outer loop
      vertex -3.85091 7.86997 0.37141
      vertex -3.63038 7.48801 0
      vertex -3.85091 7.86997 7.62859
    endloop
  endfacet
  facet normal -0.86602 -0.500009 -0
    outer loop
      vertex -3.63038 7.48801 8
      vertex -3.85091 7.86997 7.62859
      vertex -3.63038 7.48801 0
    endloop
  endfacet
  facet normal -0.866036 -0.499982 3.65837e-05
    outer loop
      vertex -3.85091 7.86997 7.62859
      vertex -3.63038 7.48801 8
      vertex -3.6648 7.54763 8
    endloop
  endfacet
  facet normal -0.766045 0.642786 0
    outer loop
      vertex -6.74384 4.87551 0
      vertex -5.9725 5.79476 8
      vertex -5.9725 5.79476 0
    endloop
  endfacet
  facet normal -0.766045 0.642786 0
    outer loop
      vertex -5.9725 5.79476 8
      vertex -6.74384 4.87551 0
      vertex -6.74384 4.87551 8
    endloop
  endfacet
  facet normal 0.642791 0.766042 -9.61657e-06
    outer loop
      vertex -6.74384 4.87551 8
      vertex -6.97385 5.06851 7.76885
      vertex -6.79667 4.91984 8
    endloop
  endfacet
  facet normal 0.642778 0.766053 1.22759e-05
    outer loop
      vertex -6.74384 4.87551 8
      vertex -7.25657 5.30574 7.4
      vertex -6.97385 5.06851 7.76885
    endloop
  endfacet
  facet normal 0.642786 0.766046 0
    outer loop
      vertex -6.74384 4.87551 8
      vertex -7.25657 5.30574 0.599999
      vertex -7.25657 5.30574 7.4
    endloop
  endfacet
  facet normal 0.642786 0.766046 -0
    outer loop
      vertex -6.74384 4.87551 0
      vertex -7.25657 5.30574 0.599999
      vertex -6.74384 4.87551 8
    endloop
  endfacet
  facet normal 0.642778 0.766053 -1.22757e-05
    outer loop
      vertex -7.25657 5.30574 0.599999
      vertex -6.74384 4.87551 0
      vertex -6.97385 5.06851 0.231149
    endloop
  endfacet
  facet normal 0.642791 0.766042 9.61661e-06
    outer loop
      vertex -6.97385 5.06851 0.231149
      vertex -6.74384 4.87551 0
      vertex -6.79667 4.91984 0
    endloop
  endfacet
  facet normal -0.642845 -0.765996 6.08851e-05
    outer loop
      vertex -6.10158 5.90308 7.90453
      vertex -5.9725 5.79476 8
      vertex -6.02848 5.84174 8
    endloop
  endfacet
  facet normal -0.642864 -0.76598 0.000103524
    outer loop
      vertex -6.48789 6.22723 7.4
      vertex -5.9725 5.79476 8
      vertex -6.10158 5.90308 7.90453
    endloop
  endfacet
  facet normal -0.642793 -0.76604 0
    outer loop
      vertex -6.48789 6.22723 0.599999
      vertex -5.9725 5.79476 8
      vertex -6.48789 6.22723 7.4
    endloop
  endfacet
  facet normal -0.642864 -0.76598 -0.00010352
    outer loop
      vertex -5.9725 5.79476 0
      vertex -6.48789 6.22723 0.599999
      vertex -6.10158 5.90308 0.0954675
    endloop
  endfacet
  facet normal -0.642845 -0.765996 -6.08867e-05
    outer loop
      vertex -5.9725 5.79476 0
      vertex -6.10158 5.90308 0.0954675
      vertex -6.02848 5.84174 0
    endloop
  endfacet
  facet normal -0.642793 -0.76604 0
    outer loop
      vertex -6.48789 6.22723 0.599999
      vertex -5.9725 5.79476 0
      vertex -5.9725 5.79476 8
    endloop
  endfacet
  facet normal -0.939694 0.342017 0
    outer loop
      vertex -8.00466 2.27495 0
      vertex -7.59424 3.40258 8
      vertex -7.59424 3.40258 0
    endloop
  endfacet
  facet normal -0.939694 0.342017 0
    outer loop
      vertex -7.59424 3.40258 8
      vertex -8.00466 2.27495 0
      vertex -8.00466 2.27495 8
    endloop
  endfacet
  facet normal 0.342052 0.939681 -4.71543e-05
    outer loop
      vertex -8.00466 2.27495 8
      vertex -8.16129 2.33196 7.90644
      vertex -8.07301 2.29983 8
    endloop
  endfacet
  facet normal 0.342031 0.939689 -7.78361e-06
    outer loop
      vertex -8.00466 2.27495 8
      vertex -8.63918 2.5059 7.4
      vertex -8.16129 2.33196 7.90644
    endloop
  endfacet
  facet normal 0.342025 0.939691 0
    outer loop
      vertex -8.00466 2.27495 8
      vertex -8.63918 2.5059 0.599999
      vertex -8.63918 2.5059 7.4
    endloop
  endfacet
  facet normal 0.342025 0.939691 -0
    outer loop
      vertex -8.00466 2.27495 0
      vertex -8.63918 2.5059 0.599999
      vertex -8.00466 2.27495 8
    endloop
  endfacet
  facet normal 0.342031 0.939689 7.78303e-06
    outer loop
      vertex -8.63918 2.5059 0.599999
      vertex -8.00466 2.27495 0
      vertex -8.16129 2.33196 0.0935557
    endloop
  endfacet
  facet normal 0.342052 0.939681 4.71565e-05
    outer loop
      vertex -8.16129 2.33196 0.0935557
      vertex -8.00466 2.27495 0
      vertex -8.07301 2.29983 0
    endloop
  endfacet
  facet normal -0.342063 -0.939677 4.33569e-05
    outer loop
      vertex -7.80617 3.47972 7.84523
      vertex -7.59424 3.40258 8
      vertex -7.66028 3.42662 8
    endloop
  endfacet
  facet normal -0.342072 -0.939674 5.77698e-05
    outer loop
      vertex -8.22585 3.63247 7.4
      vertex -7.59424 3.40258 8
      vertex -7.80617 3.47972 7.84523
    endloop
  endfacet
  facet normal -0.342024 -0.939691 0
    outer loop
      vertex -8.22585 3.63247 0.599999
      vertex -7.59424 3.40258 8
      vertex -8.22585 3.63247 7.4
    endloop
  endfacet
  facet normal -0.342072 -0.939674 -5.7769e-05
    outer loop
      vertex -7.59424 3.40258 0
      vertex -8.22585 3.63247 0.599999
      vertex -7.80617 3.47972 0.154769
    endloop
  endfacet
  facet normal -0.342063 -0.939677 -4.33572e-05
    outer loop
      vertex -7.59424 3.40258 0
      vertex -7.80617 3.47972 0.154769
      vertex -7.66028 3.42662 0
    endloop
  endfacet
  facet normal -0.342024 -0.939691 0
    outer loop
      vertex -8.22585 3.63247 0.599999
      vertex -7.59424 3.40258 0
      vertex -7.59424 3.40258 8
    endloop
  endfacet
  facet normal -1 0 0
    outer loop
      vertex -8.3 -0.599999 0
      vertex -8.3 0.599999 8
      vertex -8.3 0.599999 0
    endloop
  endfacet
  facet normal -1 -0 0
    outer loop
      vertex -8.3 0.599999 8
      vertex -8.3 -0.599999 0
      vertex -8.3 -0.599999 8
    endloop
  endfacet
  facet normal 0 1 0
    outer loop
      vertex -8.3 -0.599999 8
      vertex -8.53328 -0.599999 7.83724
      vertex -8.37052 -0.599999 8
    endloop
  endfacet
  facet normal 0 1 0
    outer loop
      vertex -8.3 -0.599999 8
      vertex -8.97052 -0.599999 7.4
      vertex -8.53328 -0.599999 7.83724
    endloop
  endfacet
  facet normal 0 1 0
    outer loop
      vertex -8.3 -0.599999 8
      vertex -8.97052 -0.599999 0.599999
      vertex -8.97052 -0.599999 7.4
    endloop
  endfacet
  facet normal 0 1 -0
    outer loop
      vertex -8.3 -0.599999 0
      vertex -8.97052 -0.599999 0.599999
      vertex -8.3 -0.599999 8
    endloop
  endfacet
  facet normal 0 1 0
    outer loop
      vertex -8.97052 -0.599999 0.599999
      vertex -8.3 -0.599999 0
      vertex -8.53328 -0.599999 0.162759
    endloop
  endfacet
  facet normal 0 1 0
    outer loop
      vertex -8.53328 -0.599999 0.162759
      vertex -8.3 -0.599999 0
      vertex -8.37052 -0.599999 0
    endloop
  endfacet
  facet normal 0 -1 0
    outer loop
      vertex -8.53328 0.599999 7.83724
      vertex -8.3 0.599999 8
      vertex -8.37052 0.599999 8
    endloop
  endfacet
  facet normal 0 -1 0
    outer loop
      vertex -8.97052 0.599999 7.4
      vertex -8.3 0.599999 8
      vertex -8.53328 0.599999 7.83724
    endloop
  endfacet
  facet normal 0 -1 0
    outer loop
      vertex -8.97052 0.599999 0.599999
      vertex -8.3 0.599999 8
      vertex -8.97052 0.599999 7.4
    endloop
  endfacet
  facet normal 0 -1 0
    outer loop
      vertex -8.3 0.599999 0
      vertex -8.97052 0.599999 0.599999
      vertex -8.53328 0.599999 0.162759
    endloop
  endfacet
  facet normal 0 -1 0
    outer loop
      vertex -8.3 0.599999 0
      vertex -8.53328 0.599999 0.162759
      vertex -8.37052 0.599999 0
    endloop
  endfacet
  facet normal 0 -1 0
    outer loop
      vertex -8.97052 0.599999 0.599999
      vertex -8.3 0.599999 0
      vertex -8.3 0.599999 8
    endloop
  endfacet
  facet normal -0.939694 -0.342017 0
    outer loop
      vertex -7.59424 -3.40258 0
      vertex -8.00466 -2.27495 8
      vertex -8.00466 -2.27495 0
    endloop
  endfacet
  facet normal -0.939694 -0.342017 0
    outer loop
      vertex -8.00466 -2.27495 8
      vertex -7.59424 -3.40258 0
      vertex -7.59424 -3.40258 8
    endloop
  endfacet
  facet normal -0.342063 0.939677 4.33569e-05
    outer loop
      vertex -7.59424 -3.40258 8
      vertex -7.80617 -3.47972 7.84523
      vertex -7.66028 -3.42662 8
    endloop
  endfacet
  facet normal -0.342072 0.939674 5.77698e-05
    outer loop
      vertex -7.59424 -3.40258 8
      vertex -8.22585 -3.63247 7.4
      vertex -7.80617 -3.47972 7.84523
    endloop
  endfacet
  facet normal -0.342024 0.939691 0
    outer loop
      vertex -7.59424 -3.40258 8
      vertex -8.22585 -3.63247 0.599999
      vertex -8.22585 -3.63247 7.4
    endloop
  endfacet
  facet normal -0.342024 0.939691 0
    outer loop
      vertex -7.59424 -3.40258 0
      vertex -8.22585 -3.63247 0.599999
      vertex -7.59424 -3.40258 8
    endloop
  endfacet
  facet normal -0.342072 0.939674 -5.7769e-05
    outer loop
      vertex -8.22585 -3.63247 0.599999
      vertex -7.59424 -3.40258 0
      vertex -7.80617 -3.47972 0.154769
    endloop
  endfacet
  facet normal -0.342063 0.939677 -4.33572e-05
    outer loop
      vertex -7.80617 -3.47972 0.154769
      vertex -7.59424 -3.40258 0
      vertex -7.66028 -3.42662 0
    endloop
  endfacet
  facet normal 0.342052 -0.939681 -4.71543e-05
    outer loop
      vertex -8.16129 -2.33196 7.90644
      vertex -8.00466 -2.27495 8
      vertex -8.07301 -2.29983 8
    endloop
  endfacet
  facet normal 0.342031 -0.939689 -7.78361e-06
    outer loop
      vertex -8.63918 -2.5059 7.4
      vertex -8.00466 -2.27495 8
      vertex -8.16129 -2.33196 7.90644
    endloop
  endfacet
  facet normal 0.342025 -0.939691 0
    outer loop
      vertex -8.63918 -2.5059 0.599999
      vertex -8.00466 -2.27495 8
      vertex -8.63918 -2.5059 7.4
    endloop
  endfacet
  facet normal 0.342031 -0.939689 7.78303e-06
    outer loop
      vertex -8.00466 -2.27495 0
      vertex -8.63918 -2.5059 0.599999
      vertex -8.16129 -2.33196 0.0935557
    endloop
  endfacet
  facet normal 0.342052 -0.939681 4.71565e-05
    outer loop
      vertex -8.00466 -2.27495 0
      vertex -8.16129 -2.33196 0.0935557
      vertex -8.07301 -2.29983 0
    endloop
  endfacet
  facet normal 0.342025 -0.939691 0
    outer loop
      vertex -8.63918 -2.5059 0.599999
      vertex -8.00466 -2.27495 0
      vertex -8.00466 -2.27495 8
    endloop
  endfacet
  facet normal -0.766045 -0.642786 0
    outer loop
      vertex -5.9725 -5.79476 0
      vertex -6.74384 -4.87551 8
      vertex -6.74384 -4.87551 0
    endloop
  endfacet
  facet normal -0.766045 -0.642786 0
    outer loop
      vertex -6.74384 -4.87551 8
      vertex -5.9725 -5.79476 0
      vertex -5.9725 -5.79476 8
    endloop
  endfacet
  facet normal -0.642845 0.765996 6.08851e-05
    outer loop
      vertex -5.9725 -5.79476 8
      vertex -6.10158 -5.90308 7.90453
      vertex -6.02848 -5.84174 8
    endloop
  endfacet
  facet normal -0.642864 0.76598 0.000103524
    outer loop
      vertex -5.9725 -5.79476 8
      vertex -6.48789 -6.22723 7.4
      vertex -6.10158 -5.90308 7.90453
    endloop
  endfacet
  facet normal -0.642793 0.76604 0
    outer loop
      vertex -5.9725 -5.79476 8
      vertex -6.48789 -6.22723 0.599999
      vertex -6.48789 -6.22723 7.4
    endloop
  endfacet
  facet normal -0.642793 0.76604 0
    outer loop
      vertex -5.9725 -5.79476 0
      vertex -6.48789 -6.22723 0.599999
      vertex -5.9725 -5.79476 8
    endloop
  endfacet
  facet normal -0.642864 0.76598 -0.00010352
    outer loop
      vertex -6.48789 -6.22723 0.599999
      vertex -5.9725 -5.79476 0
      vertex -6.10158 -5.90308 0.0954675
    endloop
  endfacet
  facet normal -0.642845 0.765996 -6.08867e-05
    outer loop
      vertex -6.10158 -5.90308 0.0954675
      vertex -5.9725 -5.79476 0
      vertex -6.02848 -5.84174 0
    endloop
  endfacet
  facet normal 0.642791 -0.766042 -9.61657e-06
    outer loop
      vertex -6.97385 -5.06851 7.76885
      vertex -6.74384 -4.87551 8
      vertex -6.79667 -4.91984 8
    endloop
  endfacet
  facet normal 0.642778 -0.766053 1.22759e-05
    outer loop
      vertex -7.25657 -5.30574 7.4
      vertex -6.74384 -4.87551 8
      vertex -6.97385 -5.06851 7.76885
    endloop
  endfacet
  facet normal 0.642786 -0.766046 0
    outer loop
      vertex -7.25657 -5.30574 0.599999
      vertex -6.74384 -4.87551 8
      vertex -7.25657 -5.30574 7.4
    endloop
  endfacet
  facet normal 0.642778 -0.766053 -1.22757e-05
    outer loop
      vertex -6.74384 -4.87551 0
      vertex -7.25657 -5.30574 0.599999
      vertex -6.97385 -5.06851 0.231149
    endloop
  endfacet
  facet normal 0.642791 -0.766042 9.61661e-06
    outer loop
      vertex -6.74384 -4.87551 0
      vertex -6.97385 -5.06851 0.231149
      vertex -6.79667 -4.91984 0
    endloop
  endfacet
  facet normal 0.642786 -0.766046 0
    outer loop
      vertex -7.25657 -5.30574 0.599999
      vertex -6.74384 -4.87551 0
      vertex -6.74384 -4.87551 8
    endloop
  endfacet
  facet normal -0.5 -0.866025 0
    outer loop
      vertex -4.66961 -6.88801 0
      vertex -3.63038 -7.48801 8
      vertex -4.66961 -6.88801 8
    endloop
  endfacet
  facet normal -0.5 -0.866025 -0
    outer loop
      vertex -3.63038 -7.48801 8
      vertex -4.66961 -6.88801 0
      vertex -3.63038 -7.48801 0
    endloop
  endfacet
  facet normal -0.866036 0.499982 -3.65837e-05
    outer loop
      vertex -3.85091 -7.86997 0.37141
      vertex -3.63038 -7.48801 0
      vertex -3.6648 -7.54763 0
    endloop
  endfacet
  facet normal -0.86602 0.500009 0
    outer loop
      vertex -3.63038 -7.48801 0
      vertex -3.85091 -7.86997 0.37141
      vertex -3.63038 -7.48801 8
    endloop
  endfacet
  facet normal -0.86602 0.500009 0
    outer loop
      vertex -3.85091 -7.86997 7.62859
      vertex -3.63038 -7.48801 8
      vertex -3.85091 -7.86997 0.37141
    endloop
  endfacet
  facet normal -0.866036 0.499982 3.65837e-05
    outer loop
      vertex -3.63038 -7.48801 8
      vertex -3.85091 -7.86997 7.62859
      vertex -3.6648 -7.54763 8
    endloop
  endfacet
  facet normal -0.866026 0.499998 0
    outer loop
      vertex -3.96545 -8.06836 0.599999
      vertex -3.85091 -7.86997 7.62859
      vertex -3.85091 -7.86997 0.37141
    endloop
  endfacet
  facet normal -0.866026 0.499998 0
    outer loop
      vertex -3.85091 -7.86997 7.62859
      vertex -3.96545 -8.06836 0.599999
      vertex -3.96545 -8.06836 7.4
    endloop
  endfacet
  facet normal 0.865989 -0.500063 0.000244831
    outer loop
      vertex -4.72436 -6.98284 7.96687
      vertex -4.66961 -6.88801 8
      vertex -4.70771 -6.95399 8
    endloop
  endfacet
  facet normal 0.866029 -0.499995 -1.73093e-05
    outer loop
      vertex -5.00933 -7.47641 7.4
      vertex -4.66961 -6.88801 8
      vertex -4.72436 -6.98284 7.96687
    endloop
  endfacet
  facet normal 0.866021 -0.500008 0
    outer loop
      vertex -4.66961 -6.88801 8
      vertex -5.00933 -7.47641 7.4
      vertex -4.66961 -6.88801 0
    endloop
  endfacet
  facet normal 0.865989 -0.500063 -0.000244838
    outer loop
      vertex -4.66961 -6.88801 0
      vertex -4.72436 -6.98284 0.0331291
      vertex -4.70771 -6.95399 0
    endloop
  endfacet
  facet normal 0.866021 -0.500008 0
    outer loop
      vertex -5.00933 -7.47641 0.599999
      vertex -4.66961 -6.88801 0
      vertex -5.00933 -7.47641 7.4
    endloop
  endfacet
  facet normal 0.866029 -0.499995 1.73091e-05
    outer loop
      vertex -4.66961 -6.88801 0
      vertex -5.00933 -7.47641 0.599999
      vertex -4.72436 -6.98284 0.0331291
    endloop
  endfacet
  facet normal -0.173651 -0.984807 0
    outer loop
      vertex -2.03216 -8.06971 0
      vertex -0.850395 -8.27809 8
      vertex -2.03216 -8.06971 8
    endloop
  endfacet
  facet normal -0.173651 -0.984807 -0
    outer loop
      vertex -0.850395 -8.27809 8
      vertex -2.03216 -8.06971 0
      vertex -0.850395 -8.27809 0
    endloop
  endfacet
  facet normal -0.984806 0.173656 3.89775e-05
    outer loop
      vertex -0.868775 -8.38233 0.0292332
      vertex -0.850395 -8.27809 0
      vertex -0.863703 -8.35356 0
    endloop
  endfacet
  facet normal -0.984808 0.173644 -2.92162e-06
    outer loop
      vertex -0.967805 -8.94396 0.599999
      vertex -0.850395 -8.27809 0
      vertex -0.868775 -8.38233 0.0292332
    endloop
  endfacet
  facet normal -0.984808 0.173647 0
    outer loop
      vertex -0.850395 -8.27809 0
      vertex -0.967805 -8.94396 0.599999
      vertex -0.850395 -8.27809 8
    endloop
  endfacet
  facet normal -0.984806 0.173656 -3.89818e-05
    outer loop
      vertex -0.850395 -8.27809 8
      vertex -0.868775 -8.38233 7.97077
      vertex -0.863703 -8.35356 8
    endloop
  endfacet
  facet normal -0.984808 0.173647 0
    outer loop
      vertex -0.967805 -8.94396 7.4
      vertex -0.850395 -8.27809 8
      vertex -0.967805 -8.94396 0.599999
    endloop
  endfacet
  facet normal -0.984808 0.173644 2.92146e-06
    outer loop
      vertex -0.850395 -8.27809 8
      vertex -0.967805 -8.94396 7.4
      vertex -0.868775 -8.38233 7.97077
    endloop
  endfacet
  facet normal 0.984806 -0.17366 1.53821e-05
    outer loop
      vertex -2.09632 -8.43358 7.69932
      vertex -2.03216 -8.06971 8
      vertex -2.04404 -8.13708 8
    endloop
  endfacet
  facet normal 0.984821 -0.173571 -9.61093e-05
    outer loop
      vertex -2.14837 -8.72874 7.4
      vertex -2.03216 -8.06971 8
      vertex -2.09632 -8.43358 7.69932
    endloop
  endfacet
  facet normal 0.984806 -0.173656 0
    outer loop
      vertex -2.03216 -8.06971 8
      vertex -2.14837 -8.72874 7.4
      vertex -2.03216 -8.06971 0
    endloop
  endfacet
  facet normal 0.984806 -0.17366 -1.53819e-05
    outer loop
      vertex -2.03216 -8.06971 0
      vertex -2.09632 -8.43358 0.300684
      vertex -2.04404 -8.13708 0
    endloop
  endfacet
  facet normal 0.984806 -0.173656 0
    outer loop
      vertex -2.14837 -8.72874 0.599999
      vertex -2.03216 -8.06971 0
      vertex -2.14837 -8.72874 7.4
    endloop
  endfacet
  facet normal 0.984821 -0.173571 9.61236e-05
    outer loop
      vertex -2.03216 -8.06971 0
      vertex -2.14837 -8.72874 0.599999
      vertex -2.09632 -8.43358 0.300684
    endloop
  endfacet
  facet normal 0.173651 -0.984807 0
    outer loop
      vertex 0.850395 -8.27809 0
      vertex 2.03216 -8.06971 8
      vertex 0.850395 -8.27809 8
    endloop
  endfacet
  facet normal 0.173651 -0.984807 0
    outer loop
      vertex 2.03216 -8.06971 8
      vertex 0.850395 -8.27809 0
      vertex 2.03216 -8.06971 0
    endloop
  endfacet
  facet normal -0.984806 -0.17366 -1.53819e-05
    outer loop
      vertex 2.09632 -8.43358 0.300684
      vertex 2.03216 -8.06971 0
      vertex 2.04404 -8.13708 0
    endloop
  endfacet
  facet normal -0.984821 -0.173571 9.61236e-05
    outer loop
      vertex 2.14837 -8.72874 0.599999
      vertex 2.03216 -8.06971 0
      vertex 2.09632 -8.43358 0.300684
    endloop
  endfacet
  facet normal -0.984806 -0.173656 0
    outer loop
      vertex 2.03216 -8.06971 0
      vertex 2.14837 -8.72874 0.599999
      vertex 2.03216 -8.06971 8
    endloop
  endfacet
  facet normal -0.984806 -0.17366 1.53821e-05
    outer loop
      vertex 2.03216 -8.06971 8
      vertex 2.09632 -8.43358 7.69932
      vertex 2.04404 -8.13708 8
    endloop
  endfacet
  facet normal -0.984806 -0.173656 -0
    outer loop
      vertex 2.14837 -8.72874 7.4
      vertex 2.03216 -8.06971 8
      vertex 2.14837 -8.72874 0.599999
    endloop
  endfacet
  facet normal -0.984821 -0.173571 -9.61093e-05
    outer loop
      vertex 2.03216 -8.06971 8
      vertex 2.14837 -8.72874 7.4
      vertex 2.09632 -8.43358 7.69932
    endloop
  endfacet
  facet normal 0.984806 0.173656 -3.89818e-05
    outer loop
      vertex 0.868775 -8.38233 7.97077
      vertex 0.850395 -8.27809 8
      vertex 0.863703 -8.35356 8
    endloop
  endfacet
  facet normal 0.984808 0.173644 2.92146e-06
    outer loop
      vertex 0.967805 -8.94396 7.4
      vertex 0.850395 -8.27809 8
      vertex 0.868775 -8.38233 7.97077
    endloop
  endfacet
  facet normal 0.984808 0.173647 0
    outer loop
      vertex 0.850395 -8.27809 8
      vertex 0.967805 -8.94396 7.4
      vertex 0.850395 -8.27809 0
    endloop
  endfacet
  facet normal 0.984806 0.173656 3.89775e-05
    outer loop
      vertex 0.850395 -8.27809 0
      vertex 0.868775 -8.38233 0.0292332
      vertex 0.863703 -8.35356 0
    endloop
  endfacet
  facet normal 0.984808 0.173647 -0
    outer loop
      vertex 0.967805 -8.94396 0.599999
      vertex 0.850395 -8.27809 0
      vertex 0.967805 -8.94396 7.4
    endloop
  endfacet
  facet normal 0.984808 0.173644 -2.92162e-06
    outer loop
      vertex 0.850395 -8.27809 0
      vertex 0.967805 -8.94396 0.599999
      vertex 0.868775 -8.38233 0.0292332
    endloop
  endfacet
  facet normal 0.5 -0.866025 0
    outer loop
      vertex 3.63038 -7.48801 0
      vertex 4.66961 -6.88801 8
      vertex 3.63038 -7.48801 8
    endloop
  endfacet
  facet normal 0.5 -0.866025 0
    outer loop
      vertex 4.66961 -6.88801 8
      vertex 3.63038 -7.48801 0
      vertex 4.66961 -6.88801 0
    endloop
  endfacet
  facet normal -0.865989 -0.500063 -0.000244838
    outer loop
      vertex 4.72436 -6.98284 0.0331291
      vertex 4.66961 -6.88801 0
      vertex 4.70771 -6.95399 0
    endloop
  endfacet
  facet normal -0.866029 -0.499995 1.73091e-05
    outer loop
      vertex 5.00933 -7.47641 0.599999
      vertex 4.66961 -6.88801 0
      vertex 4.72436 -6.98284 0.0331291
    endloop
  endfacet
  facet normal -0.866021 -0.500008 0
    outer loop
      vertex 4.66961 -6.88801 0
      vertex 5.00933 -7.47641 0.599999
      vertex 4.66961 -6.88801 8
    endloop
  endfacet
  facet normal -0.865989 -0.500063 0.000244831
    outer loop
      vertex 4.66961 -6.88801 8
      vertex 4.72436 -6.98284 7.96687
      vertex 4.70771 -6.95399 8
    endloop
  endfacet
  facet normal -0.866021 -0.500008 -0
    outer loop
      vertex 5.00933 -7.47641 7.4
      vertex 4.66961 -6.88801 8
      vertex 5.00933 -7.47641 0.599999
    endloop
  endfacet
  facet normal -0.866029 -0.499995 -1.73093e-05
    outer loop
      vertex 4.66961 -6.88801 8
      vertex 5.00933 -7.47641 7.4
      vertex 4.72436 -6.98284 7.96687
    endloop
  endfacet
  facet normal 0.866036 0.499982 3.65837e-05
    outer loop
      vertex 3.85091 -7.86997 7.62859
      vertex 3.63038 -7.48801 8
      vertex 3.6648 -7.54763 8
    endloop
  endfacet
  facet normal 0.86602 0.500009 0
    outer loop
      vertex 3.63038 -7.48801 8
      vertex 3.85091 -7.86997 7.62859
      vertex 3.63038 -7.48801 0
    endloop
  endfacet
  facet normal 0.86602 0.500009 -0
    outer loop
      vertex 3.85091 -7.86997 0.37141
      vertex 3.63038 -7.48801 0
      vertex 3.85091 -7.86997 7.62859
    endloop
  endfacet
  facet normal 0.866036 0.499982 -3.65837e-05
    outer loop
      vertex 3.63038 -7.48801 0
      vertex 3.85091 -7.86997 0.37141
      vertex 3.6648 -7.54763 0
    endloop
  endfacet
  facet normal 0.866026 0.499998 0
    outer loop
      vertex 3.96545 -8.06836 7.4
      vertex 3.85091 -7.86997 0.37141
      vertex 3.85091 -7.86997 7.62859
    endloop
  endfacet
  facet normal 0.866026 0.499998 0
    outer loop
      vertex 3.85091 -7.86997 0.37141
      vertex 3.96545 -8.06836 7.4
      vertex 3.96545 -8.06836 0.599999
    endloop
  endfacet
  facet normal 0.766045 -0.642786 0
    outer loop
      vertex 5.9725 -5.79476 8
      vertex 6.74384 -4.87551 0
      vertex 6.74384 -4.87551 8
    endloop
  endfacet
  facet normal 0.766045 -0.642786 0
    outer loop
      vertex 6.74384 -4.87551 0
      vertex 5.9725 -5.79476 8
      vertex 5.9725 -5.79476 0
    endloop
  endfacet
  facet normal -0.642791 -0.766042 -9.61657e-06
    outer loop
      vertex 6.74384 -4.87551 8
      vertex 6.97385 -5.06851 7.76885
      vertex 6.79667 -4.91984 8
    endloop
  endfacet
  facet normal -0.642778 -0.766053 1.22759e-05
    outer loop
      vertex 6.74384 -4.87551 8
      vertex 7.25657 -5.30574 7.4
      vertex 6.97385 -5.06851 7.76885
    endloop
  endfacet
  facet normal -0.642786 -0.766046 0
    outer loop
      vertex 6.74384 -4.87551 8
      vertex 7.25657 -5.30574 0.599999
      vertex 7.25657 -5.30574 7.4
    endloop
  endfacet
  facet normal -0.642786 -0.766046 0
    outer loop
      vertex 6.74384 -4.87551 0
      vertex 7.25657 -5.30574 0.599999
      vertex 6.74384 -4.87551 8
    endloop
  endfacet
  facet normal -0.642778 -0.766053 -1.22757e-05
    outer loop
      vertex 7.25657 -5.30574 0.599999
      vertex 6.74384 -4.87551 0
      vertex 6.97385 -5.06851 0.231149
    endloop
  endfacet
  facet normal -0.642791 -0.766042 9.61661e-06
    outer loop
      vertex 6.97385 -5.06851 0.231149
      vertex 6.74384 -4.87551 0
      vertex 6.79667 -4.91984 0
    endloop
  endfacet
  facet normal 0.642845 0.765996 6.08851e-05
    outer loop
      vertex 6.10158 -5.90308 7.90453
      vertex 5.9725 -5.79476 8
      vertex 6.02848 -5.84174 8
    endloop
  endfacet
  facet normal 0.642864 0.76598 0.000103524
    outer loop
      vertex 6.48789 -6.22723 7.4
      vertex 5.9725 -5.79476 8
      vertex 6.10158 -5.90308 7.90453
    endloop
  endfacet
  facet normal 0.642793 0.76604 -0
    outer loop
      vertex 6.48789 -6.22723 0.599999
      vertex 5.9725 -5.79476 8
      vertex 6.48789 -6.22723 7.4
    endloop
  endfacet
  facet normal 0.642864 0.76598 -0.00010352
    outer loop
      vertex 5.9725 -5.79476 0
      vertex 6.48789 -6.22723 0.599999
      vertex 6.10158 -5.90308 0.0954675
    endloop
  endfacet
  facet normal 0.642845 0.765996 -6.08867e-05
    outer loop
      vertex 5.9725 -5.79476 0
      vertex 6.10158 -5.90308 0.0954675
      vertex 6.02848 -5.84174 0
    endloop
  endfacet
  facet normal 0.642793 0.76604 0
    outer loop
      vertex 6.48789 -6.22723 0.599999
      vertex 5.9725 -5.79476 0
      vertex 5.9725 -5.79476 8
    endloop
  endfacet
  facet normal 0.939694 -0.342017 0
    outer loop
      vertex 7.59424 -3.40258 8
      vertex 8.00466 -2.27495 0
      vertex 8.00466 -2.27495 8
    endloop
  endfacet
  facet normal 0.939694 -0.342017 0
    outer loop
      vertex 8.00466 -2.27495 0
      vertex 7.59424 -3.40258 8
      vertex 7.59424 -3.40258 0
    endloop
  endfacet
  facet normal -0.342052 -0.939681 -4.71543e-05
    outer loop
      vertex 8.00466 -2.27495 8
      vertex 8.16129 -2.33196 7.90644
      vertex 8.07301 -2.29983 8
    endloop
  endfacet
  facet normal -0.342031 -0.939689 -7.78361e-06
    outer loop
      vertex 8.00466 -2.27495 8
      vertex 8.63918 -2.5059 7.4
      vertex 8.16129 -2.33196 7.90644
    endloop
  endfacet
  facet normal -0.342025 -0.939691 0
    outer loop
      vertex 8.00466 -2.27495 8
      vertex 8.63918 -2.5059 0.599999
      vertex 8.63918 -2.5059 7.4
    endloop
  endfacet
  facet normal -0.342025 -0.939691 0
    outer loop
      vertex 8.00466 -2.27495 0
      vertex 8.63918 -2.5059 0.599999
      vertex 8.00466 -2.27495 8
    endloop
  endfacet
  facet normal -0.342031 -0.939689 7.78303e-06
    outer loop
      vertex 8.63918 -2.5059 0.599999
      vertex 8.00466 -2.27495 0
      vertex 8.16129 -2.33196 0.0935557
    endloop
  endfacet
  facet normal -0.342052 -0.939681 4.71565e-05
    outer loop
      vertex 8.16129 -2.33196 0.0935557
      vertex 8.00466 -2.27495 0
      vertex 8.07301 -2.29983 0
    endloop
  endfacet
  facet normal 0.342063 0.939677 4.33569e-05
    outer loop
      vertex 7.80617 -3.47972 7.84523
      vertex 7.59424 -3.40258 8
      vertex 7.66028 -3.42662 8
    endloop
  endfacet
  facet normal 0.342072 0.939674 5.77698e-05
    outer loop
      vertex 8.22585 -3.63247 7.4
      vertex 7.59424 -3.40258 8
      vertex 7.80617 -3.47972 7.84523
    endloop
  endfacet
  facet normal 0.342024 0.939691 -0
    outer loop
      vertex 8.22585 -3.63247 0.599999
      vertex 7.59424 -3.40258 8
      vertex 8.22585 -3.63247 7.4
    endloop
  endfacet
  facet normal 0.342072 0.939674 -5.7769e-05
    outer loop
      vertex 7.59424 -3.40258 0
      vertex 8.22585 -3.63247 0.599999
      vertex 7.80617 -3.47972 0.154769
    endloop
  endfacet
  facet normal 0.342063 0.939677 -4.33572e-05
    outer loop
      vertex 7.59424 -3.40258 0
      vertex 7.80617 -3.47972 0.154769
      vertex 7.66028 -3.42662 0
    endloop
  endfacet
  facet normal 0.342024 0.939691 0
    outer loop
      vertex 8.22585 -3.63247 0.599999
      vertex 7.59424 -3.40258 0
      vertex 7.59424 -3.40258 8
    endloop
  endfacet
  facet normal -0.302511 0.6396 0.706682
    outer loop
      vertex -3.44415 8.31492 7.4
      vertex -3.85091 7.86997 7.62859
      vertex -3.21454 7.76059 8
    endloop
  endfacet
  facet normal -0.302513 0.6396 0.706681
    outer loop
      vertex -3.85091 7.86997 7.62859
      vertex -3.44415 8.31492 7.4
      vertex -3.96545 8.06836 7.4
    endloop
  endfacet
  facet normal 0.421475 -0.568299 0.706679
    outer loop
      vertex 5.3289 -6.49329 8
      vertex 4.72436 -6.98284 7.96687
      vertex 5.70954 -6.95709 7.4
    endloop
  endfacet
  facet normal 0.421468 -0.568291 0.70669
    outer loop
      vertex 4.72436 -6.98284 7.96687
      vertex 5.3289 -6.49329 8
      vertex 4.70771 -6.95399 8
    endloop
  endfacet
  facet normal -0.238355 0.666174 -0.706682
    outer loop
      vertex -3.21454 7.76059 0
      vertex -3.44415 8.31492 0.599999
      vertex -2.61256 8.61246 0.599999
    endloop
  endfacet
  facet normal -0.475151 -0.52425 -0.706678
    outer loop
      vertex -5.70954 -6.95709 0.599999
      vertex -6.36396 -6.36396 0.599999
      vertex -5.9397 -5.9397 0
    endloop
  endfacet
  facet normal 0.524257 -0.475128 0.706688
    outer loop
      vertex 6.02848 -5.84174 8
      vertex 5.9397 -5.9397 8
      vertex 6.10158 -5.90308 7.90453
    endloop
  endfacet
  facet normal 0.0347185 0.70668 -0.706681
    outer loop
      vertex 0.823343 8.35955 0
      vertex 0 8.4 0
      vertex 0 9 0.599999
    endloop
  endfacet
  facet normal -0.568296 0.421466 -0.706687
    outer loop
      vertex -6.79667 4.91984 0
      vertex -6.98434 4.66679 0
      vertex -6.97385 5.06851 0.231149
    endloop
  endfacet
  facet normal -0.595706 0.803203 0
    outer loop
      vertex -5.00933 7.47641 0.599999
      vertex -5.70954 6.95709 7.4
      vertex -5.00933 7.47641 7.4
    endloop
  endfacet
  facet normal -0.595706 0.803203 0
    outer loop
      vertex -5.70954 6.95709 7.4
      vertex -5.00933 7.47641 0.599999
      vertex -5.70954 6.95709 0.599999
    endloop
  endfacet
  facet normal 0.475147 0.524251 0.706679
    outer loop
      vertex 5.70954 6.95709 7.4
      vertex 5.3289 6.49329 8
      vertex 5.9397 5.9397 8
    endloop
  endfacet
  facet normal -0.60687 -0.36374 0.706684
    outer loop
      vertex -6.98434 -4.66679 8
      vertex -7.93729 -4.24257 7.4
      vertex -7.48323 -5.00013 7.4
    endloop
  endfacet
  facet normal 0.568297 -0.421467 0.706685
    outer loop
      vertex 6.98434 -4.66679 8
      vertex 6.79667 -4.91984 8
      vertex 6.97385 -5.06851 7.76885
    endloop
  endfacet
  facet normal 0.238361 -0.666176 0.706678
    outer loop
      vertex 3.21454 -7.76059 8
      vertex 2.43839 -8.0383 8
      vertex 2.61256 -8.61246 7.4
    endloop
  endfacet
  facet normal -0.524255 -0.475147 0.706677
    outer loop
      vertex -6.10158 -5.90308 7.90453
      vertex -6.36396 -6.36396 7.4
      vertex -5.9397 -5.9397 8
    endloop
  endfacet
  facet normal -0.524237 -0.475161 0.706681
    outer loop
      vertex -6.36396 -6.36396 7.4
      vertex -6.10158 -5.90308 7.90453
      vertex -6.48789 -6.22723 7.4
    endloop
  endfacet
  facet normal 0.524238 0.475162 -0.706679
    outer loop
      vertex 6.10158 5.90308 0.0954675
      vertex 6.36396 6.36396 0.599999
      vertex 6.48789 6.22723 0.599999
    endloop
  endfacet
  facet normal 0.524246 0.475155 -0.706678
    outer loop
      vertex 6.36396 6.36396 0.599999
      vertex 6.10158 5.90308 0.0954675
      vertex 5.9397 5.9397 0
    endloop
  endfacet
  facet normal -0.568297 -0.421467 0.706685
    outer loop
      vertex -6.79667 -4.91984 8
      vertex -6.98434 -4.66679 8
      vertex -6.97385 -5.06851 7.76885
    endloop
  endfacet
  facet normal -0.803202 -0.595706 0
    outer loop
      vertex -7.25657 -5.30574 0.599999
      vertex -7.48323 -5.00013 7.4
      vertex -7.48323 -5.00013 0.599999
    endloop
  endfacet
  facet normal -0.803202 -0.595706 0
    outer loop
      vertex -7.48323 -5.00013 7.4
      vertex -7.25657 -5.30574 0.599999
      vertex -7.25657 -5.30574 7.4
    endloop
  endfacet
  facet normal -0.302512 0.639599 0.706682
    outer loop
      vertex -3.21454 7.76059 8
      vertex -3.85091 7.86997 7.62859
      vertex -3.6648 7.54763 8
    endloop
  endfacet
  facet normal 0.17192 -0.68633 0.706678
    outer loop
      vertex 2.09632 -8.43358 7.69932
      vertex 2.61256 -8.61246 7.4
      vertex 2.43839 -8.0383 8
    endloop
  endfacet
  facet normal 0.171925 -0.686325 0.706683
    outer loop
      vertex 2.61256 -8.61246 7.4
      vertex 2.09632 -8.43358 7.69932
      vertex 2.14837 -8.72874 7.4
    endloop
  endfacet
  facet normal -0.475147 0.524251 0.706679
    outer loop
      vertex -5.70954 6.95709 7.4
      vertex -5.9397 5.9397 8
      vertex -5.3289 6.49329 8
    endloop
  endfacet
  facet normal 0.706681 0.0347101 0.706681
    outer loop
      vertex 8.53328 0.599999 7.83724
      vertex 8.35955 0.823343 8
      vertex 8.37052 0.599999 8
    endloop
  endfacet
  facet normal -0.639599 -0.302512 0.706682
    outer loop
      vertex -7.80617 -3.47972 7.84523
      vertex -8.22585 -3.63247 7.4
      vertex -7.93729 -4.24257 7.4
    endloop
  endfacet
  facet normal 0.699876 0.103813 0.70668
    outer loop
      vertex 8.82707 1.75581 7.4
      vertex 8.35955 0.823343 8
      vertex 8.95666 0.882154 7.4
    endloop
  endfacet
  facet normal -0.103789 0.699878 -0.706681
    outer loop
      vertex -0.868775 8.38233 0.0292332
      vertex -0.882154 8.95666 0.599999
      vertex -0.823343 8.35955 0
    endloop
  endfacet
  facet normal -0.103775 0.699879 -0.706682
    outer loop
      vertex -0.882154 8.95666 0.599999
      vertex -0.868775 8.38233 0.0292332
      vertex -0.967805 8.94396 0.599999
    endloop
  endfacet
  facet normal 0.421478 -0.568288 -0.706685
    outer loop
      vertex 5.00933 -7.47641 0.599999
      vertex 4.72436 -6.98284 0.0331291
      vertex 5.70954 -6.95709 0.599999
    endloop
  endfacet
  facet normal 0.421479 -0.568288 0.706685
    outer loop
      vertex 5.70954 -6.95709 7.4
      vertex 4.72436 -6.98284 7.96687
      vertex 5.00933 -7.47641 7.4
    endloop
  endfacet
  facet normal -0.686329 -0.171919 -0.70668
    outer loop
      vertex -8.63918 -2.5059 0.599999
      vertex -8.82707 -1.75581 0.599999
      vertex -8.16129 -2.33196 0.0935557
    endloop
  endfacet
  facet normal 0.686329 0.171923 0.706679
    outer loop
      vertex 8.16129 2.33196 7.90644
      vertex 8.2386 1.63876 8
      vertex 8.82707 1.75581 7.4
    endloop
  endfacet
  facet normal 0.686351 0.171923 0.706658
    outer loop
      vertex 8.2386 1.63876 8
      vertex 8.16129 2.33196 7.90644
      vertex 8.07301 2.29983 8
    endloop
  endfacet
  facet normal -0.171913 0.686332 -0.706678
    outer loop
      vertex -2.61256 8.61246 0.599999
      vertex -2.09632 8.43358 0.300684
      vertex -2.43839 8.0383 0
    endloop
  endfacet
  facet normal -0.171923 0.686319 -0.706689
    outer loop
      vertex -2.09632 8.43358 0.300684
      vertex -2.61256 8.61246 0.599999
      vertex -2.14837 8.72874 0.599999
    endloop
  endfacet
  facet normal -0.639599 -0.302512 -0.706682
    outer loop
      vertex -7.93729 -4.24257 0.599999
      vertex -8.22585 -3.63247 0.599999
      vertex -7.80617 -3.47972 0.154769
    endloop
  endfacet
  facet normal -0.524257 0.475128 0.706688
    outer loop
      vertex -5.9397 5.9397 8
      vertex -6.10158 5.90308 7.90453
      vertex -6.02848 5.84174 8
    endloop
  endfacet
  facet normal 0.302513 0.6396 0.706681
    outer loop
      vertex 3.44415 8.31492 7.4
      vertex 3.85091 7.86997 7.62859
      vertex 3.96545 8.06836 7.4
    endloop
  endfacet
  facet normal 0.302511 0.6396 0.706682
    outer loop
      vertex 3.85091 7.86997 7.62859
      vertex 3.44415 8.31492 7.4
      vertex 3.21454 7.76059 8
    endloop
  endfacet
  facet normal -0.242993 0.970028 0
    outer loop
      vertex -2.14837 8.72874 0.599999
      vertex -2.61256 8.61246 7.4
      vertex -2.14837 8.72874 7.4
    endloop
  endfacet
  facet normal -0.242993 0.970028 0
    outer loop
      vertex -2.61256 8.61246 7.4
      vertex -2.14837 8.72874 0.599999
      vertex -2.61256 8.61246 0.599999
    endloop
  endfacet
  facet normal -0.238361 0.666175 -0.706679
    outer loop
      vertex -2.43839 8.0383 0
      vertex -3.21454 7.76059 0
      vertex -2.61256 8.61246 0.599999
    endloop
  endfacet
  facet normal -0.686335 -0.171919 -0.706674
    outer loop
      vertex -8.16129 -2.33196 0.0935557
      vertex -8.2386 -1.63876 0
      vertex -8.07301 -2.29983 0
    endloop
  endfacet
  facet normal -0.686329 -0.171919 -0.70668
    outer loop
      vertex -8.2386 -1.63876 0
      vertex -8.16129 -2.33196 0.0935557
      vertex -8.82707 -1.75581 0.599999
    endloop
  endfacet
  facet normal -0.639598 0.302504 0.706687
    outer loop
      vertex -7.40814 3.95973 8
      vertex -7.80617 3.47972 7.84523
      vertex -7.66028 3.42662 8
    endloop
  endfacet
  facet normal -0.639602 0.302511 0.70668
    outer loop
      vertex -7.80617 3.47972 7.84523
      vertex -7.40814 3.95973 8
      vertex -7.93729 4.24257 7.4
    endloop
  endfacet
  facet normal -0.699877 -0.103812 0.706679
    outer loop
      vertex -8.35955 -0.823343 8
      vertex -8.82707 -1.75581 7.4
      vertex -8.2386 -1.63876 8
    endloop
  endfacet
  facet normal 0.524257 0.475128 0.706688
    outer loop
      vertex 6.10158 5.90308 7.90453
      vertex 5.9397 5.9397 8
      vertex 6.02848 5.84174 8
    endloop
  endfacet
  facet normal -0.302512 -0.639599 -0.706682
    outer loop
      vertex -3.21454 -7.76059 0
      vertex -3.85091 -7.86997 0.37141
      vertex -3.6648 -7.54763 0
    endloop
  endfacet
  facet normal -0.302512 -0.639599 0.706682
    outer loop
      vertex -3.6648 -7.54763 8
      vertex -3.85091 -7.86997 7.62859
      vertex -3.21454 -7.76059 8
    endloop
  endfacet
  facet normal -0.421468 -0.568291 0.70669
    outer loop
      vertex -5.3289 -6.49329 8
      vertex -4.72436 -6.98284 7.96687
      vertex -4.70771 -6.95399 8
    endloop
  endfacet
  facet normal -0.421475 -0.568299 0.706679
    outer loop
      vertex -4.72436 -6.98284 7.96687
      vertex -5.3289 -6.49329 8
      vertex -5.70954 -6.95709 7.4
    endloop
  endfacet
  facet normal 0.686329 -0.171919 -0.70668
    outer loop
      vertex 8.16129 -2.33196 0.0935557
      vertex 8.2386 -1.63876 0
      vertex 8.82707 -1.75581 0.599999
    endloop
  endfacet
  facet normal 0.686335 -0.171919 -0.706674
    outer loop
      vertex 8.2386 -1.63876 0
      vertex 8.16129 -2.33196 0.0935557
      vertex 8.07301 -2.29983 0
    endloop
  endfacet
  facet normal -0.034719 0.70668 -0.706681
    outer loop
      vertex -0.823343 8.35955 0
      vertex -0.882154 8.95666 0.599999
      vertex 0 9 0.599999
    endloop
  endfacet
  facet normal 0.686329 -0.171923 0.706679
    outer loop
      vertex 8.2386 -1.63876 8
      vertex 8.16129 -2.33196 7.90644
      vertex 8.82707 -1.75581 7.4
    endloop
  endfacet
  facet normal 0.686351 -0.171923 0.706658
    outer loop
      vertex 8.16129 -2.33196 7.90644
      vertex 8.2386 -1.63876 8
      vertex 8.07301 -2.29983 8
    endloop
  endfacet
  facet normal 0.103776 -0.699882 0.70668
    outer loop
      vertex 0.868775 -8.38233 7.97077
      vertex 0.882154 -8.95666 7.4
      vertex 0.967805 -8.94396 7.4
    endloop
  endfacet
  facet normal 0.103736 -0.699885 0.706682
    outer loop
      vertex 0.882154 -8.95666 7.4
      vertex 0.868775 -8.38233 7.97077
      vertex 0.823343 -8.35955 8
    endloop
  endfacet
  facet normal 0.238355 -0.666174 -0.706682
    outer loop
      vertex 3.44415 -8.31492 0.599999
      vertex 2.61256 -8.61246 0.599999
      vertex 3.21454 -7.76059 0
    endloop
  endfacet
  facet normal -0.475147 -0.52425 -0.70668
    outer loop
      vertex -5.70954 -6.95709 0.599999
      vertex -5.9397 -5.9397 0
      vertex -5.3289 -6.49329 0
    endloop
  endfacet
  facet normal 0.475151 -0.52425 -0.706678
    outer loop
      vertex 6.36396 -6.36396 0.599999
      vertex 5.70954 -6.95709 0.599999
      vertex 5.9397 -5.9397 0
    endloop
  endfacet
  facet normal 0.639599 0.302512 -0.706682
    outer loop
      vertex 8.22585 3.63247 0.599999
      vertex 7.80617 3.47972 0.154769
      vertex 7.93729 4.24257 0.599999
    endloop
  endfacet
  facet normal -0.475147 0.52425 -0.70668
    outer loop
      vertex -5.3289 6.49329 0
      vertex -5.9397 5.9397 0
      vertex -5.70954 6.95709 0.599999
    endloop
  endfacet
  facet normal 0.686329 0.171919 -0.70668
    outer loop
      vertex 8.82707 1.75581 0.599999
      vertex 8.16129 2.33196 0.0935557
      vertex 8.63918 2.5059 0.599999
    endloop
  endfacet
  facet normal -0.421479 0.568288 0.706685
    outer loop
      vertex -5.00933 7.47641 7.4
      vertex -5.70954 6.95709 7.4
      vertex -4.72436 6.98284 7.96687
    endloop
  endfacet
  facet normal -0.146673 0.989185 0
    outer loop
      vertex -0.882154 8.95666 0.599999
      vertex -0.967805 8.94396 7.4
      vertex -0.882154 8.95666 7.4
    endloop
  endfacet
  facet normal -0.146673 0.989185 0
    outer loop
      vertex -0.967805 8.94396 7.4
      vertex -0.882154 8.95666 0.599999
      vertex -0.967805 8.94396 0.599999
    endloop
  endfacet
  facet normal -0.302512 0.639599 -0.706682
    outer loop
      vertex -3.85091 7.86997 0.37141
      vertex -3.44415 8.31492 0.599999
      vertex -3.21454 7.76059 0
    endloop
  endfacet
  facet normal -0.302512 0.639599 -0.706682
    outer loop
      vertex -3.44415 8.31492 0.599999
      vertex -3.85091 7.86997 0.37141
      vertex -3.96545 8.06836 0.599999
    endloop
  endfacet
  facet normal -0.42756 0.903987 0
    outer loop
      vertex -3.44415 8.31492 0.599999
      vertex -3.96545 8.06836 7.4
      vertex -3.44415 8.31492 7.4
    endloop
  endfacet
  facet normal -0.42756 0.903987 0
    outer loop
      vertex -3.96545 8.06836 7.4
      vertex -3.44415 8.31492 0.599999
      vertex -3.96545 8.06836 0.599999
    endloop
  endfacet
  facet normal 0.42756 -0.903987 0
    outer loop
      vertex 3.44415 -8.31492 0.599999
      vertex 3.96545 -8.06836 7.4
      vertex 3.44415 -8.31492 7.4
    endloop
  endfacet
  facet normal 0.42756 -0.903987 0
    outer loop
      vertex 3.96545 -8.06836 7.4
      vertex 3.44415 -8.31492 0.599999
      vertex 3.96545 -8.06836 0.599999
    endloop
  endfacet
  facet normal 0.970031 -0.242983 0
    outer loop
      vertex 8.63918 -2.5059 7.4
      vertex 8.82707 -1.75581 0.599999
      vertex 8.82707 -1.75581 7.4
    endloop
  endfacet
  facet normal 0.970031 -0.242983 0
    outer loop
      vertex 8.82707 -1.75581 0.599999
      vertex 8.63918 -2.5059 7.4
      vertex 8.63918 -2.5059 0.599999
    endloop
  endfacet
  facet normal 0.998796 -0.0490628 0
    outer loop
      vertex 8.95666 -0.882154 7.4
      vertex 8.97052 -0.599999 0.599999
      vertex 8.97052 -0.599999 7.4
    endloop
  endfacet
  facet normal 0.998796 -0.0490628 0
    outer loop
      vertex 8.97052 -0.599999 0.599999
      vertex 8.95666 -0.882154 7.4
      vertex 8.95666 -0.882154 0.599999
    endloop
  endfacet
  facet normal 0.421475 -0.568298 -0.706679
    outer loop
      vertex 4.72436 -6.98284 0.0331291
      vertex 5.3289 -6.49329 0
      vertex 5.70954 -6.95709 0.599999
    endloop
  endfacet
  facet normal 0.421462 -0.568283 -0.706699
    outer loop
      vertex 5.3289 -6.49329 0
      vertex 4.72436 -6.98284 0.0331291
      vertex 4.70771 -6.95399 0
    endloop
  endfacet
  facet normal 0.0490706 -0.998795 0
    outer loop
      vertex 0 -9 0.599999
      vertex 0.882154 -8.95666 7.4
      vertex 0 -9 7.4
    endloop
  endfacet
  facet normal 0.0490706 -0.998795 0
    outer loop
      vertex 0.882154 -8.95666 7.4
      vertex 0 -9 0.599999
      vertex 0.882154 -8.95666 0.599999
    endloop
  endfacet
  facet normal -0.524257 -0.475128 0.706688
    outer loop
      vertex -6.02848 -5.84174 8
      vertex -6.10158 -5.90308 7.90453
      vertex -5.9397 -5.9397 8
    endloop
  endfacet
  facet normal 0.238361 0.666176 0.706678
    outer loop
      vertex 2.61256 8.61246 7.4
      vertex 2.43839 8.0383 8
      vertex 3.21454 7.76059 8
    endloop
  endfacet
  facet normal 0.238361 -0.666175 -0.706679
    outer loop
      vertex 2.61256 -8.61246 0.599999
      vertex 2.43839 -8.0383 0
      vertex 3.21454 -7.76059 0
    endloop
  endfacet
  facet normal -0.699876 -0.103813 0.70668
    outer loop
      vertex -8.35955 -0.823343 8
      vertex -8.95666 -0.882154 7.4
      vertex -8.82707 -1.75581 7.4
    endloop
  endfacet
  facet normal 0.171925 0.686325 0.706683
    outer loop
      vertex 2.09632 8.43358 7.69932
      vertex 2.61256 8.61246 7.4
      vertex 2.14837 8.72874 7.4
    endloop
  endfacet
  facet normal 0.17192 0.68633 0.706678
    outer loop
      vertex 2.61256 8.61246 7.4
      vertex 2.09632 8.43358 7.69932
      vertex 2.43839 8.0383 8
    endloop
  endfacet
  facet normal -0.238361 -0.666175 -0.706679
    outer loop
      vertex -2.61256 -8.61246 0.599999
      vertex -3.21454 -7.76059 0
      vertex -2.43839 -8.0383 0
    endloop
  endfacet
  facet normal -0.0490706 0.998795 0
    outer loop
      vertex 0 9 0.599999
      vertex -0.882154 8.95666 7.4
      vertex 0 9 7.4
    endloop
  endfacet
  facet normal -0.0490706 0.998795 0
    outer loop
      vertex -0.882154 8.95666 7.4
      vertex 0 9 0.599999
      vertex -0.882154 8.95666 0.599999
    endloop
  endfacet
  facet normal 0.686329 -0.171919 -0.70668
    outer loop
      vertex 8.63918 -2.5059 0.599999
      vertex 8.16129 -2.33196 0.0935557
      vertex 8.82707 -1.75581 0.599999
    endloop
  endfacet
  facet normal -0.903987 0.42756 0
    outer loop
      vertex -8.22585 3.63247 0.599999
      vertex -7.93729 4.24257 7.4
      vertex -7.93729 4.24257 0.599999
    endloop
  endfacet
  facet normal -0.903987 0.42756 0
    outer loop
      vertex -7.93729 4.24257 7.4
      vertex -8.22585 3.63247 0.599999
      vertex -8.22585 3.63247 7.4
    endloop
  endfacet
  facet normal -0.52425 -0.475122 -0.706697
    outer loop
      vertex -5.9397 -5.9397 0
      vertex -6.10158 -5.90308 0.0954675
      vertex -6.02848 -5.84174 0
    endloop
  endfacet
  facet normal -0.639596 0.302503 -0.706689
    outer loop
      vertex -7.80617 3.47972 0.154769
      vertex -7.40814 3.95973 0
      vertex -7.66028 3.42662 0
    endloop
  endfacet
  facet normal -0.639602 0.302511 -0.70668
    outer loop
      vertex -7.40814 3.95973 0
      vertex -7.80617 3.47972 0.154769
      vertex -7.93729 4.24257 0.599999
    endloop
  endfacet
  facet normal 0.60687 -0.363748 -0.70668
    outer loop
      vertex 7.93729 -4.24257 0.599999
      vertex 6.98434 -4.66679 0
      vertex 7.40814 -3.95973 0
    endloop
  endfacet
  facet normal -0.857731 -0.514099 0
    outer loop
      vertex -7.48323 -5.00013 0.599999
      vertex -7.93729 -4.24257 7.4
      vertex -7.93729 -4.24257 0.599999
    endloop
  endfacet
  facet normal -0.857731 -0.514099 0
    outer loop
      vertex -7.93729 -4.24257 7.4
      vertex -7.48323 -5.00013 0.599999
      vertex -7.48323 -5.00013 7.4
    endloop
  endfacet
  facet normal -0.568296 -0.421485 -0.706676
    outer loop
      vertex -7.48323 -5.00013 0.599999
      vertex -6.97385 -5.06851 0.231149
      vertex -7.25657 -5.30574 0.599999
    endloop
  endfacet
  facet normal -0.568299 -0.421465 -0.706685
    outer loop
      vertex -6.97385 -5.06851 0.231149
      vertex -7.48323 -5.00013 0.599999
      vertex -6.98434 -4.66679 0
    endloop
  endfacet
  facet normal 0.302512 -0.639599 -0.706682
    outer loop
      vertex 3.85091 -7.86997 0.37141
      vertex 3.21454 -7.76059 0
      vertex 3.6648 -7.54763 0
    endloop
  endfacet
  facet normal 0.302512 -0.639599 -0.706682
    outer loop
      vertex 3.44415 -8.31492 0.599999
      vertex 3.85091 -7.86997 0.37141
      vertex 3.96545 -8.06836 0.599999
    endloop
  endfacet
  facet normal 0.302512 -0.639599 -0.706682
    outer loop
      vertex 3.85091 -7.86997 0.37141
      vertex 3.44415 -8.31492 0.599999
      vertex 3.21454 -7.76059 0
    endloop
  endfacet
  facet normal -0.103856 0.69977 0.706779
    outer loop
      vertex -0.823343 8.35955 8
      vertex -0.868775 8.38233 7.97077
      vertex -0.863703 8.35356 8
    endloop
  endfacet
  facet normal 0.171917 0.686329 0.70668
    outer loop
      vertex 2.09632 8.43358 7.69932
      vertex 2.04404 8.13708 8
      vertex 2.43839 8.0383 8
    endloop
  endfacet
  facet normal -0.568299 -0.421466 0.706684
    outer loop
      vertex -7.48323 -5.00013 7.4
      vertex -6.97385 -5.06851 7.76885
      vertex -6.98434 -4.66679 8
    endloop
  endfacet
  facet normal -0.568296 -0.421485 0.706676
    outer loop
      vertex -6.97385 -5.06851 7.76885
      vertex -7.48323 -5.00013 7.4
      vertex -7.25657 -5.30574 7.4
    endloop
  endfacet
  facet normal -0.52425 0.475122 -0.706697
    outer loop
      vertex -6.02848 5.84174 0
      vertex -6.10158 5.90308 0.0954675
      vertex -5.9397 5.9397 0
    endloop
  endfacet
  facet normal 0.302512 0.639599 -0.706682
    outer loop
      vertex 3.85091 7.86997 0.37141
      vertex 3.44415 8.31492 0.599999
      vertex 3.96545 8.06836 0.599999
    endloop
  endfacet
  facet normal 0.302512 0.639599 -0.706682
    outer loop
      vertex 3.44415 8.31492 0.599999
      vertex 3.85091 7.86997 0.37141
      vertex 3.21454 7.76059 0
    endloop
  endfacet
  facet normal 0.103856 0.69977 0.706779
    outer loop
      vertex 0.868775 8.38233 7.97077
      vertex 0.823343 8.35955 8
      vertex 0.863703 8.35356 8
    endloop
  endfacet
  facet normal 0.103775 0.699879 -0.706682
    outer loop
      vertex 0.868775 8.38233 0.0292332
      vertex 0.882154 8.95666 0.599999
      vertex 0.967805 8.94396 0.599999
    endloop
  endfacet
  facet normal 0.103789 0.699878 -0.706681
    outer loop
      vertex 0.882154 8.95666 0.599999
      vertex 0.868775 8.38233 0.0292332
      vertex 0.823343 8.35955 0
    endloop
  endfacet
  facet normal -0.103736 0.699885 0.706682
    outer loop
      vertex -0.882154 8.95666 7.4
      vertex -0.868775 8.38233 7.97077
      vertex -0.823343 8.35955 8
    endloop
  endfacet
  facet normal -0.103776 0.699882 0.70668
    outer loop
      vertex -0.868775 8.38233 7.97077
      vertex -0.882154 8.95666 7.4
      vertex -0.967805 8.94396 7.4
    endloop
  endfacet
  facet normal -0.336882 0.941547 0
    outer loop
      vertex -2.61256 8.61246 0.599999
      vertex -3.44415 8.31492 7.4
      vertex -2.61256 8.61246 7.4
    endloop
  endfacet
  facet normal -0.336882 0.941547 0
    outer loop
      vertex -3.44415 8.31492 7.4
      vertex -2.61256 8.61246 0.599999
      vertex -3.44415 8.31492 0.599999
    endloop
  endfacet
  facet normal -0.238355 0.666174 0.706682
    outer loop
      vertex -2.61256 8.61246 7.4
      vertex -3.44415 8.31492 7.4
      vertex -3.21454 7.76059 8
    endloop
  endfacet
  facet normal -0.699876 0.103813 0.70668
    outer loop
      vertex -8.82707 1.75581 7.4
      vertex -8.95666 0.882154 7.4
      vertex -8.35955 0.823343 8
    endloop
  endfacet
  facet normal 0.475152 -0.52425 0.706677
    outer loop
      vertex 5.9397 -5.9397 8
      vertex 5.70954 -6.95709 7.4
      vertex 6.36396 -6.36396 7.4
    endloop
  endfacet
  facet normal 0.0347185 0.70668 0.70668
    outer loop
      vertex 0 9 7.4
      vertex 0 8.4 8
      vertex 0.823343 8.35955 8
    endloop
  endfacet
  facet normal -0.421479 -0.568288 0.706685
    outer loop
      vertex -4.72436 -6.98284 7.96687
      vertex -5.70954 -6.95709 7.4
      vertex -5.00933 -7.47641 7.4
    endloop
  endfacet
  facet normal -0.421478 -0.568288 -0.706685
    outer loop
      vertex -5.00933 -7.47641 0.599999
      vertex -5.70954 -6.95709 0.599999
      vertex -4.72436 -6.98284 0.0331291
    endloop
  endfacet
  facet normal 0.568299 -0.421466 0.706684
    outer loop
      vertex 6.97385 -5.06851 7.76885
      vertex 7.48323 -5.00013 7.4
      vertex 6.98434 -4.66679 8
    endloop
  endfacet
  facet normal 0.568296 -0.421485 0.706676
    outer loop
      vertex 7.48323 -5.00013 7.4
      vertex 6.97385 -5.06851 7.76885
      vertex 7.25657 -5.30574 7.4
    endloop
  endfacet
  facet normal -0.706681 -0.0347101 0.706681
    outer loop
      vertex -8.37052 -0.599999 8
      vertex -8.53328 -0.599999 7.83724
      vertex -8.35955 -0.823343 8
    endloop
  endfacet
  facet normal 0.524237 -0.475161 0.706681
    outer loop
      vertex 6.10158 -5.90308 7.90453
      vertex 6.36396 -6.36396 7.4
      vertex 6.48789 -6.22723 7.4
    endloop
  endfacet
  facet normal 0.524255 -0.475147 0.706677
    outer loop
      vertex 6.36396 -6.36396 7.4
      vertex 6.10158 -5.90308 7.90453
      vertex 5.9397 -5.9397 8
    endloop
  endfacet
  facet normal -0.238355 -0.666174 -0.706682
    outer loop
      vertex -2.61256 -8.61246 0.599999
      vertex -3.44415 -8.31492 0.599999
      vertex -3.21454 -7.76059 0
    endloop
  endfacet
  facet normal 0.740937 0.671574 0
    outer loop
      vertex 6.48789 6.22723 7.4
      vertex 6.36396 6.36396 0.599999
      vertex 6.36396 6.36396 7.4
    endloop
  endfacet
  facet normal 0.740937 0.671574 0
    outer loop
      vertex 6.36396 6.36396 0.599999
      vertex 6.48789 6.22723 7.4
      vertex 6.48789 6.22723 0.599999
    endloop
  endfacet
  facet normal 0.595706 -0.803203 0
    outer loop
      vertex 5.00933 -7.47641 0.599999
      vertex 5.70954 -6.95709 7.4
      vertex 5.00933 -7.47641 7.4
    endloop
  endfacet
  facet normal 0.595706 -0.803203 0
    outer loop
      vertex 5.70954 -6.95709 7.4
      vertex 5.00933 -7.47641 0.599999
      vertex 5.70954 -6.95709 0.599999
    endloop
  endfacet
  facet normal -0.989177 -0.146725 0
    outer loop
      vertex -8.82707 -1.75581 0.599999
      vertex -8.95666 -0.882154 7.4
      vertex -8.95666 -0.882154 0.599999
    endloop
  endfacet
  facet normal -0.989177 -0.146725 0
    outer loop
      vertex -8.95666 -0.882154 7.4
      vertex -8.82707 -1.75581 0.599999
      vertex -8.82707 -1.75581 7.4
    endloop
  endfacet
  facet normal -0.686351 0.171923 0.706658
    outer loop
      vertex -8.16129 2.33196 7.90644
      vertex -8.2386 1.63876 8
      vertex -8.07301 2.29983 8
    endloop
  endfacet
  facet normal -0.686329 0.171923 0.706679
    outer loop
      vertex -8.2386 1.63876 8
      vertex -8.16129 2.33196 7.90644
      vertex -8.82707 1.75581 7.4
    endloop
  endfacet
  facet normal 0.857731 -0.514099 0
    outer loop
      vertex 7.48323 -5.00013 7.4
      vertex 7.93729 -4.24257 0.599999
      vertex 7.93729 -4.24257 7.4
    endloop
  endfacet
  facet normal 0.857731 -0.514099 0
    outer loop
      vertex 7.93729 -4.24257 0.599999
      vertex 7.48323 -5.00013 7.4
      vertex 7.48323 -5.00013 0.599999
    endloop
  endfacet
  facet normal 0.524237 0.475161 0.706681
    outer loop
      vertex 6.36396 6.36396 7.4
      vertex 6.10158 5.90308 7.90453
      vertex 6.48789 6.22723 7.4
    endloop
  endfacet
  facet normal 0.524255 0.475147 0.706677
    outer loop
      vertex 6.10158 5.90308 7.90453
      vertex 6.36396 6.36396 7.4
      vertex 5.9397 5.9397 8
    endloop
  endfacet
  facet normal -0.034719 -0.706681 0.70668
    outer loop
      vertex -0.823343 -8.35955 8
      vertex -0.882154 -8.95666 7.4
      vertex 0 -9 7.4
    endloop
  endfacet
  facet normal 0.171923 -0.686319 -0.706689
    outer loop
      vertex 2.09632 -8.43358 0.300684
      vertex 2.61256 -8.61246 0.599999
      vertex 2.14837 -8.72874 0.599999
    endloop
  endfacet
  facet normal 0.171913 -0.686332 -0.706678
    outer loop
      vertex 2.61256 -8.61246 0.599999
      vertex 2.09632 -8.43358 0.300684
      vertex 2.43839 -8.0383 0
    endloop
  endfacet
  facet normal -0.639599 0.302512 0.706682
    outer loop
      vertex -7.93729 4.24257 7.4
      vertex -8.22585 3.63247 7.4
      vertex -7.80617 3.47972 7.84523
    endloop
  endfacet
  facet normal -0.699876 -0.103812 -0.70668
    outer loop
      vertex -8.2386 -1.63876 0
      vertex -8.82707 -1.75581 0.599999
      vertex -8.35955 -0.823343 0
    endloop
  endfacet
  facet normal -0.242993 -0.970028 0
    outer loop
      vertex -2.61256 -8.61246 0.599999
      vertex -2.14837 -8.72874 7.4
      vertex -2.61256 -8.61246 7.4
    endloop
  endfacet
  facet normal -0.242993 -0.970028 -0
    outer loop
      vertex -2.14837 -8.72874 7.4
      vertex -2.61256 -8.61246 0.599999
      vertex -2.14837 -8.72874 0.599999
    endloop
  endfacet
  facet normal -0.60687 -0.363748 0.70668
    outer loop
      vertex -7.40814 -3.95973 8
      vertex -7.93729 -4.24257 7.4
      vertex -6.98434 -4.66679 8
    endloop
  endfacet
  facet normal 0.699876 -0.103813 0.70668
    outer loop
      vertex 8.95666 -0.882154 7.4
      vertex 8.35955 -0.823343 8
      vertex 8.82707 -1.75581 7.4
    endloop
  endfacet
  facet normal 0.238355 0.666174 0.706682
    outer loop
      vertex 3.44415 8.31492 7.4
      vertex 2.61256 8.61246 7.4
      vertex 3.21454 7.76059 8
    endloop
  endfacet
  facet normal 0.242993 0.970028 -0
    outer loop
      vertex 2.61256 8.61246 0.599999
      vertex 2.14837 8.72874 7.4
      vertex 2.61256 8.61246 7.4
    endloop
  endfacet
  facet normal 0.242993 0.970028 0
    outer loop
      vertex 2.14837 8.72874 7.4
      vertex 2.61256 8.61246 0.599999
      vertex 2.14837 8.72874 0.599999
    endloop
  endfacet
  facet normal -0.998796 -0.0490628 0
    outer loop
      vertex -8.95666 -0.882154 0.599999
      vertex -8.97052 -0.599999 7.4
      vertex -8.97052 -0.599999 0.599999
    endloop
  endfacet
  facet normal -0.998796 -0.0490628 0
    outer loop
      vertex -8.97052 -0.599999 7.4
      vertex -8.95666 -0.882154 0.599999
      vertex -8.95666 -0.882154 7.4
    endloop
  endfacet
  facet normal -0.034719 0.706681 0.70668
    outer loop
      vertex 0 9 7.4
      vertex -0.882154 8.95666 7.4
      vertex -0.823343 8.35955 8
    endloop
  endfacet
  facet normal -0.171925 0.686325 0.706683
    outer loop
      vertex -2.61256 8.61246 7.4
      vertex -2.09632 8.43358 7.69932
      vertex -2.14837 8.72874 7.4
    endloop
  endfacet
  facet normal -0.17192 0.68633 0.706678
    outer loop
      vertex -2.09632 8.43358 7.69932
      vertex -2.61256 8.61246 7.4
      vertex -2.43839 8.0383 8
    endloop
  endfacet
  facet normal -0.238361 0.666176 0.706678
    outer loop
      vertex -2.61256 8.61246 7.4
      vertex -3.21454 7.76059 8
      vertex -2.43839 8.0383 8
    endloop
  endfacet
  facet normal -0.103856 -0.69977 0.706779
    outer loop
      vertex -0.863703 -8.35356 8
      vertex -0.868775 -8.38233 7.97077
      vertex -0.823343 -8.35955 8
    endloop
  endfacet
  facet normal 0.568296 0.421485 0.706676
    outer loop
      vertex 6.97385 5.06851 7.76885
      vertex 7.48323 5.00013 7.4
      vertex 7.25657 5.30574 7.4
    endloop
  endfacet
  facet normal 0.568299 0.421466 0.706684
    outer loop
      vertex 7.48323 5.00013 7.4
      vertex 6.97385 5.06851 7.76885
      vertex 6.98434 4.66679 8
    endloop
  endfacet
  facet normal 0.171913 0.686332 -0.706678
    outer loop
      vertex 2.09632 8.43358 0.300684
      vertex 2.61256 8.61246 0.599999
      vertex 2.43839 8.0383 0
    endloop
  endfacet
  facet normal 0.171923 0.686319 -0.706689
    outer loop
      vertex 2.61256 8.61246 0.599999
      vertex 2.09632 8.43358 0.300684
      vertex 2.14837 8.72874 0.599999
    endloop
  endfacet
  facet normal -0.60687 -0.363748 -0.70668
    outer loop
      vertex -6.98434 -4.66679 0
      vertex -7.93729 -4.24257 0.599999
      vertex -7.40814 -3.95973 0
    endloop
  endfacet
  facet normal -0.686329 0.171919 -0.70668
    outer loop
      vertex -8.16129 2.33196 0.0935557
      vertex -8.82707 1.75581 0.599999
      vertex -8.63918 2.5059 0.599999
    endloop
  endfacet
  facet normal -0.421478 0.568288 -0.706685
    outer loop
      vertex -4.72436 6.98284 0.0331291
      vertex -5.70954 6.95709 0.599999
      vertex -5.00933 7.47641 0.599999
    endloop
  endfacet
  facet normal -0.60687 0.363748 -0.70668
    outer loop
      vertex -7.40814 3.95973 0
      vertex -7.93729 4.24257 0.599999
      vertex -6.98434 4.66679 0
    endloop
  endfacet
  facet normal 0.52425 -0.475122 -0.706697
    outer loop
      vertex 6.10158 -5.90308 0.0954675
      vertex 5.9397 -5.9397 0
      vertex 6.02848 -5.84174 0
    endloop
  endfacet
  facet normal 0.475151 0.52425 -0.706678
    outer loop
      vertex 5.9397 5.9397 0
      vertex 5.70954 6.95709 0.599999
      vertex 6.36396 6.36396 0.599999
    endloop
  endfacet
  facet normal 0.238355 -0.666174 0.706682
    outer loop
      vertex 3.21454 -7.76059 8
      vertex 2.61256 -8.61246 7.4
      vertex 3.44415 -8.31492 7.4
    endloop
  endfacet
  facet normal 0.034719 -0.706681 0.70668
    outer loop
      vertex 0.823343 -8.35955 8
      vertex 0 -9 7.4
      vertex 0.882154 -8.95666 7.4
    endloop
  endfacet
  facet normal 0.302512 0.639599 0.706682
    outer loop
      vertex 3.85091 7.86997 7.62859
      vertex 3.21454 7.76059 8
      vertex 3.6648 7.54763 8
    endloop
  endfacet
  facet normal 0.0347185 -0.70668 0.70668
    outer loop
      vertex 0 -8.4 8
      vertex 0 -9 7.4
      vertex 0.823343 -8.35955 8
    endloop
  endfacet
  facet normal -0.706679 -0.03471 -0.706683
    outer loop
      vertex -8.35955 -0.823343 0
      vertex -8.53328 -0.599999 0.162759
      vertex -8.37052 -0.599999 0
    endloop
  endfacet
  facet normal -0.699875 -0.103813 -0.706681
    outer loop
      vertex -8.82707 -1.75581 0.599999
      vertex -8.95666 -0.882154 0.599999
      vertex -8.35955 -0.823343 0
    endloop
  endfacet
  facet normal 0.857731 0.514099 0
    outer loop
      vertex 7.93729 4.24257 7.4
      vertex 7.48323 5.00013 0.599999
      vertex 7.48323 5.00013 7.4
    endloop
  endfacet
  facet normal 0.857731 0.514099 0
    outer loop
      vertex 7.48323 5.00013 0.599999
      vertex 7.93729 4.24257 7.4
      vertex 7.93729 4.24257 0.599999
    endloop
  endfacet
  facet normal 0.699877 -0.103812 0.706679
    outer loop
      vertex 8.35955 -0.823343 8
      vertex 8.2386 -1.63876 8
      vertex 8.82707 -1.75581 7.4
    endloop
  endfacet
  facet normal 0.034719 0.706681 0.70668
    outer loop
      vertex 0.882154 8.95666 7.4
      vertex 0 9 7.4
      vertex 0.823343 8.35955 8
    endloop
  endfacet
  facet normal 0.475152 0.52425 0.706677
    outer loop
      vertex 6.36396 6.36396 7.4
      vertex 5.70954 6.95709 7.4
      vertex 5.9397 5.9397 8
    endloop
  endfacet
  facet normal 0.595706 0.803203 -0
    outer loop
      vertex 5.70954 6.95709 0.599999
      vertex 5.00933 7.47641 7.4
      vertex 5.70954 6.95709 7.4
    endloop
  endfacet
  facet normal 0.595706 0.803203 0
    outer loop
      vertex 5.00933 7.47641 7.4
      vertex 5.70954 6.95709 0.599999
      vertex 5.00933 7.47641 0.599999
    endloop
  endfacet
  facet normal 0.146673 0.989185 -0
    outer loop
      vertex 0.967805 8.94396 0.599999
      vertex 0.882154 8.95666 7.4
      vertex 0.967805 8.94396 7.4
    endloop
  endfacet
  facet normal 0.146673 0.989185 0
    outer loop
      vertex 0.882154 8.95666 7.4
      vertex 0.967805 8.94396 0.599999
      vertex 0.882154 8.95666 0.599999
    endloop
  endfacet
  facet normal 0.0490706 0.998795 -0
    outer loop
      vertex 0.882154 8.95666 0.599999
      vertex 0 9 7.4
      vertex 0.882154 8.95666 7.4
    endloop
  endfacet
  facet normal 0.0490706 0.998795 0
    outer loop
      vertex 0 9 7.4
      vertex 0.882154 8.95666 0.599999
      vertex 0 9 0.599999
    endloop
  endfacet
  facet normal -0.171919 0.686334 -0.706675
    outer loop
      vertex -2.04404 8.13708 0
      vertex -2.43839 8.0383 0
      vertex -2.09632 8.43358 0.300684
    endloop
  endfacet
  facet normal -0.302511 -0.6396 0.706682
    outer loop
      vertex -3.85091 -7.86997 7.62859
      vertex -3.44415 -8.31492 7.4
      vertex -3.21454 -7.76059 8
    endloop
  endfacet
  facet normal -0.302513 -0.6396 0.706681
    outer loop
      vertex -3.44415 -8.31492 7.4
      vertex -3.85091 -7.86997 7.62859
      vertex -3.96545 -8.06836 7.4
    endloop
  endfacet
  facet normal 0.103776 0.699882 0.70668
    outer loop
      vertex 0.882154 8.95666 7.4
      vertex 0.868775 8.38233 7.97077
      vertex 0.967805 8.94396 7.4
    endloop
  endfacet
  facet normal 0.103736 0.699885 0.706682
    outer loop
      vertex 0.868775 8.38233 7.97077
      vertex 0.882154 8.95666 7.4
      vertex 0.823343 8.35955 8
    endloop
  endfacet
  facet normal 0.989177 0.146725 0
    outer loop
      vertex 8.95666 0.882154 7.4
      vertex 8.82707 1.75581 0.599999
      vertex 8.82707 1.75581 7.4
    endloop
  endfacet
  facet normal 0.989177 0.146725 0
    outer loop
      vertex 8.82707 1.75581 0.599999
      vertex 8.95666 0.882154 7.4
      vertex 8.95666 0.882154 0.599999
    endloop
  endfacet
  facet normal 0.998796 0.0490628 0
    outer loop
      vertex 8.97052 0.599999 7.4
      vertex 8.95666 0.882154 0.599999
      vertex 8.95666 0.882154 7.4
    endloop
  endfacet
  facet normal 0.998796 0.0490628 0
    outer loop
      vertex 8.95666 0.882154 0.599999
      vertex 8.97052 0.599999 7.4
      vertex 8.97052 0.599999 0.599999
    endloop
  endfacet
  facet normal -0.0347185 0.70668 0.70668
    outer loop
      vertex 0 9 7.4
      vertex -0.823343 8.35955 8
      vertex 0 8.4 8
    endloop
  endfacet
  facet normal -0.706681 0.0347101 0.706681
    outer loop
      vertex -8.35955 0.823343 8
      vertex -8.53328 0.599999 7.83724
      vertex -8.37052 0.599999 8
    endloop
  endfacet
  facet normal 0.302513 -0.6396 0.706681
    outer loop
      vertex 3.85091 -7.86997 7.62859
      vertex 3.44415 -8.31492 7.4
      vertex 3.96545 -8.06836 7.4
    endloop
  endfacet
  facet normal 0.302511 -0.6396 0.706682
    outer loop
      vertex 3.44415 -8.31492 7.4
      vertex 3.85091 -7.86997 7.62859
      vertex 3.21454 -7.76059 8
    endloop
  endfacet
  facet normal 0.803202 -0.595706 0
    outer loop
      vertex 7.25657 -5.30574 7.4
      vertex 7.48323 -5.00013 0.599999
      vertex 7.48323 -5.00013 7.4
    endloop
  endfacet
  facet normal 0.803202 -0.595706 0
    outer loop
      vertex 7.48323 -5.00013 0.599999
      vertex 7.25657 -5.30574 7.4
      vertex 7.25657 -5.30574 0.599999
    endloop
  endfacet
  facet normal -0.606869 0.36374 -0.706685
    outer loop
      vertex -6.98434 4.66679 0
      vertex -7.93729 4.24257 0.599999
      vertex -7.48323 5.00013 0.599999
    endloop
  endfacet
  facet normal -0.103789 -0.699878 -0.706681
    outer loop
      vertex -0.882154 -8.95666 0.599999
      vertex -0.868775 -8.38233 0.0292332
      vertex -0.823343 -8.35955 0
    endloop
  endfacet
  facet normal -0.103775 -0.699879 -0.706682
    outer loop
      vertex -0.868775 -8.38233 0.0292332
      vertex -0.882154 -8.95666 0.599999
      vertex -0.967805 -8.94396 0.599999
    endloop
  endfacet
  facet normal 0.740937 -0.671574 0
    outer loop
      vertex 6.36396 -6.36396 7.4
      vertex 6.48789 -6.22723 0.599999
      vertex 6.48789 -6.22723 7.4
    endloop
  endfacet
  facet normal 0.740937 -0.671574 0
    outer loop
      vertex 6.48789 -6.22723 0.599999
      vertex 6.36396 -6.36396 7.4
      vertex 6.36396 -6.36396 0.599999
    endloop
  endfacet
  facet normal 0.671558 -0.740952 0
    outer loop
      vertex 5.70954 -6.95709 0.599999
      vertex 6.36396 -6.36396 7.4
      vertex 5.70954 -6.95709 7.4
    endloop
  endfacet
  facet normal 0.671558 -0.740952 0
    outer loop
      vertex 6.36396 -6.36396 7.4
      vertex 5.70954 -6.95709 0.599999
      vertex 6.36396 -6.36396 0.599999
    endloop
  endfacet
  facet normal 0.421478 0.568288 -0.706685
    outer loop
      vertex 5.70954 6.95709 0.599999
      vertex 4.72436 6.98284 0.0331291
      vertex 5.00933 7.47641 0.599999
    endloop
  endfacet
  facet normal 0.903987 -0.42756 0
    outer loop
      vertex 7.93729 -4.24257 7.4
      vertex 8.22585 -3.63247 0.599999
      vertex 8.22585 -3.63247 7.4
    endloop
  endfacet
  facet normal 0.903987 -0.42756 0
    outer loop
      vertex 8.22585 -3.63247 0.599999
      vertex 7.93729 -4.24257 7.4
      vertex 7.93729 -4.24257 0.599999
    endloop
  endfacet
  facet normal 0.568299 0.421465 -0.706685
    outer loop
      vertex 6.97385 5.06851 0.231149
      vertex 7.48323 5.00013 0.599999
      vertex 6.98434 4.66679 0
    endloop
  endfacet
  facet normal 0.568296 0.421485 -0.706676
    outer loop
      vertex 7.48323 5.00013 0.599999
      vertex 6.97385 5.06851 0.231149
      vertex 7.25657 5.30574 0.599999
    endloop
  endfacet
  facet normal -0.0347185 -0.70668 0.70668
    outer loop
      vertex 0 -8.4 8
      vertex -0.823343 -8.35955 8
      vertex 0 -9 7.4
    endloop
  endfacet
  facet normal 0.103856 -0.69977 0.706779
    outer loop
      vertex 0.863703 -8.35356 8
      vertex 0.823343 -8.35955 8
      vertex 0.868775 -8.38233 7.97077
    endloop
  endfacet
  facet normal 0.639599 0.302512 0.706682
    outer loop
      vertex 7.93729 4.24257 7.4
      vertex 7.80617 3.47972 7.84523
      vertex 8.22585 3.63247 7.4
    endloop
  endfacet
  facet normal 0.706681 -0.0347101 0.706681
    outer loop
      vertex 8.37052 -0.599999 8
      vertex 8.35955 -0.823343 8
      vertex 8.53328 -0.599999 7.83724
    endloop
  endfacet
  facet normal 0.336882 -0.941547 0
    outer loop
      vertex 2.61256 -8.61246 0.599999
      vertex 3.44415 -8.31492 7.4
      vertex 2.61256 -8.61246 7.4
    endloop
  endfacet
  facet normal 0.336882 -0.941547 0
    outer loop
      vertex 3.44415 -8.31492 7.4
      vertex 2.61256 -8.61246 0.599999
      vertex 3.44415 -8.31492 0.599999
    endloop
  endfacet
  facet normal 0.475147 0.52425 -0.70668
    outer loop
      vertex 5.9397 5.9397 0
      vertex 5.3289 6.49329 0
      vertex 5.70954 6.95709 0.599999
    endloop
  endfacet
  facet normal 0.302512 0.639599 -0.706682
    outer loop
      vertex 3.6648 7.54763 0
      vertex 3.21454 7.76059 0
      vertex 3.85091 7.86997 0.37141
    endloop
  endfacet
  facet normal -0.238361 -0.666176 0.706678
    outer loop
      vertex -2.43839 -8.0383 8
      vertex -3.21454 -7.76059 8
      vertex -2.61256 -8.61246 7.4
    endloop
  endfacet
  facet normal -0.42756 -0.903987 0
    outer loop
      vertex -3.96545 -8.06836 0.599999
      vertex -3.44415 -8.31492 7.4
      vertex -3.96545 -8.06836 7.4
    endloop
  endfacet
  facet normal -0.42756 -0.903987 -0
    outer loop
      vertex -3.44415 -8.31492 7.4
      vertex -3.96545 -8.06836 0.599999
      vertex -3.44415 -8.31492 0.599999
    endloop
  endfacet
  facet normal 0.302512 -0.639599 0.706682
    outer loop
      vertex 3.6648 -7.54763 8
      vertex 3.21454 -7.76059 8
      vertex 3.85091 -7.86997 7.62859
    endloop
  endfacet
  facet normal 0.336882 0.941547 -0
    outer loop
      vertex 3.44415 8.31492 0.599999
      vertex 2.61256 8.61246 7.4
      vertex 3.44415 8.31492 7.4
    endloop
  endfacet
  facet normal 0.336882 0.941547 0
    outer loop
      vertex 2.61256 8.61246 7.4
      vertex 3.44415 8.31492 0.599999
      vertex 2.61256 8.61246 0.599999
    endloop
  endfacet
  facet normal -0.524255 0.475147 0.706677
    outer loop
      vertex -6.36396 6.36396 7.4
      vertex -6.10158 5.90308 7.90453
      vertex -5.9397 5.9397 8
    endloop
  endfacet
  facet normal -0.524237 0.475161 0.706681
    outer loop
      vertex -6.10158 5.90308 7.90453
      vertex -6.36396 6.36396 7.4
      vertex -6.48789 6.22723 7.4
    endloop
  endfacet
  facet normal -0.171917 0.686329 0.70668
    outer loop
      vertex -2.09632 8.43358 7.69932
      vertex -2.43839 8.0383 8
      vertex -2.04404 8.13708 8
    endloop
  endfacet
  facet normal -0.639598 -0.302504 0.706687
    outer loop
      vertex -7.80617 -3.47972 7.84523
      vertex -7.40814 -3.95973 8
      vertex -7.66028 -3.42662 8
    endloop
  endfacet
  facet normal -0.639602 -0.302511 0.70668
    outer loop
      vertex -7.40814 -3.95973 8
      vertex -7.80617 -3.47972 7.84523
      vertex -7.93729 -4.24257 7.4
    endloop
  endfacet
  facet normal -0.686335 0.171919 -0.706674
    outer loop
      vertex -8.2386 1.63876 0
      vertex -8.16129 2.33196 0.0935557
      vertex -8.07301 2.29983 0
    endloop
  endfacet
  facet normal -0.686329 0.171919 -0.70668
    outer loop
      vertex -8.16129 2.33196 0.0935557
      vertex -8.2386 1.63876 0
      vertex -8.82707 1.75581 0.599999
    endloop
  endfacet
  facet normal -0.706681 0.0347133 -0.706681
    outer loop
      vertex -8.53328 0.599999 0.162759
      vertex -8.95666 0.882154 0.599999
      vertex -8.35955 0.823343 0
    endloop
  endfacet
  facet normal -0.706681 0.0347135 -0.706681
    outer loop
      vertex -8.95666 0.882154 0.599999
      vertex -8.53328 0.599999 0.162759
      vertex -8.97052 0.599999 0.599999
    endloop
  endfacet
  facet normal -0.686327 -0.171918 0.706682
    outer loop
      vertex -8.16129 -2.33196 7.90644
      vertex -8.82707 -1.75581 7.4
      vertex -8.63918 -2.5059 7.4
    endloop
  endfacet
  facet normal -0.706681 -0.0347135 0.706681
    outer loop
      vertex -8.95666 -0.882154 7.4
      vertex -8.53328 -0.599999 7.83724
      vertex -8.97052 -0.599999 7.4
    endloop
  endfacet
  facet normal -0.706681 -0.0347112 0.70668
    outer loop
      vertex -8.53328 -0.599999 7.83724
      vertex -8.95666 -0.882154 7.4
      vertex -8.35955 -0.823343 8
    endloop
  endfacet
  facet normal 0.639602 0.302511 0.70668
    outer loop
      vertex 7.40814 3.95973 8
      vertex 7.80617 3.47972 7.84523
      vertex 7.93729 4.24257 7.4
    endloop
  endfacet
  facet normal 0.639598 0.302504 0.706687
    outer loop
      vertex 7.80617 3.47972 7.84523
      vertex 7.40814 3.95973 8
      vertex 7.66028 3.42662 8
    endloop
  endfacet
  facet normal -0.671558 -0.740952 0
    outer loop
      vertex -6.36396 -6.36396 0.599999
      vertex -5.70954 -6.95709 7.4
      vertex -6.36396 -6.36396 7.4
    endloop
  endfacet
  facet normal -0.671558 -0.740952 -0
    outer loop
      vertex -5.70954 -6.95709 7.4
      vertex -6.36396 -6.36396 0.599999
      vertex -5.70954 -6.95709 0.599999
    endloop
  endfacet
  facet normal 0.60687 0.363748 -0.70668
    outer loop
      vertex 7.40814 3.95973 0
      vertex 6.98434 4.66679 0
      vertex 7.93729 4.24257 0.599999
    endloop
  endfacet
  facet normal -0.903987 -0.42756 0
    outer loop
      vertex -7.93729 -4.24257 0.599999
      vertex -8.22585 -3.63247 7.4
      vertex -8.22585 -3.63247 0.599999
    endloop
  endfacet
  facet normal -0.903987 -0.42756 0
    outer loop
      vertex -8.22585 -3.63247 7.4
      vertex -7.93729 -4.24257 0.599999
      vertex -7.93729 -4.24257 7.4
    endloop
  endfacet
  facet normal 0.421475 0.568298 -0.706679
    outer loop
      vertex 5.3289 6.49329 0
      vertex 4.72436 6.98284 0.0331291
      vertex 5.70954 6.95709 0.599999
    endloop
  endfacet
  facet normal 0.421462 0.568283 -0.706699
    outer loop
      vertex 4.72436 6.98284 0.0331291
      vertex 5.3289 6.49329 0
      vertex 4.70771 6.95399 0
    endloop
  endfacet
  facet normal 0.706679 0.03471 -0.706683
    outer loop
      vertex 8.37052 0.599999 0
      vertex 8.35955 0.823343 0
      vertex 8.53328 0.599999 0.162759
    endloop
  endfacet
  facet normal -0.639599 0.302512 -0.706682
    outer loop
      vertex -7.80617 3.47972 0.154769
      vertex -8.22585 3.63247 0.599999
      vertex -7.93729 4.24257 0.599999
    endloop
  endfacet
  facet normal -0.60687 0.36374 0.706684
    outer loop
      vertex -7.48323 5.00013 7.4
      vertex -7.93729 4.24257 7.4
      vertex -6.98434 4.66679 8
    endloop
  endfacet
  facet normal -0.803202 0.595706 0
    outer loop
      vertex -7.48323 5.00013 0.599999
      vertex -7.25657 5.30574 7.4
      vertex -7.25657 5.30574 0.599999
    endloop
  endfacet
  facet normal -0.803202 0.595706 0
    outer loop
      vertex -7.25657 5.30574 7.4
      vertex -7.48323 5.00013 0.599999
      vertex -7.48323 5.00013 7.4
    endloop
  endfacet
  facet normal -0.17192 -0.68633 0.706678
    outer loop
      vertex -2.61256 -8.61246 7.4
      vertex -2.09632 -8.43358 7.69932
      vertex -2.43839 -8.0383 8
    endloop
  endfacet
  facet normal -0.171925 -0.686325 0.706683
    outer loop
      vertex -2.09632 -8.43358 7.69932
      vertex -2.61256 -8.61246 7.4
      vertex -2.14837 -8.72874 7.4
    endloop
  endfacet
  facet normal -0.0347185 -0.70668 -0.706681
    outer loop
      vertex 0 -9 0.599999
      vertex -0.823343 -8.35955 0
      vertex 0 -8.4 0
    endloop
  endfacet
  facet normal -0.475151 0.52425 -0.706678
    outer loop
      vertex -5.9397 5.9397 0
      vertex -6.36396 6.36396 0.599999
      vertex -5.70954 6.95709 0.599999
    endloop
  endfacet
  facet normal -0.524246 0.475155 -0.706678
    outer loop
      vertex -6.10158 5.90308 0.0954675
      vertex -6.36396 6.36396 0.599999
      vertex -5.9397 5.9397 0
    endloop
  endfacet
  facet normal -0.524238 0.475162 -0.706679
    outer loop
      vertex -6.36396 6.36396 0.599999
      vertex -6.10158 5.90308 0.0954675
      vertex -6.48789 6.22723 0.599999
    endloop
  endfacet
  facet normal 0.60687 0.363748 0.70668
    outer loop
      vertex 7.93729 4.24257 7.4
      vertex 6.98434 4.66679 8
      vertex 7.40814 3.95973 8
    endloop
  endfacet
  facet normal 0.60687 0.36374 0.706684
    outer loop
      vertex 7.48323 5.00013 7.4
      vertex 6.98434 4.66679 8
      vertex 7.93729 4.24257 7.4
    endloop
  endfacet
  facet normal -0.421462 -0.568283 -0.706699
    outer loop
      vertex -4.72436 -6.98284 0.0331291
      vertex -5.3289 -6.49329 0
      vertex -4.70771 -6.95399 0
    endloop
  endfacet
  facet normal -0.421475 -0.568298 -0.706679
    outer loop
      vertex -5.3289 -6.49329 0
      vertex -4.72436 -6.98284 0.0331291
      vertex -5.70954 -6.95709 0.599999
    endloop
  endfacet
  facet normal 0.606869 -0.36374 -0.706685
    outer loop
      vertex 7.48323 -5.00013 0.599999
      vertex 6.98434 -4.66679 0
      vertex 7.93729 -4.24257 0.599999
    endloop
  endfacet
  facet normal 0.475147 -0.52425 -0.70668
    outer loop
      vertex 5.70954 -6.95709 0.599999
      vertex 5.3289 -6.49329 0
      vertex 5.9397 -5.9397 0
    endloop
  endfacet
  facet normal 0.524238 -0.475162 -0.706679
    outer loop
      vertex 6.36396 -6.36396 0.599999
      vertex 6.10158 -5.90308 0.0954675
      vertex 6.48789 -6.22723 0.599999
    endloop
  endfacet
  facet normal 0.524246 -0.475155 -0.706678
    outer loop
      vertex 6.10158 -5.90308 0.0954675
      vertex 6.36396 -6.36396 0.599999
      vertex 5.9397 -5.9397 0
    endloop
  endfacet
  facet normal 0.803202 0.595706 0
    outer loop
      vertex 7.48323 5.00013 7.4
      vertex 7.25657 5.30574 0.599999
      vertex 7.25657 5.30574 7.4
    endloop
  endfacet
  facet normal 0.803202 0.595706 0
    outer loop
      vertex 7.25657 5.30574 0.599999
      vertex 7.48323 5.00013 7.4
      vertex 7.48323 5.00013 0.599999
    endloop
  endfacet
  facet normal 0.686327 0.171918 0.706682
    outer loop
      vertex 8.63918 2.5059 7.4
      vertex 8.16129 2.33196 7.90644
      vertex 8.82707 1.75581 7.4
    endloop
  endfacet
  facet normal 0.671558 0.740952 -0
    outer loop
      vertex 6.36396 6.36396 0.599999
      vertex 5.70954 6.95709 7.4
      vertex 6.36396 6.36396 7.4
    endloop
  endfacet
  facet normal 0.671558 0.740952 0
    outer loop
      vertex 5.70954 6.95709 7.4
      vertex 6.36396 6.36396 0.599999
      vertex 5.70954 6.95709 0.599999
    endloop
  endfacet
  facet normal -0.686351 -0.171923 0.706658
    outer loop
      vertex -8.2386 -1.63876 8
      vertex -8.16129 -2.33196 7.90644
      vertex -8.07301 -2.29983 8
    endloop
  endfacet
  facet normal -0.686329 -0.171923 0.706679
    outer loop
      vertex -8.16129 -2.33196 7.90644
      vertex -8.2386 -1.63876 8
      vertex -8.82707 -1.75581 7.4
    endloop
  endfacet
  facet normal 0.60687 -0.36374 0.706684
    outer loop
      vertex 7.93729 -4.24257 7.4
      vertex 6.98434 -4.66679 8
      vertex 7.48323 -5.00013 7.4
    endloop
  endfacet
  facet normal 0.421475 0.568299 0.706679
    outer loop
      vertex 4.72436 6.98284 7.96687
      vertex 5.3289 6.49329 8
      vertex 5.70954 6.95709 7.4
    endloop
  endfacet
  facet normal 0.421468 0.568291 0.70669
    outer loop
      vertex 5.3289 6.49329 8
      vertex 4.72436 6.98284 7.96687
      vertex 4.70771 6.95399 8
    endloop
  endfacet
  facet normal 0.421479 0.568288 0.706685
    outer loop
      vertex 5.00933 7.47641 7.4
      vertex 4.72436 6.98284 7.96687
      vertex 5.70954 6.95709 7.4
    endloop
  endfacet
  facet normal 0.989177 -0.146725 0
    outer loop
      vertex 8.82707 -1.75581 7.4
      vertex 8.95666 -0.882154 0.599999
      vertex 8.95666 -0.882154 7.4
    endloop
  endfacet
  facet normal 0.989177 -0.146725 0
    outer loop
      vertex 8.95666 -0.882154 0.599999
      vertex 8.82707 -1.75581 7.4
      vertex 8.82707 -1.75581 0.599999
    endloop
  endfacet
  facet normal -0.686327 0.171918 0.706682
    outer loop
      vertex -8.63918 2.5059 7.4
      vertex -8.82707 1.75581 7.4
      vertex -8.16129 2.33196 7.90644
    endloop
  endfacet
  facet normal 0.699877 0.103812 0.706679
    outer loop
      vertex 8.82707 1.75581 7.4
      vertex 8.2386 1.63876 8
      vertex 8.35955 0.823343 8
    endloop
  endfacet
  facet normal 0.639599 -0.302512 0.706682
    outer loop
      vertex 8.22585 -3.63247 7.4
      vertex 7.80617 -3.47972 7.84523
      vertex 7.93729 -4.24257 7.4
    endloop
  endfacet
  facet normal 0.103862 0.699808 -0.70674
    outer loop
      vertex 0.863703 8.35356 0
      vertex 0.823343 8.35955 0
      vertex 0.868775 8.38233 0.0292332
    endloop
  endfacet
  facet normal 0.568296 -0.421466 -0.706687
    outer loop
      vertex 6.97385 -5.06851 0.231149
      vertex 6.79667 -4.91984 0
      vertex 6.98434 -4.66679 0
    endloop
  endfacet
  facet normal 0.60687 -0.363748 0.70668
    outer loop
      vertex 7.40814 -3.95973 8
      vertex 6.98434 -4.66679 8
      vertex 7.93729 -4.24257 7.4
    endloop
  endfacet
  facet normal 0.639602 -0.302511 -0.70668
    outer loop
      vertex 7.40814 -3.95973 0
      vertex 7.80617 -3.47972 0.154769
      vertex 7.93729 -4.24257 0.599999
    endloop
  endfacet
  facet normal 0.639596 -0.302503 -0.706689
    outer loop
      vertex 7.80617 -3.47972 0.154769
      vertex 7.40814 -3.95973 0
      vertex 7.66028 -3.42662 0
    endloop
  endfacet
  facet normal -0.706679 0.03471 -0.706683
    outer loop
      vertex -8.37052 0.599999 0
      vertex -8.53328 0.599999 0.162759
      vertex -8.35955 0.823343 0
    endloop
  endfacet
  facet normal 0.52425 0.475122 -0.706697
    outer loop
      vertex 6.02848 5.84174 0
      vertex 5.9397 5.9397 0
      vertex 6.10158 5.90308 0.0954675
    endloop
  endfacet
  facet normal 0.639596 0.302503 -0.706689
    outer loop
      vertex 7.40814 3.95973 0
      vertex 7.80617 3.47972 0.154769
      vertex 7.66028 3.42662 0
    endloop
  endfacet
  facet normal 0.639602 0.302511 -0.70668
    outer loop
      vertex 7.80617 3.47972 0.154769
      vertex 7.40814 3.95973 0
      vertex 7.93729 4.24257 0.599999
    endloop
  endfacet
  facet normal 0.568297 0.421467 0.706685
    outer loop
      vertex 6.97385 5.06851 7.76885
      vertex 6.79667 4.91984 8
      vertex 6.98434 4.66679 8
    endloop
  endfacet
  facet normal 0.242993 -0.970028 0
    outer loop
      vertex 2.14837 -8.72874 0.599999
      vertex 2.61256 -8.61246 7.4
      vertex 2.14837 -8.72874 7.4
    endloop
  endfacet
  facet normal 0.242993 -0.970028 0
    outer loop
      vertex 2.61256 -8.61246 7.4
      vertex 2.14837 -8.72874 0.599999
      vertex 2.61256 -8.61246 0.599999
    endloop
  endfacet
  facet normal 0.171919 0.686334 -0.706675
    outer loop
      vertex 2.43839 8.0383 0
      vertex 2.04404 8.13708 0
      vertex 2.09632 8.43358 0.300684
    endloop
  endfacet
  facet normal -0.171917 -0.686329 0.70668
    outer loop
      vertex -2.04404 -8.13708 8
      vertex -2.43839 -8.0383 8
      vertex -2.09632 -8.43358 7.69932
    endloop
  endfacet
  facet normal 0.146673 -0.989185 0
    outer loop
      vertex 0.882154 -8.95666 0.599999
      vertex 0.967805 -8.94396 7.4
      vertex 0.882154 -8.95666 7.4
    endloop
  endfacet
  facet normal 0.146673 -0.989185 0
    outer loop
      vertex 0.967805 -8.94396 7.4
      vertex 0.882154 -8.95666 0.599999
      vertex 0.967805 -8.94396 0.599999
    endloop
  endfacet
  facet normal 0.686327 -0.171918 0.706682
    outer loop
      vertex 8.82707 -1.75581 7.4
      vertex 8.16129 -2.33196 7.90644
      vertex 8.63918 -2.5059 7.4
    endloop
  endfacet
  facet normal 0.42756 0.903987 -0
    outer loop
      vertex 3.96545 8.06836 0.599999
      vertex 3.44415 8.31492 7.4
      vertex 3.96545 8.06836 7.4
    endloop
  endfacet
  facet normal 0.42756 0.903987 0
    outer loop
      vertex 3.44415 8.31492 7.4
      vertex 3.96545 8.06836 0.599999
      vertex 3.44415 8.31492 0.599999
    endloop
  endfacet
  facet normal -0.421462 0.568283 -0.706699
    outer loop
      vertex -5.3289 6.49329 0
      vertex -4.72436 6.98284 0.0331291
      vertex -4.70771 6.95399 0
    endloop
  endfacet
  facet normal -0.421475 0.568298 -0.706679
    outer loop
      vertex -4.72436 6.98284 0.0331291
      vertex -5.3289 6.49329 0
      vertex -5.70954 6.95709 0.599999
    endloop
  endfacet
  facet normal 0.639599 -0.302512 -0.706682
    outer loop
      vertex 7.93729 -4.24257 0.599999
      vertex 7.80617 -3.47972 0.154769
      vertex 8.22585 -3.63247 0.599999
    endloop
  endfacet
  facet normal -0.302512 0.639599 -0.706682
    outer loop
      vertex -3.6648 7.54763 0
      vertex -3.85091 7.86997 0.37141
      vertex -3.21454 7.76059 0
    endloop
  endfacet
  facet normal -0.568296 -0.421466 -0.706687
    outer loop
      vertex -6.97385 -5.06851 0.231149
      vertex -6.98434 -4.66679 0
      vertex -6.79667 -4.91984 0
    endloop
  endfacet
  facet normal -0.421468 0.568291 0.70669
    outer loop
      vertex -4.72436 6.98284 7.96687
      vertex -5.3289 6.49329 8
      vertex -4.70771 6.95399 8
    endloop
  endfacet
  facet normal -0.421475 0.568299 0.706679
    outer loop
      vertex -5.3289 6.49329 8
      vertex -4.72436 6.98284 7.96687
      vertex -5.70954 6.95709 7.4
    endloop
  endfacet
  facet normal -0.699876 0.103812 -0.70668
    outer loop
      vertex -8.35955 0.823343 0
      vertex -8.82707 1.75581 0.599999
      vertex -8.2386 1.63876 0
    endloop
  endfacet
  facet normal -0.970031 -0.242983 0
    outer loop
      vertex -8.63918 -2.5059 0.599999
      vertex -8.82707 -1.75581 7.4
      vertex -8.82707 -1.75581 0.599999
    endloop
  endfacet
  facet normal -0.970031 -0.242983 0
    outer loop
      vertex -8.82707 -1.75581 7.4
      vertex -8.63918 -2.5059 0.599999
      vertex -8.63918 -2.5059 7.4
    endloop
  endfacet
  facet normal -0.606869 -0.36374 -0.706685
    outer loop
      vertex -7.48323 -5.00013 0.599999
      vertex -7.93729 -4.24257 0.599999
      vertex -6.98434 -4.66679 0
    endloop
  endfacet
  facet normal -0.568297 0.421467 0.706685
    outer loop
      vertex -6.97385 5.06851 7.76885
      vertex -6.98434 4.66679 8
      vertex -6.79667 4.91984 8
    endloop
  endfacet
  facet normal -0.989177 0.146725 0
    outer loop
      vertex -8.95666 0.882154 0.599999
      vertex -8.82707 1.75581 7.4
      vertex -8.82707 1.75581 0.599999
    endloop
  endfacet
  facet normal -0.989177 0.146725 0
    outer loop
      vertex -8.82707 1.75581 7.4
      vertex -8.95666 0.882154 0.599999
      vertex -8.95666 0.882154 7.4
    endloop
  endfacet
  facet normal -0.568296 0.421485 0.706676
    outer loop
      vertex -7.48323 5.00013 7.4
      vertex -6.97385 5.06851 7.76885
      vertex -7.25657 5.30574 7.4
    endloop
  endfacet
  facet normal -0.568299 0.421466 0.706684
    outer loop
      vertex -6.97385 5.06851 7.76885
      vertex -7.48323 5.00013 7.4
      vertex -6.98434 4.66679 8
    endloop
  endfacet
  facet normal -0.568299 0.421465 -0.706685
    outer loop
      vertex -7.48323 5.00013 0.599999
      vertex -6.97385 5.06851 0.231149
      vertex -6.98434 4.66679 0
    endloop
  endfacet
  facet normal -0.568296 0.421485 -0.706676
    outer loop
      vertex -6.97385 5.06851 0.231149
      vertex -7.48323 5.00013 0.599999
      vertex -7.25657 5.30574 0.599999
    endloop
  endfacet
  facet normal 0.568296 -0.421485 -0.706676
    outer loop
      vertex 6.97385 -5.06851 0.231149
      vertex 7.48323 -5.00013 0.599999
      vertex 7.25657 -5.30574 0.599999
    endloop
  endfacet
  facet normal 0.568299 -0.421465 -0.706685
    outer loop
      vertex 7.48323 -5.00013 0.599999
      vertex 6.97385 -5.06851 0.231149
      vertex 6.98434 -4.66679 0
    endloop
  endfacet
  facet normal -0.671558 0.740952 0
    outer loop
      vertex -5.70954 6.95709 0.599999
      vertex -6.36396 6.36396 7.4
      vertex -5.70954 6.95709 7.4
    endloop
  endfacet
  facet normal -0.671558 0.740952 0
    outer loop
      vertex -6.36396 6.36396 7.4
      vertex -5.70954 6.95709 0.599999
      vertex -6.36396 6.36396 0.599999
    endloop
  endfacet
  facet normal -0.740937 0.671574 0
    outer loop
      vertex -6.48789 6.22723 0.599999
      vertex -6.36396 6.36396 7.4
      vertex -6.36396 6.36396 0.599999
    endloop
  endfacet
  facet normal -0.740937 0.671574 0
    outer loop
      vertex -6.36396 6.36396 7.4
      vertex -6.48789 6.22723 0.599999
      vertex -6.48789 6.22723 7.4
    endloop
  endfacet
  facet normal -0.706681 0.0347135 0.706681
    outer loop
      vertex -8.53328 0.599999 7.83724
      vertex -8.95666 0.882154 7.4
      vertex -8.97052 0.599999 7.4
    endloop
  endfacet
  facet normal -0.706681 0.0347112 0.70668
    outer loop
      vertex -8.95666 0.882154 7.4
      vertex -8.53328 0.599999 7.83724
      vertex -8.35955 0.823343 8
    endloop
  endfacet
  facet normal -0.699877 0.103812 0.706679
    outer loop
      vertex -8.2386 1.63876 8
      vertex -8.82707 1.75581 7.4
      vertex -8.35955 0.823343 8
    endloop
  endfacet
  facet normal -0.524246 -0.475155 -0.706678
    outer loop
      vertex -6.36396 -6.36396 0.599999
      vertex -6.10158 -5.90308 0.0954675
      vertex -5.9397 -5.9397 0
    endloop
  endfacet
  facet normal -0.524238 -0.475162 -0.706679
    outer loop
      vertex -6.10158 -5.90308 0.0954675
      vertex -6.36396 -6.36396 0.599999
      vertex -6.48789 -6.22723 0.599999
    endloop
  endfacet
  facet normal -0.740937 -0.671574 0
    outer loop
      vertex -6.36396 -6.36396 0.599999
      vertex -6.48789 -6.22723 7.4
      vertex -6.48789 -6.22723 0.599999
    endloop
  endfacet
  facet normal -0.740937 -0.671574 0
    outer loop
      vertex -6.48789 -6.22723 7.4
      vertex -6.36396 -6.36396 0.599999
      vertex -6.36396 -6.36396 7.4
    endloop
  endfacet
  facet normal -0.475147 -0.524251 0.706679
    outer loop
      vertex -5.3289 -6.49329 8
      vertex -5.9397 -5.9397 8
      vertex -5.70954 -6.95709 7.4
    endloop
  endfacet
  facet normal -0.475152 -0.52425 0.706677
    outer loop
      vertex -5.9397 -5.9397 8
      vertex -6.36396 -6.36396 7.4
      vertex -5.70954 -6.95709 7.4
    endloop
  endfacet
  facet normal -0.595706 -0.803203 0
    outer loop
      vertex -5.70954 -6.95709 0.599999
      vertex -5.00933 -7.47641 7.4
      vertex -5.70954 -6.95709 7.4
    endloop
  endfacet
  facet normal -0.595706 -0.803203 -0
    outer loop
      vertex -5.00933 -7.47641 7.4
      vertex -5.70954 -6.95709 0.599999
      vertex -5.00933 -7.47641 0.599999
    endloop
  endfacet
  facet normal 0.639598 -0.302504 0.706687
    outer loop
      vertex 7.40814 -3.95973 8
      vertex 7.80617 -3.47972 7.84523
      vertex 7.66028 -3.42662 8
    endloop
  endfacet
  facet normal 0.639602 -0.302511 0.70668
    outer loop
      vertex 7.80617 -3.47972 7.84523
      vertex 7.40814 -3.95973 8
      vertex 7.93729 -4.24257 7.4
    endloop
  endfacet
  facet normal 0.475147 -0.524251 0.706679
    outer loop
      vertex 5.9397 -5.9397 8
      vertex 5.3289 -6.49329 8
      vertex 5.70954 -6.95709 7.4
    endloop
  endfacet
  facet normal 0.706681 -0.0347112 0.70668
    outer loop
      vertex 8.95666 -0.882154 7.4
      vertex 8.53328 -0.599999 7.83724
      vertex 8.35955 -0.823343 8
    endloop
  endfacet
  facet normal 0.706681 -0.0347135 0.706681
    outer loop
      vertex 8.53328 -0.599999 7.83724
      vertex 8.95666 -0.882154 7.4
      vertex 8.97052 -0.599999 7.4
    endloop
  endfacet
  facet normal 0.970031 0.242983 0
    outer loop
      vertex 8.82707 1.75581 7.4
      vertex 8.63918 2.5059 0.599999
      vertex 8.63918 2.5059 7.4
    endloop
  endfacet
  facet normal 0.970031 0.242983 0
    outer loop
      vertex 8.63918 2.5059 0.599999
      vertex 8.82707 1.75581 7.4
      vertex 8.82707 1.75581 0.599999
    endloop
  endfacet
  facet normal 0.171917 -0.686329 0.70668
    outer loop
      vertex 2.43839 -8.0383 8
      vertex 2.04404 -8.13708 8
      vertex 2.09632 -8.43358 7.69932
    endloop
  endfacet
  facet normal 0.706681 0.0347112 0.70668
    outer loop
      vertex 8.53328 0.599999 7.83724
      vertex 8.95666 0.882154 7.4
      vertex 8.35955 0.823343 8
    endloop
  endfacet
  facet normal 0.706681 0.0347135 0.706681
    outer loop
      vertex 8.95666 0.882154 7.4
      vertex 8.53328 0.599999 7.83724
      vertex 8.97052 0.599999 7.4
    endloop
  endfacet
  facet normal 0.699875 0.103813 -0.706681
    outer loop
      vertex 8.95666 0.882154 0.599999
      vertex 8.35955 0.823343 0
      vertex 8.82707 1.75581 0.599999
    endloop
  endfacet
  facet normal 0.706681 0.0347135 -0.706681
    outer loop
      vertex 8.53328 0.599999 0.162759
      vertex 8.95666 0.882154 0.599999
      vertex 8.97052 0.599999 0.599999
    endloop
  endfacet
  facet normal 0.706681 0.0347133 -0.706681
    outer loop
      vertex 8.95666 0.882154 0.599999
      vertex 8.53328 0.599999 0.162759
      vertex 8.35955 0.823343 0
    endloop
  endfacet
  facet normal 0.238355 0.666174 -0.706682
    outer loop
      vertex 3.21454 7.76059 0
      vertex 2.61256 8.61246 0.599999
      vertex 3.44415 8.31492 0.599999
    endloop
  endfacet
  facet normal 0.034719 0.70668 -0.706681
    outer loop
      vertex 0.823343 8.35955 0
      vertex 0 9 0.599999
      vertex 0.882154 8.95666 0.599999
    endloop
  endfacet
  facet normal 0.568296 0.421466 -0.706687
    outer loop
      vertex 6.98434 4.66679 0
      vertex 6.79667 4.91984 0
      vertex 6.97385 5.06851 0.231149
    endloop
  endfacet
  facet normal -0.103862 0.699808 -0.70674
    outer loop
      vertex -0.863703 8.35356 0
      vertex -0.868775 8.38233 0.0292332
      vertex -0.823343 8.35955 0
    endloop
  endfacet
  facet normal 0.699876 -0.103812 -0.70668
    outer loop
      vertex 8.82707 -1.75581 0.599999
      vertex 8.2386 -1.63876 0
      vertex 8.35955 -0.823343 0
    endloop
  endfacet
  facet normal 0.606869 0.36374 -0.706685
    outer loop
      vertex 7.93729 4.24257 0.599999
      vertex 6.98434 4.66679 0
      vertex 7.48323 5.00013 0.599999
    endloop
  endfacet
  facet normal -0.302512 -0.639599 -0.706682
    outer loop
      vertex -3.44415 -8.31492 0.599999
      vertex -3.85091 -7.86997 0.37141
      vertex -3.21454 -7.76059 0
    endloop
  endfacet
  facet normal -0.302512 -0.639599 -0.706682
    outer loop
      vertex -3.85091 -7.86997 0.37141
      vertex -3.44415 -8.31492 0.599999
      vertex -3.96545 -8.06836 0.599999
    endloop
  endfacet
  facet normal -0.034719 -0.70668 -0.706681
    outer loop
      vertex 0 -9 0.599999
      vertex -0.882154 -8.95666 0.599999
      vertex -0.823343 -8.35955 0
    endloop
  endfacet
  facet normal 0.699875 -0.103813 -0.706681
    outer loop
      vertex 8.82707 -1.75581 0.599999
      vertex 8.35955 -0.823343 0
      vertex 8.95666 -0.882154 0.599999
    endloop
  endfacet
  facet normal 0.903987 0.42756 0
    outer loop
      vertex 8.22585 3.63247 7.4
      vertex 7.93729 4.24257 0.599999
      vertex 7.93729 4.24257 7.4
    endloop
  endfacet
  facet normal 0.903987 0.42756 0
    outer loop
      vertex 7.93729 4.24257 0.599999
      vertex 8.22585 3.63247 7.4
      vertex 8.22585 3.63247 0.599999
    endloop
  endfacet
  facet normal 0.699876 0.103812 -0.70668
    outer loop
      vertex 8.35955 0.823343 0
      vertex 8.2386 1.63876 0
      vertex 8.82707 1.75581 0.599999
    endloop
  endfacet
  facet normal 0.171919 -0.686334 -0.706675
    outer loop
      vertex 2.09632 -8.43358 0.300684
      vertex 2.04404 -8.13708 0
      vertex 2.43839 -8.0383 0
    endloop
  endfacet
  facet normal 0.103862 -0.699808 -0.70674
    outer loop
      vertex 0.868775 -8.38233 0.0292332
      vertex 0.823343 -8.35955 0
      vertex 0.863703 -8.35356 0
    endloop
  endfacet
  facet normal -0.171923 -0.686319 -0.706689
    outer loop
      vertex -2.61256 -8.61246 0.599999
      vertex -2.09632 -8.43358 0.300684
      vertex -2.14837 -8.72874 0.599999
    endloop
  endfacet
  facet normal -0.171913 -0.686332 -0.706678
    outer loop
      vertex -2.09632 -8.43358 0.300684
      vertex -2.61256 -8.61246 0.599999
      vertex -2.43839 -8.0383 0
    endloop
  endfacet
  facet normal 0.0347185 -0.70668 -0.706681
    outer loop
      vertex 0.823343 -8.35955 0
      vertex 0 -9 0.599999
      vertex 0 -8.4 0
    endloop
  endfacet
  facet normal -0.146673 -0.989185 0
    outer loop
      vertex -0.967805 -8.94396 0.599999
      vertex -0.882154 -8.95666 7.4
      vertex -0.967805 -8.94396 7.4
    endloop
  endfacet
  facet normal -0.146673 -0.989185 -0
    outer loop
      vertex -0.882154 -8.95666 7.4
      vertex -0.967805 -8.94396 0.599999
      vertex -0.882154 -8.95666 0.599999
    endloop
  endfacet
  facet normal -0.103736 -0.699885 0.706682
    outer loop
      vertex -0.868775 -8.38233 7.97077
      vertex -0.882154 -8.95666 7.4
      vertex -0.823343 -8.35955 8
    endloop
  endfacet
  facet normal -0.103776 -0.699882 0.70668
    outer loop
      vertex -0.882154 -8.95666 7.4
      vertex -0.868775 -8.38233 7.97077
      vertex -0.967805 -8.94396 7.4
    endloop
  endfacet
  facet normal -0.639596 -0.302503 -0.706689
    outer loop
      vertex -7.40814 -3.95973 0
      vertex -7.80617 -3.47972 0.154769
      vertex -7.66028 -3.42662 0
    endloop
  endfacet
  facet normal -0.639602 -0.302511 -0.70668
    outer loop
      vertex -7.80617 -3.47972 0.154769
      vertex -7.40814 -3.95973 0
      vertex -7.93729 -4.24257 0.599999
    endloop
  endfacet
  facet normal -0.706681 -0.0347133 -0.706681
    outer loop
      vertex -8.95666 -0.882154 0.599999
      vertex -8.53328 -0.599999 0.162759
      vertex -8.35955 -0.823343 0
    endloop
  endfacet
  facet normal -0.706681 -0.0347135 -0.706681
    outer loop
      vertex -8.53328 -0.599999 0.162759
      vertex -8.95666 -0.882154 0.599999
      vertex -8.97052 -0.599999 0.599999
    endloop
  endfacet
  facet normal -0 0 -1
    outer loop
      vertex 0.863703 -8.35356 0
      vertex 0.823343 -8.35955 0
      vertex 0.850395 -8.27809 0
    endloop
  endfacet
  facet normal 0 0 -1
    outer loop
      vertex 3.21454 -7.76059 0
      vertex 3.63038 -7.48801 0
      vertex 3.6648 -7.54763 0
    endloop
  endfacet
  facet normal 0 0 -1
    outer loop
      vertex 1.99761 -4.82265 0
      vertex 3.63038 -7.48801 0
      vertex 3.21454 -7.76059 0
    endloop
  endfacet
  facet normal 0 0 -1
    outer loop
      vertex 3.63038 -7.48801 0
      vertex 2.90008 -4.34027 0
      vertex 3.31153 -4.03511 0
    endloop
  endfacet
  facet normal 0 0 -1
    outer loop
      vertex 3.63038 -7.48801 0
      vertex 2.46069 -4.60363 0
      vertex 2.90008 -4.34027 0
    endloop
  endfacet
  facet normal 0 0 -1
    outer loop
      vertex 1.99761 -4.82265 0
      vertex 3.21454 -7.76059 0
      vertex 2.43839 -8.0383 0
    endloop
  endfacet
  facet normal 0 0 -1
    outer loop
      vertex 2.03216 -8.06971 0
      vertex 2.43839 -8.0383 0
      vertex 2.04404 -8.13708 0
    endloop
  endfacet
  facet normal 0 0 -1
    outer loop
      vertex 1.51529 -4.99523 0
      vertex 2.43839 -8.0383 0
      vertex 2.03216 -8.06971 0
    endloop
  endfacet
  facet normal 0 0 -1
    outer loop
      vertex 3.63038 -7.48801 0
      vertex 1.99761 -4.82265 0
      vertex 2.46069 -4.60363 0
    endloop
  endfacet
  facet normal 0 0 -1
    outer loop
      vertex 2.43839 -8.0383 0
      vertex 1.51529 -4.99523 0
      vertex 1.99761 -4.82265 0
    endloop
  endfacet
  facet normal 0 0 -1
    outer loop
      vertex 2.03216 -8.06971 0
      vertex 1.01837 -5.1197 0
      vertex 1.51529 -4.99523 0
    endloop
  endfacet
  facet normal 0 0 -1
    outer loop
      vertex 0.850395 -8.27809 0
      vertex 1.01837 -5.1197 0
      vertex 2.03216 -8.06971 0
    endloop
  endfacet
  facet normal 0 0 -1
    outer loop
      vertex 0 -8.4 0
      vertex 0.850395 -8.27809 0
      vertex 0.823343 -8.35955 0
    endloop
  endfacet
  facet normal 0 0 -1
    outer loop
      vertex 0.850395 -8.27809 0
      vertex 0.511649 -5.19486 0
      vertex 1.01837 -5.1197 0
    endloop
  endfacet
  facet normal 0 0 -1
    outer loop
      vertex 0 -5.22 0
      vertex 0.850395 -8.27809 0
      vertex 0 -8.4 0
    endloop
  endfacet
  facet normal 0 0 -1
    outer loop
      vertex 0.850395 -8.27809 0
      vertex 0 -5.22 0
      vertex 0.511649 -5.19486 0
    endloop
  endfacet
  facet normal 0 0 -1
    outer loop
      vertex -0.850395 -8.27809 0
      vertex 0 -5.22 0
      vertex 0 -8.4 0
    endloop
  endfacet
  facet normal 0 0 -1
    outer loop
      vertex -0.850395 -8.27809 0
      vertex 0 -8.4 0
      vertex -0.823343 -8.35955 0
    endloop
  endfacet
  facet normal -0 0 -1
    outer loop
      vertex 0 -5.22 0
      vertex -0.850395 -8.27809 0
      vertex -0.511649 -5.19486 0
    endloop
  endfacet
  facet normal 0 0 -1
    outer loop
      vertex -0.850395 -8.27809 0
      vertex -1.01837 -5.1197 0
      vertex -0.511649 -5.19486 0
    endloop
  endfacet
  facet normal 0 0 -1
    outer loop
      vertex -2.03216 -8.06971 0
      vertex -1.01837 -5.1197 0
      vertex -0.850395 -8.27809 0
    endloop
  endfacet
  facet normal -0 0 -1
    outer loop
      vertex -1.01837 -5.1197 0
      vertex -2.03216 -8.06971 0
      vertex -1.51529 -4.99523 0
    endloop
  endfacet
  facet normal 0 0 -1
    outer loop
      vertex -2.43839 -8.0383 0
      vertex -1.51529 -4.99523 0
      vertex -2.03216 -8.06971 0
    endloop
  endfacet
  facet normal 0 0 -1
    outer loop
      vertex -2.43839 -8.0383 0
      vertex -2.03216 -8.06971 0
      vertex -2.04404 -8.13708 0
    endloop
  endfacet
  facet normal -0 0 -1
    outer loop
      vertex -1.51529 -4.99523 0
      vertex -2.43839 -8.0383 0
      vertex -1.99761 -4.82265 0
    endloop
  endfacet
  facet normal 0 0 -1
    outer loop
      vertex -3.21454 -7.76059 0
      vertex -1.99761 -4.82265 0
      vertex -2.43839 -8.0383 0
    endloop
  endfacet
  facet normal 0 0 -1
    outer loop
      vertex -3.63038 -7.48801 0
      vertex -1.99761 -4.82265 0
      vertex -3.21454 -7.76059 0
    endloop
  endfacet
  facet normal -0 0 -1
    outer loop
      vertex -1.99761 -4.82265 0
      vertex -3.63038 -7.48801 0
      vertex -2.46069 -4.60363 0
    endloop
  endfacet
  facet normal 0 0 -1
    outer loop
      vertex -4.66961 -6.88801 0
      vertex -2.46069 -4.60363 0
      vertex -3.63038 -7.48801 0
    endloop
  endfacet
  facet normal -0 0 -1
    outer loop
      vertex -2.46069 -4.60363 0
      vertex -4.66961 -6.88801 0
      vertex -2.90008 -4.34027 0
    endloop
  endfacet
  facet normal 0 -0 -1
    outer loop
      vertex -3.63038 -7.48801 0
      vertex -3.21454 -7.76059 0
      vertex -3.6648 -7.54763 0
    endloop
  endfacet
  facet normal 0 0 -1
    outer loop
      vertex 5.1197 1.01837 0
      vertex 5.9725 5.79476 0
      vertex 5.19486 0.511649 0
    endloop
  endfacet
  facet normal 0 0 -1
    outer loop
      vertex 4.99523 1.51529 0
      vertex 5.9725 5.79476 0
      vertex 5.1197 1.01837 0
    endloop
  endfacet
  facet normal 0 0 -1
    outer loop
      vertex 4.82265 1.99761 0
      vertex 5.9725 5.79476 0
      vertex 4.99523 1.51529 0
    endloop
  endfacet
  facet normal 0 0 -1
    outer loop
      vertex 4.60363 2.46069 0
      vertex 5.9725 5.79476 0
      vertex 4.82265 1.99761 0
    endloop
  endfacet
  facet normal 0 0 -1
    outer loop
      vertex 4.34027 2.90008 0
      vertex 5.9725 5.79476 0
      vertex 4.60363 2.46069 0
    endloop
  endfacet
  facet normal 0 0 -1
    outer loop
      vertex 4.03511 3.31153 0
      vertex 5.9725 5.79476 0
      vertex 4.34027 2.90008 0
    endloop
  endfacet
  facet normal 0 0 -1
    outer loop
      vertex 5.3289 6.49329 0
      vertex 4.66961 6.88801 0
      vertex 4.70771 6.95399 0
    endloop
  endfacet
  facet normal 0 0 -1
    outer loop
      vertex 3.6911 3.6911 0
      vertex 5.9725 5.79476 0
      vertex 4.03511 3.31153 0
    endloop
  endfacet
  facet normal 0 0 -1
    outer loop
      vertex 3.31153 4.03511 0
      vertex 5.9725 5.79476 0
      vertex 3.6911 3.6911 0
    endloop
  endfacet
  facet normal -0 0 -1
    outer loop
      vertex 5.9725 5.79476 0
      vertex 3.31153 4.03511 0
      vertex 5.3289 6.49329 0
    endloop
  endfacet
  facet normal -0 0 -1
    outer loop
      vertex 5.3289 6.49329 0
      vertex 3.31153 4.03511 0
      vertex 4.66961 6.88801 0
    endloop
  endfacet
  facet normal 0 0 -1
    outer loop
      vertex 2.90008 4.34027 0
      vertex 4.66961 6.88801 0
      vertex 3.31153 4.03511 0
    endloop
  endfacet
  facet normal 0 0 -1
    outer loop
      vertex 5.3289 -6.49329 0
      vertex 5.9725 -5.79476 0
      vertex 5.9397 -5.9397 0
    endloop
  endfacet
  facet normal 0 0 -1
    outer loop
      vertex 5.9397 -5.9397 0
      vertex 5.9725 -5.79476 0
      vertex 6.02848 -5.84174 0
    endloop
  endfacet
  facet normal 0 0 -1
    outer loop
      vertex 6.74384 -4.87551 0
      vertex 7.59424 -3.40258 0
      vertex 7.40814 -3.95973 0
    endloop
  endfacet
  facet normal 0 0 -1
    outer loop
      vertex 7.40814 -3.95973 0
      vertex 7.59424 -3.40258 0
      vertex 7.66028 -3.42662 0
    endloop
  endfacet
  facet normal 0 0 -1
    outer loop
      vertex 8.35955 -0.823343 0
      vertex 8.3 -0.599999 0
      vertex 8.37052 -0.599999 0
    endloop
  endfacet
  facet normal 0 0 -1
    outer loop
      vertex 8.00466 -2.27495 0
      vertex 8.3 -0.599999 0
      vertex 8.2386 -1.63876 0
    endloop
  endfacet
  facet normal 0 0 -1
    outer loop
      vertex 8.2386 -1.63876 0
      vertex 8.3 -0.599999 0
      vertex 8.35955 -0.823343 0
    endloop
  endfacet
  facet normal 0 0 -1
    outer loop
      vertex 8.3 0.599999 0
      vertex 8.35955 0.823343 0
      vertex 8.37052 0.599999 0
    endloop
  endfacet
  facet normal 0 0 -1
    outer loop
      vertex 8.3 0.599999 0
      vertex 8.2386 1.63876 0
      vertex 8.35955 0.823343 0
    endloop
  endfacet
  facet normal -0 0 -1
    outer loop
      vertex 8.3 -0.599999 0
      vertex 8.00466 -2.27495 0
      vertex 8.3 0.599999 0
    endloop
  endfacet
  facet normal 0 0 -1
    outer loop
      vertex 8.00466 -2.27495 0
      vertex 8.2386 -1.63876 0
      vertex 8.07301 -2.29983 0
    endloop
  endfacet
  facet normal 0 0 -1
    outer loop
      vertex 8.00466 2.27495 0
      vertex 8.3 0.599999 0
      vertex 8.00466 -2.27495 0
    endloop
  endfacet
  facet normal 0 0 -1
    outer loop
      vertex 8.3 0.599999 0
      vertex 8.00466 2.27495 0
      vertex 8.2386 1.63876 0
    endloop
  endfacet
  facet normal 0 0 -1
    outer loop
      vertex 8.2386 1.63876 0
      vertex 8.00466 2.27495 0
      vertex 8.07301 2.29983 0
    endloop
  endfacet
  facet normal 0 0 -1
    outer loop
      vertex 7.59424 -3.40258 0
      vertex 8.00466 2.27495 0
      vertex 8.00466 -2.27495 0
    endloop
  endfacet
  facet normal -0 0 -1
    outer loop
      vertex 8.00466 2.27495 0
      vertex 7.59424 -3.40258 0
      vertex 7.59424 3.40258 0
    endloop
  endfacet
  facet normal 0 0 -1
    outer loop
      vertex 7.59424 3.40258 0
      vertex 7.40814 3.95973 0
      vertex 7.66028 3.42662 0
    endloop
  endfacet
  facet normal -0 0 -1
    outer loop
      vertex 7.59424 -3.40258 0
      vertex 6.74384 -4.87551 0
      vertex 7.59424 3.40258 0
    endloop
  endfacet
  facet normal 0 0 -1
    outer loop
      vertex 6.74384 -4.87551 0
      vertex 7.40814 -3.95973 0
      vertex 6.98434 -4.66679 0
    endloop
  endfacet
  facet normal 0 0 -1
    outer loop
      vertex 6.74384 4.87551 0
      vertex 7.59424 3.40258 0
      vertex 6.74384 -4.87551 0
    endloop
  endfacet
  facet normal 0 0 -1
    outer loop
      vertex 6.74384 -4.87551 0
      vertex 6.98434 -4.66679 0
      vertex 6.79667 -4.91984 0
    endloop
  endfacet
  facet normal 0 0 -1
    outer loop
      vertex 7.59424 3.40258 0
      vertex 6.74384 4.87551 0
      vertex 7.40814 3.95973 0
    endloop
  endfacet
  facet normal 0 0 -1
    outer loop
      vertex 7.40814 3.95973 0
      vertex 6.74384 4.87551 0
      vertex 6.98434 4.66679 0
    endloop
  endfacet
  facet normal 0 0 -1
    outer loop
      vertex 6.98434 4.66679 0
      vertex 6.74384 4.87551 0
      vertex 6.79667 4.91984 0
    endloop
  endfacet
  facet normal 0 0 -1
    outer loop
      vertex 5.9725 -5.79476 0
      vertex 6.74384 4.87551 0
      vertex 6.74384 -4.87551 0
    endloop
  endfacet
  facet normal -0 0 -1
    outer loop
      vertex 6.74384 4.87551 0
      vertex 5.9725 -5.79476 0
      vertex 5.9725 5.79476 0
    endloop
  endfacet
  facet normal 0 0 -1
    outer loop
      vertex 5.9725 5.79476 0
      vertex 5.9397 5.9397 0
      vertex 6.02848 5.84174 0
    endloop
  endfacet
  facet normal 0 0 -1
    outer loop
      vertex 5.9725 -5.79476 0
      vertex 5.22 0 0
      vertex 5.9725 5.79476 0
    endloop
  endfacet
  facet normal 0 0 -1
    outer loop
      vertex 3.31153 -4.03511 0
      vertex 5.9725 -5.79476 0
      vertex 5.3289 -6.49329 0
    endloop
  endfacet
  facet normal 0 0 -1
    outer loop
      vertex 5.19486 0.511649 0
      vertex 5.9725 5.79476 0
      vertex 5.22 0 0
    endloop
  endfacet
  facet normal 0 0 -1
    outer loop
      vertex 5.9725 5.79476 0
      vertex 5.3289 6.49329 0
      vertex 5.9397 5.9397 0
    endloop
  endfacet
  facet normal 0 0 -1
    outer loop
      vertex 5.9725 -5.79476 0
      vertex 5.19486 -0.511649 0
      vertex 5.22 0 0
    endloop
  endfacet
  facet normal 0 0 -1
    outer loop
      vertex 5.9725 -5.79476 0
      vertex 5.1197 -1.01837 0
      vertex 5.19486 -0.511649 0
    endloop
  endfacet
  facet normal 0 0 -1
    outer loop
      vertex 5.9725 -5.79476 0
      vertex 4.99523 -1.51529 0
      vertex 5.1197 -1.01837 0
    endloop
  endfacet
  facet normal 0 0 -1
    outer loop
      vertex 5.9725 -5.79476 0
      vertex 4.82265 -1.99761 0
      vertex 4.99523 -1.51529 0
    endloop
  endfacet
  facet normal 0 0 -1
    outer loop
      vertex 4.66961 -6.88801 0
      vertex 5.3289 -6.49329 0
      vertex 4.70771 -6.95399 0
    endloop
  endfacet
  facet normal 0 0 -1
    outer loop
      vertex 3.31153 -4.03511 0
      vertex 5.3289 -6.49329 0
      vertex 4.66961 -6.88801 0
    endloop
  endfacet
  facet normal 0 0 -1
    outer loop
      vertex 5.9725 -5.79476 0
      vertex 4.60363 -2.46069 0
      vertex 4.82265 -1.99761 0
    endloop
  endfacet
  facet normal 0 0 -1
    outer loop
      vertex 5.9725 -5.79476 0
      vertex 4.34027 -2.90008 0
      vertex 4.60363 -2.46069 0
    endloop
  endfacet
  facet normal 0 0 -1
    outer loop
      vertex 5.9725 -5.79476 0
      vertex 4.03511 -3.31153 0
      vertex 4.34027 -2.90008 0
    endloop
  endfacet
  facet normal 0 0 -1
    outer loop
      vertex 5.9725 -5.79476 0
      vertex 3.6911 -3.6911 0
      vertex 4.03511 -3.31153 0
    endloop
  endfacet
  facet normal 0 0 -1
    outer loop
      vertex 3.31153 -4.03511 0
      vertex 4.66961 -6.88801 0
      vertex 3.63038 -7.48801 0
    endloop
  endfacet
  facet normal 0 0 -1
    outer loop
      vertex 5.9725 -5.79476 0
      vertex 3.31153 -4.03511 0
      vertex 3.6911 -3.6911 0
    endloop
  endfacet
  facet normal 0 0 -1
    outer loop
      vertex 3.63038 7.48801 0
      vertex 3.21454 7.76059 0
      vertex 3.6648 7.54763 0
    endloop
  endfacet
  facet normal 0 0 -1
    outer loop
      vertex 2.46069 4.60363 0
      vertex 4.66961 6.88801 0
      vertex 2.90008 4.34027 0
    endloop
  endfacet
  facet normal -0 0 -1
    outer loop
      vertex 4.66961 6.88801 0
      vertex 2.46069 4.60363 0
      vertex 3.63038 7.48801 0
    endloop
  endfacet
  facet normal 0 0 -1
    outer loop
      vertex 1.99761 4.82265 0
      vertex 3.63038 7.48801 0
      vertex 2.46069 4.60363 0
    endloop
  endfacet
  facet normal -0 0 -1
    outer loop
      vertex 3.63038 7.48801 0
      vertex 1.99761 4.82265 0
      vertex 3.21454 7.76059 0
    endloop
  endfacet
  facet normal -0 0 -1
    outer loop
      vertex 3.21454 7.76059 0
      vertex 1.99761 4.82265 0
      vertex 2.43839 8.0383 0
    endloop
  endfacet
  facet normal 0 0 -1
    outer loop
      vertex 2.43839 8.0383 0
      vertex 2.03216 8.06971 0
      vertex 2.04404 8.13708 0
    endloop
  endfacet
  facet normal 0 0 -1
    outer loop
      vertex 1.51529 4.99523 0
      vertex 2.43839 8.0383 0
      vertex 1.99761 4.82265 0
    endloop
  endfacet
  facet normal -0 0 -1
    outer loop
      vertex 2.43839 8.0383 0
      vertex 1.51529 4.99523 0
      vertex 2.03216 8.06971 0
    endloop
  endfacet
  facet normal 0 0 -1
    outer loop
      vertex 1.01837 5.1197 0
      vertex 2.03216 8.06971 0
      vertex 1.51529 4.99523 0
    endloop
  endfacet
  facet normal 0 0 -1
    outer loop
      vertex 1.01837 5.1197 0
      vertex 0.850395 8.27809 0
      vertex 2.03216 8.06971 0
    endloop
  endfacet
  facet normal 0 0 -1
    outer loop
      vertex 0.511649 5.19486 0
      vertex 0.850395 8.27809 0
      vertex 1.01837 5.1197 0
    endloop
  endfacet
  facet normal 0 0 -1
    outer loop
      vertex 0 5.22 0
      vertex 0.850395 8.27809 0
      vertex 0.511649 5.19486 0
    endloop
  endfacet
  facet normal 0 0 -1
    outer loop
      vertex 0 8.4 0
      vertex 0.850395 8.27809 0
      vertex 0 5.22 0
    endloop
  endfacet
  facet normal 0 0 -1
    outer loop
      vertex 0.850395 8.27809 0
      vertex 0 8.4 0
      vertex 0.823343 8.35955 0
    endloop
  endfacet
  facet normal 0 0 -1
    outer loop
      vertex -0.850395 8.27809 0
      vertex 0 5.22 0
      vertex -0.511649 5.19486 0
    endloop
  endfacet
  facet normal 0 0 -1
    outer loop
      vertex 0 5.22 0
      vertex -0.850395 8.27809 0
      vertex 0 8.4 0
    endloop
  endfacet
  facet normal 0 0 -1
    outer loop
      vertex 0 8.4 0
      vertex -0.850395 8.27809 0
      vertex -0.823343 8.35955 0
    endloop
  endfacet
  facet normal 0 0 -1
    outer loop
      vertex -1.01837 5.1197 0
      vertex -0.850395 8.27809 0
      vertex -0.511649 5.19486 0
    endloop
  endfacet
  facet normal 0 0 -1
    outer loop
      vertex -2.03216 8.06971 0
      vertex -1.01837 5.1197 0
      vertex -1.51529 4.99523 0
    endloop
  endfacet
  facet normal 0 0 -1
    outer loop
      vertex -2.43839 8.0383 0
      vertex -1.51529 4.99523 0
      vertex -1.99761 4.82265 0
    endloop
  endfacet
  facet normal 0 0 -1
    outer loop
      vertex -1.01837 5.1197 0
      vertex -2.03216 8.06971 0
      vertex -0.850395 8.27809 0
    endloop
  endfacet
  facet normal 0 0 -1
    outer loop
      vertex -1.51529 4.99523 0
      vertex -2.43839 8.0383 0
      vertex -2.03216 8.06971 0
    endloop
  endfacet
  facet normal -0 0 -1
    outer loop
      vertex -2.03216 8.06971 0
      vertex -2.43839 8.0383 0
      vertex -2.04404 8.13708 0
    endloop
  endfacet
  facet normal 0 0 -1
    outer loop
      vertex -3.63038 7.48801 0
      vertex -1.99761 4.82265 0
      vertex -2.46069 4.60363 0
    endloop
  endfacet
  facet normal 0 0 -1
    outer loop
      vertex -4.66961 6.88801 0
      vertex -2.46069 4.60363 0
      vertex -2.90008 4.34027 0
    endloop
  endfacet
  facet normal 0 0 -1
    outer loop
      vertex -1.99761 4.82265 0
      vertex -3.21454 7.76059 0
      vertex -2.43839 8.0383 0
    endloop
  endfacet
  facet normal 0 0 -1
    outer loop
      vertex -4.66961 6.88801 0
      vertex -2.90008 4.34027 0
      vertex -3.31153 4.03511 0
    endloop
  endfacet
  facet normal 0 0 -1
    outer loop
      vertex -1.99761 4.82265 0
      vertex -3.63038 7.48801 0
      vertex -3.21454 7.76059 0
    endloop
  endfacet
  facet normal 0 0 -1
    outer loop
      vertex -3.21454 7.76059 0
      vertex -3.63038 7.48801 0
      vertex -3.6648 7.54763 0
    endloop
  endfacet
  facet normal -0 0 -1
    outer loop
      vertex -5.19486 -0.511649 0
      vertex -8.3 -0.599999 0
      vertex -5.22 0 0
    endloop
  endfacet
  facet normal 0 0 -1
    outer loop
      vertex -5.19486 0.511649 0
      vertex -8.00466 2.27495 0
      vertex -7.59424 3.40258 0
    endloop
  endfacet
  facet normal 0 0 -1
    outer loop
      vertex -8.2386 -1.63876 0
      vertex -8.00466 -2.27495 0
      vertex -8.07301 -2.29983 0
    endloop
  endfacet
  facet normal 0 0 -1
    outer loop
      vertex -5.22 0 0
      vertex -8.3 0.599999 0
      vertex -5.19486 0.511649 0
    endloop
  endfacet
  facet normal 0 0 -1
    outer loop
      vertex -8.3 0.599999 0
      vertex -5.22 0 0
      vertex -8.3 -0.599999 0
    endloop
  endfacet
  facet normal 0 -0 -1
    outer loop
      vertex -8.2386 1.63876 0
      vertex -5.19486 0.511649 0
      vertex -8.3 0.599999 0
    endloop
  endfacet
  facet normal 0 0 -1
    outer loop
      vertex -5.19486 0.511649 0
      vertex -8.2386 1.63876 0
      vertex -8.00466 2.27495 0
    endloop
  endfacet
  facet normal 0 0 -1
    outer loop
      vertex -8.35955 -0.823343 0
      vertex -8.3 -0.599999 0
      vertex -8.2386 -1.63876 0
    endloop
  endfacet
  facet normal -0 0 -1
    outer loop
      vertex -8.3 -0.599999 0
      vertex -8.35955 -0.823343 0
      vertex -8.37052 -0.599999 0
    endloop
  endfacet
  facet normal 0 0 -1
    outer loop
      vertex -8.3 -0.599999 0
      vertex -5.1197 -1.01837 0
      vertex -8.2386 -1.63876 0
    endloop
  endfacet
  facet normal 0 0 -1
    outer loop
      vertex -5.19486 0.511649 0
      vertex -6.74384 4.87551 0
      vertex -5.9725 5.79476 0
    endloop
  endfacet
  facet normal 0 0 -1
    outer loop
      vertex -6.98434 -4.66679 0
      vertex -6.74384 -4.87551 0
      vertex -6.79667 -4.91984 0
    endloop
  endfacet
  facet normal 0 0 -1
    outer loop
      vertex -5.1197 -1.01837 0
      vertex -8.3 -0.599999 0
      vertex -5.19486 -0.511649 0
    endloop
  endfacet
  facet normal 0 0 -1
    outer loop
      vertex -7.40814 -3.95973 0
      vertex -6.74384 -4.87551 0
      vertex -6.98434 -4.66679 0
    endloop
  endfacet
  facet normal 0 -0 -1
    outer loop
      vertex -7.40814 3.95973 0
      vertex -5.19486 0.511649 0
      vertex -7.59424 3.40258 0
    endloop
  endfacet
  facet normal 0 0 -1
    outer loop
      vertex -6.74384 -4.87551 0
      vertex -7.40814 -3.95973 0
      vertex -7.59424 -3.40258 0
    endloop
  endfacet
  facet normal 0 0 -1
    outer loop
      vertex -5.19486 0.511649 0
      vertex -7.40814 3.95973 0
      vertex -6.74384 4.87551 0
    endloop
  endfacet
  facet normal -0 0 -1
    outer loop
      vertex -6.74384 4.87551 0
      vertex -6.98434 4.66679 0
      vertex -6.79667 4.91984 0
    endloop
  endfacet
  facet normal 0 -0 -1
    outer loop
      vertex -7.59424 -3.40258 0
      vertex -7.40814 -3.95973 0
      vertex -7.66028 -3.42662 0
    endloop
  endfacet
  facet normal 0 0 -1
    outer loop
      vertex -5.3289 6.49329 0
      vertex -5.9725 5.79476 0
      vertex -5.9397 5.9397 0
    endloop
  endfacet
  facet normal 0 0 -1
    outer loop
      vertex -5.9397 5.9397 0
      vertex -5.9725 5.79476 0
      vertex -6.02848 5.84174 0
    endloop
  endfacet
  facet normal 0 0 -1
    outer loop
      vertex -6.74384 4.87551 0
      vertex -7.40814 3.95973 0
      vertex -6.98434 4.66679 0
    endloop
  endfacet
  facet normal 0 0 -1
    outer loop
      vertex -7.40814 3.95973 0
      vertex -7.59424 3.40258 0
      vertex -7.66028 3.42662 0
    endloop
  endfacet
  facet normal -0 0 -1
    outer loop
      vertex -8.00466 2.27495 0
      vertex -8.2386 1.63876 0
      vertex -8.07301 2.29983 0
    endloop
  endfacet
  facet normal 0 0 -1
    outer loop
      vertex -8.3 0.599999 0
      vertex -8.35955 0.823343 0
      vertex -8.2386 1.63876 0
    endloop
  endfacet
  facet normal 0 -0 -1
    outer loop
      vertex -8.35955 0.823343 0
      vertex -8.3 0.599999 0
      vertex -8.37052 0.599999 0
    endloop
  endfacet
  facet normal 0 0 -1
    outer loop
      vertex -5.9725 5.79476 0
      vertex -3.31153 4.03511 0
      vertex -3.6911 3.6911 0
    endloop
  endfacet
  facet normal 0 0 -1
    outer loop
      vertex -5.9725 5.79476 0
      vertex -3.6911 3.6911 0
      vertex -4.03511 3.31153 0
    endloop
  endfacet
  facet normal 0 0 -1
    outer loop
      vertex -5.9725 5.79476 0
      vertex -4.03511 3.31153 0
      vertex -4.34027 2.90008 0
    endloop
  endfacet
  facet normal 0 0 -1
    outer loop
      vertex -5.9725 5.79476 0
      vertex -4.34027 2.90008 0
      vertex -4.60363 2.46069 0
    endloop
  endfacet
  facet normal 0 0 -1
    outer loop
      vertex -2.46069 4.60363 0
      vertex -4.66961 6.88801 0
      vertex -3.63038 7.48801 0
    endloop
  endfacet
  facet normal 0 0 -1
    outer loop
      vertex -3.31153 4.03511 0
      vertex -5.3289 6.49329 0
      vertex -4.66961 6.88801 0
    endloop
  endfacet
  facet normal 0 0 -1
    outer loop
      vertex -5.9725 5.79476 0
      vertex -4.60363 2.46069 0
      vertex -4.82265 1.99761 0
    endloop
  endfacet
  facet normal 0 0 -1
    outer loop
      vertex -5.9725 5.79476 0
      vertex -4.82265 1.99761 0
      vertex -4.99523 1.51529 0
    endloop
  endfacet
  facet normal 0 0 -1
    outer loop
      vertex -5.9725 5.79476 0
      vertex -4.99523 1.51529 0
      vertex -5.1197 1.01837 0
    endloop
  endfacet
  facet normal 0 0 -1
    outer loop
      vertex -5.9725 5.79476 0
      vertex -5.1197 1.01837 0
      vertex -5.19486 0.511649 0
    endloop
  endfacet
  facet normal -0 0 -1
    outer loop
      vertex -4.66961 6.88801 0
      vertex -5.3289 6.49329 0
      vertex -4.70771 6.95399 0
    endloop
  endfacet
  facet normal 0 0 -1
    outer loop
      vertex -8.2386 -1.63876 0
      vertex -5.1197 -1.01837 0
      vertex -8.00466 -2.27495 0
    endloop
  endfacet
  facet normal -0 0 -1
    outer loop
      vertex -4.82265 -1.99761 0
      vertex -8.00466 -2.27495 0
      vertex -4.99523 -1.51529 0
    endloop
  endfacet
  facet normal 0 0 -1
    outer loop
      vertex -5.9725 -5.79476 0
      vertex -5.3289 -6.49329 0
      vertex -5.9397 -5.9397 0
    endloop
  endfacet
  facet normal -0 0 -1
    outer loop
      vertex -4.99523 -1.51529 0
      vertex -8.00466 -2.27495 0
      vertex -5.1197 -1.01837 0
    endloop
  endfacet
  facet normal 0 0 -1
    outer loop
      vertex -3.31153 4.03511 0
      vertex -5.9725 5.79476 0
      vertex -5.3289 6.49329 0
    endloop
  endfacet
  facet normal 0 -0 -1
    outer loop
      vertex -5.9725 -5.79476 0
      vertex -5.9397 -5.9397 0
      vertex -6.02848 -5.84174 0
    endloop
  endfacet
  facet normal 0 0 -1
    outer loop
      vertex -0.823343 -8.35955 0
      vertex -0.863703 -8.35356 0
      vertex -0.850395 -8.27809 0
    endloop
  endfacet
  facet normal -0 0 -1
    outer loop
      vertex 0.863703 8.35356 0
      vertex 0.850395 8.27809 0
      vertex 0.823343 8.35955 0
    endloop
  endfacet
  facet normal 0 0 -1
    outer loop
      vertex -0.823343 8.35955 0
      vertex -0.850395 8.27809 0
      vertex -0.863703 8.35356 0
    endloop
  endfacet
  facet normal -0 0 -1
    outer loop
      vertex -2.90008 -4.34027 0
      vertex -4.66961 -6.88801 0
      vertex -3.31153 -4.03511 0
    endloop
  endfacet
  facet normal 0 0 -1
    outer loop
      vertex -5.3289 -6.49329 0
      vertex -3.31153 -4.03511 0
      vertex -4.66961 -6.88801 0
    endloop
  endfacet
  facet normal 0 0 -1
    outer loop
      vertex -5.9725 -5.79476 0
      vertex -3.31153 -4.03511 0
      vertex -5.3289 -6.49329 0
    endloop
  endfacet
  facet normal -0 0 -1
    outer loop
      vertex -3.31153 -4.03511 0
      vertex -5.9725 -5.79476 0
      vertex -3.6911 -3.6911 0
    endloop
  endfacet
  facet normal -0 0 -1
    outer loop
      vertex -3.6911 -3.6911 0
      vertex -5.9725 -5.79476 0
      vertex -4.03511 -3.31153 0
    endloop
  endfacet
  facet normal 0 0 -1
    outer loop
      vertex -5.3289 -6.49329 0
      vertex -4.66961 -6.88801 0
      vertex -4.70771 -6.95399 0
    endloop
  endfacet
  facet normal 0 0 -1
    outer loop
      vertex -6.74384 -4.87551 0
      vertex -4.03511 -3.31153 0
      vertex -5.9725 -5.79476 0
    endloop
  endfacet
  facet normal -0 0 -1
    outer loop
      vertex -4.03511 -3.31153 0
      vertex -6.74384 -4.87551 0
      vertex -4.34027 -2.90008 0
    endloop
  endfacet
  facet normal -0 0 -1
    outer loop
      vertex -4.34027 -2.90008 0
      vertex -6.74384 -4.87551 0
      vertex -4.60363 -2.46069 0
    endloop
  endfacet
  facet normal 0 0 -1
    outer loop
      vertex -7.59424 -3.40258 0
      vertex -4.60363 -2.46069 0
      vertex -6.74384 -4.87551 0
    endloop
  endfacet
  facet normal 0 0 -1
    outer loop
      vertex -8.00466 -2.27495 0
      vertex -4.82265 -1.99761 0
      vertex -7.59424 -3.40258 0
    endloop
  endfacet
  facet normal -0 0 -1
    outer loop
      vertex -4.60363 -2.46069 0
      vertex -7.59424 -3.40258 0
      vertex -4.82265 -1.99761 0
    endloop
  endfacet
  facet normal 0 0 -1
    outer loop
      vertex 1.79133 -0.176431 0
      vertex 1.79133 0.176431 0
      vertex 1.8 0 0
    endloop
  endfacet
  facet normal 0 0 -1
    outer loop
      vertex 1.76541 -0.351162 0
      vertex 1.79133 0.176431 0
      vertex 1.79133 -0.176431 0
    endloop
  endfacet
  facet normal 0 0 -1
    outer loop
      vertex 1.76541 -0.351162 0
      vertex 1.76541 0.351162 0
      vertex 1.79133 0.176431 0
    endloop
  endfacet
  facet normal 0 0 -1
    outer loop
      vertex 1.72249 -0.522511 0
      vertex 1.76541 0.351162 0
      vertex 1.76541 -0.351162 0
    endloop
  endfacet
  facet normal 0 0 -1
    outer loop
      vertex 1.72249 -0.522511 0
      vertex 1.72249 0.522511 0
      vertex 1.76541 0.351162 0
    endloop
  endfacet
  facet normal 0 0 -1
    outer loop
      vertex 1.66298 -0.688829 0
      vertex 1.72249 0.522511 0
      vertex 1.72249 -0.522511 0
    endloop
  endfacet
  facet normal 0 0 -1
    outer loop
      vertex 1.66298 -0.688829 0
      vertex 1.66298 0.688829 0
      vertex 1.72249 0.522511 0
    endloop
  endfacet
  facet normal 0 0 -1
    outer loop
      vertex 1.58746 -0.848514 0
      vertex 1.66298 0.688829 0
      vertex 1.66298 -0.688829 0
    endloop
  endfacet
  facet normal 0 0 -1
    outer loop
      vertex 1.58746 -0.848514 0
      vertex 1.58746 0.848514 0
      vertex 1.66298 0.688829 0
    endloop
  endfacet
  facet normal 0 0 -1
    outer loop
      vertex 1.49664 -1.00003 0
      vertex 1.58746 0.848514 0
      vertex 1.58746 -0.848514 0
    endloop
  endfacet
  facet normal 0 0 -1
    outer loop
      vertex 1.49664 -1.00003 0
      vertex 1.49664 1.00003 0
      vertex 1.58746 0.848514 0
    endloop
  endfacet
  facet normal 0 0 -1
    outer loop
      vertex 1.39142 -1.14191 0
      vertex 1.49664 1.00003 0
      vertex 1.49664 -1.00003 0
    endloop
  endfacet
  facet normal 0 0 -1
    outer loop
      vertex 1.39142 -1.14191 0
      vertex 1.39142 1.14191 0
      vertex 1.49664 1.00003 0
    endloop
  endfacet
  facet normal 0 0 -1
    outer loop
      vertex 1.27279 -1.27279 0
      vertex 1.39142 1.14191 0
      vertex 1.39142 -1.14191 0
    endloop
  endfacet
  facet normal 0 0 -1
    outer loop
      vertex 1.27279 -1.27279 0
      vertex 1.27279 1.27279 0
      vertex 1.39142 1.14191 0
    endloop
  endfacet
  facet normal 0 0 -1
    outer loop
      vertex 1.14191 -1.39142 0
      vertex 1.27279 1.27279 0
      vertex 1.27279 -1.27279 0
    endloop
  endfacet
  facet normal 0 0 -1
    outer loop
      vertex 1.14191 -1.39142 0
      vertex 1.14191 1.39142 0
      vertex 1.27279 1.27279 0
    endloop
  endfacet
  facet normal 0 0 -1
    outer loop
      vertex 1.00003 -1.49664 0
      vertex 1.14191 1.39142 0
      vertex 1.14191 -1.39142 0
    endloop
  endfacet
  facet normal 0 0 -1
    outer loop
      vertex 1.00003 -1.49664 0
      vertex 1.00003 1.49664 0
      vertex 1.14191 1.39142 0
    endloop
  endfacet
  facet normal 0 0 -1
    outer loop
      vertex 0.848514 -1.58746 0
      vertex 1.00003 1.49664 0
      vertex 1.00003 -1.49664 0
    endloop
  endfacet
  facet normal 0 0 -1
    outer loop
      vertex 0.848514 -1.58746 0
      vertex 0.848514 1.58746 0
      vertex 1.00003 1.49664 0
    endloop
  endfacet
  facet normal 0 0 -1
    outer loop
      vertex 0.688829 -1.66298 0
      vertex 0.848514 1.58746 0
      vertex 0.848514 -1.58746 0
    endloop
  endfacet
  facet normal 0 0 -1
    outer loop
      vertex 0.688829 -1.66298 0
      vertex 0.688829 1.66298 0
      vertex 0.848514 1.58746 0
    endloop
  endfacet
  facet normal 0 0 -1
    outer loop
      vertex 0.522511 -1.72249 0
      vertex 0.688829 1.66298 0
      vertex 0.688829 -1.66298 0
    endloop
  endfacet
  facet normal 0 0 -1
    outer loop
      vertex 0.522511 -1.72249 0
      vertex 0.522511 1.72249 0
      vertex 0.688829 1.66298 0
    endloop
  endfacet
  facet normal 0 0 -1
    outer loop
      vertex 0.351162 -1.76541 0
      vertex 0.522511 1.72249 0
      vertex 0.522511 -1.72249 0
    endloop
  endfacet
  facet normal 0 0 -1
    outer loop
      vertex 0.351162 -1.76541 0
      vertex 0.351162 1.76541 0
      vertex 0.522511 1.72249 0
    endloop
  endfacet
  facet normal 0 0 -1
    outer loop
      vertex 0.176431 -1.79133 0
      vertex 0.351162 1.76541 0
      vertex 0.351162 -1.76541 0
    endloop
  endfacet
  facet normal 0 0 -1
    outer loop
      vertex 0.176431 -1.79133 0
      vertex 0.176431 1.79133 0
      vertex 0.351162 1.76541 0
    endloop
  endfacet
  facet normal 0 0 -1
    outer loop
      vertex 0 -1.8 0
      vertex 0.176431 1.79133 0
      vertex 0.176431 -1.79133 0
    endloop
  endfacet
  facet normal 0 0 -1
    outer loop
      vertex 0 -1.8 0
      vertex 0 1.8 0
      vertex 0.176431 1.79133 0
    endloop
  endfacet
  facet normal 0 0 -1
    outer loop
      vertex -0.176431 -1.79133 0
      vertex 0 1.8 0
      vertex 0 -1.8 0
    endloop
  endfacet
  facet normal 0 0 -1
    outer loop
      vertex -0.176431 -1.79133 0
      vertex -0.176431 1.79133 0
      vertex 0 1.8 0
    endloop
  endfacet
  facet normal 0 0 -1
    outer loop
      vertex -0.351162 -1.76541 0
      vertex -0.176431 1.79133 0
      vertex -0.176431 -1.79133 0
    endloop
  endfacet
  facet normal 0 0 -1
    outer loop
      vertex -0.351162 -1.76541 0
      vertex -0.351162 1.76541 0
      vertex -0.176431 1.79133 0
    endloop
  endfacet
  facet normal 0 0 -1
    outer loop
      vertex -0.522511 -1.72249 0
      vertex -0.351162 1.76541 0
      vertex -0.351162 -1.76541 0
    endloop
  endfacet
  facet normal 0 0 -1
    outer loop
      vertex -0.522511 -1.72249 0
      vertex -0.522511 1.72249 0
      vertex -0.351162 1.76541 0
    endloop
  endfacet
  facet normal 0 0 -1
    outer loop
      vertex -0.688829 -1.66298 0
      vertex -0.522511 1.72249 0
      vertex -0.522511 -1.72249 0
    endloop
  endfacet
  facet normal 0 0 -1
    outer loop
      vertex -0.688829 -1.66298 0
      vertex -0.688829 1.66298 0
      vertex -0.522511 1.72249 0
    endloop
  endfacet
  facet normal 0 0 -1
    outer loop
      vertex -0.848514 -1.58746 0
      vertex -0.688829 1.66298 0
      vertex -0.688829 -1.66298 0
    endloop
  endfacet
  facet normal 0 0 -1
    outer loop
      vertex -0.848514 -1.58746 0
      vertex -0.848514 1.58746 0
      vertex -0.688829 1.66298 0
    endloop
  endfacet
  facet normal 0 0 -1
    outer loop
      vertex -1.00003 -1.49664 0
      vertex -0.848514 1.58746 0
      vertex -0.848514 -1.58746 0
    endloop
  endfacet
  facet normal 0 0 -1
    outer loop
      vertex -1.00003 -1.49664 0
      vertex -1.00003 1.49664 0
      vertex -0.848514 1.58746 0
    endloop
  endfacet
  facet normal 0 0 -1
    outer loop
      vertex -1.14191 -1.39142 0
      vertex -1.00003 1.49664 0
      vertex -1.00003 -1.49664 0
    endloop
  endfacet
  facet normal 0 0 -1
    outer loop
      vertex -1.14191 -1.39142 0
      vertex -1.14191 1.39142 0
      vertex -1.00003 1.49664 0
    endloop
  endfacet
  facet normal 0 0 -1
    outer loop
      vertex -1.27279 -1.27279 0
      vertex -1.14191 1.39142 0
      vertex -1.14191 -1.39142 0
    endloop
  endfacet
  facet normal 0 0 -1
    outer loop
      vertex -1.27279 -1.27279 0
      vertex -1.27279 1.27279 0
      vertex -1.14191 1.39142 0
    endloop
  endfacet
  facet normal 0 0 -1
    outer loop
      vertex -1.39142 -1.14191 0
      vertex -1.27279 1.27279 0
      vertex -1.27279 -1.27279 0
    endloop
  endfacet
  facet normal 0 0 -1
    outer loop
      vertex -1.39142 -1.14191 0
      vertex -1.39142 1.14191 0
      vertex -1.27279 1.27279 0
    endloop
  endfacet
  facet normal 0 0 -1
    outer loop
      vertex -1.49664 -1.00003 0
      vertex -1.39142 1.14191 0
      vertex -1.39142 -1.14191 0
    endloop
  endfacet
  facet normal 0 0 -1
    outer loop
      vertex -1.49664 -1.00003 0
      vertex -1.49664 1.00003 0
      vertex -1.39142 1.14191 0
    endloop
  endfacet
  facet normal 0 0 -1
    outer loop
      vertex -1.58746 -0.848514 0
      vertex -1.49664 1.00003 0
      vertex -1.49664 -1.00003 0
    endloop
  endfacet
  facet normal 0 0 -1
    outer loop
      vertex -1.58746 -0.848514 0
      vertex -1.58746 0.848514 0
      vertex -1.49664 1.00003 0
    endloop
  endfacet
  facet normal 0 0 -1
    outer loop
      vertex -1.66298 -0.688829 0
      vertex -1.58746 0.848514 0
      vertex -1.58746 -0.848514 0
    endloop
  endfacet
  facet normal 0 0 -1
    outer loop
      vertex -1.66298 -0.688829 0
      vertex -1.66298 0.688829 0
      vertex -1.58746 0.848514 0
    endloop
  endfacet
  facet normal 0 0 -1
    outer loop
      vertex -1.72249 -0.522511 0
      vertex -1.66298 0.688829 0
      vertex -1.66298 -0.688829 0
    endloop
  endfacet
  facet normal 0 0 -1
    outer loop
      vertex -1.72249 -0.522511 0
      vertex -1.72249 0.522511 0
      vertex -1.66298 0.688829 0
    endloop
  endfacet
  facet normal 0 0 -1
    outer loop
      vertex -1.76541 -0.351162 0
      vertex -1.72249 0.522511 0
      vertex -1.72249 -0.522511 0
    endloop
  endfacet
  facet normal 0 0 -1
    outer loop
      vertex -1.76541 -0.351162 0
      vertex -1.76541 0.351162 0
      vertex -1.72249 0.522511 0
    endloop
  endfacet
  facet normal 0 0 -1
    outer loop
      vertex -1.79133 -0.176431 0
      vertex -1.76541 0.351162 0
      vertex -1.76541 -0.351162 0
    endloop
  endfacet
  facet normal 0 0 -1
    outer loop
      vertex -1.79133 -0.176431 0
      vertex -1.79133 0.176431 0
      vertex -1.76541 0.351162 0
    endloop
  endfacet
  facet normal 0 -0 -1
    outer loop
      vertex -1.79133 0.176431 0
      vertex -1.79133 -0.176431 0
      vertex -1.8 0 0
    endloop
  endfacet
  facet normal -0.60687 0.363748 0.70668
    outer loop
      vertex -6.98434 4.66679 8
      vertex -7.93729 4.24257 7.4
      vertex -7.40814 3.95973 8
    endloop
  endfacet
  facet normal -0.475152 0.52425 0.706677
    outer loop
      vertex -5.70954 6.95709 7.4
      vertex -6.36396 6.36396 7.4
      vertex -5.9397 5.9397 8
    endloop
  endfacet
  facet normal -0.970031 0.242983 0
    outer loop
      vertex -8.82707 1.75581 0.599999
      vertex -8.63918 2.5059 7.4
      vertex -8.63918 2.5059 0.599999
    endloop
  endfacet
  facet normal -0.970031 0.242983 0
    outer loop
      vertex -8.63918 2.5059 7.4
      vertex -8.82707 1.75581 0.599999
      vertex -8.82707 1.75581 7.4
    endloop
  endfacet
  facet normal -0.699875 0.103813 -0.706681
    outer loop
      vertex -8.35955 0.823343 0
      vertex -8.95666 0.882154 0.599999
      vertex -8.82707 1.75581 0.599999
    endloop
  endfacet
  facet normal -0.998796 0.0490628 0
    outer loop
      vertex -8.97052 0.599999 0.599999
      vertex -8.95666 0.882154 7.4
      vertex -8.95666 0.882154 0.599999
    endloop
  endfacet
  facet normal -0.998796 0.0490628 0
    outer loop
      vertex -8.95666 0.882154 7.4
      vertex -8.97052 0.599999 0.599999
      vertex -8.97052 0.599999 7.4
    endloop
  endfacet
  facet normal -0.857731 0.514099 0
    outer loop
      vertex -7.93729 4.24257 0.599999
      vertex -7.48323 5.00013 7.4
      vertex -7.48323 5.00013 0.599999
    endloop
  endfacet
  facet normal -0.857731 0.514099 0
    outer loop
      vertex -7.48323 5.00013 7.4
      vertex -7.93729 4.24257 0.599999
      vertex -7.93729 4.24257 7.4
    endloop
  endfacet
  facet normal 0.238361 0.666175 -0.706679
    outer loop
      vertex 3.21454 7.76059 0
      vertex 2.43839 8.0383 0
      vertex 2.61256 8.61246 0.599999
    endloop
  endfacet
  facet normal -0.0347185 0.70668 -0.706681
    outer loop
      vertex 0 8.4 0
      vertex -0.823343 8.35955 0
      vertex 0 9 0.599999
    endloop
  endfacet
  facet normal 0 0 1
    outer loop
      vertex 0.823343 8.35955 8
      vertex 0.850395 8.27809 8
      vertex 0.863703 8.35356 8
    endloop
  endfacet
  facet normal 0 0 1
    outer loop
      vertex 0 8.4 8
      vertex 0.850395 8.27809 8
      vertex 0.823343 8.35955 8
    endloop
  endfacet
  facet normal 0 0 1
    outer loop
      vertex 0.850395 8.27809 8
      vertex 0.574024 1.38582 8
      vertex 0.833355 1.2472 8
    endloop
  endfacet
  facet normal 0 0 1
    outer loop
      vertex 0.850395 8.27809 8
      vertex 0.292635 1.47118 8
      vertex 0.574024 1.38582 8
    endloop
  endfacet
  facet normal 0 0 1
    outer loop
      vertex -0.850395 8.27809 8
      vertex 0.850395 8.27809 8
      vertex 0 8.4 8
    endloop
  endfacet
  facet normal 0 0 1
    outer loop
      vertex 0.850395 8.27809 8
      vertex 0 1.5 8
      vertex 0.292635 1.47118 8
    endloop
  endfacet
  facet normal 0 0 1
    outer loop
      vertex 0.850395 8.27809 8
      vertex -0.850395 8.27809 8
      vertex 0 1.5 8
    endloop
  endfacet
  facet normal 0 0 1
    outer loop
      vertex 0 1.5 8
      vertex -0.850395 8.27809 8
      vertex -0.292635 1.47118 8
    endloop
  endfacet
  facet normal 0 0 1
    outer loop
      vertex -0.850395 8.27809 8
      vertex 0 8.4 8
      vertex -0.823343 8.35955 8
    endloop
  endfacet
  facet normal -0 0 1
    outer loop
      vertex -2.03216 8.06971 8
      vertex -0.292635 1.47118 8
      vertex -0.850395 8.27809 8
    endloop
  endfacet
  facet normal 0 0 1
    outer loop
      vertex -0.292635 1.47118 8
      vertex -2.03216 8.06971 8
      vertex -0.574024 1.38582 8
    endloop
  endfacet
  facet normal 0 -0 1
    outer loop
      vertex -0.850395 8.27809 8
      vertex -0.823343 8.35955 8
      vertex -0.863703 8.35356 8
    endloop
  endfacet
  facet normal -0 0 1
    outer loop
      vertex 1.38582 -0.574024 8
      vertex 3.63038 -7.48801 8
      vertex 1.47118 -0.292635 8
    endloop
  endfacet
  facet normal -0 0 1
    outer loop
      vertex 1.2472 -0.833355 8
      vertex 3.63038 -7.48801 8
      vertex 1.38582 -0.574024 8
    endloop
  endfacet
  facet normal -0 0 1
    outer loop
      vertex 1.06066 -1.06066 8
      vertex 3.63038 -7.48801 8
      vertex 1.2472 -0.833355 8
    endloop
  endfacet
  facet normal -0 0 1
    outer loop
      vertex 0.833355 -1.2472 8
      vertex 3.63038 -7.48801 8
      vertex 1.06066 -1.06066 8
    endloop
  endfacet
  facet normal -0 0 1
    outer loop
      vertex 0.574024 -1.38582 8
      vertex 3.63038 -7.48801 8
      vertex 0.833355 -1.2472 8
    endloop
  endfacet
  facet normal 0 0 1
    outer loop
      vertex 3.63038 -7.48801 8
      vertex 0.574024 -1.38582 8
      vertex 2.03216 -8.06971 8
    endloop
  endfacet
  facet normal 0 0 1
    outer loop
      vertex 2.03216 8.06971 8
      vertex 3.63038 7.48801 8
      vertex 3.21454 7.76059 8
    endloop
  endfacet
  facet normal 0 0 1
    outer loop
      vertex 3.21454 7.76059 8
      vertex 3.63038 7.48801 8
      vertex 3.6648 7.54763 8
    endloop
  endfacet
  facet normal 0 0 1
    outer loop
      vertex 5.3289 6.49329 8
      vertex 5.9725 5.79476 8
      vertex 5.9397 5.9397 8
    endloop
  endfacet
  facet normal 0 0 1
    outer loop
      vertex 5.9397 5.9397 8
      vertex 5.9725 5.79476 8
      vertex 6.02848 5.84174 8
    endloop
  endfacet
  facet normal 0 0 1
    outer loop
      vertex 6.74384 4.87551 8
      vertex 7.59424 3.40258 8
      vertex 7.40814 3.95973 8
    endloop
  endfacet
  facet normal 0 0 1
    outer loop
      vertex 7.40814 3.95973 8
      vertex 7.59424 3.40258 8
      vertex 7.66028 3.42662 8
    endloop
  endfacet
  facet normal 0 0 1
    outer loop
      vertex 8.35955 0.823343 8
      vertex 8.3 0.599999 8
      vertex 8.37052 0.599999 8
    endloop
  endfacet
  facet normal 0 0 1
    outer loop
      vertex 8.00466 2.27495 8
      vertex 8.3 0.599999 8
      vertex 8.2386 1.63876 8
    endloop
  endfacet
  facet normal 0 0 1
    outer loop
      vertex 8.2386 1.63876 8
      vertex 8.3 0.599999 8
      vertex 8.35955 0.823343 8
    endloop
  endfacet
  facet normal -0 0 1
    outer loop
      vertex 8.3 -0.599999 8
      vertex 8.35955 -0.823343 8
      vertex 8.37052 -0.599999 8
    endloop
  endfacet
  facet normal 0 0 1
    outer loop
      vertex 8.3 -0.599999 8
      vertex 8.2386 -1.63876 8
      vertex 8.35955 -0.823343 8
    endloop
  endfacet
  facet normal 0 0 1
    outer loop
      vertex 8.3 0.599999 8
      vertex 8.00466 2.27495 8
      vertex 8.3 -0.599999 8
    endloop
  endfacet
  facet normal -0 0 1
    outer loop
      vertex 8.00466 2.27495 8
      vertex 8.2386 1.63876 8
      vertex 8.07301 2.29983 8
    endloop
  endfacet
  facet normal 0 0 1
    outer loop
      vertex 8.00466 -2.27495 8
      vertex 8.3 -0.599999 8
      vertex 8.00466 2.27495 8
    endloop
  endfacet
  facet normal 0 0 1
    outer loop
      vertex 8.3 -0.599999 8
      vertex 8.00466 -2.27495 8
      vertex 8.2386 -1.63876 8
    endloop
  endfacet
  facet normal 0 0 1
    outer loop
      vertex 8.2386 -1.63876 8
      vertex 8.00466 -2.27495 8
      vertex 8.07301 -2.29983 8
    endloop
  endfacet
  facet normal 0 0 1
    outer loop
      vertex 7.59424 3.40258 8
      vertex 8.00466 -2.27495 8
      vertex 8.00466 2.27495 8
    endloop
  endfacet
  facet normal 0 0 1
    outer loop
      vertex 8.00466 -2.27495 8
      vertex 7.59424 3.40258 8
      vertex 7.59424 -3.40258 8
    endloop
  endfacet
  facet normal 0 0 1
    outer loop
      vertex 7.59424 -3.40258 8
      vertex 7.40814 -3.95973 8
      vertex 7.66028 -3.42662 8
    endloop
  endfacet
  facet normal 0 0 1
    outer loop
      vertex 7.59424 3.40258 8
      vertex 6.74384 4.87551 8
      vertex 7.59424 -3.40258 8
    endloop
  endfacet
  facet normal 0 0 1
    outer loop
      vertex 6.74384 4.87551 8
      vertex 7.40814 3.95973 8
      vertex 6.98434 4.66679 8
    endloop
  endfacet
  facet normal 0 0 1
    outer loop
      vertex 6.74384 -4.87551 8
      vertex 7.59424 -3.40258 8
      vertex 6.74384 4.87551 8
    endloop
  endfacet
  facet normal -0 0 1
    outer loop
      vertex 6.74384 4.87551 8
      vertex 6.98434 4.66679 8
      vertex 6.79667 4.91984 8
    endloop
  endfacet
  facet normal 0 0 1
    outer loop
      vertex 7.59424 -3.40258 8
      vertex 6.74384 -4.87551 8
      vertex 7.40814 -3.95973 8
    endloop
  endfacet
  facet normal 0 0 1
    outer loop
      vertex 7.40814 -3.95973 8
      vertex 6.74384 -4.87551 8
      vertex 6.98434 -4.66679 8
    endloop
  endfacet
  facet normal 0 0 1
    outer loop
      vertex 6.98434 -4.66679 8
      vertex 6.74384 -4.87551 8
      vertex 6.79667 -4.91984 8
    endloop
  endfacet
  facet normal 0 0 1
    outer loop
      vertex 5.9725 5.79476 8
      vertex 6.74384 -4.87551 8
      vertex 6.74384 4.87551 8
    endloop
  endfacet
  facet normal 0 0 1
    outer loop
      vertex 6.74384 -4.87551 8
      vertex 5.9725 5.79476 8
      vertex 5.9725 -5.79476 8
    endloop
  endfacet
  facet normal 0 0 1
    outer loop
      vertex 5.9725 -5.79476 8
      vertex 5.9397 -5.9397 8
      vertex 6.02848 -5.84174 8
    endloop
  endfacet
  facet normal 0 0 1
    outer loop
      vertex 5.9725 5.79476 8
      vertex 4.66961 6.88801 8
      vertex 5.9725 -5.79476 8
    endloop
  endfacet
  facet normal 0 0 1
    outer loop
      vertex 5.9725 5.79476 8
      vertex 5.3289 6.49329 8
      vertex 4.66961 6.88801 8
    endloop
  endfacet
  facet normal 0 0 1
    outer loop
      vertex 4.66961 -6.88801 8
      vertex 5.9725 -5.79476 8
      vertex 4.66961 6.88801 8
    endloop
  endfacet
  facet normal -0 0 1
    outer loop
      vertex 4.66961 6.88801 8
      vertex 5.3289 6.49329 8
      vertex 4.70771 6.95399 8
    endloop
  endfacet
  facet normal 0 -0 1
    outer loop
      vertex 5.3289 -6.49329 8
      vertex 5.9725 -5.79476 8
      vertex 4.66961 -6.88801 8
    endloop
  endfacet
  facet normal 0 0 1
    outer loop
      vertex 5.9725 -5.79476 8
      vertex 5.3289 -6.49329 8
      vertex 5.9397 -5.9397 8
    endloop
  endfacet
  facet normal 0 0 1
    outer loop
      vertex 5.3289 -6.49329 8
      vertex 4.66961 -6.88801 8
      vertex 4.70771 -6.95399 8
    endloop
  endfacet
  facet normal 0 0 1
    outer loop
      vertex 3.63038 7.48801 8
      vertex 4.66961 -6.88801 8
      vertex 4.66961 6.88801 8
    endloop
  endfacet
  facet normal 0 0 1
    outer loop
      vertex 4.66961 -6.88801 8
      vertex 3.63038 7.48801 8
      vertex 3.63038 -7.48801 8
    endloop
  endfacet
  facet normal 0 0 1
    outer loop
      vertex 3.63038 -7.48801 8
      vertex 3.21454 -7.76059 8
      vertex 3.6648 -7.54763 8
    endloop
  endfacet
  facet normal 0 0 1
    outer loop
      vertex 3.63038 7.48801 8
      vertex 1.5 0 8
      vertex 3.63038 -7.48801 8
    endloop
  endfacet
  facet normal 0 0 1
    outer loop
      vertex 2.03216 8.06971 8
      vertex 3.21454 7.76059 8
      vertex 2.43839 8.0383 8
    endloop
  endfacet
  facet normal -0 0 1
    outer loop
      vertex 1.47118 -0.292635 8
      vertex 3.63038 -7.48801 8
      vertex 1.5 0 8
    endloop
  endfacet
  facet normal -0 0 1
    outer loop
      vertex 2.03216 8.06971 8
      vertex 2.43839 8.0383 8
      vertex 2.04404 8.13708 8
    endloop
  endfacet
  facet normal 0 0 1
    outer loop
      vertex 3.63038 -7.48801 8
      vertex 2.03216 -8.06971 8
      vertex 3.21454 -7.76059 8
    endloop
  endfacet
  facet normal 0 0 1
    outer loop
      vertex 3.63038 7.48801 8
      vertex 2.03216 8.06971 8
      vertex 0.833355 1.2472 8
    endloop
  endfacet
  facet normal 0 0 1
    outer loop
      vertex 3.21454 -7.76059 8
      vertex 2.03216 -8.06971 8
      vertex 2.43839 -8.0383 8
    endloop
  endfacet
  facet normal 0 0 1
    outer loop
      vertex 2.43839 -8.0383 8
      vertex 2.03216 -8.06971 8
      vertex 2.04404 -8.13708 8
    endloop
  endfacet
  facet normal 0 0 1
    outer loop
      vertex 3.63038 7.48801 8
      vertex 1.47118 0.292635 8
      vertex 1.5 0 8
    endloop
  endfacet
  facet normal 0 0 1
    outer loop
      vertex 3.63038 7.48801 8
      vertex 1.38582 0.574024 8
      vertex 1.47118 0.292635 8
    endloop
  endfacet
  facet normal 0 0 1
    outer loop
      vertex 3.63038 7.48801 8
      vertex 1.2472 0.833355 8
      vertex 1.38582 0.574024 8
    endloop
  endfacet
  facet normal 0 0 1
    outer loop
      vertex 3.63038 7.48801 8
      vertex 1.06066 1.06066 8
      vertex 1.2472 0.833355 8
    endloop
  endfacet
  facet normal 0 0 1
    outer loop
      vertex 0.833355 1.2472 8
      vertex 2.03216 8.06971 8
      vertex 0.850395 8.27809 8
    endloop
  endfacet
  facet normal 0 0 1
    outer loop
      vertex 3.63038 7.48801 8
      vertex 0.833355 1.2472 8
      vertex 1.06066 1.06066 8
    endloop
  endfacet
  facet normal 0 0 1
    outer loop
      vertex 0.850395 -8.27809 8
      vertex 0.823343 -8.35955 8
      vertex 0.863703 -8.35356 8
    endloop
  endfacet
  facet normal -0 0 1
    outer loop
      vertex 0.292635 -1.47118 8
      vertex 2.03216 -8.06971 8
      vertex 0.574024 -1.38582 8
    endloop
  endfacet
  facet normal 0 0 1
    outer loop
      vertex 2.03216 -8.06971 8
      vertex 0.292635 -1.47118 8
      vertex 0.850395 -8.27809 8
    endloop
  endfacet
  facet normal -0 0 1
    outer loop
      vertex 0 -1.5 8
      vertex 0.850395 -8.27809 8
      vertex 0.292635 -1.47118 8
    endloop
  endfacet
  facet normal 0 0 1
    outer loop
      vertex -0.850395 -8.27809 8
      vertex 0.850395 -8.27809 8
      vertex 0 -1.5 8
    endloop
  endfacet
  facet normal 0 0 1
    outer loop
      vertex 0.850395 -8.27809 8
      vertex 0 -8.4 8
      vertex 0.823343 -8.35955 8
    endloop
  endfacet
  facet normal 0 0 1
    outer loop
      vertex -0.850395 -8.27809 8
      vertex 0 -1.5 8
      vertex -0.292635 -1.47118 8
    endloop
  endfacet
  facet normal 0 0 1
    outer loop
      vertex -2.03216 -8.06971 8
      vertex -0.292635 -1.47118 8
      vertex -0.574024 -1.38582 8
    endloop
  endfacet
  facet normal 0 0 1
    outer loop
      vertex 0.850395 -8.27809 8
      vertex -0.850395 -8.27809 8
      vertex 0 -8.4 8
    endloop
  endfacet
  facet normal 0 0 1
    outer loop
      vertex -3.63038 -7.48801 8
      vertex -0.574024 -1.38582 8
      vertex -0.833355 -1.2472 8
    endloop
  endfacet
  facet normal 0 0 1
    outer loop
      vertex 0 -8.4 8
      vertex -0.850395 -8.27809 8
      vertex -0.823343 -8.35955 8
    endloop
  endfacet
  facet normal 0 0 1
    outer loop
      vertex -0.823343 -8.35955 8
      vertex -0.850395 -8.27809 8
      vertex -0.863703 -8.35356 8
    endloop
  endfacet
  facet normal 0 0 1
    outer loop
      vertex -1.47118 0.292635 8
      vertex -8.3 0.599999 8
      vertex -1.5 0 8
    endloop
  endfacet
  facet normal 0 0 1
    outer loop
      vertex -1.5 0 8
      vertex -8.00466 -2.27495 8
      vertex -7.59424 -3.40258 8
    endloop
  endfacet
  facet normal 0 0 1
    outer loop
      vertex -8.2386 1.63876 8
      vertex -8.00466 2.27495 8
      vertex -8.07301 2.29983 8
    endloop
  endfacet
  facet normal 0 0 1
    outer loop
      vertex -8.3 -0.599999 8
      vertex -1.5 0 8
      vertex -8.3 0.599999 8
    endloop
  endfacet
  facet normal 0 0 1
    outer loop
      vertex -8.00466 2.27495 8
      vertex -8.2386 1.63876 8
      vertex -8.3 0.599999 8
    endloop
  endfacet
  facet normal 0 0 1
    outer loop
      vertex -1.5 0 8
      vertex -8.3 -0.599999 8
      vertex -8.00466 -2.27495 8
    endloop
  endfacet
  facet normal -0 -0 1
    outer loop
      vertex -8.2386 -1.63876 8
      vertex -8.00466 -2.27495 8
      vertex -8.3 -0.599999 8
    endloop
  endfacet
  facet normal -0 0 1
    outer loop
      vertex -8.35955 0.823343 8
      vertex -8.3 0.599999 8
      vertex -8.2386 1.63876 8
    endloop
  endfacet
  facet normal 0 0 1
    outer loop
      vertex -8.3 0.599999 8
      vertex -8.35955 0.823343 8
      vertex -8.37052 0.599999 8
    endloop
  endfacet
  facet normal 0 0 1
    outer loop
      vertex -1.38582 0.574024 8
      vertex -8.00466 2.27495 8
      vertex -1.47118 0.292635 8
    endloop
  endfacet
  facet normal 0 0 1
    outer loop
      vertex -1.5 0 8
      vertex -6.74384 -4.87551 8
      vertex -5.9725 -5.79476 8
    endloop
  endfacet
  facet normal 0 0 1
    outer loop
      vertex -6.98434 4.66679 8
      vertex -6.74384 4.87551 8
      vertex -6.79667 4.91984 8
    endloop
  endfacet
  facet normal -0 0 1
    outer loop
      vertex -8.3 0.599999 8
      vertex -1.47118 0.292635 8
      vertex -8.00466 2.27495 8
    endloop
  endfacet
  facet normal 0 0 1
    outer loop
      vertex -7.40814 3.95973 8
      vertex -6.74384 4.87551 8
      vertex -6.98434 4.66679 8
    endloop
  endfacet
  facet normal 0 0 1
    outer loop
      vertex -1.5 0 8
      vertex -7.59424 -3.40258 8
      vertex -6.74384 -4.87551 8
    endloop
  endfacet
  facet normal 0 0 1
    outer loop
      vertex -6.74384 4.87551 8
      vertex -7.40814 3.95973 8
      vertex -7.59424 3.40258 8
    endloop
  endfacet
  facet normal -0 -0 1
    outer loop
      vertex -7.40814 -3.95973 8
      vertex -6.74384 -4.87551 8
      vertex -7.59424 -3.40258 8
    endloop
  endfacet
  facet normal 0 0 1
    outer loop
      vertex -6.74384 -4.87551 8
      vertex -6.98434 -4.66679 8
      vertex -6.79667 -4.91984 8
    endloop
  endfacet
  facet normal 0 -0 1
    outer loop
      vertex -7.59424 3.40258 8
      vertex -7.40814 3.95973 8
      vertex -7.66028 3.42662 8
    endloop
  endfacet
  facet normal 0 0 1
    outer loop
      vertex -1.2472 0.833355 8
      vertex -7.59424 3.40258 8
      vertex -1.38582 0.574024 8
    endloop
  endfacet
  facet normal 0 0 1
    outer loop
      vertex -1.5 0 8
      vertex -4.66961 -6.88801 8
      vertex -3.63038 -7.48801 8
    endloop
  endfacet
  facet normal 0 0 1
    outer loop
      vertex -5.3289 6.49329 8
      vertex -4.66961 6.88801 8
      vertex -4.70771 6.95399 8
    endloop
  endfacet
  facet normal -0 0 1
    outer loop
      vertex -8.00466 2.27495 8
      vertex -1.38582 0.574024 8
      vertex -7.59424 3.40258 8
    endloop
  endfacet
  facet normal 0 0 1
    outer loop
      vertex -4.66961 6.88801 8
      vertex -5.3289 6.49329 8
      vertex -5.9725 5.79476 8
    endloop
  endfacet
  facet normal 0 0 1
    outer loop
      vertex -1.5 0 8
      vertex -5.9725 -5.79476 8
      vertex -4.66961 -6.88801 8
    endloop
  endfacet
  facet normal 0 0 1
    outer loop
      vertex -5.9725 5.79476 8
      vertex -5.3289 6.49329 8
      vertex -5.9397 5.9397 8
    endloop
  endfacet
  facet normal -0 -0 1
    outer loop
      vertex -5.3289 -6.49329 8
      vertex -4.66961 -6.88801 8
      vertex -5.9725 -5.79476 8
    endloop
  endfacet
  facet normal 0 0 1
    outer loop
      vertex -4.66961 -6.88801 8
      vertex -5.3289 -6.49329 8
      vertex -4.70771 -6.95399 8
    endloop
  endfacet
  facet normal 0 -0 1
    outer loop
      vertex -5.9725 5.79476 8
      vertex -5.9397 5.9397 8
      vertex -6.02848 5.84174 8
    endloop
  endfacet
  facet normal 0 0 1
    outer loop
      vertex -2.03216 -8.06971 8
      vertex -3.63038 -7.48801 8
      vertex -3.21454 -7.76059 8
    endloop
  endfacet
  facet normal 0 0 1
    outer loop
      vertex -3.21454 -7.76059 8
      vertex -3.63038 -7.48801 8
      vertex -3.6648 -7.54763 8
    endloop
  endfacet
  facet normal 0 0 1
    outer loop
      vertex -5.3289 -6.49329 8
      vertex -5.9725 -5.79476 8
      vertex -5.9397 -5.9397 8
    endloop
  endfacet
  facet normal 0 0 1
    outer loop
      vertex -5.9397 -5.9397 8
      vertex -5.9725 -5.79476 8
      vertex -6.02848 -5.84174 8
    endloop
  endfacet
  facet normal 0 0 1
    outer loop
      vertex -6.74384 -4.87551 8
      vertex -7.40814 -3.95973 8
      vertex -6.98434 -4.66679 8
    endloop
  endfacet
  facet normal 0 0 1
    outer loop
      vertex -7.40814 -3.95973 8
      vertex -7.59424 -3.40258 8
      vertex -7.66028 -3.42662 8
    endloop
  endfacet
  facet normal 0 0 1
    outer loop
      vertex -8.00466 -2.27495 8
      vertex -8.2386 -1.63876 8
      vertex -8.07301 -2.29983 8
    endloop
  endfacet
  facet normal 0 0 1
    outer loop
      vertex -8.3 -0.599999 8
      vertex -8.35955 -0.823343 8
      vertex -8.2386 -1.63876 8
    endloop
  endfacet
  facet normal 0 -0 1
    outer loop
      vertex -8.35955 -0.823343 8
      vertex -8.3 -0.599999 8
      vertex -8.37052 -0.599999 8
    endloop
  endfacet
  facet normal 0 0 1
    outer loop
      vertex -3.63038 -7.48801 8
      vertex -0.833355 -1.2472 8
      vertex -1.06066 -1.06066 8
    endloop
  endfacet
  facet normal 0 0 1
    outer loop
      vertex -3.63038 -7.48801 8
      vertex -1.06066 -1.06066 8
      vertex -1.2472 -0.833355 8
    endloop
  endfacet
  facet normal 0 0 1
    outer loop
      vertex -3.63038 -7.48801 8
      vertex -1.2472 -0.833355 8
      vertex -1.38582 -0.574024 8
    endloop
  endfacet
  facet normal 0 0 1
    outer loop
      vertex -3.63038 -7.48801 8
      vertex -1.38582 -0.574024 8
      vertex -1.47118 -0.292635 8
    endloop
  endfacet
  facet normal 0 0 1
    outer loop
      vertex -3.63038 -7.48801 8
      vertex -1.47118 -0.292635 8
      vertex -1.5 0 8
    endloop
  endfacet
  facet normal 0 0 1
    outer loop
      vertex -0.292635 -1.47118 8
      vertex -2.03216 -8.06971 8
      vertex -0.850395 -8.27809 8
    endloop
  endfacet
  facet normal 0 0 1
    outer loop
      vertex -1.06066 1.06066 8
      vertex -6.74384 4.87551 8
      vertex -1.2472 0.833355 8
    endloop
  endfacet
  facet normal 0 0 1
    outer loop
      vertex -2.43839 8.0383 8
      vertex -2.03216 8.06971 8
      vertex -2.04404 8.13708 8
    endloop
  endfacet
  facet normal -0 0 1
    outer loop
      vertex -7.59424 3.40258 8
      vertex -1.2472 0.833355 8
      vertex -6.74384 4.87551 8
    endloop
  endfacet
  facet normal 0 0 1
    outer loop
      vertex -3.21454 7.76059 8
      vertex -2.03216 8.06971 8
      vertex -2.43839 8.0383 8
    endloop
  endfacet
  facet normal 0 0 1
    outer loop
      vertex -0.574024 -1.38582 8
      vertex -3.63038 -7.48801 8
      vertex -2.03216 -8.06971 8
    endloop
  endfacet
  facet normal 0 0 1
    outer loop
      vertex -2.03216 8.06971 8
      vertex -3.21454 7.76059 8
      vertex -3.63038 7.48801 8
    endloop
  endfacet
  facet normal -0 -0 1
    outer loop
      vertex -2.43839 -8.0383 8
      vertex -2.03216 -8.06971 8
      vertex -3.21454 -7.76059 8
    endloop
  endfacet
  facet normal 0 0 1
    outer loop
      vertex -2.03216 -8.06971 8
      vertex -2.43839 -8.0383 8
      vertex -2.04404 -8.13708 8
    endloop
  endfacet
  facet normal 0 -0 1
    outer loop
      vertex -3.63038 7.48801 8
      vertex -3.21454 7.76059 8
      vertex -3.6648 7.54763 8
    endloop
  endfacet
  facet normal -0 0 1
    outer loop
      vertex -3.63038 7.48801 8
      vertex -0.574024 1.38582 8
      vertex -2.03216 8.06971 8
    endloop
  endfacet
  facet normal 0 0 1
    outer loop
      vertex -0.574024 1.38582 8
      vertex -3.63038 7.48801 8
      vertex -0.833355 1.2472 8
    endloop
  endfacet
  facet normal -0 0 1
    outer loop
      vertex -4.66961 6.88801 8
      vertex -0.833355 1.2472 8
      vertex -3.63038 7.48801 8
    endloop
  endfacet
  facet normal 0 0 1
    outer loop
      vertex -0.833355 1.2472 8
      vertex -4.66961 6.88801 8
      vertex -1.06066 1.06066 8
    endloop
  endfacet
  facet normal -0 0 1
    outer loop
      vertex -5.9725 5.79476 8
      vertex -1.06066 1.06066 8
      vertex -4.66961 6.88801 8
    endloop
  endfacet
  facet normal -0 0 1
    outer loop
      vertex -6.74384 4.87551 8
      vertex -1.06066 1.06066 8
      vertex -5.9725 5.79476 8
    endloop
  endfacet
  facet normal -0.103862 -0.699808 -0.70674
    outer loop
      vertex -0.823343 -8.35955 0
      vertex -0.868775 -8.38233 0.0292332
      vertex -0.863703 -8.35356 0
    endloop
  endfacet
  facet normal -0.171919 -0.686334 -0.706675
    outer loop
      vertex -2.09632 -8.43358 0.300684
      vertex -2.43839 -8.0383 0
      vertex -2.04404 -8.13708 0
    endloop
  endfacet
  facet normal 0.686329 0.171919 -0.70668
    outer loop
      vertex 8.2386 1.63876 0
      vertex 8.16129 2.33196 0.0935557
      vertex 8.82707 1.75581 0.599999
    endloop
  endfacet
  facet normal 0.686335 0.171919 -0.706674
    outer loop
      vertex 8.16129 2.33196 0.0935557
      vertex 8.2386 1.63876 0
      vertex 8.07301 2.29983 0
    endloop
  endfacet
  facet normal 0.706681 -0.0347135 -0.706681
    outer loop
      vertex 8.95666 -0.882154 0.599999
      vertex 8.53328 -0.599999 0.162759
      vertex 8.97052 -0.599999 0.599999
    endloop
  endfacet
  facet normal 0.706681 -0.0347133 -0.706681
    outer loop
      vertex 8.53328 -0.599999 0.162759
      vertex 8.95666 -0.882154 0.599999
      vertex 8.35955 -0.823343 0
    endloop
  endfacet
  facet normal 0.034719 -0.70668 -0.706681
    outer loop
      vertex 0.882154 -8.95666 0.599999
      vertex 0 -9 0.599999
      vertex 0.823343 -8.35955 0
    endloop
  endfacet
  facet normal 0.103775 -0.699879 -0.706682
    outer loop
      vertex 0.882154 -8.95666 0.599999
      vertex 0.868775 -8.38233 0.0292332
      vertex 0.967805 -8.94396 0.599999
    endloop
  endfacet
  facet normal 0.103789 -0.699878 -0.706681
    outer loop
      vertex 0.868775 -8.38233 0.0292332
      vertex 0.882154 -8.95666 0.599999
      vertex 0.823343 -8.35955 0
    endloop
  endfacet
  facet normal -0.0490706 -0.998795 0
    outer loop
      vertex -0.882154 -8.95666 0.599999
      vertex 0 -9 7.4
      vertex -0.882154 -8.95666 7.4
    endloop
  endfacet
  facet normal -0.0490706 -0.998795 -0
    outer loop
      vertex 0 -9 7.4
      vertex -0.882154 -8.95666 0.599999
      vertex 0 -9 0.599999
    endloop
  endfacet
  facet normal -0.238355 -0.666174 0.706682
    outer loop
      vertex -3.21454 -7.76059 8
      vertex -3.44415 -8.31492 7.4
      vertex -2.61256 -8.61246 7.4
    endloop
  endfacet
  facet normal -0.336882 -0.941547 0
    outer loop
      vertex -3.44415 -8.31492 0.599999
      vertex -2.61256 -8.61246 7.4
      vertex -3.44415 -8.31492 7.4
    endloop
  endfacet
  facet normal -0.336882 -0.941547 -0
    outer loop
      vertex -2.61256 -8.61246 7.4
      vertex -3.44415 -8.31492 0.599999
      vertex -2.61256 -8.61246 0.599999
    endloop
  endfacet
  facet normal 0.706679 -0.03471 -0.706683
    outer loop
      vertex 8.53328 -0.599999 0.162759
      vertex 8.35955 -0.823343 0
      vertex 8.37052 -0.599999 0
    endloop
  endfacet
  facet normal -0.471409 0.881915 0
    outer loop
      vertex -0.574024 1.38582 8
      vertex -0.833355 1.2472 14.6
      vertex -0.574024 1.38582 14.6
    endloop
  endfacet
  facet normal -0.471409 0.881915 0
    outer loop
      vertex -0.833355 1.2472 14.6
      vertex -0.574024 1.38582 8
      vertex -0.833355 1.2472 8
    endloop
  endfacet
  facet normal 0.956939 0.29029 0
    outer loop
      vertex 1.47118 0.292635 14.6
      vertex 1.38582 0.574024 8
      vertex 1.38582 0.574024 14.6
    endloop
  endfacet
  facet normal 0.956939 0.29029 0
    outer loop
      vertex 1.38582 0.574024 8
      vertex 1.47118 0.292635 14.6
      vertex 1.47118 0.292635 8
    endloop
  endfacet
  facet normal 0.995185 0.0980103 0
    outer loop
      vertex 1.5 0 14.6
      vertex 1.47118 0.292635 8
      vertex 1.47118 0.292635 14.6
    endloop
  endfacet
  facet normal 0.995185 0.0980103 0
    outer loop
      vertex 1.47118 0.292635 8
      vertex 1.5 0 14.6
      vertex 1.5 0 8
    endloop
  endfacet
  facet normal 0.881915 0.471409 0
    outer loop
      vertex 1.38582 0.574024 14.6
      vertex 1.2472 0.833355 8
      vertex 1.2472 0.833355 14.6
    endloop
  endfacet
  facet normal 0.881915 0.471409 0
    outer loop
      vertex 1.2472 0.833355 8
      vertex 1.38582 0.574024 14.6
      vertex 1.38582 0.574024 8
    endloop
  endfacet
  facet normal -0.956939 -0.29029 0
    outer loop
      vertex -1.38582 -0.574024 8
      vertex -1.47118 -0.292635 14.6
      vertex -1.47118 -0.292635 8
    endloop
  endfacet
  facet normal -0.956939 -0.29029 0
    outer loop
      vertex -1.47118 -0.292635 14.6
      vertex -1.38582 -0.574024 8
      vertex -1.38582 -0.574024 14.6
    endloop
  endfacet
  facet normal 0.471409 -0.881915 0
    outer loop
      vertex 0.574024 -1.38582 8
      vertex 0.833355 -1.2472 14.6
      vertex 0.574024 -1.38582 14.6
    endloop
  endfacet
  facet normal 0.471409 -0.881915 0
    outer loop
      vertex 0.833355 -1.2472 14.6
      vertex 0.574024 -1.38582 8
      vertex 0.833355 -1.2472 8
    endloop
  endfacet
  facet normal -0.881915 0.471409 0
    outer loop
      vertex -1.38582 0.574024 8
      vertex -1.2472 0.833355 14.6
      vertex -1.2472 0.833355 8
    endloop
  endfacet
  facet normal -0.881915 0.471409 0
    outer loop
      vertex -1.2472 0.833355 14.6
      vertex -1.38582 0.574024 8
      vertex -1.38582 0.574024 14.6
    endloop
  endfacet
  facet normal 0.773018 0.634384 0
    outer loop
      vertex 1.2472 0.833355 14.6
      vertex 1.06066 1.06066 8
      vertex 1.06066 1.06066 14.6
    endloop
  endfacet
  facet normal 0.773018 0.634384 0
    outer loop
      vertex 1.06066 1.06066 8
      vertex 1.2472 0.833355 14.6
      vertex 1.2472 0.833355 8
    endloop
  endfacet
  facet normal 0.956939 -0.29029 0
    outer loop
      vertex 1.38582 -0.574024 14.6
      vertex 1.47118 -0.292635 8
      vertex 1.47118 -0.292635 14.6
    endloop
  endfacet
  facet normal 0.956939 -0.29029 0
    outer loop
      vertex 1.47118 -0.292635 8
      vertex 1.38582 -0.574024 14.6
      vertex 1.38582 -0.574024 8
    endloop
  endfacet
  facet normal -0.881915 -0.471409 0
    outer loop
      vertex -1.2472 -0.833355 8
      vertex -1.38582 -0.574024 14.6
      vertex -1.38582 -0.574024 8
    endloop
  endfacet
  facet normal -0.881915 -0.471409 0
    outer loop
      vertex -1.38582 -0.574024 14.6
      vertex -1.2472 -0.833355 8
      vertex -1.2472 -0.833355 14.6
    endloop
  endfacet
  facet normal 0.995185 -0.0980103 0
    outer loop
      vertex 1.47118 -0.292635 14.6
      vertex 1.5 0 8
      vertex 1.5 0 14.6
    endloop
  endfacet
  facet normal 0.995185 -0.0980103 0
    outer loop
      vertex 1.5 0 8
      vertex 1.47118 -0.292635 14.6
      vertex 1.47118 -0.292635 8
    endloop
  endfacet
  facet normal 0.471409 0.881915 -0
    outer loop
      vertex 0.833355 1.2472 8
      vertex 0.574024 1.38582 14.6
      vertex 0.833355 1.2472 14.6
    endloop
  endfacet
  facet normal 0.471409 0.881915 0
    outer loop
      vertex 0.574024 1.38582 14.6
      vertex 0.833355 1.2472 8
      vertex 0.574024 1.38582 8
    endloop
  endfacet
  facet normal 0.0980103 0.995185 -0
    outer loop
      vertex 0.292635 1.47118 8
      vertex 0 1.5 14.6
      vertex 0.292635 1.47118 14.6
    endloop
  endfacet
  facet normal 0.0980103 0.995185 0
    outer loop
      vertex 0 1.5 14.6
      vertex 0.292635 1.47118 8
      vertex 0 1.5 8
    endloop
  endfacet
  facet normal 0.634384 0.773018 -0
    outer loop
      vertex 1.06066 1.06066 8
      vertex 0.833355 1.2472 14.6
      vertex 1.06066 1.06066 14.6
    endloop
  endfacet
  facet normal 0.634384 0.773018 0
    outer loop
      vertex 0.833355 1.2472 14.6
      vertex 1.06066 1.06066 8
      vertex 0.833355 1.2472 8
    endloop
  endfacet
  facet normal 0.881915 -0.471409 0
    outer loop
      vertex 1.2472 -0.833355 14.6
      vertex 1.38582 -0.574024 8
      vertex 1.38582 -0.574024 14.6
    endloop
  endfacet
  facet normal 0.881915 -0.471409 0
    outer loop
      vertex 1.38582 -0.574024 8
      vertex 1.2472 -0.833355 14.6
      vertex 1.2472 -0.833355 8
    endloop
  endfacet
  facet normal 0.0980103 -0.995185 0
    outer loop
      vertex 0 -1.5 8
      vertex 0.292635 -1.47118 14.6
      vertex 0 -1.5 14.6
    endloop
  endfacet
  facet normal 0.0980103 -0.995185 0
    outer loop
      vertex 0.292635 -1.47118 14.6
      vertex 0 -1.5 8
      vertex 0.292635 -1.47118 8
    endloop
  endfacet
  facet normal -0.471409 -0.881915 0
    outer loop
      vertex -0.833355 -1.2472 8
      vertex -0.574024 -1.38582 14.6
      vertex -0.833355 -1.2472 14.6
    endloop
  endfacet
  facet normal -0.471409 -0.881915 -0
    outer loop
      vertex -0.574024 -1.38582 14.6
      vertex -0.833355 -1.2472 8
      vertex -0.574024 -1.38582 8
    endloop
  endfacet
  facet normal 0.773018 -0.634384 0
    outer loop
      vertex 1.06066 -1.06066 14.6
      vertex 1.2472 -0.833355 8
      vertex 1.2472 -0.833355 14.6
    endloop
  endfacet
  facet normal 0.773018 -0.634384 0
    outer loop
      vertex 1.2472 -0.833355 8
      vertex 1.06066 -1.06066 14.6
      vertex 1.06066 -1.06066 8
    endloop
  endfacet
  facet normal 0.634384 -0.773018 0
    outer loop
      vertex 0.833355 -1.2472 8
      vertex 1.06066 -1.06066 14.6
      vertex 0.833355 -1.2472 14.6
    endloop
  endfacet
  facet normal 0.634384 -0.773018 0
    outer loop
      vertex 1.06066 -1.06066 14.6
      vertex 0.833355 -1.2472 8
      vertex 1.06066 -1.06066 8
    endloop
  endfacet
  facet normal -0.773018 0.634384 0
    outer loop
      vertex -1.2472 0.833355 8
      vertex -1.06066 1.06066 14.6
      vertex -1.06066 1.06066 8
    endloop
  endfacet
  facet normal -0.773018 0.634384 0
    outer loop
      vertex -1.06066 1.06066 14.6
      vertex -1.2472 0.833355 8
      vertex -1.2472 0.833355 14.6
    endloop
  endfacet
  facet normal 0.29029 0.956939 -0
    outer loop
      vertex 0.574024 1.38582 8
      vertex 0.292635 1.47118 14.6
      vertex 0.574024 1.38582 14.6
    endloop
  endfacet
  facet normal 0.29029 0.956939 0
    outer loop
      vertex 0.292635 1.47118 14.6
      vertex 0.574024 1.38582 8
      vertex 0.292635 1.47118 8
    endloop
  endfacet
  facet normal -0.634384 0.773018 0
    outer loop
      vertex -0.833355 1.2472 8
      vertex -1.06066 1.06066 14.6
      vertex -0.833355 1.2472 14.6
    endloop
  endfacet
  facet normal -0.634384 0.773018 0
    outer loop
      vertex -1.06066 1.06066 14.6
      vertex -0.833355 1.2472 8
      vertex -1.06066 1.06066 8
    endloop
  endfacet
  facet normal -0.0980103 0.995185 0
    outer loop
      vertex 0 1.5 8
      vertex -0.292635 1.47118 14.6
      vertex 0 1.5 14.6
    endloop
  endfacet
  facet normal -0.0980103 0.995185 0
    outer loop
      vertex -0.292635 1.47118 14.6
      vertex 0 1.5 8
      vertex -0.292635 1.47118 8
    endloop
  endfacet
  facet normal -0.29029 0.956939 0
    outer loop
      vertex -0.292635 1.47118 8
      vertex -0.574024 1.38582 14.6
      vertex -0.292635 1.47118 14.6
    endloop
  endfacet
  facet normal -0.29029 0.956939 0
    outer loop
      vertex -0.574024 1.38582 14.6
      vertex -0.292635 1.47118 8
      vertex -0.574024 1.38582 8
    endloop
  endfacet
  facet normal -0.773018 -0.634384 0
    outer loop
      vertex -1.06066 -1.06066 8
      vertex -1.2472 -0.833355 14.6
      vertex -1.2472 -0.833355 8
    endloop
  endfacet
  facet normal -0.773018 -0.634384 0
    outer loop
      vertex -1.2472 -0.833355 14.6
      vertex -1.06066 -1.06066 8
      vertex -1.06066 -1.06066 14.6
    endloop
  endfacet
  facet normal -0.0980103 -0.995185 0
    outer loop
      vertex -0.292635 -1.47118 8
      vertex 0 -1.5 14.6
      vertex -0.292635 -1.47118 14.6
    endloop
  endfacet
  facet normal -0.0980103 -0.995185 -0
    outer loop
      vertex 0 -1.5 14.6
      vertex -0.292635 -1.47118 8
      vertex 0 -1.5 8
    endloop
  endfacet
  facet normal -0.29029 -0.956939 0
    outer loop
      vertex -0.574024 -1.38582 8
      vertex -0.292635 -1.47118 14.6
      vertex -0.574024 -1.38582 14.6
    endloop
  endfacet
  facet normal -0.29029 -0.956939 -0
    outer loop
      vertex -0.292635 -1.47118 14.6
      vertex -0.574024 -1.38582 8
      vertex -0.292635 -1.47118 8
    endloop
  endfacet
  facet normal -0.995185 -0.0980103 0
    outer loop
      vertex -1.47118 -0.292635 8
      vertex -1.5 0 14.6
      vertex -1.5 0 8
    endloop
  endfacet
  facet normal -0.995185 -0.0980103 0
    outer loop
      vertex -1.5 0 14.6
      vertex -1.47118 -0.292635 8
      vertex -1.47118 -0.292635 14.6
    endloop
  endfacet
  facet normal -0.634384 -0.773018 0
    outer loop
      vertex -1.06066 -1.06066 8
      vertex -0.833355 -1.2472 14.6
      vertex -1.06066 -1.06066 14.6
    endloop
  endfacet
  facet normal -0.634384 -0.773018 -0
    outer loop
      vertex -0.833355 -1.2472 14.6
      vertex -1.06066 -1.06066 8
      vertex -0.833355 -1.2472 8
    endloop
  endfacet
  facet normal 0.29029 -0.956939 0
    outer loop
      vertex 0.292635 -1.47118 8
      vertex 0.574024 -1.38582 14.6
      vertex 0.292635 -1.47118 14.6
    endloop
  endfacet
  facet normal 0.29029 -0.956939 0
    outer loop
      vertex 0.574024 -1.38582 14.6
      vertex 0.292635 -1.47118 8
      vertex 0.574024 -1.38582 8
    endloop
  endfacet
  facet normal -0.956939 0.29029 0
    outer loop
      vertex -1.47118 0.292635 8
      vertex -1.38582 0.574024 14.6
      vertex -1.38582 0.574024 8
    endloop
  endfacet
  facet normal -0.956939 0.29029 0
    outer loop
      vertex -1.38582 0.574024 14.6
      vertex -1.47118 0.292635 8
      vertex -1.47118 0.292635 14.6
    endloop
  endfacet
  facet normal -0.995185 0.0980103 0
    outer loop
      vertex -1.5 0 8
      vertex -1.47118 0.292635 14.6
      vertex -1.47118 0.292635 8
    endloop
  endfacet
  facet normal -0.995185 0.0980103 0
    outer loop
      vertex -1.47118 0.292635 14.6
      vertex -1.5 0 8
      vertex -1.5 0 14.6
    endloop
  endfacet
  facet normal 0.625113 -0.334141 0.705396
    outer loop
      vertex 1.38582 -0.574024 14.6
      vertex 1.01627 -0.420951 15
      vertex 1.2472 -0.833355 14.6
    endloop
  endfacet
  facet normal 0.625114 -0.33414 0.705396
    outer loop
      vertex 1.01627 -0.420951 15
      vertex 0.914616 -0.611127 15
      vertex 1.2472 -0.833355 14.6
    endloop
  endfacet
  facet normal 0.0694703 0.705394 0.705403
    outer loop
      vertex 0.292635 1.47118 14.6
      vertex 0 1.5 14.6
      vertex 0.214599 1.07886 15
    endloop
  endfacet
  facet normal 0.449659 -0.547924 0.705398
    outer loop
      vertex 1.06066 -1.06066 14.6
      vertex 0.777817 -0.777817 15
      vertex 0.833355 -1.2472 14.6
    endloop
  endfacet
  facet normal 0.705398 0.0694882 0.705398
    outer loop
      vertex 1.5 0 14.6
      vertex 1.07886 0.214599 15
      vertex 1.1 0 15
    endloop
  endfacet
  facet normal 0.705394 0.0694703 0.705403
    outer loop
      vertex 1.47118 0.292635 14.6
      vertex 1.07886 0.214599 15
      vertex 1.5 0 14.6
    endloop
  endfacet
  facet normal -0.0694703 -0.705394 0.705403
    outer loop
      vertex -0.214599 -1.07886 15
      vertex -0.292635 -1.47118 14.6
      vertex 0 -1.5 14.6
    endloop
  endfacet
  facet normal -0.0694882 0.705398 0.705398
    outer loop
      vertex 0 1.5 14.6
      vertex -0.214599 1.07886 15
      vertex 0 1.1 15
    endloop
  endfacet
  facet normal 0.205737 -0.67829 0.705404
    outer loop
      vertex 0.420951 -1.01627 15
      vertex 0.214599 -1.07886 15
      vertex 0.292635 -1.47118 14.6
    endloop
  endfacet
  facet normal 0.67829 -0.205761 0.705397
    outer loop
      vertex 1.47118 -0.292635 14.6
      vertex 1.01627 -0.420951 15
      vertex 1.38582 -0.574024 14.6
    endloop
  endfacet
  facet normal -0.0694703 0.705394 0.705403
    outer loop
      vertex 0 1.5 14.6
      vertex -0.292635 1.47118 14.6
      vertex -0.214599 1.07886 15
    endloop
  endfacet
  facet normal 0.625114 0.33414 0.705396
    outer loop
      vertex 1.2472 0.833355 14.6
      vertex 0.914616 0.611127 15
      vertex 1.01627 0.420951 15
    endloop
  endfacet
  facet normal 0.67829 0.205761 0.705397
    outer loop
      vertex 1.38582 0.574024 14.6
      vertex 1.01627 0.420951 15
      vertex 1.47118 0.292635 14.6
    endloop
  endfacet
  facet normal -0.67829 -0.205761 0.705397
    outer loop
      vertex -1.01627 -0.420951 15
      vertex -1.47118 -0.292635 14.6
      vertex -1.38582 -0.574024 14.6
    endloop
  endfacet
  facet normal 0.547924 -0.449659 0.705398
    outer loop
      vertex 1.2472 -0.833355 14.6
      vertex 0.777817 -0.777817 15
      vertex 1.06066 -1.06066 14.6
    endloop
  endfacet
  facet normal 0.625113 0.334141 0.705396
    outer loop
      vertex 1.2472 0.833355 14.6
      vertex 1.01627 0.420951 15
      vertex 1.38582 0.574024 14.6
    endloop
  endfacet
  facet normal -0.449659 -0.547924 0.705398
    outer loop
      vertex -0.777817 -0.777817 15
      vertex -1.06066 -1.06066 14.6
      vertex -0.833355 -1.2472 14.6
    endloop
  endfacet
  facet normal 0.33414 0.625114 0.705396
    outer loop
      vertex 0.833355 1.2472 14.6
      vertex 0.420951 1.01627 15
      vertex 0.611127 0.914616 15
    endloop
  endfacet
  facet normal -0.334141 -0.625113 0.705396
    outer loop
      vertex -0.420951 -1.01627 15
      vertex -0.833355 -1.2472 14.6
      vertex -0.574024 -1.38582 14.6
    endloop
  endfacet
  facet normal 0.547921 0.449667 0.705395
    outer loop
      vertex 1.2472 0.833355 14.6
      vertex 0.777817 0.777817 15
      vertex 0.914616 0.611127 15
    endloop
  endfacet
  facet normal -0.625113 0.334141 0.705396
    outer loop
      vertex -1.2472 0.833355 14.6
      vertex -1.38582 0.574024 14.6
      vertex -1.01627 0.420951 15
    endloop
  endfacet
  facet normal -0.547924 -0.449659 0.705398
    outer loop
      vertex -0.777817 -0.777817 15
      vertex -1.2472 -0.833355 14.6
      vertex -1.06066 -1.06066 14.6
    endloop
  endfacet
  facet normal -0.547924 0.449659 0.705398
    outer loop
      vertex -1.06066 1.06066 14.6
      vertex -1.2472 0.833355 14.6
      vertex -0.777817 0.777817 15
    endloop
  endfacet
  facet normal -0.449667 -0.547921 0.705395
    outer loop
      vertex -0.777817 -0.777817 15
      vertex -0.833355 -1.2472 14.6
      vertex -0.611127 -0.914616 15
    endloop
  endfacet
  facet normal 0.449667 -0.547921 0.705395
    outer loop
      vertex 0.777817 -0.777817 15
      vertex 0.611127 -0.914616 15
      vertex 0.833355 -1.2472 14.6
    endloop
  endfacet
  facet normal -0.33414 -0.625114 0.705396
    outer loop
      vertex -0.611127 -0.914616 15
      vertex -0.833355 -1.2472 14.6
      vertex -0.420951 -1.01627 15
    endloop
  endfacet
  facet normal -0.705394 -0.0694703 0.705403
    outer loop
      vertex -1.07886 -0.214599 15
      vertex -1.5 0 14.6
      vertex -1.47118 -0.292635 14.6
    endloop
  endfacet
  facet normal -0.705394 0.0694703 0.705403
    outer loop
      vertex -1.47118 0.292635 14.6
      vertex -1.5 0 14.6
      vertex -1.07886 0.214599 15
    endloop
  endfacet
  facet normal -0.67829 0.205737 0.705404
    outer loop
      vertex -1.01627 0.420951 15
      vertex -1.47118 0.292635 14.6
      vertex -1.07886 0.214599 15
    endloop
  endfacet
  facet normal 0.334141 0.625113 0.705396
    outer loop
      vertex 0.574024 1.38582 14.6
      vertex 0.420951 1.01627 15
      vertex 0.833355 1.2472 14.6
    endloop
  endfacet
  facet normal 0.449659 0.547924 0.705398
    outer loop
      vertex 0.833355 1.2472 14.6
      vertex 0.777817 0.777817 15
      vertex 1.06066 1.06066 14.6
    endloop
  endfacet
  facet normal 0.205737 0.67829 0.705404
    outer loop
      vertex 0.292635 1.47118 14.6
      vertex 0.214599 1.07886 15
      vertex 0.420951 1.01627 15
    endloop
  endfacet
  facet normal -0.67829 0.205761 0.705397
    outer loop
      vertex -1.38582 0.574024 14.6
      vertex -1.47118 0.292635 14.6
      vertex -1.01627 0.420951 15
    endloop
  endfacet
  facet normal -0.625114 -0.33414 0.705396
    outer loop
      vertex -1.01627 -0.420951 15
      vertex -1.2472 -0.833355 14.6
      vertex -0.914616 -0.611127 15
    endloop
  endfacet
  facet normal -0.449659 0.547924 0.705398
    outer loop
      vertex -0.833355 1.2472 14.6
      vertex -1.06066 1.06066 14.6
      vertex -0.777817 0.777817 15
    endloop
  endfacet
  facet normal -0.205761 0.67829 0.705397
    outer loop
      vertex -0.292635 1.47118 14.6
      vertex -0.574024 1.38582 14.6
      vertex -0.420951 1.01627 15
    endloop
  endfacet
  facet normal -0.205761 -0.67829 0.705397
    outer loop
      vertex -0.420951 -1.01627 15
      vertex -0.574024 -1.38582 14.6
      vertex -0.292635 -1.47118 14.6
    endloop
  endfacet
  facet normal 0.705394 -0.0694703 0.705403
    outer loop
      vertex 1.5 0 14.6
      vertex 1.07886 -0.214599 15
      vertex 1.47118 -0.292635 14.6
    endloop
  endfacet
  facet normal 0.705398 -0.0694882 0.705398
    outer loop
      vertex 1.1 0 15
      vertex 1.07886 -0.214599 15
      vertex 1.5 0 14.6
    endloop
  endfacet
  facet normal -0.705398 -0.0694882 0.705398
    outer loop
      vertex -1.1 0 15
      vertex -1.5 0 14.6
      vertex -1.07886 -0.214599 15
    endloop
  endfacet
  facet normal -0.205737 -0.67829 0.705404
    outer loop
      vertex -0.214599 -1.07886 15
      vertex -0.420951 -1.01627 15
      vertex -0.292635 -1.47118 14.6
    endloop
  endfacet
  facet normal 0.67829 0.205737 0.705404
    outer loop
      vertex 1.47118 0.292635 14.6
      vertex 1.01627 0.420951 15
      vertex 1.07886 0.214599 15
    endloop
  endfacet
  facet normal -0.547921 -0.449667 0.705395
    outer loop
      vertex -0.914616 -0.611127 15
      vertex -1.2472 -0.833355 14.6
      vertex -0.777817 -0.777817 15
    endloop
  endfacet
  facet normal -0.625113 -0.334141 0.705396
    outer loop
      vertex -1.01627 -0.420951 15
      vertex -1.38582 -0.574024 14.6
      vertex -1.2472 -0.833355 14.6
    endloop
  endfacet
  facet normal 0.547921 -0.449667 0.705395
    outer loop
      vertex 0.914616 -0.611127 15
      vertex 0.777817 -0.777817 15
      vertex 1.2472 -0.833355 14.6
    endloop
  endfacet
  facet normal -0.67829 -0.205737 0.705404
    outer loop
      vertex -1.07886 -0.214599 15
      vertex -1.47118 -0.292635 14.6
      vertex -1.01627 -0.420951 15
    endloop
  endfacet
  facet normal 0.0694882 0.705398 0.705398
    outer loop
      vertex 0 1.5 14.6
      vertex 0 1.1 15
      vertex 0.214599 1.07886 15
    endloop
  endfacet
  facet normal 0.334141 -0.625113 0.705396
    outer loop
      vertex 0.833355 -1.2472 14.6
      vertex 0.420951 -1.01627 15
      vertex 0.574024 -1.38582 14.6
    endloop
  endfacet
  facet normal 0.33414 -0.625114 0.705396
    outer loop
      vertex 0.611127 -0.914616 15
      vertex 0.420951 -1.01627 15
      vertex 0.833355 -1.2472 14.6
    endloop
  endfacet
  facet normal -0.449667 0.547921 0.705395
    outer loop
      vertex -0.611127 0.914616 15
      vertex -0.833355 1.2472 14.6
      vertex -0.777817 0.777817 15
    endloop
  endfacet
  facet normal -0.334141 0.625113 0.705396
    outer loop
      vertex -0.574024 1.38582 14.6
      vertex -0.833355 1.2472 14.6
      vertex -0.420951 1.01627 15
    endloop
  endfacet
  facet normal -0.0694882 -0.705398 0.705398
    outer loop
      vertex 0 -1.1 15
      vertex -0.214599 -1.07886 15
      vertex 0 -1.5 14.6
    endloop
  endfacet
  facet normal 0.205761 0.67829 0.705397
    outer loop
      vertex 0.574024 1.38582 14.6
      vertex 0.292635 1.47118 14.6
      vertex 0.420951 1.01627 15
    endloop
  endfacet
  facet normal 0.205761 -0.67829 0.705397
    outer loop
      vertex 0.420951 -1.01627 15
      vertex 0.292635 -1.47118 14.6
      vertex 0.574024 -1.38582 14.6
    endloop
  endfacet
  facet normal -0.547921 0.449667 0.705395
    outer loop
      vertex -0.777817 0.777817 15
      vertex -1.2472 0.833355 14.6
      vertex -0.914616 0.611127 15
    endloop
  endfacet
  facet normal 0.67829 -0.205737 0.705404
    outer loop
      vertex 1.07886 -0.214599 15
      vertex 1.01627 -0.420951 15
      vertex 1.47118 -0.292635 14.6
    endloop
  endfacet
  facet normal 0.547924 0.449659 0.705398
    outer loop
      vertex 1.06066 1.06066 14.6
      vertex 0.777817 0.777817 15
      vertex 1.2472 0.833355 14.6
    endloop
  endfacet
  facet normal 0.449667 0.547921 0.705395
    outer loop
      vertex 0.833355 1.2472 14.6
      vertex 0.611127 0.914616 15
      vertex 0.777817 0.777817 15
    endloop
  endfacet
  facet normal -0.33414 0.625114 0.705396
    outer loop
      vertex -0.420951 1.01627 15
      vertex -0.833355 1.2472 14.6
      vertex -0.611127 0.914616 15
    endloop
  endfacet
  facet normal 0.0694703 -0.705394 0.705403
    outer loop
      vertex 0.214599 -1.07886 15
      vertex 0 -1.5 14.6
      vertex 0.292635 -1.47118 14.6
    endloop
  endfacet
  facet normal 0 0 1
    outer loop
      vertex 1.07886 0.214599 15
      vertex 1.07886 -0.214599 15
      vertex 1.1 0 15
    endloop
  endfacet
  facet normal 0 0 1
    outer loop
      vertex 1.01627 0.420951 15
      vertex 1.07886 -0.214599 15
      vertex 1.07886 0.214599 15
    endloop
  endfacet
  facet normal 0 0 1
    outer loop
      vertex 1.01627 0.420951 15
      vertex 1.01627 -0.420951 15
      vertex 1.07886 -0.214599 15
    endloop
  endfacet
  facet normal 0 0 1
    outer loop
      vertex 0.914616 0.611127 15
      vertex 1.01627 -0.420951 15
      vertex 1.01627 0.420951 15
    endloop
  endfacet
  facet normal 0 0 1
    outer loop
      vertex 0.914616 0.611127 15
      vertex 0.914616 -0.611127 15
      vertex 1.01627 -0.420951 15
    endloop
  endfacet
  facet normal 0 0 1
    outer loop
      vertex 0.777817 0.777817 15
      vertex 0.914616 -0.611127 15
      vertex 0.914616 0.611127 15
    endloop
  endfacet
  facet normal 0 0 1
    outer loop
      vertex 0.777817 0.777817 15
      vertex 0.777817 -0.777817 15
      vertex 0.914616 -0.611127 15
    endloop
  endfacet
  facet normal 0 0 1
    outer loop
      vertex 0.611127 0.914616 15
      vertex 0.777817 -0.777817 15
      vertex 0.777817 0.777817 15
    endloop
  endfacet
  facet normal 0 0 1
    outer loop
      vertex 0.611127 0.914616 15
      vertex 0.611127 -0.914616 15
      vertex 0.777817 -0.777817 15
    endloop
  endfacet
  facet normal 0 0 1
    outer loop
      vertex 0.420951 1.01627 15
      vertex 0.611127 -0.914616 15
      vertex 0.611127 0.914616 15
    endloop
  endfacet
  facet normal 0 0 1
    outer loop
      vertex 0.420951 1.01627 15
      vertex 0.420951 -1.01627 15
      vertex 0.611127 -0.914616 15
    endloop
  endfacet
  facet normal 0 0 1
    outer loop
      vertex 0.214599 1.07886 15
      vertex 0.420951 -1.01627 15
      vertex 0.420951 1.01627 15
    endloop
  endfacet
  facet normal 0 0 1
    outer loop
      vertex 0.214599 1.07886 15
      vertex 0.214599 -1.07886 15
      vertex 0.420951 -1.01627 15
    endloop
  endfacet
  facet normal 0 0 1
    outer loop
      vertex 0 1.1 15
      vertex 0.214599 -1.07886 15
      vertex 0.214599 1.07886 15
    endloop
  endfacet
  facet normal 0 0 1
    outer loop
      vertex 0 1.1 15
      vertex 0 -1.1 15
      vertex 0.214599 -1.07886 15
    endloop
  endfacet
  facet normal -0 0 1
    outer loop
      vertex -0.214599 1.07886 15
      vertex 0 -1.1 15
      vertex 0 1.1 15
    endloop
  endfacet
  facet normal 0 0 1
    outer loop
      vertex -0.214599 1.07886 15
      vertex -0.214599 -1.07886 15
      vertex 0 -1.1 15
    endloop
  endfacet
  facet normal -0 0 1
    outer loop
      vertex -0.420951 1.01627 15
      vertex -0.214599 -1.07886 15
      vertex -0.214599 1.07886 15
    endloop
  endfacet
  facet normal 0 0 1
    outer loop
      vertex -0.420951 1.01627 15
      vertex -0.420951 -1.01627 15
      vertex -0.214599 -1.07886 15
    endloop
  endfacet
  facet normal -0 0 1
    outer loop
      vertex -0.611127 0.914616 15
      vertex -0.420951 -1.01627 15
      vertex -0.420951 1.01627 15
    endloop
  endfacet
  facet normal 0 0 1
    outer loop
      vertex -0.611127 0.914616 15
      vertex -0.611127 -0.914616 15
      vertex -0.420951 -1.01627 15
    endloop
  endfacet
  facet normal -0 0 1
    outer loop
      vertex -0.777817 0.777817 15
      vertex -0.611127 -0.914616 15
      vertex -0.611127 0.914616 15
    endloop
  endfacet
  facet normal 0 0 1
    outer loop
      vertex -0.777817 0.777817 15
      vertex -0.777817 -0.777817 15
      vertex -0.611127 -0.914616 15
    endloop
  endfacet
  facet normal -0 0 1
    outer loop
      vertex -0.914616 0.611127 15
      vertex -0.777817 -0.777817 15
      vertex -0.777817 0.777817 15
    endloop
  endfacet
  facet normal 0 0 1
    outer loop
      vertex -0.914616 0.611127 15
      vertex -0.914616 -0.611127 15
      vertex -0.777817 -0.777817 15
    endloop
  endfacet
  facet normal -0 0 1
    outer loop
      vertex -1.01627 0.420951 15
      vertex -0.914616 -0.611127 15
      vertex -0.914616 0.611127 15
    endloop
  endfacet
  facet normal 0 0 1
    outer loop
      vertex -1.01627 0.420951 15
      vertex -1.01627 -0.420951 15
      vertex -0.914616 -0.611127 15
    endloop
  endfacet
  facet normal -0 0 1
    outer loop
      vertex -1.07886 0.214599 15
      vertex -1.01627 -0.420951 15
      vertex -1.01627 0.420951 15
    endloop
  endfacet
  facet normal 0 0 1
    outer loop
      vertex -1.07886 0.214599 15
      vertex -1.07886 -0.214599 15
      vertex -1.01627 -0.420951 15
    endloop
  endfacet
  facet normal 0 -0 1
    outer loop
      vertex -1.07886 -0.214599 15
      vertex -1.07886 0.214599 15
      vertex -1.1 0 15
    endloop
  endfacet
  facet normal 0.0694882 -0.705398 0.705398
    outer loop
      vertex 0 -1.1 15
      vertex 0 -1.5 14.6
      vertex 0.214599 -1.07886 15
    endloop
  endfacet
  facet normal -0.705398 0.0694882 0.705398
    outer loop
      vertex -1.07886 0.214599 15
      vertex -1.5 0 14.6
      vertex -1.1 0 15
    endloop
  endfacet
  facet normal -0.625114 0.33414 0.705396
    outer loop
      vertex -0.914616 0.611127 15
      vertex -1.2472 0.833355 14.6
      vertex -1.01627 0.420951 15
    endloop
  endfacet
  facet normal -0.205737 0.67829 0.705404
    outer loop
      vertex -0.292635 1.47118 14.6
      vertex -0.420951 1.01627 15
      vertex -0.214599 1.07886 15
    endloop
  endfacet
  facet normal -0.671546 -0.740963 0
    outer loop
      vertex 3.31153 4.03511 0
      vertex 3.6911 3.6911 0.599999
      vertex 3.31153 4.03511 0.599999
    endloop
  endfacet
  facet normal -0.671546 -0.740963 -0
    outer loop
      vertex 3.6911 3.6911 0.599999
      vertex 3.31153 4.03511 0
      vertex 3.6911 3.6911 0
    endloop
  endfacet
  facet normal -0.989178 -0.146721 0
    outer loop
      vertex 5.19486 0.511649 0
      vertex 5.1197 1.01837 0.599999
      vertex 5.1197 1.01837 0
    endloop
  endfacet
  facet normal -0.989178 -0.146721 0
    outer loop
      vertex 5.1197 1.01837 0.599999
      vertex 5.19486 0.511649 0
      vertex 5.19486 0.511649 0.599999
    endloop
  endfacet
  facet normal -0.998795 -0.049076 0
    outer loop
      vertex 5.22 0 0
      vertex 5.19486 0.511649 0.599999
      vertex 5.19486 0.511649 0
    endloop
  endfacet
  facet normal -0.998795 -0.049076 0
    outer loop
      vertex 5.19486 0.511649 0.599999
      vertex 5.22 0 0
      vertex 5.22 0 0.599999
    endloop
  endfacet
  facet normal -0.970032 -0.242977 0
    outer loop
      vertex 5.1197 1.01837 0
      vertex 4.99523 1.51529 0.599999
      vertex 4.99523 1.51529 0
    endloop
  endfacet
  facet normal -0.970032 -0.242977 0
    outer loop
      vertex 4.99523 1.51529 0.599999
      vertex 5.1197 1.01837 0
      vertex 5.1197 1.01837 0.599999
    endloop
  endfacet
  facet normal 0.970032 0.242977 0
    outer loop
      vertex -4.99523 -1.51529 0.599999
      vertex -5.1197 -1.01837 0
      vertex -5.1197 -1.01837 0.599999
    endloop
  endfacet
  facet normal 0.970032 0.242977 0
    outer loop
      vertex -5.1197 -1.01837 0
      vertex -4.99523 -1.51529 0.599999
      vertex -4.99523 -1.51529 0
    endloop
  endfacet
  facet normal -0.427554 -0.90399 0
    outer loop
      vertex 1.99761 4.82265 0
      vertex 2.46069 4.60363 0.599999
      vertex 1.99761 4.82265 0.599999
    endloop
  endfacet
  facet normal -0.427554 -0.90399 -0
    outer loop
      vertex 2.46069 4.60363 0.599999
      vertex 1.99761 4.82265 0
      vertex 2.46069 4.60363 0
    endloop
  endfacet
  facet normal -0.514102 0.857729 0
    outer loop
      vertex 2.90008 -4.34027 0
      vertex 2.46069 -4.60363 0.599999
      vertex 2.90008 -4.34027 0.599999
    endloop
  endfacet
  facet normal -0.514102 0.857729 0
    outer loop
      vertex 2.46069 -4.60363 0.599999
      vertex 2.90008 -4.34027 0
      vertex 2.46069 -4.60363 0
    endloop
  endfacet
  facet normal 0.90399 0.427554 0
    outer loop
      vertex -4.60363 -2.46069 0.599999
      vertex -4.82265 -1.99761 0
      vertex -4.82265 -1.99761 0.599999
    endloop
  endfacet
  facet normal 0.90399 0.427554 0
    outer loop
      vertex -4.82265 -1.99761 0
      vertex -4.60363 -2.46069 0.599999
      vertex -4.60363 -2.46069 0
    endloop
  endfacet
  facet normal -0.8032 0.595709 0
    outer loop
      vertex 4.03511 -3.31153 0
      vertex 4.34027 -2.90008 0.599999
      vertex 4.34027 -2.90008 0
    endloop
  endfacet
  facet normal -0.8032 0.595709 0
    outer loop
      vertex 4.34027 -2.90008 0.599999
      vertex 4.03511 -3.31153 0
      vertex 4.03511 -3.31153 0.599999
    endloop
  endfacet
  facet normal -0.740963 0.671546 0
    outer loop
      vertex 3.6911 -3.6911 0
      vertex 4.03511 -3.31153 0.599999
      vertex 4.03511 -3.31153 0
    endloop
  endfacet
  facet normal -0.740963 0.671546 0
    outer loop
      vertex 4.03511 -3.31153 0.599999
      vertex 3.6911 -3.6911 0
      vertex 3.6911 -3.6911 0.599999
    endloop
  endfacet
  facet normal -0.514102 -0.857729 0
    outer loop
      vertex 2.46069 4.60363 0
      vertex 2.90008 4.34027 0.599999
      vertex 2.46069 4.60363 0.599999
    endloop
  endfacet
  facet normal -0.514102 -0.857729 -0
    outer loop
      vertex 2.90008 4.34027 0.599999
      vertex 2.46069 4.60363 0
      vertex 2.90008 4.34027 0
    endloop
  endfacet
  facet normal 0 0 -1
    outer loop
      vertex 1.8 0 0.599999
      vertex 5.22 0 0.599999
      vertex 5.19486 -0.511649 0.599999
    endloop
  endfacet
  facet normal 0 0 -1
    outer loop
      vertex 1.79133 -0.176431 0.599999
      vertex 5.19486 -0.511649 0.599999
      vertex 5.1197 -1.01837 0.599999
    endloop
  endfacet
  facet normal 0 0 -1
    outer loop
      vertex 5.22 0 0.599999
      vertex 1.8 0 0.599999
      vertex 5.19486 0.511649 0.599999
    endloop
  endfacet
  facet normal 0 0 -1
    outer loop
      vertex 1.76541 -0.351162 0.599999
      vertex 5.1197 -1.01837 0.599999
      vertex 4.99523 -1.51529 0.599999
    endloop
  endfacet
  facet normal 0 0 -1
    outer loop
      vertex 1.79133 0.176431 0.599999
      vertex 5.19486 0.511649 0.599999
      vertex 1.8 0 0.599999
    endloop
  endfacet
  facet normal 0 0 -1
    outer loop
      vertex 1.72249 -0.522511 0.599999
      vertex 4.99523 -1.51529 0.599999
      vertex 4.82265 -1.99761 0.599999
    endloop
  endfacet
  facet normal -0 0 -1
    outer loop
      vertex 5.19486 0.511649 0.599999
      vertex 1.79133 0.176431 0.599999
      vertex 5.1197 1.01837 0.599999
    endloop
  endfacet
  facet normal 0 0 -1
    outer loop
      vertex 1.66298 -0.688829 0.599999
      vertex 4.82265 -1.99761 0.599999
      vertex 4.60363 -2.46069 0.599999
    endloop
  endfacet
  facet normal 0 0 -1
    outer loop
      vertex 1.76541 0.351162 0.599999
      vertex 5.1197 1.01837 0.599999
      vertex 1.79133 0.176431 0.599999
    endloop
  endfacet
  facet normal 0 0 -1
    outer loop
      vertex 1.58746 -0.848514 0.599999
      vertex 4.60363 -2.46069 0.599999
      vertex 4.34027 -2.90008 0.599999
    endloop
  endfacet
  facet normal -0 0 -1
    outer loop
      vertex 5.1197 1.01837 0.599999
      vertex 1.76541 0.351162 0.599999
      vertex 4.99523 1.51529 0.599999
    endloop
  endfacet
  facet normal 0 0 -1
    outer loop
      vertex 1.49664 -1.00003 0.599999
      vertex 4.34027 -2.90008 0.599999
      vertex 4.03511 -3.31153 0.599999
    endloop
  endfacet
  facet normal 0 0 -1
    outer loop
      vertex 1.72249 0.522511 0.599999
      vertex 4.99523 1.51529 0.599999
      vertex 1.76541 0.351162 0.599999
    endloop
  endfacet
  facet normal 0 0 -1
    outer loop
      vertex 1.39142 -1.14191 0.599999
      vertex 4.03511 -3.31153 0.599999
      vertex 3.6911 -3.6911 0.599999
    endloop
  endfacet
  facet normal -0 0 -1
    outer loop
      vertex 4.99523 1.51529 0.599999
      vertex 1.72249 0.522511 0.599999
      vertex 4.82265 1.99761 0.599999
    endloop
  endfacet
  facet normal 0 0 -1
    outer loop
      vertex 1.27279 -1.27279 0.599999
      vertex 3.6911 -3.6911 0.599999
      vertex 3.31153 -4.03511 0.599999
    endloop
  endfacet
  facet normal 0 0 -1
    outer loop
      vertex 1.66298 0.688829 0.599999
      vertex 4.82265 1.99761 0.599999
      vertex 1.72249 0.522511 0.599999
    endloop
  endfacet
  facet normal 0 0 -1
    outer loop
      vertex 1.14191 -1.39142 0.599999
      vertex 3.31153 -4.03511 0.599999
      vertex 2.90008 -4.34027 0.599999
    endloop
  endfacet
  facet normal -0 0 -1
    outer loop
      vertex 4.82265 1.99761 0.599999
      vertex 1.66298 0.688829 0.599999
      vertex 4.60363 2.46069 0.599999
    endloop
  endfacet
  facet normal 0 0 -1
    outer loop
      vertex 1.00003 -1.49664 0.599999
      vertex 2.90008 -4.34027 0.599999
      vertex 2.46069 -4.60363 0.599999
    endloop
  endfacet
  facet normal 0 0 -1
    outer loop
      vertex 1.58746 0.848514 0.599999
      vertex 4.60363 2.46069 0.599999
      vertex 1.66298 0.688829 0.599999
    endloop
  endfacet
  facet normal 0 0 -1
    outer loop
      vertex 0.848514 -1.58746 0.599999
      vertex 2.46069 -4.60363 0.599999
      vertex 1.99761 -4.82265 0.599999
    endloop
  endfacet
  facet normal -0 0 -1
    outer loop
      vertex 4.60363 2.46069 0.599999
      vertex 1.58746 0.848514 0.599999
      vertex 4.34027 2.90008 0.599999
    endloop
  endfacet
  facet normal 0 0 -1
    outer loop
      vertex 1.49664 1.00003 0.599999
      vertex 4.34027 2.90008 0.599999
      vertex 1.58746 0.848514 0.599999
    endloop
  endfacet
  facet normal 0 0 -1
    outer loop
      vertex 5.19486 -0.511649 0.599999
      vertex 1.79133 -0.176431 0.599999
      vertex 1.8 0 0.599999
    endloop
  endfacet
  facet normal 0 0 -1
    outer loop
      vertex 5.1197 -1.01837 0.599999
      vertex 1.76541 -0.351162 0.599999
      vertex 1.79133 -0.176431 0.599999
    endloop
  endfacet
  facet normal 0 0 -1
    outer loop
      vertex 4.99523 -1.51529 0.599999
      vertex 1.72249 -0.522511 0.599999
      vertex 1.76541 -0.351162 0.599999
    endloop
  endfacet
  facet normal 0 0 -1
    outer loop
      vertex 4.82265 -1.99761 0.599999
      vertex 1.66298 -0.688829 0.599999
      vertex 1.72249 -0.522511 0.599999
    endloop
  endfacet
  facet normal 0 0 -1
    outer loop
      vertex 4.60363 -2.46069 0.599999
      vertex 1.58746 -0.848514 0.599999
      vertex 1.66298 -0.688829 0.599999
    endloop
  endfacet
  facet normal 0 0 -1
    outer loop
      vertex 0.688829 -1.66298 0.599999
      vertex 1.99761 -4.82265 0.599999
      vertex 1.51529 -4.99523 0.599999
    endloop
  endfacet
  facet normal 0 0 -1
    outer loop
      vertex 4.34027 -2.90008 0.599999
      vertex 1.49664 -1.00003 0.599999
      vertex 1.58746 -0.848514 0.599999
    endloop
  endfacet
  facet normal 0 0 -1
    outer loop
      vertex 4.03511 -3.31153 0.599999
      vertex 1.39142 -1.14191 0.599999
      vertex 1.49664 -1.00003 0.599999
    endloop
  endfacet
  facet normal 0 0 -1
    outer loop
      vertex 3.6911 -3.6911 0.599999
      vertex 1.27279 -1.27279 0.599999
      vertex 1.39142 -1.14191 0.599999
    endloop
  endfacet
  facet normal 0 0 -1
    outer loop
      vertex 3.31153 -4.03511 0.599999
      vertex 1.14191 -1.39142 0.599999
      vertex 1.27279 -1.27279 0.599999
    endloop
  endfacet
  facet normal 0 0 -1
    outer loop
      vertex 0.522511 -1.72249 0.599999
      vertex 1.51529 -4.99523 0.599999
      vertex 1.01837 -5.1197 0.599999
    endloop
  endfacet
  facet normal 0 0 -1
    outer loop
      vertex 2.90008 -4.34027 0.599999
      vertex 1.00003 -1.49664 0.599999
      vertex 1.14191 -1.39142 0.599999
    endloop
  endfacet
  facet normal 0 0 -1
    outer loop
      vertex 2.46069 -4.60363 0.599999
      vertex 0.848514 -1.58746 0.599999
      vertex 1.00003 -1.49664 0.599999
    endloop
  endfacet
  facet normal 0 0 -1
    outer loop
      vertex 1.99761 -4.82265 0.599999
      vertex 0.688829 -1.66298 0.599999
      vertex 0.848514 -1.58746 0.599999
    endloop
  endfacet
  facet normal 0 0 -1
    outer loop
      vertex 1.51529 -4.99523 0.599999
      vertex 0.522511 -1.72249 0.599999
      vertex 0.688829 -1.66298 0.599999
    endloop
  endfacet
  facet normal 0 0 -1
    outer loop
      vertex 0.351162 -1.76541 0.599999
      vertex 1.01837 -5.1197 0.599999
      vertex 0.511649 -5.19486 0.599999
    endloop
  endfacet
  facet normal 0 0 -1
    outer loop
      vertex 1.01837 -5.1197 0.599999
      vertex 0.351162 -1.76541 0.599999
      vertex 0.522511 -1.72249 0.599999
    endloop
  endfacet
  facet normal 0 0 -1
    outer loop
      vertex 0.511649 -5.19486 0.599999
      vertex 0.176431 -1.79133 0.599999
      vertex 0.351162 -1.76541 0.599999
    endloop
  endfacet
  facet normal 0 0 -1
    outer loop
      vertex 0 -5.22 0.599999
      vertex 0.176431 -1.79133 0.599999
      vertex 0.511649 -5.19486 0.599999
    endloop
  endfacet
  facet normal 0 0 -1
    outer loop
      vertex 0 -5.22 0.599999
      vertex 0 -1.8 0.599999
      vertex 0.176431 -1.79133 0.599999
    endloop
  endfacet
  facet normal 0 0 -1
    outer loop
      vertex 0 -5.22 0.599999
      vertex -0.176431 -1.79133 0.599999
      vertex 0 -1.8 0.599999
    endloop
  endfacet
  facet normal 0 0 -1
    outer loop
      vertex -0.511649 -5.19486 0.599999
      vertex -0.176431 -1.79133 0.599999
      vertex 0 -5.22 0.599999
    endloop
  endfacet
  facet normal -0 0 -1
    outer loop
      vertex -0.176431 -1.79133 0.599999
      vertex -0.511649 -5.19486 0.599999
      vertex -0.351162 -1.76541 0.599999
    endloop
  endfacet
  facet normal 0 0 -1
    outer loop
      vertex -1.01837 -5.1197 0.599999
      vertex -0.351162 -1.76541 0.599999
      vertex -0.511649 -5.19486 0.599999
    endloop
  endfacet
  facet normal -0 0 -1
    outer loop
      vertex -0.351162 -1.76541 0.599999
      vertex -1.01837 -5.1197 0.599999
      vertex -0.522511 -1.72249 0.599999
    endloop
  endfacet
  facet normal 0 0 -1
    outer loop
      vertex -1.51529 -4.99523 0.599999
      vertex -0.522511 -1.72249 0.599999
      vertex -1.01837 -5.1197 0.599999
    endloop
  endfacet
  facet normal -0 0 -1
    outer loop
      vertex -0.522511 -1.72249 0.599999
      vertex -1.51529 -4.99523 0.599999
      vertex -0.688829 -1.66298 0.599999
    endloop
  endfacet
  facet normal 0 0 -1
    outer loop
      vertex -1.99761 -4.82265 0.599999
      vertex -0.688829 -1.66298 0.599999
      vertex -1.51529 -4.99523 0.599999
    endloop
  endfacet
  facet normal -0 0 -1
    outer loop
      vertex -0.688829 -1.66298 0.599999
      vertex -1.99761 -4.82265 0.599999
      vertex -0.848514 -1.58746 0.599999
    endloop
  endfacet
  facet normal 0 0 -1
    outer loop
      vertex -2.46069 -4.60363 0.599999
      vertex -0.848514 -1.58746 0.599999
      vertex -1.99761 -4.82265 0.599999
    endloop
  endfacet
  facet normal -0 0 -1
    outer loop
      vertex -0.848514 -1.58746 0.599999
      vertex -2.46069 -4.60363 0.599999
      vertex -1.00003 -1.49664 0.599999
    endloop
  endfacet
  facet normal 0 0 -1
    outer loop
      vertex -2.90008 -4.34027 0.599999
      vertex -1.00003 -1.49664 0.599999
      vertex -2.46069 -4.60363 0.599999
    endloop
  endfacet
  facet normal -0 0 -1
    outer loop
      vertex -1.00003 -1.49664 0.599999
      vertex -2.90008 -4.34027 0.599999
      vertex -1.14191 -1.39142 0.599999
    endloop
  endfacet
  facet normal 0 0 -1
    outer loop
      vertex -3.31153 -4.03511 0.599999
      vertex -1.14191 -1.39142 0.599999
      vertex -2.90008 -4.34027 0.599999
    endloop
  endfacet
  facet normal -0 0 -1
    outer loop
      vertex -1.14191 -1.39142 0.599999
      vertex -3.31153 -4.03511 0.599999
      vertex -1.27279 -1.27279 0.599999
    endloop
  endfacet
  facet normal 0 0 -1
    outer loop
      vertex -3.6911 -3.6911 0.599999
      vertex -1.27279 -1.27279 0.599999
      vertex -3.31153 -4.03511 0.599999
    endloop
  endfacet
  facet normal -0 0 -1
    outer loop
      vertex -1.27279 -1.27279 0.599999
      vertex -3.6911 -3.6911 0.599999
      vertex -1.39142 -1.14191 0.599999
    endloop
  endfacet
  facet normal 0 0 -1
    outer loop
      vertex -4.03511 -3.31153 0.599999
      vertex -1.39142 -1.14191 0.599999
      vertex -3.6911 -3.6911 0.599999
    endloop
  endfacet
  facet normal 0 0 -1
    outer loop
      vertex -4.34027 -2.90008 0.599999
      vertex -1.49664 -1.00003 0.599999
      vertex -4.03511 -3.31153 0.599999
    endloop
  endfacet
  facet normal -0 0 -1
    outer loop
      vertex -1.39142 -1.14191 0.599999
      vertex -4.03511 -3.31153 0.599999
      vertex -1.49664 -1.00003 0.599999
    endloop
  endfacet
  facet normal -0 0 -1
    outer loop
      vertex 4.34027 2.90008 0.599999
      vertex 1.49664 1.00003 0.599999
      vertex 4.03511 3.31153 0.599999
    endloop
  endfacet
  facet normal 0 0 -1
    outer loop
      vertex 1.39142 1.14191 0.599999
      vertex 4.03511 3.31153 0.599999
      vertex 1.49664 1.00003 0.599999
    endloop
  endfacet
  facet normal -0 0 -1
    outer loop
      vertex 4.03511 3.31153 0.599999
      vertex 1.39142 1.14191 0.599999
      vertex 3.6911 3.6911 0.599999
    endloop
  endfacet
  facet normal 0 0 -1
    outer loop
      vertex 1.27279 1.27279 0.599999
      vertex 3.6911 3.6911 0.599999
      vertex 1.39142 1.14191 0.599999
    endloop
  endfacet
  facet normal -0 0 -1
    outer loop
      vertex 3.6911 3.6911 0.599999
      vertex 1.27279 1.27279 0.599999
      vertex 3.31153 4.03511 0.599999
    endloop
  endfacet
  facet normal 0 0 -1
    outer loop
      vertex 1.14191 1.39142 0.599999
      vertex 3.31153 4.03511 0.599999
      vertex 1.27279 1.27279 0.599999
    endloop
  endfacet
  facet normal -0 0 -1
    outer loop
      vertex 3.31153 4.03511 0.599999
      vertex 1.14191 1.39142 0.599999
      vertex 2.90008 4.34027 0.599999
    endloop
  endfacet
  facet normal 0 0 -1
    outer loop
      vertex 1.00003 1.49664 0.599999
      vertex 2.90008 4.34027 0.599999
      vertex 1.14191 1.39142 0.599999
    endloop
  endfacet
  facet normal -0 0 -1
    outer loop
      vertex 2.90008 4.34027 0.599999
      vertex 1.00003 1.49664 0.599999
      vertex 2.46069 4.60363 0.599999
    endloop
  endfacet
  facet normal 0 0 -1
    outer loop
      vertex 0.848514 1.58746 0.599999
      vertex 2.46069 4.60363 0.599999
      vertex 1.00003 1.49664 0.599999
    endloop
  endfacet
  facet normal -0 0 -1
    outer loop
      vertex 2.46069 4.60363 0.599999
      vertex 0.848514 1.58746 0.599999
      vertex 1.99761 4.82265 0.599999
    endloop
  endfacet
  facet normal 0 0 -1
    outer loop
      vertex 0.688829 1.66298 0.599999
      vertex 1.99761 4.82265 0.599999
      vertex 0.848514 1.58746 0.599999
    endloop
  endfacet
  facet normal -0 0 -1
    outer loop
      vertex 1.99761 4.82265 0.599999
      vertex 0.688829 1.66298 0.599999
      vertex 1.51529 4.99523 0.599999
    endloop
  endfacet
  facet normal 0 0 -1
    outer loop
      vertex 0.522511 1.72249 0.599999
      vertex 1.51529 4.99523 0.599999
      vertex 0.688829 1.66298 0.599999
    endloop
  endfacet
  facet normal -0 0 -1
    outer loop
      vertex 1.51529 4.99523 0.599999
      vertex 0.522511 1.72249 0.599999
      vertex 1.01837 5.1197 0.599999
    endloop
  endfacet
  facet normal 0 0 -1
    outer loop
      vertex 0.351162 1.76541 0.599999
      vertex 1.01837 5.1197 0.599999
      vertex 0.522511 1.72249 0.599999
    endloop
  endfacet
  facet normal -0 0 -1
    outer loop
      vertex 1.01837 5.1197 0.599999
      vertex 0.351162 1.76541 0.599999
      vertex 0.511649 5.19486 0.599999
    endloop
  endfacet
  facet normal 0 0 -1
    outer loop
      vertex 0.176431 1.79133 0.599999
      vertex 0.511649 5.19486 0.599999
      vertex 0.351162 1.76541 0.599999
    endloop
  endfacet
  facet normal 0 0 -1
    outer loop
      vertex 0 1.8 0.599999
      vertex 0.511649 5.19486 0.599999
      vertex 0.176431 1.79133 0.599999
    endloop
  endfacet
  facet normal 0 0 -1
    outer loop
      vertex 0 1.8 0.599999
      vertex 0 5.22 0.599999
      vertex 0.511649 5.19486 0.599999
    endloop
  endfacet
  facet normal 0 0 -1
    outer loop
      vertex -0.176431 1.79133 0.599999
      vertex 0 5.22 0.599999
      vertex 0 1.8 0.599999
    endloop
  endfacet
  facet normal 0 0 -1
    outer loop
      vertex -0.511649 5.19486 0.599999
      vertex -0.176431 1.79133 0.599999
      vertex -0.351162 1.76541 0.599999
    endloop
  endfacet
  facet normal 0 0 -1
    outer loop
      vertex -0.176431 1.79133 0.599999
      vertex -0.511649 5.19486 0.599999
      vertex 0 5.22 0.599999
    endloop
  endfacet
  facet normal 0 0 -1
    outer loop
      vertex -1.01837 5.1197 0.599999
      vertex -0.351162 1.76541 0.599999
      vertex -0.522511 1.72249 0.599999
    endloop
  endfacet
  facet normal 0 0 -1
    outer loop
      vertex -1.51529 4.99523 0.599999
      vertex -0.522511 1.72249 0.599999
      vertex -0.688829 1.66298 0.599999
    endloop
  endfacet
  facet normal 0 0 -1
    outer loop
      vertex -1.99761 4.82265 0.599999
      vertex -0.688829 1.66298 0.599999
      vertex -0.848514 1.58746 0.599999
    endloop
  endfacet
  facet normal 0 0 -1
    outer loop
      vertex -2.46069 4.60363 0.599999
      vertex -0.848514 1.58746 0.599999
      vertex -1.00003 1.49664 0.599999
    endloop
  endfacet
  facet normal 0 0 -1
    outer loop
      vertex -0.351162 1.76541 0.599999
      vertex -1.01837 5.1197 0.599999
      vertex -0.511649 5.19486 0.599999
    endloop
  endfacet
  facet normal 0 0 -1
    outer loop
      vertex -2.90008 4.34027 0.599999
      vertex -1.00003 1.49664 0.599999
      vertex -1.14191 1.39142 0.599999
    endloop
  endfacet
  facet normal 0 0 -1
    outer loop
      vertex -3.31153 4.03511 0.599999
      vertex -1.14191 1.39142 0.599999
      vertex -1.27279 1.27279 0.599999
    endloop
  endfacet
  facet normal 0 0 -1
    outer loop
      vertex -3.6911 3.6911 0.599999
      vertex -1.27279 1.27279 0.599999
      vertex -1.39142 1.14191 0.599999
    endloop
  endfacet
  facet normal 0 0 -1
    outer loop
      vertex -4.03511 3.31153 0.599999
      vertex -1.39142 1.14191 0.599999
      vertex -1.49664 1.00003 0.599999
    endloop
  endfacet
  facet normal 0 0 -1
    outer loop
      vertex -0.522511 1.72249 0.599999
      vertex -1.51529 4.99523 0.599999
      vertex -1.01837 5.1197 0.599999
    endloop
  endfacet
  facet normal 0 0 -1
    outer loop
      vertex -4.34027 2.90008 0.599999
      vertex -1.49664 1.00003 0.599999
      vertex -1.58746 0.848514 0.599999
    endloop
  endfacet
  facet normal 0 0 -1
    outer loop
      vertex -4.60363 2.46069 0.599999
      vertex -1.58746 0.848514 0.599999
      vertex -1.66298 0.688829 0.599999
    endloop
  endfacet
  facet normal 0 0 -1
    outer loop
      vertex -4.82265 1.99761 0.599999
      vertex -1.66298 0.688829 0.599999
      vertex -1.72249 0.522511 0.599999
    endloop
  endfacet
  facet normal 0 0 -1
    outer loop
      vertex -4.99523 1.51529 0.599999
      vertex -1.72249 0.522511 0.599999
      vertex -1.76541 0.351162 0.599999
    endloop
  endfacet
  facet normal 0 0 -1
    outer loop
      vertex -5.1197 1.01837 0.599999
      vertex -1.76541 0.351162 0.599999
      vertex -1.79133 0.176431 0.599999
    endloop
  endfacet
  facet normal 0 0 -1
    outer loop
      vertex -0.688829 1.66298 0.599999
      vertex -1.99761 4.82265 0.599999
      vertex -1.51529 4.99523 0.599999
    endloop
  endfacet
  facet normal 0 0 -1
    outer loop
      vertex -5.19486 0.511649 0.599999
      vertex -1.79133 0.176431 0.599999
      vertex -1.8 0 0.599999
    endloop
  endfacet
  facet normal -0 0 -1
    outer loop
      vertex -1.49664 -1.00003 0.599999
      vertex -4.34027 -2.90008 0.599999
      vertex -1.58746 -0.848514 0.599999
    endloop
  endfacet
  facet normal 0 0 -1
    outer loop
      vertex -4.60363 -2.46069 0.599999
      vertex -1.58746 -0.848514 0.599999
      vertex -4.34027 -2.90008 0.599999
    endloop
  endfacet
  facet normal 0 0 -1
    outer loop
      vertex -0.848514 1.58746 0.599999
      vertex -2.46069 4.60363 0.599999
      vertex -1.99761 4.82265 0.599999
    endloop
  endfacet
  facet normal -0 0 -1
    outer loop
      vertex -1.58746 -0.848514 0.599999
      vertex -4.60363 -2.46069 0.599999
      vertex -1.66298 -0.688829 0.599999
    endloop
  endfacet
  facet normal 0 0 -1
    outer loop
      vertex -1.00003 1.49664 0.599999
      vertex -2.90008 4.34027 0.599999
      vertex -2.46069 4.60363 0.599999
    endloop
  endfacet
  facet normal 0 0 -1
    outer loop
      vertex -4.82265 -1.99761 0.599999
      vertex -1.66298 -0.688829 0.599999
      vertex -4.60363 -2.46069 0.599999
    endloop
  endfacet
  facet normal 0 0 -1
    outer loop
      vertex -1.14191 1.39142 0.599999
      vertex -3.31153 4.03511 0.599999
      vertex -2.90008 4.34027 0.599999
    endloop
  endfacet
  facet normal -0 0 -1
    outer loop
      vertex -1.66298 -0.688829 0.599999
      vertex -4.82265 -1.99761 0.599999
      vertex -1.72249 -0.522511 0.599999
    endloop
  endfacet
  facet normal 0 0 -1
    outer loop
      vertex -1.27279 1.27279 0.599999
      vertex -3.6911 3.6911 0.599999
      vertex -3.31153 4.03511 0.599999
    endloop
  endfacet
  facet normal 0 0 -1
    outer loop
      vertex -4.99523 -1.51529 0.599999
      vertex -1.72249 -0.522511 0.599999
      vertex -4.82265 -1.99761 0.599999
    endloop
  endfacet
  facet normal 0 0 -1
    outer loop
      vertex -1.39142 1.14191 0.599999
      vertex -4.03511 3.31153 0.599999
      vertex -3.6911 3.6911 0.599999
    endloop
  endfacet
  facet normal -0 0 -1
    outer loop
      vertex -1.72249 -0.522511 0.599999
      vertex -4.99523 -1.51529 0.599999
      vertex -1.76541 -0.351162 0.599999
    endloop
  endfacet
  facet normal 0 0 -1
    outer loop
      vertex -1.49664 1.00003 0.599999
      vertex -4.34027 2.90008 0.599999
      vertex -4.03511 3.31153 0.599999
    endloop
  endfacet
  facet normal 0 0 -1
    outer loop
      vertex -5.1197 -1.01837 0.599999
      vertex -1.76541 -0.351162 0.599999
      vertex -4.99523 -1.51529 0.599999
    endloop
  endfacet
  facet normal 0 0 -1
    outer loop
      vertex -1.58746 0.848514 0.599999
      vertex -4.60363 2.46069 0.599999
      vertex -4.34027 2.90008 0.599999
    endloop
  endfacet
  facet normal -0 0 -1
    outer loop
      vertex -1.76541 -0.351162 0.599999
      vertex -5.1197 -1.01837 0.599999
      vertex -1.79133 -0.176431 0.599999
    endloop
  endfacet
  facet normal 0 0 -1
    outer loop
      vertex -1.66298 0.688829 0.599999
      vertex -4.82265 1.99761 0.599999
      vertex -4.60363 2.46069 0.599999
    endloop
  endfacet
  facet normal 0 0 -1
    outer loop
      vertex -5.19486 -0.511649 0.599999
      vertex -1.79133 -0.176431 0.599999
      vertex -5.1197 -1.01837 0.599999
    endloop
  endfacet
  facet normal 0 0 -1
    outer loop
      vertex -1.72249 0.522511 0.599999
      vertex -4.99523 1.51529 0.599999
      vertex -4.82265 1.99761 0.599999
    endloop
  endfacet
  facet normal -0 0 -1
    outer loop
      vertex -1.79133 -0.176431 0.599999
      vertex -5.19486 -0.511649 0.599999
      vertex -1.8 0 0.599999
    endloop
  endfacet
  facet normal 0 0 -1
    outer loop
      vertex -1.76541 0.351162 0.599999
      vertex -5.1197 1.01837 0.599999
      vertex -4.99523 1.51529 0.599999
    endloop
  endfacet
  facet normal 0 0 -1
    outer loop
      vertex -5.22 0 0.599999
      vertex -1.8 0 0.599999
      vertex -5.19486 -0.511649 0.599999
    endloop
  endfacet
  facet normal 0 0 -1
    outer loop
      vertex -1.79133 0.176431 0.599999
      vertex -5.19486 0.511649 0.599999
      vertex -5.1197 1.01837 0.599999
    endloop
  endfacet
  facet normal 0 0 -1
    outer loop
      vertex -1.8 0 0.599999
      vertex -5.22 0 0.599999
      vertex -5.19486 0.511649 0.599999
    endloop
  endfacet
  facet normal 0.8032 -0.595709 0
    outer loop
      vertex -4.34027 2.90008 0.599999
      vertex -4.03511 3.31153 0
      vertex -4.03511 3.31153 0.599999
    endloop
  endfacet
  facet normal 0.8032 -0.595709 0
    outer loop
      vertex -4.03511 3.31153 0
      vertex -4.34027 2.90008 0.599999
      vertex -4.34027 2.90008 0
    endloop
  endfacet
  facet normal -0.941542 -0.336895 0
    outer loop
      vertex 4.99523 1.51529 0
      vertex 4.82265 1.99761 0.599999
      vertex 4.82265 1.99761 0
    endloop
  endfacet
  facet normal -0.941542 -0.336895 0
    outer loop
      vertex 4.82265 1.99761 0.599999
      vertex 4.99523 1.51529 0
      vertex 4.99523 1.51529 0.599999
    endloop
  endfacet
  facet normal 0.90399 -0.427554 0
    outer loop
      vertex -4.82265 1.99761 0.599999
      vertex -4.60363 2.46069 0
      vertex -4.60363 2.46069 0.599999
    endloop
  endfacet
  facet normal 0.90399 -0.427554 0
    outer loop
      vertex -4.60363 2.46069 0
      vertex -4.82265 1.99761 0.599999
      vertex -4.82265 1.99761 0
    endloop
  endfacet
  facet normal -0.998795 0.049076 0
    outer loop
      vertex 5.19486 -0.511649 0
      vertex 5.22 0 0.599999
      vertex 5.22 0 0
    endloop
  endfacet
  facet normal -0.998795 0.049076 0
    outer loop
      vertex 5.22 0 0.599999
      vertex 5.19486 -0.511649 0
      vertex 5.19486 -0.511649 0.599999
    endloop
  endfacet
  facet normal -0.671546 0.740963 0
    outer loop
      vertex 3.6911 -3.6911 0
      vertex 3.31153 -4.03511 0.599999
      vertex 3.6911 -3.6911 0.599999
    endloop
  endfacet
  facet normal -0.671546 0.740963 0
    outer loop
      vertex 3.31153 -4.03511 0.599999
      vertex 3.6911 -3.6911 0
      vertex 3.31153 -4.03511 0
    endloop
  endfacet
  facet normal -0.595709 0.8032 0
    outer loop
      vertex 3.31153 -4.03511 0
      vertex 2.90008 -4.34027 0.599999
      vertex 3.31153 -4.03511 0.599999
    endloop
  endfacet
  facet normal -0.595709 0.8032 0
    outer loop
      vertex 2.90008 -4.34027 0.599999
      vertex 3.31153 -4.03511 0
      vertex 2.90008 -4.34027 0
    endloop
  endfacet
  facet normal 0.595709 -0.8032 0
    outer loop
      vertex -3.31153 4.03511 0
      vertex -2.90008 4.34027 0.599999
      vertex -3.31153 4.03511 0.599999
    endloop
  endfacet
  facet normal 0.595709 -0.8032 0
    outer loop
      vertex -2.90008 4.34027 0.599999
      vertex -3.31153 4.03511 0
      vertex -2.90008 4.34027 0
    endloop
  endfacet
  facet normal -0.595709 -0.8032 0
    outer loop
      vertex 2.90008 4.34027 0
      vertex 3.31153 4.03511 0.599999
      vertex 2.90008 4.34027 0.599999
    endloop
  endfacet
  facet normal -0.595709 -0.8032 -0
    outer loop
      vertex 3.31153 4.03511 0.599999
      vertex 2.90008 4.34027 0
      vertex 3.31153 4.03511 0
    endloop
  endfacet
  facet normal -0.90399 0.427554 0
    outer loop
      vertex 4.60363 -2.46069 0
      vertex 4.82265 -1.99761 0.599999
      vertex 4.82265 -1.99761 0
    endloop
  endfacet
  facet normal -0.90399 0.427554 0
    outer loop
      vertex 4.82265 -1.99761 0.599999
      vertex 4.60363 -2.46069 0
      vertex 4.60363 -2.46069 0.599999
    endloop
  endfacet
  facet normal -0.049076 -0.998795 0
    outer loop
      vertex 0 5.22 0
      vertex 0.511649 5.19486 0.599999
      vertex 0 5.22 0.599999
    endloop
  endfacet
  facet normal -0.049076 -0.998795 -0
    outer loop
      vertex 0.511649 5.19486 0.599999
      vertex 0 5.22 0
      vertex 0.511649 5.19486 0
    endloop
  endfacet
  facet normal 0.941542 0.336895 0
    outer loop
      vertex -4.82265 -1.99761 0.599999
      vertex -4.99523 -1.51529 0
      vertex -4.99523 -1.51529 0.599999
    endloop
  endfacet
  facet normal 0.941542 0.336895 0
    outer loop
      vertex -4.99523 -1.51529 0
      vertex -4.82265 -1.99761 0.599999
      vertex -4.82265 -1.99761 0
    endloop
  endfacet
  facet normal 0.998795 0.049076 0
    outer loop
      vertex -5.19486 -0.511649 0.599999
      vertex -5.22 0 0
      vertex -5.22 0 0.599999
    endloop
  endfacet
  facet normal 0.998795 0.049076 0
    outer loop
      vertex -5.22 0 0
      vertex -5.19486 -0.511649 0.599999
      vertex -5.19486 -0.511649 0
    endloop
  endfacet
  facet normal -0.989178 0.146721 0
    outer loop
      vertex 5.1197 -1.01837 0
      vertex 5.19486 -0.511649 0.599999
      vertex 5.19486 -0.511649 0
    endloop
  endfacet
  facet normal -0.989178 0.146721 0
    outer loop
      vertex 5.19486 -0.511649 0.599999
      vertex 5.1197 -1.01837 0
      vertex 5.1197 -1.01837 0.599999
    endloop
  endfacet
  facet normal 0.427554 -0.90399 0
    outer loop
      vertex -2.46069 4.60363 0
      vertex -1.99761 4.82265 0.599999
      vertex -2.46069 4.60363 0.599999
    endloop
  endfacet
  facet normal 0.427554 -0.90399 0
    outer loop
      vertex -1.99761 4.82265 0.599999
      vertex -2.46069 4.60363 0
      vertex -1.99761 4.82265 0
    endloop
  endfacet
  facet normal 0.514102 0.857729 -0
    outer loop
      vertex -2.46069 -4.60363 0
      vertex -2.90008 -4.34027 0.599999
      vertex -2.46069 -4.60363 0.599999
    endloop
  endfacet
  facet normal 0.514102 0.857729 0
    outer loop
      vertex -2.90008 -4.34027 0.599999
      vertex -2.46069 -4.60363 0
      vertex -2.90008 -4.34027 0
    endloop
  endfacet
  facet normal -0.427554 0.90399 0
    outer loop
      vertex 2.46069 -4.60363 0
      vertex 1.99761 -4.82265 0.599999
      vertex 2.46069 -4.60363 0.599999
    endloop
  endfacet
  facet normal -0.427554 0.90399 0
    outer loop
      vertex 1.99761 -4.82265 0.599999
      vertex 2.46069 -4.60363 0
      vertex 1.99761 -4.82265 0
    endloop
  endfacet
  facet normal 0.989178 0.146721 0
    outer loop
      vertex -5.1197 -1.01837 0.599999
      vertex -5.19486 -0.511649 0
      vertex -5.19486 -0.511649 0.599999
    endloop
  endfacet
  facet normal 0.989178 0.146721 0
    outer loop
      vertex -5.19486 -0.511649 0
      vertex -5.1197 -1.01837 0.599999
      vertex -5.1197 -1.01837 0
    endloop
  endfacet
  facet normal -0.970032 0.242977 0
    outer loop
      vertex 4.99523 -1.51529 0
      vertex 5.1197 -1.01837 0.599999
      vertex 5.1197 -1.01837 0
    endloop
  endfacet
  facet normal -0.970032 0.242977 0
    outer loop
      vertex 5.1197 -1.01837 0.599999
      vertex 4.99523 -1.51529 0
      vertex 4.99523 -1.51529 0.599999
    endloop
  endfacet
  facet normal -0.242977 0.970032 0
    outer loop
      vertex 1.51529 -4.99523 0
      vertex 1.01837 -5.1197 0.599999
      vertex 1.51529 -4.99523 0.599999
    endloop
  endfacet
  facet normal -0.242977 0.970032 0
    outer loop
      vertex 1.01837 -5.1197 0.599999
      vertex 1.51529 -4.99523 0
      vertex 1.01837 -5.1197 0
    endloop
  endfacet
  facet normal -0.242977 -0.970032 0
    outer loop
      vertex 1.01837 5.1197 0
      vertex 1.51529 4.99523 0.599999
      vertex 1.01837 5.1197 0.599999
    endloop
  endfacet
  facet normal -0.242977 -0.970032 -0
    outer loop
      vertex 1.51529 4.99523 0.599999
      vertex 1.01837 5.1197 0
      vertex 1.51529 4.99523 0
    endloop
  endfacet
  facet normal 0.740963 0.671546 0
    outer loop
      vertex -3.6911 -3.6911 0.599999
      vertex -4.03511 -3.31153 0
      vertex -4.03511 -3.31153 0.599999
    endloop
  endfacet
  facet normal 0.740963 0.671546 0
    outer loop
      vertex -4.03511 -3.31153 0
      vertex -3.6911 -3.6911 0.599999
      vertex -3.6911 -3.6911 0
    endloop
  endfacet
  facet normal 0.740963 -0.671546 0
    outer loop
      vertex -4.03511 3.31153 0.599999
      vertex -3.6911 3.6911 0
      vertex -3.6911 3.6911 0.599999
    endloop
  endfacet
  facet normal 0.740963 -0.671546 0
    outer loop
      vertex -3.6911 3.6911 0
      vertex -4.03511 3.31153 0.599999
      vertex -4.03511 3.31153 0
    endloop
  endfacet
  facet normal 0.336895 -0.941542 0
    outer loop
      vertex -1.99761 4.82265 0
      vertex -1.51529 4.99523 0.599999
      vertex -1.99761 4.82265 0.599999
    endloop
  endfacet
  facet normal 0.336895 -0.941542 0
    outer loop
      vertex -1.51529 4.99523 0.599999
      vertex -1.99761 4.82265 0
      vertex -1.51529 4.99523 0
    endloop
  endfacet
  facet normal 0.671546 0.740963 -0
    outer loop
      vertex -3.31153 -4.03511 0
      vertex -3.6911 -3.6911 0.599999
      vertex -3.31153 -4.03511 0.599999
    endloop
  endfacet
  facet normal 0.671546 0.740963 0
    outer loop
      vertex -3.6911 -3.6911 0.599999
      vertex -3.31153 -4.03511 0
      vertex -3.6911 -3.6911 0
    endloop
  endfacet
  facet normal 0.998795 -0.049076 0
    outer loop
      vertex -5.22 0 0.599999
      vertex -5.19486 0.511649 0
      vertex -5.19486 0.511649 0.599999
    endloop
  endfacet
  facet normal 0.998795 -0.049076 0
    outer loop
      vertex -5.19486 0.511649 0
      vertex -5.22 0 0.599999
      vertex -5.22 0 0
    endloop
  endfacet
  facet normal -0.8032 -0.595709 0
    outer loop
      vertex 4.34027 2.90008 0
      vertex 4.03511 3.31153 0.599999
      vertex 4.03511 3.31153 0
    endloop
  endfacet
  facet normal -0.8032 -0.595709 0
    outer loop
      vertex 4.03511 3.31153 0.599999
      vertex 4.34027 2.90008 0
      vertex 4.34027 2.90008 0.599999
    endloop
  endfacet
  facet normal 0.671546 -0.740963 0
    outer loop
      vertex -3.6911 3.6911 0
      vertex -3.31153 4.03511 0.599999
      vertex -3.6911 3.6911 0.599999
    endloop
  endfacet
  facet normal 0.671546 -0.740963 0
    outer loop
      vertex -3.31153 4.03511 0.599999
      vertex -3.6911 3.6911 0
      vertex -3.31153 4.03511 0
    endloop
  endfacet
  facet normal -0.336895 0.941542 0
    outer loop
      vertex 1.99761 -4.82265 0
      vertex 1.51529 -4.99523 0.599999
      vertex 1.99761 -4.82265 0.599999
    endloop
  endfacet
  facet normal -0.336895 0.941542 0
    outer loop
      vertex 1.51529 -4.99523 0.599999
      vertex 1.99761 -4.82265 0
      vertex 1.51529 -4.99523 0
    endloop
  endfacet
  facet normal -0.740963 -0.671546 0
    outer loop
      vertex 4.03511 3.31153 0
      vertex 3.6911 3.6911 0.599999
      vertex 3.6911 3.6911 0
    endloop
  endfacet
  facet normal -0.740963 -0.671546 0
    outer loop
      vertex 3.6911 3.6911 0.599999
      vertex 4.03511 3.31153 0
      vertex 4.03511 3.31153 0.599999
    endloop
  endfacet
  facet normal -0.90399 -0.427554 0
    outer loop
      vertex 4.82265 1.99761 0
      vertex 4.60363 2.46069 0.599999
      vertex 4.60363 2.46069 0
    endloop
  endfacet
  facet normal -0.90399 -0.427554 0
    outer loop
      vertex 4.60363 2.46069 0.599999
      vertex 4.82265 1.99761 0
      vertex 4.82265 1.99761 0.599999
    endloop
  endfacet
  facet normal -0.857729 0.514102 0
    outer loop
      vertex 4.34027 -2.90008 0
      vertex 4.60363 -2.46069 0.599999
      vertex 4.60363 -2.46069 0
    endloop
  endfacet
  facet normal -0.857729 0.514102 0
    outer loop
      vertex 4.60363 -2.46069 0.599999
      vertex 4.34027 -2.90008 0
      vertex 4.34027 -2.90008 0.599999
    endloop
  endfacet
  facet normal -0.336895 -0.941542 0
    outer loop
      vertex 1.51529 4.99523 0
      vertex 1.99761 4.82265 0.599999
      vertex 1.51529 4.99523 0.599999
    endloop
  endfacet
  facet normal -0.336895 -0.941542 -0
    outer loop
      vertex 1.99761 4.82265 0.599999
      vertex 1.51529 4.99523 0
      vertex 1.99761 4.82265 0
    endloop
  endfacet
  facet normal 0.242977 -0.970032 0
    outer loop
      vertex -1.51529 4.99523 0
      vertex -1.01837 5.1197 0.599999
      vertex -1.51529 4.99523 0.599999
    endloop
  endfacet
  facet normal 0.242977 -0.970032 0
    outer loop
      vertex -1.01837 5.1197 0.599999
      vertex -1.51529 4.99523 0
      vertex -1.01837 5.1197 0
    endloop
  endfacet
  facet normal 0.857729 -0.514102 0
    outer loop
      vertex -4.60363 2.46069 0.599999
      vertex -4.34027 2.90008 0
      vertex -4.34027 2.90008 0.599999
    endloop
  endfacet
  facet normal 0.857729 -0.514102 0
    outer loop
      vertex -4.34027 2.90008 0
      vertex -4.60363 2.46069 0.599999
      vertex -4.60363 2.46069 0
    endloop
  endfacet
  facet normal -0.049076 0.998795 0
    outer loop
      vertex 0.511649 -5.19486 0
      vertex 0 -5.22 0.599999
      vertex 0.511649 -5.19486 0.599999
    endloop
  endfacet
  facet normal -0.049076 0.998795 0
    outer loop
      vertex 0 -5.22 0.599999
      vertex 0.511649 -5.19486 0
      vertex 0 -5.22 0
    endloop
  endfacet
  facet normal 0.857729 0.514102 0
    outer loop
      vertex -4.34027 -2.90008 0.599999
      vertex -4.60363 -2.46069 0
      vertex -4.60363 -2.46069 0.599999
    endloop
  endfacet
  facet normal 0.857729 0.514102 0
    outer loop
      vertex -4.60363 -2.46069 0
      vertex -4.34027 -2.90008 0.599999
      vertex -4.34027 -2.90008 0
    endloop
  endfacet
  facet normal 0.049076 -0.998795 0
    outer loop
      vertex -0.511649 5.19486 0
      vertex 0 5.22 0.599999
      vertex -0.511649 5.19486 0.599999
    endloop
  endfacet
  facet normal 0.049076 -0.998795 0
    outer loop
      vertex 0 5.22 0.599999
      vertex -0.511649 5.19486 0
      vertex 0 5.22 0
    endloop
  endfacet
  facet normal -0.941542 0.336895 0
    outer loop
      vertex 4.82265 -1.99761 0
      vertex 4.99523 -1.51529 0.599999
      vertex 4.99523 -1.51529 0
    endloop
  endfacet
  facet normal -0.941542 0.336895 0
    outer loop
      vertex 4.99523 -1.51529 0.599999
      vertex 4.82265 -1.99761 0
      vertex 4.82265 -1.99761 0.599999
    endloop
  endfacet
  facet normal -0.857729 -0.514102 0
    outer loop
      vertex 4.60363 2.46069 0
      vertex 4.34027 2.90008 0.599999
      vertex 4.34027 2.90008 0
    endloop
  endfacet
  facet normal -0.857729 -0.514102 0
    outer loop
      vertex 4.34027 2.90008 0.599999
      vertex 4.60363 2.46069 0
      vertex 4.60363 2.46069 0.599999
    endloop
  endfacet
  facet normal 0.049076 0.998795 -0
    outer loop
      vertex 0 -5.22 0
      vertex -0.511649 -5.19486 0.599999
      vertex 0 -5.22 0.599999
    endloop
  endfacet
  facet normal 0.049076 0.998795 0
    outer loop
      vertex -0.511649 -5.19486 0.599999
      vertex 0 -5.22 0
      vertex -0.511649 -5.19486 0
    endloop
  endfacet
  facet normal 0.595709 0.8032 -0
    outer loop
      vertex -2.90008 -4.34027 0
      vertex -3.31153 -4.03511 0.599999
      vertex -2.90008 -4.34027 0.599999
    endloop
  endfacet
  facet normal 0.595709 0.8032 0
    outer loop
      vertex -3.31153 -4.03511 0.599999
      vertex -2.90008 -4.34027 0
      vertex -3.31153 -4.03511 0
    endloop
  endfacet
  facet normal 0.146721 -0.989178 0
    outer loop
      vertex -1.01837 5.1197 0
      vertex -0.511649 5.19486 0.599999
      vertex -1.01837 5.1197 0.599999
    endloop
  endfacet
  facet normal 0.146721 -0.989178 0
    outer loop
      vertex -0.511649 5.19486 0.599999
      vertex -1.01837 5.1197 0
      vertex -0.511649 5.19486 0
    endloop
  endfacet
  facet normal -0.146721 -0.989178 0
    outer loop
      vertex 0.511649 5.19486 0
      vertex 1.01837 5.1197 0.599999
      vertex 0.511649 5.19486 0.599999
    endloop
  endfacet
  facet normal -0.146721 -0.989178 -0
    outer loop
      vertex 1.01837 5.1197 0.599999
      vertex 0.511649 5.19486 0
      vertex 1.01837 5.1197 0
    endloop
  endfacet
  facet normal 0.8032 0.595709 0
    outer loop
      vertex -4.03511 -3.31153 0.599999
      vertex -4.34027 -2.90008 0
      vertex -4.34027 -2.90008 0.599999
    endloop
  endfacet
  facet normal 0.8032 0.595709 0
    outer loop
      vertex -4.34027 -2.90008 0
      vertex -4.03511 -3.31153 0.599999
      vertex -4.03511 -3.31153 0
    endloop
  endfacet
  facet normal 0.989178 -0.146721 0
    outer loop
      vertex -5.19486 0.511649 0.599999
      vertex -5.1197 1.01837 0
      vertex -5.1197 1.01837 0.599999
    endloop
  endfacet
  facet normal 0.989178 -0.146721 0
    outer loop
      vertex -5.1197 1.01837 0
      vertex -5.19486 0.511649 0.599999
      vertex -5.19486 0.511649 0
    endloop
  endfacet
  facet normal 0.941542 -0.336895 0
    outer loop
      vertex -4.99523 1.51529 0.599999
      vertex -4.82265 1.99761 0
      vertex -4.82265 1.99761 0.599999
    endloop
  endfacet
  facet normal 0.941542 -0.336895 0
    outer loop
      vertex -4.82265 1.99761 0
      vertex -4.99523 1.51529 0.599999
      vertex -4.99523 1.51529 0
    endloop
  endfacet
  facet normal 0.970032 -0.242977 0
    outer loop
      vertex -5.1197 1.01837 0.599999
      vertex -4.99523 1.51529 0
      vertex -4.99523 1.51529 0.599999
    endloop
  endfacet
  facet normal 0.970032 -0.242977 0
    outer loop
      vertex -4.99523 1.51529 0
      vertex -5.1197 1.01837 0.599999
      vertex -5.1197 1.01837 0
    endloop
  endfacet
  facet normal -0.146721 0.989178 0
    outer loop
      vertex 1.01837 -5.1197 0
      vertex 0.511649 -5.19486 0.599999
      vertex 1.01837 -5.1197 0.599999
    endloop
  endfacet
  facet normal -0.146721 0.989178 0
    outer loop
      vertex 0.511649 -5.19486 0.599999
      vertex 1.01837 -5.1197 0
      vertex 0.511649 -5.19486 0
    endloop
  endfacet
  facet normal 0.514102 -0.857729 0
    outer loop
      vertex -2.90008 4.34027 0
      vertex -2.46069 4.60363 0.599999
      vertex -2.90008 4.34027 0.599999
    endloop
  endfacet
  facet normal 0.514102 -0.857729 0
    outer loop
      vertex -2.46069 4.60363 0.599999
      vertex -2.90008 4.34027 0
      vertex -2.46069 4.60363 0
    endloop
  endfacet
  facet normal 0.146721 0.989178 -0
    outer loop
      vertex -0.511649 -5.19486 0
      vertex -1.01837 -5.1197 0.599999
      vertex -0.511649 -5.19486 0.599999
    endloop
  endfacet
  facet normal 0.146721 0.989178 0
    outer loop
      vertex -1.01837 -5.1197 0.599999
      vertex -0.511649 -5.19486 0
      vertex -1.01837 -5.1197 0
    endloop
  endfacet
  facet normal 0.336895 0.941542 -0
    outer loop
      vertex -1.51529 -4.99523 0
      vertex -1.99761 -4.82265 0.599999
      vertex -1.51529 -4.99523 0.599999
    endloop
  endfacet
  facet normal 0.336895 0.941542 0
    outer loop
      vertex -1.99761 -4.82265 0.599999
      vertex -1.51529 -4.99523 0
      vertex -1.99761 -4.82265 0
    endloop
  endfacet
  facet normal 0.242977 0.970032 -0
    outer loop
      vertex -1.01837 -5.1197 0
      vertex -1.51529 -4.99523 0.599999
      vertex -1.01837 -5.1197 0.599999
    endloop
  endfacet
  facet normal 0.242977 0.970032 0
    outer loop
      vertex -1.51529 -4.99523 0.599999
      vertex -1.01837 -5.1197 0
      vertex -1.51529 -4.99523 0
    endloop
  endfacet
  facet normal 0.427554 0.90399 -0
    outer loop
      vertex -1.99761 -4.82265 0
      vertex -2.46069 -4.60363 0.599999
      vertex -1.99761 -4.82265 0.599999
    endloop
  endfacet
  facet normal 0.427554 0.90399 0
    outer loop
      vertex -2.46069 -4.60363 0.599999
      vertex -1.99761 -4.82265 0
      vertex -2.46069 -4.60363 0
    endloop
  endfacet
  facet normal 0.989176 0.146737 0
    outer loop
      vertex 1.79133 0.176431 0.599999
      vertex 1.76541 0.351162 0
      vertex 1.76541 0.351162 0.599999
    endloop
  endfacet
  facet normal 0.989176 0.146737 0
    outer loop
      vertex 1.76541 0.351162 0
      vertex 1.79133 0.176431 0.599999
      vertex 1.79133 0.176431 0
    endloop
  endfacet
  facet normal 0.998795 0.0490818 0
    outer loop
      vertex 1.8 0 0.599999
      vertex 1.79133 0.176431 0
      vertex 1.79133 0.176431 0.599999
    endloop
  endfacet
  facet normal 0.998795 0.0490818 0
    outer loop
      vertex 1.79133 0.176431 0
      vertex 1.8 0 0.599999
      vertex 1.8 0 0
    endloop
  endfacet
  facet normal 0.970032 0.242977 0
    outer loop
      vertex 1.76541 0.351162 0.599999
      vertex 1.72249 0.522511 0
      vertex 1.72249 0.522511 0.599999
    endloop
  endfacet
  facet normal 0.970032 0.242977 0
    outer loop
      vertex 1.72249 0.522511 0
      vertex 1.76541 0.351162 0.599999
      vertex 1.76541 0.351162 0
    endloop
  endfacet
  facet normal 0.998795 -0.0490818 0
    outer loop
      vertex 1.79133 -0.176431 0.599999
      vertex 1.8 0 0
      vertex 1.8 0 0.599999
    endloop
  endfacet
  facet normal 0.998795 -0.0490818 0
    outer loop
      vertex 1.8 0 0
      vertex 1.79133 -0.176431 0.599999
      vertex 1.79133 -0.176431 0
    endloop
  endfacet
  facet normal -0.0490818 0.998795 0
    outer loop
      vertex 0 1.8 0
      vertex -0.176431 1.79133 0.599999
      vertex 0 1.8 0.599999
    endloop
  endfacet
  facet normal -0.0490818 0.998795 0
    outer loop
      vertex -0.176431 1.79133 0.599999
      vertex 0 1.8 0
      vertex -0.176431 1.79133 0
    endloop
  endfacet
  facet normal 0.941543 -0.336892 0
    outer loop
      vertex 1.66298 -0.688829 0.599999
      vertex 1.72249 -0.522511 0
      vertex 1.72249 -0.522511 0.599999
    endloop
  endfacet
  facet normal 0.941543 -0.336892 0
    outer loop
      vertex 1.72249 -0.522511 0
      vertex 1.66298 -0.688829 0.599999
      vertex 1.66298 -0.688829 0
    endloop
  endfacet
  facet normal -0.336892 0.941543 0
    outer loop
      vertex -0.522511 1.72249 0
      vertex -0.688829 1.66298 0.599999
      vertex -0.522511 1.72249 0.599999
    endloop
  endfacet
  facet normal -0.336892 0.941543 0
    outer loop
      vertex -0.688829 1.66298 0.599999
      vertex -0.522511 1.72249 0
      vertex -0.688829 1.66298 0
    endloop
  endfacet
  facet normal -0.904001 0.42753 0
    outer loop
      vertex -1.66298 0.688829 0
      vertex -1.58746 0.848514 0.599999
      vertex -1.58746 0.848514 0
    endloop
  endfacet
  facet normal -0.904001 0.42753 0
    outer loop
      vertex -1.58746 0.848514 0.599999
      vertex -1.66298 0.688829 0
      vertex -1.66298 0.688829 0.599999
    endloop
  endfacet
  facet normal 0.671582 0.740931 -0
    outer loop
      vertex 1.27279 1.27279 0
      vertex 1.14191 1.39142 0.599999
      vertex 1.27279 1.27279 0.599999
    endloop
  endfacet
  facet normal 0.671582 0.740931 0
    outer loop
      vertex 1.14191 1.39142 0.599999
      vertex 1.27279 1.27279 0
      vertex 1.14191 1.39142 0
    endloop
  endfacet
  facet normal -0.671582 0.740931 0
    outer loop
      vertex -1.14191 1.39142 0
      vertex -1.27279 1.27279 0.599999
      vertex -1.14191 1.39142 0.599999
    endloop
  endfacet
  facet normal -0.671582 0.740931 0
    outer loop
      vertex -1.27279 1.27279 0.599999
      vertex -1.14191 1.39142 0
      vertex -1.27279 1.27279 0
    endloop
  endfacet
  facet normal -0.242977 0.970032 0
    outer loop
      vertex -0.351162 1.76541 0
      vertex -0.522511 1.72249 0.599999
      vertex -0.351162 1.76541 0.599999
    endloop
  endfacet
  facet normal -0.242977 0.970032 0
    outer loop
      vertex -0.522511 1.72249 0.599999
      vertex -0.351162 1.76541 0
      vertex -0.522511 1.72249 0
    endloop
  endfacet
  facet normal 0.146737 0.989176 -0
    outer loop
      vertex 0.351162 1.76541 0
      vertex 0.176431 1.79133 0.599999
      vertex 0.351162 1.76541 0.599999
    endloop
  endfacet
  facet normal 0.146737 0.989176 0
    outer loop
      vertex 0.176431 1.79133 0.599999
      vertex 0.351162 1.76541 0
      vertex 0.176431 1.79133 0
    endloop
  endfacet
  facet normal 0.514123 0.857717 -0
    outer loop
      vertex 1.00003 1.49664 0
      vertex 0.848514 1.58746 0.599999
      vertex 1.00003 1.49664 0.599999
    endloop
  endfacet
  facet normal 0.514123 0.857717 0
    outer loop
      vertex 0.848514 1.58746 0.599999
      vertex 1.00003 1.49664 0
      vertex 0.848514 1.58746 0
    endloop
  endfacet
  facet normal 0.904001 -0.42753 0
    outer loop
      vertex 1.58746 -0.848514 0.599999
      vertex 1.66298 -0.688829 0
      vertex 1.66298 -0.688829 0.599999
    endloop
  endfacet
  facet normal 0.904001 -0.42753 0
    outer loop
      vertex 1.66298 -0.688829 0
      vertex 1.58746 -0.848514 0.599999
      vertex 1.58746 -0.848514 0
    endloop
  endfacet
  facet normal -0.803222 -0.59568 0
    outer loop
      vertex -1.39142 -1.14191 0
      vertex -1.49664 -1.00003 0.599999
      vertex -1.49664 -1.00003 0
    endloop
  endfacet
  facet normal -0.803222 -0.59568 0
    outer loop
      vertex -1.49664 -1.00003 0.599999
      vertex -1.39142 -1.14191 0
      vertex -1.39142 -1.14191 0.599999
    endloop
  endfacet
  facet normal -0.59568 0.803222 0
    outer loop
      vertex -1.00003 1.49664 0
      vertex -1.14191 1.39142 0.599999
      vertex -1.00003 1.49664 0.599999
    endloop
  endfacet
  facet normal -0.59568 0.803222 0
    outer loop
      vertex -1.14191 1.39142 0.599999
      vertex -1.00003 1.49664 0
      vertex -1.14191 1.39142 0
    endloop
  endfacet
  facet normal 0.989176 -0.146737 0
    outer loop
      vertex 1.76541 -0.351162 0.599999
      vertex 1.79133 -0.176431 0
      vertex 1.79133 -0.176431 0.599999
    endloop
  endfacet
  facet normal 0.989176 -0.146737 0
    outer loop
      vertex 1.79133 -0.176431 0
      vertex 1.76541 -0.351162 0.599999
      vertex 1.76541 -0.351162 0
    endloop
  endfacet
  facet normal 0.0490818 -0.998795 0
    outer loop
      vertex 0 -1.8 0
      vertex 0.176431 -1.79133 0.599999
      vertex 0 -1.8 0.599999
    endloop
  endfacet
  facet normal 0.0490818 -0.998795 0
    outer loop
      vertex 0.176431 -1.79133 0.599999
      vertex 0 -1.8 0
      vertex 0.176431 -1.79133 0
    endloop
  endfacet
  facet normal 0.242977 -0.970032 0
    outer loop
      vertex 0.351162 -1.76541 0
      vertex 0.522511 -1.72249 0.599999
      vertex 0.351162 -1.76541 0.599999
    endloop
  endfacet
  facet normal 0.242977 -0.970032 0
    outer loop
      vertex 0.522511 -1.72249 0.599999
      vertex 0.351162 -1.76541 0
      vertex 0.522511 -1.72249 0
    endloop
  endfacet
  facet normal -0.59568 -0.803222 0
    outer loop
      vertex -1.14191 -1.39142 0
      vertex -1.00003 -1.49664 0.599999
      vertex -1.14191 -1.39142 0.599999
    endloop
  endfacet
  facet normal -0.59568 -0.803222 -0
    outer loop
      vertex -1.00003 -1.49664 0.599999
      vertex -1.14191 -1.39142 0
      vertex -1.00003 -1.49664 0
    endloop
  endfacet
  facet normal 0.514123 -0.857717 0
    outer loop
      vertex 0.848514 -1.58746 0
      vertex 1.00003 -1.49664 0.599999
      vertex 0.848514 -1.58746 0.599999
    endloop
  endfacet
  facet normal 0.514123 -0.857717 0
    outer loop
      vertex 1.00003 -1.49664 0.599999
      vertex 0.848514 -1.58746 0
      vertex 1.00003 -1.49664 0
    endloop
  endfacet
  facet normal -0.740931 -0.671582 0
    outer loop
      vertex -1.27279 -1.27279 0
      vertex -1.39142 -1.14191 0.599999
      vertex -1.39142 -1.14191 0
    endloop
  endfacet
  facet normal -0.740931 -0.671582 0
    outer loop
      vertex -1.39142 -1.14191 0.599999
      vertex -1.27279 -1.27279 0
      vertex -1.27279 -1.27279 0.599999
    endloop
  endfacet
  facet normal -0.857717 -0.514123 0
    outer loop
      vertex -1.49664 -1.00003 0
      vertex -1.58746 -0.848514 0.599999
      vertex -1.58746 -0.848514 0
    endloop
  endfacet
  facet normal -0.857717 -0.514123 0
    outer loop
      vertex -1.58746 -0.848514 0.599999
      vertex -1.49664 -1.00003 0
      vertex -1.49664 -1.00003 0.599999
    endloop
  endfacet
  facet normal -0.0490818 -0.998795 0
    outer loop
      vertex -0.176431 -1.79133 0
      vertex 0 -1.8 0.599999
      vertex -0.176431 -1.79133 0.599999
    endloop
  endfacet
  facet normal -0.0490818 -0.998795 -0
    outer loop
      vertex 0 -1.8 0.599999
      vertex -0.176431 -1.79133 0
      vertex 0 -1.8 0
    endloop
  endfacet
  facet normal 0.904001 0.42753 0
    outer loop
      vertex 1.66298 0.688829 0.599999
      vertex 1.58746 0.848514 0
      vertex 1.58746 0.848514 0.599999
    endloop
  endfacet
  facet normal 0.904001 0.42753 0
    outer loop
      vertex 1.58746 0.848514 0
      vertex 1.66298 0.688829 0.599999
      vertex 1.66298 0.688829 0
    endloop
  endfacet
  facet normal 0.740931 -0.671582 0
    outer loop
      vertex 1.27279 -1.27279 0.599999
      vertex 1.39142 -1.14191 0
      vertex 1.39142 -1.14191 0.599999
    endloop
  endfacet
  facet normal 0.740931 -0.671582 0
    outer loop
      vertex 1.39142 -1.14191 0
      vertex 1.27279 -1.27279 0.599999
      vertex 1.27279 -1.27279 0
    endloop
  endfacet
  facet normal -0.989176 0.146737 0
    outer loop
      vertex -1.79133 0.176431 0
      vertex -1.76541 0.351162 0.599999
      vertex -1.76541 0.351162 0
    endloop
  endfacet
  facet normal -0.989176 0.146737 0
    outer loop
      vertex -1.76541 0.351162 0.599999
      vertex -1.79133 0.176431 0
      vertex -1.79133 0.176431 0.599999
    endloop
  endfacet
  facet normal 0.803222 0.59568 0
    outer loop
      vertex 1.49664 1.00003 0.599999
      vertex 1.39142 1.14191 0
      vertex 1.39142 1.14191 0.599999
    endloop
  endfacet
  facet normal 0.803222 0.59568 0
    outer loop
      vertex 1.39142 1.14191 0
      vertex 1.49664 1.00003 0.599999
      vertex 1.49664 1.00003 0
    endloop
  endfacet
  facet normal 0.336892 0.941543 -0
    outer loop
      vertex 0.688829 1.66298 0
      vertex 0.522511 1.72249 0.599999
      vertex 0.688829 1.66298 0.599999
    endloop
  endfacet
  facet normal 0.336892 0.941543 0
    outer loop
      vertex 0.522511 1.72249 0.599999
      vertex 0.688829 1.66298 0
      vertex 0.522511 1.72249 0
    endloop
  endfacet
  facet normal 0.803222 -0.59568 0
    outer loop
      vertex 1.39142 -1.14191 0.599999
      vertex 1.49664 -1.00003 0
      vertex 1.49664 -1.00003 0.599999
    endloop
  endfacet
  facet normal 0.803222 -0.59568 0
    outer loop
      vertex 1.49664 -1.00003 0
      vertex 1.39142 -1.14191 0.599999
      vertex 1.39142 -1.14191 0
    endloop
  endfacet
  facet normal 0.42753 0.904001 -0
    outer loop
      vertex 0.848514 1.58746 0
      vertex 0.688829 1.66298 0.599999
      vertex 0.848514 1.58746 0.599999
    endloop
  endfacet
  facet normal 0.42753 0.904001 0
    outer loop
      vertex 0.688829 1.66298 0.599999
      vertex 0.848514 1.58746 0
      vertex 0.688829 1.66298 0
    endloop
  endfacet
  facet normal 0.941543 0.336892 0
    outer loop
      vertex 1.72249 0.522511 0.599999
      vertex 1.66298 0.688829 0
      vertex 1.66298 0.688829 0.599999
    endloop
  endfacet
  facet normal 0.941543 0.336892 0
    outer loop
      vertex 1.66298 0.688829 0
      vertex 1.72249 0.522511 0.599999
      vertex 1.72249 0.522511 0
    endloop
  endfacet
  facet normal -0.803222 0.59568 0
    outer loop
      vertex -1.49664 1.00003 0
      vertex -1.39142 1.14191 0.599999
      vertex -1.39142 1.14191 0
    endloop
  endfacet
  facet normal -0.803222 0.59568 0
    outer loop
      vertex -1.39142 1.14191 0.599999
      vertex -1.49664 1.00003 0
      vertex -1.49664 1.00003 0.599999
    endloop
  endfacet
  facet normal 0.740931 0.671582 0
    outer loop
      vertex 1.39142 1.14191 0.599999
      vertex 1.27279 1.27279 0
      vertex 1.27279 1.27279 0.599999
    endloop
  endfacet
  facet normal 0.740931 0.671582 0
    outer loop
      vertex 1.27279 1.27279 0
      vertex 1.39142 1.14191 0.599999
      vertex 1.39142 1.14191 0
    endloop
  endfacet
  facet normal -0.970032 -0.242977 0
    outer loop
      vertex -1.72249 -0.522511 0
      vertex -1.76541 -0.351162 0.599999
      vertex -1.76541 -0.351162 0
    endloop
  endfacet
  facet normal -0.970032 -0.242977 0
    outer loop
      vertex -1.76541 -0.351162 0.599999
      vertex -1.72249 -0.522511 0
      vertex -1.72249 -0.522511 0.599999
    endloop
  endfacet
  facet normal 0.146737 -0.989176 0
    outer loop
      vertex 0.176431 -1.79133 0
      vertex 0.351162 -1.76541 0.599999
      vertex 0.176431 -1.79133 0.599999
    endloop
  endfacet
  facet normal 0.146737 -0.989176 0
    outer loop
      vertex 0.351162 -1.76541 0.599999
      vertex 0.176431 -1.79133 0
      vertex 0.351162 -1.76541 0
    endloop
  endfacet
  facet normal -0.242977 -0.970032 0
    outer loop
      vertex -0.522511 -1.72249 0
      vertex -0.351162 -1.76541 0.599999
      vertex -0.522511 -1.72249 0.599999
    endloop
  endfacet
  facet normal -0.242977 -0.970032 -0
    outer loop
      vertex -0.351162 -1.76541 0.599999
      vertex -0.522511 -1.72249 0
      vertex -0.351162 -1.76541 0
    endloop
  endfacet
  facet normal 0.59568 0.803222 -0
    outer loop
      vertex 1.14191 1.39142 0
      vertex 1.00003 1.49664 0.599999
      vertex 1.14191 1.39142 0.599999
    endloop
  endfacet
  facet normal 0.59568 0.803222 0
    outer loop
      vertex 1.00003 1.49664 0.599999
      vertex 1.14191 1.39142 0
      vertex 1.00003 1.49664 0
    endloop
  endfacet
  facet normal 0.42753 -0.904001 0
    outer loop
      vertex 0.688829 -1.66298 0
      vertex 0.848514 -1.58746 0.599999
      vertex 0.688829 -1.66298 0.599999
    endloop
  endfacet
  facet normal 0.42753 -0.904001 0
    outer loop
      vertex 0.848514 -1.58746 0.599999
      vertex 0.688829 -1.66298 0
      vertex 0.848514 -1.58746 0
    endloop
  endfacet
  facet normal -0.146737 0.989176 0
    outer loop
      vertex -0.176431 1.79133 0
      vertex -0.351162 1.76541 0.599999
      vertex -0.176431 1.79133 0.599999
    endloop
  endfacet
  facet normal -0.146737 0.989176 0
    outer loop
      vertex -0.351162 1.76541 0.599999
      vertex -0.176431 1.79133 0
      vertex -0.351162 1.76541 0
    endloop
  endfacet
  facet normal 0.970032 -0.242977 0
    outer loop
      vertex 1.72249 -0.522511 0.599999
      vertex 1.76541 -0.351162 0
      vertex 1.76541 -0.351162 0.599999
    endloop
  endfacet
  facet normal 0.970032 -0.242977 0
    outer loop
      vertex 1.76541 -0.351162 0
      vertex 1.72249 -0.522511 0.599999
      vertex 1.72249 -0.522511 0
    endloop
  endfacet
  facet normal -0.42753 0.904001 0
    outer loop
      vertex -0.688829 1.66298 0
      vertex -0.848514 1.58746 0.599999
      vertex -0.688829 1.66298 0.599999
    endloop
  endfacet
  facet normal -0.42753 0.904001 0
    outer loop
      vertex -0.848514 1.58746 0.599999
      vertex -0.688829 1.66298 0
      vertex -0.848514 1.58746 0
    endloop
  endfacet
  facet normal -0.998795 0.0490818 0
    outer loop
      vertex -1.8 0 0
      vertex -1.79133 0.176431 0.599999
      vertex -1.79133 0.176431 0
    endloop
  endfacet
  facet normal -0.998795 0.0490818 0
    outer loop
      vertex -1.79133 0.176431 0.599999
      vertex -1.8 0 0
      vertex -1.8 0 0.599999
    endloop
  endfacet
  facet normal 0.857717 0.514123 0
    outer loop
      vertex 1.58746 0.848514 0.599999
      vertex 1.49664 1.00003 0
      vertex 1.49664 1.00003 0.599999
    endloop
  endfacet
  facet normal 0.857717 0.514123 0
    outer loop
      vertex 1.49664 1.00003 0
      vertex 1.58746 0.848514 0.599999
      vertex 1.58746 0.848514 0
    endloop
  endfacet
  facet normal -0.146737 -0.989176 0
    outer loop
      vertex -0.351162 -1.76541 0
      vertex -0.176431 -1.79133 0.599999
      vertex -0.351162 -1.76541 0.599999
    endloop
  endfacet
  facet normal -0.146737 -0.989176 -0
    outer loop
      vertex -0.176431 -1.79133 0.599999
      vertex -0.351162 -1.76541 0
      vertex -0.176431 -1.79133 0
    endloop
  endfacet
  facet normal -0.514123 0.857717 0
    outer loop
      vertex -0.848514 1.58746 0
      vertex -1.00003 1.49664 0.599999
      vertex -0.848514 1.58746 0.599999
    endloop
  endfacet
  facet normal -0.514123 0.857717 0
    outer loop
      vertex -1.00003 1.49664 0.599999
      vertex -0.848514 1.58746 0
      vertex -1.00003 1.49664 0
    endloop
  endfacet
  facet normal 0.242977 0.970032 -0
    outer loop
      vertex 0.522511 1.72249 0
      vertex 0.351162 1.76541 0.599999
      vertex 0.522511 1.72249 0.599999
    endloop
  endfacet
  facet normal 0.242977 0.970032 0
    outer loop
      vertex 0.351162 1.76541 0.599999
      vertex 0.522511 1.72249 0
      vertex 0.351162 1.76541 0
    endloop
  endfacet
  facet normal -0.671582 -0.740931 0
    outer loop
      vertex -1.27279 -1.27279 0
      vertex -1.14191 -1.39142 0.599999
      vertex -1.27279 -1.27279 0.599999
    endloop
  endfacet
  facet normal -0.671582 -0.740931 -0
    outer loop
      vertex -1.14191 -1.39142 0.599999
      vertex -1.27279 -1.27279 0
      vertex -1.14191 -1.39142 0
    endloop
  endfacet
  facet normal 0.336892 -0.941543 0
    outer loop
      vertex 0.522511 -1.72249 0
      vertex 0.688829 -1.66298 0.599999
      vertex 0.522511 -1.72249 0.599999
    endloop
  endfacet
  facet normal 0.336892 -0.941543 0
    outer loop
      vertex 0.688829 -1.66298 0.599999
      vertex 0.522511 -1.72249 0
      vertex 0.688829 -1.66298 0
    endloop
  endfacet
  facet normal -0.740931 0.671582 0
    outer loop
      vertex -1.39142 1.14191 0
      vertex -1.27279 1.27279 0.599999
      vertex -1.27279 1.27279 0
    endloop
  endfacet
  facet normal -0.740931 0.671582 0
    outer loop
      vertex -1.27279 1.27279 0.599999
      vertex -1.39142 1.14191 0
      vertex -1.39142 1.14191 0.599999
    endloop
  endfacet
  facet normal 0.0490818 0.998795 -0
    outer loop
      vertex 0.176431 1.79133 0
      vertex 0 1.8 0.599999
      vertex 0.176431 1.79133 0.599999
    endloop
  endfacet
  facet normal 0.0490818 0.998795 0
    outer loop
      vertex 0 1.8 0.599999
      vertex 0.176431 1.79133 0
      vertex 0 1.8 0
    endloop
  endfacet
  facet normal 0.857717 -0.514123 0
    outer loop
      vertex 1.49664 -1.00003 0.599999
      vertex 1.58746 -0.848514 0
      vertex 1.58746 -0.848514 0.599999
    endloop
  endfacet
  facet normal 0.857717 -0.514123 0
    outer loop
      vertex 1.58746 -0.848514 0
      vertex 1.49664 -1.00003 0.599999
      vertex 1.49664 -1.00003 0
    endloop
  endfacet
  facet normal -0.514123 -0.857717 0
    outer loop
      vertex -1.00003 -1.49664 0
      vertex -0.848514 -1.58746 0.599999
      vertex -1.00003 -1.49664 0.599999
    endloop
  endfacet
  facet normal -0.514123 -0.857717 -0
    outer loop
      vertex -0.848514 -1.58746 0.599999
      vertex -1.00003 -1.49664 0
      vertex -0.848514 -1.58746 0
    endloop
  endfacet
  facet normal 0.671582 -0.740931 0
    outer loop
      vertex 1.14191 -1.39142 0
      vertex 1.27279 -1.27279 0.599999
      vertex 1.14191 -1.39142 0.599999
    endloop
  endfacet
  facet normal 0.671582 -0.740931 0
    outer loop
      vertex 1.27279 -1.27279 0.599999
      vertex 1.14191 -1.39142 0
      vertex 1.27279 -1.27279 0
    endloop
  endfacet
  facet normal -0.336892 -0.941543 0
    outer loop
      vertex -0.688829 -1.66298 0
      vertex -0.522511 -1.72249 0.599999
      vertex -0.688829 -1.66298 0.599999
    endloop
  endfacet
  facet normal -0.336892 -0.941543 -0
    outer loop
      vertex -0.522511 -1.72249 0.599999
      vertex -0.688829 -1.66298 0
      vertex -0.522511 -1.72249 0
    endloop
  endfacet
  facet normal -0.941543 -0.336892 0
    outer loop
      vertex -1.66298 -0.688829 0
      vertex -1.72249 -0.522511 0.599999
      vertex -1.72249 -0.522511 0
    endloop
  endfacet
  facet normal -0.941543 -0.336892 0
    outer loop
      vertex -1.72249 -0.522511 0.599999
      vertex -1.66298 -0.688829 0
      vertex -1.66298 -0.688829 0.599999
    endloop
  endfacet
  facet normal -0.989176 -0.146737 0
    outer loop
      vertex -1.76541 -0.351162 0
      vertex -1.79133 -0.176431 0.599999
      vertex -1.79133 -0.176431 0
    endloop
  endfacet
  facet normal -0.989176 -0.146737 0
    outer loop
      vertex -1.79133 -0.176431 0.599999
      vertex -1.76541 -0.351162 0
      vertex -1.76541 -0.351162 0.599999
    endloop
  endfacet
  facet normal -0.904001 -0.42753 0
    outer loop
      vertex -1.58746 -0.848514 0
      vertex -1.66298 -0.688829 0.599999
      vertex -1.66298 -0.688829 0
    endloop
  endfacet
  facet normal -0.904001 -0.42753 0
    outer loop
      vertex -1.66298 -0.688829 0.599999
      vertex -1.58746 -0.848514 0
      vertex -1.58746 -0.848514 0.599999
    endloop
  endfacet
  facet normal 0.59568 -0.803222 0
    outer loop
      vertex 1.00003 -1.49664 0
      vertex 1.14191 -1.39142 0.599999
      vertex 1.00003 -1.49664 0.599999
    endloop
  endfacet
  facet normal 0.59568 -0.803222 0
    outer loop
      vertex 1.14191 -1.39142 0.599999
      vertex 1.00003 -1.49664 0
      vertex 1.14191 -1.39142 0
    endloop
  endfacet
  facet normal -0.941543 0.336892 0
    outer loop
      vertex -1.72249 0.522511 0
      vertex -1.66298 0.688829 0.599999
      vertex -1.66298 0.688829 0
    endloop
  endfacet
  facet normal -0.941543 0.336892 0
    outer loop
      vertex -1.66298 0.688829 0.599999
      vertex -1.72249 0.522511 0
      vertex -1.72249 0.522511 0.599999
    endloop
  endfacet
  facet normal -0.970032 0.242977 0
    outer loop
      vertex -1.76541 0.351162 0
      vertex -1.72249 0.522511 0.599999
      vertex -1.72249 0.522511 0
    endloop
  endfacet
  facet normal -0.970032 0.242977 0
    outer loop
      vertex -1.72249 0.522511 0.599999
      vertex -1.76541 0.351162 0
      vertex -1.76541 0.351162 0.599999
    endloop
  endfacet
  facet normal -0.42753 -0.904001 0
    outer loop
      vertex -0.848514 -1.58746 0
      vertex -0.688829 -1.66298 0.599999
      vertex -0.848514 -1.58746 0.599999
    endloop
  endfacet
  facet normal -0.42753 -0.904001 -0
    outer loop
      vertex -0.688829 -1.66298 0.599999
      vertex -0.848514 -1.58746 0
      vertex -0.688829 -1.66298 0
    endloop
  endfacet
  facet normal -0.857717 0.514123 0
    outer loop
      vertex -1.58746 0.848514 0
      vertex -1.49664 1.00003 0.599999
      vertex -1.49664 1.00003 0
    endloop
  endfacet
  facet normal -0.857717 0.514123 0
    outer loop
      vertex -1.49664 1.00003 0.599999
      vertex -1.58746 0.848514 0
      vertex -1.58746 0.848514 0.599999
    endloop
  endfacet
  facet normal -0.998795 -0.0490818 0
    outer loop
      vertex -1.79133 -0.176431 0
      vertex -1.8 0 0.599999
      vertex -1.8 0 0
    endloop
  endfacet
  facet normal -0.998795 -0.0490818 0
    outer loop
      vertex -1.8 0 0.599999
      vertex -1.79133 -0.176431 0
      vertex -1.79133 -0.176431 0.599999
    endloop
  endfacet
endsolid OpenSCAD_Model
